Latitude (decimal degrees):	37.320
Longitude (decimal degrees):	-3.071
Elevation (m):	1125
Radiation database:	PVGIS-SARAH3


Slope: 0 deg. 
Azimuth: 0 deg. 
time,Gb(i),Gd(i),Gr(i),H_sun,T2m,WS10m,Int
20230101:0009,0.0,0.0,0.0,0.0,4.09,1.59,0.0
20230101:0109,0.0,0.0,0.0,0.0,3.83,1.59,0.0
20230101:0209,0.0,0.0,0.0,0.0,3.52,1.66,0.0
20230101:0309,0.0,0.0,0.0,0.0,3.03,1.72,0.0
20230101:0409,0.0,0.0,0.0,0.0,2.45,1.79,0.0
20230101:0509,0.0,0.0,0.0,0.0,1.86,1.86,0.0
20230101:0609,0.0,0.0,0.0,0.0,1.38,1.93,0.0
20230101:0709,0.0,0.0,0.0,0.0,0.38,1.93,0.0
20230101:0809,53.0,32.0,0.0,6.49,0.41,1.86,0.0
20230101:0909,41.0,126.0,0.0,15.52,4.36,1.24,0.0
20230101:1009,121.0,178.0,0.0,22.81,10.72,0.97,0.0
20230101:1109,257.01,169.0,0.0,27.72,13.45,0.9,0.0
20230101:1209,366.01,128.0,0.0,29.66,14.75,0.76,0.0
20230101:1309,319.01,140.0,0.0,28.33,15.47,0.55,0.0
20230101:1409,277.01,112.0,0.0,23.95,15.68,0.41,0.0
20230101:1509,136.01,108.0,0.0,17.06,15.46,0.41,0.0
20230101:1609,77.01,37.0,0.0,8.32,14.58,0.55,0.0
20230101:1709,0.0,0.0,0.0,0.0,13.37,0.41,0.0
20230101:1809,0.0,0.0,0.0,0.0,11.86,0.76,0.0
20230101:1909,0.0,0.0,0.0,0.0,7.91,1.45,0.0
20230101:2009,0.0,0.0,0.0,0.0,6.23,1.59,0.0
20230101:2109,0.0,0.0,0.0,0.0,5.31,1.59,0.0
20230101:2209,0.0,0.0,0.0,0.0,4.83,1.52,0.0
20230101:2309,0.0,0.0,0.0,0.0,4.85,1.52,0.0
20230102:0009,0.0,0.0,0.0,0.0,5.65,1.38,0.0
20230102:0109,0.0,0.0,0.0,0.0,6.52,1.24,0.0
20230102:0209,0.0,0.0,0.0,0.0,6.97,1.24,0.0
20230102:0309,0.0,0.0,0.0,0.0,7.09,1.24,0.0
20230102:0409,0.0,0.0,0.0,0.0,7.36,1.17,0.0
20230102:0509,0.0,0.0,0.0,0.0,7.67,1.1,0.0
20230102:0609,0.0,0.0,0.0,0.0,6.48,1.24,0.0
20230102:0709,0.0,0.0,0.0,0.0,5.28,1.38,0.0
20230102:0809,39.0,37.0,0.0,6.48,4.87,1.31,0.0
20230102:0909,34.0,124.0,0.0,15.53,6.7,0.83,0.0
20230102:1009,142.01,167.0,0.0,22.84,10.73,0.48,0.0
20230102:1109,30.0,223.0,0.0,27.78,12.27,0.62,0.0
20230102:1209,113.0,245.0,0.0,29.74,13.16,0.97,0.0
20230102:1309,38.0,231.0,0.0,28.44,13.67,1.17,0.0
20230102:1409,118.0,188.0,0.0,24.07,13.93,1.79,0.0
20230102:1509,206.01,67.0,0.0,17.19,13.33,1.93,0.0
20230102:1609,90.01,31.0,0.0,8.45,11.85,1.31,0.0
20230102:1709,0.0,0.0,0.0,0.0,10.36,0.9,0.0
20230102:1809,0.0,0.0,0.0,0.0,8.96,0.48,0.0
20230102:1909,0.0,0.0,0.0,0.0,8.76,0.62,0.0
20230102:2009,0.0,0.0,0.0,0.0,8.24,0.41,0.0
20230102:2109,0.0,0.0,0.0,0.0,7.54,0.76,0.0
20230102:2209,0.0,0.0,0.0,0.0,6.67,0.83,0.0
20230102:2309,0.0,0.0,0.0,0.0,5.41,1.1,0.0
20230103:0009,0.0,0.0,0.0,0.0,4.57,1.17,0.0
20230103:0109,0.0,0.0,0.0,0.0,4.14,1.17,0.0
20230103:0209,0.0,0.0,0.0,0.0,3.86,1.24,0.0
20230103:0309,0.0,0.0,0.0,0.0,3.26,1.31,0.0
20230103:0409,0.0,0.0,0.0,0.0,3.13,1.31,0.0
20230103:0509,0.0,0.0,0.0,0.0,2.95,1.31,0.0
20230103:0609,0.0,0.0,0.0,0.0,2.79,1.24,0.0
20230103:0709,0.0,0.0,0.0,0.0,2.49,1.31,0.0
20230103:0809,25.0,42.0,0.0,6.48,2.56,1.24,0.0
20230103:0909,129.01,93.0,0.0,15.54,6.12,0.55,0.0
20230103:1009,294.01,86.0,0.0,22.87,9.49,0.48,0.0
20230103:1109,346.01,114.0,0.0,27.84,11.05,0.34,0.0
20230103:1209,397.01,106.0,0.0,29.83,12.23,0.14,0.0
20230103:1309,328.01,133.0,0.0,28.55,12.98,0.55,0.0
20230103:1409,25.0,192.0,0.0,24.19,13.32,1.03,0.0
20230103:1509,101.0,124.0,0.0,17.32,12.99,1.38,0.0
20230103:1609,33.0,58.0,0.0,8.59,12.17,1.24,0.0
20230103:1709,0.0,0.0,0.0,0.0,10.81,0.9,0.0
20230103:1809,0.0,0.0,0.0,0.0,9.73,0.34,0.0
20230103:1909,0.0,0.0,0.0,0.0,9.27,0.21,0.0
20230103:2009,0.0,0.0,0.0,0.0,8.51,0.55,0.0
20230103:2109,0.0,0.0,0.0,0.0,7.77,0.76,0.0
20230103:2209,0.0,0.0,0.0,0.0,7.02,0.9,0.0
20230103:2309,0.0,0.0,0.0,0.0,5.81,1.03,0.0
20230104:0009,0.0,0.0,0.0,0.0,4.7,1.1,0.0
20230104:0109,0.0,0.0,0.0,0.0,2.86,1.24,0.0
20230104:0209,0.0,0.0,0.0,0.0,1.62,1.31,0.0
20230104:0309,0.0,0.0,0.0,0.0,1.29,1.24,0.0
20230104:0409,0.0,0.0,0.0,0.0,1.32,1.1,0.0
20230104:0509,0.0,0.0,0.0,0.0,1.31,1.1,0.0
20230104:0609,0.0,0.0,0.0,0.0,1.23,1.1,0.0
20230104:0709,0.0,0.0,0.0,0.0,2.32,1.24,0.0
20230104:0809,44.0,36.0,0.0,6.48,2.38,1.17,0.0
20230104:0909,97.0,111.0,0.0,15.56,3.86,0.97,0.0
20230104:1009,327.01,70.0,0.0,22.92,6.8,0.69,0.0
20230104:1109,392.01,91.0,0.0,27.91,9.43,0.83,0.0
20230104:1209,400.01,111.0,0.0,29.93,11.11,0.83,0.0
20230104:1309,396.01,97.0,0.0,28.67,12.07,0.76,0.0
20230104:1409,331.01,84.0,0.0,24.33,12.48,0.76,0.0
20230104:1509,201.01,77.0,0.0,17.46,12.53,0.69,0.0
20230104:1609,84.01,38.0,0.0,8.73,12.02,0.69,0.0
20230104:1709,0.0,0.0,0.0,0.0,10.62,0.69,0.0
20230104:1809,0.0,0.0,0.0,0.0,9.28,0.28,0.0
20230104:1909,0.0,0.0,0.0,0.0,8.34,0.62,0.0
20230104:2009,0.0,0.0,0.0,0.0,6.63,0.9,0.0
20230104:2109,0.0,0.0,0.0,0.0,5.31,1.03,0.0
20230104:2209,0.0,0.0,0.0,0.0,4.12,1.24,0.0
20230104:2309,0.0,0.0,0.0,0.0,2.99,1.38,0.0
20230105:0009,0.0,0.0,0.0,0.0,2.27,1.38,0.0
20230105:0109,0.0,0.0,0.0,0.0,2.03,1.31,0.0
20230105:0209,0.0,0.0,0.0,0.0,1.81,1.24,0.0
20230105:0309,0.0,0.0,0.0,0.0,1.86,1.17,0.0
20230105:0409,0.0,0.0,0.0,0.0,1.72,1.1,0.0
20230105:0509,0.0,0.0,0.0,0.0,1.87,1.03,0.0
20230105:0609,0.0,0.0,0.0,0.0,2.13,0.97,0.0
20230105:0709,0.0,0.0,0.0,0.0,1.1,1.17,0.0
20230105:0809,45.0,36.0,0.0,6.49,1.36,1.03,0.0
20230105:0909,98.0,111.0,0.0,15.59,4.68,0.55,0.0
20230105:1009,324.01,73.0,0.0,22.97,7.77,0.41,0.0
20230105:1109,387.01,97.0,0.0,27.99,9.72,0.14,0.0
20230105:1209,396.01,116.0,0.0,30.03,11.02,0.21,0.0
20230105:1309,400.01,98.0,0.0,28.8,11.89,0.62,0.0
20230105:1409,342.01,80.0,0.0,24.47,12.3,1.1,0.0
20230105:1509,217.01,70.0,0.0,17.61,12.16,1.31,0.0
20230105:1609,89.01,37.0,0.0,8.88,11.53,1.24,0.0
20230105:1709,0.0,0.0,0.0,0.0,10.12,0.97,0.0
20230105:1809,0.0,0.0,0.0,0.0,8.31,0.76,0.0
20230105:1909,0.0,0.0,0.0,0.0,7.45,0.83,0.0
20230105:2009,0.0,0.0,0.0,0.0,6.35,1.03,0.0
20230105:2109,0.0,0.0,0.0,0.0,5.45,1.17,0.0
20230105:2209,0.0,0.0,0.0,0.0,4.68,1.24,0.0
20230105:2309,0.0,0.0,0.0,0.0,4.1,1.31,0.0
20230106:0009,0.0,0.0,0.0,0.0,3.7,1.31,0.0
20230106:0109,0.0,0.0,0.0,0.0,3.49,1.31,0.0
20230106:0209,0.0,0.0,0.0,0.0,3.24,1.31,0.0
20230106:0309,0.0,0.0,0.0,0.0,3.31,1.24,0.0
20230106:0409,0.0,0.0,0.0,0.0,3.25,1.24,0.0
20230106:0509,0.0,0.0,0.0,0.0,2.67,1.24,0.0
20230106:0609,0.0,0.0,0.0,0.0,2.69,1.24,0.0
20230106:0709,0.0,0.0,0.0,0.0,3.17,1.24,0.0
20230106:0809,54.0,31.0,0.0,6.5,3.29,1.24,0.0
20230106:0909,97.0,111.0,0.0,15.62,5.68,0.69,0.0
20230106:1009,304.01,84.0,0.0,23.03,7.98,0.48,0.0
20230106:1109,400.01,87.0,0.0,28.08,9.79,0.34,0.0
20230106:1209,402.01,111.0,0.0,30.15,11.2,0.55,0.0
20230106:1309,398.01,98.0,0.0,28.93,12.06,0.9,0.0
20230106:1409,334.01,85.0,0.0,24.61,12.41,1.31,0.0
20230106:1509,208.01,76.0,0.0,17.76,12.23,1.59,0.0
20230106:1609,84.01,42.0,0.0,9.03,11.41,1.59,0.0
20230106:1709,0.0,0.0,0.0,0.0,9.89,1.17,0.0
20230106:1809,0.0,0.0,0.0,0.0,7.75,0.9,0.0
20230106:1909,0.0,0.0,0.0,0.0,7.15,0.9,0.0
20230106:2009,0.0,0.0,0.0,0.0,6.3,1.03,0.0
20230106:2109,0.0,0.0,0.0,0.0,5.45,1.1,0.0
20230106:2209,0.0,0.0,0.0,0.0,4.6,1.17,0.0
20230106:2309,0.0,0.0,0.0,0.0,3.79,1.24,0.0
20230107:0009,0.0,0.0,0.0,0.0,3.16,1.31,0.0
20230107:0109,0.0,0.0,0.0,0.0,2.66,1.38,0.0
20230107:0209,0.0,0.0,0.0,0.0,2.26,1.38,0.0
20230107:0309,0.0,0.0,0.0,0.0,2.13,1.45,0.0
20230107:0409,0.0,0.0,0.0,0.0,1.96,1.45,0.0
20230107:0509,0.0,0.0,0.0,0.0,1.76,1.45,0.0
20230107:0609,0.0,0.0,0.0,0.0,1.65,1.45,0.0
20230107:0709,0.0,0.0,0.0,0.0,-0.6,1.38,0.0
20230107:0809,48.0,35.0,0.0,6.52,-0.28,1.38,0.0
20230107:0909,24.0,126.0,0.0,15.66,3.03,1.1,0.0
20230107:1009,204.01,145.0,0.0,23.09,6.55,1.1,0.0
20230107:1109,398.01,92.0,0.0,28.17,9.24,1.59,0.0
20230107:1209,416.01,106.0,0.0,30.27,10.7,2.0,0.0
20230107:1309,389.01,108.0,0.0,29.07,11.52,2.14,0.0
20230107:1409,354.01,76.0,0.0,24.77,11.88,2.14,0.0
20230107:1509,269.01,44.0,0.0,17.92,11.84,2.28,0.0
20230107:1609,93.01,39.0,0.0,9.19,10.94,2.14,0.0
20230107:1709,0.0,0.0,0.0,0.0,9.03,1.79,0.0
20230107:1809,0.0,0.0,0.0,0.0,7.05,1.66,0.0
20230107:1909,0.0,0.0,0.0,0.0,5.86,1.1,0.0
20230107:2009,0.0,0.0,0.0,0.0,5.02,1.17,0.0
20230107:2109,0.0,0.0,0.0,0.0,3.87,1.45,0.0
20230107:2209,0.0,0.0,0.0,0.0,3.6,1.52,0.0
20230107:2309,0.0,0.0,0.0,0.0,3.84,1.59,0.0
20230108:0009,0.0,0.0,0.0,0.0,4.12,1.66,0.0
20230108:0109,0.0,0.0,0.0,0.0,4.38,1.79,0.0
20230108:0209,0.0,0.0,0.0,0.0,4.44,1.93,0.0
20230108:0309,0.0,0.0,0.0,0.0,4.49,1.93,0.0
20230108:0409,0.0,0.0,0.0,0.0,4.95,2.07,0.0
20230108:0509,0.0,0.0,0.0,0.0,5.58,2.28,0.0
20230108:0609,0.0,0.0,0.0,0.0,6.65,2.48,0.0
20230108:0709,0.0,0.0,0.0,0.0,6.95,2.34,0.0
20230108:0809,10.0,44.0,0.0,6.54,7.58,2.48,0.0
20230108:0909,20.0,121.0,0.0,15.71,8.58,2.34,0.0
20230108:1009,8.0,162.0,0.0,23.17,9.36,2.76,0.0
20230108:1109,17.0,212.0,0.0,28.27,10.5,4.62,0.0
20230108:1209,223.01,207.0,0.0,30.39,10.98,4.62,0.0
20230108:1309,139.0,230.0,0.0,29.22,10.77,4.28,0.0
20230108:1409,147.0,183.0,0.0,24.92,10.8,3.86,0.0
20230108:1509,61.0,143.0,0.0,18.08,10.49,3.03,0.0
20230108:1609,12.0,65.0,0.0,9.35,10.33,3.03,0.0
20230108:1709,0.0,0.0,0.0,0.0,9.95,3.59,0.0
20230108:1809,0.0,0.0,0.0,0.0,9.74,3.24,0.0
20230108:1909,0.0,0.0,0.0,0.0,10.07,3.38,0.0
20230108:2009,0.0,0.0,0.0,0.0,10.1,3.79,0.0
20230108:2109,0.0,0.0,0.0,0.0,10.02,4.14,0.0
20230108:2209,0.0,0.0,0.0,0.0,9.7,4.21,0.0
20230108:2309,0.0,0.0,0.0,0.0,9.14,3.72,0.0
20230109:0009,0.0,0.0,0.0,0.0,8.5,3.59,0.0
20230109:0109,0.0,0.0,0.0,0.0,8.01,3.59,0.0
20230109:0209,0.0,0.0,0.0,0.0,7.84,3.59,0.0
20230109:0309,0.0,0.0,0.0,0.0,7.83,3.38,0.0
20230109:0409,0.0,0.0,0.0,0.0,7.75,3.17,0.0
20230109:0509,0.0,0.0,0.0,0.0,7.84,2.9,0.0
20230109:0609,0.0,0.0,0.0,0.0,8.01,2.83,0.0
20230109:0709,0.0,0.0,0.0,0.0,8.68,3.17,0.0
20230109:0809,63.01,26.0,0.0,6.57,8.59,2.97,0.0
20230109:0909,63.0,121.0,0.0,15.76,8.95,3.17,0.0
20230109:1009,25.0,184.0,0.0,23.25,9.56,3.31,0.0
20230109:1109,8.0,197.0,0.0,28.38,9.99,3.38,0.0
20230109:1209,25.0,239.0,0.0,30.53,10.4,3.24,0.0
20230109:1309,24.0,229.0,0.0,29.37,11.12,3.66,0.0
20230109:1409,67.0,208.0,0.0,25.09,11.62,3.79,0.0
20230109:1509,166.01,102.0,0.0,18.25,11.53,3.45,0.0
20230109:1609,8.0,64.0,0.0,9.51,10.93,3.03,0.0
20230109:1709,0.0,0.0,0.0,0.0,9.83,2.34,0.0
20230109:1809,0.0,0.0,0.0,0.0,8.66,1.86,0.0
20230109:1909,0.0,0.0,0.0,0.0,7.97,1.79,0.0
20230109:2009,0.0,0.0,0.0,0.0,7.65,1.72,0.0
20230109:2109,0.0,0.0,0.0,0.0,7.3,1.52,0.0
20230109:2209,0.0,0.0,0.0,0.0,6.9,1.24,0.0
20230109:2309,0.0,0.0,0.0,0.0,6.81,1.1,0.0
20230110:0009,0.0,0.0,0.0,0.0,6.82,1.03,0.0
20230110:0109,0.0,0.0,0.0,0.0,6.42,0.97,0.0
20230110:0209,0.0,0.0,0.0,0.0,6.21,0.9,0.0
20230110:0309,0.0,0.0,0.0,0.0,5.79,0.83,0.0
20230110:0409,0.0,0.0,0.0,0.0,5.36,0.83,0.0
20230110:0509,0.0,0.0,0.0,0.0,4.89,0.83,0.0
20230110:0609,0.0,0.0,0.0,0.0,4.97,0.83,0.0
20230110:0709,0.0,0.0,0.0,0.0,4.95,1.03,0.0
20230110:0809,52.0,32.0,0.0,6.61,5.06,0.97,0.0
20230110:0909,99.0,110.0,0.0,15.82,7.61,0.62,0.0
20230110:1009,309.01,83.0,0.0,23.33,10.48,0.83,0.0
20230110:1109,394.01,93.0,0.0,28.49,12.27,1.38,0.0
20230110:1209,412.01,108.0,0.0,30.67,13.49,1.59,0.0
20230110:1309,402.01,100.0,0.0,29.53,14.32,1.72,0.0
20230110:1409,346.01,82.0,0.0,25.26,14.65,1.86,0.0
20230110:1509,219.01,75.0,0.0,18.42,14.47,1.86,0.0
20230110:1609,92.01,44.0,0.0,9.68,13.74,1.66,0.0
20230110:1709,0.0,0.0,0.0,0.0,12.36,1.24,0.0
20230110:1809,0.0,0.0,0.0,0.0,10.23,0.97,0.0
20230110:1909,0.0,0.0,0.0,0.0,10.08,0.69,0.0
20230110:2009,0.0,0.0,0.0,0.0,9.33,0.76,0.0
20230110:2109,0.0,0.0,0.0,0.0,7.63,1.17,0.0
20230110:2209,0.0,0.0,0.0,0.0,5.98,1.38,0.0
20230110:2309,0.0,0.0,0.0,0.0,4.95,1.52,0.0
20230111:0009,0.0,0.0,0.0,0.0,4.26,1.59,0.0
20230111:0109,0.0,0.0,0.0,0.0,3.91,1.52,0.0
20230111:0209,0.0,0.0,0.0,0.0,3.92,1.52,0.0
20230111:0309,0.0,0.0,0.0,0.0,4.33,1.45,0.0
20230111:0409,0.0,0.0,0.0,0.0,4.74,1.45,0.0
20230111:0509,0.0,0.0,0.0,0.0,5.09,1.31,0.0
20230111:0609,0.0,0.0,0.0,0.0,5.23,1.31,0.0
20230111:0709,0.0,0.0,0.0,0.0,3.53,1.38,0.0
20230111:0809,54.0,32.0,0.0,6.65,3.25,1.38,0.0
20230111:0909,173.01,74.0,0.0,15.88,5.48,1.03,0.0
20230111:1009,313.01,82.0,0.0,23.42,8.42,1.31,0.0
20230111:1109,390.01,98.0,0.0,28.62,10.08,1.93,0.0
20230111:1209,425.01,102.0,0.0,30.82,10.97,2.28,0.0
20230111:1309,391.01,110.0,0.0,29.7,11.35,2.28,0.0
20230111:1409,283.01,124.0,0.0,25.44,11.42,2.07,0.0
20230111:1509,232.01,70.0,0.0,18.6,11.18,1.93,0.0
20230111:1609,109.01,37.0,0.0,9.86,10.36,1.72,0.0
20230111:1709,0.0,0.0,0.0,0.0,9.08,1.1,0.0
20230111:1809,0.0,0.0,0.0,0.0,7.65,0.83,0.0
20230111:1909,0.0,0.0,0.0,0.0,6.14,1.1,0.0
20230111:2009,0.0,0.0,0.0,0.0,5.6,1.03,0.0
20230111:2109,0.0,0.0,0.0,0.0,5.14,0.97,0.0
20230111:2209,0.0,0.0,0.0,0.0,5.14,0.83,0.0
20230111:2309,0.0,0.0,0.0,0.0,5.18,0.69,0.0
20230112:0009,0.0,0.0,0.0,0.0,5.08,0.62,0.0
20230112:0109,0.0,0.0,0.0,0.0,5.01,0.69,0.0
20230112:0209,0.0,0.0,0.0,0.0,5.23,0.48,0.0
20230112:0309,0.0,0.0,0.0,0.0,5.05,0.34,0.0
20230112:0409,0.0,0.0,0.0,0.0,4.69,0.62,0.0
20230112:0509,0.0,0.0,0.0,0.0,4.2,0.69,0.0
20230112:0609,0.0,0.0,0.0,0.0,3.83,0.76,0.0
20230112:0709,0.0,0.0,0.0,0.0,2.49,0.9,0.0
20230112:0809,31.0,43.0,0.0,6.7,2.5,0.69,0.0
20230112:0909,108.0,108.0,0.0,15.96,4.48,0.55,0.0
20230112:1009,326.01,74.0,0.0,23.52,7.28,0.9,0.0
20230112:1109,406.01,89.0,0.0,28.75,9.12,0.83,0.0
20230112:1209,434.01,98.0,0.0,30.98,10.69,0.55,0.0
20230112:1309,408.01,101.0,0.0,29.88,11.76,0.14,0.0
20230112:1409,376.01,69.0,0.0,25.62,12.26,0.69,0.0
20230112:1509,272.01,50.0,0.0,18.78,12.51,1.24,0.0
20230112:1609,118.01,34.0,0.0,10.03,11.99,1.45,0.0
20230112:1709,0.0,0.0,0.0,0.0,10.76,1.24,0.0
20230112:1809,0.0,0.0,0.0,0.0,9.4,1.1,0.0
20230112:1909,0.0,0.0,0.0,0.0,7.64,0.83,0.0
20230112:2009,0.0,0.0,0.0,0.0,6.53,1.03,0.0
20230112:2109,0.0,0.0,0.0,0.0,5.53,1.17,0.0
20230112:2209,0.0,0.0,0.0,0.0,4.69,1.24,0.0
20230112:2309,0.0,0.0,0.0,0.0,4.16,1.31,0.0
20230113:0009,0.0,0.0,0.0,0.0,3.72,1.38,0.0
20230113:0109,0.0,0.0,0.0,0.0,3.31,1.45,0.0
20230113:0209,0.0,0.0,0.0,0.0,3.01,1.38,0.0
20230113:0309,0.0,0.0,0.0,0.0,2.88,1.38,0.0
20230113:0409,0.0,0.0,0.0,0.0,2.75,1.38,0.0
20230113:0509,0.0,0.0,0.0,0.0,2.77,1.38,0.0
20230113:0609,0.0,0.0,0.0,0.0,3.03,1.31,0.0
20230113:0709,0.0,0.0,0.0,0.0,4.48,1.1,0.0
20230113:0809,56.0,33.0,0.0,6.76,4.32,1.03,0.0
20230113:0909,164.01,84.0,0.0,16.04,5.71,0.55,0.0
20230113:1009,295.01,101.0,0.0,23.63,8.47,0.55,0.0
20230113:1109,412.01,93.0,0.0,28.88,10.49,0.9,0.0
20230113:1209,432.01,108.0,0.0,31.14,11.9,1.1,0.0
20230113:1309,415.01,105.0,0.0,30.06,12.68,1.17,0.0
20230113:1409,314.01,115.0,0.0,25.8,13.0,1.24,0.0
20230113:1509,231.01,79.0,0.0,18.96,12.86,1.38,0.0
20230113:1609,109.01,42.0,0.0,10.22,12.15,1.24,0.0
20230113:1709,0.0,0.0,0.0,0.0,10.76,0.97,0.0
20230113:1809,0.0,0.0,0.0,0.0,9.24,0.48,0.0
20230113:1909,0.0,0.0,0.0,0.0,8.66,0.55,0.0
20230113:2009,0.0,0.0,0.0,0.0,7.77,0.69,0.0
20230113:2109,0.0,0.0,0.0,0.0,6.97,0.97,0.0
20230113:2209,0.0,0.0,0.0,0.0,4.7,1.31,0.0
20230113:2309,0.0,0.0,0.0,0.0,3.35,1.45,0.0
20230114:0009,0.0,0.0,0.0,0.0,2.25,1.52,0.0
20230114:0109,0.0,0.0,0.0,0.0,1.41,1.59,0.0
20230114:0209,0.0,0.0,0.0,0.0,0.91,1.59,0.0
20230114:0309,0.0,0.0,0.0,0.0,0.56,1.59,0.0
20230114:0409,0.0,0.0,0.0,0.0,0.2,1.66,0.0
20230114:0509,0.0,0.0,0.0,0.0,0.05,1.66,0.0
20230114:0609,0.0,0.0,0.0,0.0,0.12,1.66,0.0
20230114:0709,0.0,0.0,0.0,0.0,0.08,1.66,0.0
20230114:0809,56.0,34.0,0.0,6.82,0.28,1.66,0.0
20230114:0909,184.01,74.0,0.0,16.12,3.51,1.1,0.0
20230114:1009,322.01,86.0,0.0,23.74,9.39,0.83,0.0
20230114:1109,379.01,116.0,0.0,29.02,11.69,0.69,0.0
20230114:1209,428.01,114.0,0.0,31.31,12.77,0.97,0.0
20230114:1309,436.01,95.0,0.0,30.24,13.43,1.45,0.0
20230114:1409,379.01,78.0,0.0,26.0,13.9,1.72,0.0
20230114:1509,255.01,68.0,0.0,19.15,13.79,1.72,0.0
20230114:1609,115.01,41.0,0.0,10.4,13.08,1.45,0.0
20230114:1709,0.0,0.0,0.0,0.0,11.68,1.03,0.0
20230114:1809,0.0,0.0,0.0,0.0,9.54,0.9,0.0
20230114:1909,0.0,0.0,0.0,0.0,8.69,0.97,0.0
20230114:2009,0.0,0.0,0.0,0.0,7.45,1.17,0.0
20230114:2109,0.0,0.0,0.0,0.0,6.4,1.24,0.0
20230114:2209,0.0,0.0,0.0,0.0,5.28,1.38,0.0
20230114:2309,0.0,0.0,0.0,0.0,4.26,1.45,0.0
20230115:0009,0.0,0.0,0.0,0.0,3.68,1.45,0.0
20230115:0109,0.0,0.0,0.0,0.0,3.4,1.52,0.0
20230115:0209,0.0,0.0,0.0,0.0,3.12,1.52,0.0
20230115:0309,0.0,0.0,0.0,0.0,2.86,1.52,0.0
20230115:0409,0.0,0.0,0.0,0.0,2.57,1.59,0.0
20230115:0509,0.0,0.0,0.0,0.0,2.32,1.59,0.0
20230115:0609,0.0,0.0,0.0,0.0,2.23,1.52,0.0
20230115:0709,0.0,0.0,0.0,0.0,2.25,1.52,0.0
20230115:0809,58.0,33.0,0.0,6.89,2.44,1.52,0.0
20230115:0909,190.01,68.0,0.0,16.21,4.79,1.17,0.0
20230115:1009,304.01,94.0,0.0,23.86,8.38,1.66,0.0
20230115:1109,394.01,104.0,0.0,29.17,10.1,2.21,0.0
20230115:1209,447.01,98.0,0.0,31.48,11.1,2.97,0.0
20230115:1309,438.01,91.0,0.0,30.44,11.26,3.45,0.0
20230115:1409,353.01,92.0,0.0,26.2,10.99,3.52,0.0
20230115:1509,84.0,153.0,0.0,19.35,10.45,3.52,0.0
20230115:1609,8.0,73.0,0.0,10.59,9.58,3.1,0.0
20230115:1709,0.0,0.0,0.0,0.0,8.29,2.48,0.0
20230115:1809,0.0,0.0,0.0,0.0,7.11,2.34,0.0
20230115:1909,0.0,0.0,0.0,0.0,6.5,2.62,0.0
20230115:2009,0.0,0.0,0.0,0.0,6.17,2.62,0.0
20230115:2109,0.0,0.0,0.0,0.0,5.83,2.55,0.0
20230115:2209,0.0,0.0,0.0,0.0,5.34,2.34,0.0
20230115:2309,0.0,0.0,0.0,0.0,5.25,2.34,0.0
20230116:0009,0.0,0.0,0.0,0.0,4.53,2.07,0.0
20230116:0109,0.0,0.0,0.0,0.0,4.16,2.14,0.0
20230116:0209,0.0,0.0,0.0,0.0,3.57,2.21,0.0
20230116:0309,0.0,0.0,0.0,0.0,3.07,2.41,0.0
20230116:0409,0.0,0.0,0.0,0.0,2.58,2.41,0.0
20230116:0509,0.0,0.0,0.0,0.0,2.19,2.41,0.0
20230116:0609,0.0,0.0,0.0,0.0,1.65,2.34,0.0
20230116:0709,0.0,0.0,0.0,0.0,1.66,2.21,0.0
20230116:0809,44.0,40.0,0.0,6.96,1.64,2.34,0.0
20230116:0909,236.01,43.0,0.0,16.31,3.2,2.76,0.0
20230116:1009,311.01,91.0,0.0,23.99,5.07,3.66,0.0
20230116:1109,380.01,114.0,0.0,29.33,6.3,4.34,0.0
20230116:1209,432.01,109.0,0.0,31.67,7.26,4.9,0.0
20230116:1309,440.01,91.0,0.0,30.63,7.3,4.9,0.0
20230116:1409,172.01,193.0,0.0,26.4,7.11,4.69,0.0
20230116:1509,192.01,106.0,0.0,19.55,6.68,4.41,0.0
20230116:1609,94.01,56.0,0.0,10.78,5.71,3.93,0.0
20230116:1709,0.0,0.0,0.0,0.0,4.86,3.59,0.0
20230116:1809,0.0,0.0,0.0,0.0,4.26,3.24,0.0
20230116:1909,0.0,0.0,0.0,0.0,4.16,3.03,0.0
20230116:2009,0.0,0.0,0.0,0.0,4.16,2.97,0.0
20230116:2109,0.0,0.0,0.0,0.0,4.21,2.83,0.0
20230116:2209,0.0,0.0,0.0,0.0,4.5,3.59,0.0
20230116:2309,0.0,0.0,0.0,0.0,4.59,4.34,0.0
20230117:0009,0.0,0.0,0.0,0.0,4.59,4.28,0.0
20230117:0109,0.0,0.0,0.0,0.0,4.35,4.41,0.0
20230117:0209,0.0,0.0,0.0,0.0,4.29,4.48,0.0
20230117:0309,0.0,0.0,0.0,0.0,4.04,4.28,0.0
20230117:0409,0.0,0.0,0.0,0.0,4.1,4.28,0.0
20230117:0509,0.0,0.0,0.0,0.0,4.45,4.21,0.0
20230117:0609,0.0,0.0,0.0,0.0,4.46,4.21,0.0
20230117:0709,0.0,0.0,0.0,0.0,5.21,4.69,0.0
20230117:0809,7.0,46.0,0.0,7.04,5.47,4.62,0.0
20230117:0909,2.0,102.0,0.0,16.41,5.68,3.52,0.0
20230117:1009,1.0,140.0,0.0,24.12,6.17,5.24,0.0
20230117:1109,162.0,229.0,0.0,29.5,6.67,5.38,0.0
20230117:1209,266.01,207.0,0.0,31.86,6.79,4.55,0.0
20230117:1309,363.01,141.0,0.0,30.84,7.9,5.66,0.0
20230117:1409,0.0,87.0,0.0,26.61,7.65,5.17,0.0
20230117:1509,69.0,160.0,0.0,19.76,7.01,5.38,0.0
20230117:1609,18.0,81.0,0.0,10.98,6.14,5.45,0.0
20230117:1709,0.0,0.0,0.0,0.0,5.0,4.21,0.0
20230117:1809,0.0,0.0,0.0,0.0,4.02,4.0,0.0
20230117:1909,0.0,0.0,0.0,0.0,4.17,4.21,0.0
20230117:2009,0.0,0.0,0.0,0.0,3.79,3.45,0.0
20230117:2109,0.0,0.0,0.0,0.0,3.21,3.59,0.0
20230117:2209,0.0,0.0,0.0,0.0,2.7,3.79,0.0
20230117:2309,0.0,0.0,0.0,0.0,2.31,3.59,0.0
20230118:0009,0.0,0.0,0.0,0.0,1.9,3.93,0.0
20230118:0109,0.0,0.0,0.0,0.0,1.6,3.59,0.0
20230118:0209,0.0,0.0,0.0,0.0,0.77,3.79,0.0
20230118:0309,0.0,0.0,0.0,0.0,0.5,4.28,0.0
20230118:0409,0.0,0.0,0.0,0.0,-0.3,4.48,0.0
20230118:0509,0.0,0.0,0.0,0.0,-0.99,4.62,0.0
20230118:0609,0.0,0.0,0.0,0.0,-1.81,4.21,0.0
20230118:0709,0.0,0.0,0.0,0.0,-1.98,4.14,0.0
20230118:0809,28.0,49.0,0.0,7.13,-1.99,3.24,0.0
20230118:0909,19.0,130.0,0.0,16.53,-1.3,4.55,0.0
20230118:1009,10.0,179.0,0.0,24.26,-0.19,4.83,0.0
20230118:1109,6.0,206.0,0.0,29.67,0.82,4.83,0.0
20230118:1209,1.0,180.0,0.0,32.05,1.58,5.03,0.0
20230118:1309,64.0,265.0,0.0,31.05,1.6,4.9,0.0
20230118:1409,0.0,88.0,0.0,26.82,1.85,4.9,0.0
20230118:1509,0.0,80.0,0.0,19.96,1.64,4.83,0.0
20230118:1609,63.0,76.0,0.0,11.18,1.23,4.21,0.0
20230118:1709,0.0,0.0,0.0,0.0,0.21,2.97,0.0
20230118:1809,0.0,0.0,0.0,0.0,-0.87,2.48,0.0
20230118:1909,0.0,0.0,0.0,0.0,-1.03,2.9,0.0
20230118:2009,0.0,0.0,0.0,0.0,-1.59,2.62,0.0
20230118:2109,0.0,0.0,0.0,0.0,-1.98,2.21,0.0
20230118:2209,0.0,0.0,0.0,0.0,-2.11,2.21,0.0
20230118:2309,0.0,0.0,0.0,0.0,-2.45,2.07,0.0
20230119:0009,0.0,0.0,0.0,0.0,-2.79,2.0,0.0
20230119:0109,0.0,0.0,0.0,0.0,-3.33,1.93,0.0
20230119:0209,0.0,0.0,0.0,0.0,-3.76,1.86,0.0
20230119:0309,0.0,0.0,0.0,0.0,-4.2,1.66,0.0
20230119:0409,0.0,0.0,0.0,0.0,-4.51,1.52,0.0
20230119:0509,0.0,0.0,0.0,0.0,-4.83,1.38,0.0
20230119:0609,0.0,0.0,0.0,0.0,-5.18,1.31,0.0
20230119:0709,0.0,0.0,0.0,0.0,-4.64,1.45,0.0
20230119:0809,64.0,34.0,0.0,7.22,-4.37,1.38,0.0
20230119:0909,205.01,66.0,0.0,16.64,-0.87,1.38,0.0
20230119:1009,381.01,58.0,0.0,24.41,1.63,1.86,0.0
20230119:1109,496.01,54.0,0.0,29.84,3.28,2.41,0.0
20230119:1209,535.01,58.0,0.0,32.26,4.02,2.69,0.0
20230119:1309,516.01,58.0,0.0,31.27,4.49,2.69,0.0
20230119:1409,435.01,57.0,0.0,27.04,4.88,2.9,0.0
20230119:1509,291.01,58.0,0.0,20.18,4.58,3.03,0.0
20230119:1609,138.01,40.0,0.0,11.38,3.72,2.9,0.0
20230119:1709,0.0,0.0,0.0,0.0,2.46,2.21,0.0
20230119:1809,0.0,0.0,0.0,0.0,1.25,2.21,0.0
20230119:1909,0.0,0.0,0.0,0.0,1.09,2.69,0.0
20230119:2009,0.0,0.0,0.0,0.0,0.89,2.83,0.0
20230119:2109,0.0,0.0,0.0,0.0,0.92,3.03,0.0
20230119:2209,0.0,0.0,0.0,0.0,1.2,3.1,0.0
20230119:2309,0.0,0.0,0.0,0.0,1.36,3.1,0.0
20230120:0009,0.0,0.0,0.0,0.0,1.56,3.03,0.0
20230120:0109,0.0,0.0,0.0,0.0,1.79,2.9,0.0
20230120:0209,0.0,0.0,0.0,0.0,1.94,2.76,0.0
20230120:0309,0.0,0.0,0.0,0.0,2.01,2.48,0.0
20230120:0409,0.0,0.0,0.0,0.0,2.19,2.34,0.0
20230120:0509,0.0,0.0,0.0,0.0,2.36,2.14,0.0
20230120:0609,0.0,0.0,0.0,0.0,2.58,2.0,0.0
20230120:0709,0.0,0.0,0.0,0.0,2.94,1.72,0.0
20230120:0809,10.0,50.0,0.0,7.31,3.15,1.52,0.0
20230120:0909,10.0,121.0,0.0,16.76,4.36,2.07,0.0
20230120:1009,64.0,204.0,0.0,24.56,5.1,1.93,0.0
20230120:1109,126.0,244.0,0.0,30.03,6.39,2.0,0.0
20230120:1209,388.01,142.0,0.0,32.47,7.31,2.28,0.0
20230120:1309,382.01,134.0,0.0,31.49,7.71,2.28,0.0
20230120:1409,401.01,72.0,0.0,27.27,8.0,2.14,0.0
20230120:1509,262.01,72.0,0.0,20.39,8.23,2.07,0.0
20230120:1609,137.01,40.0,0.0,11.58,7.99,1.79,0.0
20230120:1709,0.0,0.0,0.0,0.0,6.96,1.1,0.0
20230120:1809,0.0,0.0,0.0,0.0,5.7,0.83,0.0
20230120:1909,0.0,0.0,0.0,0.0,4.5,0.9,0.0
20230120:2009,0.0,0.0,0.0,0.0,3.86,1.03,0.0
20230120:2109,0.0,0.0,0.0,0.0,3.38,1.03,0.0
20230120:2209,0.0,0.0,0.0,0.0,3.15,1.1,0.0
20230120:2309,0.0,0.0,0.0,0.0,3.21,1.1,0.0
20230121:0009,0.0,0.0,0.0,0.0,3.26,1.1,0.0
20230121:0109,0.0,0.0,0.0,0.0,3.49,1.1,0.0
20230121:0209,0.0,0.0,0.0,0.0,3.6,1.03,0.0
20230121:0309,0.0,0.0,0.0,0.0,3.55,1.1,0.0
20230121:0409,0.0,0.0,0.0,0.0,3.61,1.03,0.0
20230121:0509,0.0,0.0,0.0,0.0,3.79,1.03,0.0
20230121:0609,0.0,0.0,0.0,0.0,3.9,1.03,0.0
20230121:0709,0.0,0.0,0.0,0.0,3.97,0.9,0.0
20230121:0809,77.01,28.0,0.0,7.42,4.14,0.83,0.0
20230121:0909,89.0,125.0,0.0,16.89,5.46,0.9,0.0
20230121:1009,67.0,206.0,0.0,24.72,7.2,1.52,0.0
20230121:1109,112.0,250.0,0.0,30.22,8.12,2.0,0.0
20230121:1209,49.0,269.0,0.0,32.68,8.67,2.07,0.0
20230121:1309,0.0,106.0,0.0,31.72,8.81,2.0,0.0
20230121:1409,265.01,156.0,0.0,27.5,8.24,2.0,0.0
20230121:1509,310.01,49.0,0.0,20.61,8.25,2.28,0.0
20230121:1609,146.01,38.0,0.0,11.79,7.93,2.28,0.0
20230121:1709,0.0,1.0,0.0,1.64,6.9,1.86,0.0
20230121:1809,0.0,0.0,0.0,0.0,5.55,1.52,0.0
20230121:1909,0.0,0.0,0.0,0.0,4.5,1.24,0.0
20230121:2009,0.0,0.0,0.0,0.0,3.06,1.24,0.0
20230121:2109,0.0,0.0,0.0,0.0,2.15,1.45,0.0
20230121:2209,0.0,0.0,0.0,0.0,1.63,1.59,0.0
20230121:2309,0.0,0.0,0.0,0.0,0.92,1.59,0.0
20230122:0009,0.0,0.0,0.0,0.0,0.23,1.66,0.0
20230122:0109,0.0,0.0,0.0,0.0,-0.56,1.72,0.0
20230122:0209,0.0,0.0,0.0,0.0,-1.38,1.72,0.0
20230122:0309,0.0,0.0,0.0,0.0,-1.82,1.72,0.0
20230122:0409,0.0,0.0,0.0,0.0,-2.52,1.72,0.0
20230122:0509,0.0,0.0,0.0,0.0,-3.23,1.59,0.0
20230122:0609,0.0,0.0,0.0,0.0,-3.59,1.52,0.0
20230122:0709,0.0,0.0,0.0,0.0,-2.85,1.1,0.0
20230122:0809,76.01,32.0,0.0,7.53,-2.77,0.9,0.0
20230122:0909,226.01,62.0,0.0,17.03,-0.88,1.17,0.0
20230122:1009,369.01,74.0,0.0,24.89,1.37,1.79,0.0
20230122:1109,473.01,79.0,0.0,30.41,2.88,2.28,0.0
20230122:1209,508.01,87.0,0.0,32.9,3.66,2.34,0.0
20230122:1309,500.01,80.0,0.0,31.95,4.34,2.55,0.0
20230122:1409,424.01,75.0,0.0,27.73,4.51,2.48,0.0
20230122:1509,279.01,77.0,0.0,20.84,4.17,2.14,0.0
20230122:1609,147.01,44.0,0.0,12.0,3.5,1.79,0.0
20230122:1709,0.0,3.0,0.0,1.84,2.45,1.52,0.0
20230122:1809,0.0,0.0,0.0,0.0,1.2,1.52,0.0
20230122:1909,0.0,0.0,0.0,0.0,-0.02,1.38,0.0
20230122:2009,0.0,0.0,0.0,0.0,-1.02,1.03,0.0
20230122:2109,0.0,0.0,0.0,0.0,-1.26,0.9,0.0
20230122:2209,0.0,0.0,0.0,0.0,-1.74,0.97,0.0
20230122:2309,0.0,0.0,0.0,0.0,-2.16,1.03,0.0
20230123:0009,0.0,0.0,0.0,0.0,-2.6,1.1,0.0
20230123:0109,0.0,0.0,0.0,0.0,-3.05,1.24,0.0
20230123:0209,0.0,0.0,0.0,0.0,-3.29,1.38,0.0
20230123:0309,0.0,0.0,0.0,0.0,-3.46,1.38,0.0
20230123:0409,0.0,0.0,0.0,0.0,-3.54,1.31,0.0
20230123:0509,0.0,0.0,0.0,0.0,-3.72,1.24,0.0
20230123:0609,0.0,0.0,0.0,0.0,-3.83,1.17,0.0
20230123:0709,0.0,0.0,0.0,0.0,-3.71,1.31,0.0
20230123:0809,81.01,30.0,0.0,7.64,-3.56,1.24,0.0
20230123:0909,226.01,63.0,0.0,17.17,-1.46,1.59,0.0
20230123:1009,385.01,66.0,0.0,25.06,-0.55,1.93,0.0
20230123:1109,486.01,72.0,0.0,30.62,0.58,2.0,0.0
20230123:1209,524.01,78.0,0.0,33.13,1.7,2.0,0.0
20230123:1309,500.01,81.0,0.0,32.19,2.4,1.93,0.0
20230123:1409,418.01,80.0,0.0,27.97,2.85,1.79,0.0
20230123:1509,285.01,75.0,0.0,21.07,2.96,1.59,0.0
20230123:1609,150.01,44.0,0.0,12.22,2.61,1.52,0.0
20230123:1709,0.0,5.0,0.0,2.04,1.81,1.38,0.0
20230123:1809,0.0,0.0,0.0,0.0,0.74,1.1,0.0
20230123:1909,0.0,0.0,0.0,0.0,0.29,0.62,0.0
20230123:2009,0.0,0.0,0.0,0.0,0.25,0.34,0.0
20230123:2109,0.0,0.0,0.0,0.0,-0.04,0.34,0.0
20230123:2209,0.0,0.0,0.0,0.0,-0.32,0.41,0.0
20230123:2309,0.0,0.0,0.0,0.0,-0.58,0.28,0.0
20230124:0009,0.0,0.0,0.0,0.0,-0.88,0.55,0.0
20230124:0109,0.0,0.0,0.0,0.0,-1.19,0.62,0.0
20230124:0209,0.0,0.0,0.0,0.0,-1.69,0.76,0.0
20230124:0309,0.0,0.0,0.0,0.0,-2.71,1.03,0.0
20230124:0409,0.0,0.0,0.0,0.0,-3.1,1.1,0.0
20230124:0509,0.0,0.0,0.0,0.0,-3.25,1.03,0.0
20230124:0609,0.0,0.0,0.0,0.0,-3.27,0.97,0.0
20230124:0709,0.0,0.0,0.0,0.0,-2.83,0.69,0.0
20230124:0809,79.01,32.0,0.0,7.76,-2.89,0.76,0.0
20230124:0909,228.01,61.0,0.0,17.32,-1.37,1.24,0.0
20230124:1009,376.01,70.0,0.0,25.24,0.2,2.14,0.0
20230124:1109,482.01,73.0,0.0,30.83,1.67,2.9,0.0
20230124:1209,533.01,71.0,0.0,33.36,2.59,2.97,0.0
20230124:1309,557.01,47.0,0.0,32.44,2.97,2.97,0.0
20230124:1409,0.0,95.0,0.0,28.21,2.69,2.9,0.0
20230124:1509,0.0,85.0,0.0,21.3,2.42,2.76,0.0
20230124:1609,83.0,81.0,0.0,12.43,1.76,2.48,0.0
20230124:1709,0.0,3.0,0.0,2.25,1.2,1.86,0.0
20230124:1809,0.0,0.0,0.0,0.0,0.0,1.45,0.0
20230124:1909,0.0,0.0,0.0,0.0,-1.2,1.17,0.0
20230124:2009,0.0,0.0,0.0,0.0,-1.54,1.24,0.0
20230124:2109,0.0,0.0,0.0,0.0,-2.04,1.24,0.0
20230124:2209,0.0,0.0,0.0,0.0,-2.16,1.24,0.0
20230124:2309,0.0,0.0,0.0,0.0,-2.03,1.1,0.0
20230125:0009,0.0,0.0,0.0,0.0,-2.05,1.03,0.0
20230125:0109,0.0,0.0,0.0,0.0,-2.44,0.76,0.0
20230125:0209,0.0,0.0,0.0,0.0,-2.25,0.48,0.0
20230125:0309,0.0,0.0,0.0,0.0,-2.48,0.34,0.0
20230125:0409,0.0,0.0,0.0,0.0,-2.73,0.34,0.0
20230125:0509,0.0,0.0,0.0,0.0,-2.9,0.28,0.0
20230125:0609,0.0,0.0,0.0,0.0,-3.05,0.14,0.0
20230125:0709,0.0,0.0,0.0,0.0,-3.46,0.34,0.0
20230125:0809,89.01,28.0,0.0,7.89,-3.5,0.28,0.0
20230125:0909,203.01,79.0,0.0,17.47,-1.75,0.41,0.0
20230125:1009,397.01,61.0,0.0,25.42,0.63,0.97,0.0
20230125:1109,495.01,69.0,0.0,31.04,2.39,1.17,0.0
20230125:1209,519.01,83.0,0.0,33.6,3.71,1.45,0.0
20230125:1309,565.01,46.0,0.0,32.69,4.52,1.72,0.0
20230125:1409,375.01,110.0,0.0,28.46,4.76,2.07,0.0
20230125:1509,343.01,46.0,0.0,21.53,4.64,1.93,0.0
20230125:1609,166.01,40.0,0.0,12.65,4.28,1.66,0.0
20230125:1709,1.0,9.83,0.0,2.45,3.45,1.24,0.0
20230125:1809,0.0,0.0,0.0,0.0,1.74,1.1,0.0
20230125:1909,0.0,0.0,0.0,0.0,0.89,1.03,0.0
20230125:2009,0.0,0.0,0.0,0.0,1.14,0.83,0.0
20230125:2109,0.0,0.0,0.0,0.0,0.67,0.62,0.0
20230125:2209,0.0,0.0,0.0,0.0,0.23,0.55,0.0
20230125:2309,0.0,0.0,0.0,0.0,-0.13,0.62,0.0
20230126:0009,0.0,0.0,0.0,0.0,-0.45,0.76,0.0
20230126:0109,0.0,0.0,0.0,0.0,-1.06,0.97,0.0
20230126:0209,0.0,0.0,0.0,0.0,-1.82,1.03,0.0
20230126:0309,0.0,0.0,0.0,0.0,-2.14,1.03,0.0
20230126:0409,0.0,0.0,0.0,0.0,-2.56,1.17,0.0
20230126:0509,0.0,0.0,0.0,0.0,-2.97,1.24,0.0
20230126:0609,0.0,0.0,0.0,0.0,-3.51,1.38,0.0
20230126:0709,0.0,0.0,0.0,0.0,-3.61,1.52,0.0
20230126:0809,85.01,31.0,0.0,8.02,-3.06,1.38,0.0
20230126:0909,250.01,52.0,0.0,17.63,-0.03,1.72,0.0
20230126:1009,398.01,62.0,0.0,25.61,1.46,2.9,0.0
20230126:1109,475.01,81.0,0.0,31.26,2.17,3.1,0.0
20230126:1209,519.01,84.0,0.0,33.85,2.91,3.17,0.0
20230126:1309,193.01,255.0,0.0,32.95,3.13,3.1,0.0
20230126:1409,13.0,215.0,0.0,28.71,3.31,2.9,0.0
20230126:1509,5.0,147.0,0.0,21.77,3.07,2.62,0.0
20230126:1609,87.0,84.0,0.0,12.88,2.51,2.28,0.0
20230126:1709,1.0,11.82,0.0,2.66,1.55,1.66,0.0
20230126:1809,0.0,0.0,0.0,0.0,0.38,1.1,0.0
20230126:1909,0.0,0.0,0.0,0.0,-0.8,0.69,0.0
20230126:2009,0.0,0.0,0.0,0.0,-0.86,0.55,0.0
20230126:2109,0.0,0.0,0.0,0.0,-1.33,0.62,0.0
20230126:2209,0.0,0.0,0.0,0.0,-1.55,0.62,0.0
20230126:2309,0.0,0.0,0.0,0.0,-1.65,0.62,0.0
20230127:0009,0.0,0.0,0.0,0.0,-1.84,0.62,0.0
20230127:0109,0.0,0.0,0.0,0.0,-2.0,0.69,0.0
20230127:0209,0.0,0.0,0.0,0.0,-2.08,0.76,0.0
20230127:0309,0.0,0.0,0.0,0.0,-2.36,0.83,0.0
20230127:0409,0.0,0.0,0.0,0.0,-2.78,0.97,0.0
20230127:0509,0.0,0.0,0.0,0.0,-3.13,1.03,0.0
20230127:0609,0.0,0.0,0.0,0.0,-3.31,1.1,0.0
20230127:0709,0.0,0.0,0.0,0.0,-3.74,1.17,0.0
20230127:0809,89.01,31.0,0.0,8.16,-3.27,1.03,0.0
20230127:0909,245.01,57.0,0.0,17.8,-0.87,1.45,0.0
20230127:1009,404.01,62.0,0.0,25.81,0.43,2.0,0.0
20230127:1109,496.01,73.0,0.0,31.49,1.5,2.07,0.0
20230127:1209,541.01,76.0,0.0,34.1,2.39,2.14,0.0
20230127:1309,518.01,79.0,0.0,33.21,3.34,2.28,0.0
20230127:1409,461.01,64.0,0.0,28.96,3.71,2.34,0.0
20230127:1509,314.01,67.0,0.0,22.01,3.66,2.41,0.0
20230127:1609,180.01,37.0,0.0,13.1,3.1,2.41,0.0
20230127:1709,0.0,9.0,0.0,2.87,2.11,2.07,0.0
20230127:1809,0.0,0.0,0.0,0.0,0.83,1.52,0.0
20230127:1909,0.0,0.0,0.0,0.0,0.33,0.69,0.0
20230127:2009,0.0,0.0,0.0,0.0,-0.12,0.55,0.0
20230127:2109,0.0,0.0,0.0,0.0,-0.71,0.48,0.0
20230127:2209,0.0,0.0,0.0,0.0,-1.13,0.41,0.0
20230127:2309,0.0,0.0,0.0,0.0,-1.45,0.48,0.0
20230128:0009,0.0,0.0,0.0,0.0,-1.61,0.48,0.0
20230128:0109,0.0,0.0,0.0,0.0,-1.72,0.48,0.0
20230128:0209,0.0,0.0,0.0,0.0,-1.9,0.55,0.0
20230128:0309,0.0,0.0,0.0,0.0,-2.14,0.62,0.0
20230128:0409,0.0,0.0,0.0,0.0,-2.39,0.62,0.0
20230128:0509,0.0,0.0,0.0,0.0,-2.57,0.55,0.0
20230128:0609,0.0,0.0,0.0,0.0,-2.82,0.48,0.0
20230128:0709,0.0,0.0,0.0,0.0,-3.0,0.41,0.0
20230128:0809,97.01,29.0,0.0,8.31,-2.96,0.41,0.0
20230128:0909,241.01,62.0,0.0,17.97,-1.38,0.62,0.0
20230128:1009,392.01,71.0,0.0,26.01,0.63,0.97,0.0
20230128:1109,487.01,81.0,0.0,31.72,2.19,1.17,0.0
20230128:1209,523.01,89.0,0.0,34.36,3.35,1.17,0.0
20230128:1309,517.01,82.0,0.0,33.47,4.25,1.1,0.0
20230128:1409,461.01,67.0,0.0,29.22,4.93,1.31,0.0
20230128:1509,302.01,78.0,0.0,22.25,5.06,1.38,0.0
20230128:1609,138.01,64.0,0.0,13.33,4.82,1.72,0.0
20230128:1709,2.0,15.58,0.0,3.08,3.73,1.72,0.0
20230128:1809,0.0,0.0,0.0,0.0,1.96,1.31,0.0
20230128:1909,0.0,0.0,0.0,0.0,0.28,1.03,0.0
20230128:2009,0.0,0.0,0.0,0.0,0.47,0.62,0.0
20230128:2109,0.0,0.0,0.0,0.0,-0.14,0.48,0.0
20230128:2209,0.0,0.0,0.0,0.0,-0.66,0.76,0.0
20230128:2309,0.0,0.0,0.0,0.0,-1.15,0.9,0.0
20230129:0009,0.0,0.0,0.0,0.0,-1.8,0.97,0.0
20230129:0109,0.0,0.0,0.0,0.0,-1.91,0.9,0.0
20230129:0209,0.0,0.0,0.0,0.0,-2.01,0.9,0.0
20230129:0309,0.0,0.0,0.0,0.0,-1.98,0.83,0.0
20230129:0409,0.0,0.0,0.0,0.0,-2.02,0.76,0.0
20230129:0509,0.0,0.0,0.0,0.0,-2.14,0.76,0.0
20230129:0609,0.0,0.0,0.0,0.0,-2.19,0.83,0.0
20230129:0709,0.0,0.0,0.0,0.0,-2.94,0.97,0.0
20230129:0809,88.01,34.0,0.0,8.46,-2.78,0.9,0.0
20230129:0909,244.01,62.0,0.0,18.14,0.3,0.76,0.0
20230129:1009,396.01,71.0,0.0,26.22,2.61,1.1,0.0
20230129:1109,491.01,81.0,0.0,31.96,3.82,1.31,0.0
20230129:1209,537.01,83.0,0.0,34.62,4.8,1.38,0.0
20230129:1309,528.01,79.0,0.0,33.74,5.43,1.31,0.0
20230129:1409,447.01,78.0,0.0,29.49,5.61,1.24,0.0
20230129:1509,189.01,146.0,0.0,22.5,5.5,1.52,0.0
20230129:1609,29.0,107.0,0.0,13.55,4.67,1.66,0.0
20230129:1709,0.0,12.0,0.0,3.29,3.31,1.38,0.0
20230129:1809,0.0,0.0,0.0,0.0,1.24,1.45,0.0
20230129:1909,0.0,0.0,0.0,0.0,0.04,1.31,0.0
20230129:2009,0.0,0.0,0.0,0.0,-1.12,1.31,0.0
20230129:2109,0.0,0.0,0.0,0.0,-1.24,1.24,0.0
20230129:2209,0.0,0.0,0.0,0.0,-1.43,1.17,0.0
20230129:2309,0.0,0.0,0.0,0.0,-1.56,1.24,0.0
20230130:0009,0.0,0.0,0.0,0.0,-1.69,1.17,0.0
20230130:0109,0.0,0.0,0.0,0.0,-1.46,1.03,0.0
20230130:0209,0.0,0.0,0.0,0.0,-1.36,0.97,0.0
20230130:0309,0.0,0.0,0.0,0.0,-1.7,0.97,0.0
20230130:0409,0.0,0.0,0.0,0.0,-2.06,0.83,0.0
20230130:0509,0.0,0.0,0.0,0.0,-2.24,0.76,0.0
20230130:0609,0.0,0.0,0.0,0.0,-2.47,0.76,0.0
20230130:0709,0.0,0.0,0.0,0.0,-2.68,0.97,0.0
20230130:0809,90.01,35.0,0.0,8.61,-2.76,1.1,0.0
20230130:0909,248.01,61.0,0.0,18.33,-0.17,2.0,0.0
20230130:1009,384.01,78.0,0.0,26.43,2.03,2.76,0.0
20230130:1109,491.01,81.0,0.0,32.21,3.4,2.9,0.0
20230130:1209,508.01,102.0,0.0,34.89,4.72,3.1,0.0
20230130:1309,474.01,114.0,0.0,34.02,5.64,3.03,0.0
20230130:1409,415.01,99.0,0.0,29.75,5.98,2.9,0.0
20230130:1509,307.01,79.0,0.0,22.75,6.01,2.76,0.0
20230130:1609,172.01,48.0,0.0,13.78,5.61,2.55,0.0
20230130:1709,1.0,16.8,0.0,3.5,4.5,1.79,0.0
20230130:1809,0.0,0.0,0.0,0.0,2.79,1.45,0.0
20230130:1909,0.0,0.0,0.0,0.0,1.2,1.24,0.0
20230130:2009,0.0,0.0,0.0,0.0,0.69,1.1,0.0
20230130:2109,0.0,0.0,0.0,0.0,0.79,0.97,0.0
20230130:2209,0.0,0.0,0.0,0.0,-0.08,1.03,0.0
20230130:2309,0.0,0.0,0.0,0.0,-1.01,1.1,0.0
20230131:0009,0.0,0.0,0.0,0.0,-1.31,1.1,0.0
20230131:0109,0.0,0.0,0.0,0.0,-1.63,1.1,0.0
20230131:0209,0.0,0.0,0.0,0.0,-2.07,1.1,0.0
20230131:0309,0.0,0.0,0.0,0.0,-2.67,1.24,0.0
20230131:0409,0.0,0.0,0.0,0.0,-3.1,1.24,0.0
20230131:0509,0.0,0.0,0.0,0.0,-3.42,1.31,0.0
20230131:0609,0.0,0.0,0.0,0.0,-3.59,1.31,0.0
20230131:0709,0.0,0.0,0.0,0.0,-3.7,1.45,0.0
20230131:0809,90.01,38.0,0.0,8.77,-2.99,1.24,0.0
20230131:0909,248.01,66.0,0.0,18.51,1.65,0.62,0.0
20230131:1009,407.01,71.0,0.0,26.65,5.25,0.55,0.0
20230131:1109,504.01,81.0,0.0,32.46,6.96,0.9,0.0
20230131:1209,531.01,96.0,0.0,35.16,8.21,0.97,0.0
20230131:1309,526.01,88.0,0.0,34.3,9.09,1.1,0.0
20230131:1409,460.01,78.0,0.0,30.02,9.55,1.38,0.0
20230131:1509,311.01,83.0,0.0,23.0,9.6,1.52,0.0
20230131:1609,180.01,49.0,0.0,14.02,9.05,1.59,0.0
20230131:1709,1.0,18.79,0.0,3.71,7.76,1.17,0.0
20230131:1809,0.0,0.0,0.0,0.0,5.56,0.83,0.0
20230131:1909,0.0,0.0,0.0,0.0,5.19,0.48,0.0
20230131:2009,0.0,0.0,0.0,0.0,4.18,0.76,0.0
20230131:2109,0.0,0.0,0.0,0.0,3.32,1.03,0.0
20230131:2209,0.0,0.0,0.0,0.0,2.24,1.17,0.0
20230131:2309,0.0,0.0,0.0,0.0,0.59,1.31,0.0
20230201:0009,0.0,0.0,0.0,0.0,-0.48,1.38,0.0
20230201:0109,0.0,0.0,0.0,0.0,-1.15,1.38,0.0
20230201:0209,0.0,0.0,0.0,0.0,-1.69,1.45,0.0
20230201:0309,0.0,0.0,0.0,0.0,-2.0,1.45,0.0
20230201:0409,0.0,0.0,0.0,0.0,-2.25,1.45,0.0
20230201:0509,0.0,0.0,0.0,0.0,-2.36,1.45,0.0
20230201:0609,0.0,0.0,0.0,0.0,-2.4,1.38,0.0
20230201:0709,0.0,0.0,0.0,0.0,-2.86,1.52,0.0
20230201:0809,85.0,43.0,0.0,8.94,-2.15,1.31,0.0
20230201:0909,227.01,81.0,0.0,18.71,2.5,0.62,0.0
20230201:1009,361.01,103.0,0.0,26.88,6.42,0.07,0.0
20230201:1109,474.01,104.0,0.0,32.72,8.05,0.41,0.0
20230201:1209,491.01,125.0,0.0,35.44,9.12,0.55,0.0
20230201:1309,504.01,107.0,0.0,34.58,9.8,0.69,0.0
20230201:1409,432.01,100.0,0.0,30.3,10.19,0.76,0.0
20230201:1509,300.01,94.0,0.0,23.26,10.18,0.76,0.0
20230201:1609,168.01,60.0,0.0,14.25,9.7,0.83,0.0
20230201:1709,2.0,19.59,0.0,3.93,8.5,0.83,0.0
20230201:1809,0.0,0.0,0.0,0.0,6.82,0.55,0.0
20230201:1909,0.0,0.0,0.0,0.0,6.03,0.28,0.0
20230201:2009,0.0,0.0,0.0,0.0,4.93,0.55,0.0
20230201:2109,0.0,0.0,0.0,0.0,3.88,0.76,0.0
20230201:2209,0.0,0.0,0.0,0.0,3.1,0.83,0.0
20230201:2309,0.0,0.0,0.0,0.0,2.45,0.76,0.0
20230202:0009,0.0,0.0,0.0,0.0,1.88,0.76,0.0
20230202:0109,0.0,0.0,0.0,0.0,1.2,0.76,0.0
20230202:0209,0.0,0.0,0.0,0.0,0.53,0.76,0.0
20230202:0309,0.0,0.0,0.0,0.0,0.07,0.69,0.0
20230202:0409,0.0,0.0,0.0,0.0,-0.25,0.69,0.0
20230202:0509,0.0,0.0,0.0,0.0,-0.54,0.69,0.0
20230202:0609,0.0,0.0,0.0,0.0,-0.79,0.69,0.0
20230202:0709,0.0,0.0,0.0,0.0,-1.16,0.76,0.0
20230202:0809,83.0,46.0,0.0,9.11,-0.49,0.55,0.0
20230202:0909,229.01,82.0,0.0,18.91,1.32,0.62,0.0
20230202:1009,363.01,103.0,0.0,27.11,3.5,1.31,0.0
20230202:1109,459.01,115.0,0.0,32.98,5.49,1.79,0.0
20230202:1209,558.01,88.0,0.0,35.73,7.04,2.07,0.0
20230202:1309,498.01,113.0,0.0,34.87,8.12,2.21,0.0
20230202:1409,447.01,94.0,0.0,30.58,8.84,2.41,0.0
20230202:1509,318.01,86.0,0.0,23.51,9.09,2.48,0.0
20230202:1609,171.01,60.0,0.0,14.48,8.78,2.34,0.0
20230202:1709,2.0,20.59,0.0,4.14,7.76,1.72,0.0
20230202:1809,0.0,0.0,0.0,0.0,6.12,1.45,0.0
20230202:1909,0.0,0.0,0.0,0.0,4.09,1.38,0.0
20230202:2009,0.0,0.0,0.0,0.0,4.44,1.03,0.0
20230202:2109,0.0,0.0,0.0,0.0,3.84,0.62,0.0
20230202:2209,0.0,0.0,0.0,0.0,3.23,0.62,0.0
20230202:2309,0.0,0.0,0.0,0.0,2.8,0.76,0.0
20230203:0009,0.0,0.0,0.0,0.0,2.51,0.9,0.0
20230203:0109,0.0,0.0,0.0,0.0,2.37,0.97,0.0
20230203:0209,0.0,0.0,0.0,0.0,2.26,1.03,0.0
20230203:0309,0.0,0.0,0.0,0.0,2.18,1.03,0.0
20230203:0409,0.0,0.0,0.0,0.0,2.07,1.1,0.0
20230203:0509,0.0,0.0,0.0,0.0,1.93,1.17,0.0
20230203:0609,0.0,0.0,0.0,0.0,1.72,1.24,0.0
20230203:0709,0.0,0.0,0.0,0.0,1.32,1.17,0.0
20230203:0809,91.0,45.0,0.0,9.29,1.64,1.03,0.0
20230203:0909,237.01,82.0,0.0,19.11,3.49,0.21,0.0
20230203:1009,367.01,107.0,0.0,27.35,6.97,0.69,0.0
20230203:1109,480.01,109.0,0.0,33.25,8.89,1.31,0.0
20230203:1209,496.01,132.0,0.0,36.02,10.12,1.79,0.0
20230203:1309,492.01,124.0,0.0,35.17,10.91,2.14,0.0
20230203:1409,447.01,100.0,0.0,30.86,11.36,2.55,0.0
20230203:1509,313.01,94.0,0.0,23.77,11.34,2.55,0.0
20230203:1609,176.01,62.0,0.0,14.72,10.8,2.48,0.0
20230203:1709,3.0,23.33,0.0,4.36,9.46,1.66,0.0
20230203:1809,0.0,0.0,0.0,0.0,7.17,1.45,0.0
20230203:1909,0.0,0.0,0.0,0.0,5.1,1.38,0.0
20230203:2009,0.0,0.0,0.0,0.0,5.28,1.1,0.0
20230203:2109,0.0,0.0,0.0,0.0,4.56,1.03,0.0
20230203:2209,0.0,0.0,0.0,0.0,3.77,1.03,0.0
20230203:2309,0.0,0.0,0.0,0.0,3.25,0.97,0.0
20230204:0009,0.0,0.0,0.0,0.0,2.86,0.9,0.0
20230204:0109,0.0,0.0,0.0,0.0,2.41,0.83,0.0
20230204:0209,0.0,0.0,0.0,0.0,2.0,0.83,0.0
20230204:0309,0.0,0.0,0.0,0.0,1.61,0.83,0.0
20230204:0409,0.0,0.0,0.0,0.0,1.28,0.9,0.0
20230204:0509,0.0,0.0,0.0,0.0,0.89,1.03,0.0
20230204:0609,0.0,0.0,0.0,0.0,0.38,1.17,0.0
20230204:0709,0.0,0.0,0.0,0.0,-1.83,1.38,0.0
20230204:0809,84.0,51.0,0.0,9.47,-0.73,1.17,0.0
20230204:0909,234.01,87.0,0.0,19.32,2.99,0.41,0.0
20230204:1009,366.01,112.0,0.0,27.59,7.5,0.62,0.0
20230204:1109,461.01,126.0,0.0,33.52,9.72,1.24,0.0
20230204:1209,475.01,150.0,0.0,36.31,11.45,1.72,0.0
20230204:1309,491.01,130.0,0.0,35.46,12.64,1.86,0.0
20230204:1409,461.01,97.0,0.0,31.14,13.3,1.86,0.0
20230204:1509,326.01,91.0,0.0,24.03,13.46,1.72,0.0
20230204:1609,178.01,64.0,0.0,14.96,13.01,1.52,0.0
20230204:1709,3.0,25.31,0.0,4.58,11.77,1.17,0.0
20230204:1809,0.0,0.0,0.0,0.0,9.25,1.03,0.0
20230204:1909,0.0,0.0,0.0,0.0,9.12,0.9,0.0
20230204:2009,0.0,0.0,0.0,0.0,8.12,0.83,0.0
20230204:2109,0.0,0.0,0.0,0.0,7.33,0.83,0.0
20230204:2209,0.0,0.0,0.0,0.0,6.74,0.97,0.0
20230204:2309,0.0,0.0,0.0,0.0,6.2,1.1,0.0
20230205:0009,0.0,0.0,0.0,0.0,5.53,1.24,0.0
20230205:0109,0.0,0.0,0.0,0.0,4.39,1.38,0.0
20230205:0209,0.0,0.0,0.0,0.0,3.04,1.52,0.0
20230205:0309,0.0,0.0,0.0,0.0,2.7,1.45,0.0
20230205:0409,0.0,0.0,0.0,0.0,3.2,1.38,0.0
20230205:0509,0.0,0.0,0.0,0.0,4.1,1.31,0.0
20230205:0609,0.0,0.0,0.0,0.0,4.44,1.31,0.0
20230205:0709,0.0,0.0,0.0,0.0,2.37,1.52,0.0
20230205:0809,92.0,48.0,0.0,9.66,2.78,1.45,0.0
20230205:0909,248.01,80.0,0.0,19.54,6.59,0.83,0.0
20230205:1009,388.01,100.0,0.0,27.83,10.44,1.38,0.0
20230205:1109,496.01,105.0,0.0,33.8,12.36,2.07,0.0
20230205:1209,504.01,133.0,0.0,36.61,13.59,2.48,0.0
20230205:1309,520.01,113.0,0.0,35.77,14.34,2.55,0.0
20230205:1409,448.01,106.0,0.0,31.43,14.61,2.62,0.0
20230205:1509,321.01,95.0,0.0,24.3,14.39,2.62,0.0
20230205:1609,179.01,65.0,0.0,15.2,13.55,2.41,0.0
20230205:1709,3.0,27.29,0.0,4.8,12.0,1.79,0.0
20230205:1809,0.0,0.0,0.0,0.0,9.37,1.59,0.0
20230205:1909,0.0,0.0,0.0,0.0,7.05,1.38,0.0
20230205:2009,0.0,0.0,0.0,0.0,6.68,1.17,0.0
20230205:2109,0.0,0.0,0.0,0.0,6.15,1.1,0.0
20230205:2209,0.0,0.0,0.0,0.0,5.15,1.17,0.0
20230205:2309,0.0,0.0,0.0,0.0,3.08,1.38,0.0
20230206:0009,0.0,0.0,0.0,0.0,1.26,1.59,0.0
20230206:0109,0.0,0.0,0.0,0.0,0.06,1.66,0.0
20230206:0209,0.0,0.0,0.0,0.0,-0.76,1.66,0.0
20230206:0309,0.0,0.0,0.0,0.0,-1.03,1.59,0.0
20230206:0409,0.0,0.0,0.0,0.0,-0.71,1.52,0.0
20230206:0509,0.0,0.0,0.0,0.0,-0.11,1.52,0.0
20230206:0609,0.0,0.0,0.0,0.0,-0.18,1.59,0.0
20230206:0709,0.0,0.0,0.0,0.0,-1.33,1.79,0.0
20230206:0809,97.0,47.0,0.0,9.85,-0.61,1.59,0.0
20230206:0909,249.01,81.0,0.0,19.76,4.51,0.9,0.0
20230206:1009,395.01,96.0,0.0,28.09,8.66,1.17,0.0
20230206:1109,496.01,106.0,0.0,34.08,10.26,1.38,0.0
20230206:1209,534.01,114.0,0.0,36.91,11.33,1.86,0.0
20230206:1309,520.01,113.0,0.0,36.07,11.91,2.34,0.0
20230206:1409,462.01,99.0,0.0,31.72,11.85,2.48,0.0
20230206:1509,333.01,90.0,0.0,24.56,11.54,2.41,0.0
20230206:1609,193.01,60.0,0.0,15.44,10.75,2.07,0.0
20230206:1709,4.0,29.02,0.0,5.02,9.32,1.24,0.0
20230206:1809,0.0,0.0,0.0,0.0,7.58,0.9,0.0
20230206:1909,0.0,0.0,0.0,0.0,6.35,1.38,0.0
20230206:2009,0.0,0.0,0.0,0.0,4.88,1.93,0.0
20230206:2109,0.0,0.0,0.0,0.0,4.13,2.14,0.0
20230206:2209,0.0,0.0,0.0,0.0,3.59,1.72,0.0
20230206:2309,0.0,0.0,0.0,0.0,2.83,1.45,0.0
20230207:0009,0.0,0.0,0.0,0.0,2.08,1.52,0.0
20230207:0109,0.0,0.0,0.0,0.0,1.42,1.38,0.0
20230207:0209,0.0,0.0,0.0,0.0,0.86,1.17,0.0
20230207:0309,0.0,0.0,0.0,0.0,0.67,1.1,0.0
20230207:0409,0.0,0.0,0.0,0.0,0.18,0.97,0.0
20230207:0509,0.0,0.0,0.0,0.0,-0.32,0.97,0.0
20230207:0609,0.0,0.0,0.0,0.0,-0.82,0.97,0.0
20230207:0709,0.0,0.0,0.0,0.0,-0.31,1.31,0.0
20230207:0809,11.0,70.0,0.0,10.05,-0.08,1.45,0.0
20230207:0909,75.0,160.0,0.0,19.98,1.3,2.0,0.0
20230207:1009,100.0,235.0,0.0,28.34,2.57,2.28,0.0
20230207:1109,72.0,287.0,0.0,34.37,4.04,2.48,0.0
20230207:1209,0.0,187.0,0.0,37.22,4.97,2.34,0.0
20230207:1309,57.0,300.0,0.0,36.38,5.52,2.28,0.0
20230207:1409,3.0,201.0,0.0,32.01,5.73,2.55,0.0
20230207:1509,3.0,158.0,0.0,24.83,4.44,2.48,0.0
20230207:1609,57.0,121.0,0.0,15.68,3.46,1.86,0.0
20230207:1709,27.0,22.89,0.0,5.24,2.35,1.45,0.0
20230207:1809,0.0,0.0,0.0,0.0,1.74,1.31,0.0
20230207:1909,0.0,0.0,0.0,0.0,1.48,1.31,0.0
20230207:2009,0.0,0.0,0.0,0.0,1.14,1.38,0.0
20230207:2109,0.0,0.0,0.0,0.0,1.16,1.31,0.0
20230207:2209,0.0,0.0,0.0,0.0,1.05,1.38,0.0
20230207:2309,0.0,0.0,0.0,0.0,1.17,2.0,0.0
20230208:0009,0.0,0.0,0.0,0.0,1.12,1.52,0.0
20230208:0109,0.0,0.0,0.0,0.0,1.04,1.38,0.0
20230208:0209,0.0,0.0,0.0,0.0,0.8,1.24,0.0
20230208:0309,0.0,0.0,0.0,0.0,0.81,1.1,0.0
20230208:0409,0.0,0.0,0.0,0.0,0.79,0.97,0.0
20230208:0509,0.0,0.0,0.0,0.0,0.76,0.97,0.0
20230208:0609,0.0,0.0,0.0,0.0,0.4,0.9,0.0
20230208:0709,0.0,0.0,0.0,0.0,0.89,1.31,0.0
20230208:0809,0.0,28.0,0.0,10.25,1.33,1.79,0.0
20230208:0909,0.0,94.0,0.0,20.21,2.18,2.28,0.0
20230208:1009,133.0,229.0,0.0,28.61,3.62,2.48,0.0
20230208:1109,487.01,109.0,0.0,34.66,5.12,2.55,0.0
20230208:1209,350.01,221.0,0.0,37.53,6.45,2.21,0.0
20230208:1309,380.01,195.0,0.0,36.69,6.69,2.14,0.0
20230208:1409,400.01,135.0,0.0,32.3,6.8,2.28,0.0
20230208:1509,36.0,203.0,0.0,25.1,7.0,2.48,0.0
20230208:1609,33.0,125.0,0.0,15.92,6.78,2.48,0.0
20230208:1709,39.0,18.41,0.0,5.46,6.22,2.28,0.0
20230208:1809,0.0,0.0,0.0,0.0,5.12,1.79,0.0
20230208:1909,0.0,0.0,0.0,0.0,3.81,1.59,0.0
20230208:2009,0.0,0.0,0.0,0.0,3.12,1.52,0.0
20230208:2109,0.0,0.0,0.0,0.0,2.41,1.38,0.0
20230208:2209,0.0,0.0,0.0,0.0,2.19,1.31,0.0
20230208:2309,0.0,0.0,0.0,0.0,2.49,1.38,0.0
20230209:0009,0.0,0.0,0.0,0.0,2.53,1.24,0.0
20230209:0109,0.0,0.0,0.0,0.0,2.45,1.24,0.0
20230209:0209,0.0,0.0,0.0,0.0,2.27,1.17,0.0
20230209:0309,0.0,0.0,0.0,0.0,2.21,1.24,0.0
20230209:0409,0.0,0.0,0.0,0.0,1.89,1.17,0.0
20230209:0509,0.0,0.0,0.0,0.0,1.68,1.03,0.0
20230209:0609,0.0,0.0,0.0,0.0,1.3,0.97,0.0
20230209:0709,0.0,0.0,0.0,0.0,1.33,1.17,0.0
20230209:0809,31.0,78.0,0.0,10.46,1.42,1.38,0.0
20230209:0909,12.0,151.0,0.0,20.45,2.62,2.0,0.0
20230209:1009,15.0,216.0,0.0,28.87,4.02,2.34,0.0
20230209:1109,341.01,201.0,0.0,34.96,5.43,2.14,0.0
20230209:1209,373.01,214.0,0.0,37.85,6.67,1.93,0.0
20230209:1309,10.0,258.0,0.0,37.01,7.62,1.72,0.0
20230209:1409,36.0,263.0,0.0,32.6,7.64,1.93,0.0
20230209:1509,60.0,212.0,0.0,25.37,7.53,2.07,0.0
20230209:1609,116.0,106.0,0.0,16.17,6.64,2.41,0.0
20230209:1709,41.0,19.73,0.0,5.68,5.42,2.62,0.0
20230209:1809,0.0,0.0,0.0,0.0,3.94,2.34,0.0
20230209:1909,0.0,0.0,0.0,0.0,3.12,2.34,0.0
20230209:2009,0.0,0.0,0.0,0.0,1.98,2.0,0.0
20230209:2109,0.0,0.0,0.0,0.0,1.44,1.86,0.0
20230209:2209,0.0,0.0,0.0,0.0,1.08,1.72,0.0
20230209:2309,0.0,0.0,0.0,0.0,0.98,1.86,0.0
20230210:0009,0.0,0.0,0.0,0.0,0.83,1.93,0.0
20230210:0109,0.0,0.0,0.0,0.0,0.34,2.14,0.0
20230210:0209,0.0,0.0,0.0,0.0,-0.17,2.0,0.0
20230210:0309,0.0,0.0,0.0,0.0,-0.53,1.93,0.0
20230210:0409,0.0,0.0,0.0,0.0,-0.71,1.93,0.0
20230210:0509,0.0,0.0,0.0,0.0,-1.18,1.93,0.0
20230210:0609,0.0,0.0,0.0,0.0,-1.28,2.0,0.0
20230210:0709,0.0,0.0,0.0,0.0,-0.95,2.28,0.0
20230210:0809,120.01,45.0,0.0,10.67,-0.45,2.62,0.0
20230210:0909,109.0,162.0,0.0,20.69,0.93,3.59,0.0
20230210:1009,336.01,146.0,0.0,29.14,2.66,4.07,0.0
20230210:1109,277.01,245.0,0.0,35.26,3.73,4.14,0.0
20230210:1209,535.01,130.0,0.0,38.17,4.48,4.21,0.0
20230210:1309,620.01,72.0,0.0,37.33,4.81,4.21,0.0
20230210:1409,512.01,85.0,0.0,32.9,4.76,4.21,0.0
20230210:1509,329.01,106.0,0.0,25.64,4.56,4.14,0.0
20230210:1609,222.01,57.0,0.0,16.41,3.84,3.93,0.0
20230210:1709,50.0,27.0,0.0,5.9,2.66,3.45,0.0
20230210:1809,0.0,0.0,0.0,0.0,1.54,3.17,0.0
20230210:1909,0.0,0.0,0.0,0.0,0.56,2.97,0.0
20230210:2009,0.0,0.0,0.0,0.0,0.02,3.03,0.0
20230210:2109,0.0,0.0,0.0,0.0,-0.17,3.17,0.0
20230210:2209,0.0,0.0,0.0,0.0,-0.12,3.31,0.0
20230210:2309,0.0,0.0,0.0,0.0,-0.11,3.03,0.0
20230211:0009,0.0,0.0,0.0,0.0,-0.05,2.97,0.0
20230211:0109,0.0,0.0,0.0,0.0,0.02,2.97,0.0
20230211:0209,0.0,0.0,0.0,0.0,0.14,2.9,0.0
20230211:0309,0.0,0.0,0.0,0.0,0.11,2.76,0.0
20230211:0409,0.0,0.0,0.0,0.0,0.25,2.76,0.0
20230211:0509,0.0,0.0,0.0,0.0,0.37,2.34,0.0
20230211:0609,0.0,0.0,0.0,0.0,0.52,2.41,0.0
20230211:0709,0.0,0.0,0.0,0.0,0.39,1.86,0.0
20230211:0809,123.01,45.0,0.0,10.89,0.81,2.48,0.0
20230211:0909,296.01,68.0,0.0,20.93,1.76,3.03,0.0
20230211:1009,442.01,84.0,0.0,29.42,3.07,4.07,0.0
20230211:1109,377.01,192.0,0.0,35.57,4.12,4.62,0.0
20230211:1209,465.01,172.0,0.0,38.5,5.18,4.83,0.0
20230211:1309,352.01,228.0,0.0,37.65,5.66,4.76,0.0
20230211:1409,266.01,225.0,0.0,33.2,5.85,4.62,0.0
20230211:1509,216.01,170.0,0.0,25.91,5.75,4.48,0.0
20230211:1609,222.01,58.0,0.0,16.65,5.12,4.21,0.0
20230211:1709,51.0,28.0,0.0,6.12,3.91,3.59,0.0
20230211:1809,0.0,0.0,0.0,0.0,2.35,2.97,0.0
20230211:1909,0.0,0.0,0.0,0.0,1.53,2.34,0.0
20230211:2009,0.0,0.0,0.0,0.0,1.16,2.55,0.0
20230211:2109,0.0,0.0,0.0,0.0,1.1,2.07,0.0
20230211:2209,0.0,0.0,0.0,0.0,1.2,2.14,0.0
20230211:2309,0.0,0.0,0.0,0.0,1.31,2.21,0.0
20230212:0009,0.0,0.0,0.0,0.0,1.35,2.0,0.0
20230212:0109,0.0,0.0,0.0,0.0,1.19,2.0,0.0
20230212:0209,0.0,0.0,0.0,0.0,1.2,1.93,0.0
20230212:0309,0.0,0.0,0.0,0.0,1.05,1.79,0.0
20230212:0409,0.0,0.0,0.0,0.0,1.1,1.93,0.0
20230212:0509,0.0,0.0,0.0,0.0,1.08,1.86,0.0
20230212:0609,0.0,0.0,0.0,0.0,1.09,1.86,0.0
20230212:0709,0.0,0.0,0.0,0.0,1.7,1.59,0.0
20230212:0809,76.0,69.0,0.0,11.11,1.9,2.21,0.0
20230212:0909,67.0,172.0,0.0,21.18,2.79,3.24,0.0
20230212:1009,238.01,196.0,0.0,29.7,4.13,3.66,0.0
20230212:1109,506.01,110.0,0.0,35.88,5.53,3.93,0.0
20230212:1209,544.01,119.0,0.0,38.83,6.94,3.79,0.0
20230212:1309,547.01,108.0,0.0,37.98,8.08,3.45,0.0
20230212:1409,379.01,160.0,0.0,33.51,8.54,3.17,0.0
20230212:1509,74.0,217.0,0.0,26.18,8.34,3.17,0.0
20230212:1609,169.01,86.0,0.0,16.9,7.66,3.31,0.0
20230212:1709,44.0,32.0,0.0,6.34,6.26,2.97,0.0
20230212:1809,0.0,0.0,0.0,0.0,4.61,2.41,0.0
20230212:1909,0.0,0.0,0.0,0.0,3.66,2.0,0.0
20230212:2009,0.0,0.0,0.0,0.0,2.9,1.66,0.0
20230212:2109,0.0,0.0,0.0,0.0,2.49,1.52,0.0
20230212:2209,0.0,0.0,0.0,0.0,1.78,1.59,0.0
20230212:2309,0.0,0.0,0.0,0.0,1.63,1.45,0.0
20230213:0009,0.0,0.0,0.0,0.0,1.62,1.52,0.0
20230213:0109,0.0,0.0,0.0,0.0,1.54,1.45,0.0
20230213:0209,0.0,0.0,0.0,0.0,1.38,1.45,0.0
20230213:0309,0.0,0.0,0.0,0.0,1.22,1.45,0.0
20230213:0409,0.0,0.0,0.0,0.0,1.07,1.45,0.0
20230213:0509,0.0,0.0,0.0,0.0,0.84,1.45,0.0
20230213:0609,0.0,0.0,0.0,0.0,0.46,1.45,0.0
20230213:0709,0.0,0.0,0.0,0.0,0.56,1.38,0.0
20230213:0809,61.0,78.0,0.0,11.34,1.75,1.72,0.0
20230213:0909,271.01,83.0,0.0,21.44,3.43,2.76,0.0
20230213:1009,425.01,95.0,0.0,29.99,4.97,3.31,0.0
20230213:1109,522.01,106.0,0.0,36.2,6.77,3.45,0.0
20230213:1209,562.01,114.0,0.0,39.16,7.95,3.72,0.0
20230213:1309,539.01,118.0,0.0,38.31,8.86,3.72,0.0
20230213:1409,489.01,100.0,0.0,33.81,9.62,3.59,0.0
20230213:1509,358.01,92.0,0.0,26.46,9.42,3.66,0.0
20230213:1609,199.01,73.0,0.0,17.14,8.54,3.59,0.0
20230213:1709,32.0,40.0,0.0,6.56,7.18,3.17,0.0
20230213:1809,0.0,0.0,0.0,0.0,5.46,2.55,0.0
20230213:1909,0.0,0.0,0.0,0.0,4.52,2.28,0.0
20230213:2009,0.0,0.0,0.0,0.0,3.59,2.07,0.0
20230213:2109,0.0,0.0,0.0,0.0,3.02,2.14,0.0
20230213:2209,0.0,0.0,0.0,0.0,2.7,2.07,0.0
20230213:2309,0.0,0.0,0.0,0.0,2.69,2.07,0.0
20230214:0009,0.0,0.0,0.0,0.0,2.59,2.14,0.0
20230214:0109,0.0,0.0,0.0,0.0,2.7,2.21,0.0
20230214:0209,0.0,0.0,0.0,0.0,2.59,2.14,0.0
20230214:0309,0.0,0.0,0.0,0.0,2.4,2.07,0.0
20230214:0409,0.0,0.0,0.0,0.0,2.32,2.0,0.0
20230214:0509,0.0,0.0,0.0,0.0,2.01,1.93,0.0
20230214:0609,0.0,0.0,0.0,0.0,1.78,1.93,0.0
20230214:0709,0.0,0.0,0.0,0.0,2.11,1.79,0.0
20230214:0809,27.0,87.0,0.0,11.57,2.6,1.86,0.0
20230214:0909,0.0,117.0,0.0,21.69,3.89,2.69,0.0
20230214:1009,38.0,245.0,0.0,30.28,5.23,3.1,0.0
20230214:1109,15.0,265.0,0.0,36.52,6.83,3.45,0.0
20230214:1209,1.0,225.0,0.0,39.5,8.27,3.72,0.0
20230214:1309,106.0,321.0,0.0,38.64,8.97,3.72,0.0
20230214:1409,334.01,192.0,0.0,34.12,9.27,3.66,0.0
20230214:1509,172.0,194.0,0.0,26.73,8.82,3.52,0.0
20230214:1609,173.01,89.0,0.0,17.39,8.46,3.31,0.0
20230214:1709,6.0,42.0,0.0,6.78,7.56,2.9,0.0
20230214:1809,0.0,0.0,0.0,0.0,6.44,2.55,0.0
20230214:1909,0.0,0.0,0.0,0.0,5.15,2.07,0.0
20230214:2009,0.0,0.0,0.0,0.0,4.56,1.86,0.0
20230214:2109,0.0,0.0,0.0,0.0,4.16,1.72,0.0
20230214:2209,0.0,0.0,0.0,0.0,3.79,1.66,0.0
20230214:2309,0.0,0.0,0.0,0.0,3.6,1.59,0.0
20230215:0009,0.0,0.0,0.0,0.0,3.36,1.59,0.0
20230215:0109,0.0,0.0,0.0,0.0,3.2,1.45,0.0
20230215:0209,0.0,0.0,0.0,0.0,3.1,1.31,0.0
20230215:0309,0.0,0.0,0.0,0.0,2.71,1.31,0.0
20230215:0409,0.0,0.0,0.0,0.0,2.56,1.24,0.0
20230215:0509,0.0,0.0,0.0,0.0,2.21,1.38,0.0
20230215:0609,0.0,0.0,0.0,0.0,2.37,1.45,0.0
20230215:0709,0.0,0.0,0.0,0.0,2.31,1.31,0.0
20230215:0809,37.0,87.0,0.0,11.81,3.01,1.66,0.0
20230215:0909,75.0,177.0,0.0,21.96,4.41,2.83,0.0
20230215:1009,248.01,197.0,0.0,30.57,6.14,3.59,0.0
20230215:1109,9.0,250.0,0.0,36.84,7.96,4.0,0.0
20230215:1209,59.0,323.0,0.0,39.84,9.31,4.14,0.0
20230215:1309,335.01,239.0,0.0,38.98,9.83,4.0,0.0
20230215:1409,339.01,190.0,0.0,34.43,10.03,3.79,0.0
20230215:1509,309.01,123.0,0.0,27.01,9.83,3.59,0.0
20230215:1609,186.01,83.0,0.0,17.63,9.13,3.17,0.0
20230215:1709,31.0,44.0,0.0,7.01,8.1,2.83,0.0
20230215:1809,0.0,0.0,0.0,0.0,6.67,2.55,0.0
20230215:1909,0.0,0.0,0.0,0.0,5.5,2.0,0.0
20230215:2009,0.0,0.0,0.0,0.0,4.45,1.72,0.0
20230215:2109,0.0,0.0,0.0,0.0,3.63,1.45,0.0
20230215:2209,0.0,0.0,0.0,0.0,2.78,1.31,0.0
20230215:2309,0.0,0.0,0.0,0.0,2.12,1.24,0.0
20230216:0009,0.0,0.0,0.0,0.0,2.16,1.24,0.0
20230216:0109,0.0,0.0,0.0,0.0,2.35,1.24,0.0
20230216:0209,0.0,0.0,0.0,0.0,2.32,1.17,0.0
20230216:0309,0.0,0.0,0.0,0.0,2.13,1.1,0.0
20230216:0409,0.0,0.0,0.0,0.0,1.93,0.97,0.0
20230216:0509,0.0,0.0,0.0,0.0,1.54,0.9,0.0
20230216:0609,0.0,0.0,0.0,0.0,1.37,0.9,0.0
20230216:0709,0.0,0.0,0.0,0.0,1.63,0.83,0.0
20230216:0809,124.0,54.0,0.0,12.05,2.32,0.76,0.0
20230216:0909,290.01,81.0,0.0,22.22,5.15,1.52,0.0
20230216:1009,277.01,187.0,0.0,30.87,7.23,2.14,0.0
20230216:1109,476.01,141.0,0.0,37.17,9.16,2.76,0.0
20230216:1209,509.01,153.0,0.0,40.19,10.83,2.83,0.0
20230216:1309,39.0,311.0,0.0,39.31,11.82,2.62,0.0
20230216:1409,9.0,240.0,0.0,34.74,12.12,2.41,0.0
20230216:1509,35.0,219.0,0.0,27.29,11.71,2.55,0.0
20230216:1609,31.0,140.0,0.0,17.88,10.98,2.83,0.0
20230216:1709,6.0,46.0,0.0,7.23,9.71,2.83,0.0
20230216:1809,0.0,0.0,0.0,0.0,8.0,2.48,0.0
20230216:1909,0.0,0.0,0.0,0.0,6.45,2.14,0.0
20230216:2009,0.0,0.0,0.0,0.0,5.44,1.86,0.0
20230216:2109,0.0,0.0,0.0,0.0,4.25,1.72,0.0
20230216:2209,0.0,0.0,0.0,0.0,2.91,1.66,0.0
20230216:2309,0.0,0.0,0.0,0.0,1.95,1.66,0.0
20230217:0009,0.0,0.0,0.0,0.0,1.46,1.59,0.0
20230217:0109,0.0,0.0,0.0,0.0,1.18,1.59,0.0
20230217:0209,0.0,0.0,0.0,0.0,0.96,1.59,0.0
20230217:0309,0.0,0.0,0.0,0.0,0.52,1.66,0.0
20230217:0409,0.0,0.0,0.0,0.0,0.29,1.79,0.0
20230217:0509,0.0,0.0,0.0,0.0,0.17,1.79,0.0
20230217:0609,0.0,0.0,0.0,0.0,-0.01,1.86,0.0
20230217:0709,0.0,0.0,0.0,0.0,0.39,1.79,0.0
20230217:0809,49.0,89.0,0.0,12.29,1.78,1.59,0.0
20230217:0909,29.0,178.0,0.0,22.5,5.89,2.34,0.0
20230217:1009,153.0,243.0,0.0,31.17,8.17,3.24,0.0
20230217:1109,195.0,288.0,0.0,37.5,9.72,3.66,0.0
20230217:1209,283.01,279.0,0.0,40.54,10.61,3.86,0.0
20230217:1309,100.0,327.0,0.0,39.65,11.24,4.07,0.0
20230217:1409,15.0,253.0,0.0,35.05,11.25,4.21,0.0
20230217:1509,1.0,155.0,0.0,27.56,10.28,4.07,0.0
20230217:1609,0.0,90.0,0.0,18.12,8.87,3.59,0.0
20230217:1709,3.0,44.0,0.0,7.45,7.67,3.17,0.0
20230217:1809,0.0,0.0,0.0,0.0,6.68,2.76,0.0
20230217:1909,0.0,0.0,0.0,0.0,5.49,2.69,0.0
20230217:2009,0.0,0.0,0.0,0.0,4.97,2.41,0.0
20230217:2109,0.0,0.0,0.0,0.0,4.78,2.28,0.0
20230217:2209,0.0,0.0,0.0,0.0,4.59,2.34,0.0
20230217:2309,0.0,0.0,0.0,0.0,4.55,2.34,0.0
20230218:0009,0.0,0.0,0.0,0.0,4.68,2.34,0.0
20230218:0109,0.0,0.0,0.0,0.0,4.4,2.21,0.0
20230218:0209,0.0,0.0,0.0,0.0,4.33,2.14,0.0
20230218:0309,0.0,0.0,0.0,0.0,4.06,2.07,0.0
20230218:0409,0.0,0.0,0.0,0.0,4.14,2.07,0.0
20230218:0509,0.0,0.0,0.0,0.0,3.79,2.07,0.0
20230218:0609,0.0,0.0,0.0,0.0,3.52,2.14,0.0
20230218:0709,0.0,0.0,0.0,0.0,3.26,1.86,0.0
20230218:0809,8.0,86.0,0.0,12.54,4.0,1.72,0.0
20230218:0909,193.0,139.0,0.0,22.77,6.61,2.21,0.0
20230218:1009,122.0,254.0,0.0,31.48,8.7,2.83,0.0
20230218:1109,84.0,312.0,0.0,37.84,11.03,3.38,0.0
20230218:1209,3.0,243.0,0.0,40.89,12.85,3.52,0.0
20230218:1309,0.0,112.0,0.0,40.0,13.84,3.45,0.0
20230218:1409,45.0,283.0,0.0,35.36,14.35,3.52,0.0
20230218:1509,0.0,143.0,0.0,27.84,14.3,3.52,0.0
20230218:1609,0.0,55.0,0.0,18.37,13.56,3.38,0.0
20230218:1709,33.0,49.0,0.0,7.67,12.13,2.76,0.0
20230218:1809,0.0,0.0,0.0,0.0,10.15,2.28,0.0
20230218:1909,0.0,0.0,0.0,0.0,8.25,1.79,0.0
20230218:2009,0.0,0.0,0.0,0.0,6.84,1.72,0.0
20230218:2109,0.0,0.0,0.0,0.0,5.4,1.66,0.0
20230218:2209,0.0,0.0,0.0,0.0,4.16,1.66,0.0
20230218:2309,0.0,0.0,0.0,0.0,3.52,1.59,0.0
20230219:0009,0.0,0.0,0.0,0.0,3.09,1.59,0.0
20230219:0109,0.0,0.0,0.0,0.0,2.76,1.59,0.0
20230219:0209,0.0,0.0,0.0,0.0,2.4,1.59,0.0
20230219:0309,0.0,0.0,0.0,0.0,2.17,1.59,0.0
20230219:0409,0.0,0.0,0.0,0.0,2.05,1.59,0.0
20230219:0509,0.0,0.0,0.0,0.0,2.08,1.66,0.0
20230219:0609,0.0,0.0,0.0,0.0,2.15,1.66,0.0
20230219:0709,0.0,1.0,0.0,1.62,2.91,1.59,0.0
20230219:0809,3.0,79.0,0.0,12.8,3.93,1.38,0.0
20230219:0909,0.0,101.0,0.0,23.05,7.24,1.52,0.0
20230219:1009,0.0,132.0,0.0,31.79,9.95,2.28,0.0
20230219:1109,379.01,210.0,0.0,38.18,11.85,2.97,0.0
20230219:1209,588.01,116.0,0.0,41.24,13.5,3.45,0.0
20230219:1309,180.0,321.0,0.0,40.34,14.5,3.59,0.0
20230219:1409,343.01,203.0,0.0,35.68,14.92,3.66,0.0
20230219:1509,30.0,222.0,0.0,28.12,14.8,3.59,0.0
20230219:1609,109.0,134.0,0.0,18.61,13.98,3.38,0.0
20230219:1709,17.0,54.0,0.0,7.89,12.57,2.76,0.0
20230219:1809,0.0,0.0,0.0,0.0,10.62,2.41,0.0
20230219:1909,0.0,0.0,0.0,0.0,8.76,2.14,0.0
20230219:2009,0.0,0.0,0.0,0.0,7.18,1.93,0.0
20230219:2109,0.0,0.0,0.0,0.0,5.58,1.93,0.0
20230219:2209,0.0,0.0,0.0,0.0,4.28,1.93,0.0
20230219:2309,0.0,0.0,0.0,0.0,3.41,1.93,0.0
20230220:0009,0.0,0.0,0.0,0.0,2.97,1.93,0.0
20230220:0109,0.0,0.0,0.0,0.0,2.73,1.93,0.0
20230220:0209,0.0,0.0,0.0,0.0,2.56,1.93,0.0
20230220:0309,0.0,0.0,0.0,0.0,2.39,1.93,0.0
20230220:0409,0.0,0.0,0.0,0.0,2.3,2.0,0.0
20230220:0509,0.0,0.0,0.0,0.0,2.17,2.0,0.0
20230220:0609,0.0,0.0,0.0,0.0,2.17,2.0,0.0
20230220:0709,0.0,2.0,0.0,1.86,2.68,2.0,0.0
20230220:0809,4.0,83.0,0.0,13.05,3.85,1.86,0.0
20230220:0909,100.0,186.0,0.0,23.33,8.53,2.21,0.0
20230220:1009,398.01,133.0,0.0,32.11,11.46,2.76,0.0
20230220:1109,587.01,92.0,0.0,38.52,13.65,3.24,0.0
20230220:1209,670.01,75.0,0.0,41.6,15.09,3.31,0.0
20230220:1309,654.01,75.0,0.0,40.69,16.14,3.17,0.0
20230220:1409,544.01,90.0,0.0,35.99,16.64,3.03,0.0
20230220:1509,394.01,92.0,0.0,28.4,16.61,2.83,0.0
20230220:1609,209.01,87.0,0.0,18.86,15.96,2.69,0.0
20230220:1709,56.0,45.0,0.0,8.11,14.55,2.28,0.0
20230220:1809,0.0,0.0,0.0,0.0,12.39,2.07,0.0
20230220:1909,0.0,0.0,0.0,0.0,10.36,1.52,0.0
20230220:2009,0.0,0.0,0.0,0.0,8.32,1.31,0.0
20230220:2109,0.0,0.0,0.0,0.0,7.2,1.31,0.0
20230220:2209,0.0,0.0,0.0,0.0,5.98,1.38,0.0
20230220:2309,0.0,0.0,0.0,0.0,4.93,1.52,0.0
20230221:0009,0.0,0.0,0.0,0.0,4.22,1.59,0.0
20230221:0109,0.0,0.0,0.0,0.0,3.78,1.59,0.0
20230221:0209,0.0,0.0,0.0,0.0,3.56,1.52,0.0
20230221:0309,0.0,0.0,0.0,0.0,3.23,1.52,0.0
20230221:0409,0.0,0.0,0.0,0.0,3.18,1.52,0.0
20230221:0509,0.0,0.0,0.0,0.0,2.96,1.52,0.0
20230221:0609,0.0,0.0,0.0,0.0,3.01,1.52,0.0
20230221:0709,0.0,5.0,0.0,2.1,2.74,1.66,0.0
20230221:0809,21.0,100.0,0.0,13.31,4.18,1.24,0.0
20230221:0909,67.0,193.0,0.0,23.62,9.67,0.97,0.0
20230221:1009,465.01,95.0,0.0,32.42,12.86,0.83,0.0
20230221:1109,480.01,156.0,0.0,38.87,14.67,0.69,0.0
20230221:1209,502.01,176.0,0.0,41.96,16.07,1.45,0.0
20230221:1309,452.01,196.0,0.0,41.04,16.72,2.41,0.0
20230221:1409,42.0,290.0,0.0,36.31,13.87,2.83,0.0
20230221:1509,205.0,198.0,0.0,28.67,14.3,2.48,0.0
20230221:1609,187.0,101.0,0.0,19.1,14.33,2.41,0.0
20230221:1709,47.0,51.0,0.0,8.32,13.5,1.93,0.0
20230221:1809,0.0,0.0,0.0,0.0,12.33,1.31,0.0
20230221:1909,0.0,0.0,0.0,0.0,10.98,0.76,0.0
20230221:2009,0.0,0.0,0.0,0.0,10.11,0.9,0.0
20230221:2109,0.0,0.0,0.0,0.0,8.73,1.03,0.0
20230221:2209,0.0,0.0,0.0,0.0,7.62,1.17,0.0
20230221:2309,0.0,0.0,0.0,0.0,6.87,1.17,0.0
20230222:0009,0.0,0.0,0.0,0.0,6.27,1.24,0.0
20230222:0109,0.0,0.0,0.0,0.0,5.58,1.24,0.0
20230222:0209,0.0,0.0,0.0,0.0,5.08,1.24,0.0
20230222:0309,0.0,0.0,0.0,0.0,4.62,1.24,0.0
20230222:0409,0.0,0.0,0.0,0.0,4.28,1.24,0.0
20230222:0509,0.0,0.0,0.0,0.0,3.98,1.24,0.0
20230222:0609,0.0,0.0,0.0,0.0,3.72,1.24,0.0
20230222:0709,0.0,8.0,0.0,2.34,3.4,1.24,0.0
20230222:0809,135.0,67.0,0.0,13.58,4.73,0.83,0.0
20230222:0909,321.01,84.0,0.0,23.91,8.45,0.48,0.0
20230222:1009,479.01,94.0,0.0,32.75,10.83,1.03,0.0
20230222:1109,627.01,78.0,0.0,39.22,12.41,1.24,0.0
20230222:1209,654.01,93.0,0.0,42.33,13.64,1.52,0.0
20230222:1309,630.01,97.0,0.0,41.39,14.56,1.86,0.0
20230222:1409,559.01,89.0,0.0,36.63,14.98,2.21,0.0
20230222:1509,389.01,102.0,0.0,28.95,14.96,2.48,0.0
20230222:1609,236.01,78.0,0.0,19.34,14.4,2.41,0.0
20230222:1709,68.0,44.0,0.0,8.54,13.34,2.14,0.0
20230222:1809,0.0,0.0,0.0,0.0,11.72,1.52,0.0
20230222:1909,0.0,0.0,0.0,0.0,9.6,1.24,0.0
20230222:2009,0.0,0.0,0.0,0.0,8.98,0.76,0.0
20230222:2109,0.0,0.0,0.0,0.0,8.48,0.41,0.0
20230222:2209,0.0,0.0,0.0,0.0,7.55,0.55,0.0
20230222:2309,0.0,0.0,0.0,0.0,6.45,0.97,0.0
20230223:0009,0.0,0.0,0.0,0.0,4.64,1.24,0.0
20230223:0109,0.0,0.0,0.0,0.0,3.5,1.38,0.0
20230223:0209,0.0,0.0,0.0,0.0,2.66,1.45,0.0
20230223:0309,0.0,0.0,0.0,0.0,2.03,1.52,0.0
20230223:0409,0.0,0.0,0.0,0.0,1.68,1.52,0.0
20230223:0509,0.0,0.0,0.0,0.0,1.4,1.45,0.0
20230223:0609,0.0,0.0,0.0,0.0,1.29,1.45,0.0
20230223:0709,0.0,10.0,0.0,2.59,1.25,1.45,0.0
20230223:0809,153.0,60.0,0.0,13.85,3.42,1.03,0.0
20230223:0909,329.01,83.0,0.0,24.2,7.91,1.17,0.0
20230223:1009,482.01,95.0,0.0,33.07,9.98,1.45,0.0
20230223:1109,583.01,105.0,0.0,39.58,11.44,2.14,0.0
20230223:1209,549.01,158.0,0.0,42.69,12.55,2.76,0.0
20230223:1309,609.01,111.0,0.0,41.74,13.22,3.38,0.0
20230223:1409,570.01,86.0,0.0,36.95,13.09,3.59,0.0
20230223:1509,208.0,205.0,0.0,29.23,12.55,3.59,0.0
20230223:1609,160.0,122.0,0.0,19.59,11.56,3.45,0.0
20230223:1709,77.0,42.0,0.0,8.76,10.02,3.03,0.0
20230223:1809,0.0,0.0,0.0,0.0,8.16,2.34,0.0
20230223:1909,0.0,0.0,0.0,0.0,6.77,2.14,0.0
20230223:2009,0.0,0.0,0.0,0.0,5.42,1.79,0.0
20230223:2109,0.0,0.0,0.0,0.0,4.01,1.31,0.0
20230223:2209,0.0,0.0,0.0,0.0,3.13,0.9,0.0
20230223:2309,0.0,0.0,0.0,0.0,2.76,0.76,0.0
20230224:0009,0.0,0.0,0.0,0.0,2.36,0.76,0.0
20230224:0109,0.0,0.0,0.0,0.0,1.84,0.62,0.0
20230224:0209,0.0,0.0,0.0,0.0,1.47,0.48,0.0
20230224:0309,0.0,0.0,0.0,0.0,1.13,0.41,0.0
20230224:0409,0.0,0.0,0.0,0.0,0.73,0.41,0.0
20230224:0509,0.0,0.0,0.0,0.0,0.52,0.55,0.0
20230224:0609,0.0,0.0,0.0,0.0,0.33,0.69,0.0
20230224:0709,0.0,4.0,0.0,2.85,0.02,0.55,0.0
20230224:0809,176.0,53.0,0.0,14.12,1.13,0.34,0.0
20230224:0909,19.0,188.0,0.0,24.5,3.14,0.55,0.0
20230224:1009,535.01,73.0,0.0,33.4,4.43,0.76,0.0
20230224:1109,622.01,91.0,0.0,39.93,5.5,0.69,0.0
20230224:1209,500.01,196.0,0.0,43.06,6.5,0.48,0.0
20230224:1309,508.01,182.0,0.0,42.1,8.16,0.9,0.0
20230224:1409,500.01,134.0,0.0,37.26,9.29,2.07,0.0
20230224:1509,306.01,161.0,0.0,29.51,9.5,2.76,0.0
20230224:1609,46.0,162.0,0.0,19.83,9.04,3.1,0.0
20230224:1709,50.0,58.0,0.0,8.97,7.76,3.1,0.0
20230224:1809,0.0,0.0,0.0,0.0,6.29,2.55,0.0
20230224:1909,0.0,0.0,0.0,0.0,4.99,1.72,0.0
20230224:2009,0.0,0.0,0.0,0.0,3.94,1.66,0.0
20230224:2109,0.0,0.0,0.0,0.0,2.62,1.45,0.0
20230224:2209,0.0,0.0,0.0,0.0,1.25,1.52,0.0
20230224:2309,0.0,0.0,0.0,0.0,-0.17,1.52,0.0
20230225:0009,0.0,0.0,0.0,0.0,-1.06,1.52,0.0
20230225:0109,0.0,0.0,0.0,0.0,-1.61,1.52,0.0
20230225:0209,0.0,0.0,0.0,0.0,-2.14,1.52,0.0
20230225:0309,0.0,0.0,0.0,0.0,-2.24,1.38,0.0
20230225:0409,0.0,0.0,0.0,0.0,-2.12,1.24,0.0
20230225:0509,0.0,0.0,0.0,0.0,-1.69,1.03,0.0
20230225:0609,0.0,0.0,0.0,0.0,-1.66,0.97,0.0
20230225:0709,0.0,5.0,0.0,3.1,-1.51,0.76,0.0
20230225:0809,94.0,97.0,0.0,14.39,-0.47,0.69,0.0
20230225:0909,349.01,81.0,0.0,24.8,1.23,0.62,0.0
20230225:1009,83.0,284.0,0.0,33.73,3.29,1.59,0.0
20230225:1109,49.0,325.0,0.0,40.29,4.24,2.48,0.0
20230225:1209,3.0,267.0,0.0,43.44,5.03,2.76,0.0
20230225:1309,278.01,307.0,0.0,42.45,5.37,2.97,0.0
20230225:1409,0.0,113.0,0.0,37.58,4.13,3.72,0.0
20230225:1509,0.0,84.0,0.0,29.79,3.9,4.07,0.0
20230225:1609,40.0,163.0,0.0,20.07,3.38,3.79,0.0
20230225:1709,13.0,65.0,0.0,9.19,2.53,2.97,0.0
20230225:1809,0.0,0.0,0.0,0.0,1.48,1.79,0.0
20230225:1909,0.0,0.0,0.0,0.0,1.01,1.66,0.0
20230225:2009,0.0,0.0,0.0,0.0,0.39,1.52,0.0
20230225:2109,0.0,0.0,0.0,0.0,-0.25,1.59,0.0
20230225:2209,0.0,0.0,0.0,0.0,-0.84,1.52,0.0
20230225:2309,0.0,0.0,0.0,0.0,-1.55,1.52,0.0
20230226:0009,0.0,0.0,0.0,0.0,-2.08,1.52,0.0
20230226:0109,0.0,0.0,0.0,0.0,-2.02,1.52,0.0
20230226:0209,0.0,0.0,0.0,0.0,-1.94,1.59,0.0
20230226:0309,0.0,0.0,0.0,0.0,-1.78,1.59,0.0
20230226:0409,0.0,0.0,0.0,0.0,-1.49,1.52,0.0
20230226:0509,0.0,0.0,0.0,0.0,-1.44,1.52,0.0
20230226:0609,0.0,0.0,0.0,0.0,-1.29,1.52,0.0
20230226:0709,0.0,11.0,0.0,3.37,-1.07,1.52,0.0
20230226:0809,2.0,85.0,0.0,14.67,0.18,2.14,0.0
20230226:0909,23.0,196.0,0.0,25.11,1.51,3.03,0.0
20230226:1009,16.0,251.0,0.0,34.06,3.25,3.93,0.0
20230226:1109,0.0,218.0,0.0,40.66,4.38,4.14,0.0
20230226:1209,0.0,194.0,0.0,43.81,5.79,4.41,0.0
20230226:1309,161.0,348.0,0.0,42.81,6.33,4.28,0.0
20230226:1409,296.01,252.0,0.0,37.9,6.43,4.14,0.0
20230226:1509,355.01,136.0,0.0,30.06,6.69,4.0,0.0
20230226:1609,258.01,77.0,0.0,20.31,6.32,3.86,0.0
20230226:1709,28.0,67.0,0.0,9.41,5.74,3.31,0.0
20230226:1809,0.0,0.0,0.0,0.0,4.7,2.34,0.0
20230226:1909,0.0,0.0,0.0,0.0,3.63,2.07,0.0
20230226:2009,0.0,0.0,0.0,0.0,2.64,1.93,0.0
20230226:2109,0.0,0.0,0.0,0.0,1.65,2.0,0.0
20230226:2209,0.0,0.0,0.0,0.0,0.7,2.0,0.0
20230226:2309,0.0,0.0,0.0,0.0,0.24,1.86,0.0
20230227:0009,0.0,0.0,0.0,0.0,-0.36,1.93,0.0
20230227:0109,0.0,0.0,0.0,0.0,-0.32,1.86,0.0
20230227:0209,0.0,0.0,0.0,0.0,-0.77,1.86,0.0
20230227:0309,0.0,0.0,0.0,0.0,-1.48,1.86,0.0
20230227:0409,0.0,0.0,0.0,0.0,-1.86,1.79,0.0
20230227:0509,0.0,0.0,0.0,0.0,-2.47,1.59,0.0
20230227:0609,0.0,0.0,0.0,0.0,-2.79,1.52,0.0
20230227:0709,2.0,17.59,0.0,3.63,-1.88,1.24,0.0
20230227:0809,123.0,92.0,0.0,14.95,-0.29,1.24,0.0
20230227:0909,376.01,75.0,0.0,25.41,1.85,2.0,0.0
20230227:1009,512.01,98.0,0.0,34.4,3.29,2.48,0.0
20230227:1109,605.01,113.0,0.0,41.02,4.39,2.69,0.0
20230227:1209,498.01,212.0,0.0,44.19,5.36,2.97,0.0
20230227:1309,604.01,137.0,0.0,43.17,5.99,3.31,0.0
20230227:1409,584.01,97.0,0.0,38.22,5.98,3.52,0.0
20230227:1509,460.01,83.0,0.0,30.34,5.56,3.66,0.0
20230227:1609,275.01,74.0,0.0,20.55,4.54,3.52,0.0
20230227:1709,62.0,60.0,0.0,9.62,3.33,3.17,0.0
20230227:1809,0.0,0.0,0.0,0.0,2.09,2.28,0.0
20230227:1909,0.0,0.0,0.0,0.0,1.27,1.86,0.0
20230227:2009,0.0,0.0,0.0,0.0,0.01,1.45,0.0
20230227:2109,0.0,0.0,0.0,0.0,-1.22,1.38,0.0
20230227:2209,0.0,0.0,0.0,0.0,-2.03,1.52,0.0
20230227:2309,0.0,0.0,0.0,0.0,-2.67,1.59,0.0
20230228:0009,0.0,0.0,0.0,0.0,-3.1,1.66,0.0
20230228:0109,0.0,0.0,0.0,0.0,-3.43,1.72,0.0
20230228:0209,0.0,0.0,0.0,0.0,-3.52,1.72,0.0
20230228:0309,0.0,0.0,0.0,0.0,-3.83,1.72,0.0
20230228:0409,0.0,0.0,0.0,0.0,-4.08,1.66,0.0
20230228:0509,0.0,0.0,0.0,0.0,-4.33,1.66,0.0
20230228:0609,0.0,0.0,0.0,0.0,-4.46,1.59,0.0
20230228:0709,4.0,21.07,0.0,3.9,-4.39,0.97,0.0
20230228:0809,106.0,104.0,0.0,15.24,-2.78,0.9,0.0
20230228:0909,368.01,85.0,0.0,25.72,-0.16,0.97,0.0
20230228:1009,533.01,93.0,0.0,34.74,2.32,1.31,0.0
20230228:1109,636.01,103.0,0.0,41.39,4.32,1.66,0.0
20230228:1209,488.01,226.0,0.0,44.57,5.8,1.72,0.0
20230228:1309,652.01,115.0,0.0,43.53,6.78,1.79,0.0
20230228:1409,605.01,92.0,0.0,38.54,7.41,2.07,0.0
20230228:1509,478.01,79.0,0.0,30.61,7.54,2.28,0.0
20230228:1609,296.01,68.0,0.0,20.79,7.16,2.21,0.0
20230228:1709,65.0,62.0,0.0,9.83,6.22,2.14,0.0
20230228:1809,0.0,0.0,0.0,0.0,4.69,1.52,0.0
20230228:1909,0.0,0.0,0.0,0.0,3.03,1.1,0.0
20230228:2009,0.0,0.0,0.0,0.0,2.42,0.83,0.0
20230228:2109,0.0,0.0,0.0,0.0,1.86,0.62,0.0
20230228:2209,0.0,0.0,0.0,0.0,1.21,0.48,0.0
20230228:2309,0.0,0.0,0.0,0.0,0.73,0.62,0.0
20230301:0009,0.0,0.0,0.0,0.0,0.21,0.9,0.0
20230301:0109,0.0,0.0,0.0,0.0,-0.52,1.03,0.0
20230301:0209,0.0,0.0,0.0,0.0,-1.25,1.03,0.0
20230301:0309,0.0,0.0,0.0,0.0,-1.49,1.03,0.0
20230301:0409,0.0,0.0,0.0,0.0,-1.47,0.97,0.0
20230301:0509,0.0,0.0,0.0,0.0,-1.44,0.97,0.0
20230301:0609,0.0,0.0,0.0,0.0,-1.73,0.97,0.0
20230301:0709,4.0,22.09,0.0,4.17,-3.25,1.17,0.0
20230301:0809,102.0,109.0,0.0,15.52,-0.8,0.76,0.0
20230301:0909,349.01,102.0,0.0,26.03,2.43,0.97,0.0
20230301:1009,510.01,114.0,0.0,35.08,4.13,1.24,0.0
20230301:1109,596.01,135.0,0.0,41.76,5.66,1.72,0.0
20230301:1209,436.01,260.0,0.0,44.95,6.64,2.41,0.0
20230301:1309,620.01,141.0,0.0,43.89,7.12,2.83,0.0
20230301:1409,558.01,127.0,0.0,38.86,7.25,3.17,0.0
20230301:1509,432.01,111.0,0.0,30.89,6.92,3.52,0.0
20230301:1609,259.01,93.0,0.0,21.03,6.08,3.66,0.0
20230301:1709,35.0,73.0,0.0,10.04,4.76,3.31,0.0
20230301:1809,0.0,0.0,0.0,0.0,3.4,2.28,0.0
20230301:1909,0.0,0.0,0.0,0.0,2.67,2.07,0.0
20230301:2009,0.0,0.0,0.0,0.0,1.57,1.79,0.0
20230301:2109,0.0,0.0,0.0,0.0,0.29,1.45,0.0
20230301:2209,0.0,0.0,0.0,0.0,-0.6,1.24,0.0
20230301:2309,0.0,0.0,0.0,0.0,-0.99,1.17,0.0
20230302:0009,0.0,0.0,0.0,0.0,-1.49,1.1,0.0
20230302:0109,0.0,0.0,0.0,0.0,-1.84,1.03,0.0
20230302:0209,0.0,0.0,0.0,0.0,-2.13,0.97,0.0
20230302:0309,0.0,0.0,0.0,0.0,-2.46,0.97,0.0
20230302:0409,0.0,0.0,0.0,0.0,-2.76,0.97,0.0
20230302:0509,0.0,0.0,0.0,0.0,-3.05,0.97,0.0
20230302:0609,0.0,0.0,0.0,0.0,-3.17,0.97,0.0
20230302:0709,4.0,25.03,0.0,4.44,-3.25,0.97,0.0
20230302:0809,152.0,88.0,0.0,15.81,-1.67,0.9,0.0
20230302:0909,348.01,106.0,0.0,26.35,0.9,2.07,0.0
20230302:1009,514.01,115.0,0.0,35.43,2.09,2.69,0.0
20230302:1109,600.01,135.0,0.0,42.14,3.1,2.97,0.0
20230302:1209,401.01,282.0,0.0,45.33,4.11,3.24,0.0
20230302:1309,623.01,143.0,0.0,44.26,4.78,3.38,0.0
20230302:1409,569.01,123.0,0.0,39.18,5.16,3.03,0.0
20230302:1509,453.01,103.0,0.0,31.16,5.41,2.28,0.0
20230302:1609,273.01,88.0,0.0,21.27,5.34,2.07,0.0
20230302:1709,82.0,59.0,0.0,10.25,4.73,1.79,0.0
20230302:1809,0.0,0.0,0.0,0.0,3.64,1.31,0.0
20230302:1909,0.0,0.0,0.0,0.0,2.43,0.83,0.0
20230302:2009,0.0,0.0,0.0,0.0,2.19,0.62,0.0
20230302:2109,0.0,0.0,0.0,0.0,1.42,0.83,0.0
20230302:2209,0.0,0.0,0.0,0.0,0.4,1.03,0.0
20230302:2309,0.0,0.0,0.0,0.0,-0.6,1.24,0.0
20230303:0009,0.0,0.0,0.0,0.0,-0.97,1.24,0.0
20230303:0109,0.0,0.0,0.0,0.0,-1.25,1.24,0.0
20230303:0209,0.0,0.0,0.0,0.0,-1.31,1.24,0.0
20230303:0309,0.0,0.0,0.0,0.0,-1.38,1.17,0.0
20230303:0409,0.0,0.0,0.0,0.0,-1.57,1.24,0.0
20230303:0509,0.0,0.0,0.0,0.0,-2.11,1.24,0.0
20230303:0609,0.0,0.0,0.0,0.0,-2.58,1.31,0.0
20230303:0709,32.0,16.57,0.0,4.72,-2.07,1.17,0.0
20230303:0809,160.0,88.0,0.0,16.11,1.07,0.55,0.0
20230303:0909,360.01,104.0,0.0,26.66,4.07,0.9,0.0
20230303:1009,516.01,119.0,0.0,35.78,5.81,1.17,0.0
20230303:1109,609.01,135.0,0.0,42.51,7.37,1.38,0.0
20230303:1209,346.01,314.0,0.0,45.72,8.68,1.45,0.0
20230303:1309,621.01,149.0,0.0,44.62,9.75,1.79,0.0
20230303:1409,524.01,154.0,0.0,39.5,10.36,2.28,0.0
20230303:1509,417.01,126.0,0.0,31.43,10.39,2.62,0.0
20230303:1609,156.0,152.0,0.0,21.5,9.89,2.62,0.0
20230303:1709,87.0,59.0,0.0,10.46,8.83,2.21,0.0
20230303:1809,0.0,0.0,0.0,0.0,7.21,1.52,0.0
20230303:1909,0.0,0.0,0.0,0.0,5.37,1.17,0.0
20230303:2009,0.0,0.0,0.0,0.0,5.38,0.69,0.0
20230303:2109,0.0,0.0,0.0,0.0,4.65,0.14,0.0
20230303:2209,0.0,0.0,0.0,0.0,4.09,0.34,0.0
20230303:2309,0.0,0.0,0.0,0.0,3.6,0.9,0.0
20230304:0009,0.0,0.0,0.0,0.0,2.76,1.17,0.0
20230304:0109,0.0,0.0,0.0,0.0,1.14,1.31,0.0
20230304:0209,0.0,0.0,0.0,0.0,0.48,1.24,0.0
20230304:0309,0.0,0.0,0.0,0.0,-0.05,1.24,0.0
20230304:0409,0.0,0.0,0.0,0.0,-0.29,1.1,0.0
20230304:0509,0.0,0.0,0.0,0.0,-0.51,1.03,0.0
20230304:0609,0.0,0.0,0.0,0.0,-0.72,1.03,0.0
20230304:0709,33.0,18.19,0.0,5.0,-2.46,1.38,0.0
20230304:0809,160.0,91.0,0.0,16.4,1.24,0.76,0.0
20230304:0909,355.01,109.0,0.0,26.98,5.51,0.55,0.0
20230304:1009,506.01,126.0,0.0,36.13,7.71,0.14,0.0
20230304:1109,604.01,140.0,0.0,42.89,9.13,0.21,0.0
20230304:1209,323.01,327.0,0.0,46.11,10.35,0.69,0.0
20230304:1309,624.01,149.0,0.0,44.98,11.11,1.03,0.0
20230304:1409,572.01,128.0,0.0,39.82,11.56,1.31,0.0
20230304:1509,451.01,110.0,0.0,31.71,11.7,1.52,0.0
20230304:1609,263.01,98.0,0.0,21.74,11.42,1.59,0.0
20230304:1709,81.0,64.0,0.0,10.67,10.67,1.59,0.0
20230304:1809,0.0,0.0,0.0,0.0,9.26,1.1,0.0
20230304:1909,0.0,0.0,0.0,0.0,7.47,0.83,0.0
20230304:2009,0.0,0.0,0.0,0.0,7.27,0.76,0.0
20230304:2109,0.0,0.0,0.0,0.0,6.48,0.83,0.0
20230304:2209,0.0,0.0,0.0,0.0,5.39,1.03,0.0
20230304:2309,0.0,0.0,0.0,0.0,4.41,1.1,0.0
20230305:0009,0.0,0.0,0.0,0.0,3.37,1.24,0.0
20230305:0109,0.0,0.0,0.0,0.0,2.25,1.31,0.0
20230305:0209,0.0,0.0,0.0,0.0,1.35,1.38,0.0
20230305:0309,0.0,0.0,0.0,0.0,0.67,1.38,0.0
20230305:0409,0.0,0.0,0.0,0.0,0.4,1.38,0.0
20230305:0509,0.0,0.0,0.0,0.0,0.63,1.31,0.0
20230305:0609,0.0,0.0,0.0,0.0,0.27,1.38,0.0
20230305:0709,24.0,25.18,0.0,5.28,0.32,1.52,0.0
20230305:0809,38.0,131.0,0.0,16.7,3.41,0.97,0.0
20230305:0909,175.0,198.0,0.0,27.31,7.74,1.03,0.0
20230305:1009,250.0,259.0,0.0,36.48,9.91,0.83,0.0
20230305:1109,125.0,354.0,0.0,43.27,11.37,0.76,0.0
20230305:1209,335.01,312.0,0.0,46.5,12.31,1.24,0.0
20230305:1309,140.0,369.0,0.0,45.35,12.95,1.86,0.0
20230305:1409,178.0,319.0,0.0,40.14,12.91,2.41,0.0
20230305:1509,85.0,265.0,0.0,31.98,12.26,2.62,0.0
20230305:1609,14.0,161.0,0.0,21.97,11.54,2.62,0.0
20230305:1709,2.0,60.0,0.0,10.88,10.69,2.14,0.0
20230305:1809,0.0,0.0,0.0,0.0,9.63,1.72,0.0
20230305:1909,0.0,0.0,0.0,0.0,6.51,2.0,0.0
20230305:2009,0.0,0.0,0.0,0.0,4.82,1.38,0.0
20230305:2109,0.0,0.0,0.0,0.0,4.05,1.24,0.0
20230305:2209,0.0,0.0,0.0,0.0,3.64,1.59,0.0
20230305:2309,0.0,0.0,0.0,0.0,4.04,2.0,0.0
20230306:0009,0.0,0.0,0.0,0.0,4.27,2.41,0.0
20230306:0109,0.0,0.0,0.0,0.0,4.22,2.62,0.0
20230306:0209,0.0,0.0,0.0,0.0,4.2,2.76,0.0
20230306:0309,0.0,0.0,0.0,0.0,4.0,2.69,0.0
20230306:0409,0.0,0.0,0.0,0.0,3.81,2.48,0.0
20230306:0509,0.0,0.0,0.0,0.0,3.33,2.14,0.0
20230306:0609,0.0,0.0,0.0,0.0,3.23,1.93,0.0
20230306:0709,18.0,29.45,0.0,5.56,3.44,1.79,0.0
20230306:0809,49.0,133.0,0.0,17.0,4.46,2.0,0.0
20230306:0909,96.0,224.0,0.0,27.63,5.8,2.34,0.0
20230306:1009,498.01,124.0,0.0,36.83,7.85,2.83,0.0
20230306:1109,570.01,149.0,0.0,43.65,9.68,2.9,0.0
20230306:1209,358.01,300.0,0.0,46.89,11.39,3.24,0.0
20230306:1309,426.01,254.0,0.0,45.71,12.6,3.52,0.0
20230306:1409,312.01,264.0,0.0,40.46,12.93,3.72,0.0
20230306:1509,97.0,264.0,0.0,32.25,13.32,4.34,0.0
20230306:1609,16.0,163.0,0.0,22.2,13.19,4.48,0.0
20230306:1709,28.0,81.0,0.0,11.09,11.41,3.1,0.0
20230306:1809,0.0,0.0,0.0,0.0,10.16,2.21,0.0
20230306:1909,0.0,0.0,0.0,0.0,8.12,0.55,0.0
20230306:2009,0.0,0.0,0.0,0.0,7.76,0.62,0.0
20230306:2109,0.0,0.0,0.0,0.0,7.3,0.9,0.0
20230306:2209,0.0,0.0,0.0,0.0,7.05,0.97,0.0
20230306:2309,0.0,0.0,0.0,0.0,7.17,1.31,0.0
20230307:0009,0.0,0.0,0.0,0.0,7.4,1.59,0.0
20230307:0109,0.0,0.0,0.0,0.0,7.89,1.79,0.0
20230307:0209,0.0,0.0,0.0,0.0,8.37,2.14,0.0
20230307:0309,0.0,0.0,0.0,0.0,8.58,2.48,0.0
20230307:0409,0.0,0.0,0.0,0.0,8.38,2.76,0.0
20230307:0509,0.0,0.0,0.0,0.0,7.75,3.1,0.0
20230307:0609,0.0,0.0,0.0,0.0,6.7,2.83,0.0
20230307:0709,29.0,33.0,0.0,5.85,6.13,2.9,0.0
20230307:0809,191.0,78.0,0.0,17.3,6.49,2.41,0.0
20230307:0909,270.0,153.0,0.0,27.96,7.76,3.24,0.0
20230307:1009,203.0,278.0,0.0,37.19,9.54,3.59,0.0
20230307:1109,272.0,311.0,0.0,44.04,11.35,4.07,0.0
20230307:1209,81.0,375.0,0.0,47.28,12.81,4.48,0.0
20230307:1309,509.01,205.0,0.0,46.08,13.49,4.55,0.0
20230307:1409,491.01,163.0,0.0,40.77,13.51,4.34,0.0
20230307:1509,420.01,119.0,0.0,32.52,13.22,4.21,0.0
20230307:1609,145.0,155.0,0.0,22.43,12.7,4.0,0.0
20230307:1709,46.0,79.0,0.0,11.29,11.7,3.59,0.0
20230307:1809,0.0,0.0,0.0,0.0,10.34,2.76,0.0
20230307:1909,0.0,0.0,0.0,0.0,8.92,2.69,0.0
20230307:2009,0.0,0.0,0.0,0.0,7.95,2.48,0.0
20230307:2109,0.0,0.0,0.0,0.0,7.4,2.28,0.0
20230307:2209,0.0,0.0,0.0,0.0,6.92,2.07,0.0
20230307:2309,0.0,0.0,0.0,0.0,6.36,1.93,0.0
20230308:0009,0.0,0.0,0.0,0.0,5.99,1.79,0.0
20230308:0109,0.0,0.0,0.0,0.0,6.02,1.72,0.0
20230308:0209,0.0,0.0,0.0,0.0,6.19,1.66,0.0
20230308:0309,0.0,0.0,0.0,0.0,6.48,1.59,0.0
20230308:0409,0.0,0.0,0.0,0.0,6.62,1.52,0.0
20230308:0509,0.0,0.0,0.0,0.0,6.81,1.45,0.0
20230308:0609,0.0,0.0,0.0,0.0,6.9,1.38,0.0
20230308:0709,16.0,39.0,0.0,6.14,7.56,1.31,0.0
20230308:0809,168.0,92.0,0.0,17.6,9.87,1.79,0.0
20230308:0909,370.01,104.0,0.0,28.28,11.63,2.76,0.0
20230308:1009,498.01,129.0,0.0,37.55,13.39,3.38,0.0
20230308:1109,594.01,141.0,0.0,44.42,14.76,3.38,0.0
20230308:1209,361.01,303.0,0.0,47.67,15.95,3.24,0.0
20230308:1309,592.01,161.0,0.0,46.45,17.21,3.66,0.0
20230308:1409,401.01,222.0,0.0,41.09,17.43,3.86,0.0
20230308:1509,375.01,148.0,0.0,32.78,17.27,3.79,0.0
20230308:1609,285.01,88.0,0.0,22.66,16.53,3.38,0.0
20230308:1709,66.0,75.0,0.0,11.49,15.41,2.83,0.0
20230308:1809,0.0,0.0,0.0,0.0,13.91,1.93,0.0
20230308:1909,0.0,0.0,0.0,0.0,12.29,1.59,0.0
20230308:2009,0.0,0.0,0.0,0.0,10.7,1.24,0.0
20230308:2109,0.0,0.0,0.0,0.0,9.26,1.24,0.0
20230308:2209,0.0,0.0,0.0,0.0,8.31,1.31,0.0
20230308:2309,0.0,0.0,0.0,0.0,7.56,1.31,0.0
20230309:0009,0.0,0.0,0.0,0.0,6.82,1.38,0.0
20230309:0109,0.0,0.0,0.0,0.0,6.11,1.52,0.0
20230309:0209,0.0,0.0,0.0,0.0,5.49,1.52,0.0
20230309:0309,0.0,0.0,0.0,0.0,4.92,1.59,0.0
20230309:0409,0.0,0.0,0.0,0.0,4.43,1.59,0.0
20230309:0509,0.0,0.0,0.0,0.0,3.92,1.59,0.0
20230309:0609,0.0,0.0,0.0,0.0,3.47,1.66,0.0
20230309:0709,3.0,35.0,0.0,6.43,4.56,1.66,0.0
20230309:0809,6.0,117.0,0.0,17.91,7.05,1.93,0.0
20230309:0909,73.0,235.0,0.0,28.61,8.9,2.83,0.0
20230309:1009,122.0,309.0,0.0,37.91,10.57,3.52,0.0
20230309:1109,205.0,347.0,0.0,44.81,12.1,3.79,0.0
20230309:1209,226.0,366.0,0.0,48.07,13.55,4.9,0.0
20230309:1309,342.01,308.0,0.0,46.81,13.7,5.17,0.0
20230309:1409,78.0,337.0,0.0,41.41,13.57,4.41,0.0
20230309:1509,148.0,262.0,0.0,33.05,12.85,4.69,0.0
20230309:1609,2.0,137.0,0.0,22.89,11.86,3.66,0.0
20230309:1709,23.0,86.0,0.0,11.7,11.08,3.17,0.0
20230309:1809,0.0,0.0,0.0,0.0,10.65,2.62,0.0
20230309:1909,0.0,0.0,0.0,0.0,10.44,3.24,0.0
20230309:2009,0.0,0.0,0.0,0.0,9.79,3.1,0.0
20230309:2109,0.0,0.0,0.0,0.0,9.42,3.1,0.0
20230309:2209,0.0,0.0,0.0,0.0,9.16,3.1,0.0
20230309:2309,0.0,0.0,0.0,0.0,9.02,3.03,0.0
20230310:0009,0.0,0.0,0.0,0.0,8.96,2.97,0.0
20230310:0109,0.0,0.0,0.0,0.0,8.61,2.97,0.0
20230310:0209,0.0,0.0,0.0,0.0,8.18,2.69,0.0
20230310:0309,0.0,0.0,0.0,0.0,7.87,2.48,0.0
20230310:0409,0.0,0.0,0.0,0.0,7.48,2.28,0.0
20230310:0509,0.0,0.0,0.0,0.0,7.39,2.21,0.0
20230310:0609,0.0,0.0,0.0,0.0,7.02,2.0,0.0
20230310:0709,22.0,44.0,0.0,6.72,7.12,1.93,0.0
20230310:0809,166.0,103.0,0.0,18.22,8.22,2.07,0.0
20230310:0909,349.01,125.0,0.0,28.94,10.13,2.48,0.0
20230310:1009,521.01,128.0,0.0,38.27,12.12,2.69,0.0
20230310:1109,618.01,140.0,0.0,45.2,14.26,2.97,0.0
20230310:1209,654.01,149.0,0.0,48.46,15.82,3.24,0.0
20230310:1309,626.01,153.0,0.0,47.18,16.73,3.45,0.0
20230310:1409,582.01,128.0,0.0,41.72,16.89,3.45,0.0
20230310:1509,442.01,121.0,0.0,33.31,17.03,3.31,0.0
20230310:1609,276.0,100.0,0.0,23.11,16.74,3.03,0.0
20230310:1709,94.0,68.0,0.0,11.9,15.88,2.69,0.0
20230310:1809,0.0,0.0,0.0,0.0,14.29,2.0,0.0
20230310:1909,0.0,0.0,0.0,0.0,12.46,1.66,0.0
20230310:2009,0.0,0.0,0.0,0.0,10.67,1.45,0.0
20230310:2109,0.0,0.0,0.0,0.0,9.09,1.38,0.0
20230310:2209,0.0,0.0,0.0,0.0,8.34,1.38,0.0
20230310:2309,0.0,0.0,0.0,0.0,7.9,1.38,0.0
20230311:0009,0.0,0.0,0.0,0.0,7.42,1.38,0.0
20230311:0109,0.0,0.0,0.0,0.0,6.84,1.38,0.0
20230311:0209,0.0,0.0,0.0,0.0,6.4,1.38,0.0
20230311:0309,0.0,0.0,0.0,0.0,6.05,1.38,0.0
20230311:0409,0.0,0.0,0.0,0.0,5.7,1.38,0.0
20230311:0509,0.0,0.0,0.0,0.0,5.38,1.38,0.0
20230311:0609,0.0,0.0,0.0,0.0,5.13,1.45,0.0
20230311:0709,27.0,45.0,0.0,7.01,4.85,1.45,0.0
20230311:0809,183.0,97.0,0.0,18.52,8.06,1.1,0.0
20230311:0909,375.01,114.0,0.0,29.27,12.32,1.86,0.0
20230311:1009,525.01,129.0,0.0,38.63,14.58,2.34,0.0
20230311:1109,656.01,122.0,0.0,45.59,16.53,2.83,0.0
20230311:1209,685.01,134.0,0.0,48.86,18.03,3.17,0.0
20230311:1309,640.01,147.0,0.0,47.54,19.0,3.31,0.0
20230311:1409,585.01,129.0,0.0,42.03,19.28,3.38,0.0
20230311:1509,476.01,105.0,0.0,33.58,19.23,3.38,0.0
20230311:1609,266.0,107.0,0.0,23.34,18.63,3.17,0.0
20230311:1709,101.0,66.0,0.0,12.1,17.44,2.83,0.0
20230311:1809,0.0,0.0,0.0,0.0,15.63,2.21,0.0
20230311:1909,0.0,0.0,0.0,0.0,13.26,1.86,0.0
20230311:2009,0.0,0.0,0.0,0.0,11.51,1.79,0.0
20230311:2109,0.0,0.0,0.0,0.0,9.71,1.72,0.0
20230311:2209,0.0,0.0,0.0,0.0,8.52,1.59,0.0
20230311:2309,0.0,0.0,0.0,0.0,7.95,1.52,0.0
20230312:0009,0.0,0.0,0.0,0.0,7.44,1.45,0.0
20230312:0109,0.0,0.0,0.0,0.0,7.07,1.45,0.0
20230312:0209,0.0,0.0,0.0,0.0,6.85,1.38,0.0
20230312:0309,0.0,0.0,0.0,0.0,6.98,1.31,0.0
20230312:0409,0.0,0.0,0.0,0.0,7.28,1.24,0.0
20230312:0509,0.0,0.0,0.0,0.0,7.47,1.24,0.0
20230312:0609,0.0,0.0,0.0,0.0,7.8,1.17,0.0
20230312:0709,28.0,47.0,0.0,7.31,7.37,1.38,0.0
20230312:0809,194.0,93.0,0.0,18.83,11.28,0.76,0.0
20230312:0909,375.01,115.0,0.0,29.61,15.69,0.55,0.0
20230312:1009,510.01,137.0,0.0,38.99,18.36,0.07,0.0
20230312:1109,653.01,124.0,0.0,45.98,20.42,0.55,0.0
20230312:1209,644.01,156.0,0.0,49.26,21.94,0.97,0.0
20230312:1309,715.01,107.0,0.0,47.91,23.02,1.52,0.0
20230312:1409,575.01,133.0,0.0,42.35,23.55,1.93,0.0
20230312:1509,455.01,116.0,0.0,33.84,23.58,2.14,0.0
20230312:1609,277.0,102.0,0.0,23.56,23.08,2.21,0.0
20230312:1709,93.0,72.0,0.0,12.3,21.98,2.0,0.0
20230312:1809,0.0,0.0,0.0,0.0,20.2,1.24,0.0
20230312:1909,0.0,0.0,0.0,0.0,18.68,0.48,0.0
20230312:2009,0.0,0.0,0.0,0.0,17.21,0.9,0.0
20230312:2109,0.0,0.0,0.0,0.0,14.65,1.31,0.0
20230312:2209,0.0,0.0,0.0,0.0,12.73,1.52,0.0
20230312:2309,0.0,0.0,0.0,0.0,11.14,1.72,0.0
20230313:0009,0.0,0.0,0.0,0.0,9.71,1.79,0.0
20230313:0109,0.0,0.0,0.0,0.0,8.53,1.86,0.0
20230313:0209,0.0,0.0,0.0,0.0,7.63,1.93,0.0
20230313:0309,0.0,0.0,0.0,0.0,7.09,1.93,0.0
20230313:0409,0.0,0.0,0.0,0.0,6.79,1.93,0.0
20230313:0509,0.0,0.0,0.0,0.0,6.73,1.86,0.0
20230313:0609,0.0,0.0,0.0,0.0,6.32,1.86,0.0
20230313:0709,45.0,45.0,0.0,7.61,6.14,1.79,0.0
20230313:0809,205.0,93.0,0.0,19.15,11.19,1.03,0.0
20230313:0909,425.01,96.0,0.0,29.94,17.09,0.69,0.0
20230313:1009,548.01,125.0,0.0,39.36,19.17,1.03,0.0
20230313:1109,606.01,159.0,0.0,46.37,20.57,1.59,0.0
20230313:1209,739.01,113.0,0.0,49.65,22.03,2.14,0.0
20230313:1309,709.01,118.0,0.0,48.28,22.97,3.1,0.0
20230313:1409,583.01,137.0,0.0,42.66,22.79,4.0,0.0
20230313:1509,463.01,118.0,0.0,34.1,21.82,4.28,0.0
20230313:1609,304.0,93.0,0.0,23.78,20.46,4.21,0.0
20230313:1709,110.0,67.0,0.0,12.49,18.58,4.0,0.0
20230313:1809,0.0,0.0,0.0,0.0,16.35,3.31,0.0
20230313:1909,0.0,0.0,0.0,0.0,14.43,2.76,0.0
20230313:2009,0.0,0.0,0.0,0.0,12.94,2.76,0.0
20230313:2109,0.0,0.0,0.0,0.0,11.83,2.83,0.0
20230313:2209,0.0,0.0,0.0,0.0,10.96,2.9,0.0
20230313:2309,0.0,0.0,0.0,0.0,10.33,2.9,0.0
20230314:0009,0.0,0.0,0.0,0.0,9.27,2.69,0.0
20230314:0109,0.0,0.0,0.0,0.0,8.24,2.62,0.0
20230314:0209,0.0,0.0,0.0,0.0,7.35,2.55,0.0
20230314:0309,0.0,0.0,0.0,0.0,6.59,2.48,0.0
20230314:0409,0.0,0.0,0.0,0.0,5.75,2.21,0.0
20230314:0509,0.0,0.0,0.0,0.0,4.87,1.93,0.0
20230314:0609,0.0,0.0,0.0,0.0,4.06,1.72,0.0
20230314:0709,49.0,47.0,0.0,7.9,4.45,1.38,0.0
20230314:0809,226.0,87.0,0.0,19.46,7.79,1.17,0.0
20230314:0909,389.01,120.0,0.0,30.28,11.11,1.24,0.0
20230314:1009,529.01,141.0,0.0,39.72,13.48,1.31,0.0
20230314:1109,649.01,141.0,0.0,46.77,15.41,1.79,0.0
20230314:1209,623.01,187.0,0.0,50.05,16.79,2.41,0.0
20230314:1309,666.01,147.0,0.0,48.64,17.66,2.76,0.0
20230314:1409,652.01,105.0,0.0,42.97,18.15,2.97,0.0
20230314:1509,510.01,98.0,0.0,34.36,18.16,3.03,0.0
20230314:1609,262.0,120.0,0.0,24.0,17.56,2.9,0.0
20230314:1709,131.0,61.0,0.0,12.69,16.24,2.55,0.0
20230314:1809,0.0,0.0,0.0,0.0,14.49,1.86,0.0
20230314:1909,0.0,0.0,0.0,0.0,12.66,1.59,0.0
20230314:2009,0.0,0.0,0.0,0.0,10.77,0.97,0.0
20230314:2109,0.0,0.0,0.0,0.0,10.7,0.41,0.0
20230314:2209,0.0,0.0,0.0,0.0,9.98,0.07,0.0
20230314:2309,0.0,0.0,0.0,0.0,9.57,0.48,0.0
20230315:0009,0.0,0.0,0.0,0.0,9.17,0.83,0.0
20230315:0109,0.0,0.0,0.0,0.0,8.08,1.17,0.0
20230315:0209,0.0,0.0,0.0,0.0,6.52,1.31,0.0
20230315:0309,0.0,0.0,0.0,0.0,5.5,1.38,0.0
20230315:0409,0.0,0.0,0.0,0.0,4.69,1.45,0.0
20230315:0509,0.0,0.0,0.0,0.0,4.02,1.59,0.0
20230315:0609,0.0,0.0,0.0,0.0,3.5,1.59,0.0
20230315:0709,52.0,48.0,0.0,8.2,3.34,1.66,0.0
20230315:0809,215.0,95.0,0.0,19.77,8.7,0.9,0.0
20230315:0909,390.01,121.0,0.0,30.61,13.45,0.9,0.0
20230315:1009,545.01,134.0,0.0,40.09,15.85,0.55,0.0
20230315:1109,675.01,128.0,0.0,47.16,17.75,0.69,0.0
20230315:1209,684.01,149.0,0.0,50.45,19.15,0.62,0.0
20230315:1309,683.01,139.0,0.0,49.01,20.2,0.62,0.0
20230315:1409,617.01,125.0,0.0,43.28,20.82,0.69,0.0
20230315:1509,472.01,119.0,0.0,34.61,21.07,0.76,0.0
20230315:1609,312.0,94.0,0.0,24.22,20.84,0.76,0.0
20230315:1709,129.0,63.0,0.0,12.89,19.99,0.69,0.0
20230315:1809,0.0,0.0,0.0,0.0,18.43,0.55,0.0
20230315:1909,0.0,0.0,0.0,0.0,16.8,0.21,0.0
20230315:2009,0.0,0.0,0.0,0.0,15.43,0.69,0.0
20230315:2109,0.0,0.0,0.0,0.0,13.58,1.1,0.0
20230315:2209,0.0,0.0,0.0,0.0,11.4,1.31,0.0
20230315:2309,0.0,0.0,0.0,0.0,9.85,1.45,0.0
20230316:0009,0.0,0.0,0.0,0.0,8.7,1.52,0.0
20230316:0109,0.0,0.0,0.0,0.0,7.73,1.52,0.0
20230316:0209,0.0,0.0,0.0,0.0,6.69,1.66,0.0
20230316:0309,0.0,0.0,0.0,0.0,5.84,1.66,0.0
20230316:0409,0.0,0.0,0.0,0.0,5.14,1.72,0.0
20230316:0509,0.0,0.0,0.0,0.0,4.58,1.79,0.0
20230316:0609,0.0,0.0,0.0,0.0,4.19,1.79,0.0
20230316:0709,60.0,48.0,0.0,8.51,4.51,1.79,0.0
20230316:0809,220.0,96.0,0.0,20.09,9.67,1.31,0.0
20230316:0909,382.01,129.0,0.0,30.95,15.48,1.79,0.0
20230316:1009,524.01,149.0,0.0,40.45,18.16,1.86,0.0
20230316:1109,663.01,137.0,0.0,47.56,20.38,1.93,0.0
20230316:1209,678.01,156.0,0.0,50.85,21.91,1.66,0.0
20230316:1309,670.01,148.0,0.0,49.37,22.85,1.45,0.0
20230316:1409,631.01,120.0,0.0,43.58,23.27,1.03,0.0
20230316:1509,477.01,119.0,0.0,34.87,23.24,0.97,0.0
20230316:1609,316.0,95.0,0.0,24.44,22.65,0.97,0.0
20230316:1709,118.0,69.0,0.0,13.08,21.39,0.97,0.0
20230316:1809,0.0,0.0,0.0,0.0,19.47,0.97,0.0
20230316:1909,0.0,0.0,0.0,0.0,16.38,1.31,0.0
20230316:2009,0.0,0.0,0.0,0.0,13.34,1.45,0.0
20230316:2109,0.0,0.0,0.0,0.0,11.34,1.52,0.0
20230316:2209,0.0,0.0,0.0,0.0,9.81,1.52,0.0
20230316:2309,0.0,0.0,0.0,0.0,8.51,1.59,0.0
20230317:0009,0.0,0.0,0.0,0.0,7.5,1.59,0.0
20230317:0109,0.0,0.0,0.0,0.0,6.59,1.59,0.0
20230317:0209,0.0,0.0,0.0,0.0,6.07,1.52,0.0
20230317:0309,0.0,0.0,0.0,0.0,5.73,1.52,0.0
20230317:0409,0.0,0.0,0.0,0.0,5.81,1.38,0.0
20230317:0509,0.0,0.0,0.0,0.0,6.07,1.38,0.0
20230317:0609,0.0,0.0,0.0,0.0,6.29,1.38,0.0
20230317:0709,13.0,61.0,0.0,8.81,5.77,1.31,0.0
20230317:0809,33.0,161.0,0.0,20.4,8.86,1.03,0.0
20230317:0909,414.01,116.0,0.0,31.29,12.59,1.66,0.0
20230317:1009,574.01,126.0,0.0,40.82,14.39,2.07,0.0
20230317:1109,733.01,104.0,0.0,47.95,15.9,2.34,0.0
20230317:1209,706.01,145.0,0.0,51.25,16.85,2.69,0.0
20230317:1309,695.01,139.0,0.0,49.73,17.34,2.83,0.0
20230317:1409,621.01,129.0,0.0,43.89,17.72,2.97,0.0
20230317:1509,476.01,122.0,0.0,35.12,17.4,3.24,0.0
20230317:1609,305.0,102.0,0.0,24.65,16.55,3.17,0.0
20230317:1709,136.0,64.0,0.0,13.27,15.3,2.83,0.0
20230317:1809,0.0,0.0,0.0,0.0,13.59,2.21,0.0
20230317:1909,0.0,0.0,0.0,0.0,11.74,1.86,0.0
20230317:2009,0.0,0.0,0.0,0.0,10.52,1.66,0.0
20230317:2109,0.0,0.0,0.0,0.0,9.6,1.24,0.0
20230317:2209,0.0,0.0,0.0,0.0,8.48,0.97,0.0
20230317:2309,0.0,0.0,0.0,0.0,8.2,0.76,0.0
20230318:0009,0.0,0.0,0.0,0.0,8.07,0.69,0.0
20230318:0109,0.0,0.0,0.0,0.0,6.9,0.97,0.0
20230318:0209,0.0,0.0,0.0,0.0,6.24,1.03,0.0
20230318:0309,0.0,0.0,0.0,0.0,5.72,1.24,0.0
20230318:0409,0.0,0.0,0.0,0.0,5.64,1.17,0.0
20230318:0509,0.0,0.0,0.0,0.0,5.68,1.17,0.0
20230318:0609,0.0,0.0,0.0,0.0,5.79,1.1,0.0
20230318:0709,0.0,35.0,0.0,9.11,6.26,1.17,0.0
20230318:0809,39.0,165.0,0.0,20.72,6.67,1.38,0.0
20230318:0909,179.0,237.0,0.0,31.62,7.35,1.52,0.0
20230318:1009,270.0,290.0,0.0,41.19,8.94,1.45,0.0
20230318:1109,442.01,269.0,0.0,48.35,10.03,1.72,0.0
20230318:1209,432.01,302.0,0.0,51.65,11.28,1.93,0.0
20230318:1309,192.0,389.0,0.0,50.1,11.68,2.21,0.0
20230318:1409,201.0,342.0,0.0,44.19,11.54,2.48,0.0
20230318:1509,370.01,181.0,0.0,35.37,11.54,2.48,0.0
20230318:1609,251.0,131.0,0.0,24.87,11.12,2.69,0.0
20230318:1709,76.0,92.0,0.0,13.46,10.47,2.62,0.0
20230318:1809,0.0,2.0,0.0,1.64,9.63,2.14,0.0
20230318:1909,0.0,0.0,0.0,0.0,9.17,2.07,0.0
20230318:2009,0.0,0.0,0.0,0.0,8.48,1.52,0.0
20230318:2109,0.0,0.0,0.0,0.0,7.52,0.9,0.0
20230318:2209,0.0,0.0,0.0,0.0,7.3,0.48,0.0
20230318:2309,0.0,0.0,0.0,0.0,6.93,0.21,0.0
20230319:0009,0.0,0.0,0.0,0.0,6.43,0.14,0.0
20230319:0109,0.0,0.0,0.0,0.0,5.87,0.21,0.0
20230319:0209,0.0,0.0,0.0,0.0,5.38,0.41,0.0
20230319:0309,0.0,0.0,0.0,0.0,4.97,0.62,0.0
20230319:0409,0.0,0.0,0.0,0.0,4.61,0.69,0.0
20230319:0509,0.0,0.0,0.0,0.0,4.46,0.62,0.0
20230319:0609,0.0,0.0,0.0,0.0,4.32,0.55,0.0
20230319:0709,68.0,53.0,0.0,9.41,4.6,0.34,0.0
20230319:0809,239.0,96.0,0.0,21.03,6.7,0.34,0.0
20230319:0909,420.01,118.0,0.0,31.96,9.1,1.1,0.0
20230319:1009,571.01,131.0,0.0,41.56,10.94,1.66,0.0
20230319:1109,288.0,349.0,0.0,48.74,12.43,2.0,0.0
20230319:1209,195.0,405.0,0.0,52.05,13.84,2.34,0.0
20230319:1309,550.01,229.0,0.0,50.46,14.58,2.34,0.0
20230319:1409,133.0,361.0,0.0,44.5,15.01,2.28,0.0
20230319:1509,2.0,203.0,0.0,35.62,14.9,2.28,0.0
20230319:1609,3.0,154.0,0.0,25.08,14.49,2.48,0.0
20230319:1709,15.0,99.0,0.0,13.65,13.74,2.55,0.0
20230319:1809,0.0,4.0,0.0,1.82,12.49,2.07,0.0
20230319:1909,0.0,0.0,0.0,0.0,10.88,1.59,0.0
20230319:2009,0.0,0.0,0.0,0.0,9.63,1.45,0.0
20230319:2109,0.0,0.0,0.0,0.0,8.22,1.17,0.0
20230319:2209,0.0,0.0,0.0,0.0,7.25,1.03,0.0
20230319:2309,0.0,0.0,0.0,0.0,6.98,0.9,0.0
20230320:0009,0.0,0.0,0.0,0.0,6.89,0.83,0.0
20230320:0109,0.0,0.0,0.0,0.0,6.31,0.76,0.0
20230320:0209,0.0,0.0,0.0,0.0,5.8,0.76,0.0
20230320:0309,0.0,0.0,0.0,0.0,5.36,0.76,0.0
20230320:0409,0.0,0.0,0.0,0.0,5.04,0.76,0.0
20230320:0509,0.0,0.0,0.0,0.0,4.79,0.76,0.0
20230320:0609,0.0,0.0,0.0,0.0,4.58,0.83,0.0
20230320:0709,75.0,54.0,0.0,9.72,3.1,0.83,0.0
20230320:0809,235.0,102.0,0.0,21.35,6.15,0.69,0.0
20230320:0909,417.01,124.0,0.0,32.3,9.37,1.38,0.0
20230320:1009,573.01,135.0,0.0,41.92,11.62,1.72,0.0
20230320:1109,676.01,143.0,0.0,49.14,13.31,1.79,0.0
20230320:1209,719.01,146.0,0.0,52.45,14.73,1.72,0.0
20230320:1309,708.01,139.0,0.0,50.82,15.8,1.59,0.0
20230320:1409,632.01,130.0,0.0,44.8,16.48,1.59,0.0
20230320:1509,531.01,100.0,0.0,35.87,16.85,1.66,0.0
20230320:1609,310.0,106.0,0.0,25.29,16.71,1.72,0.0
20230320:1709,136.0,69.0,0.0,13.84,16.12,1.72,0.0
20230320:1809,0.0,3.0,0.0,2.0,14.9,1.24,0.0
20230320:1909,0.0,0.0,0.0,0.0,13.18,0.9,0.0
20230320:2009,0.0,0.0,0.0,0.0,12.2,0.48,0.0
20230320:2109,0.0,0.0,0.0,0.0,11.34,0.34,0.0
20230320:2209,0.0,0.0,0.0,0.0,10.39,0.83,0.0
20230320:2309,0.0,0.0,0.0,0.0,8.31,1.17,0.0
20230321:0009,0.0,0.0,0.0,0.0,7.06,1.24,0.0
20230321:0109,0.0,0.0,0.0,0.0,6.2,1.31,0.0
20230321:0209,0.0,0.0,0.0,0.0,5.6,1.31,0.0
20230321:0309,0.0,0.0,0.0,0.0,5.4,1.31,0.0
20230321:0409,0.0,0.0,0.0,0.0,5.59,1.24,0.0
20230321:0509,0.0,0.0,0.0,0.0,6.02,1.17,0.0
20230321:0609,0.0,0.0,0.0,0.0,6.35,1.1,0.0
20230321:0709,0.0,0.0,0.0,0.0,5.57,1.17,0.0
20230321:0809,0.0,0.0,0.0,0.0,8.72,0.48,0.0
20230321:0909,474.01,98.0,0.0,32.64,12.4,0.97,0.0
20230321:1009,550.01,152.0,0.0,42.29,14.41,1.17,0.0
20230321:1109,754.01,103.0,0.0,49.54,15.98,1.17,0.0
20230321:1209,801.01,104.0,0.0,52.85,17.23,0.97,0.0
20230321:1309,712.01,139.0,0.0,51.18,18.18,0.76,0.0
20230321:1409,670.01,112.0,0.0,45.1,18.91,1.1,0.0
20230321:1509,483.01,127.0,0.0,36.11,19.13,1.66,0.0
20230321:1609,313.0,106.0,0.0,25.5,18.81,2.07,0.0
20230321:1709,141.0,69.0,0.0,14.03,17.8,2.28,0.0
20230321:1809,0.0,6.0,0.0,2.18,16.22,1.52,0.0
20230321:1909,0.0,0.0,0.0,0.0,14.58,1.1,0.0
20230321:2009,0.0,0.0,0.0,0.0,13.05,0.76,0.0
20230321:2109,0.0,0.0,0.0,0.0,12.59,0.62,0.0
20230321:2209,0.0,0.0,0.0,0.0,11.74,0.83,0.0
20230321:2309,0.0,0.0,0.0,0.0,11.2,0.9,0.0
20230322:0009,0.0,0.0,0.0,0.0,11.0,0.9,0.0
20230322:0109,0.0,0.0,0.0,0.0,10.71,0.83,0.0
20230322:0209,0.0,0.0,0.0,0.0,10.4,0.9,0.0
20230322:0309,0.0,0.0,0.0,0.0,10.11,0.9,0.0
20230322:0409,0.0,0.0,0.0,0.0,9.92,0.76,0.0
20230322:0509,0.0,0.0,0.0,0.0,9.64,0.83,0.0
20230322:0609,0.0,0.0,0.0,0.0,9.32,0.9,0.0
20230322:0709,0.0,0.0,0.0,0.0,7.95,1.17,0.0
20230322:0809,257.0,97.0,0.0,21.98,10.53,0.28,0.0
20230322:0909,421.01,129.0,0.0,32.97,14.1,0.62,0.0
20230322:1009,584.01,136.0,0.0,42.66,16.18,0.62,0.0
20230322:1109,705.01,134.0,0.0,49.93,17.86,0.83,0.0
20230322:1209,780.01,119.0,0.0,53.25,19.21,1.17,0.0
20230322:1309,727.01,134.0,0.0,51.54,20.16,1.52,0.0
20230322:1409,650.01,125.0,0.0,45.39,20.7,1.93,0.0
20230322:1509,488.01,127.0,0.0,36.36,20.78,2.14,0.0
20230322:1609,325.0,103.0,0.0,25.7,20.33,2.07,0.0
20230322:1709,146.0,69.0,0.0,14.21,19.37,1.86,0.0
20230322:1809,0.0,7.0,0.0,2.35,17.84,1.38,0.0
20230322:1909,0.0,0.0,0.0,0.0,15.96,1.1,0.0
20230322:2009,0.0,0.0,0.0,0.0,14.54,0.76,0.0
20230322:2109,0.0,0.0,0.0,0.0,14.02,0.62,0.0
20230322:2209,0.0,0.0,0.0,0.0,13.07,0.69,0.0
20230322:2309,0.0,0.0,0.0,0.0,12.28,0.9,0.0
20230323:0009,0.0,0.0,0.0,0.0,11.29,1.03,0.0
20230323:0109,0.0,0.0,0.0,0.0,10.23,1.17,0.0
20230323:0209,0.0,0.0,0.0,0.0,9.44,1.17,0.0
20230323:0309,0.0,0.0,0.0,0.0,8.95,1.24,0.0
20230323:0409,0.0,0.0,0.0,0.0,8.68,1.24,0.0
20230323:0509,0.0,0.0,0.0,0.0,8.38,1.24,0.0
20230323:0609,0.0,0.0,0.0,0.0,8.18,1.24,0.0
20230323:0709,88.0,57.0,0.0,10.63,8.36,1.17,0.0
20230323:0809,254.0,102.0,0.0,22.29,11.24,0.28,0.0
20230323:0909,426.01,129.0,0.0,33.31,15.1,0.69,0.0
20230323:1009,589.01,136.0,0.0,43.02,17.51,0.9,0.0
20230323:1109,710.01,134.0,0.0,50.33,19.43,0.55,0.0
20230323:1209,795.01,113.0,0.0,53.65,20.87,0.9,0.0
20230323:1309,741.01,129.0,0.0,51.9,21.87,1.59,0.0
20230323:1409,645.01,130.0,0.0,45.69,22.38,2.21,0.0
20230323:1509,491.01,128.0,0.0,36.6,22.39,2.69,0.0
20230323:1609,329.0,102.0,0.0,25.91,21.82,2.9,0.0
20230323:1709,149.0,69.0,0.0,14.4,20.59,2.97,0.0
20230323:1809,1.0,10.82,0.0,2.53,18.71,2.55,0.0
20230323:1909,0.0,0.0,0.0,0.0,16.6,2.14,0.0
20230323:2009,0.0,0.0,0.0,0.0,14.79,1.52,0.0
20230323:2109,0.0,0.0,0.0,0.0,13.44,1.03,0.0
20230323:2209,0.0,0.0,0.0,0.0,13.22,0.9,0.0
20230323:2309,0.0,0.0,0.0,0.0,12.51,0.9,0.0
20230324:0009,0.0,0.0,0.0,0.0,11.38,1.03,0.0
20230324:0109,0.0,0.0,0.0,0.0,10.1,1.24,0.0
20230324:0209,0.0,0.0,0.0,0.0,9.2,1.31,0.0
20230324:0309,0.0,0.0,0.0,0.0,8.59,1.31,0.0
20230324:0409,0.0,0.0,0.0,0.0,8.05,1.38,0.0
20230324:0509,0.0,0.0,0.0,0.0,7.69,1.31,0.0
20230324:0609,0.0,0.0,0.0,0.0,7.33,1.31,0.0
20230324:0709,81.0,63.0,0.0,10.93,7.48,1.17,0.0
20230324:0809,216.0,126.0,0.0,22.61,11.24,0.83,0.0
20230324:0909,346.0,178.0,0.0,33.65,14.82,1.31,0.0
20230324:1009,599.01,132.0,0.0,43.39,17.16,1.86,0.0
20230324:1109,760.01,108.0,0.0,50.72,18.89,2.34,0.0
20230324:1209,814.01,103.0,0.0,54.04,20.3,2.69,0.0
20230324:1309,751.01,125.0,0.0,52.25,21.16,3.03,0.0
20230324:1409,680.01,112.0,0.0,45.98,21.36,3.31,0.0
20230324:1509,339.0,216.0,0.0,36.84,20.87,3.45,0.0
20230324:1609,194.0,176.0,0.0,26.11,20.01,3.38,0.0
20230324:1709,102.0,93.0,0.0,14.58,18.59,2.9,0.0
20230324:1809,1.0,10.83,0.0,2.71,16.93,1.93,0.0
20230324:1909,0.0,0.0,0.0,0.0,15.22,1.38,0.0
20230324:2009,0.0,0.0,0.0,0.0,13.25,1.03,0.0
20230324:2109,0.0,0.0,0.0,0.0,13.09,0.69,0.0
20230324:2209,0.0,0.0,0.0,0.0,12.2,0.62,0.0
20230324:2309,0.0,0.0,0.0,0.0,11.43,0.9,0.0
20230325:0009,0.0,0.0,0.0,0.0,10.31,1.03,0.0
20230325:0109,0.0,0.0,0.0,0.0,9.1,1.17,0.0
20230325:0209,0.0,0.0,0.0,0.0,8.01,1.31,0.0
20230325:0309,0.0,0.0,0.0,0.0,7.18,1.38,0.0
20230325:0409,0.0,0.0,0.0,0.0,6.71,1.45,0.0
20230325:0509,0.0,0.0,0.0,0.0,6.54,1.45,0.0
20230325:0609,0.0,0.0,0.0,0.0,6.48,1.38,0.0
20230325:0709,85.0,64.0,0.0,11.24,7.6,1.17,0.0
20230325:0809,263.0,102.0,0.0,22.92,12.11,0.48,0.0
20230325:0909,436.01,127.0,0.0,33.98,15.75,0.28,0.0
20230325:1009,599.01,133.0,0.0,43.76,18.14,0.14,0.0
20230325:1109,711.01,134.0,0.0,51.12,19.98,0.62,0.0
20230325:1209,784.01,120.0,0.0,54.44,21.5,1.31,0.0
20230325:1309,750.01,125.0,0.0,52.61,22.62,1.93,0.0
20230325:1409,670.01,117.0,0.0,46.27,23.24,2.69,0.0
20230325:1509,504.01,122.0,0.0,37.07,23.18,3.17,0.0
20230325:1609,338.0,100.0,0.0,26.31,22.44,3.38,0.0
20230325:1709,154.0,69.0,0.0,14.76,21.09,3.31,0.0
20230325:1809,1.0,10.84,0.0,2.88,19.35,2.55,0.0
20230325:1909,0.0,0.0,0.0,0.0,17.51,1.86,0.0
20230325:2009,0.0,0.0,0.0,0.0,15.74,1.17,0.0
20230325:2109,0.0,0.0,0.0,0.0,14.8,0.9,0.0
20230325:2209,0.0,0.0,0.0,0.0,13.74,0.97,0.0
20230325:2309,0.0,0.0,0.0,0.0,12.64,1.03,0.0
20230326:0009,0.0,0.0,0.0,0.0,11.84,1.1,0.0
20230326:0109,0.0,0.0,0.0,0.0,11.02,1.24,0.0
20230326:0209,0.0,0.0,0.0,0.0,10.27,1.31,0.0
20230326:0309,0.0,0.0,0.0,0.0,9.54,1.38,0.0
20230326:0409,0.0,0.0,0.0,0.0,8.91,1.38,0.0
20230326:0509,0.0,0.0,0.0,0.0,8.35,1.45,0.0
20230326:0609,0.0,0.0,0.0,0.0,7.86,1.52,0.0
20230326:0709,106.0,59.0,0.0,11.54,8.12,1.38,0.0
20230326:0809,212.0,136.0,0.0,23.24,12.73,1.38,0.0
20230326:0909,386.0,164.0,0.0,34.32,16.36,2.14,0.0
20230326:1009,613.01,133.0,0.0,44.12,18.54,2.62,0.0
20230326:1109,735.01,129.0,0.0,51.51,20.4,3.1,0.0
20230326:1209,779.01,130.0,0.0,54.84,21.33,3.45,0.0
20230326:1309,725.01,145.0,0.0,52.96,21.84,3.72,0.0
20230326:1409,684.01,116.0,0.0,46.56,21.89,3.86,0.0
20230326:1509,502.01,128.0,0.0,37.31,21.4,3.93,0.0
20230326:1609,365.0,90.0,0.0,26.51,20.62,3.72,0.0
20230326:1709,163.0,68.0,0.0,14.94,19.44,3.31,0.0
20230326:1809,0.0,11.0,0.0,3.06,17.89,2.34,0.0
20230326:1909,0.0,0.0,0.0,0.0,16.45,1.66,0.0
20230326:2009,0.0,0.0,0.0,0.0,14.55,1.38,0.0
20230326:2109,0.0,0.0,0.0,0.0,12.82,1.31,0.0
20230326:2209,0.0,0.0,0.0,0.0,12.15,1.17,0.0
20230326:2309,0.0,0.0,0.0,0.0,11.51,1.17,0.0
20230327:0009,0.0,0.0,0.0,0.0,11.15,1.1,0.0
20230327:0109,0.0,0.0,0.0,0.0,10.88,1.03,0.0
20230327:0209,0.0,0.0,0.0,0.0,10.73,1.03,0.0
20230327:0309,0.0,0.0,0.0,0.0,10.25,1.03,0.0
20230327:0409,0.0,0.0,0.0,0.0,9.17,1.17,0.0
20230327:0509,0.0,0.0,0.0,0.0,8.54,1.24,0.0
20230327:0609,0.0,0.0,0.0,0.0,7.98,1.24,0.0
20230327:0709,92.0,68.0,0.0,11.84,8.23,1.1,0.0
20230327:0809,238.0,125.0,0.0,23.55,11.73,0.55,0.0
20230327:0909,374.0,174.0,0.0,34.65,15.2,0.62,0.0
20230327:1009,624.01,129.0,0.0,44.48,17.29,0.14,0.0
20230327:1109,758.01,118.0,0.0,51.9,18.91,0.76,0.0
20230327:1209,831.01,103.0,0.0,55.23,20.12,1.66,0.0
20230327:1309,592.01,228.0,0.0,53.31,20.83,2.41,0.0
20230327:1409,379.0,291.0,0.0,46.85,21.13,3.17,0.0
20230327:1509,86.0,309.0,0.0,37.54,20.82,3.52,0.0
20230327:1609,17.0,199.0,0.0,26.71,19.77,3.52,0.0
20230327:1709,0.0,55.0,0.0,15.12,18.47,3.1,0.0
20230327:1809,0.0,8.0,0.0,3.23,17.15,2.21,0.0
20230327:1909,0.0,0.0,0.0,0.0,15.84,1.66,0.0
20230327:2009,0.0,0.0,0.0,0.0,14.22,1.1,0.0
20230327:2109,0.0,0.0,0.0,0.0,13.98,0.83,0.0
20230327:2209,0.0,0.0,0.0,0.0,13.79,0.55,0.0
20230327:2309,0.0,0.0,0.0,0.0,13.39,0.62,0.0
20230328:0009,0.0,0.0,0.0,0.0,12.61,0.97,0.0
20230328:0109,0.0,0.0,0.0,0.0,11.3,1.17,0.0
20230328:0209,0.0,0.0,0.0,0.0,9.7,1.31,0.0
20230328:0309,0.0,0.0,0.0,0.0,8.75,1.31,0.0
20230328:0409,0.0,0.0,0.0,0.0,8.2,1.31,0.0
20230328:0509,0.0,0.0,0.0,0.0,7.6,1.31,0.0
20230328:0609,0.0,0.0,0.0,0.0,7.05,1.38,0.0
20230328:0709,106.0,64.0,0.0,12.14,6.64,1.31,0.0
20230328:0809,286.0,102.0,0.0,23.86,11.97,1.1,0.0
20230328:0909,401.0,162.0,0.0,34.98,15.5,1.38,0.0
20230328:1009,630.01,129.0,0.0,44.85,17.52,1.24,0.0
20230328:1109,764.01,118.0,0.0,52.3,19.21,1.24,0.0
20230328:1209,818.01,113.0,0.0,55.63,20.51,1.31,0.0
20230328:1309,793.01,112.0,0.0,53.66,21.48,1.45,0.0
20230328:1409,672.01,126.0,0.0,47.13,21.94,1.59,0.0
20230328:1509,522.01,121.0,0.0,37.77,21.93,1.79,0.0
20230328:1609,335.0,109.0,0.0,26.91,21.34,2.0,0.0
20230328:1709,162.0,72.0,0.0,15.3,20.1,2.21,0.0
20230328:1809,2.0,16.58,0.0,3.41,18.15,2.0,0.0
20230328:1909,0.0,0.0,0.0,0.0,16.1,1.66,0.0
20230328:2009,0.0,0.0,0.0,0.0,14.26,1.45,0.0
20230328:2109,0.0,0.0,0.0,0.0,12.42,1.31,0.0
20230328:2209,0.0,0.0,0.0,0.0,10.91,1.31,0.0
20230328:2309,0.0,0.0,0.0,0.0,9.86,1.24,0.0
20230329:0009,0.0,0.0,0.0,0.0,9.02,1.24,0.0
20230329:0109,0.0,0.0,0.0,0.0,8.19,1.31,0.0
20230329:0209,0.0,0.0,0.0,0.0,7.54,1.31,0.0
20230329:0309,0.0,0.0,0.0,0.0,6.89,1.38,0.0
20230329:0409,0.0,0.0,0.0,0.0,6.25,1.45,0.0
20230329:0509,0.0,0.0,0.0,0.0,5.66,1.59,0.0
20230329:0609,0.0,0.0,0.0,0.0,5.23,1.59,0.0
20230329:0709,116.0,63.0,0.0,12.44,6.56,1.24,0.0
20230329:0809,290.0,103.0,0.0,24.17,12.59,1.1,0.0
20230329:0909,462.01,129.0,0.0,35.31,16.9,1.31,0.0
20230329:1009,635.01,129.0,0.0,45.21,19.48,1.52,0.0
20230329:1109,748.01,129.0,0.0,52.69,21.57,1.59,0.0
20230329:1209,811.01,119.0,0.0,56.02,23.13,1.52,0.0
20230329:1309,775.01,124.0,0.0,54.01,24.14,1.31,0.0
20230329:1409,666.01,131.0,0.0,47.41,24.71,0.69,0.0
20230329:1509,510.01,130.0,0.0,38.0,24.86,0.34,0.0
20230329:1609,337.0,110.0,0.0,27.1,24.51,0.83,0.0
20230329:1709,158.0,75.0,0.0,15.48,23.55,1.31,0.0
20230329:1809,3.0,18.33,0.0,3.58,21.93,1.24,0.0
20230329:1909,0.0,0.0,0.0,0.0,19.59,1.17,0.0
20230329:2009,0.0,0.0,0.0,0.0,16.9,1.31,0.0
20230329:2109,0.0,0.0,0.0,0.0,15.1,1.45,0.0
20230329:2209,0.0,0.0,0.0,0.0,14.06,1.52,0.0
20230329:2309,0.0,0.0,0.0,0.0,13.21,1.52,0.0
20230330:0009,0.0,0.0,0.0,0.0,12.82,1.45,0.0
20230330:0109,0.0,0.0,0.0,0.0,13.12,1.17,0.0
20230330:0209,0.0,0.0,0.0,0.0,12.44,1.24,0.0
20230330:0309,0.0,0.0,0.0,0.0,11.37,1.38,0.0
20230330:0409,0.0,0.0,0.0,0.0,10.61,1.38,0.0
20230330:0509,0.0,0.0,0.0,0.0,10.29,1.31,0.0
20230330:0609,0.0,0.0,0.0,0.0,10.86,1.1,0.0
20230330:0709,127.0,61.0,0.0,12.74,11.32,1.03,0.0
20230330:0809,295.0,103.0,0.0,24.48,14.21,0.69,0.0
20230330:0909,459.0,133.0,0.0,35.64,18.03,1.38,0.0
20230330:1009,622.01,139.0,0.0,45.57,20.26,1.86,0.0
20230330:1109,752.01,130.0,0.0,53.08,21.97,2.28,0.0
20230330:1209,805.01,125.0,0.0,56.41,23.15,2.9,0.0
20230330:1309,818.01,102.0,0.0,54.35,23.65,3.38,0.0
20230330:1409,670.01,131.0,0.0,47.69,23.7,3.45,0.0
20230330:1509,534.01,119.0,0.0,38.23,23.56,3.45,0.0
20230330:1609,349.0,106.0,0.0,27.3,22.89,3.72,0.0
20230330:1709,165.0,74.0,0.0,15.66,21.5,3.45,0.0
20230330:1809,3.0,19.33,0.0,3.75,19.78,2.48,0.0
20230330:1909,0.0,0.0,0.0,0.0,17.93,2.14,0.0
20230330:2009,0.0,0.0,0.0,0.0,16.3,1.59,0.0
20230330:2109,0.0,0.0,0.0,0.0,14.24,1.45,0.0
20230330:2209,0.0,0.0,0.0,0.0,12.75,1.59,0.0
20230330:2309,0.0,0.0,0.0,0.0,11.89,1.59,0.0
20230331:0009,0.0,0.0,0.0,0.0,11.31,1.59,0.0
20230331:0109,0.0,0.0,0.0,0.0,10.7,1.72,0.0
20230331:0209,0.0,0.0,0.0,0.0,10.45,1.66,0.0
20230331:0309,0.0,0.0,0.0,0.0,9.97,1.59,0.0
20230331:0409,0.0,0.0,0.0,0.0,9.52,1.66,0.0
20230331:0509,0.0,0.0,0.0,0.0,9.26,1.66,0.0
20230331:0609,0.0,0.0,0.0,0.0,8.95,1.59,0.0
20230331:0709,131.0,62.0,0.0,13.04,9.8,1.24,0.0
20230331:0809,291.0,107.0,0.0,24.79,14.13,1.66,0.0
20230331:0909,432.0,151.0,0.0,35.97,17.2,2.41,0.0
20230331:1009,620.01,139.0,0.0,45.92,19.27,2.9,0.0
20230331:1109,797.01,104.0,0.0,53.47,20.89,3.31,0.0
20230331:1209,780.01,137.0,0.0,56.81,22.05,3.79,0.0
20230331:1309,775.01,125.0,0.0,54.7,22.64,4.34,0.0
20230331:1409,675.01,127.0,0.0,47.97,22.63,4.55,0.0
20230331:1509,510.01,131.0,0.0,38.45,22.29,4.69,0.0
20230331:1609,374.0,93.0,0.0,27.49,21.25,4.55,0.0
20230331:1709,174.0,71.0,0.0,15.83,19.75,3.93,0.0
20230331:1809,17.0,16.37,0.0,3.92,18.12,3.1,0.0
20230331:1909,0.0,0.0,0.0,0.0,16.31,2.55,0.0
20230331:2009,0.0,0.0,0.0,0.0,15.4,2.76,0.0
20230331:2109,0.0,0.0,0.0,0.0,14.49,2.69,0.0
20230331:2209,0.0,0.0,0.0,0.0,13.53,2.55,0.0
20230331:2309,0.0,0.0,0.0,0.0,12.69,2.48,0.0
20230401:0009,0.0,0.0,0.0,0.0,11.98,2.41,0.0
20230401:0109,0.0,0.0,0.0,0.0,11.28,2.34,0.0
20230401:0209,0.0,0.0,0.0,0.0,10.59,2.21,0.0
20230401:0309,0.0,0.0,0.0,0.0,9.97,2.07,0.0
20230401:0409,0.0,0.0,0.0,0.0,9.28,2.0,0.0
20230401:0509,0.0,0.0,0.0,0.0,8.61,1.86,0.0
20230401:0609,0.0,0.0,0.0,0.0,7.92,1.72,0.0
20230401:0709,129.0,65.0,0.0,13.34,8.9,1.17,0.0
20230401:0809,327.0,89.0,0.0,25.1,12.45,1.93,0.0
20230401:0909,522.01,99.0,0.0,36.3,14.53,2.34,0.0
20230401:1009,599.01,148.0,0.0,46.28,15.59,2.55,0.0
20230401:1109,775.01,112.0,0.0,53.85,16.86,2.76,0.0
20230401:1209,828.01,107.0,0.0,57.2,18.39,3.24,0.0
20230401:1309,412.0,330.0,0.0,55.04,19.2,3.66,0.0
20230401:1409,613.01,158.0,0.0,48.25,19.31,3.93,0.0
20230401:1509,528.01,118.0,0.0,38.68,19.28,4.34,0.0
20230401:1609,308.0,126.0,0.0,27.68,18.39,4.76,0.0
20230401:1709,157.0,78.0,0.0,16.0,16.96,4.55,0.0
20230401:1809,13.0,19.08,0.0,4.09,15.55,3.93,0.0
20230401:1909,0.0,0.0,0.0,0.0,14.07,3.17,0.0
20230401:2009,0.0,0.0,0.0,0.0,13.03,3.38,0.0
20230401:2109,0.0,0.0,0.0,0.0,12.32,3.38,0.0
20230401:2209,0.0,0.0,0.0,0.0,11.42,3.24,0.0
20230401:2309,0.0,0.0,0.0,0.0,10.6,3.24,0.0
20230402:0009,0.0,0.0,0.0,0.0,9.76,3.17,0.0
20230402:0109,0.0,0.0,0.0,0.0,9.06,3.03,0.0
20230402:0209,0.0,0.0,0.0,0.0,8.46,2.83,0.0
20230402:0309,0.0,0.0,0.0,0.0,8.01,2.55,0.0
20230402:0409,0.0,0.0,0.0,0.0,7.65,2.0,0.0
20230402:0509,0.0,0.0,0.0,0.0,7.77,1.72,0.0
20230402:0609,0.0,3.0,0.0,1.72,7.61,1.45,0.0
20230402:0709,116.0,76.0,0.0,13.63,8.34,1.38,0.0
20230402:0809,231.0,150.0,0.0,25.4,9.69,1.79,0.0
20230402:0909,494.01,124.0,0.0,36.62,11.17,2.14,0.0
20230402:1009,661.01,127.0,0.0,46.63,12.95,2.28,0.0
20230402:1109,754.01,137.0,0.0,54.24,14.46,2.48,0.0
20230402:1209,793.01,139.0,0.0,57.58,15.83,2.9,0.0
20230402:1309,778.01,132.0,0.0,55.38,16.76,3.24,0.0
20230402:1409,679.01,133.0,0.0,48.52,17.36,3.59,0.0
20230402:1509,522.01,131.0,0.0,38.9,17.35,3.86,0.0
20230402:1609,354.0,109.0,0.0,27.87,16.76,3.93,0.0
20230402:1709,181.0,72.0,0.0,16.18,15.59,3.17,0.0
20230402:1809,9.0,21.88,0.0,4.27,14.16,2.48,0.0
20230402:1909,0.0,0.0,0.0,0.0,12.53,1.72,0.0
20230402:2009,0.0,0.0,0.0,0.0,11.37,1.31,0.0
20230402:2109,0.0,0.0,0.0,0.0,10.27,0.97,0.0
20230402:2209,0.0,0.0,0.0,0.0,10.34,0.62,0.0
20230402:2309,0.0,0.0,0.0,0.0,9.6,0.41,0.0
20230403:0009,0.0,0.0,0.0,0.0,8.94,0.28,0.0
20230403:0109,0.0,0.0,0.0,0.0,8.36,0.14,0.0
20230403:0209,0.0,0.0,0.0,0.0,7.86,0.14,0.0
20230403:0309,0.0,0.0,0.0,0.0,7.52,0.41,0.0
20230403:0409,0.0,0.0,0.0,0.0,7.17,0.76,0.0
20230403:0509,0.0,0.0,0.0,0.0,6.57,1.03,0.0
20230403:0609,0.0,7.0,0.0,2.01,5.27,1.17,0.0
20230403:0709,148.0,66.0,0.0,13.93,6.32,0.69,0.0
20230403:0809,325.0,104.0,0.0,25.7,9.32,1.1,0.0
20230403:0909,487.0,138.0,0.0,36.94,11.76,1.72,0.0
20230403:1009,673.01,130.0,0.0,46.99,13.84,2.0,0.0
20230403:1109,796.01,124.0,0.0,54.62,15.67,2.21,0.0
20230403:1209,826.01,131.0,0.0,57.97,17.04,2.34,0.0
20230403:1309,810.01,124.0,0.0,55.72,18.06,2.69,0.0
20230403:1409,688.01,137.0,0.0,48.79,18.59,2.9,0.0
20230403:1509,546.01,126.0,0.0,39.11,18.6,3.03,0.0
20230403:1609,270.0,163.0,0.0,28.05,18.11,3.17,0.0
20230403:1709,176.0,78.0,0.0,16.35,17.06,3.03,0.0
20230403:1809,7.0,24.28,0.0,4.44,15.46,2.28,0.0
20230403:1909,0.0,0.0,0.0,0.0,13.75,1.59,0.0
20230403:2009,0.0,0.0,0.0,0.0,12.17,0.69,0.0
20230403:2109,0.0,0.0,0.0,0.0,11.63,0.48,0.0
20230403:2209,0.0,0.0,0.0,0.0,10.08,0.97,0.0
20230403:2309,0.0,0.0,0.0,0.0,8.35,1.17,0.0
20230404:0009,0.0,0.0,0.0,0.0,7.55,1.1,0.0
20230404:0109,0.0,0.0,0.0,0.0,7.03,1.1,0.0
20230404:0209,0.0,0.0,0.0,0.0,6.45,1.1,0.0
20230404:0309,0.0,0.0,0.0,0.0,6.26,1.03,0.0
20230404:0409,0.0,0.0,0.0,0.0,6.33,0.97,0.0
20230404:0509,0.0,0.0,0.0,0.0,5.97,1.03,0.0
20230404:0609,0.0,2.0,0.0,2.31,5.65,1.03,0.0
20230404:0709,43.0,108.0,0.0,14.22,6.24,0.83,0.0
20230404:0809,316.0,109.0,0.0,26.01,9.95,0.55,0.0
20230404:0909,491.0,133.0,0.0,37.26,12.89,0.69,0.0
20230404:1009,692.01,117.0,0.0,47.34,14.65,1.17,0.0
20230404:1109,836.01,98.0,0.0,55.0,16.16,1.38,0.0
20230404:1209,879.01,98.0,0.0,58.36,17.37,1.66,0.0
20230404:1309,799.01,126.0,0.0,56.05,18.3,2.0,0.0
20230404:1409,598.01,187.0,0.0,49.06,18.78,2.21,0.0
20230404:1509,340.0,241.0,0.0,39.33,18.79,2.34,0.0
20230404:1609,173.0,207.0,0.0,28.24,18.13,2.34,0.0
20230404:1709,38.0,129.0,0.0,16.52,17.15,2.07,0.0
20230404:1809,11.0,24.29,0.0,4.6,15.47,1.79,0.0
20230404:1909,0.0,0.0,0.0,0.0,13.17,2.0,0.0
20230404:2009,0.0,0.0,0.0,0.0,11.08,2.34,0.0
20230404:2109,0.0,0.0,0.0,0.0,9.47,2.14,0.0
20230404:2209,0.0,0.0,0.0,0.0,8.47,1.66,0.0
20230404:2309,0.0,0.0,0.0,0.0,7.51,1.52,0.0
20230405:0009,0.0,0.0,0.0,0.0,6.56,1.38,0.0
20230405:0109,0.0,0.0,0.0,0.0,5.67,1.24,0.0
20230405:0209,0.0,0.0,0.0,0.0,5.1,1.17,0.0
20230405:0309,0.0,0.0,0.0,0.0,4.8,1.1,0.0
20230405:0409,0.0,0.0,0.0,0.0,4.47,1.03,0.0
20230405:0509,0.0,0.0,0.0,0.0,3.89,0.97,0.0
20230405:0609,0.0,10.0,0.0,2.6,3.41,1.03,0.0
20230405:0709,156.0,68.0,0.0,14.51,3.89,0.9,0.0
20230405:0809,337.0,104.0,0.0,26.3,7.83,1.79,0.0
20230405:0909,504.0,133.0,0.0,37.58,10.7,2.69,0.0
20230405:1009,689.01,126.0,0.0,47.68,13.06,3.38,0.0
20230405:1109,792.01,130.0,0.0,55.38,14.82,3.72,0.0
20230405:1209,820.01,138.0,0.0,58.74,16.1,3.79,0.0
20230405:1309,825.01,119.0,0.0,56.39,16.93,3.72,0.0
20230405:1409,721.01,122.0,0.0,49.32,17.3,3.66,0.0
20230405:1509,558.01,122.0,0.0,39.54,17.16,3.59,0.0
20230405:1609,377.0,106.0,0.0,28.42,16.5,3.45,0.0
20230405:1709,190.0,74.0,0.0,16.69,15.32,3.24,0.0
20230405:1809,21.0,22.01,0.0,4.77,13.57,2.76,0.0
20230405:1909,0.0,0.0,0.0,0.0,11.7,2.28,0.0
20230405:2009,0.0,0.0,0.0,0.0,10.0,1.79,0.0
20230405:2109,0.0,0.0,0.0,0.0,8.54,1.52,0.0
20230405:2209,0.0,0.0,0.0,0.0,6.71,1.38,0.0
20230405:2309,0.0,0.0,0.0,0.0,5.8,1.17,0.0
20230406:0009,0.0,0.0,0.0,0.0,5.17,1.17,0.0
20230406:0109,0.0,0.0,0.0,0.0,4.79,1.1,0.0
20230406:0209,0.0,0.0,0.0,0.0,4.6,1.1,0.0
20230406:0309,0.0,0.0,0.0,0.0,3.98,1.17,0.0
20230406:0409,0.0,0.0,0.0,0.0,3.48,1.24,0.0
20230406:0509,0.0,0.0,0.0,0.0,3.19,1.31,0.0
20230406:0609,0.0,11.0,0.0,2.89,3.24,1.31,0.0
20230406:0709,166.0,67.0,0.0,14.8,5.47,1.03,0.0
20230406:0809,346.0,104.0,0.0,26.6,8.9,1.72,0.0
20230406:0909,504.0,139.0,0.0,37.9,11.84,2.48,0.0
20230406:1009,700.01,125.0,0.0,48.03,14.26,2.83,0.0
20230406:1109,825.01,118.0,0.0,55.76,16.17,2.97,0.0
20230406:1209,866.01,118.0,0.0,59.12,17.6,2.9,0.0
20230406:1309,871.01,99.0,0.0,56.72,18.55,2.83,0.0
20230406:1409,606.01,196.0,0.0,49.58,18.96,2.76,0.0
20230406:1509,267.0,286.0,0.0,39.76,18.9,2.83,0.0
20230406:1609,62.0,238.0,0.0,28.6,18.1,2.9,0.0
20230406:1709,53.0,134.0,0.0,16.86,16.77,2.83,0.0
20230406:1809,8.0,27.96,0.0,4.94,14.94,2.62,0.0
20230406:1909,0.0,0.0,0.0,0.0,13.04,2.21,0.0
20230406:2009,0.0,0.0,0.0,0.0,11.52,1.79,0.0
20230406:2109,0.0,0.0,0.0,0.0,9.96,1.52,0.0
20230406:2209,0.0,0.0,0.0,0.0,8.33,1.31,0.0
20230406:2309,0.0,0.0,0.0,0.0,7.23,1.17,0.0
20230407:0009,0.0,0.0,0.0,0.0,6.69,1.03,0.0
20230407:0109,0.0,0.0,0.0,0.0,6.48,0.97,0.0
20230407:0209,0.0,0.0,0.0,0.0,6.12,0.97,0.0
20230407:0309,0.0,0.0,0.0,0.0,5.48,1.03,0.0
20230407:0409,0.0,0.0,0.0,0.0,4.73,1.1,0.0
20230407:0509,0.0,0.0,0.0,0.0,4.09,1.17,0.0
20230407:0609,0.0,15.0,0.0,3.17,3.75,1.24,0.0
20230407:0709,166.0,69.0,0.0,15.09,5.95,0.83,0.0
20230407:0809,350.0,103.0,0.0,26.89,10.55,1.24,0.0
20230407:0909,520.0,129.0,0.0,38.21,13.57,1.79,0.0
20230407:1009,686.01,132.0,0.0,48.37,15.85,2.21,0.0
20230407:1109,787.01,136.0,0.0,56.14,17.57,2.41,0.0
20230407:1209,836.01,133.0,0.0,59.5,18.72,2.41,0.0
20230407:1309,819.01,125.0,0.0,57.04,19.49,2.28,0.0
20230407:1409,716.01,127.0,0.0,49.84,19.87,2.14,0.0
20230407:1509,562.01,123.0,0.0,39.97,19.92,2.0,0.0
20230407:1609,386.0,104.0,0.0,28.78,19.56,1.93,0.0
20230407:1709,192.0,76.0,0.0,17.03,18.71,1.93,0.0
20230407:1809,25.0,23.03,0.0,5.11,17.24,1.79,0.0
20230407:1909,0.0,0.0,0.0,0.0,15.56,1.45,0.0
20230407:2009,0.0,0.0,0.0,0.0,13.63,1.38,0.0
20230407:2109,0.0,0.0,0.0,0.0,11.55,1.31,0.0
20230407:2209,0.0,0.0,0.0,0.0,10.09,1.31,0.0
20230407:2309,0.0,0.0,0.0,0.0,8.93,1.31,0.0
20230408:0009,0.0,0.0,0.0,0.0,7.86,1.38,0.0
20230408:0109,0.0,0.0,0.0,0.0,7.0,1.38,0.0
20230408:0209,0.0,0.0,0.0,0.0,6.34,1.38,0.0
20230408:0309,0.0,0.0,0.0,0.0,5.73,1.45,0.0
20230408:0409,0.0,0.0,0.0,0.0,5.26,1.52,0.0
20230408:0509,0.0,0.0,0.0,0.0,4.92,1.52,0.0
20230408:0609,0.0,17.0,0.0,3.46,4.91,1.52,0.0
20230408:0709,165.0,72.0,0.0,15.37,7.73,1.03,0.0
20230408:0809,348.0,106.0,0.0,27.19,13.56,0.34,0.0
20230408:0909,514.0,134.0,0.0,38.52,17.06,0.83,0.0
20230408:1009,689.01,131.0,0.0,48.71,19.15,1.17,0.0
20230408:1109,789.01,137.0,0.0,56.51,20.63,1.24,0.0
20230408:1209,816.01,144.0,0.0,59.88,21.76,1.52,0.0
20230408:1309,809.01,132.0,0.0,57.37,22.55,1.72,0.0
20230408:1409,717.01,128.0,0.0,50.1,22.98,1.86,0.0
20230408:1509,570.01,120.0,0.0,40.17,23.03,1.93,0.0
20230408:1609,387.0,105.0,0.0,28.96,22.69,2.0,0.0
20230408:1709,193.0,77.0,0.0,17.19,21.82,2.0,0.0
20230408:1809,31.0,21.08,0.0,5.28,20.44,1.59,0.0
20230408:1909,0.0,0.0,0.0,0.0,18.78,1.24,0.0
20230408:2009,0.0,0.0,0.0,0.0,17.5,0.34,0.0
20230408:2109,0.0,0.0,0.0,0.0,16.64,0.48,0.0
20230408:2209,0.0,0.0,0.0,0.0,14.73,1.1,0.0
20230408:2309,0.0,0.0,0.0,0.0,12.73,1.31,0.0
20230409:0009,0.0,0.0,0.0,0.0,11.39,1.38,0.0
20230409:0109,0.0,0.0,0.0,0.0,10.62,1.38,0.0
20230409:0209,0.0,0.0,0.0,0.0,10.27,1.31,0.0
20230409:0309,0.0,0.0,0.0,0.0,10.0,1.31,0.0
20230409:0409,0.0,0.0,0.0,0.0,9.67,1.31,0.0
20230409:0509,0.0,0.0,0.0,0.0,9.53,1.31,0.0
20230409:0609,0.0,19.0,0.0,3.74,9.9,1.31,0.0
20230409:0709,167.0,73.0,0.0,15.65,10.64,1.24,0.0
20230409:0809,354.0,105.0,0.0,27.47,15.47,1.45,0.0
20230409:0909,514.0,135.0,0.0,38.82,18.33,1.66,0.0
20230409:1009,687.01,133.0,0.0,49.05,20.14,1.93,0.0
20230409:1109,808.01,126.0,0.0,56.88,21.46,2.21,0.0
20230409:1209,858.01,120.0,0.0,60.25,22.34,2.41,0.0
20230409:1309,839.01,114.0,0.0,57.69,23.1,2.76,0.0
20230409:1409,724.01,123.0,0.0,50.36,23.22,2.83,0.0
20230409:1509,576.01,116.0,0.0,40.38,23.22,2.83,0.0
20230409:1609,376.0,110.0,0.0,29.14,22.79,2.69,0.0
20230409:1709,190.0,80.0,0.0,17.36,22.02,2.69,0.0
20230409:1809,28.0,23.5,0.0,5.44,20.75,2.34,0.0
20230409:1909,0.0,0.0,0.0,0.0,19.33,1.66,0.0
20230409:2009,0.0,0.0,0.0,0.0,17.44,1.24,0.0
20230409:2109,0.0,0.0,0.0,0.0,16.76,0.97,0.0
20230409:2209,0.0,0.0,0.0,0.0,16.07,0.97,0.0
20230409:2309,0.0,0.0,0.0,0.0,14.53,1.17,0.0
20230410:0009,0.0,0.0,0.0,0.0,13.42,1.31,0.0
20230410:0109,0.0,0.0,0.0,0.0,12.91,1.31,0.0
20230410:0209,0.0,0.0,0.0,0.0,12.73,1.31,0.0
20230410:0309,0.0,0.0,0.0,0.0,12.42,1.24,0.0
20230410:0409,0.0,0.0,0.0,0.0,11.83,1.24,0.0
20230410:0509,0.0,0.0,0.0,0.0,11.28,1.31,0.0
20230410:0609,0.0,20.0,0.0,4.02,10.91,1.31,0.0
20230410:0709,154.0,80.0,0.0,15.93,12.63,0.9,0.0
20230410:0809,336.0,114.0,0.0,27.76,16.44,0.76,0.0
20230410:0909,517.0,131.0,0.0,39.13,19.19,1.1,0.0
20230410:1009,698.01,124.0,0.0,49.38,21.04,1.72,0.0
20230410:1109,810.01,121.0,0.0,57.25,22.41,2.55,0.0
20230410:1209,882.01,103.0,0.0,60.63,23.32,3.17,0.0
20230410:1309,840.01,110.0,0.0,58.01,23.83,3.45,0.0
20230410:1409,696.01,135.0,0.0,50.61,24.03,3.24,0.0
20230410:1509,500.0,157.0,0.0,40.58,24.02,2.9,0.0
20230410:1609,370.0,112.0,0.0,29.32,23.66,2.76,0.0
20230410:1709,166.0,92.0,0.0,17.52,22.83,2.9,0.0
20230410:1809,2.0,27.58,0.0,5.61,21.46,2.55,0.0
20230410:1909,0.0,0.0,0.0,0.0,19.8,2.07,0.0
20230410:2009,0.0,0.0,0.0,0.0,18.45,1.45,0.0
20230410:2109,0.0,0.0,0.0,0.0,17.25,0.83,0.0
20230410:2209,0.0,0.0,0.0,0.0,16.62,0.76,0.0
20230410:2309,0.0,0.0,0.0,0.0,14.82,1.1,0.0
20230411:0009,0.0,0.0,0.0,0.0,13.63,1.24,0.0
20230411:0109,0.0,0.0,0.0,0.0,12.67,1.31,0.0
20230411:0209,0.0,0.0,0.0,0.0,12.1,1.31,0.0
20230411:0309,0.0,0.0,0.0,0.0,11.42,1.31,0.0
20230411:0409,0.0,0.0,0.0,0.0,10.73,1.38,0.0
20230411:0509,0.0,0.0,0.0,0.0,10.32,1.45,0.0
20230411:0609,3.0,23.3,0.0,4.3,10.27,1.45,0.0
20230411:0709,170.0,77.0,0.0,16.21,12.93,0.9,0.0
20230411:0809,352.0,110.0,0.0,28.04,16.88,0.62,0.0
20230411:0909,521.0,136.0,0.0,39.43,19.58,0.69,0.0
20230411:1009,712.01,123.0,0.0,49.71,21.54,1.1,0.0
20230411:1109,792.01,138.0,0.0,57.62,23.13,1.52,0.0
20230411:1209,862.01,122.0,0.0,61.0,24.42,1.93,0.0
20230411:1309,821.01,127.0,0.0,58.33,25.4,2.41,0.0
20230411:1409,718.01,129.0,0.0,50.86,25.92,3.03,0.0
20230411:1509,549.0,133.0,0.0,40.78,25.79,3.66,0.0
20230411:1609,374.0,114.0,0.0,29.49,25.04,3.86,0.0
20230411:1709,194.0,81.0,0.0,17.69,23.73,3.72,0.0
20230411:1809,30.0,32.0,0.0,5.77,22.06,3.03,0.0
20230411:1909,0.0,0.0,0.0,0.0,19.99,2.41,0.0
20230411:2009,0.0,0.0,0.0,0.0,18.42,1.93,0.0
20230411:2109,0.0,0.0,0.0,0.0,16.56,1.66,0.0
20230411:2209,0.0,0.0,0.0,0.0,14.81,1.45,0.0
20230411:2309,0.0,0.0,0.0,0.0,13.82,1.38,0.0
20230412:0009,0.0,0.0,0.0,0.0,12.7,1.45,0.0
20230412:0109,0.0,0.0,0.0,0.0,11.76,1.45,0.0
20230412:0209,0.0,0.0,0.0,0.0,10.98,1.52,0.0
20230412:0309,0.0,0.0,0.0,0.0,10.46,1.52,0.0
20230412:0409,0.0,0.0,0.0,0.0,9.97,1.52,0.0
20230412:0509,0.0,0.0,0.0,0.0,9.46,1.52,0.0
20230412:0609,4.0,25.04,0.0,4.58,8.91,1.52,0.0
20230412:0709,183.0,73.0,0.0,16.48,10.49,1.24,0.0
20230412:0809,360.0,109.0,0.0,28.32,14.86,2.07,0.0
20230412:0909,533.0,131.0,0.0,39.72,17.41,2.76,0.0
20230412:1009,706.01,128.0,0.0,50.04,19.46,3.24,0.0
20230412:1109,794.01,139.0,0.0,57.98,20.95,3.66,0.0
20230412:1209,830.01,140.0,0.0,61.36,21.89,3.93,0.0
20230412:1309,812.01,133.0,0.0,58.65,22.44,4.14,0.0
20230412:1409,720.01,129.0,0.0,51.1,22.49,4.48,0.0
20230412:1509,551.0,133.0,0.0,40.98,21.92,4.55,0.0
20230412:1609,422.0,91.0,0.0,29.66,20.85,4.34,0.0
20230412:1709,139.0,111.0,0.0,17.85,19.41,4.07,0.0
20230412:1809,26.0,35.0,0.0,5.94,17.49,3.59,0.0
20230412:1909,0.0,0.0,0.0,0.0,15.68,2.83,0.0
20230412:2009,0.0,0.0,0.0,0.0,14.43,2.69,0.0
20230412:2109,0.0,0.0,0.0,0.0,13.56,2.62,0.0
20230412:2209,0.0,0.0,0.0,0.0,12.82,2.48,0.0
20230412:2309,0.0,0.0,0.0,0.0,12.25,2.41,0.0
20230413:0009,0.0,0.0,0.0,0.0,11.52,2.28,0.0
20230413:0109,0.0,0.0,0.0,0.0,10.67,2.48,0.0
20230413:0209,0.0,0.0,0.0,0.0,9.86,2.21,0.0
20230413:0309,0.0,0.0,0.0,0.0,9.0,2.0,0.0
20230413:0409,0.0,0.0,0.0,0.0,7.98,1.79,0.0
20230413:0509,0.0,0.0,0.0,0.0,6.99,1.38,0.0
20230413:0609,3.0,25.32,0.0,4.85,6.39,1.17,0.0
20230413:0709,169.0,83.0,0.0,16.75,8.42,1.66,0.0
20230413:0809,355.0,115.0,0.0,28.6,10.38,1.79,0.0
20230413:0909,538.0,132.0,0.0,40.02,12.58,1.79,0.0
20230413:1009,711.01,129.0,0.0,50.36,14.98,2.14,0.0
20230413:1109,810.01,133.0,0.0,58.34,16.59,2.62,0.0
20230413:1209,870.01,121.0,0.0,61.73,17.86,3.03,0.0
20230413:1309,828.01,127.0,0.0,58.96,18.75,3.59,0.0
20230413:1409,734.01,124.0,0.0,51.35,19.07,3.86,0.0
20230413:1509,578.0,121.0,0.0,41.18,18.89,4.0,0.0
20230413:1609,373.0,118.0,0.0,29.84,18.15,3.93,0.0
20230413:1709,218.0,72.0,0.0,18.01,17.02,3.59,0.0
20230413:1809,41.0,31.0,0.0,6.1,15.56,3.03,0.0
20230413:1909,0.0,0.0,0.0,0.0,13.74,2.07,0.0
20230413:2009,0.0,0.0,0.0,0.0,12.72,1.66,0.0
20230413:2109,0.0,0.0,0.0,0.0,11.42,1.17,0.0
20230413:2209,0.0,0.0,0.0,0.0,10.04,1.24,0.0
20230413:2309,0.0,0.0,0.0,0.0,9.05,1.38,0.0
20230414:0009,0.0,0.0,0.0,0.0,8.45,1.31,0.0
20230414:0109,0.0,0.0,0.0,0.0,7.67,1.38,0.0
20230414:0209,0.0,0.0,0.0,0.0,6.87,1.52,0.0
20230414:0309,0.0,0.0,0.0,0.0,6.26,1.52,0.0
20230414:0409,0.0,0.0,0.0,0.0,5.89,1.45,0.0
20230414:0509,0.0,0.0,0.0,0.0,5.53,1.45,0.0
20230414:0609,2.0,25.57,0.0,5.12,5.21,1.52,0.0
20230414:0709,155.0,91.0,0.0,17.02,7.4,1.24,0.0
20230414:0809,317.0,136.0,0.0,28.87,11.74,1.86,0.0
20230414:0909,531.0,132.0,0.0,40.31,14.18,2.55,0.0
20230414:1009,701.01,130.0,0.0,50.68,16.09,3.1,0.0
20230414:1109,821.01,122.0,0.0,58.69,17.62,3.45,0.0
20230414:1209,900.01,99.0,0.0,62.09,18.83,3.79,0.0
20230414:1309,827.01,122.0,0.0,59.27,19.69,4.14,0.0
20230414:1409,732.01,120.0,0.0,51.59,19.97,4.48,0.0
20230414:1509,546.0,134.0,0.0,41.37,19.55,4.55,0.0
20230414:1609,378.0,113.0,0.0,30.01,18.86,4.48,0.0
20230414:1709,193.0,83.0,0.0,18.17,17.79,4.21,0.0
20230414:1809,2.0,34.0,0.0,6.27,16.45,3.52,0.0
20230414:1909,0.0,0.0,0.0,0.0,15.33,2.55,0.0
20230414:2009,0.0,0.0,0.0,0.0,14.23,2.07,0.0
20230414:2109,0.0,0.0,0.0,0.0,13.23,2.0,0.0
20230414:2209,0.0,0.0,0.0,0.0,12.26,1.86,0.0
20230414:2309,0.0,0.0,0.0,0.0,11.21,1.79,0.0
20230415:0009,0.0,0.0,0.0,0.0,10.14,1.72,0.0
20230415:0109,0.0,0.0,0.0,0.0,9.13,1.66,0.0
20230415:0209,0.0,0.0,0.0,0.0,8.27,1.52,0.0
20230415:0309,0.0,0.0,0.0,0.0,8.11,1.24,0.0
20230415:0409,0.0,0.0,0.0,0.0,7.95,1.03,0.0
20230415:0509,0.0,0.0,0.0,0.0,7.42,1.1,0.0
20230415:0609,7.0,30.24,0.0,5.39,6.85,1.1,0.0
20230415:0709,188.0,77.0,0.0,17.28,9.75,0.76,0.0
20230415:0809,376.0,106.0,0.0,29.14,13.08,0.83,0.0
20230415:0909,536.0,133.0,0.0,40.59,15.67,1.24,0.0
20230415:1009,706.01,130.0,0.0,51.0,17.88,1.66,0.0
20230415:1109,804.01,134.0,0.0,59.05,19.78,2.14,0.0
20230415:1209,851.01,129.0,0.0,62.45,21.25,2.83,0.0
20230415:1309,820.01,128.0,0.0,59.57,22.18,3.45,0.0
20230415:1409,707.01,136.0,0.0,51.83,22.54,3.72,0.0
20230415:1509,572.0,123.0,0.0,41.57,22.44,3.79,0.0
20230415:1609,381.0,114.0,0.0,30.17,21.87,3.86,0.0
20230415:1709,204.0,80.0,0.0,18.33,20.85,3.72,0.0
20230415:1809,40.0,34.0,0.0,6.43,19.4,3.17,0.0
20230415:1909,0.0,0.0,0.0,0.0,17.52,2.0,0.0
20230415:2009,0.0,0.0,0.0,0.0,16.24,1.31,0.0
20230415:2109,0.0,0.0,0.0,0.0,14.79,0.83,0.0
20230415:2209,0.0,0.0,0.0,0.0,14.57,0.62,0.0
20230415:2309,0.0,0.0,0.0,0.0,13.76,0.48,0.0
20230416:0009,0.0,0.0,0.0,0.0,13.1,0.41,0.0
20230416:0109,0.0,0.0,0.0,0.0,12.63,0.34,0.0
20230416:0209,0.0,0.0,0.0,0.0,12.05,0.34,0.0
20230416:0309,0.0,0.0,0.0,0.0,11.43,0.34,0.0
20230416:0409,0.0,0.0,0.0,0.0,10.93,0.34,0.0
20230416:0509,0.0,0.0,0.0,0.0,10.46,0.28,0.0
20230416:0609,33.0,22.6,0.0,5.65,10.1,0.21,0.0
20230416:0709,198.0,77.0,0.0,17.54,10.98,0.48,0.0
20230416:0809,380.0,109.0,0.0,29.41,13.49,1.17,0.0
20230416:0909,546.0,133.0,0.0,40.88,15.73,1.24,0.0
20230416:1009,718.01,129.0,0.0,51.31,17.93,1.45,0.0
20230416:1109,805.01,139.0,0.0,59.4,19.93,1.86,0.0
20230416:1209,863.01,128.0,0.0,62.81,21.51,2.28,0.0
20230416:1309,821.01,133.0,0.0,59.88,22.58,2.69,0.0
20230416:1409,728.01,129.0,0.0,52.06,23.12,2.97,0.0
20230416:1509,566.0,130.0,0.0,41.76,23.02,3.03,0.0
20230416:1609,384.0,115.0,0.0,30.34,22.25,2.76,0.0
20230416:1709,207.0,82.0,0.0,18.49,20.88,2.28,0.0
20230416:1809,45.0,34.0,0.0,6.59,19.16,1.45,0.0
20230416:1909,0.0,0.0,0.0,0.0,17.64,1.17,0.0
20230416:2009,0.0,0.0,0.0,0.0,15.53,1.17,0.0
20230416:2109,0.0,0.0,0.0,0.0,13.54,1.38,0.0
20230416:2209,0.0,0.0,0.0,0.0,11.81,1.31,0.0
20230416:2309,0.0,0.0,0.0,0.0,10.43,1.17,0.0
20230417:0009,0.0,0.0,0.0,0.0,9.92,0.97,0.0
20230417:0109,0.0,0.0,0.0,0.0,9.8,0.83,0.0
20230417:0209,0.0,0.0,0.0,0.0,9.41,0.83,0.0
20230417:0309,0.0,0.0,0.0,0.0,8.82,0.83,0.0
20230417:0409,0.0,0.0,0.0,0.0,8.16,0.9,0.0
20230417:0509,0.0,0.0,0.0,0.0,7.5,0.97,0.0
20230417:0609,37.0,31.0,0.0,5.92,7.08,1.03,0.0
20230417:0709,202.0,79.0,0.0,17.8,10.3,0.55,0.0
20230417:0809,391.0,108.0,0.0,29.67,13.92,0.69,0.0
20230417:0909,559.0,132.0,0.0,41.16,16.4,1.17,0.0
20230417:1009,732.01,129.0,0.0,51.62,18.38,1.31,0.0
20230417:1109,820.01,138.0,0.0,59.74,19.98,1.52,0.0
20230417:1209,878.01,127.0,0.0,63.16,21.23,1.93,0.0
20230417:1309,835.01,132.0,0.0,60.18,22.05,2.14,0.0
20230417:1409,741.01,128.0,0.0,52.3,22.35,2.0,0.0
20230417:1509,560.0,139.0,0.0,41.95,22.26,1.86,0.0
20230417:1609,358.0,136.0,0.0,30.51,21.63,1.59,0.0
20230417:1709,126.0,126.0,0.0,18.65,20.55,1.45,0.0
20230417:1809,13.0,44.0,0.0,6.76,18.8,1.72,0.0
20230417:1909,0.0,0.0,0.0,0.0,16.48,1.93,0.0
20230417:2009,0.0,0.0,0.0,0.0,14.24,1.86,0.0
20230417:2109,0.0,0.0,0.0,0.0,12.84,1.59,0.0
20230417:2209,0.0,0.0,0.0,0.0,11.69,1.45,0.0
20230417:2309,0.0,0.0,0.0,0.0,10.58,1.31,0.0
20230418:0009,0.0,0.0,0.0,0.0,9.43,1.31,0.0
20230418:0109,0.0,0.0,0.0,0.0,8.66,1.24,0.0
20230418:0209,0.0,0.0,0.0,0.0,8.09,1.24,0.0
20230418:0309,0.0,0.0,0.0,0.0,7.54,1.24,0.0
20230418:0409,0.0,0.0,0.0,0.0,7.1,1.24,0.0
20230418:0509,0.0,0.0,0.0,0.0,6.65,1.24,0.0
20230418:0609,37.0,33.0,0.0,6.17,6.36,1.24,0.0
20230418:0709,204.0,79.0,0.0,18.05,8.69,0.97,0.0
20230418:0809,384.0,112.0,0.0,29.93,13.12,1.31,0.0
20230418:0909,555.0,134.0,0.0,41.43,15.87,1.52,0.0
20230418:1009,728.01,129.0,0.0,51.92,18.01,1.79,0.0
20230418:1109,814.01,139.0,0.0,60.08,19.61,1.79,0.0
20230418:1209,871.01,128.0,0.0,63.52,20.7,1.72,0.0
20230418:1309,840.01,127.0,0.0,60.47,21.44,1.79,0.0
20230418:1409,735.01,129.0,0.0,52.53,21.74,1.93,0.0
20230418:1509,573.0,130.0,0.0,42.13,21.48,2.21,0.0
20230418:1609,396.0,113.0,0.0,30.67,20.6,2.69,0.0
20230418:1709,213.0,82.0,0.0,18.81,18.98,3.03,0.0
20230418:1809,49.0,36.0,0.0,6.92,16.85,3.03,0.0
20230418:1909,0.0,0.0,0.0,0.0,14.69,2.55,0.0
20230418:2009,0.0,0.0,0.0,0.0,12.85,2.34,0.0
20230418:2109,0.0,0.0,0.0,0.0,11.57,1.93,0.0
20230418:2209,0.0,0.0,0.0,0.0,10.5,1.72,0.0
20230418:2309,0.0,0.0,0.0,0.0,9.53,1.59,0.0
20230419:0009,0.0,0.0,0.0,0.0,8.67,1.45,0.0
20230419:0109,0.0,0.0,0.0,0.0,7.83,1.31,0.0
20230419:0209,0.0,0.0,0.0,0.0,7.29,1.24,0.0
20230419:0309,0.0,0.0,0.0,0.0,6.82,1.31,0.0
20230419:0409,0.0,0.0,0.0,0.0,6.38,1.31,0.0
20230419:0509,0.0,0.0,0.0,0.0,6.41,1.24,0.0
20230419:0609,4.0,37.0,0.0,6.43,6.43,1.1,0.0
20230419:0709,142.0,110.0,0.0,18.3,8.16,1.1,0.0
20230419:0809,201.0,207.0,0.0,30.18,10.04,1.59,0.0
20230419:0909,492.0,165.0,0.0,41.7,12.58,1.86,0.0
20230419:1009,78.0,398.0,0.0,52.22,15.49,2.14,0.0
20230419:1109,138.0,449.0,0.0,60.42,17.95,2.21,0.0
20230419:1209,678.01,234.0,0.0,63.86,19.1,1.93,0.0
20230419:1309,796.01,142.0,0.0,60.77,19.88,1.59,0.0
20230419:1409,556.0,227.0,0.0,52.76,19.81,1.31,0.0
20230419:1509,519.0,154.0,0.0,42.32,20.03,1.45,0.0
20230419:1609,409.0,102.0,0.0,30.84,18.96,1.38,0.0
20230419:1709,38.0,145.0,0.0,18.97,17.76,1.52,0.0
20230419:1809,11.0,46.0,0.0,7.08,16.62,1.79,0.0
20230419:1909,0.0,0.0,0.0,0.0,14.58,1.52,0.0
20230419:2009,0.0,0.0,0.0,0.0,13.73,1.38,0.0
20230419:2109,0.0,0.0,0.0,0.0,13.08,1.24,0.0
20230419:2209,0.0,0.0,0.0,0.0,12.54,1.24,0.0
20230419:2309,0.0,0.0,0.0,0.0,11.95,1.24,0.0
20230420:0009,0.0,0.0,0.0,0.0,11.47,1.03,0.0
20230420:0109,0.0,0.0,0.0,0.0,10.92,0.76,0.0
20230420:0209,0.0,0.0,0.0,0.0,10.31,0.41,0.0
20230420:0309,0.0,0.0,0.0,0.0,10.13,0.41,0.0
20230420:0409,0.0,0.0,0.0,0.0,9.43,0.69,0.0
20230420:0509,0.0,0.0,0.0,0.0,9.02,0.76,0.0
20230420:0609,41.0,36.0,0.0,6.68,8.79,0.83,0.0
20230420:0709,202.0,83.0,0.0,18.55,10.92,0.48,0.0
20230420:0809,387.0,111.0,0.0,30.43,13.67,0.76,0.0
20230420:0909,573.0,123.0,0.0,41.97,16.16,1.24,0.0
20230420:1009,729.01,126.0,0.0,52.52,18.62,1.59,0.0
20230420:1109,825.01,129.0,0.0,60.76,20.18,2.21,0.0
20230420:1209,871.01,124.0,0.0,64.21,20.75,2.41,0.0
20230420:1309,828.01,129.0,0.0,61.06,21.48,2.48,0.0
20230420:1409,725.01,131.0,0.0,52.98,22.04,2.48,0.0
20230420:1509,565.0,131.0,0.0,42.5,22.13,2.41,0.0
20230420:1609,395.0,112.0,0.0,31.0,21.64,2.14,0.0
20230420:1709,227.0,76.0,0.0,19.12,20.88,1.86,0.0
20230420:1809,48.0,38.0,0.0,7.24,20.07,1.59,0.0
20230420:1909,0.0,0.0,0.0,0.0,18.92,1.52,0.0
20230420:2009,0.0,0.0,0.0,0.0,17.23,0.76,0.0
20230420:2109,0.0,0.0,0.0,0.0,16.69,0.55,0.0
20230420:2209,0.0,0.0,0.0,0.0,15.08,0.9,0.0
20230420:2309,0.0,0.0,0.0,0.0,13.19,1.24,0.0
20230421:0009,0.0,0.0,0.0,0.0,12.34,1.24,0.0
20230421:0109,0.0,0.0,0.0,0.0,11.79,1.24,0.0
20230421:0209,0.0,0.0,0.0,0.0,11.16,1.24,0.0
20230421:0309,0.0,0.0,0.0,0.0,10.46,1.31,0.0
20230421:0409,0.0,0.0,0.0,0.0,10.24,1.24,0.0
20230421:0509,0.0,0.0,0.0,0.0,10.39,1.1,0.0
20230421:0609,44.0,38.0,0.0,6.93,10.35,1.03,0.0
20230421:0709,210.0,82.0,0.0,18.79,13.25,0.55,0.0
20230421:0809,402.0,108.0,0.0,30.68,15.96,0.28,0.0
20230421:0909,584.0,122.0,0.0,42.23,18.02,0.21,0.0
20230421:1009,761.01,113.0,0.0,52.81,19.91,0.76,0.0
20230421:1109,837.01,128.0,0.0,61.09,21.49,1.72,0.0
20230421:1209,907.01,109.0,0.0,64.55,22.62,2.07,0.0
20230421:1309,851.01,122.0,0.0,61.34,23.13,2.28,0.0
20230421:1409,630.0,193.0,0.0,53.2,23.28,2.34,0.0
20230421:1509,449.0,206.0,0.0,42.68,23.17,2.28,0.0
20230421:1609,220.0,211.0,0.0,31.16,22.46,2.48,0.0
20230421:1709,63.0,150.0,0.0,19.28,21.3,2.62,0.0
20230421:1809,26.0,48.0,0.0,7.4,19.66,2.14,0.0
20230421:1909,0.0,0.0,0.0,0.0,17.96,1.66,0.0
20230421:2009,0.0,0.0,0.0,0.0,16.49,1.31,0.0
20230421:2109,0.0,0.0,0.0,0.0,14.8,0.83,0.0
20230421:2209,0.0,0.0,0.0,0.0,14.41,0.69,0.0
20230421:2309,0.0,0.0,0.0,0.0,13.38,0.76,0.0
20230422:0009,0.0,0.0,0.0,0.0,12.08,0.9,0.0
20230422:0109,0.0,0.0,0.0,0.0,10.96,1.03,0.0
20230422:0209,0.0,0.0,0.0,0.0,10.18,1.1,0.0
20230422:0309,0.0,0.0,0.0,0.0,10.07,0.97,0.0
20230422:0409,0.0,0.0,0.0,0.0,9.72,0.9,0.0
20230422:0509,0.0,0.0,0.0,0.0,8.81,1.1,0.0
20230422:0609,12.0,46.0,0.0,7.17,8.2,1.17,0.0
20230422:0709,65.0,145.0,0.0,19.03,10.64,0.83,0.0
20230422:0809,371.0,122.0,0.0,30.92,12.48,1.1,0.0
20230422:0909,48.0,325.0,0.0,42.49,14.18,1.45,0.0
20230422:1009,264.0,375.0,0.0,53.1,15.33,1.66,0.0
20230422:1109,244.0,434.0,0.0,61.42,17.37,2.14,0.0
20230422:1209,531.0,323.0,0.0,64.89,18.12,2.55,0.0
20230422:1309,724.01,188.0,0.0,61.63,18.5,2.83,0.0
20230422:1409,415.0,309.0,0.0,53.42,19.06,2.97,0.0
20230422:1509,561.0,133.0,0.0,42.86,19.05,3.1,0.0
20230422:1609,369.0,127.0,0.0,31.32,18.1,3.03,0.0
20230422:1709,138.0,123.0,0.0,19.43,16.46,2.76,0.0
20230422:1809,3.0,41.0,0.0,7.56,15.52,2.34,0.0
20230422:1909,0.0,0.0,0.0,0.0,15.03,1.52,0.0
20230422:2009,0.0,0.0,0.0,0.0,14.14,1.1,0.0
20230422:2109,0.0,0.0,0.0,0.0,13.02,0.83,0.0
20230422:2209,0.0,0.0,0.0,0.0,12.73,0.62,0.0
20230422:2309,0.0,0.0,0.0,0.0,12.09,0.55,0.0
20230423:0009,0.0,0.0,0.0,0.0,11.34,0.62,0.0
20230423:0109,0.0,0.0,0.0,0.0,10.69,0.69,0.0
20230423:0209,0.0,0.0,0.0,0.0,9.93,0.76,0.0
20230423:0309,0.0,0.0,0.0,0.0,9.33,0.83,0.0
20230423:0409,0.0,0.0,0.0,0.0,8.67,0.83,0.0
20230423:0509,0.0,0.0,0.0,0.0,8.12,0.9,0.0
20230423:0609,54.0,38.0,0.0,7.41,7.83,0.9,0.0
20230423:0709,210.0,87.0,0.0,19.27,9.93,0.28,0.0
20230423:0809,384.0,121.0,0.0,31.16,13.06,0.21,0.0
20230423:0909,565.0,135.0,0.0,42.74,15.55,0.41,0.0
20230423:1009,725.01,136.0,0.0,53.38,17.67,0.41,0.0
20230423:1109,840.01,129.0,0.0,61.74,19.53,0.62,0.0
20230423:1209,886.01,122.0,0.0,65.22,21.12,1.31,0.0
20230423:1309,842.01,128.0,0.0,61.91,22.32,1.93,0.0
20230423:1409,737.01,131.0,0.0,53.64,23.01,2.48,0.0
20230423:1509,592.0,123.0,0.0,43.04,23.13,2.97,0.0
20230423:1609,400.0,116.0,0.0,31.48,22.66,3.31,0.0
20230423:1709,217.0,86.0,0.0,19.59,21.7,3.31,0.0
20230423:1809,54.0,41.0,0.0,7.72,20.28,2.97,0.0
20230423:1909,0.0,0.0,0.0,0.0,18.78,2.0,0.0
20230423:2009,0.0,0.0,0.0,0.0,17.36,1.45,0.0
20230423:2109,0.0,0.0,0.0,0.0,16.18,0.76,0.0
20230423:2209,0.0,0.0,0.0,0.0,15.75,0.34,0.0
20230423:2309,0.0,0.0,0.0,0.0,14.95,0.21,0.0
20230424:0009,0.0,0.0,0.0,0.0,14.4,0.34,0.0
20230424:0109,0.0,0.0,0.0,0.0,14.07,0.34,0.0
20230424:0209,0.0,0.0,0.0,0.0,13.85,0.28,0.0
20230424:0309,0.0,0.0,0.0,0.0,13.55,0.28,0.0
20230424:0409,0.0,0.0,0.0,0.0,13.17,0.28,0.0
20230424:0509,0.0,0.0,0.0,0.0,12.74,0.62,0.0
20230424:0609,53.0,41.0,0.0,7.64,12.32,0.9,0.0
20230424:0709,218.0,85.0,0.0,19.5,13.6,0.48,0.0
20230424:0809,405.0,112.0,0.0,31.4,16.46,0.28,0.0
20230424:0909,583.0,127.0,0.0,42.99,19.05,0.69,0.0
20230424:1009,736.01,131.0,0.0,53.65,21.05,0.28,0.0
20230424:1109,842.01,128.0,0.0,62.06,22.52,0.69,0.0
20230424:1209,887.01,123.0,0.0,65.55,23.72,1.31,0.0
20230424:1309,843.01,128.0,0.0,62.19,24.59,1.86,0.0
20230424:1409,748.01,126.0,0.0,53.85,25.12,2.34,0.0
20230424:1509,593.0,124.0,0.0,43.21,25.19,2.9,0.0
20230424:1609,396.0,119.0,0.0,31.63,24.73,3.31,0.0
20230424:1709,213.0,89.0,0.0,19.74,23.77,3.24,0.0
20230424:1809,57.0,41.0,0.0,7.88,22.37,2.76,0.0
20230424:1909,0.0,0.0,0.0,0.0,20.93,2.07,0.0
20230424:2009,0.0,0.0,0.0,0.0,19.32,1.72,0.0
20230424:2109,0.0,0.0,0.0,0.0,17.45,1.24,0.0
20230424:2209,0.0,0.0,0.0,0.0,17.66,0.83,0.0
20230424:2309,0.0,0.0,0.0,0.0,16.9,0.83,0.0
20230425:0009,0.0,0.0,0.0,0.0,16.11,0.97,0.0
20230425:0109,0.0,0.0,0.0,0.0,15.52,0.97,0.0
20230425:0209,0.0,0.0,0.0,0.0,14.23,1.17,0.0
20230425:0309,0.0,0.0,0.0,0.0,12.92,1.31,0.0
20230425:0409,0.0,0.0,0.0,0.0,12.52,1.38,0.0
20230425:0509,0.0,0.0,0.0,0.0,12.53,1.31,0.0
20230425:0609,57.0,42.0,0.0,7.88,12.4,1.31,0.0
20230425:0709,225.0,84.0,0.0,19.72,15.88,0.76,0.0
20230425:0809,407.0,113.0,0.0,31.62,19.2,1.03,0.0
20230425:0909,585.0,128.0,0.0,43.23,21.48,1.72,0.0
20230425:1009,769.01,114.0,0.0,53.93,23.22,2.28,0.0
20230425:1109,844.01,128.0,0.0,62.37,24.54,2.62,0.0
20230425:1209,877.01,129.0,0.0,65.88,25.67,2.83,0.0
20230425:1309,833.01,135.0,0.0,62.46,26.54,3.17,0.0
20230425:1409,750.01,125.0,0.0,54.07,26.96,3.45,0.0
20230425:1509,595.0,124.0,0.0,43.39,26.91,3.59,0.0
20230425:1609,409.0,113.0,0.0,31.79,26.38,3.45,0.0
20230425:1709,223.0,86.0,0.0,19.89,25.46,3.31,0.0
20230425:1809,57.0,42.0,0.0,8.04,24.11,2.9,0.0
20230425:1909,0.0,0.0,0.0,0.0,22.48,2.0,0.0
20230425:2009,0.0,0.0,0.0,0.0,20.93,1.38,0.0
20230425:2109,0.0,0.0,0.0,0.0,20.0,0.76,0.0
20230425:2209,0.0,0.0,0.0,0.0,19.23,0.55,0.0
20230425:2309,0.0,0.0,0.0,0.0,18.05,0.69,0.0
20230426:0009,0.0,0.0,0.0,0.0,17.23,0.69,0.0
20230426:0109,0.0,0.0,0.0,0.0,16.58,0.76,0.0
20230426:0209,0.0,0.0,0.0,0.0,16.07,0.83,0.0
20230426:0309,0.0,0.0,0.0,0.0,15.57,0.97,0.0
20230426:0409,0.0,0.0,0.0,0.0,14.95,1.1,0.0
20230426:0509,0.0,0.0,0.0,0.0,13.76,1.24,0.0
20230426:0609,63.0,41.0,0.0,8.1,12.92,1.38,0.0
20230426:0709,235.0,83.0,0.0,19.95,16.98,0.62,0.0
20230426:0809,416.0,113.0,0.0,31.85,20.57,0.55,0.0
20230426:0909,595.0,127.0,0.0,43.47,22.99,0.48,0.0
20230426:1009,749.01,131.0,0.0,54.19,24.86,0.14,0.0
20230426:1109,843.01,134.0,0.0,62.68,26.41,0.62,0.0
20230426:1209,900.01,122.0,0.0,66.21,27.77,1.45,0.0
20230426:1309,844.01,133.0,0.0,62.73,28.73,2.14,0.0
20230426:1409,760.01,125.0,0.0,54.27,29.2,2.62,0.0
20230426:1509,612.0,119.0,0.0,43.56,29.19,2.9,0.0
20230426:1609,417.0,112.0,0.0,31.95,28.73,3.03,0.0
20230426:1709,239.0,81.0,0.0,20.04,27.77,2.97,0.0
20230426:1809,49.0,48.0,0.0,8.2,26.35,2.41,0.0
20230426:1909,0.0,0.0,0.0,0.0,24.71,1.59,0.0
20230426:2009,0.0,0.0,0.0,0.0,22.52,1.03,0.0
20230426:2109,0.0,0.0,0.0,0.0,21.96,0.9,0.0
20230426:2209,0.0,0.0,0.0,0.0,21.38,0.9,0.0
20230426:2309,0.0,0.0,0.0,0.0,20.4,0.97,0.0
20230427:0009,0.0,0.0,0.0,0.0,19.01,1.17,0.0
20230427:0109,0.0,0.0,0.0,0.0,18.11,1.24,0.0
20230427:0209,0.0,0.0,0.0,0.0,17.46,1.31,0.0
20230427:0309,0.0,0.0,0.0,0.0,17.69,1.24,0.0
20230427:0409,0.0,0.0,0.0,0.0,17.92,1.17,0.0
20230427:0509,0.0,0.0,0.0,0.0,16.97,1.31,0.0
20230427:0609,27.0,56.0,0.0,8.33,15.02,1.52,0.0
20230427:0709,83.0,152.0,0.0,20.16,16.48,1.24,0.0
20230427:0809,399.0,120.0,0.0,32.07,22.83,1.17,0.0
20230427:0909,579.0,133.0,0.0,43.7,25.49,0.9,0.0
20230427:1009,729.0,137.0,0.0,54.46,27.16,0.69,0.0
20230427:1109,843.01,129.0,0.0,62.98,28.31,1.24,0.0
20230427:1209,770.01,192.0,0.0,66.53,29.27,1.86,0.0
20230427:1309,770.01,171.0,0.0,63.0,30.02,2.41,0.0
20230427:1409,132.0,417.0,0.0,54.48,29.8,2.76,0.0
20230427:1509,435.0,218.0,0.0,43.73,29.69,3.1,0.0
20230427:1609,356.0,145.0,0.0,32.1,29.14,3.24,0.0
20230427:1709,212.0,93.0,0.0,20.19,28.38,3.03,0.0
20230427:1809,16.0,56.0,0.0,8.36,27.24,2.21,0.0
20230427:1909,0.0,0.0,0.0,0.0,26.01,1.17,0.0
20230427:2009,0.0,0.0,0.0,0.0,23.88,0.9,0.0
20230427:2109,0.0,0.0,0.0,0.0,22.75,0.97,0.0
20230427:2209,0.0,0.0,0.0,0.0,21.09,1.17,0.0
20230427:2309,0.0,0.0,0.0,0.0,19.43,1.38,0.0
20230428:0009,0.0,0.0,0.0,0.0,17.94,1.52,0.0
20230428:0109,0.0,0.0,0.0,0.0,16.54,1.66,0.0
20230428:0209,0.0,0.0,0.0,0.0,15.21,1.79,0.0
20230428:0309,0.0,0.0,0.0,0.0,14.5,1.79,0.0
20230428:0409,0.0,0.0,0.0,0.0,14.17,1.79,0.0
20230428:0509,0.0,0.0,0.0,0.0,13.68,1.86,0.0
20230428:0609,8.0,55.0,0.0,8.55,13.74,1.72,0.0
20230428:0709,143.0,129.0,0.0,20.38,17.8,1.52,0.0
20230428:0809,318.0,165.0,0.0,32.29,23.8,1.79,0.0
20230428:0909,394.0,238.0,0.0,43.93,26.99,1.93,0.0
20230428:1009,373.0,336.0,0.0,54.71,29.18,1.66,0.0
20230428:1109,1.0,300.0,0.0,63.28,30.51,2.07,0.0
20230428:1209,86.0,465.0,0.0,66.84,30.94,2.76,0.0
20230428:1309,0.0,235.0,0.0,63.26,30.4,3.17,0.0
20230428:1409,1.0,265.0,0.0,54.68,28.14,2.34,0.0
20230428:1509,0.0,219.0,0.0,43.9,27.04,0.21,0.0
20230428:1609,0.0,136.0,0.0,32.25,27.61,0.62,0.0
20230428:1709,0.0,90.0,0.0,20.34,27.66,0.97,0.0
20230428:1809,0.0,34.0,0.0,8.51,26.01,1.59,0.0
20230428:1909,0.0,0.0,0.0,0.0,25.44,1.24,0.0
20230428:2009,0.0,0.0,0.0,0.0,23.61,0.83,0.0
20230428:2109,0.0,0.0,0.0,0.0,22.65,0.69,0.0
20230428:2209,0.0,0.0,0.0,0.0,19.94,1.1,0.0
20230428:2309,0.0,0.0,0.0,0.0,18.22,1.38,0.0
20230429:0009,0.0,0.0,0.0,0.0,17.04,1.45,0.0
20230429:0109,0.0,0.0,0.0,0.0,16.16,1.66,0.0
20230429:0209,0.0,0.0,0.0,0.0,15.53,1.59,0.0
20230429:0309,0.0,0.0,0.0,0.0,15.26,1.38,0.0
20230429:0409,0.0,0.0,0.0,0.0,14.98,1.24,0.0
20230429:0509,0.0,0.0,0.0,0.0,14.44,1.31,0.0
20230429:0609,0.0,9.0,0.0,8.76,14.45,1.17,0.0
20230429:0709,0.0,79.0,0.0,20.59,17.28,0.97,0.0
20230429:0809,71.0,259.0,0.0,32.5,20.34,1.79,0.0
20230429:0909,340.0,269.0,0.0,44.15,22.0,2.14,0.0
20230429:1009,215.0,401.0,0.0,54.96,23.59,2.48,0.0
20230429:1109,778.01,162.0,0.0,63.58,24.89,3.03,0.0
20230429:1209,208.0,466.0,0.0,67.15,25.12,3.72,0.0
20230429:1309,0.0,169.0,0.0,63.52,23.2,3.24,0.0
20230429:1409,788.01,102.0,0.0,54.88,23.92,3.93,0.0
20230429:1509,545.0,150.0,0.0,44.06,23.84,4.07,0.0
20230429:1609,177.0,235.0,0.0,32.4,21.55,3.86,0.0
20230429:1709,211.0,94.0,0.0,20.49,20.85,4.0,0.0
20230429:1809,64.0,45.0,0.0,8.67,20.18,3.59,0.0
20230429:1909,0.0,0.0,0.0,0.0,16.52,1.79,0.0
20230429:2009,0.0,0.0,0.0,0.0,15.94,1.17,0.0
20230429:2109,0.0,0.0,0.0,0.0,15.41,1.1,0.0
20230429:2209,0.0,0.0,0.0,0.0,14.59,0.97,0.0
20230429:2309,0.0,0.0,0.0,0.0,14.71,0.76,0.0
20230430:0009,0.0,0.0,0.0,0.0,14.53,0.76,0.0
20230430:0109,0.0,0.0,0.0,0.0,13.84,0.9,0.0
20230430:0209,0.0,0.0,0.0,0.0,13.54,0.9,0.0
20230430:0309,0.0,0.0,0.0,0.0,13.22,0.97,0.0
20230430:0409,0.0,0.0,0.0,0.0,12.66,1.03,0.0
20230430:0509,0.0,0.0,0.0,0.0,12.15,1.1,0.0
20230430:0609,23.0,62.0,0.0,8.97,12.31,1.03,0.0
20230430:0709,153.0,130.0,0.0,20.79,15.25,0.76,0.0
20230430:0809,127.0,255.0,0.0,32.7,18.5,0.76,0.0
20230430:0909,513.0,176.0,0.0,44.37,20.35,0.55,0.0
20230430:1009,673.0,172.0,0.0,55.21,22.07,0.69,0.0
20230430:1109,674.0,232.0,0.0,63.87,23.13,1.03,0.0
20230430:1209,619.0,285.0,0.0,67.46,23.96,1.31,0.0
20230430:1309,244.0,444.0,0.0,63.78,24.18,1.86,0.0
20230430:1409,0.0,118.0,0.0,55.08,24.53,2.21,0.0
20230430:1509,14.0,296.0,0.0,44.23,22.98,1.93,0.0
20230430:1609,53.0,256.0,0.0,32.55,21.91,0.97,0.0
20230430:1709,20.0,151.0,0.0,20.64,20.57,1.52,0.0
20230430:1809,9.0,57.0,0.0,8.82,18.07,1.93,0.0
20230430:1909,0.0,0.0,0.0,0.0,18.36,0.41,0.0
20230430:2009,0.0,0.0,0.0,0.0,17.64,0.55,0.0
20230430:2109,0.0,0.0,0.0,0.0,16.78,0.21,0.0
20230430:2209,0.0,0.0,0.0,0.0,15.48,0.9,0.0
20230430:2309,0.0,0.0,0.0,0.0,14.8,1.03,0.0
20230501:0009,0.0,0.0,0.0,0.0,14.41,0.97,0.0
20230501:0109,0.0,0.0,0.0,0.0,14.43,0.83,0.0
20230501:0209,0.0,0.0,0.0,0.0,13.81,0.9,0.0
20230501:0309,0.0,0.0,0.0,0.0,13.25,0.97,0.0
20230501:0409,0.0,0.0,0.0,0.0,12.79,1.03,0.0
20230501:0509,0.0,0.0,0.0,0.0,12.71,0.97,0.0
20230501:0609,69.0,50.0,0.0,9.18,12.97,0.69,0.0
20230501:0709,244.0,90.0,0.0,20.99,14.17,0.28,0.0
20230501:0809,446.0,108.0,0.0,32.9,17.04,0.55,0.0
20230501:0909,614.0,127.0,0.0,44.59,19.34,0.9,0.0
20230501:1009,752.0,137.0,0.0,55.45,21.14,1.38,0.0
20230501:1109,846.01,140.0,0.0,64.15,22.53,2.0,0.0
20230501:1209,901.01,128.0,0.0,67.77,23.48,2.34,0.0
20230501:1309,844.01,140.0,0.0,64.03,24.03,2.28,0.0
20230501:1409,729.0,148.0,0.0,55.28,24.64,2.14,0.0
20230501:1509,594.0,135.0,0.0,44.39,24.89,2.14,0.0
20230501:1609,409.0,124.0,0.0,32.7,24.67,2.07,0.0
20230501:1709,223.0,96.0,0.0,20.79,24.12,2.21,0.0
20230501:1809,66.0,49.0,0.0,8.98,23.13,2.14,0.0
20230501:1909,0.0,0.0,0.0,0.0,21.56,1.66,0.0
20230501:2009,0.0,0.0,0.0,0.0,20.03,1.1,0.0
20230501:2109,0.0,0.0,0.0,0.0,18.79,0.83,0.0
20230501:2209,0.0,0.0,0.0,0.0,18.63,0.34,0.0
20230501:2309,0.0,0.0,0.0,0.0,17.96,0.62,0.0
20230502:0009,0.0,0.0,0.0,0.0,16.68,1.03,0.0
20230502:0109,0.0,0.0,0.0,0.0,15.11,1.1,0.0
20230502:0209,0.0,0.0,0.0,0.0,13.45,1.17,0.0
20230502:0309,0.0,0.0,0.0,0.0,12.31,1.24,0.0
20230502:0409,0.0,0.0,0.0,0.0,11.48,1.24,0.0
20230502:0509,0.0,0.0,0.0,0.0,10.85,1.24,0.0
20230502:0609,64.0,53.0,0.0,9.38,10.92,1.17,0.0
20230502:0709,0.0,0.0,0.0,0.0,14.31,1.03,0.0
20230502:0809,399.0,133.0,0.0,33.1,17.89,1.38,0.0
20230502:0909,584.0,143.0,0.0,44.79,20.62,1.72,0.0
20230502:1009,723.0,154.0,0.0,55.69,22.54,1.86,0.0
20230502:1109,847.01,140.0,0.0,64.43,23.92,1.86,0.0
20230502:1209,902.01,128.0,0.0,68.07,24.9,1.72,0.0
20230502:1309,777.01,177.0,0.0,64.28,25.48,1.59,0.0
20230502:1409,254.0,397.0,0.0,55.47,25.85,1.52,0.0
20230502:1509,59.0,344.0,0.0,44.55,25.85,1.66,0.0
20230502:1609,131.0,257.0,0.0,32.85,25.48,1.93,0.0
20230502:1709,68.0,162.0,0.0,20.93,24.63,2.34,0.0
20230502:1809,12.0,61.0,0.0,9.13,23.04,2.69,0.0
20230502:1909,0.0,0.0,0.0,0.0,20.7,2.48,0.0
20230502:2009,0.0,0.0,0.0,0.0,19.08,2.14,0.0
20230502:2109,0.0,0.0,0.0,0.0,17.87,1.79,0.0
20230502:2209,0.0,0.0,0.0,0.0,16.73,1.59,0.0
20230502:2309,0.0,0.0,0.0,0.0,15.71,1.59,0.0
20230503:0009,0.0,0.0,0.0,0.0,14.62,1.72,0.0
20230503:0109,0.0,0.0,0.0,0.0,13.48,1.66,0.0
20230503:0209,0.0,0.0,0.0,0.0,12.21,1.59,0.0
20230503:0309,0.0,0.0,0.0,0.0,11.43,1.72,0.0
20230503:0409,0.0,0.0,0.0,0.0,11.54,1.66,0.0
20230503:0509,0.0,0.0,0.0,0.0,10.94,1.59,0.0
20230503:0609,71.0,53.0,0.0,9.58,10.8,1.45,0.0
20230503:0709,247.0,92.0,0.0,21.38,14.44,1.59,0.0
20230503:0809,429.0,119.0,0.0,33.29,17.78,2.0,0.0
20230503:0909,601.0,136.0,0.0,45.0,20.52,2.14,0.0
20230503:1009,734.0,148.0,0.0,55.92,22.83,1.93,0.0
20230503:1109,137.0,469.0,0.0,64.7,24.61,1.86,0.0
20230503:1209,822.01,171.0,0.0,68.36,25.65,1.86,0.0
20230503:1309,868.01,128.0,0.0,64.53,26.57,1.86,0.0
20230503:1409,614.0,217.0,0.0,55.66,26.77,1.45,0.0
20230503:1509,241.0,322.0,0.0,44.71,26.97,1.24,0.0
20230503:1609,221.0,225.0,0.0,32.99,26.32,1.59,0.0
20230503:1709,18.0,153.0,0.0,21.08,25.23,1.79,0.0
20230503:1809,17.0,63.0,0.0,9.29,24.09,1.52,0.0
20230503:1909,0.0,0.0,0.0,0.0,22.36,1.31,0.0
20230503:2009,0.0,0.0,0.0,0.0,20.31,1.31,0.0
20230503:2109,0.0,0.0,0.0,0.0,18.03,1.31,0.0
20230503:2209,0.0,0.0,0.0,0.0,16.41,1.31,0.0
20230503:2309,0.0,0.0,0.0,0.0,15.33,1.24,0.0
20230504:0009,0.0,0.0,0.0,0.0,14.37,1.31,0.0
20230504:0109,0.0,0.0,0.0,0.0,13.62,1.38,0.0
20230504:0209,0.0,0.0,0.0,0.0,12.94,1.45,0.0
20230504:0309,0.0,0.0,0.0,0.0,12.42,1.45,0.0
20230504:0409,0.0,0.0,0.0,0.0,12.2,1.31,0.0
20230504:0509,0.0,0.0,0.0,0.0,11.99,1.1,0.0
20230504:0609,47.0,65.0,0.0,9.77,12.12,0.9,0.0
20230504:0709,151.0,143.0,0.0,21.56,13.91,0.76,0.0
20230504:0809,171.0,253.0,0.0,33.48,16.44,1.1,0.0
20230504:0909,461.0,223.0,0.0,45.19,18.45,1.17,0.0
20230504:1009,461.0,313.0,0.0,56.14,20.48,1.1,0.0
20230504:1109,705.0,232.0,0.0,64.97,22.29,1.03,0.0
20230504:1209,775.01,209.0,0.0,68.65,23.76,1.17,0.0
20230504:1309,46.0,439.0,0.0,64.77,24.36,1.45,0.0
20230504:1409,13.0,349.0,0.0,55.85,24.67,1.72,0.0
20230504:1509,632.0,122.0,0.0,44.87,24.49,2.0,0.0
20230504:1609,383.0,145.0,0.0,33.14,24.12,2.28,0.0
20230504:1709,230.0,99.0,0.0,21.22,23.47,2.41,0.0
20230504:1809,71.0,51.0,0.0,9.44,22.43,2.41,0.0
20230504:1909,0.0,0.0,0.0,0.0,20.76,2.0,0.0
20230504:2009,0.0,0.0,0.0,0.0,19.41,1.24,0.0
20230504:2109,0.0,0.0,0.0,0.0,17.9,0.9,0.0
20230504:2209,0.0,0.0,0.0,0.0,17.82,0.55,0.0
20230504:2309,0.0,0.0,0.0,0.0,17.02,0.48,0.0
20230505:0009,0.0,0.0,0.0,0.0,16.38,0.69,0.0
20230505:0109,0.0,0.0,0.0,0.0,15.8,0.76,0.0
20230505:0209,0.0,0.0,0.0,0.0,15.35,0.83,0.0
20230505:0309,0.0,0.0,0.0,0.0,14.89,0.9,0.0
20230505:0409,0.0,0.0,0.0,0.0,14.01,1.03,0.0
20230505:0509,0.0,0.0,0.0,0.0,13.11,1.1,0.0
20230505:0609,74.0,55.0,0.0,9.96,12.57,1.1,0.0
20230505:0709,236.0,100.0,0.0,21.74,15.18,0.34,0.0
20230505:0809,428.0,123.0,0.0,33.66,18.22,0.41,0.0
20230505:0909,614.0,131.0,0.0,45.39,20.57,0.55,0.0
20230505:1009,748.0,143.0,0.0,56.36,22.57,0.48,0.0
20230505:1109,874.01,127.0,0.0,65.23,24.34,0.21,0.0
20230505:1209,906.01,128.0,0.0,68.94,25.77,0.07,0.0
20230505:1309,871.01,128.0,0.0,65.01,26.76,0.48,0.0
20230505:1409,753.0,138.0,0.0,56.03,27.34,0.97,0.0
20230505:1509,567.0,152.0,0.0,45.02,27.48,1.17,0.0
20230505:1609,404.0,130.0,0.0,33.28,27.09,1.24,0.0
20230505:1709,220.0,103.0,0.0,21.36,26.27,0.97,0.0
20230505:1809,22.0,66.0,0.0,9.59,24.97,1.1,0.0
20230505:1909,0.0,0.0,0.0,0.0,23.13,0.41,0.0
20230505:2009,0.0,0.0,0.0,0.0,21.35,0.48,0.0
20230505:2109,0.0,0.0,0.0,0.0,19.53,0.55,0.0
20230505:2209,0.0,0.0,0.0,0.0,18.72,0.55,0.0
20230505:2309,0.0,0.0,0.0,0.0,17.66,0.69,0.0
20230506:0009,0.0,0.0,0.0,0.0,16.89,0.62,0.0
20230506:0109,0.0,0.0,0.0,0.0,16.11,0.69,0.0
20230506:0209,0.0,0.0,0.0,0.0,15.35,0.76,0.0
20230506:0309,0.0,0.0,0.0,0.0,14.78,0.76,0.0
20230506:0409,0.0,0.0,0.0,0.0,14.32,0.9,0.0
20230506:0509,0.0,0.0,0.0,0.0,14.1,0.83,0.0
20230506:0609,3.0,57.0,0.0,10.14,14.1,0.76,0.0
20230506:0709,202.0,116.0,0.0,21.92,15.97,0.34,0.0
20230506:0809,355.0,160.0,0.0,33.83,18.68,0.76,0.0
20230506:0909,353.0,274.0,0.0,45.57,20.71,0.9,0.0
20230506:1009,508.0,278.0,0.0,56.57,22.19,0.83,0.0
20230506:1109,836.01,142.0,0.0,65.49,23.69,0.97,0.0
20230506:1209,278.0,454.0,0.0,69.22,24.84,1.24,0.0
20230506:1309,224.0,452.0,0.0,65.24,25.72,1.79,0.0
20230506:1409,49.0,398.0,0.0,56.21,25.37,2.48,0.0
20230506:1509,0.0,204.0,0.0,45.17,21.51,2.41,0.0
20230506:1609,3.0,192.0,0.0,33.42,22.03,1.93,0.0
20230506:1709,10.0,143.0,0.0,21.51,21.68,1.79,0.0
20230506:1809,45.0,62.0,0.0,9.74,21.24,1.86,0.0
20230506:1909,0.0,0.0,0.0,0.0,19.68,1.38,0.0
20230506:2009,0.0,0.0,0.0,0.0,19.01,1.38,0.0
20230506:2109,0.0,0.0,0.0,0.0,17.96,1.72,0.0
20230506:2209,0.0,0.0,0.0,0.0,16.58,1.72,0.0
20230506:2309,0.0,0.0,0.0,0.0,15.27,1.66,0.0
20230507:0009,0.0,0.0,0.0,0.0,14.15,1.66,0.0
20230507:0109,0.0,0.0,0.0,0.0,13.41,1.72,0.0
20230507:0209,0.0,0.0,0.0,0.0,12.57,1.38,0.0
20230507:0309,0.0,0.0,0.0,0.0,12.13,0.76,0.0
20230507:0409,0.0,0.0,0.0,0.0,11.89,0.41,0.0
20230507:0509,0.0,0.0,0.0,0.0,11.31,0.69,0.0
20230507:0609,81.0,56.0,0.0,10.32,11.35,0.62,0.0
20230507:0709,243.0,100.0,0.0,22.09,13.82,0.62,0.0
20230507:0809,437.0,120.0,0.0,34.01,16.37,0.9,0.0
20230507:0909,607.0,137.0,0.0,45.75,18.43,1.24,0.0
20230507:1009,749.0,144.0,0.0,56.78,20.09,1.59,0.0
20230507:1109,851.01,141.0,0.0,65.74,21.21,1.79,0.0
20230507:1209,894.01,135.0,0.0,69.5,21.97,1.93,0.0
20230507:1309,849.01,140.0,0.0,65.48,22.9,2.28,0.0
20230507:1409,641.0,203.0,0.0,56.39,23.46,2.69,0.0
20230507:1509,424.0,238.0,0.0,45.33,23.82,2.9,0.0
20230507:1609,145.0,258.0,0.0,33.56,23.07,2.83,0.0
20230507:1709,48.0,168.0,0.0,21.65,22.26,2.9,0.0
20230507:1809,20.0,69.0,0.0,9.89,21.65,2.62,0.0
20230507:1909,0.0,0.0,0.0,0.0,20.81,1.86,0.0
20230507:2009,0.0,0.0,0.0,0.0,19.93,1.17,0.0
20230507:2109,0.0,0.0,0.0,0.0,18.87,0.69,0.0
20230507:2209,0.0,0.0,0.0,0.0,18.26,0.69,0.0
20230507:2309,0.0,0.0,0.0,0.0,16.74,0.9,0.0
20230508:0009,0.0,0.0,0.0,0.0,15.91,0.9,0.0
20230508:0109,0.0,0.0,0.0,0.0,15.02,0.97,0.0
20230508:0209,0.0,0.0,0.0,0.0,14.14,1.1,0.0
20230508:0309,0.0,0.0,0.0,0.0,13.65,1.17,0.0
20230508:0409,0.0,0.0,0.0,0.0,13.59,1.17,0.0
20230508:0509,0.0,0.0,0.0,0.0,13.71,1.03,0.0
20230508:0609,80.0,57.0,0.0,10.49,13.89,0.97,0.0
20230508:0709,237.0,103.0,0.0,22.25,16.28,1.03,0.0
20230508:0809,425.0,126.0,0.0,34.17,18.96,1.52,0.0
20230508:0909,606.0,137.0,0.0,45.93,21.07,1.86,0.0
20230508:1009,777.0,128.0,0.0,56.98,22.89,2.48,0.0
20230508:1109,871.01,129.0,0.0,65.99,24.24,2.97,0.0
20230508:1209,891.01,135.0,0.0,69.77,25.22,3.1,0.0
20230508:1309,355.0,412.0,0.0,65.7,25.68,3.17,0.0
20230508:1409,771.0,128.0,0.0,56.57,25.98,3.24,0.0
20230508:1509,590.0,141.0,0.0,45.47,25.99,3.52,0.0
20230508:1609,400.0,133.0,0.0,33.7,25.94,3.72,0.0
20230508:1709,215.0,108.0,0.0,21.79,25.43,3.59,0.0
20230508:1809,74.0,55.0,0.0,10.04,24.46,3.03,0.0
20230508:1909,0.0,0.0,0.0,0.0,23.05,2.48,0.0
20230508:2009,0.0,0.0,0.0,0.0,21.74,1.66,0.0
20230508:2109,0.0,0.0,0.0,0.0,20.43,0.83,0.0
20230508:2209,0.0,0.0,0.0,0.0,20.15,0.41,0.0
20230508:2309,0.0,0.0,0.0,0.0,19.45,0.41,0.0
20230509:0009,0.0,0.0,0.0,0.0,18.92,0.76,0.0
20230509:0109,0.0,0.0,0.0,0.0,18.16,1.03,0.0
20230509:0209,0.0,0.0,0.0,0.0,17.45,1.17,0.0
20230509:0309,0.0,0.0,0.0,0.0,17.37,1.1,0.0
20230509:0409,0.0,0.0,0.0,0.0,17.29,1.1,0.0
20230509:0509,0.0,0.0,0.0,0.0,16.72,1.17,0.0
20230509:0609,83.0,58.0,0.0,10.66,16.34,1.17,0.0
20230509:0709,247.0,99.0,0.0,22.42,18.46,0.83,0.0
20230509:0809,407.0,135.0,0.0,34.33,21.85,1.66,0.0
20230509:0909,588.0,146.0,0.0,46.1,23.63,2.21,0.0
20230509:1009,724.0,155.0,0.0,57.17,25.13,2.41,0.0
20230509:1109,823.01,154.0,0.0,66.23,26.6,2.9,0.0
20230509:1209,887.01,136.0,0.0,70.04,27.64,3.52,0.0
20230509:1309,876.01,123.0,0.0,65.93,28.28,3.72,0.0
20230509:1409,699.0,165.0,0.0,56.74,28.63,4.07,0.0
20230509:1509,580.0,146.0,0.0,45.62,28.48,4.41,0.0
20230509:1609,223.0,228.0,0.0,33.84,27.79,4.41,0.0
20230509:1709,76.0,167.0,0.0,21.93,26.77,4.07,0.0
20230509:1809,76.0,55.0,0.0,10.19,25.41,3.66,0.0
20230509:1909,0.0,0.0,0.0,0.0,23.6,2.83,0.0
20230509:2009,0.0,0.0,0.0,0.0,22.06,2.28,0.0
20230509:2109,0.0,0.0,0.0,0.0,20.64,1.66,0.0
20230509:2209,0.0,0.0,0.0,0.0,18.88,1.24,0.0
20230509:2309,0.0,0.0,0.0,0.0,17.88,1.1,0.0
20230510:0009,0.0,0.0,0.0,0.0,17.46,0.9,0.0
20230510:0109,0.0,0.0,0.0,0.0,16.59,0.97,0.0
20230510:0209,0.0,0.0,0.0,0.0,16.85,0.83,0.0
20230510:0309,0.0,0.0,0.0,0.0,16.5,0.28,0.0
20230510:0409,0.0,0.0,0.0,0.0,15.95,0.34,0.0
20230510:0509,0.0,0.0,0.0,0.0,15.29,0.76,0.0
20230510:0609,81.0,60.0,0.0,10.83,14.02,1.03,0.0
20230510:0709,213.0,118.0,0.0,22.57,16.43,1.86,0.0
20230510:0809,422.0,130.0,0.0,34.49,17.9,1.59,0.0
20230510:0909,600.0,141.0,0.0,46.26,19.71,0.97,0.0
20230510:1009,738.0,150.0,0.0,57.36,21.76,0.55,0.0
20230510:1109,751.0,198.0,0.0,66.46,23.49,1.38,0.0
20230510:1209,833.01,167.0,0.0,70.31,24.91,2.41,0.0
20230510:1309,720.0,215.0,0.0,66.15,25.79,3.1,0.0
20230510:1409,167.0,422.0,0.0,56.91,26.06,3.52,0.0
20230510:1509,163.0,350.0,0.0,45.77,25.68,3.79,0.0
20230510:1609,180.0,248.0,0.0,33.98,25.46,4.0,0.0
20230510:1709,253.0,92.0,0.0,22.07,23.83,3.72,0.0
20230510:1809,75.0,57.0,0.0,10.33,23.08,3.1,0.0
20230510:1909,0.0,0.0,0.0,0.0,22.53,2.41,0.0
20230510:2009,0.0,0.0,0.0,0.0,20.87,2.0,0.0
20230510:2109,0.0,0.0,0.0,0.0,19.61,1.86,0.0
20230510:2209,0.0,0.0,0.0,0.0,18.46,1.79,0.0
20230510:2309,0.0,0.0,0.0,0.0,17.24,1.79,0.0
20230511:0009,0.0,0.0,0.0,0.0,15.97,1.66,0.0
20230511:0109,0.0,0.0,0.0,0.0,15.16,1.38,0.0
20230511:0209,0.0,0.0,0.0,0.0,15.09,1.03,0.0
20230511:0309,0.0,0.0,0.0,0.0,14.99,0.83,0.0
20230511:0409,0.0,0.0,0.0,0.0,14.3,0.83,0.0
20230511:0509,0.0,0.0,0.0,0.0,13.39,0.97,0.0
20230511:0609,82.0,61.0,0.0,10.98,13.21,0.97,0.0
20230511:0709,242.0,105.0,0.0,22.72,15.03,0.97,0.0
20230511:0809,427.0,130.0,0.0,34.64,17.02,0.76,0.0
20230511:0909,606.0,141.0,0.0,46.42,19.06,0.41,0.0
20230511:1009,744.0,150.0,0.0,57.54,21.1,1.45,0.0
20230511:1109,845.01,147.0,0.0,66.69,22.71,2.21,0.0
20230511:1209,886.01,142.0,0.0,70.56,23.83,2.62,0.0
20230511:1309,853.01,140.0,0.0,66.36,24.56,3.1,0.0
20230511:1409,658.0,196.0,0.0,57.08,24.24,3.59,0.0
20230511:1509,360.0,275.0,0.0,45.91,24.18,3.93,0.0
20230511:1609,0.0,172.0,0.0,34.11,23.5,4.0,0.0
20230511:1709,51.0,172.0,0.0,22.2,23.2,3.86,0.0
20230511:1809,1.0,52.0,0.0,10.48,22.38,3.52,0.0
20230511:1909,0.0,0.0,0.0,0.0,21.17,2.48,0.0
20230511:2009,0.0,0.0,0.0,0.0,19.75,1.72,0.0
20230511:2109,0.0,0.0,0.0,0.0,18.45,1.24,0.0
20230511:2209,0.0,0.0,0.0,0.0,17.22,0.9,0.0
20230511:2309,0.0,0.0,0.0,0.0,16.53,0.69,0.0
20230512:0009,0.0,0.0,0.0,0.0,15.78,0.55,0.0
20230512:0109,0.0,0.0,0.0,0.0,14.77,0.62,0.0
20230512:0209,0.0,0.0,0.0,0.0,13.89,0.69,0.0
20230512:0309,0.0,0.0,0.0,0.0,12.97,0.9,0.0
20230512:0409,0.0,0.0,0.0,0.0,12.34,0.9,0.0
20230512:0509,0.0,0.0,0.0,0.0,11.88,0.83,0.0
20230512:0609,85.0,62.0,0.0,11.14,12.06,0.97,0.0
20230512:0709,246.0,106.0,0.0,22.87,13.53,1.17,0.0
20230512:0809,437.0,129.0,0.0,34.78,15.41,1.03,0.0
20230512:0909,617.0,140.0,0.0,46.57,17.25,1.1,0.0
20230512:1009,767.0,142.0,0.0,57.72,19.36,2.48,0.0
20230512:1109,739.0,216.0,0.0,66.91,20.68,3.52,0.0
20230512:1209,864.01,159.0,0.0,70.82,20.97,4.14,0.0
20230512:1309,293.0,445.0,0.0,66.58,21.42,4.76,0.0
20230512:1409,23.0,376.0,0.0,57.25,21.34,4.9,0.0
20230512:1509,0.0,183.0,0.0,46.06,20.99,4.97,0.0
20230512:1609,46.0,267.0,0.0,34.25,20.54,4.83,0.0
20230512:1709,0.0,99.0,0.0,22.34,20.24,4.48,0.0
20230512:1809,4.0,64.0,0.0,10.62,19.43,4.07,0.0
20230512:1909,0.0,0.0,0.0,0.0,18.02,2.97,0.0
20230512:2009,0.0,0.0,0.0,0.0,16.39,2.55,0.0
20230512:2109,0.0,0.0,0.0,0.0,14.57,2.21,0.0
20230512:2209,0.0,0.0,0.0,0.0,12.88,2.0,0.0
20230512:2309,0.0,0.0,0.0,0.0,11.67,1.59,0.0
20230513:0009,0.0,0.0,0.0,0.0,10.67,1.45,0.0
20230513:0109,0.0,0.0,0.0,0.0,9.71,1.66,0.0
20230513:0209,0.0,0.0,0.0,0.0,8.53,1.79,0.0
20230513:0309,0.0,0.0,0.0,0.0,8.08,1.24,0.0
20230513:0409,0.0,0.0,0.0,0.0,7.81,1.03,0.0
20230513:0509,0.0,0.0,0.0,0.0,7.48,1.1,0.0
20230513:0609,55.0,76.0,0.0,11.29,7.6,1.1,0.0
20230513:0709,204.0,131.0,0.0,23.01,8.39,1.1,0.0
20230513:0809,396.0,153.0,0.0,34.92,9.93,1.17,0.0
20230513:0909,593.0,154.0,0.0,46.72,11.85,1.38,0.0
20230513:1009,196.0,428.0,0.0,57.89,13.56,1.79,0.0
20230513:1109,52.0,450.0,0.0,67.12,14.63,2.34,0.0
20230513:1209,16.0,409.0,0.0,71.07,15.02,2.07,0.0
20230513:1309,327.0,433.0,0.0,66.78,15.75,2.41,0.0
20230513:1409,709.0,171.0,0.0,57.41,15.25,1.93,0.0
20230513:1509,565.0,164.0,0.0,46.2,14.84,1.45,0.0
20230513:1609,280.0,210.0,0.0,34.38,15.17,1.45,0.0
20230513:1709,181.0,136.0,0.0,22.47,14.89,1.79,0.0
20230513:1809,80.0,60.0,0.0,10.77,12.71,1.86,0.0
20230513:1909,0.0,0.0,0.0,0.0,13.8,1.66,0.0
20230513:2009,0.0,0.0,0.0,0.0,12.41,1.52,0.0
20230513:2109,0.0,0.0,0.0,0.0,11.26,1.59,0.0
20230513:2209,0.0,0.0,0.0,0.0,10.24,1.03,0.0
20230513:2309,0.0,0.0,0.0,0.0,9.93,0.55,0.0
20230514:0009,0.0,0.0,0.0,0.0,9.88,0.41,0.0
20230514:0109,0.0,0.0,0.0,0.0,9.58,0.62,0.0
20230514:0209,0.0,0.0,0.0,0.0,9.29,0.62,0.0
20230514:0309,0.0,0.0,0.0,0.0,9.05,0.55,0.0
20230514:0409,0.0,0.0,0.0,0.0,8.72,0.48,0.0
20230514:0509,0.0,0.0,0.0,0.0,8.42,0.41,0.0
20230514:0609,95.0,62.0,0.0,11.43,8.58,0.34,0.0
20230514:0709,259.0,104.0,0.0,23.15,10.91,1.1,0.0
20230514:0809,455.0,123.0,0.0,35.06,12.68,1.59,0.0
20230514:0909,623.0,141.0,0.0,46.86,14.18,2.41,0.0
20230514:1009,654.0,212.0,0.0,58.05,15.39,3.45,0.0
20230514:1109,469.0,373.0,0.0,67.33,16.17,3.72,0.0
20230514:1209,243.0,480.0,0.0,71.31,16.59,3.93,0.0
20230514:1309,175.0,476.0,0.0,66.99,17.04,3.93,0.0
20230514:1409,116.0,434.0,0.0,57.57,17.43,3.93,0.0
20230514:1509,197.0,350.0,0.0,46.33,17.32,3.79,0.0
20230514:1609,189.0,254.0,0.0,34.51,17.25,3.72,0.0
20230514:1709,272.0,91.0,0.0,22.61,16.86,3.79,0.0
20230514:1809,70.0,66.0,0.0,10.91,15.82,3.38,0.0
20230514:1909,0.0,0.0,0.0,0.0,14.6,2.69,0.0
20230514:2009,0.0,0.0,0.0,0.0,13.67,2.14,0.0
20230514:2109,0.0,0.0,0.0,0.0,12.95,1.17,0.0
20230514:2209,0.0,0.0,0.0,0.0,12.26,0.62,0.0
20230514:2309,0.0,0.0,0.0,0.0,11.84,0.28,0.0
20230515:0009,0.0,0.0,0.0,0.0,11.3,0.28,0.0
20230515:0109,0.0,0.0,0.0,0.0,10.67,0.55,0.0
20230515:0209,0.0,0.0,0.0,0.0,10.11,0.76,0.0
20230515:0309,0.0,0.0,0.0,0.0,9.7,0.83,0.0
20230515:0409,0.0,0.0,0.0,0.0,9.01,0.97,0.0
20230515:0509,0.0,0.0,0.0,0.0,8.4,1.03,0.0
20230515:0609,97.0,62.0,0.0,11.57,8.66,0.97,0.0
20230515:0709,260.0,104.0,0.0,23.28,11.53,1.31,0.0
20230515:0809,444.0,130.0,0.0,35.19,13.4,2.41,0.0
20230515:0909,607.0,149.0,0.0,47.0,14.88,3.17,0.0
20230515:1009,763.0,148.0,0.0,58.21,16.22,3.52,0.0
20230515:1109,864.0,145.0,0.0,67.53,17.43,3.59,0.0
20230515:1209,918.01,133.0,0.0,71.55,18.57,3.59,0.0
20230515:1309,884.0,132.0,0.0,67.19,19.83,3.86,0.0
20230515:1409,767.0,142.0,0.0,57.73,20.76,4.21,0.0
20230515:1509,632.0,131.0,0.0,46.47,20.66,4.14,0.0
20230515:1609,400.0,147.0,0.0,34.64,20.15,3.93,0.0
20230515:1709,91.0,174.0,0.0,22.74,19.68,3.79,0.0
20230515:1809,85.0,61.0,0.0,11.05,18.72,3.31,0.0
20230515:1909,0.0,0.0,0.0,0.0,17.15,2.48,0.0
20230515:2009,0.0,0.0,0.0,0.0,15.82,1.38,0.0
20230515:2109,0.0,0.0,0.0,0.0,14.75,0.62,0.0
20230515:2209,0.0,0.0,0.0,0.0,14.32,0.34,0.0
20230515:2309,0.0,0.0,0.0,0.0,13.62,0.14,0.0
20230516:0009,0.0,0.0,0.0,0.0,12.95,0.07,0.0
20230516:0109,0.0,0.0,0.0,0.0,12.39,0.21,0.0
20230516:0209,0.0,0.0,0.0,0.0,11.92,0.41,0.0
20230516:0309,0.0,0.0,0.0,0.0,11.55,0.62,0.0
20230516:0409,0.0,0.0,0.0,0.0,11.18,0.76,0.0
20230516:0509,0.0,0.0,0.0,0.0,10.7,0.9,0.0
20230516:0609,96.0,64.0,0.0,11.7,10.49,0.76,0.0
20230516:0709,265.0,106.0,0.0,23.4,12.02,1.66,0.0
20230516:0809,462.0,126.0,0.0,35.31,14.27,2.14,0.0
20230516:0909,629.0,144.0,0.0,47.13,16.24,2.41,0.0
20230516:1009,779.0,146.0,0.0,58.37,17.92,2.34,0.0
20230516:1109,881.0,143.0,0.0,67.73,19.48,2.21,0.0
20230516:1209,911.01,145.0,0.0,71.78,20.77,2.55,0.0
20230516:1309,877.0,144.0,0.0,67.39,21.67,2.76,0.0
20230516:1409,783.0,141.0,0.0,57.89,22.09,2.69,0.0
20230516:1509,613.0,147.0,0.0,46.61,22.24,2.55,0.0
20230516:1609,458.0,122.0,0.0,34.77,21.78,2.41,0.0
20230516:1709,273.0,96.0,0.0,22.87,21.18,2.34,0.0
20230516:1809,59.0,74.0,0.0,11.19,19.99,2.07,0.0
20230516:1909,0.0,0.0,0.0,0.0,18.43,1.17,0.0
20230516:2009,0.0,0.0,0.0,0.0,16.66,1.24,0.0
20230516:2109,0.0,0.0,0.0,0.0,14.99,1.52,0.0
20230516:2209,0.0,0.0,0.0,0.0,13.75,1.52,0.0
20230516:2309,0.0,0.0,0.0,0.0,12.89,1.52,0.0
20230517:0009,0.0,0.0,0.0,0.0,12.34,1.45,0.0
20230517:0109,0.0,0.0,0.0,0.0,11.99,1.38,0.0
20230517:0209,0.0,0.0,0.0,0.0,11.6,1.24,0.0
20230517:0309,0.0,0.0,0.0,0.0,11.15,1.24,0.0
20230517:0409,0.0,0.0,0.0,0.0,10.78,1.24,0.0
20230517:0509,0.0,0.0,0.0,0.0,10.43,1.17,0.0
20230517:0609,10.0,78.0,0.0,11.83,10.67,1.1,0.0
20230517:0709,28.0,177.0,0.0,23.52,11.87,1.59,0.0
20230517:0809,156.0,271.0,0.0,35.43,13.08,2.28,0.0
20230517:0909,198.0,355.0,0.0,47.26,14.17,2.41,0.0
20230517:1009,499.0,301.0,0.0,58.51,15.27,2.14,0.0
20230517:1109,287.0,449.0,0.0,67.92,16.44,1.93,0.0
20230517:1209,73.0,477.0,0.0,72.01,17.22,2.0,0.0
20230517:1309,51.0,450.0,0.0,67.58,17.99,2.34,0.0
20230517:1409,95.0,429.0,0.0,58.04,18.51,2.83,0.0
20230517:1509,0.0,200.0,0.0,46.74,18.2,2.69,0.0
20230517:1609,28.0,259.0,0.0,34.9,17.87,2.34,0.0
20230517:1709,0.0,61.0,0.0,23.0,16.58,1.79,0.0
20230517:1809,31.0,80.0,0.0,11.32,15.41,1.45,0.0
20230517:1909,0.0,0.0,0.0,0.0,14.26,1.31,0.0
20230517:2009,0.0,0.0,0.0,0.0,13.13,1.17,0.0
20230517:2109,0.0,0.0,0.0,0.0,12.3,1.03,0.0
20230517:2209,0.0,0.0,0.0,0.0,11.43,0.83,0.0
20230517:2309,0.0,0.0,0.0,0.0,10.71,0.21,0.0
20230518:0009,0.0,0.0,0.0,0.0,9.91,0.41,0.0
20230518:0109,0.0,0.0,0.0,0.0,9.32,0.28,0.0
20230518:0209,0.0,0.0,0.0,0.0,8.98,0.48,0.0
20230518:0309,0.0,0.0,0.0,0.0,8.77,0.69,0.0
20230518:0409,0.0,0.0,0.0,0.0,8.57,0.69,0.0
20230518:0509,0.0,0.0,0.0,0.0,8.36,0.69,0.0
20230518:0609,85.0,69.0,0.0,11.96,8.46,0.97,0.0
20230518:0709,38.0,182.0,0.0,23.64,9.18,0.76,0.0
20230518:0809,243.0,236.0,0.0,35.54,10.0,0.9,0.0
20230518:0909,213.0,348.0,0.0,47.38,11.25,1.17,0.0
20230518:1009,48.0,410.0,0.0,58.65,12.56,1.52,0.0
20230518:1109,638.0,273.0,0.0,68.1,13.31,1.93,0.0
20230518:1209,727.0,238.0,0.0,72.23,13.69,2.0,0.0
20230518:1309,133.0,474.0,0.0,67.77,14.63,2.0,0.0
20230518:1409,9.0,342.0,0.0,58.19,14.47,2.14,0.0
20230518:1509,11.0,298.0,0.0,46.87,13.53,2.34,0.0
20230518:1609,33.0,261.0,0.0,35.02,13.2,1.93,0.0
20230518:1709,0.0,31.0,0.0,23.13,12.79,0.83,0.0
20230518:1809,15.0,79.0,0.0,11.46,11.81,0.14,0.0
20230518:1909,0.0,0.0,0.0,0.0,10.38,0.48,0.0
20230518:2009,0.0,0.0,0.0,0.0,9.26,0.48,0.0
20230518:2109,0.0,0.0,0.0,0.0,8.78,0.62,0.0
20230518:2209,0.0,0.0,0.0,0.0,8.33,0.9,0.0
20230518:2309,0.0,0.0,0.0,0.0,8.04,0.34,0.0
20230519:0009,0.0,0.0,0.0,0.0,7.69,0.34,0.0
20230519:0109,0.0,0.0,0.0,0.0,6.92,0.55,0.0
20230519:0209,0.0,0.0,0.0,0.0,6.27,0.62,0.0
20230519:0309,0.0,0.0,0.0,0.0,6.19,0.69,0.0
20230519:0409,0.0,0.0,0.0,0.0,6.08,0.83,0.0
20230519:0509,0.0,0.0,0.0,0.0,6.07,0.83,0.0
20230519:0609,45.0,85.0,0.0,12.07,6.91,0.76,0.0
20230519:0709,260.0,106.0,0.0,23.75,8.21,1.1,0.0
20230519:0809,429.0,137.0,0.0,35.65,9.87,0.83,0.0
20230519:0909,540.0,187.0,0.0,47.49,11.95,0.97,0.0
20230519:1009,713.0,173.0,0.0,58.79,13.43,1.45,0.0
20230519:1109,508.0,349.0,0.0,68.28,14.33,1.79,0.0
20230519:1209,538.0,351.0,0.0,72.45,14.74,2.48,0.0
20230519:1309,0.0,203.0,0.0,67.95,15.07,2.9,0.0
20230519:1409,0.0,106.0,0.0,58.33,15.52,3.17,0.0
20230519:1509,83.0,363.0,0.0,47.0,15.49,3.45,0.0
20230519:1609,73.0,277.0,0.0,35.15,13.62,2.9,0.0
20230519:1709,261.0,100.0,0.0,23.25,12.36,1.93,0.0
20230519:1809,32.0,82.0,0.0,11.59,11.93,1.03,0.0
20230519:1909,0.0,0.0,0.0,0.0,11.12,1.03,0.0
20230519:2009,0.0,0.0,0.0,0.0,9.85,0.28,0.0
20230519:2109,0.0,0.0,0.0,0.0,9.14,0.69,0.0
20230519:2209,0.0,0.0,0.0,0.0,8.55,0.83,0.0
20230519:2309,0.0,0.0,0.0,0.0,7.89,0.76,0.0
20230520:0009,0.0,0.0,0.0,0.0,7.68,0.62,0.0
20230520:0109,0.0,0.0,0.0,0.0,7.57,0.69,0.0
20230520:0209,0.0,0.0,0.0,0.0,7.04,0.9,0.0
20230520:0309,0.0,0.0,0.0,0.0,6.58,1.1,0.0
20230520:0409,0.0,0.0,0.0,0.0,6.56,1.03,0.0
20230520:0509,0.0,0.0,0.0,0.0,7.05,0.9,0.0
20230520:0609,89.0,70.0,0.0,12.19,7.61,0.48,0.0
20230520:0709,264.0,106.0,0.0,23.85,9.2,0.21,0.0
20230520:0809,458.0,125.0,0.0,35.75,11.59,0.62,0.0
20230520:0909,632.0,137.0,0.0,47.6,13.35,0.69,0.0
20230520:1009,390.0,359.0,0.0,58.91,14.72,0.62,0.0
20230520:1109,405.0,403.0,0.0,68.45,15.57,0.69,0.0
20230520:1209,799.0,200.0,0.0,72.66,16.52,1.17,0.0
20230520:1309,569.0,317.0,0.0,68.14,17.01,1.59,0.0
20230520:1409,6.0,330.0,0.0,58.48,17.51,2.0,0.0
20230520:1509,2.0,259.0,0.0,47.13,16.83,1.93,0.0
20230520:1609,9.0,229.0,0.0,35.27,16.41,1.59,0.0
20230520:1709,27.0,176.0,0.0,23.38,15.55,1.72,0.0
20230520:1809,15.0,81.0,0.0,11.73,14.11,2.07,0.0
20230520:1909,0.0,0.0,0.0,0.0,12.45,0.69,0.0
20230520:2009,0.0,0.0,0.0,0.0,11.89,0.34,0.0
20230520:2109,0.0,0.0,0.0,0.0,11.46,0.48,0.0
20230520:2209,0.0,0.0,0.0,0.0,11.09,0.48,0.0
20230520:2309,0.0,0.0,0.0,0.0,10.45,0.48,0.0
20230521:0009,0.0,0.0,0.0,0.0,9.08,0.76,0.0
20230521:0109,0.0,0.0,0.0,0.0,7.76,0.97,0.0
20230521:0209,0.0,0.0,0.0,0.0,7.3,1.03,0.0
20230521:0309,0.0,0.0,0.0,0.0,6.96,1.1,0.0
20230521:0409,0.0,0.0,0.0,0.0,6.7,1.1,0.0
20230521:0509,0.0,0.0,0.0,0.0,6.68,1.03,0.0
20230521:0609,38.0,88.0,0.0,12.3,7.74,1.1,0.0
20230521:0709,38.0,185.0,0.0,23.95,9.83,1.66,0.0
20230521:0809,418.0,146.0,0.0,35.85,11.63,2.21,0.0
20230521:0909,605.0,151.0,0.0,47.7,13.11,2.48,0.0
20230521:1009,131.0,437.0,0.0,59.04,14.19,2.76,0.0
20230521:1109,1.0,313.0,0.0,68.61,14.91,2.83,0.0
20230521:1209,0.0,231.0,0.0,72.87,14.92,2.76,0.0
20230521:1309,0.0,166.0,0.0,68.31,13.97,2.9,0.0
20230521:1409,0.0,122.0,0.0,58.62,12.9,2.69,0.0
20230521:1509,0.0,229.0,0.0,47.25,12.9,2.34,0.0
20230521:1609,0.0,125.0,0.0,35.39,12.05,1.72,0.0
20230521:1709,0.0,57.0,0.0,23.5,11.95,1.72,0.0
20230521:1809,0.0,24.0,0.0,11.86,11.14,1.31,0.0
20230521:1909,0.0,0.0,0.0,0.0,10.11,1.1,0.0
20230521:2009,0.0,0.0,0.0,0.0,9.79,1.17,0.0
20230521:2109,0.0,0.0,0.0,0.0,9.38,1.31,0.0
20230521:2209,0.0,0.0,0.0,0.0,9.09,1.52,0.0
20230521:2309,0.0,0.0,0.0,0.0,8.78,1.38,0.0
20230522:0009,0.0,0.0,0.0,0.0,8.42,1.45,0.0
20230522:0109,0.0,0.0,0.0,0.0,7.91,1.24,0.0
20230522:0209,0.0,0.0,0.0,0.0,7.74,0.97,0.0
20230522:0309,0.0,0.0,0.0,0.0,7.47,0.76,0.0
20230522:0409,0.0,0.0,0.0,0.0,7.51,0.9,0.0
20230522:0509,0.0,0.0,0.0,0.0,7.42,0.83,0.0
20230522:0609,0.0,51.0,0.0,12.4,7.3,0.83,0.0
20230522:0709,2.0,131.0,0.0,24.05,8.37,1.1,0.0
20230522:0809,0.0,156.0,0.0,35.94,8.81,1.72,0.0
20230522:0909,5.0,277.0,0.0,47.8,10.48,2.0,0.0
20230522:1009,0.0,99.0,0.0,59.15,10.46,2.21,0.0
20230522:1109,0.0,134.0,0.0,68.77,10.78,2.21,0.0
20230522:1209,0.0,131.0,0.0,73.07,10.43,2.0,0.0
20230522:1309,0.0,109.0,0.0,68.49,10.3,1.45,0.0
20230522:1409,0.0,97.0,0.0,58.76,11.13,1.31,0.0
20230522:1509,0.0,98.0,0.0,47.38,11.37,1.17,0.0
20230522:1609,0.0,50.0,0.0,35.51,11.44,1.17,0.0
20230522:1709,0.0,32.0,0.0,23.62,10.87,1.31,0.0
20230522:1809,0.0,25.0,0.0,11.99,10.52,1.17,0.0
20230522:1909,0.0,0.0,0.0,0.0,8.16,0.62,0.0
20230522:2009,0.0,0.0,0.0,0.0,7.93,0.55,0.0
20230522:2109,0.0,0.0,0.0,0.0,7.88,0.55,0.0
20230522:2209,0.0,0.0,0.0,0.0,7.79,0.69,0.0
20230522:2309,0.0,0.0,0.0,0.0,7.81,0.83,0.0
20230523:0009,0.0,0.0,0.0,0.0,7.54,1.1,0.0
20230523:0109,0.0,0.0,0.0,0.0,7.44,1.24,0.0
20230523:0209,0.0,0.0,0.0,0.0,7.26,1.24,0.0
20230523:0309,0.0,0.0,0.0,0.0,7.07,1.17,0.0
20230523:0409,0.0,0.0,0.0,0.0,7.15,0.9,0.0
20230523:0509,0.0,0.0,0.0,0.0,7.08,0.83,0.0
20230523:0609,12.0,85.0,0.0,12.5,7.19,0.62,0.0
20230523:0709,0.0,112.0,0.0,24.14,7.37,0.76,0.0
20230523:0809,0.0,117.0,0.0,36.03,7.65,0.48,0.0
20230523:0909,44.0,349.0,0.0,47.89,8.23,0.48,0.0
20230523:1009,83.0,428.0,0.0,59.26,9.25,0.69,0.0
20230523:1109,197.0,470.0,0.0,68.92,10.01,0.62,0.0
20230523:1209,2.0,340.0,0.0,73.26,11.09,0.41,0.0
20230523:1309,3.0,339.0,0.0,68.65,12.76,1.1,0.0
20230523:1409,102.0,430.0,0.0,58.9,14.16,1.1,0.0
20230523:1509,61.0,357.0,0.0,47.5,13.82,1.24,0.0
20230523:1609,179.0,260.0,0.0,35.63,13.26,1.79,0.0
20230523:1709,3.0,137.0,0.0,23.74,11.7,1.79,0.0
20230523:1809,52.0,82.0,0.0,12.11,11.13,1.31,0.0
20230523:1909,0.0,0.0,0.0,0.0,10.81,1.24,0.0
20230523:2009,0.0,0.0,0.0,0.0,9.86,1.17,0.0
20230523:2109,0.0,0.0,0.0,0.0,9.24,1.17,0.0
20230523:2209,0.0,0.0,0.0,0.0,9.07,1.1,0.0
20230523:2309,0.0,0.0,0.0,0.0,8.75,0.97,0.0
20230524:0009,0.0,0.0,0.0,0.0,8.41,0.83,0.0
20230524:0109,0.0,0.0,0.0,0.0,8.08,0.69,0.0
20230524:0209,0.0,0.0,0.0,0.0,7.83,0.62,0.0
20230524:0309,0.0,0.0,0.0,0.0,7.61,0.69,0.0
20230524:0409,0.0,0.0,0.0,0.0,7.61,0.55,0.0
20230524:0509,0.0,0.0,0.0,0.0,7.61,0.62,0.0
20230524:0609,32.0,91.0,0.0,12.59,7.66,0.48,0.0
20230524:0709,224.0,129.0,0.0,24.23,8.71,0.97,0.0
20230524:0809,480.0,114.0,0.0,36.11,10.33,1.1,0.0
20230524:0909,667.0,117.0,0.0,47.98,12.02,1.38,0.0
20230524:1009,30.0,392.0,0.0,59.37,13.63,1.59,0.0
20230524:1109,1.0,322.0,0.0,69.07,14.5,1.66,0.0
20230524:1209,0.0,247.0,0.0,73.45,14.88,1.79,0.0
20230524:1309,588.0,303.0,0.0,68.82,15.11,1.66,0.0
20230524:1409,595.0,242.0,0.0,59.03,15.03,1.38,0.0
20230524:1509,4.0,269.0,0.0,47.62,15.37,1.31,0.0
20230524:1609,43.0,271.0,0.0,35.74,15.5,1.66,0.0
20230524:1709,0.0,61.0,0.0,23.86,14.61,1.79,0.0
20230524:1809,4.0,70.0,0.0,12.24,13.86,1.93,0.0
20230524:1909,0.0,0.0,0.0,0.0,12.79,0.97,0.0
20230524:2009,0.0,0.0,0.0,0.0,12.02,0.76,0.0
20230524:2109,0.0,0.0,0.0,0.0,11.53,0.41,0.0
20230524:2209,0.0,0.0,0.0,0.0,11.15,0.34,0.0
20230524:2309,0.0,0.0,0.0,0.0,10.6,0.34,0.0
20230525:0009,0.0,0.0,0.0,0.0,10.17,0.34,0.0
20230525:0109,0.0,0.0,0.0,0.0,9.77,0.48,0.0
20230525:0209,0.0,0.0,0.0,0.0,9.54,0.55,0.0
20230525:0309,0.0,0.0,0.0,0.0,9.35,0.48,0.0
20230525:0409,0.0,0.0,0.0,0.0,9.08,0.48,0.0
20230525:0509,0.0,2.0,0.0,1.56,8.77,0.62,0.0
20230525:0609,103.0,68.0,0.0,12.68,9.0,0.55,0.0
20230525:0709,286.0,98.0,0.0,24.31,11.24,0.14,0.0
20230525:0809,482.0,112.0,0.0,36.19,13.27,0.69,0.0
20230525:0909,663.0,118.0,0.0,48.06,15.01,1.03,0.0
20230525:1009,809.0,119.0,0.0,59.46,16.47,1.24,0.0
20230525:1109,903.0,118.0,0.0,69.2,17.57,1.24,0.0
20230525:1209,934.0,118.0,0.0,73.63,18.16,0.97,0.0
20230525:1309,900.0,119.0,0.0,68.98,18.49,0.55,0.0
20230525:1409,512.0,289.0,0.0,59.16,18.64,0.9,0.0
20230525:1509,37.0,342.0,0.0,47.73,17.69,0.76,0.0
20230525:1609,0.0,50.0,0.0,35.86,15.88,1.52,0.0
20230525:1709,0.0,86.0,0.0,23.98,14.45,1.59,0.0
20230525:1809,95.0,67.0,0.0,12.36,14.31,0.76,0.0
20230525:1909,0.0,0.0,0.0,0.0,13.44,0.69,0.0
20230525:2009,0.0,0.0,0.0,0.0,12.92,0.69,0.0
20230525:2109,0.0,0.0,0.0,0.0,12.18,0.76,0.0
20230525:2209,0.0,0.0,0.0,0.0,11.17,1.17,0.0
20230525:2309,0.0,0.0,0.0,0.0,10.49,1.38,0.0
20230526:0009,0.0,0.0,0.0,0.0,10.23,1.24,0.0
20230526:0109,0.0,0.0,0.0,0.0,10.17,1.24,0.0
20230526:0209,0.0,0.0,0.0,0.0,9.83,1.17,0.0
20230526:0309,0.0,0.0,0.0,0.0,9.79,1.24,0.0
20230526:0409,0.0,0.0,0.0,0.0,9.46,1.17,0.0
20230526:0509,0.0,3.0,0.0,1.65,9.45,1.17,0.0
20230526:0609,103.0,69.0,0.0,12.76,9.99,1.66,0.0
20230526:0709,151.0,166.0,0.0,24.38,11.24,1.79,0.0
20230526:0809,425.0,143.0,0.0,36.26,13.32,2.34,0.0
20230526:0909,668.0,117.0,0.0,48.14,14.99,2.41,0.0
20230526:1009,806.0,123.0,0.0,59.56,16.53,2.41,0.0
20230526:1109,780.0,189.0,0.0,69.33,17.63,2.41,0.0
20230526:1209,939.0,118.0,0.0,73.81,18.44,2.48,0.0
20230526:1309,874.0,135.0,0.0,69.14,18.73,2.55,0.0
20230526:1409,751.0,150.0,0.0,59.29,18.89,2.41,0.0
20230526:1509,622.0,138.0,0.0,47.85,19.05,2.21,0.0
20230526:1609,432.0,135.0,0.0,35.97,18.72,2.0,0.0
20230526:1709,128.0,171.0,0.0,24.09,18.26,2.14,0.0
20230526:1809,45.0,87.0,0.0,12.48,17.36,2.48,0.0
20230526:1909,0.0,0.0,0.0,0.0,15.89,2.41,0.0
20230526:2009,0.0,0.0,0.0,0.0,14.22,2.48,0.0
20230526:2109,0.0,0.0,0.0,0.0,13.02,2.41,0.0
20230526:2209,0.0,0.0,0.0,0.0,12.01,2.21,0.0
20230526:2309,0.0,0.0,0.0,0.0,11.27,1.79,0.0
20230527:0009,0.0,0.0,0.0,0.0,10.79,1.59,0.0
20230527:0109,0.0,0.0,0.0,0.0,10.37,1.38,0.0
20230527:0209,0.0,0.0,0.0,0.0,9.9,1.03,0.0
20230527:0309,0.0,0.0,0.0,0.0,9.55,0.9,0.0
20230527:0409,0.0,0.0,0.0,0.0,9.43,1.1,0.0
20230527:0509,0.0,1.0,0.0,1.74,9.35,1.17,0.0
20230527:0609,0.0,20.0,0.0,12.84,9.79,0.97,0.0
20230527:0709,0.0,33.0,0.0,24.45,11.64,0.97,0.0
20230527:0809,0.0,115.0,0.0,36.33,13.5,1.79,0.0
20230527:0909,0.0,151.0,0.0,48.21,14.81,3.38,0.0
20230527:1009,56.0,416.0,0.0,59.64,15.32,3.66,0.0
20230527:1109,38.0,434.0,0.0,69.46,15.41,3.38,0.0
20230527:1209,91.0,482.0,0.0,73.98,15.69,2.97,0.0
20230527:1309,0.0,146.0,0.0,69.29,15.97,2.55,0.0
20230527:1409,0.0,135.0,0.0,59.41,14.94,2.28,0.0
20230527:1509,0.0,143.0,0.0,47.96,14.24,1.45,0.0
20230527:1609,0.0,100.0,0.0,36.08,14.08,0.69,0.0
20230527:1709,14.0,167.0,0.0,24.21,13.59,0.21,0.0
20230527:1809,46.0,87.0,0.0,12.6,12.69,0.28,0.0
20230527:1909,0.0,0.0,0.0,0.0,11.85,0.9,0.0
20230527:2009,0.0,0.0,0.0,0.0,11.19,0.69,0.0
20230527:2109,0.0,0.0,0.0,0.0,10.38,0.55,0.0
20230527:2209,0.0,0.0,0.0,0.0,10.15,0.21,0.0
20230527:2309,0.0,0.0,0.0,0.0,9.85,0.41,0.0
20230528:0009,0.0,0.0,0.0,0.0,9.08,0.83,0.0
20230528:0109,0.0,0.0,0.0,0.0,8.29,0.97,0.0
20230528:0209,0.0,0.0,0.0,0.0,7.66,1.03,0.0
20230528:0309,0.0,0.0,0.0,0.0,7.16,1.17,0.0
20230528:0409,0.0,0.0,0.0,0.0,7.02,1.1,0.0
20230528:0509,0.0,1.0,0.0,1.82,7.52,0.97,0.0
20230528:0609,11.0,87.0,0.0,12.91,9.05,0.55,0.0
20230528:0709,5.0,152.0,0.0,24.52,10.23,0.48,0.0
20230528:0809,34.0,270.0,0.0,36.39,11.91,0.62,0.0
20230528:0909,355.0,291.0,0.0,48.27,13.7,0.76,0.0
20230528:1009,782.0,134.0,0.0,59.72,14.65,0.9,0.0
20230528:1109,292.0,445.0,0.0,69.58,15.76,1.03,0.0
20230528:1209,84.0,480.0,0.0,74.14,16.71,0.97,0.0
20230528:1309,0.0,249.0,0.0,69.44,16.8,1.24,0.0
20230528:1409,2.0,304.0,0.0,59.54,15.48,1.31,0.0
20230528:1509,109.0,368.0,0.0,48.07,14.63,1.93,0.0
20230528:1609,0.0,50.0,0.0,36.19,12.93,1.72,0.0
20230528:1709,14.0,167.0,0.0,24.32,13.51,1.17,0.0
20230528:1809,53.0,87.0,0.0,12.72,13.32,1.59,0.0
20230528:1909,0.0,2.0,0.0,1.64,12.45,1.1,0.0
20230528:2009,0.0,0.0,0.0,0.0,11.71,1.31,0.0
20230528:2109,0.0,0.0,0.0,0.0,11.05,1.66,0.0
20230528:2209,0.0,0.0,0.0,0.0,10.45,1.45,0.0
20230528:2309,0.0,0.0,0.0,0.0,10.02,1.38,0.0
20230529:0009,0.0,0.0,0.0,0.0,9.9,1.24,0.0
20230529:0109,0.0,0.0,0.0,0.0,9.66,1.17,0.0
20230529:0209,0.0,0.0,0.0,0.0,9.69,1.1,0.0
20230529:0309,0.0,0.0,0.0,0.0,9.52,1.1,0.0
20230529:0409,0.0,0.0,0.0,0.0,9.55,1.03,0.0
20230529:0509,0.0,2.0,0.0,1.9,9.48,0.97,0.0
20230529:0609,101.0,72.0,0.0,12.98,9.67,1.17,0.0
20230529:0709,296.0,97.0,0.0,24.58,11.01,1.03,0.0
20230529:0809,492.0,111.0,0.0,36.45,12.39,1.1,0.0
20230529:0909,675.0,116.0,0.0,48.33,13.82,1.31,0.0
20230529:1009,821.0,117.0,0.0,59.8,15.18,1.45,0.0
20230529:1109,478.0,368.0,0.0,69.69,16.2,1.72,0.0
20230529:1209,669.0,281.0,0.0,74.3,17.01,1.79,0.0
20230529:1309,206.0,473.0,0.0,69.58,17.42,1.86,0.0
20230529:1409,41.0,407.0,0.0,59.66,17.61,2.14,0.0
20230529:1509,115.0,371.0,0.0,48.18,17.64,2.21,0.0
20230529:1609,36.0,272.0,0.0,36.3,17.44,2.34,0.0
20230529:1709,1.0,133.0,0.0,24.43,17.14,2.34,0.0
20230529:1809,6.0,81.0,0.0,12.83,16.41,2.14,0.0
20230529:1909,0.0,1.0,0.0,1.77,15.22,1.24,0.0
20230529:2009,0.0,0.0,0.0,0.0,14.09,1.17,0.0
20230529:2109,0.0,0.0,0.0,0.0,12.76,1.31,0.0
20230529:2209,0.0,0.0,0.0,0.0,11.95,1.17,0.0
20230529:2309,0.0,0.0,0.0,0.0,11.74,0.76,0.0
20230530:0009,0.0,0.0,0.0,0.0,11.33,0.76,0.0
20230530:0109,0.0,0.0,0.0,0.0,10.94,0.69,0.0
20230530:0209,0.0,0.0,0.0,0.0,10.65,0.69,0.0
20230530:0309,0.0,0.0,0.0,0.0,10.07,0.76,0.0
20230530:0409,0.0,0.0,0.0,0.0,9.52,0.83,0.0
20230530:0509,0.0,5.0,0.0,1.98,9.0,0.83,0.0
20230530:0609,101.0,73.0,0.0,13.04,9.47,0.62,0.0
20230530:0709,217.0,138.0,0.0,24.63,11.59,0.69,0.0
20230530:0809,474.0,121.0,0.0,36.5,13.35,1.03,0.0
20230530:0909,659.0,124.0,0.0,48.39,14.65,1.72,0.0
20230530:1009,544.0,278.0,0.0,59.87,15.3,2.07,0.0
20230530:1109,894.0,128.0,0.0,69.79,15.68,2.14,0.0
20230530:1209,163.0,493.0,0.0,74.45,15.91,2.28,0.0
20230530:1309,135.0,480.0,0.0,69.72,16.45,1.59,0.0
20230530:1409,437.0,335.0,0.0,59.77,16.37,1.72,0.0
20230530:1509,0.0,72.0,0.0,48.29,16.1,2.14,0.0
20230530:1609,4.0,215.0,0.0,36.4,15.18,2.21,0.0
20230530:1709,84.0,188.0,0.0,24.53,14.13,1.79,0.0
20230530:1809,59.0,88.0,0.0,12.95,14.07,1.45,0.0
20230530:1909,0.0,2.0,0.0,1.89,14.45,1.31,0.0
20230530:2009,0.0,0.0,0.0,0.0,13.34,0.83,0.0
20230530:2109,0.0,0.0,0.0,0.0,12.39,0.83,0.0
20230530:2209,0.0,0.0,0.0,0.0,11.26,1.03,0.0
20230530:2309,0.0,0.0,0.0,0.0,10.66,1.1,0.0
20230531:0009,0.0,0.0,0.0,0.0,10.01,1.1,0.0
20230531:0109,0.0,0.0,0.0,0.0,9.47,1.1,0.0
20230531:0209,0.0,0.0,0.0,0.0,9.33,0.97,0.0
20230531:0309,0.0,0.0,0.0,0.0,8.91,0.9,0.0
20230531:0409,0.0,0.0,0.0,0.0,8.46,0.9,0.0
20230531:0509,0.0,5.0,0.0,2.04,8.01,0.9,0.0
20230531:0609,116.0,67.0,0.0,13.1,8.93,0.62,0.0
20230531:0709,290.0,101.0,0.0,24.68,12.08,0.41,0.0
20230531:0809,488.0,114.0,0.0,36.55,13.87,0.76,0.0
20230531:0909,634.0,138.0,0.0,48.44,15.22,1.1,0.0
20230531:1009,782.0,139.0,0.0,59.93,16.09,1.17,0.0
20230531:1109,546.0,332.0,0.0,69.89,16.65,1.1,0.0
20230531:1209,711.0,255.0,0.0,74.59,17.39,0.97,0.0
20230531:1309,169.0,478.0,0.0,69.86,17.39,0.83,0.0
20230531:1409,0.0,247.0,0.0,59.89,17.45,0.9,0.0
20230531:1509,0.0,111.0,0.0,48.39,17.93,1.31,0.0
20230531:1609,0.0,112.0,0.0,36.5,17.98,1.45,0.0
20230531:1709,71.0,191.0,0.0,24.64,17.48,1.17,0.0
20230531:1809,115.0,66.0,0.0,13.06,17.09,1.1,0.0
20230531:1909,0.0,4.0,0.0,2.0,16.38,0.69,0.0
20230531:2009,0.0,0.0,0.0,0.0,15.17,0.48,0.0
20230531:2109,0.0,0.0,0.0,0.0,14.65,0.41,0.0
20230531:2209,0.0,0.0,0.0,0.0,13.64,0.69,0.0
20230531:2309,0.0,0.0,0.0,0.0,12.55,0.83,0.0
20230601:0009,0.0,0.0,0.0,0.0,11.72,0.9,0.0
20230601:0109,0.0,0.0,0.0,0.0,11.13,0.97,0.0
20230601:0209,0.0,0.0,0.0,0.0,10.52,1.03,0.0
20230601:0309,0.0,0.0,0.0,0.0,9.81,1.1,0.0
20230601:0409,0.0,0.0,0.0,0.0,9.13,1.17,0.0
20230601:0509,0.0,6.0,0.0,2.11,8.74,1.17,0.0
20230601:0609,111.0,70.0,0.0,13.15,9.78,0.9,0.0
20230601:0709,290.0,100.0,0.0,24.73,13.33,0.97,0.0
20230601:0809,457.0,129.0,0.0,36.59,15.1,1.31,0.0
20230601:0909,644.0,132.0,0.0,48.48,16.69,1.52,0.0
20230601:1009,485.0,310.0,0.0,59.99,17.49,1.38,0.0
20230601:1109,0.0,199.0,0.0,69.98,18.1,1.17,0.0
20230601:1209,320.0,455.0,0.0,74.73,17.84,0.83,0.0
20230601:1309,7.0,369.0,0.0,69.99,17.64,0.69,0.0
20230601:1409,0.0,129.0,0.0,60.0,17.88,0.83,0.0
20230601:1509,16.0,316.0,0.0,48.49,18.16,0.97,0.0
20230601:1609,11.0,239.0,0.0,36.6,17.45,0.83,0.0
20230601:1709,91.0,188.0,0.0,24.74,16.83,0.21,0.0
20230601:1809,0.0,34.0,0.0,13.16,14.87,0.55,0.0
20230601:1909,0.0,1.0,0.0,2.12,15.65,0.9,0.0
20230601:2009,0.0,0.0,0.0,0.0,14.49,1.1,0.0
20230601:2109,0.0,0.0,0.0,0.0,13.24,1.1,0.0
20230601:2209,0.0,0.0,0.0,0.0,12.22,1.03,0.0
20230601:2309,0.0,0.0,0.0,0.0,10.95,1.17,0.0
20230602:0009,0.0,0.0,0.0,0.0,10.42,1.17,0.0
20230602:0109,0.0,0.0,0.0,0.0,9.97,1.03,0.0
20230602:0209,0.0,0.0,0.0,0.0,9.79,0.97,0.0
20230602:0309,0.0,0.0,0.0,0.0,9.8,1.03,0.0
20230602:0409,0.0,0.0,0.0,0.0,9.72,0.97,0.0
20230602:0509,0.0,2.0,0.0,2.16,10.08,1.03,0.0
20230602:0609,25.0,94.0,0.0,13.2,10.36,0.9,0.0
20230602:0709,2.0,135.0,0.0,24.77,12.11,1.31,0.0
20230602:0809,2.0,199.0,0.0,36.63,13.25,1.59,0.0
20230602:0909,54.0,358.0,0.0,48.52,14.54,1.79,0.0
20230602:1009,107.0,434.0,0.0,60.04,15.95,2.21,0.0
20230602:1109,0.0,250.0,0.0,70.06,16.46,2.41,0.0
20230602:1209,0.0,90.0,0.0,74.87,15.52,2.48,0.0
20230602:1309,29.0,425.0,0.0,70.11,14.17,2.34,0.0
20230602:1409,139.0,436.0,0.0,60.11,14.6,1.24,0.0
20230602:1509,185.0,360.0,0.0,48.59,14.35,0.48,0.0
20230602:1609,0.0,63.0,0.0,36.7,14.58,0.9,0.0
20230602:1709,0.0,64.0,0.0,24.84,13.44,1.31,0.0
20230602:1809,106.0,71.0,0.0,13.27,12.99,1.31,0.0
20230602:1909,0.0,3.0,0.0,2.23,12.04,0.21,0.0
20230602:2009,0.0,0.0,0.0,0.0,11.39,0.48,0.0
20230602:2109,0.0,0.0,0.0,0.0,10.73,0.48,0.0
20230602:2209,0.0,0.0,0.0,0.0,10.3,0.41,0.0
20230602:2309,0.0,0.0,0.0,0.0,10.03,0.41,0.0
20230603:0009,0.0,0.0,0.0,0.0,9.39,0.62,0.0
20230603:0109,0.0,0.0,0.0,0.0,8.61,0.76,0.0
20230603:0209,0.0,0.0,0.0,0.0,8.57,0.69,0.0
20230603:0309,0.0,0.0,0.0,0.0,8.06,0.83,0.0
20230603:0409,0.0,0.0,0.0,0.0,8.2,0.76,0.0
20230603:0509,0.0,7.0,0.0,2.22,7.88,0.9,0.0
20230603:0609,115.0,69.0,0.0,13.24,8.63,0.69,0.0
20230603:0709,289.0,101.0,0.0,24.81,11.05,0.62,0.0
20230603:0809,481.0,116.0,0.0,36.66,13.0,0.83,0.0
20230603:0909,634.0,136.0,0.0,48.56,14.98,0.97,0.0
20230603:1009,761.0,148.0,0.0,60.09,16.24,1.31,0.0
20230603:1109,704.0,237.0,0.0,70.14,17.31,1.38,0.0
20230603:1209,119.0,491.0,0.0,74.99,17.6,1.24,0.0
20230603:1309,1.0,317.0,0.0,70.24,17.25,0.69,0.0
20230603:1409,149.0,437.0,0.0,60.21,16.6,1.03,0.0
20230603:1509,233.0,346.0,0.0,48.69,16.67,1.1,0.0
20230603:1609,15.0,248.0,0.0,36.8,16.73,0.97,0.0
20230603:1709,1.0,124.0,0.0,24.94,15.96,1.31,0.0
20230603:1809,108.0,72.0,0.0,13.37,14.36,0.97,0.0
20230603:1909,0.0,5.0,0.0,2.34,14.23,0.21,0.0
20230603:2009,0.0,0.0,0.0,0.0,13.22,0.55,0.0
20230603:2109,0.0,0.0,0.0,0.0,12.97,0.41,0.0
20230603:2209,0.0,0.0,0.0,0.0,12.25,0.69,0.0
20230603:2309,0.0,0.0,0.0,0.0,11.8,0.76,0.0
20230604:0009,0.0,0.0,0.0,0.0,11.11,0.83,0.0
20230604:0109,0.0,0.0,0.0,0.0,10.75,0.9,0.0
20230604:0209,0.0,0.0,0.0,0.0,9.42,0.97,0.0
20230604:0309,0.0,0.0,0.0,0.0,8.78,1.03,0.0
20230604:0409,0.0,0.0,0.0,0.0,8.72,1.03,0.0
20230604:0509,0.0,6.0,0.0,2.27,8.78,0.97,0.0
20230604:0609,109.0,72.0,0.0,13.28,10.06,0.62,0.0
20230604:0709,270.0,110.0,0.0,24.84,13.15,0.34,0.0
20230604:0809,450.0,132.0,0.0,36.69,15.04,0.62,0.0
20230604:0909,582.0,164.0,0.0,48.59,16.72,0.48,0.0
20230604:1009,620.0,230.0,0.0,60.13,17.82,0.62,0.0
20230604:1109,775.0,192.0,0.0,70.21,18.19,0.69,0.0
20230604:1209,161.0,492.0,0.0,75.11,18.29,0.83,0.0
20230604:1309,10.0,381.0,0.0,70.35,18.73,0.62,0.0
20230604:1409,66.0,424.0,0.0,60.31,18.79,0.62,0.0
20230604:1509,240.0,344.0,0.0,48.79,19.1,0.55,0.0
20230604:1609,486.0,115.0,0.0,36.89,18.8,0.48,0.0
20230604:1709,20.0,178.0,0.0,25.03,18.04,1.03,0.0
20230604:1809,3.0,76.0,0.0,13.47,17.08,0.9,0.0
20230604:1909,0.0,8.0,0.0,2.44,16.49,0.28,0.0
20230604:2009,0.0,0.0,0.0,0.0,15.9,0.0,0.0
20230604:2109,0.0,0.0,0.0,0.0,15.12,0.48,0.0
20230604:2209,0.0,0.0,0.0,0.0,13.67,0.83,0.0
20230604:2309,0.0,0.0,0.0,0.0,12.82,0.9,0.0
20230605:0009,0.0,0.0,0.0,0.0,12.45,0.9,0.0
20230605:0109,0.0,0.0,0.0,0.0,12.38,0.9,0.0
20230605:0209,0.0,0.0,0.0,0.0,12.26,0.76,0.0
20230605:0309,0.0,0.0,0.0,0.0,12.53,0.55,0.0
20230605:0409,0.0,0.0,0.0,0.0,12.82,0.48,0.0
20230605:0509,0.0,7.0,0.0,2.31,12.63,0.55,0.0
20230605:0609,52.0,93.0,0.0,13.31,12.62,0.28,0.0
20230605:0709,258.0,115.0,0.0,24.86,14.0,0.14,0.0
20230605:0809,453.0,130.0,0.0,36.71,16.22,0.41,0.0
20230605:0909,622.0,141.0,0.0,48.61,17.66,0.9,0.0
20230605:1009,692.0,184.0,0.0,60.16,18.7,1.17,0.0
20230605:1109,77.0,465.0,0.0,70.28,19.58,1.31,0.0
20230605:1209,37.0,446.0,0.0,75.22,20.11,0.76,0.0
20230605:1309,834.0,158.0,0.0,70.47,19.99,0.41,0.0
20230605:1409,779.0,137.0,0.0,60.41,19.91,1.03,0.0
20230605:1509,131.0,370.0,0.0,48.88,19.73,0.14,0.0
20230605:1609,14.0,246.0,0.0,36.98,17.9,0.28,0.0
20230605:1709,246.0,123.0,0.0,25.13,17.88,0.41,0.0
20230605:1809,63.0,92.0,0.0,13.57,17.77,0.62,0.0
20230605:1909,0.0,6.0,0.0,2.55,17.43,0.69,0.0
20230605:2009,0.0,0.0,0.0,0.0,16.51,0.28,0.0
20230605:2109,0.0,0.0,0.0,0.0,15.87,0.34,0.0
20230605:2209,0.0,0.0,0.0,0.0,14.76,0.76,0.0
20230605:2309,0.0,0.0,0.0,0.0,13.53,1.03,0.0
20230606:0009,0.0,0.0,0.0,0.0,12.81,1.17,0.0
20230606:0109,0.0,0.0,0.0,0.0,12.45,0.97,0.0
20230606:0209,0.0,0.0,0.0,0.0,12.17,0.83,0.0
20230606:0309,0.0,0.0,0.0,0.0,11.73,0.97,0.0
20230606:0409,0.0,0.0,0.0,0.0,11.43,1.03,0.0
20230606:0509,0.0,6.0,0.0,2.35,11.19,1.1,0.0
20230606:0609,80.0,84.0,0.0,13.34,11.99,1.03,0.0
20230606:0709,0.0,0.0,0.0,0.0,14.71,1.24,0.0
20230606:0809,440.0,135.0,0.0,36.73,17.0,1.52,0.0
20230606:0909,603.0,151.0,0.0,48.64,18.82,1.59,0.0
20230606:1009,745.0,154.0,0.0,60.19,20.31,1.79,0.0
20230606:1109,866.0,139.0,0.0,70.34,21.33,1.72,0.0
20230606:1209,885.0,146.0,0.0,75.33,21.97,1.86,0.0
20230606:1309,844.0,151.0,0.0,70.58,22.36,2.07,0.0
20230606:1409,757.0,149.0,0.0,60.51,22.51,2.14,0.0
20230606:1509,527.0,197.0,0.0,48.97,22.54,2.07,0.0
20230606:1609,283.0,224.0,0.0,37.07,22.21,2.34,0.0
20230606:1709,149.0,172.0,0.0,25.22,21.33,2.62,0.0
20230606:1809,1.0,67.0,0.0,13.66,20.12,2.48,0.0
20230606:1909,0.0,7.0,0.0,2.64,18.75,2.14,0.0
20230606:2009,0.0,0.0,0.0,0.0,17.54,1.79,0.0
20230606:2109,0.0,0.0,0.0,0.0,16.65,1.66,0.0
20230606:2209,0.0,0.0,0.0,0.0,16.15,1.72,0.0
20230606:2309,0.0,0.0,0.0,0.0,15.56,1.66,0.0
20230607:0009,0.0,0.0,0.0,0.0,14.12,1.72,0.0
20230607:0109,0.0,0.0,0.0,0.0,13.17,1.59,0.0
20230607:0209,0.0,0.0,0.0,0.0,12.71,1.1,0.0
20230607:0309,0.0,0.0,0.0,0.0,12.61,1.17,0.0
20230607:0409,0.0,0.0,0.0,0.0,12.54,1.03,0.0
20230607:0509,0.0,1.0,0.0,2.38,12.55,1.03,0.0
20230607:0609,1.0,69.0,0.0,13.37,12.78,1.1,0.0
20230607:0709,0.0,43.0,0.0,24.9,13.79,0.9,0.0
20230607:0809,0.0,116.0,0.0,36.75,14.29,0.9,0.0
20230607:0909,0.0,131.0,0.0,48.65,14.88,1.03,0.0
20230607:1009,0.0,120.0,0.0,60.22,15.9,1.03,0.0
20230607:1109,0.0,86.0,0.0,70.39,17.49,0.97,0.0
20230607:1209,0.0,139.0,0.0,75.43,17.42,1.17,0.0
20230607:1309,0.0,86.0,0.0,70.68,17.57,0.97,0.0
20230607:1409,0.0,167.0,0.0,60.6,17.98,0.83,0.0
20230607:1509,0.0,97.0,0.0,49.06,18.52,0.55,0.0
20230607:1609,0.0,129.0,0.0,37.15,18.23,0.28,0.0
20230607:1709,0.0,64.0,0.0,25.3,17.98,0.55,0.0
20230607:1809,0.0,19.0,0.0,13.75,17.86,0.28,0.0
20230607:1909,0.0,3.0,0.0,2.74,17.2,0.21,0.0
20230607:2009,0.0,0.0,0.0,0.0,16.44,0.69,0.0
20230607:2109,0.0,0.0,0.0,0.0,15.42,0.97,0.0
20230607:2209,0.0,0.0,0.0,0.0,14.7,1.03,0.0
20230607:2309,0.0,0.0,0.0,0.0,14.48,1.17,0.0
20230608:0009,0.0,0.0,0.0,0.0,14.53,1.1,0.0
20230608:0109,0.0,0.0,0.0,0.0,14.07,0.97,0.0
20230608:0209,0.0,0.0,0.0,0.0,13.74,1.03,0.0
20230608:0309,0.0,0.0,0.0,0.0,13.55,1.03,0.0
20230608:0409,0.0,0.0,0.0,0.0,13.54,0.9,0.0
20230608:0509,0.0,3.0,0.0,2.4,13.21,1.03,0.0
20230608:0609,33.0,95.0,0.0,13.39,13.66,1.31,0.0
20230608:0709,11.0,166.0,0.0,24.92,14.86,1.24,0.0
20230608:0809,0.0,132.0,0.0,36.76,16.53,1.31,0.0
20230608:0909,33.0,338.0,0.0,48.67,18.04,1.38,0.0
20230608:1009,680.0,185.0,0.0,60.24,19.58,1.45,0.0
20230608:1109,175.0,470.0,0.0,70.44,20.72,1.24,0.0
20230608:1209,917.0,123.0,0.0,75.52,20.27,0.97,0.0
20230608:1309,72.0,460.0,0.0,70.78,19.33,1.17,0.0
20230608:1409,0.0,145.0,0.0,60.69,19.97,1.1,0.0
20230608:1509,0.0,96.0,0.0,49.14,20.55,1.17,0.0
20230608:1609,8.0,232.0,0.0,37.24,19.41,1.45,0.0
20230608:1709,28.0,186.0,0.0,25.39,18.44,2.0,0.0
20230608:1809,102.0,76.0,0.0,13.84,18.06,0.83,0.0
20230608:1909,0.0,5.0,0.0,2.83,16.65,0.69,0.0
20230608:2009,0.0,0.0,0.0,0.0,16.04,0.41,0.0
20230608:2109,0.0,0.0,0.0,0.0,15.43,0.55,0.0
20230608:2209,0.0,0.0,0.0,0.0,14.2,0.76,0.0
20230608:2309,0.0,0.0,0.0,0.0,13.23,0.83,0.0
20230609:0009,0.0,0.0,0.0,0.0,12.35,1.03,0.0
20230609:0109,0.0,0.0,0.0,0.0,11.96,1.03,0.0
20230609:0209,0.0,0.0,0.0,0.0,11.48,1.1,0.0
20230609:0309,0.0,0.0,0.0,0.0,11.36,1.03,0.0
20230609:0409,0.0,0.0,0.0,0.0,11.03,0.9,0.0
20230609:0509,0.0,12.0,0.0,2.43,10.72,0.83,0.0
20230609:0609,119.0,69.0,0.0,13.4,11.26,0.76,0.0
20230609:0709,297.0,99.0,0.0,24.93,13.0,0.76,0.0
20230609:0809,490.0,114.0,0.0,36.77,14.98,1.72,0.0
20230609:0909,671.0,119.0,0.0,48.67,16.84,2.41,0.0
20230609:1009,809.0,124.0,0.0,60.26,18.01,2.48,0.0
20230609:1109,911.0,120.0,0.0,70.48,18.54,2.48,0.0
20230609:1209,923.0,131.0,0.0,75.61,19.18,2.41,0.0
20230609:1309,606.0,300.0,0.0,70.88,20.05,2.41,0.0
20230609:1409,157.0,439.0,0.0,60.78,20.22,2.48,0.0
20230609:1509,66.0,368.0,0.0,49.22,19.89,2.41,0.0
20230609:1609,337.0,202.0,0.0,37.32,19.88,2.34,0.0
20230609:1709,27.0,189.0,0.0,25.47,19.35,2.14,0.0
20230609:1809,12.0,93.0,0.0,13.92,18.7,1.79,0.0
20230609:1909,0.0,3.0,0.0,2.92,17.72,1.38,0.0
20230609:2009,0.0,0.0,0.0,0.0,16.31,1.03,0.0
20230609:2109,0.0,0.0,0.0,0.0,15.14,0.9,0.0
20230609:2209,0.0,0.0,0.0,0.0,14.68,0.76,0.0
20230609:2309,0.0,0.0,0.0,0.0,14.28,0.69,0.0
20230610:0009,0.0,0.0,0.0,0.0,14.22,0.55,0.0
20230610:0109,0.0,0.0,0.0,0.0,13.91,0.21,0.0
20230610:0209,0.0,0.0,0.0,0.0,13.58,0.21,0.0
20230610:0309,0.0,0.0,0.0,0.0,12.99,0.48,0.0
20230610:0409,0.0,0.0,0.0,0.0,12.37,0.55,0.0
20230610:0509,0.0,11.0,0.0,2.44,11.79,0.55,0.0
20230610:0609,114.0,71.0,0.0,13.41,12.1,0.28,0.0
20230610:0709,283.0,104.0,0.0,24.93,14.82,0.48,0.0
20230610:0809,475.0,120.0,0.0,36.77,16.19,0.69,0.0
20230610:0909,600.0,154.0,0.0,48.68,18.05,0.76,0.0
20230610:1009,771.0,143.0,0.0,60.27,19.47,0.76,0.0
20230610:1109,733.0,219.0,0.0,70.51,20.84,0.69,0.0
20230610:1209,760.0,223.0,0.0,75.69,21.88,0.55,0.0
20230610:1309,749.0,211.0,0.0,70.97,22.72,0.34,0.0
20230610:1409,624.0,232.0,0.0,60.86,23.36,0.28,0.0
20230610:1509,567.0,178.0,0.0,49.3,23.54,0.48,0.0
20230610:1609,48.0,284.0,0.0,37.4,23.41,0.55,0.0
20230610:1709,20.0,183.0,0.0,25.55,23.04,0.48,0.0
20230610:1809,87.0,87.0,0.0,14.01,22.07,0.41,0.0
20230610:1909,0.0,11.0,0.0,3.0,20.7,0.55,0.0
20230610:2009,0.0,0.0,0.0,0.0,19.21,0.69,0.0
20230610:2109,0.0,0.0,0.0,0.0,17.39,0.97,0.0
20230610:2209,0.0,0.0,0.0,0.0,16.2,1.03,0.0
20230610:2309,0.0,0.0,0.0,0.0,15.34,1.03,0.0
20230611:0009,0.0,0.0,0.0,0.0,14.5,1.03,0.0
20230611:0109,0.0,0.0,0.0,0.0,14.0,1.03,0.0
20230611:0209,0.0,0.0,0.0,0.0,13.49,1.03,0.0
20230611:0309,0.0,0.0,0.0,0.0,12.84,1.1,0.0
20230611:0409,0.0,0.0,0.0,0.0,12.66,1.1,0.0
20230611:0509,0.0,13.0,0.0,2.46,12.46,1.03,0.0
20230611:0609,52.0,94.0,0.0,13.42,13.12,0.76,0.0
20230611:0709,160.0,166.0,0.0,24.93,16.1,0.28,0.0
20230611:0809,329.0,200.0,0.0,36.77,17.9,0.21,0.0
20230611:0909,560.0,177.0,0.0,48.68,19.55,0.14,0.0
20230611:1009,721.0,168.0,0.0,60.28,21.01,0.14,0.0
20230611:1109,747.0,210.0,0.0,70.54,22.27,0.28,0.0
20230611:1209,597.0,320.0,0.0,75.76,23.2,0.83,0.0
20230611:1309,818.0,169.0,0.0,71.05,23.86,1.24,0.0
20230611:1409,766.0,148.0,0.0,60.94,24.12,1.52,0.0
20230611:1509,578.0,171.0,0.0,49.38,24.11,1.72,0.0
20230611:1609,447.0,138.0,0.0,37.47,23.55,1.72,0.0
20230611:1709,161.0,172.0,0.0,25.63,22.25,1.93,0.0
20230611:1809,95.0,84.0,0.0,14.09,21.38,1.86,0.0
20230611:1909,7.0,14.43,0.0,3.09,21.04,1.45,0.0
20230611:2009,0.0,0.0,0.0,0.0,18.72,1.17,0.0
20230611:2109,0.0,0.0,0.0,0.0,18.2,0.9,0.0
20230611:2209,0.0,0.0,0.0,0.0,18.07,0.76,0.0
20230611:2309,0.0,0.0,0.0,0.0,17.24,0.76,0.0
20230612:0009,0.0,0.0,0.0,0.0,16.43,0.83,0.0
20230612:0109,0.0,0.0,0.0,0.0,15.81,0.83,0.0
20230612:0209,0.0,0.0,0.0,0.0,15.32,0.83,0.0
20230612:0309,0.0,0.0,0.0,0.0,14.68,0.9,0.0
20230612:0409,0.0,0.0,0.0,0.0,13.75,1.03,0.0
20230612:0509,0.0,12.0,0.0,2.46,12.94,1.17,0.0
20230612:0609,23.0,97.0,0.0,13.42,13.75,0.9,0.0
20230612:0709,30.0,187.0,0.0,24.93,17.01,0.55,0.0
20230612:0809,215.0,256.0,0.0,36.76,18.86,0.62,0.0
20230612:0909,0.0,0.0,0.0,0.0,20.3,0.62,0.0
20230612:1009,395.0,356.0,0.0,60.28,21.68,0.48,0.0
20230612:1109,706.0,237.0,0.0,70.56,22.93,0.97,0.0
20230612:1209,357.0,441.0,0.0,75.82,24.01,1.59,0.0
20230612:1309,811.0,174.0,0.0,71.13,24.56,1.79,0.0
20230612:1409,819.0,121.0,0.0,61.01,25.05,2.07,0.0
20230612:1509,212.0,358.0,0.0,49.45,25.08,2.28,0.0
20230612:1609,444.0,141.0,0.0,37.55,24.3,3.03,0.0
20230612:1709,11.0,173.0,0.0,25.7,22.39,2.83,0.0
20230612:1809,24.0,102.0,0.0,14.16,21.37,1.86,0.0
20230612:1909,1.0,11.84,0.0,3.16,20.79,1.38,0.0
20230612:2009,0.0,0.0,0.0,0.0,18.91,1.1,0.0
20230612:2109,0.0,0.0,0.0,0.0,17.84,1.03,0.0
20230612:2209,0.0,0.0,0.0,0.0,16.61,1.17,0.0
20230612:2309,0.0,0.0,0.0,0.0,15.71,1.24,0.0
20230613:0009,0.0,0.0,0.0,0.0,15.14,1.17,0.0
20230613:0109,0.0,0.0,0.0,0.0,14.89,1.03,0.0
20230613:0209,0.0,0.0,0.0,0.0,14.28,1.03,0.0
20230613:0309,0.0,0.0,0.0,0.0,13.71,1.03,0.0
20230613:0409,0.0,0.0,0.0,0.0,12.96,1.03,0.0
20230613:0509,0.0,13.0,0.0,2.47,12.35,1.03,0.0
20230613:0609,105.0,74.0,0.0,13.41,12.74,0.83,0.0
20230613:0709,270.0,111.0,0.0,24.92,14.79,1.1,0.0
20230613:0809,395.0,164.0,0.0,36.75,16.36,1.03,0.0
20230613:0909,541.0,190.0,0.0,48.66,17.92,0.9,0.0
20230613:1009,699.0,183.0,0.0,60.27,19.68,1.03,0.0
20230613:1109,780.0,191.0,0.0,70.58,20.96,1.66,0.0
20230613:1209,778.0,214.0,0.0,75.88,21.75,2.41,0.0
20230613:1309,606.0,299.0,0.0,71.21,22.21,2.97,0.0
20230613:1409,428.0,344.0,0.0,61.09,22.07,3.52,0.0
20230613:1509,108.0,377.0,0.0,49.52,21.3,3.66,0.0
20230613:1609,243.0,251.0,0.0,37.62,20.53,3.72,0.0
20230613:1709,239.0,135.0,0.0,25.77,19.76,3.86,0.0
20230613:1809,110.0,79.0,0.0,14.23,18.66,3.79,0.0
20230613:1909,0.0,7.0,0.0,3.24,17.45,2.69,0.0
20230613:2009,0.0,0.0,0.0,0.0,16.29,2.07,0.0
20230613:2109,0.0,0.0,0.0,0.0,15.14,1.38,0.0
20230613:2209,0.0,0.0,0.0,0.0,14.15,1.03,0.0
20230613:2309,0.0,0.0,0.0,0.0,14.07,0.83,0.0
20230614:0009,0.0,0.0,0.0,0.0,13.78,0.83,0.0
20230614:0109,0.0,0.0,0.0,0.0,13.41,0.83,0.0
20230614:0209,0.0,0.0,0.0,0.0,12.93,0.83,0.0
20230614:0309,0.0,0.0,0.0,0.0,12.23,0.9,0.0
20230614:0409,0.0,0.0,0.0,0.0,11.7,0.97,0.0
20230614:0509,0.0,12.0,0.0,2.47,11.28,1.03,0.0
20230614:0609,111.0,73.0,0.0,13.41,12.06,0.69,0.0
20230614:0709,246.0,125.0,0.0,24.91,15.28,0.83,0.0
20230614:0809,415.0,153.0,0.0,36.74,16.94,1.38,0.0
20230614:0909,556.0,183.0,0.0,48.65,18.14,1.79,0.0
20230614:1009,703.0,184.0,0.0,60.27,19.34,1.86,0.0
20230614:1109,755.0,210.0,0.0,70.59,20.54,1.93,0.0
20230614:1209,769.0,222.0,0.0,75.93,21.56,2.14,0.0
20230614:1309,818.0,173.0,0.0,71.28,22.26,2.48,0.0
20230614:1409,697.0,193.0,0.0,61.15,22.89,2.21,0.0
20230614:1509,670.0,126.0,0.0,49.59,23.22,2.41,0.0
20230614:1609,450.0,142.0,0.0,37.68,23.15,2.48,0.0
20230614:1709,277.0,116.0,0.0,25.84,23.0,2.55,0.0
20230614:1809,129.0,72.0,0.0,14.3,22.42,2.34,0.0
20230614:1909,6.0,15.66,0.0,3.31,21.45,1.59,0.0
20230614:2009,0.0,0.0,0.0,0.0,19.66,1.1,0.0
20230614:2109,0.0,0.0,0.0,0.0,19.98,0.69,0.0
20230614:2209,0.0,0.0,0.0,0.0,19.16,0.34,0.0
20230614:2309,0.0,0.0,0.0,0.0,18.33,0.9,0.0
20230615:0009,0.0,0.0,0.0,0.0,16.33,1.17,0.0
20230615:0109,0.0,0.0,0.0,0.0,15.13,1.24,0.0
20230615:0209,0.0,0.0,0.0,0.0,14.1,1.31,0.0
20230615:0309,0.0,0.0,0.0,0.0,13.25,1.31,0.0
20230615:0409,0.0,0.0,0.0,0.0,12.54,1.31,0.0
20230615:0509,0.0,12.0,0.0,2.46,11.98,1.38,0.0
20230615:0609,110.0,72.0,0.0,13.39,13.1,1.03,0.0
20230615:0709,250.0,122.0,0.0,24.89,18.04,0.55,0.0
20230615:0809,414.0,154.0,0.0,36.72,20.39,0.07,0.0
20230615:0909,566.0,177.0,0.0,48.63,21.86,0.55,0.0
20230615:1009,738.0,163.0,0.0,60.25,22.98,0.9,0.0
20230615:1109,800.0,181.0,0.0,70.59,23.9,1.1,0.0
20230615:1209,830.0,184.0,0.0,75.98,24.67,1.17,0.0
20230615:1309,851.0,156.0,0.0,71.34,25.2,1.24,0.0
20230615:1409,737.0,168.0,0.0,61.22,25.82,1.38,0.0
20230615:1509,661.0,132.0,0.0,49.65,26.11,1.45,0.0
20230615:1609,202.0,271.0,0.0,37.75,26.07,1.38,0.0
20230615:1709,141.0,184.0,0.0,25.9,25.77,1.1,0.0
20230615:1809,105.0,84.0,0.0,14.37,25.12,0.76,0.0
20230615:1909,9.0,15.04,0.0,3.37,23.76,0.76,0.0
20230615:2009,0.0,0.0,0.0,0.0,21.05,1.31,0.0
20230615:2109,0.0,0.0,0.0,0.0,19.05,1.45,0.0
20230615:2209,0.0,0.0,0.0,0.0,17.58,1.45,0.0
20230615:2309,0.0,0.0,0.0,0.0,16.49,1.38,0.0
20230616:0009,0.0,0.0,0.0,0.0,15.81,1.31,0.0
20230616:0109,0.0,0.0,0.0,0.0,15.21,1.24,0.0
20230616:0209,0.0,0.0,0.0,0.0,14.69,1.24,0.0
20230616:0309,0.0,0.0,0.0,0.0,14.24,1.31,0.0
20230616:0409,0.0,0.0,0.0,0.0,13.84,1.31,0.0
20230616:0509,0.0,11.0,0.0,2.45,13.51,1.38,0.0
20230616:0609,98.0,77.0,0.0,13.38,14.84,1.03,0.0
20230616:0709,234.0,130.0,0.0,24.87,19.28,0.9,0.0
20230616:0809,403.0,158.0,0.0,36.7,21.76,1.17,0.0
20230616:0909,552.0,183.0,0.0,48.61,23.46,1.52,0.0
20230616:1009,712.0,175.0,0.0,60.24,24.87,1.66,0.0
20230616:1109,795.0,182.0,0.0,70.59,26.01,1.45,0.0
20230616:1209,826.0,184.0,0.0,76.01,26.92,1.17,0.0
20230616:1309,836.0,162.0,0.0,71.4,27.59,0.97,0.0
20230616:1409,733.0,169.0,0.0,61.28,28.05,0.83,0.0
20230616:1509,667.0,127.0,0.0,49.71,28.23,0.62,0.0
20230616:1609,207.0,268.0,0.0,37.81,28.04,0.83,0.0
20230616:1709,134.0,186.0,0.0,25.97,27.49,1.03,0.0
20230616:1809,93.0,89.0,0.0,14.43,26.59,1.31,0.0
20230616:1909,10.0,15.73,0.0,3.43,24.84,1.45,0.0
20230616:2009,0.0,0.0,0.0,0.0,22.59,1.45,0.0
20230616:2109,0.0,0.0,0.0,0.0,20.63,1.38,0.0
20230616:2209,0.0,0.0,0.0,0.0,19.29,1.45,0.0
20230616:2309,0.0,0.0,0.0,0.0,18.1,1.45,0.0
20230617:0009,0.0,0.0,0.0,0.0,17.44,1.24,0.0
20230617:0109,0.0,0.0,0.0,0.0,16.86,1.17,0.0
20230617:0209,0.0,0.0,0.0,0.0,16.27,1.17,0.0
20230617:0309,0.0,0.0,0.0,0.0,15.68,1.24,0.0
20230617:0409,0.0,0.0,0.0,0.0,15.15,1.31,0.0
20230617:0509,0.0,12.0,0.0,2.43,14.68,1.38,0.0
20230617:0609,100.0,75.0,0.0,13.36,15.82,1.03,0.0
20230617:0709,243.0,122.0,0.0,24.85,20.37,0.97,0.0
20230617:0809,396.0,159.0,0.0,36.67,22.93,1.31,0.0
20230617:0909,544.0,184.0,0.0,48.58,24.75,1.66,0.0
20230617:1009,703.0,176.0,0.0,60.22,26.24,1.93,0.0
20230617:1109,786.0,182.0,0.0,70.59,27.5,2.07,0.0
20230617:1209,801.0,194.0,0.0,76.04,28.41,2.14,0.0
20230617:1309,815.0,169.0,0.0,71.46,29.01,2.0,0.0
20230617:1409,699.0,185.0,0.0,61.34,29.21,1.59,0.0
20230617:1509,336.0,307.0,0.0,49.77,28.93,1.1,0.0
20230617:1609,411.0,161.0,0.0,37.87,27.72,0.97,0.0
20230617:1709,116.0,191.0,0.0,26.02,27.3,1.1,0.0
20230617:1809,85.0,92.0,0.0,14.49,26.5,1.72,0.0
20230617:1909,4.0,17.11,0.0,3.49,25.13,1.86,0.0
20230617:2009,0.0,0.0,0.0,0.0,22.9,1.72,0.0
20230617:2109,0.0,0.0,0.0,0.0,20.9,1.31,0.0
20230617:2209,0.0,0.0,0.0,0.0,19.36,1.31,0.0
20230617:2309,0.0,0.0,0.0,0.0,18.1,1.38,0.0
20230618:0009,0.0,0.0,0.0,0.0,17.24,1.38,0.0
20230618:0109,0.0,0.0,0.0,0.0,16.95,1.24,0.0
20230618:0209,0.0,0.0,0.0,0.0,17.28,0.97,0.0
20230618:0309,0.0,0.0,0.0,0.0,17.22,0.76,0.0
20230618:0409,0.0,0.0,0.0,0.0,15.71,0.97,0.0
20230618:0509,0.0,9.0,0.0,2.41,14.66,1.1,0.0
20230618:0609,0.0,19.0,0.0,13.33,14.95,0.97,0.0
20230618:0709,0.0,49.0,0.0,24.82,17.02,1.24,0.0
20230618:0809,0.0,109.0,0.0,36.64,17.24,0.9,0.0
20230618:0909,0.0,80.0,0.0,48.56,18.52,1.24,0.0
20230618:1009,0.0,154.0,0.0,60.19,19.71,1.45,0.0
20230618:1109,6.0,354.0,0.0,70.57,20.28,0.97,0.0
20230618:1209,0.0,179.0,0.0,76.07,21.2,1.03,0.0
20230618:1309,10.0,379.0,0.0,71.51,21.87,0.76,0.0
20230618:1409,676.0,194.0,0.0,61.39,23.05,0.41,0.0
20230618:1509,396.0,273.0,0.0,49.83,24.19,0.9,0.0
20230618:1609,62.0,288.0,0.0,37.92,24.79,0.69,0.0
20230618:1709,20.0,184.0,0.0,26.08,24.86,0.62,0.0
20230618:1809,21.0,103.0,0.0,14.54,24.05,0.41,0.0
20230618:1909,5.0,17.84,0.0,3.55,21.33,0.28,0.0
20230618:2009,0.0,0.0,0.0,0.0,20.23,1.03,0.0
20230618:2109,0.0,0.0,0.0,0.0,18.93,0.97,0.0
20230618:2209,0.0,0.0,0.0,0.0,17.91,1.03,0.0
20230618:2309,0.0,0.0,0.0,0.0,16.85,1.17,0.0
20230619:0009,0.0,0.0,0.0,0.0,16.28,1.03,0.0
20230619:0109,0.0,0.0,0.0,0.0,15.99,1.03,0.0
20230619:0209,0.0,0.0,0.0,0.0,15.98,0.9,0.0
20230619:0309,0.0,0.0,0.0,0.0,15.77,0.83,0.0
20230619:0409,0.0,0.0,0.0,0.0,15.78,0.69,0.0
20230619:0509,0.0,8.0,0.0,2.39,15.76,0.76,0.0
20230619:0609,0.0,15.0,0.0,13.3,16.12,0.62,0.0
20230619:0709,0.0,62.0,0.0,24.79,17.86,0.41,0.0
20230619:0809,0.0,156.0,0.0,36.61,19.43,0.9,0.0
20230619:0909,27.0,331.0,0.0,48.52,21.36,1.17,0.0
20230619:1009,693.0,176.0,0.0,60.16,23.31,1.52,0.0
20230619:1109,788.0,175.0,0.0,70.56,24.81,1.45,0.0
20230619:1209,791.0,194.0,0.0,76.08,25.76,1.1,0.0
20230619:1309,766.0,193.0,0.0,71.55,26.37,1.03,0.0
20230619:1409,501.0,298.0,0.0,61.44,26.81,1.1,0.0
20230619:1509,372.0,286.0,0.0,49.88,25.94,1.72,0.0
20230619:1609,158.0,281.0,0.0,37.97,23.35,1.72,0.0
20230619:1709,92.0,196.0,0.0,26.13,24.23,1.24,0.0
20230619:1809,40.0,104.0,0.0,14.59,23.73,1.17,0.0
20230619:1909,9.0,17.83,0.0,3.59,22.77,0.9,0.0
20230619:2009,0.0,0.0,0.0,0.0,21.14,0.76,0.0
20230619:2109,0.0,0.0,0.0,0.0,20.1,0.83,0.0
20230619:2209,0.0,0.0,0.0,0.0,18.77,0.9,0.0
20230619:2309,0.0,0.0,0.0,0.0,16.87,1.24,0.0
20230620:0009,0.0,0.0,0.0,0.0,16.33,1.17,0.0
20230620:0109,0.0,0.0,0.0,0.0,15.91,1.03,0.0
20230620:0209,0.0,0.0,0.0,0.0,15.73,0.83,0.0
20230620:0309,0.0,0.0,0.0,0.0,15.56,0.69,0.0
20230620:0409,0.0,0.0,0.0,0.0,15.06,0.76,0.0
20230620:0509,0.0,1.0,0.0,2.36,14.75,0.76,0.0
20230620:0609,3.0,75.0,0.0,13.27,15.68,0.48,0.0
20230620:0709,13.0,166.0,0.0,24.76,17.53,0.07,0.0
20230620:0809,20.0,252.0,0.0,36.58,19.41,0.28,0.0
20230620:0909,513.0,196.0,0.0,48.49,21.32,0.28,0.0
20230620:1009,702.0,170.0,0.0,60.13,23.14,0.48,0.0
20230620:1109,759.0,192.0,0.0,70.53,24.18,0.55,0.0
20230620:1209,829.0,171.0,0.0,76.09,25.09,0.76,0.0
20230620:1309,803.0,170.0,0.0,71.59,25.18,1.1,0.0
20230620:1409,734.0,160.0,0.0,61.49,22.49,2.07,0.0
20230620:1509,658.0,126.0,0.0,49.92,22.31,1.17,0.0
20230620:1609,250.0,245.0,0.0,38.02,22.45,0.62,0.0
20230620:1709,196.0,157.0,0.0,26.18,22.75,0.14,0.0
20230620:1809,30.0,105.0,0.0,14.64,20.73,0.55,0.0
20230620:1909,1.0,14.82,0.0,3.64,20.82,1.03,0.0
20230620:2009,0.0,0.0,0.0,0.0,19.47,0.9,0.0
20230620:2109,0.0,0.0,0.0,0.0,19.11,0.62,0.0
20230620:2209,0.0,0.0,0.0,0.0,18.8,0.28,0.0
20230620:2309,0.0,0.0,0.0,0.0,18.09,0.28,0.0
20230621:0009,0.0,0.0,0.0,0.0,17.23,0.69,0.0
20230621:0109,0.0,0.0,0.0,0.0,16.08,1.03,0.0
20230621:0209,0.0,0.0,0.0,0.0,15.75,0.69,0.0
20230621:0309,0.0,0.0,0.0,0.0,15.55,0.97,0.0
20230621:0409,0.0,0.0,0.0,0.0,15.3,1.1,0.0
20230621:0509,0.0,1.0,0.0,2.32,14.99,1.24,0.0
20230621:0609,0.0,24.0,0.0,13.23,15.47,1.1,0.0
20230621:0709,0.0,45.0,0.0,24.72,17.53,0.69,0.0
20230621:0809,2.0,200.0,0.0,36.54,18.59,0.62,0.0
20230621:0909,463.0,224.0,0.0,48.45,19.12,0.97,0.0
20230621:1009,13.0,354.0,0.0,60.09,18.8,1.17,0.0
20230621:1109,513.0,336.0,0.0,70.5,18.98,1.38,0.0
20230621:1209,312.0,449.0,0.0,76.1,19.4,1.1,0.0
20230621:1309,1.0,314.0,0.0,71.62,20.38,1.03,0.0
20230621:1409,0.0,259.0,0.0,61.53,21.65,1.1,0.0
20230621:1509,44.0,353.0,0.0,49.97,21.54,0.9,0.0
20230621:1609,171.0,276.0,0.0,38.06,21.85,1.03,0.0
20230621:1709,81.0,198.0,0.0,26.22,21.9,0.76,0.0
20230621:1809,70.0,98.0,0.0,14.68,21.28,1.03,0.0
20230621:1909,0.0,11.0,0.0,3.68,19.64,0.48,0.0
20230621:2009,0.0,0.0,0.0,0.0,18.78,0.41,0.0
20230621:2109,0.0,0.0,0.0,0.0,17.86,0.21,0.0
20230621:2209,0.0,0.0,0.0,0.0,17.23,0.21,0.0
20230621:2309,0.0,0.0,0.0,0.0,16.51,0.41,0.0
20230622:0009,0.0,0.0,0.0,0.0,15.71,0.69,0.0
20230622:0109,0.0,0.0,0.0,0.0,14.74,0.9,0.0
20230622:0209,0.0,0.0,0.0,0.0,14.14,0.97,0.0
20230622:0309,0.0,0.0,0.0,0.0,13.97,0.9,0.0
20230622:0409,0.0,0.0,0.0,0.0,13.58,0.9,0.0
20230622:0509,0.0,10.0,0.0,2.28,13.03,0.97,0.0
20230622:0609,97.0,75.0,0.0,13.19,13.78,0.69,0.0
20230622:0709,249.0,119.0,0.0,24.68,16.76,0.14,0.0
20230622:0809,423.0,144.0,0.0,36.49,18.63,0.83,0.0
20230622:0909,590.0,157.0,0.0,48.41,20.5,0.9,0.0
20230622:1009,730.0,163.0,0.0,60.05,22.12,0.97,0.0
20230622:1109,817.0,168.0,0.0,70.47,23.61,0.69,0.0
20230622:1209,838.0,176.0,0.0,76.09,24.74,0.41,0.0
20230622:1309,859.0,150.0,0.0,71.65,25.61,0.21,0.0
20230622:1409,765.0,153.0,0.0,61.57,26.33,0.48,0.0
20230622:1509,643.0,141.0,0.0,50.01,26.5,0.76,0.0
20230622:1609,265.0,245.0,0.0,38.11,26.56,0.76,0.0
20230622:1709,139.0,187.0,0.0,26.26,26.23,0.76,0.0
20230622:1809,107.0,86.0,0.0,14.72,25.56,0.69,0.0
20230622:1909,3.0,18.33,0.0,3.72,23.93,0.9,0.0
20230622:2009,0.0,0.0,0.0,0.0,22.13,0.97,0.0
20230622:2109,0.0,0.0,0.0,0.0,20.28,1.24,0.0
20230622:2209,0.0,0.0,0.0,0.0,19.0,1.38,0.0
20230622:2309,0.0,0.0,0.0,0.0,17.92,1.45,0.0
20230623:0009,0.0,0.0,0.0,0.0,16.99,1.45,0.0
20230623:0109,0.0,0.0,0.0,0.0,16.3,1.45,0.0
20230623:0209,0.0,0.0,0.0,0.0,15.79,1.45,0.0
20230623:0309,0.0,0.0,0.0,0.0,15.41,1.38,0.0
20230623:0409,0.0,0.0,0.0,0.0,15.18,1.31,0.0
20230623:0509,0.0,10.0,0.0,2.24,14.8,1.31,0.0
20230623:0609,100.0,73.0,0.0,13.15,15.35,1.24,0.0
20230623:0709,241.0,121.0,0.0,24.63,18.95,1.38,0.0
20230623:0809,410.0,149.0,0.0,36.45,20.93,2.34,0.0
20230623:0909,575.0,163.0,0.0,48.36,22.55,2.76,0.0
20230623:1009,724.0,163.0,0.0,60.01,24.05,2.76,0.0
20230623:1109,811.0,168.0,0.0,70.43,25.34,2.69,0.0
20230623:1209,832.0,176.0,0.0,76.08,26.27,2.55,0.0
20230623:1309,841.0,157.0,0.0,71.68,26.82,2.48,0.0
20230623:1409,749.0,159.0,0.0,61.6,27.09,2.34,0.0
20230623:1509,613.0,155.0,0.0,50.05,27.09,2.41,0.0
20230623:1609,263.0,244.0,0.0,38.14,26.72,2.55,0.0
20230623:1709,148.0,183.0,0.0,26.3,25.96,2.62,0.0
20230623:1809,117.0,80.0,0.0,14.75,24.66,2.69,0.0
20230623:1909,4.0,19.07,0.0,3.75,23.28,2.34,0.0
20230623:2009,0.0,0.0,0.0,0.0,21.48,1.93,0.0
20230623:2109,0.0,0.0,0.0,0.0,19.98,1.59,0.0
20230623:2209,0.0,0.0,0.0,0.0,18.48,1.52,0.0
20230623:2309,0.0,0.0,0.0,0.0,17.26,1.45,0.0
20230624:0009,0.0,0.0,0.0,0.0,16.61,1.31,0.0
20230624:0109,0.0,0.0,0.0,0.0,16.21,1.17,0.0
20230624:0209,0.0,0.0,0.0,0.0,15.87,1.17,0.0
20230624:0309,0.0,0.0,0.0,0.0,15.55,1.17,0.0
20230624:0409,0.0,0.0,0.0,0.0,15.14,1.17,0.0
20230624:0509,0.0,10.0,0.0,2.19,14.61,1.31,0.0
20230624:0609,99.0,73.0,0.0,13.1,15.15,1.17,0.0
20230624:0709,247.0,118.0,0.0,24.58,19.19,1.24,0.0
20230624:0809,420.0,143.0,0.0,36.4,21.54,1.72,0.0
20230624:0909,577.0,163.0,0.0,48.31,23.45,1.93,0.0
20230624:1009,727.0,163.0,0.0,59.96,25.21,1.93,0.0
20230624:1109,814.0,168.0,0.0,70.39,26.67,1.72,0.0
20230624:1209,835.0,176.0,0.0,76.06,27.8,1.52,0.0
20230624:1309,845.0,156.0,0.0,71.69,28.59,1.31,0.0
20230624:1409,743.0,163.0,0.0,61.63,29.15,1.24,0.0
20230624:1509,608.0,159.0,0.0,50.08,29.47,1.24,0.0
20230624:1609,258.0,248.0,0.0,38.18,29.52,1.31,0.0
20230624:1709,146.0,185.0,0.0,26.33,29.14,1.45,0.0
20230624:1809,112.0,84.0,0.0,14.78,28.29,1.52,0.0
20230624:1909,4.0,19.08,0.0,3.78,26.35,1.38,0.0
20230624:2009,0.0,0.0,0.0,0.0,23.55,1.59,0.0
20230624:2109,0.0,0.0,0.0,0.0,21.4,1.52,0.0
20230624:2209,0.0,0.0,0.0,0.0,20.05,1.38,0.0
20230624:2309,0.0,0.0,0.0,0.0,19.05,1.31,0.0
20230625:0009,0.0,0.0,0.0,0.0,18.28,1.24,0.0
20230625:0109,0.0,0.0,0.0,0.0,17.76,1.17,0.0
20230625:0209,0.0,0.0,0.0,0.0,17.32,1.17,0.0
20230625:0309,0.0,0.0,0.0,0.0,17.12,1.17,0.0
20230625:0409,0.0,0.0,0.0,0.0,17.02,1.17,0.0
20230625:0509,0.0,10.0,0.0,2.14,16.96,1.24,0.0
20230625:0609,100.0,73.0,0.0,13.05,17.65,1.1,0.0
20230625:0709,244.0,120.0,0.0,24.53,21.71,0.83,0.0
20230625:0809,415.0,148.0,0.0,36.34,24.9,1.24,0.0
20230625:0909,581.0,162.0,0.0,48.26,26.7,1.52,0.0
20230625:1009,722.0,167.0,0.0,59.91,28.14,1.52,0.0
20230625:1109,819.0,168.0,0.0,70.34,29.31,1.24,0.0
20230625:1209,841.0,175.0,0.0,76.04,30.32,1.24,0.0
20230625:1309,828.0,168.0,0.0,71.7,31.11,1.72,0.0
20230625:1409,738.0,168.0,0.0,61.66,31.66,2.14,0.0
20230625:1509,603.0,164.0,0.0,50.11,31.8,2.28,0.0
20230625:1609,261.0,249.0,0.0,38.21,31.55,2.28,0.0
20230625:1709,155.0,183.0,0.0,26.36,30.84,1.86,0.0
20230625:1809,112.0,85.0,0.0,14.81,29.42,1.31,0.0
20230625:1909,4.0,20.04,0.0,3.8,27.51,1.59,0.0
20230625:2009,0.0,0.0,0.0,0.0,24.63,1.79,0.0
20230625:2109,0.0,0.0,0.0,0.0,23.0,1.59,0.0
20230625:2209,0.0,0.0,0.0,0.0,21.78,1.38,0.0
20230625:2309,0.0,0.0,0.0,0.0,20.59,1.38,0.0
20230626:0009,0.0,0.0,0.0,0.0,19.51,1.45,0.0
20230626:0109,0.0,0.0,0.0,0.0,18.6,1.52,0.0
20230626:0209,0.0,0.0,0.0,0.0,18.09,1.45,0.0
20230626:0309,0.0,0.0,0.0,0.0,17.71,1.52,0.0
20230626:0409,0.0,0.0,0.0,0.0,17.45,1.52,0.0
20230626:0509,0.0,10.0,0.0,2.09,17.31,1.52,0.0
20230626:0609,86.0,78.0,0.0,12.99,18.4,1.17,0.0
20230626:0709,228.0,126.0,0.0,24.47,22.73,0.83,0.0
20230626:0809,398.0,153.0,0.0,36.29,25.99,0.55,0.0
20230626:0909,570.0,163.0,0.0,48.2,27.73,0.34,0.0
20230626:1009,719.0,163.0,0.0,59.85,29.19,0.28,0.0
20230626:1109,806.0,168.0,0.0,70.29,30.34,0.55,0.0
20230626:1209,783.0,204.0,0.0,76.0,31.18,0.83,0.0
20230626:1309,612.0,292.0,0.0,71.71,31.55,0.97,0.0
20230626:1409,150.0,440.0,0.0,61.68,31.85,1.17,0.0
20230626:1509,285.0,332.0,0.0,50.14,31.35,1.1,0.0
20230626:1609,340.0,205.0,0.0,38.23,30.66,0.55,0.0
20230626:1709,134.0,188.0,0.0,26.38,28.91,1.38,0.0
20230626:1809,133.0,75.0,0.0,14.83,25.9,0.55,0.0
20230626:1909,4.0,20.05,0.0,3.82,26.02,1.1,0.0
20230626:2009,0.0,0.0,0.0,0.0,24.18,1.03,0.0
20230626:2109,0.0,0.0,0.0,0.0,22.47,1.17,0.0
20230626:2209,0.0,0.0,0.0,0.0,20.91,1.31,0.0
20230626:2309,0.0,0.0,0.0,0.0,19.62,1.45,0.0
20230627:0009,0.0,0.0,0.0,0.0,18.55,1.59,0.0
20230627:0109,0.0,0.0,0.0,0.0,17.92,1.59,0.0
20230627:0209,0.0,0.0,0.0,0.0,17.65,1.52,0.0
20230627:0309,0.0,0.0,0.0,0.0,17.57,1.45,0.0
20230627:0409,0.0,0.0,0.0,0.0,17.59,1.38,0.0
20230627:0509,0.0,9.0,0.0,2.03,17.58,1.38,0.0
20230627:0609,99.0,73.0,0.0,12.93,18.39,1.1,0.0
20230627:0709,248.0,117.0,0.0,24.41,22.5,0.69,0.0
20230627:0809,407.0,152.0,0.0,36.23,26.06,0.34,0.0
20230627:0909,570.0,169.0,0.0,48.14,27.53,0.28,0.0
20230627:1009,732.0,162.0,0.0,59.79,28.82,0.48,0.0
20230627:1109,854.0,149.0,0.0,70.23,29.93,0.83,0.0
20230627:1209,866.0,162.0,0.0,75.96,30.69,1.1,0.0
20230627:1309,790.0,191.0,0.0,71.71,31.27,1.38,0.0
20230627:1409,444.0,341.0,0.0,61.7,31.45,1.52,0.0
20230627:1509,529.0,211.0,0.0,50.16,31.3,1.72,0.0
20230627:1609,227.0,265.0,0.0,38.26,30.68,1.59,0.0
20230627:1709,115.0,198.0,0.0,26.41,29.21,1.1,0.0
20230627:1809,63.0,105.0,0.0,14.85,27.66,1.24,0.0
20230627:1909,2.0,18.57,0.0,3.83,26.72,1.38,0.0
20230627:2009,0.0,0.0,0.0,0.0,23.82,1.59,0.0
20230627:2109,0.0,0.0,0.0,0.0,21.66,1.59,0.0
20230627:2209,0.0,0.0,0.0,0.0,20.12,1.59,0.0
20230627:2309,0.0,0.0,0.0,0.0,18.87,1.59,0.0
20230628:0009,0.0,0.0,0.0,0.0,17.9,1.59,0.0
20230628:0109,0.0,0.0,0.0,0.0,17.18,1.59,0.0
20230628:0209,0.0,0.0,0.0,0.0,16.65,1.59,0.0
20230628:0309,0.0,0.0,0.0,0.0,16.23,1.59,0.0
20230628:0409,0.0,0.0,0.0,0.0,16.03,1.52,0.0
20230628:0509,0.0,7.0,0.0,1.97,15.83,1.45,0.0
20230628:0609,57.0,89.0,0.0,12.87,16.78,1.24,0.0
20230628:0709,210.0,139.0,0.0,24.35,21.6,0.83,0.0
20230628:0809,394.0,161.0,0.0,36.17,25.98,0.83,0.0
20230628:0909,585.0,161.0,0.0,48.08,27.8,0.9,0.0
20230628:1009,737.0,161.0,0.0,59.73,29.19,0.76,0.0
20230628:1109,848.0,155.0,0.0,70.17,30.3,0.76,0.0
20230628:1209,883.0,156.0,0.0,75.92,31.0,1.03,0.0
20230628:1309,721.0,237.0,0.0,71.7,31.36,1.24,0.0
20230628:1409,556.0,282.0,0.0,61.71,31.66,1.17,0.0
20230628:1509,231.0,360.0,0.0,50.18,31.28,0.97,0.0
20230628:1609,197.0,278.0,0.0,38.28,30.93,0.97,0.0
20230628:1709,105.0,201.0,0.0,26.42,29.8,0.83,0.0
20230628:1809,39.0,109.0,0.0,14.87,28.48,0.76,0.0
20230628:1909,4.0,19.1,0.0,3.84,28.76,0.14,0.0
20230628:2009,0.0,0.0,0.0,0.0,27.0,0.69,0.0
20230628:2109,0.0,0.0,0.0,0.0,23.67,1.24,0.0
20230628:2209,0.0,0.0,0.0,0.0,21.59,1.38,0.0
20230628:2309,0.0,0.0,0.0,0.0,20.14,1.52,0.0
20230629:0009,0.0,0.0,0.0,0.0,19.59,1.52,0.0
20230629:0109,0.0,0.0,0.0,0.0,19.47,1.52,0.0
20230629:0209,0.0,0.0,0.0,0.0,19.4,1.52,0.0
20230629:0309,0.0,0.0,0.0,0.0,19.48,1.45,0.0
20230629:0409,0.0,0.0,0.0,0.0,19.52,1.38,0.0
20230629:0509,0.0,7.0,0.0,1.9,19.21,1.38,0.0
20230629:0609,45.0,91.0,0.0,12.8,19.16,1.31,0.0
20230629:0709,151.0,165.0,0.0,24.29,22.01,0.9,0.0
20230629:0809,334.0,194.0,0.0,36.1,25.02,1.24,0.0
20230629:0909,571.0,168.0,0.0,48.02,26.68,1.52,0.0
20230629:1009,734.0,161.0,0.0,59.66,28.2,1.86,0.0
20230629:1109,822.0,167.0,0.0,70.1,29.21,2.34,0.0
20230629:1209,856.0,169.0,0.0,75.86,29.85,2.69,0.0
20230629:1309,867.0,149.0,0.0,71.69,30.47,3.03,0.0
20230629:1409,743.0,168.0,0.0,61.72,30.68,3.17,0.0
20230629:1509,585.0,178.0,0.0,50.19,30.85,3.24,0.0
20230629:1609,212.0,272.0,0.0,38.29,30.3,3.24,0.0
20230629:1709,136.0,191.0,0.0,26.44,29.42,2.62,0.0
20230629:1809,92.0,95.0,0.0,14.88,28.8,2.48,0.0
20230629:1909,4.0,19.1,0.0,3.84,27.44,2.21,0.0
20230629:2009,0.0,0.0,0.0,0.0,24.82,1.66,0.0
20230629:2109,0.0,0.0,0.0,0.0,23.83,1.45,0.0
20230629:2209,0.0,0.0,0.0,0.0,22.73,1.45,0.0
20230629:2309,0.0,0.0,0.0,0.0,21.33,1.59,0.0
20230630:0009,0.0,0.0,0.0,0.0,20.39,1.52,0.0
20230630:0109,0.0,0.0,0.0,0.0,19.81,1.38,0.0
20230630:0209,0.0,0.0,0.0,0.0,19.22,1.24,0.0
20230630:0309,0.0,0.0,0.0,0.0,18.05,1.31,0.0
20230630:0409,0.0,0.0,0.0,0.0,17.12,1.31,0.0
20230630:0509,0.0,6.0,0.0,1.83,16.1,1.38,0.0
20230630:0609,85.0,77.0,0.0,12.73,16.48,1.24,0.0
20230630:0709,235.0,124.0,0.0,24.22,21.24,0.9,0.0
20230630:0809,416.0,147.0,0.0,36.04,24.23,1.1,0.0
20230630:0909,584.0,161.0,0.0,47.95,25.65,1.03,0.0
20230630:1009,726.0,167.0,0.0,59.59,27.31,1.72,0.0
20230630:1109,0.0,0.0,0.0,0.0,28.47,2.48,0.0
20230630:1209,818.0,193.0,0.0,75.81,29.39,3.03,0.0
20230630:1309,825.0,173.0,0.0,71.67,29.81,3.38,0.0
20230630:1409,720.0,184.0,0.0,61.72,29.95,3.52,0.0
20230630:1509,611.0,164.0,0.0,50.2,29.66,3.45,0.0
20230630:1609,259.0,253.0,0.0,38.3,29.23,3.17,0.0
20230630:1709,147.0,189.0,0.0,26.45,28.58,2.76,0.0
20230630:1809,116.0,85.0,0.0,14.88,27.65,2.21,0.0
20230630:1909,6.0,20.51,0.0,3.84,26.27,1.59,0.0
20230630:2009,0.0,0.0,0.0,0.0,23.96,1.24,0.0
20230630:2109,0.0,0.0,0.0,0.0,22.73,1.1,0.0
20230630:2209,0.0,0.0,0.0,0.0,21.46,1.17,0.0
20230630:2309,0.0,0.0,0.0,0.0,20.25,1.24,0.0
20230701:0009,0.0,0.0,0.0,0.0,19.63,1.17,0.0
20230701:0109,0.0,0.0,0.0,0.0,19.22,1.03,0.0
20230701:0209,0.0,0.0,0.0,0.0,18.97,0.9,0.0
20230701:0309,0.0,0.0,0.0,0.0,18.71,0.76,0.0
20230701:0409,0.0,0.0,0.0,0.0,18.7,0.69,0.0
20230701:0509,0.0,6.0,0.0,1.75,18.73,0.55,0.0
20230701:0609,83.0,77.0,0.0,12.66,18.84,0.41,0.0
20230701:0709,225.0,128.0,0.0,24.15,19.44,0.9,0.0
20230701:0809,416.0,144.0,0.0,35.97,20.94,0.9,0.0
20230701:0909,584.0,158.0,0.0,47.88,22.78,0.76,0.0
20230701:1009,726.0,164.0,0.0,59.52,24.28,0.83,0.0
20230701:1109,800.0,178.0,0.0,69.95,25.66,0.97,0.0
20230701:1209,802.0,200.0,0.0,75.74,26.57,0.97,0.0
20230701:1309,811.0,178.0,0.0,71.65,27.46,1.1,0.0
20230701:1409,747.0,165.0,0.0,61.72,28.11,1.17,0.0
20230701:1509,612.0,161.0,0.0,50.2,28.52,1.24,0.0
20230701:1609,259.0,252.0,0.0,38.31,28.58,1.31,0.0
20230701:1709,259.0,134.0,0.0,26.45,28.47,1.17,0.0
20230701:1809,112.0,86.0,0.0,14.88,27.42,0.9,0.0
20230701:1909,4.0,19.1,0.0,3.84,26.38,1.17,0.0
20230701:2009,0.0,0.0,0.0,0.0,24.13,1.59,0.0
20230701:2109,0.0,0.0,0.0,0.0,22.33,1.72,0.0
20230701:2209,0.0,0.0,0.0,0.0,21.07,1.52,0.0
20230701:2309,0.0,0.0,0.0,0.0,20.13,1.38,0.0
20230702:0009,0.0,0.0,0.0,0.0,19.58,1.24,0.0
20230702:0109,0.0,0.0,0.0,0.0,18.98,1.1,0.0
20230702:0209,0.0,0.0,0.0,0.0,18.6,1.03,0.0
20230702:0309,0.0,0.0,0.0,0.0,18.14,0.97,0.0
20230702:0409,0.0,0.0,0.0,0.0,17.72,0.97,0.0
20230702:0509,0.0,4.0,0.0,1.68,17.44,1.03,0.0
20230702:0609,74.0,79.0,0.0,12.59,17.79,1.03,0.0
20230702:0709,221.0,125.0,0.0,24.07,20.25,0.97,0.0
20230702:0809,403.0,146.0,0.0,35.89,22.47,1.24,0.0
20230702:0909,569.0,159.0,0.0,47.81,24.3,1.52,0.0
20230702:1009,719.0,160.0,0.0,59.45,25.59,1.38,0.0
20230702:1109,768.0,188.0,0.0,69.87,26.26,1.1,0.0
20230702:1209,149.0,490.0,0.0,75.67,27.09,0.76,0.0
20230702:1309,326.0,435.0,0.0,71.62,28.0,0.69,0.0
20230702:1409,21.0,381.0,0.0,61.71,28.7,0.55,0.0
20230702:1509,597.0,163.0,0.0,50.21,28.54,0.41,0.0
20230702:1609,290.0,232.0,0.0,38.31,27.33,0.62,0.0
20230702:1709,143.0,186.0,0.0,26.45,26.18,0.48,0.0
20230702:1809,0.0,39.0,0.0,14.88,24.94,1.52,0.0
20230702:1909,0.0,3.0,0.0,3.83,24.91,0.9,0.0
20230702:2009,0.0,0.0,0.0,0.0,23.91,0.83,0.0
20230702:2109,0.0,0.0,0.0,0.0,22.65,0.83,0.0
20230702:2209,0.0,0.0,0.0,0.0,21.99,0.76,0.0
20230702:2309,0.0,0.0,0.0,0.0,21.08,0.9,0.0
20230703:0009,0.0,0.0,0.0,0.0,20.46,0.9,0.0
20230703:0109,0.0,0.0,0.0,0.0,20.06,0.9,0.0
20230703:0209,0.0,0.0,0.0,0.0,19.55,0.9,0.0
20230703:0309,0.0,0.0,0.0,0.0,19.17,0.9,0.0
20230703:0409,0.0,0.0,0.0,0.0,18.96,0.9,0.0
20230703:0509,0.0,4.0,0.0,1.59,18.69,0.97,0.0
20230703:0609,88.0,73.0,0.0,12.51,19.59,0.69,0.0
20230703:0709,246.0,112.0,0.0,24.0,21.65,0.41,0.0
20230703:0809,415.0,140.0,0.0,35.82,24.02,0.34,0.0
20230703:0909,584.0,153.0,0.0,47.73,25.51,0.28,0.0
20230703:1009,716.0,164.0,0.0,59.37,26.86,0.34,0.0
20230703:1109,790.0,178.0,0.0,69.78,27.72,0.55,0.0
20230703:1209,638.0,295.0,0.0,75.59,28.58,0.69,0.0
20230703:1309,241.0,466.0,0.0,71.58,29.52,0.97,0.0
20230703:1409,275.0,412.0,0.0,61.7,30.04,1.59,0.0
20230703:1509,132.0,379.0,0.0,50.2,30.55,1.93,0.0
20230703:1609,120.0,296.0,0.0,38.31,30.56,2.28,0.0
20230703:1709,231.0,147.0,0.0,26.45,29.84,2.69,0.0
20230703:1809,113.0,84.0,0.0,14.87,29.2,2.34,0.0
20230703:1909,5.0,19.8,0.0,3.81,28.24,1.79,0.0
20230703:2009,0.0,0.0,0.0,0.0,25.96,1.1,0.0
20230703:2109,0.0,0.0,0.0,0.0,25.74,0.76,0.0
20230703:2209,0.0,0.0,0.0,0.0,24.0,0.97,0.0
20230703:2309,0.0,0.0,0.0,0.0,22.18,1.17,0.0
20230704:0009,0.0,0.0,0.0,0.0,21.02,1.31,0.0
20230704:0109,0.0,0.0,0.0,0.0,20.4,1.38,0.0
20230704:0209,0.0,0.0,0.0,0.0,19.82,1.45,0.0
20230704:0309,0.0,0.0,0.0,0.0,19.25,1.45,0.0
20230704:0409,0.0,0.0,0.0,0.0,18.86,1.38,0.0
20230704:0509,0.0,5.0,0.0,1.51,18.47,1.31,0.0
20230704:0609,95.0,69.0,0.0,12.42,18.84,1.1,0.0
20230704:0709,257.0,108.0,0.0,23.92,21.78,1.24,0.0
20230704:0809,420.0,139.0,0.0,35.74,23.79,1.66,0.0
20230704:0909,580.0,159.0,0.0,47.65,25.33,1.93,0.0
20230704:1009,697.0,180.0,0.0,59.29,26.77,2.07,0.0
20230704:1109,783.0,187.0,0.0,69.69,28.02,2.28,0.0
20230704:1209,816.0,190.0,0.0,75.5,29.11,2.41,0.0
20230704:1309,809.0,179.0,0.0,71.54,29.9,2.69,0.0
20230704:1409,733.0,173.0,0.0,61.68,30.43,2.97,0.0
20230704:1509,621.0,156.0,0.0,50.19,30.62,3.03,0.0
20230704:1609,265.0,249.0,0.0,38.3,30.38,3.1,0.0
20230704:1709,259.0,133.0,0.0,26.44,29.78,3.1,0.0
20230704:1809,118.0,83.0,0.0,14.86,28.83,2.97,0.0
20230704:1909,5.0,19.8,0.0,3.79,27.54,2.41,0.0
20230704:2009,0.0,0.0,0.0,0.0,25.59,1.79,0.0
20230704:2109,0.0,0.0,0.0,0.0,23.85,1.31,0.0
20230704:2209,0.0,0.0,0.0,0.0,24.27,0.9,0.0
20230704:2309,0.0,0.0,0.0,0.0,23.39,0.9,0.0
20230705:0009,0.0,0.0,0.0,0.0,22.41,0.97,0.0
20230705:0109,0.0,0.0,0.0,0.0,21.41,1.03,0.0
20230705:0209,0.0,0.0,0.0,0.0,20.75,1.1,0.0
20230705:0309,0.0,0.0,0.0,0.0,20.36,1.1,0.0
20230705:0409,0.0,0.0,0.0,0.0,19.79,1.1,0.0
20230705:0509,0.0,4.0,0.0,1.42,18.54,1.17,0.0
20230705:0609,98.0,67.0,0.0,12.34,17.92,1.17,0.0
20230705:0709,0.0,0.0,0.0,0.0,21.38,0.48,0.0
20230705:0809,210.0,249.0,0.0,35.66,24.8,0.34,0.0
20230705:0909,420.0,251.0,0.0,47.57,26.41,0.41,0.0
20230705:1009,694.0,179.0,0.0,59.2,27.74,0.28,0.0
20230705:1109,764.0,197.0,0.0,69.6,28.89,0.34,0.0
20230705:1209,813.0,190.0,0.0,75.41,29.88,0.55,0.0
20230705:1309,820.0,171.0,0.0,71.49,30.66,0.83,0.0
20230705:1409,731.0,172.0,0.0,61.66,31.15,1.1,0.0
20230705:1509,586.0,176.0,0.0,50.18,31.17,1.52,0.0
20230705:1609,163.0,288.0,0.0,38.29,30.82,1.59,0.0
20230705:1709,194.0,166.0,0.0,26.43,29.99,1.66,0.0
20230705:1809,141.0,73.0,0.0,14.84,28.98,1.66,0.0
20230705:1909,10.0,18.58,0.0,3.77,28.15,1.52,0.0
20230705:2009,0.0,0.0,0.0,0.0,25.8,1.31,0.0
20230705:2109,0.0,0.0,0.0,0.0,24.02,1.31,0.0
20230705:2209,0.0,0.0,0.0,0.0,22.85,1.31,0.0
20230705:2309,0.0,0.0,0.0,0.0,22.39,1.17,0.0
20230706:0009,0.0,0.0,0.0,0.0,22.13,1.1,0.0
20230706:0109,0.0,0.0,0.0,0.0,21.94,0.97,0.0
20230706:0209,0.0,0.0,0.0,0.0,21.64,0.9,0.0
20230706:0309,0.0,0.0,0.0,0.0,21.21,0.9,0.0
20230706:0409,0.0,0.0,0.0,0.0,20.68,0.83,0.0
20230706:0509,0.0,0.0,0.0,0.0,19.16,0.97,0.0
20230706:0609,86.0,70.0,0.0,12.25,18.8,0.97,0.0
20230706:0709,231.0,117.0,0.0,23.75,21.37,0.41,0.0
20230706:0809,401.0,144.0,0.0,35.58,23.26,0.34,0.0
20230706:0909,556.0,166.0,0.0,47.49,25.08,0.55,0.0
20230706:1009,585.0,240.0,0.0,59.11,26.81,0.48,0.0
20230706:1109,753.0,198.0,0.0,69.5,28.09,0.48,0.0
20230706:1209,801.0,191.0,0.0,75.31,29.49,0.83,0.0
20230706:1309,809.0,171.0,0.0,71.43,30.45,1.38,0.0
20230706:1409,593.0,252.0,0.0,61.63,30.93,1.72,0.0
20230706:1509,484.0,232.0,0.0,50.16,30.61,1.79,0.0
20230706:1609,248.0,252.0,0.0,38.28,29.62,1.45,0.0
20230706:1709,267.0,125.0,0.0,26.41,29.01,1.31,0.0
20230706:1809,113.0,83.0,0.0,14.82,28.31,1.1,0.0
20230706:1909,4.0,19.07,0.0,3.74,27.38,0.62,0.0
20230706:2009,0.0,0.0,0.0,0.0,26.01,0.48,0.0
20230706:2109,0.0,0.0,0.0,0.0,25.0,0.41,0.0
20230706:2209,0.0,0.0,0.0,0.0,23.96,0.48,0.0
20230706:2309,0.0,0.0,0.0,0.0,22.62,0.76,0.0
20230707:0009,0.0,0.0,0.0,0.0,21.16,0.97,0.0
20230707:0109,0.0,0.0,0.0,0.0,20.15,1.03,0.0
20230707:0209,0.0,0.0,0.0,0.0,19.39,1.1,0.0
20230707:0309,0.0,0.0,0.0,0.0,19.0,1.1,0.0
20230707:0409,0.0,0.0,0.0,0.0,18.89,1.03,0.0
20230707:0509,0.0,0.0,0.0,0.0,18.53,0.97,0.0
20230707:0609,40.0,85.0,0.0,12.16,19.08,0.9,0.0
20230707:0709,220.0,121.0,0.0,23.66,20.95,0.83,0.0
20230707:0809,413.0,136.0,0.0,35.49,22.98,0.76,0.0
20230707:0909,553.0,166.0,0.0,47.4,25.29,0.76,0.0
20230707:1009,694.0,171.0,0.0,59.02,27.18,0.62,0.0
20230707:1109,793.0,171.0,0.0,69.4,28.5,0.48,0.0
20230707:1209,814.0,181.0,0.0,75.2,29.68,0.48,0.0
20230707:1309,806.0,172.0,0.0,71.37,30.57,0.55,0.0
20230707:1409,603.0,245.0,0.0,61.6,31.17,1.17,0.0
20230707:1509,575.0,176.0,0.0,50.14,31.23,1.52,0.0
20230707:1609,259.0,246.0,0.0,38.26,30.27,1.38,0.0
20230707:1709,251.0,133.0,0.0,26.39,29.9,1.52,0.0
20230707:1809,108.0,85.0,0.0,14.79,28.85,1.24,0.0
20230707:1909,4.0,19.06,0.0,3.7,27.96,1.45,0.0
20230707:2009,0.0,0.0,0.0,0.0,26.11,1.17,0.0
20230707:2109,0.0,0.0,0.0,0.0,24.32,1.03,0.0
20230707:2209,0.0,0.0,0.0,0.0,22.83,1.03,0.0
20230707:2309,0.0,0.0,0.0,0.0,21.43,1.24,0.0
20230708:0009,0.0,0.0,0.0,0.0,20.61,1.24,0.0
20230708:0109,0.0,0.0,0.0,0.0,20.26,1.1,0.0
20230708:0209,0.0,0.0,0.0,0.0,20.29,0.9,0.0
20230708:0309,0.0,0.0,0.0,0.0,19.82,0.76,0.0
20230708:0409,0.0,0.0,0.0,0.0,19.14,0.76,0.0
20230708:0509,0.0,0.0,0.0,0.0,18.51,0.76,0.0
20230708:0609,81.0,71.0,0.0,12.07,18.53,0.62,0.0
20230708:0709,221.0,121.0,0.0,23.57,20.73,0.0,0.0
20230708:0809,400.0,144.0,0.0,35.4,23.38,0.34,0.0
20230708:0909,556.0,165.0,0.0,47.31,25.59,0.48,0.0
20230708:1009,684.0,179.0,0.0,58.93,27.55,0.48,0.0
20230708:1109,784.0,178.0,0.0,69.29,29.3,0.55,0.0
20230708:1209,803.0,190.0,0.0,75.09,30.82,0.97,0.0
20230708:1309,797.0,179.0,0.0,71.3,31.93,1.24,0.0
20230708:1409,734.0,166.0,0.0,61.56,32.68,1.45,0.0
20230708:1509,611.0,156.0,0.0,50.12,32.92,1.52,0.0
20230708:1609,254.0,250.0,0.0,38.23,32.73,1.45,0.0
20230708:1709,248.0,136.0,0.0,26.36,32.06,1.1,0.0
20230708:1809,109.0,85.0,0.0,14.76,30.97,0.55,0.0
20230708:1909,3.0,17.36,0.0,3.66,29.87,0.69,0.0
20230708:2009,0.0,0.0,0.0,0.0,27.7,0.83,0.0
20230708:2109,0.0,0.0,0.0,0.0,26.12,0.9,0.0
20230708:2209,0.0,0.0,0.0,0.0,25.35,0.9,0.0
20230708:2309,0.0,0.0,0.0,0.0,24.59,0.9,0.0
20230709:0009,0.0,0.0,0.0,0.0,22.77,1.03,0.0
20230709:0109,0.0,0.0,0.0,0.0,22.05,1.03,0.0
20230709:0209,0.0,0.0,0.0,0.0,21.18,1.1,0.0
20230709:0309,0.0,0.0,0.0,0.0,20.25,1.17,0.0
20230709:0409,0.0,0.0,0.0,0.0,19.88,1.1,0.0
20230709:0509,0.0,0.0,0.0,0.0,19.99,0.9,0.0
20230709:0609,51.0,81.0,0.0,11.97,20.08,0.76,0.0
20230709:0709,212.0,125.0,0.0,23.48,22.74,0.48,0.0
20230709:0809,385.0,153.0,0.0,35.31,25.96,0.14,0.0
20230709:0909,617.0,133.0,0.0,47.22,28.13,0.97,0.0
20230709:1009,685.0,179.0,0.0,58.83,30.27,1.1,0.0
20230709:1109,785.0,178.0,0.0,69.18,32.18,1.52,0.0
20230709:1209,804.0,191.0,0.0,74.97,33.77,2.0,0.0
20230709:1309,798.0,179.0,0.0,71.22,34.94,2.48,0.0
20230709:1409,710.0,181.0,0.0,61.52,35.57,2.69,0.0
20230709:1509,591.0,169.0,0.0,50.09,35.85,2.9,0.0
20230709:1609,243.0,256.0,0.0,38.21,35.7,2.76,0.0
20230709:1709,216.0,153.0,0.0,26.33,35.04,2.34,0.0
20230709:1809,126.0,77.0,0.0,14.72,33.98,1.31,0.0
20230709:1909,0.0,3.0,0.0,3.62,32.38,0.07,0.0
20230709:2009,0.0,0.0,0.0,0.0,31.04,0.0,0.0
20230709:2109,0.0,0.0,0.0,0.0,29.6,0.41,0.0
20230709:2209,0.0,0.0,0.0,0.0,28.16,0.9,0.0
20230709:2309,0.0,0.0,0.0,0.0,25.66,1.17,0.0
20230710:0009,0.0,0.0,0.0,0.0,23.59,1.38,0.0
20230710:0109,0.0,0.0,0.0,0.0,22.46,1.38,0.0
20230710:0209,0.0,0.0,0.0,0.0,21.26,1.52,0.0
20230710:0309,0.0,0.0,0.0,0.0,20.2,1.59,0.0
20230710:0409,0.0,0.0,0.0,0.0,19.36,1.66,0.0
20230710:0509,0.0,0.0,0.0,0.0,18.7,1.72,0.0
20230710:0609,65.0,76.0,0.0,11.87,19.38,1.52,0.0
20230710:0709,201.0,131.0,0.0,23.39,24.24,0.9,0.0
20230710:0809,372.0,161.0,0.0,35.22,28.91,0.97,0.0
20230710:0909,559.0,165.0,0.0,47.13,31.53,1.38,0.0
20230710:1009,613.0,226.0,0.0,58.73,33.52,1.59,0.0
20230710:1109,690.0,240.0,0.0,69.07,35.19,2.21,0.0
20230710:1209,793.0,200.0,0.0,74.85,36.25,2.69,0.0
20230710:1309,788.0,188.0,0.0,71.14,36.74,2.83,0.0
20230710:1409,700.0,190.0,0.0,61.47,36.31,2.48,0.0
20230710:1509,583.0,176.0,0.0,50.05,35.92,1.52,0.0
20230710:1609,239.0,258.0,0.0,38.17,35.91,1.24,0.0
20230710:1709,213.0,156.0,0.0,26.29,35.5,0.69,0.0
20230710:1809,87.0,95.0,0.0,14.68,34.86,0.14,0.0
20230710:1909,4.0,19.03,0.0,3.56,32.74,1.17,0.0
20230710:2009,0.0,0.0,0.0,0.0,30.2,1.1,0.0
20230710:2109,0.0,0.0,0.0,0.0,27.76,1.31,0.0
20230710:2209,0.0,0.0,0.0,0.0,25.68,1.52,0.0
20230710:2309,0.0,0.0,0.0,0.0,23.87,1.66,0.0
20230711:0009,0.0,0.0,0.0,0.0,22.29,1.72,0.0
20230711:0109,0.0,0.0,0.0,0.0,20.98,1.79,0.0
20230711:0209,0.0,0.0,0.0,0.0,20.09,1.79,0.0
20230711:0309,0.0,0.0,0.0,0.0,19.55,1.79,0.0
20230711:0409,0.0,0.0,0.0,0.0,19.3,1.79,0.0
20230711:0509,0.0,0.0,0.0,0.0,19.12,1.79,0.0
20230711:0609,56.0,79.0,0.0,11.77,19.84,1.66,0.0
20230711:0709,197.0,132.0,0.0,23.29,24.45,1.17,0.0
20230711:0809,358.0,168.0,0.0,35.13,30.63,0.97,0.0
20230711:0909,397.0,259.0,0.0,47.04,33.57,0.76,0.0
20230711:1009,345.0,369.0,0.0,58.63,35.32,0.55,0.0
20230711:1109,223.0,464.0,0.0,68.95,36.56,1.1,0.0
20230711:1209,0.0,91.0,0.0,74.71,37.05,2.14,0.0
20230711:1309,0.0,174.0,0.0,71.05,35.92,3.52,0.0
20230711:1409,0.0,105.0,0.0,61.42,33.74,2.62,0.0
20230711:1509,0.0,69.0,0.0,50.01,34.82,1.59,0.0
20230711:1609,0.0,54.0,0.0,38.13,34.81,2.21,0.0
20230711:1709,172.0,175.0,0.0,26.25,33.75,2.76,0.0
20230711:1809,54.0,106.0,0.0,14.63,32.67,1.45,0.0
20230711:1909,0.0,12.0,0.0,3.51,31.27,0.83,0.0
20230711:2009,0.0,0.0,0.0,0.0,30.41,0.55,0.0
20230711:2109,0.0,0.0,0.0,0.0,29.23,0.28,0.0
20230711:2209,0.0,0.0,0.0,0.0,28.19,0.83,0.0
20230711:2309,0.0,0.0,0.0,0.0,25.85,1.24,0.0
20230712:0009,0.0,0.0,0.0,0.0,24.15,1.45,0.0
20230712:0109,0.0,0.0,0.0,0.0,22.77,1.52,0.0
20230712:0209,0.0,0.0,0.0,0.0,21.5,1.59,0.0
20230712:0309,0.0,0.0,0.0,0.0,20.35,1.66,0.0
20230712:0409,0.0,0.0,0.0,0.0,19.53,1.66,0.0
20230712:0509,0.0,0.0,0.0,0.0,18.98,1.66,0.0
20230712:0609,56.0,78.0,0.0,11.67,19.59,1.38,0.0
20230712:0709,191.0,136.0,0.0,23.19,24.05,0.76,0.0
20230712:0809,382.0,156.0,0.0,35.03,28.63,0.9,0.0
20230712:0909,542.0,178.0,0.0,46.94,30.64,1.38,0.0
20230712:1009,694.0,178.0,0.0,58.53,32.2,1.79,0.0
20230712:1109,796.0,177.0,0.0,68.82,33.54,2.14,0.0
20230712:1209,816.0,189.0,0.0,74.58,34.6,2.55,0.0
20230712:1309,835.0,164.0,0.0,70.96,35.3,3.03,0.0
20230712:1409,569.0,273.0,0.0,61.36,35.59,3.45,0.0
20230712:1509,589.0,176.0,0.0,49.96,35.45,3.66,0.0
20230712:1609,376.0,191.0,0.0,38.09,34.86,3.45,0.0
20230712:1709,239.0,143.0,0.0,26.21,34.01,3.24,0.0
20230712:1809,106.0,87.0,0.0,14.58,32.69,2.62,0.0
20230712:1909,5.0,17.8,0.0,3.45,31.25,1.79,0.0
20230712:2009,0.0,0.0,0.0,0.0,28.69,1.1,0.0
20230712:2109,0.0,0.0,0.0,0.0,28.42,0.76,0.0
20230712:2209,0.0,0.0,0.0,0.0,27.07,0.83,0.0
20230712:2309,0.0,0.0,0.0,0.0,24.71,1.24,0.0
20230713:0009,0.0,0.0,0.0,0.0,22.57,1.45,0.0
20230713:0109,0.0,0.0,0.0,0.0,21.43,1.59,0.0
20230713:0209,0.0,0.0,0.0,0.0,21.07,1.52,0.0
20230713:0309,0.0,0.0,0.0,0.0,20.94,1.45,0.0
20230713:0409,0.0,0.0,0.0,0.0,21.03,1.38,0.0
20230713:0509,0.0,0.0,0.0,0.0,20.79,1.31,0.0
20230713:0609,91.0,64.0,0.0,11.56,20.48,1.24,0.0
20230713:0709,248.0,107.0,0.0,23.09,22.6,0.69,0.0
20230713:0809,422.0,136.0,0.0,34.94,26.79,0.97,0.0
20230713:0909,564.0,170.0,0.0,46.84,28.67,0.83,0.0
20230713:1009,693.0,186.0,0.0,58.42,30.49,0.97,0.0
20230713:1109,765.0,205.0,0.0,68.7,32.04,1.52,0.0
20230713:1209,784.0,218.0,0.0,74.43,33.26,2.07,0.0
20230713:1309,779.0,207.0,0.0,70.86,34.11,2.55,0.0
20230713:1409,721.0,189.0,0.0,61.29,34.55,2.9,0.0
20230713:1509,613.0,167.0,0.0,49.91,34.59,2.97,0.0
20230713:1609,408.0,178.0,0.0,38.04,34.22,2.83,0.0
20230713:1709,266.0,131.0,0.0,26.16,33.45,2.62,0.0
20230713:1809,126.0,78.0,0.0,14.52,32.25,2.07,0.0
20230713:1909,4.0,18.03,0.0,3.38,30.82,1.38,0.0
20230713:2009,0.0,0.0,0.0,0.0,28.7,0.62,0.0
20230713:2109,0.0,0.0,0.0,0.0,27.79,0.34,0.0
20230713:2209,0.0,0.0,0.0,0.0,25.63,0.9,0.0
20230713:2309,0.0,0.0,0.0,0.0,23.69,1.1,0.0
20230714:0009,0.0,0.0,0.0,0.0,22.93,0.97,0.0
20230714:0109,0.0,0.0,0.0,0.0,22.37,0.9,0.0
20230714:0209,0.0,0.0,0.0,0.0,21.81,0.9,0.0
20230714:0309,0.0,0.0,0.0,0.0,20.85,0.97,0.0
20230714:0409,0.0,0.0,0.0,0.0,20.17,1.03,0.0
20230714:0509,0.0,0.0,0.0,0.0,19.66,1.1,0.0
20230714:0609,83.0,66.0,0.0,11.45,19.58,1.1,0.0
20230714:0709,241.0,108.0,0.0,22.99,22.9,0.48,0.0
20230714:0809,414.0,137.0,0.0,34.84,26.28,0.55,0.0
20230714:0909,555.0,170.0,0.0,46.74,27.94,0.62,0.0
20230714:1009,670.0,195.0,0.0,58.31,29.47,0.62,0.0
20230714:1109,755.0,205.0,0.0,68.57,31.17,0.9,0.0
20230714:1209,789.0,209.0,0.0,74.29,32.61,1.45,0.0
20230714:1309,799.0,188.0,0.0,70.75,33.73,2.14,0.0
20230714:1409,725.0,180.0,0.0,61.22,34.34,2.62,0.0
20230714:1509,616.0,160.0,0.0,49.86,34.35,2.9,0.0
20230714:1609,442.0,153.0,0.0,37.99,33.89,2.9,0.0
20230714:1709,270.0,127.0,0.0,26.1,33.24,2.76,0.0
20230714:1809,115.0,82.0,0.0,14.46,32.14,2.34,0.0
20230714:1909,3.0,16.33,0.0,3.31,30.71,1.66,0.0
20230714:2009,0.0,0.0,0.0,0.0,28.49,1.31,0.0
20230714:2109,0.0,0.0,0.0,0.0,26.62,1.1,0.0
20230714:2209,0.0,0.0,0.0,0.0,25.22,1.17,0.0
20230714:2309,0.0,0.0,0.0,0.0,24.44,1.17,0.0
20230715:0009,0.0,0.0,0.0,0.0,23.16,1.24,0.0
20230715:0109,0.0,0.0,0.0,0.0,21.63,1.31,0.0
20230715:0209,0.0,0.0,0.0,0.0,20.51,1.38,0.0
20230715:0309,0.0,0.0,0.0,0.0,19.75,1.38,0.0
20230715:0409,0.0,0.0,0.0,0.0,19.35,1.31,0.0
20230715:0509,0.0,0.0,0.0,0.0,18.91,1.24,0.0
20230715:0609,85.0,63.0,0.0,11.34,19.08,1.1,0.0
20230715:0709,236.0,108.0,0.0,22.89,21.67,0.76,0.0
20230715:0809,414.0,134.0,0.0,34.73,24.76,0.9,0.0
20230715:0909,548.0,171.0,0.0,46.64,27.0,0.83,0.0
20230715:1009,689.0,178.0,0.0,58.2,29.05,1.1,0.0
20230715:1109,762.0,196.0,0.0,68.43,31.0,1.86,0.0
20230715:1209,766.0,219.0,0.0,74.13,32.47,2.55,0.0
20230715:1309,777.0,197.0,0.0,70.63,33.3,3.03,0.0
20230715:1409,704.0,190.0,0.0,61.14,33.58,3.24,0.0
20230715:1509,609.0,161.0,0.0,49.79,33.52,3.31,0.0
20230715:1609,436.0,154.0,0.0,37.93,33.03,3.24,0.0
20230715:1709,266.0,126.0,0.0,26.04,32.23,2.97,0.0
20230715:1809,106.0,85.0,0.0,14.4,31.1,2.55,0.0
20230715:1909,2.0,14.6,0.0,3.23,29.58,2.14,0.0
20230715:2009,0.0,0.0,0.0,0.0,27.55,1.86,0.0
20230715:2109,0.0,0.0,0.0,0.0,25.22,1.38,0.0
20230715:2209,0.0,0.0,0.0,0.0,23.9,1.1,0.0
20230715:2309,0.0,0.0,0.0,0.0,24.03,0.76,0.0
20230716:0009,0.0,0.0,0.0,0.0,23.11,0.62,0.0
20230716:0109,0.0,0.0,0.0,0.0,22.24,0.76,0.0
20230716:0209,0.0,0.0,0.0,0.0,21.46,0.83,0.0
20230716:0309,0.0,0.0,0.0,0.0,20.91,0.9,0.0
20230716:0409,0.0,0.0,0.0,0.0,20.4,0.83,0.0
20230716:0509,0.0,0.0,0.0,0.0,19.88,0.83,0.0
20230716:0609,5.0,68.0,0.0,11.23,19.48,0.76,0.0
20230716:0709,130.0,158.0,0.0,22.78,21.79,0.55,0.0
20230716:0809,65.0,269.0,0.0,34.63,25.83,0.62,0.0
20230716:0909,269.0,315.0,0.0,46.53,28.35,1.03,0.0
20230716:1009,691.0,171.0,0.0,58.08,30.6,1.31,0.0
20230716:1109,532.0,326.0,0.0,68.29,32.39,1.86,0.0
20230716:1209,149.0,489.0,0.0,73.97,33.88,2.41,0.0
20230716:1309,43.0,443.0,0.0,70.51,34.87,2.83,0.0
20230716:1409,25.0,387.0,0.0,61.06,35.35,3.24,0.0
20230716:1509,140.0,376.0,0.0,49.73,35.41,3.45,0.0
20230716:1609,138.0,290.0,0.0,37.87,34.92,2.97,0.0
20230716:1709,226.0,145.0,0.0,25.98,34.39,2.55,0.0
20230716:1809,96.0,87.0,0.0,14.32,33.45,1.72,0.0
20230716:1909,1.0,14.79,0.0,3.15,31.89,0.41,0.0
20230716:2009,0.0,0.0,0.0,0.0,29.92,0.48,0.0
20230716:2109,0.0,0.0,0.0,0.0,27.72,0.9,0.0
20230716:2209,0.0,0.0,0.0,0.0,25.2,1.24,0.0
20230716:2309,0.0,0.0,0.0,0.0,23.13,1.45,0.0
20230717:0009,0.0,0.0,0.0,0.0,21.7,1.52,0.0
20230717:0109,0.0,0.0,0.0,0.0,20.64,1.59,0.0
20230717:0209,0.0,0.0,0.0,0.0,19.84,1.66,0.0
20230717:0309,0.0,0.0,0.0,0.0,19.3,1.72,0.0
20230717:0409,0.0,0.0,0.0,0.0,18.96,1.72,0.0
20230717:0509,0.0,0.0,0.0,0.0,18.59,1.79,0.0
20230717:0609,71.0,68.0,0.0,11.12,18.94,1.72,0.0
20230717:0709,219.0,117.0,0.0,22.67,22.99,1.31,0.0
20230717:0809,386.0,151.0,0.0,34.53,28.06,1.66,0.0
20230717:0909,551.0,170.0,0.0,46.42,31.05,1.93,0.0
20230717:1009,667.0,194.0,0.0,57.96,33.26,2.28,0.0
20230717:1109,752.0,205.0,0.0,68.15,34.9,2.55,0.0
20230717:1209,772.0,218.0,0.0,73.8,35.76,3.03,0.0
20230717:1309,752.0,216.0,0.0,70.38,36.25,3.31,0.0
20230717:1409,696.0,197.0,0.0,60.97,36.41,3.31,0.0
20230717:1509,602.0,168.0,0.0,49.66,36.44,3.24,0.0
20230717:1609,440.0,153.0,0.0,37.8,36.16,3.1,0.0
20230717:1709,263.0,128.0,0.0,25.91,35.46,2.9,0.0
20230717:1809,113.0,81.0,0.0,14.25,33.93,2.69,0.0
20230717:1909,3.0,14.36,0.0,3.06,31.85,2.14,0.0
20230717:2009,0.0,0.0,0.0,0.0,29.16,1.79,0.0
20230717:2109,0.0,0.0,0.0,0.0,26.57,1.66,0.0
20230717:2209,0.0,0.0,0.0,0.0,24.12,1.72,0.0
20230717:2309,0.0,0.0,0.0,0.0,22.29,1.79,0.0
20230718:0009,0.0,0.0,0.0,0.0,21.21,1.72,0.0
20230718:0109,0.0,0.0,0.0,0.0,20.6,1.72,0.0
20230718:0209,0.0,0.0,0.0,0.0,20.25,1.59,0.0
20230718:0309,0.0,0.0,0.0,0.0,20.16,1.45,0.0
20230718:0409,0.0,0.0,0.0,0.0,19.53,1.45,0.0
20230718:0509,0.0,0.0,0.0,0.0,18.48,1.59,0.0
20230718:0609,75.0,65.0,0.0,11.0,18.37,1.59,0.0
20230718:0709,234.0,107.0,0.0,22.56,23.63,0.9,0.0
20230718:0809,407.0,136.0,0.0,34.42,29.03,0.97,0.0
20230718:0909,549.0,169.0,0.0,46.32,31.69,1.03,0.0
20230718:1009,665.0,194.0,0.0,57.84,33.58,0.83,0.0
20230718:1109,765.0,195.0,0.0,68.0,34.95,0.55,0.0
20230718:1209,784.0,209.0,0.0,73.63,35.96,0.28,0.0
20230718:1309,780.0,197.0,0.0,70.25,36.58,0.07,0.0
20230718:1409,399.0,363.0,0.0,60.88,36.9,0.34,0.0
20230718:1509,40.0,357.0,0.0,49.58,36.95,0.55,0.0
20230718:1609,324.0,218.0,0.0,37.73,36.62,0.55,0.0
20230718:1709,192.0,165.0,0.0,25.83,35.82,0.97,0.0
20230718:1809,41.0,105.0,0.0,14.17,34.69,1.52,0.0
20230718:1909,2.0,13.59,0.0,2.97,33.47,1.24,0.0
20230718:2009,0.0,0.0,0.0,0.0,30.96,1.24,0.0
20230718:2109,0.0,0.0,0.0,0.0,28.45,1.45,0.0
20230718:2209,0.0,0.0,0.0,0.0,26.89,1.52,0.0
20230718:2309,0.0,0.0,0.0,0.0,25.81,1.52,0.0
20230719:0009,0.0,0.0,0.0,0.0,25.02,1.45,0.0
20230719:0109,0.0,0.0,0.0,0.0,24.43,1.38,0.0
20230719:0209,0.0,0.0,0.0,0.0,24.21,1.17,0.0
20230719:0309,0.0,0.0,0.0,0.0,23.66,1.1,0.0
20230719:0409,0.0,0.0,0.0,0.0,23.25,1.1,0.0
20230719:0509,0.0,0.0,0.0,0.0,22.98,1.03,0.0
20230719:0609,45.0,73.0,0.0,10.88,22.87,0.97,0.0
20230719:0709,168.0,136.0,0.0,22.45,25.24,0.62,0.0
20230719:0809,233.0,223.0,0.0,34.31,28.6,1.24,0.0
20230719:0909,500.0,189.0,0.0,46.2,30.66,1.66,0.0
20230719:1009,466.0,299.0,0.0,57.72,32.19,1.66,0.0
20230719:1109,648.0,255.0,0.0,67.85,33.18,1.66,0.0
20230719:1209,762.0,210.0,0.0,73.45,34.01,1.66,0.0
20230719:1309,743.0,207.0,0.0,70.11,34.65,1.59,0.0
20230719:1409,647.0,214.0,0.0,60.78,35.24,1.93,0.0
20230719:1509,518.0,207.0,0.0,49.5,35.17,1.93,0.0
20230719:1609,16.0,256.0,0.0,37.65,34.68,2.07,0.0
20230719:1709,0.0,39.0,0.0,25.75,33.37,2.14,0.0
20230719:1809,84.0,90.0,0.0,14.08,32.31,1.66,0.0
20230719:1909,2.0,13.58,0.0,2.87,31.75,0.76,0.0
20230719:2009,0.0,0.0,0.0,0.0,29.97,0.55,0.0
20230719:2109,0.0,0.0,0.0,0.0,29.1,0.34,0.0
20230719:2209,0.0,0.0,0.0,0.0,28.07,0.48,0.0
20230719:2309,0.0,0.0,0.0,0.0,27.03,0.76,0.0
20230720:0009,0.0,0.0,0.0,0.0,25.66,0.97,0.0
20230720:0109,0.0,0.0,0.0,0.0,23.84,1.24,0.0
20230720:0209,0.0,0.0,0.0,0.0,22.57,1.38,0.0
20230720:0309,0.0,0.0,0.0,0.0,21.78,1.38,0.0
20230720:0409,0.0,0.0,0.0,0.0,21.58,1.31,0.0
20230720:0509,0.0,0.0,0.0,0.0,21.03,1.24,0.0
20230720:0609,0.0,32.0,0.0,10.76,21.47,1.03,0.0
20230720:0709,192.0,121.0,0.0,22.34,24.3,0.83,0.0
20230720:0809,184.0,240.0,0.0,34.2,27.14,0.83,0.0
20230720:0909,189.0,336.0,0.0,46.09,29.61,1.03,0.0
20230720:1009,8.0,328.0,0.0,57.6,31.64,1.79,0.0
20230720:1109,602.0,276.0,0.0,67.7,32.72,2.9,0.0
20230720:1209,270.0,458.0,0.0,73.27,32.62,2.9,0.0
20230720:1309,530.0,328.0,0.0,69.96,32.62,3.31,0.0
20230720:1409,469.0,313.0,0.0,60.67,29.79,3.17,0.0
20230720:1509,480.0,225.0,0.0,49.41,30.06,1.52,0.0
20230720:1609,390.0,169.0,0.0,37.57,31.44,2.76,0.0
20230720:1709,208.0,148.0,0.0,25.67,29.41,3.31,0.0
20230720:1809,3.0,80.0,0.0,13.99,29.01,1.86,0.0
20230720:1909,0.0,7.0,0.0,2.77,28.05,0.41,0.0
20230720:2009,0.0,0.0,0.0,0.0,27.1,0.28,0.0
20230720:2109,0.0,0.0,0.0,0.0,26.29,0.21,0.0
20230720:2209,0.0,0.0,0.0,0.0,24.8,0.83,0.0
20230720:2309,0.0,0.0,0.0,0.0,23.13,1.1,0.0
20230721:0009,0.0,0.0,0.0,0.0,22.13,1.17,0.0
20230721:0109,0.0,0.0,0.0,0.0,21.17,1.31,0.0
20230721:0209,0.0,0.0,0.0,0.0,20.39,1.31,0.0
20230721:0309,0.0,0.0,0.0,0.0,19.71,1.31,0.0
20230721:0409,0.0,0.0,0.0,0.0,19.23,1.24,0.0
20230721:0509,0.0,0.0,0.0,0.0,18.54,1.24,0.0
20230721:0609,75.0,60.0,0.0,10.64,18.47,1.03,0.0
20230721:0709,226.0,106.0,0.0,22.22,20.59,0.97,0.0
20230721:0809,390.0,141.0,0.0,34.09,23.15,1.31,0.0
20230721:0909,539.0,170.0,0.0,45.98,25.25,1.31,0.0
20230721:1009,668.0,186.0,0.0,57.47,27.45,1.1,0.0
20230721:1109,633.0,270.0,0.0,67.54,29.42,1.03,0.0
20230721:1209,731.0,236.0,0.0,73.08,30.92,1.52,0.0
20230721:1309,0.0,102.0,0.0,69.8,31.91,2.34,0.0
20230721:1409,0.0,120.0,0.0,60.56,32.35,3.03,0.0
20230721:1509,1.0,244.0,0.0,49.31,31.96,3.38,0.0
20230721:1609,0.0,104.0,0.0,37.48,30.5,3.1,0.0
20230721:1709,11.0,173.0,0.0,25.58,29.02,2.48,0.0
20230721:1809,15.0,97.0,0.0,13.89,28.16,1.66,0.0
20230721:1909,0.0,2.0,0.0,2.66,27.85,1.17,0.0
20230721:2009,0.0,0.0,0.0,0.0,25.67,0.69,0.0
20230721:2109,0.0,0.0,0.0,0.0,24.19,0.9,0.0
20230721:2209,0.0,0.0,0.0,0.0,23.24,1.03,0.0
20230721:2309,0.0,0.0,0.0,0.0,22.26,1.1,0.0
20230722:0009,0.0,0.0,0.0,0.0,21.6,1.1,0.0
20230722:0109,0.0,0.0,0.0,0.0,21.09,1.03,0.0
20230722:0209,0.0,0.0,0.0,0.0,20.93,0.97,0.0
20230722:0309,0.0,0.0,0.0,0.0,20.42,0.9,0.0
20230722:0409,0.0,0.0,0.0,0.0,19.92,0.97,0.0
20230722:0509,0.0,0.0,0.0,0.0,18.9,1.1,0.0
20230722:0609,75.0,59.0,0.0,10.51,18.72,0.97,0.0
20230722:0709,219.0,106.0,0.0,22.11,20.26,0.55,0.0
20230722:0809,444.0,109.0,0.0,33.98,23.41,1.1,0.0
20230722:0909,367.0,263.0,0.0,45.86,25.63,1.31,0.0
20230722:1009,507.0,276.0,0.0,57.34,27.77,1.31,0.0
20230722:1109,35.0,424.0,0.0,67.38,29.87,1.52,0.0
20230722:1209,763.0,209.0,0.0,72.88,31.61,2.21,0.0
20230722:1309,716.0,224.0,0.0,69.64,32.64,2.48,0.0
20230722:1409,700.0,182.0,0.0,60.44,32.96,2.62,0.0
20230722:1509,538.0,195.0,0.0,49.21,32.9,2.69,0.0
20230722:1609,279.0,232.0,0.0,37.39,31.66,2.21,0.0
20230722:1709,27.0,190.0,0.0,25.48,31.49,2.07,0.0
20230722:1809,70.0,93.0,0.0,13.79,30.69,1.45,0.0
20230722:1909,3.0,12.34,0.0,2.55,29.43,0.62,0.0
20230722:2009,0.0,0.0,0.0,0.0,27.01,0.76,0.0
20230722:2109,0.0,0.0,0.0,0.0,24.99,0.97,0.0
20230722:2209,0.0,0.0,0.0,0.0,23.25,1.17,0.0
20230722:2309,0.0,0.0,0.0,0.0,21.89,1.31,0.0
20230723:0009,0.0,0.0,0.0,0.0,20.8,1.31,0.0
20230723:0109,0.0,0.0,0.0,0.0,20.04,1.24,0.0
20230723:0209,0.0,0.0,0.0,0.0,19.36,1.17,0.0
20230723:0309,0.0,0.0,0.0,0.0,18.46,1.24,0.0
20230723:0409,0.0,0.0,0.0,0.0,17.99,1.31,0.0
20230723:0509,0.0,0.0,0.0,0.0,17.64,1.31,0.0
20230723:0609,16.0,71.0,0.0,10.39,18.16,1.1,0.0
20230723:0709,175.0,128.0,0.0,21.99,21.78,0.76,0.0
20230723:0809,312.0,179.0,0.0,33.86,25.78,0.9,0.0
20230723:0909,479.0,199.0,0.0,45.74,28.43,0.83,0.0
20230723:1009,630.0,202.0,0.0,57.21,30.43,0.55,0.0
20230723:1109,0.0,269.0,0.0,67.22,31.51,0.83,0.0
20230723:1209,651.0,277.0,0.0,72.68,32.89,0.97,0.0
20230723:1309,2.0,324.0,0.0,69.47,34.27,1.31,0.0
20230723:1409,633.0,222.0,0.0,60.31,35.12,1.93,0.0
20230723:1509,568.0,175.0,0.0,49.11,35.62,2.48,0.0
20230723:1609,403.0,163.0,0.0,37.29,35.37,2.69,0.0
20230723:1709,214.0,145.0,0.0,25.38,33.74,1.72,0.0
20230723:1809,87.0,85.0,0.0,13.68,32.72,1.45,0.0
20230723:1909,5.0,11.84,0.0,2.43,32.11,0.97,0.0
20230723:2009,0.0,0.0,0.0,0.0,29.58,0.9,0.0
20230723:2109,0.0,0.0,0.0,0.0,27.28,1.24,0.0
20230723:2209,0.0,0.0,0.0,0.0,26.86,1.1,0.0
20230723:2309,0.0,0.0,0.0,0.0,27.0,0.9,0.0
20230724:0009,0.0,0.0,0.0,0.0,26.03,0.97,0.0
20230724:0109,0.0,0.0,0.0,0.0,24.21,1.1,0.0
20230724:0209,0.0,0.0,0.0,0.0,23.04,1.1,0.0
20230724:0309,0.0,0.0,0.0,0.0,22.27,1.1,0.0
20230724:0409,0.0,0.0,0.0,0.0,21.39,1.24,0.0
20230724:0509,0.0,0.0,0.0,0.0,20.66,1.31,0.0
20230724:0609,6.0,64.0,0.0,10.26,20.94,1.1,0.0
20230724:0709,0.0,91.0,0.0,21.87,23.49,0.9,0.0
20230724:0809,0.0,140.0,0.0,33.75,26.27,0.9,0.0
20230724:0909,434.0,225.0,0.0,45.63,27.52,1.03,0.0
20230724:1009,644.0,194.0,0.0,57.07,29.24,2.07,0.0
20230724:1109,636.0,261.0,0.0,67.05,30.98,2.28,0.0
20230724:1209,666.0,269.0,0.0,72.48,31.36,2.69,0.0
20230724:1309,370.0,412.0,0.0,69.3,32.29,3.17,0.0
20230724:1409,140.0,437.0,0.0,60.18,32.09,3.45,0.0
20230724:1509,570.0,175.0,0.0,49.0,32.38,3.66,0.0
20230724:1609,420.0,153.0,0.0,37.19,31.9,3.79,0.0
20230724:1709,256.0,122.0,0.0,25.28,30.78,3.66,0.0
20230724:1809,99.0,79.0,0.0,13.57,29.21,3.24,0.0
20230724:1909,3.0,10.38,0.0,2.31,27.57,2.55,0.0
20230724:2009,0.0,0.0,0.0,0.0,25.61,2.14,0.0
20230724:2109,0.0,0.0,0.0,0.0,23.86,1.79,0.0
20230724:2209,0.0,0.0,0.0,0.0,21.86,1.59,0.0
20230724:2309,0.0,0.0,0.0,0.0,20.29,1.59,0.0
20230725:0009,0.0,0.0,0.0,0.0,19.47,1.45,0.0
20230725:0109,0.0,0.0,0.0,0.0,18.66,1.38,0.0
20230725:0209,0.0,0.0,0.0,0.0,18.09,1.31,0.0
20230725:0309,0.0,0.0,0.0,0.0,17.68,1.17,0.0
20230725:0409,0.0,0.0,0.0,0.0,17.49,1.03,0.0
20230725:0509,0.0,0.0,0.0,0.0,17.14,0.97,0.0
20230725:0609,73.0,57.0,0.0,10.13,17.08,0.9,0.0
20230725:0709,229.0,102.0,0.0,21.75,19.31,0.69,0.0
20230725:0809,391.0,140.0,0.0,33.63,22.06,0.69,0.0
20230725:0909,543.0,168.0,0.0,45.5,24.29,0.76,0.0
20230725:1009,674.0,185.0,0.0,56.94,26.26,0.9,0.0
20230725:1109,719.0,221.0,0.0,66.88,28.01,1.24,0.0
20230725:1209,753.0,226.0,0.0,72.27,29.48,1.66,0.0
20230725:1309,749.0,215.0,0.0,69.12,30.6,2.14,0.0
20230725:1409,719.0,179.0,0.0,60.04,31.3,2.62,0.0
20230725:1509,608.0,160.0,0.0,48.88,31.49,2.97,0.0
20230725:1609,450.0,141.0,0.0,37.08,31.07,3.31,0.0
20230725:1709,281.0,111.0,0.0,25.17,30.08,3.38,0.0
20230725:1809,105.0,77.0,0.0,13.45,28.64,3.03,0.0
20230725:1909,0.0,10.0,0.0,2.18,27.18,2.14,0.0
20230725:2009,0.0,0.0,0.0,0.0,25.62,1.38,0.0
20230725:2109,0.0,0.0,0.0,0.0,23.9,0.9,0.0
20230725:2209,0.0,0.0,0.0,0.0,23.66,0.62,0.0
20230725:2309,0.0,0.0,0.0,0.0,22.54,0.55,0.0
20230726:0009,0.0,0.0,0.0,0.0,21.54,0.55,0.0
20230726:0109,0.0,0.0,0.0,0.0,20.79,0.83,0.0
20230726:0209,0.0,0.0,0.0,0.0,20.28,0.83,0.0
20230726:0309,0.0,0.0,0.0,0.0,19.98,0.76,0.0
20230726:0409,0.0,0.0,0.0,0.0,19.69,0.83,0.0
20230726:0509,0.0,0.0,0.0,0.0,19.21,0.97,0.0
20230726:0609,69.0,58.0,0.0,10.0,17.92,1.1,0.0
20230726:0709,226.0,102.0,0.0,21.63,19.98,0.62,0.0
20230726:0809,388.0,139.0,0.0,33.51,23.98,1.31,0.0
20230726:0909,539.0,168.0,0.0,45.38,26.03,1.59,0.0
20230726:1009,670.0,185.0,0.0,56.8,27.77,1.72,0.0
20230726:1109,729.0,213.0,0.0,66.7,29.23,1.72,0.0
20230726:1209,749.0,227.0,0.0,72.05,30.29,1.72,0.0
20230726:1309,760.0,205.0,0.0,68.93,31.06,1.59,0.0
20230726:1409,728.0,172.0,0.0,59.9,31.53,1.38,0.0
20230726:1509,623.0,150.0,0.0,48.76,31.91,1.1,0.0
20230726:1609,446.0,142.0,0.0,36.96,31.84,0.83,0.0
20230726:1709,273.0,114.0,0.0,25.05,31.2,1.1,0.0
20230726:1809,104.0,77.0,0.0,13.33,29.59,1.66,0.0
20230726:1909,0.0,8.0,0.0,2.04,27.53,1.59,0.0
20230726:2009,0.0,0.0,0.0,0.0,25.38,1.45,0.0
20230726:2109,0.0,0.0,0.0,0.0,23.98,1.1,0.0
20230726:2209,0.0,0.0,0.0,0.0,22.68,1.03,0.0
20230726:2309,0.0,0.0,0.0,0.0,21.38,1.03,0.0
20230727:0009,0.0,0.0,0.0,0.0,20.61,1.03,0.0
20230727:0109,0.0,0.0,0.0,0.0,20.06,0.97,0.0
20230727:0209,0.0,0.0,0.0,0.0,19.54,0.97,0.0
20230727:0309,0.0,0.0,0.0,0.0,19.21,0.9,0.0
20230727:0409,0.0,0.0,0.0,0.0,19.09,0.83,0.0
20230727:0509,0.0,0.0,0.0,0.0,19.14,0.69,0.0
20230727:0609,63.0,57.0,0.0,9.87,18.56,0.69,0.0
20230727:0709,204.0,107.0,0.0,21.51,20.33,1.03,0.0
20230727:0809,377.0,136.0,0.0,33.39,22.53,1.1,0.0
20230727:0909,538.0,157.0,0.0,45.26,24.66,1.1,0.0
20230727:1009,671.0,170.0,0.0,56.66,26.54,0.83,0.0
20230727:1109,747.0,186.0,0.0,66.52,28.35,0.69,0.0
20230727:1209,753.0,209.0,0.0,71.83,29.87,0.76,0.0
20230727:1309,748.0,198.0,0.0,68.74,30.9,0.83,0.0
20230727:1409,511.0,288.0,0.0,59.75,31.6,1.1,0.0
20230727:1509,252.0,337.0,0.0,48.63,31.66,1.52,0.0
20230727:1609,351.0,187.0,0.0,36.84,31.34,1.93,0.0
20230727:1709,248.0,121.0,0.0,24.93,30.65,2.07,0.0
20230727:1809,100.0,74.0,0.0,13.2,29.43,2.14,0.0
20230727:1909,0.0,7.0,0.0,1.9,27.48,2.0,0.0
20230727:2009,0.0,0.0,0.0,0.0,25.83,2.14,0.0
20230727:2109,0.0,0.0,0.0,0.0,24.42,1.79,0.0
20230727:2209,0.0,0.0,0.0,0.0,22.72,1.38,0.0
20230727:2309,0.0,0.0,0.0,0.0,21.76,1.03,0.0
20230728:0009,0.0,0.0,0.0,0.0,21.89,0.76,0.0
20230728:0109,0.0,0.0,0.0,0.0,21.06,0.55,0.0
20230728:0209,0.0,0.0,0.0,0.0,20.38,0.48,0.0
20230728:0309,0.0,0.0,0.0,0.0,19.89,0.62,0.0
20230728:0409,0.0,0.0,0.0,0.0,19.43,0.76,0.0
20230728:0509,0.0,0.0,0.0,0.0,18.93,0.9,0.0
20230728:0609,66.0,56.0,0.0,9.74,18.39,0.9,0.0
20230728:0709,225.0,99.0,0.0,21.38,20.21,0.34,0.0
20230728:0809,381.0,139.0,0.0,33.27,23.99,0.69,0.0
20230728:0909,542.0,162.0,0.0,45.13,26.42,0.62,0.0
20230728:1009,662.0,185.0,0.0,56.51,28.52,0.34,0.0
20230728:1109,750.0,195.0,0.0,66.34,30.31,0.07,0.0
20230728:1209,786.0,198.0,0.0,71.6,31.79,0.48,0.0
20230728:1309,766.0,197.0,0.0,68.54,32.96,0.97,0.0
20230728:1409,720.0,171.0,0.0,59.6,33.78,1.31,0.0
20230728:1509,607.0,154.0,0.0,48.5,34.11,1.59,0.0
20230728:1609,439.0,141.0,0.0,36.72,33.83,1.66,0.0
20230728:1709,271.0,111.0,0.0,24.81,33.06,1.79,0.0
20230728:1809,107.0,72.0,0.0,13.06,31.73,1.79,0.0
20230728:1909,0.0,7.0,0.0,1.76,30.04,1.24,0.0
20230728:2009,0.0,0.0,0.0,0.0,28.04,1.03,0.0
20230728:2109,0.0,0.0,0.0,0.0,25.86,0.97,0.0
20230728:2209,0.0,0.0,0.0,0.0,25.05,0.83,0.0
20230728:2309,0.0,0.0,0.0,0.0,24.35,0.76,0.0
20230729:0009,0.0,0.0,0.0,0.0,22.96,0.97,0.0
20230729:0109,0.0,0.0,0.0,0.0,21.83,1.1,0.0
20230729:0209,0.0,0.0,0.0,0.0,21.27,1.17,0.0
20230729:0309,0.0,0.0,0.0,0.0,20.81,1.17,0.0
20230729:0409,0.0,0.0,0.0,0.0,20.55,1.17,0.0
20230729:0509,0.0,0.0,0.0,0.0,20.44,1.1,0.0
20230729:0609,56.0,59.0,0.0,9.6,20.52,0.97,0.0
20230729:0709,206.0,108.0,0.0,21.26,21.38,0.48,0.0
20230729:0809,372.0,143.0,0.0,33.15,25.27,0.55,0.0
20230729:0909,531.0,168.0,0.0,45.0,27.64,0.55,0.0
20230729:1009,661.0,185.0,0.0,56.37,29.7,0.69,0.0
20230729:1109,749.0,195.0,0.0,66.15,31.47,0.9,0.0
20230729:1209,785.0,199.0,0.0,71.37,32.99,1.31,0.0
20230729:1309,766.0,196.0,0.0,68.33,34.18,1.86,0.0
20230729:1409,719.0,172.0,0.0,59.43,34.96,2.34,0.0
20230729:1509,596.0,159.0,0.0,48.36,35.22,2.69,0.0
20230729:1609,421.0,151.0,0.0,36.59,34.87,2.9,0.0
20230729:1709,265.0,113.0,0.0,24.67,34.06,2.97,0.0
20230729:1809,96.0,76.0,0.0,12.93,32.76,2.69,0.0
20230729:1909,0.0,5.0,0.0,1.61,31.2,1.93,0.0
20230729:2009,0.0,0.0,0.0,0.0,29.24,1.24,0.0
20230729:2109,0.0,0.0,0.0,0.0,27.99,0.83,0.0
20230729:2209,0.0,0.0,0.0,0.0,27.43,0.69,0.0
20230729:2309,0.0,0.0,0.0,0.0,26.44,0.83,0.0
20230730:0009,0.0,0.0,0.0,0.0,25.02,1.1,0.0
20230730:0109,0.0,0.0,0.0,0.0,23.91,1.24,0.0
20230730:0209,0.0,0.0,0.0,0.0,23.34,1.24,0.0
20230730:0309,0.0,0.0,0.0,0.0,22.95,1.17,0.0
20230730:0409,0.0,0.0,0.0,0.0,22.75,1.17,0.0
20230730:0509,0.0,0.0,0.0,0.0,22.36,1.1,0.0
20230730:0609,57.0,57.0,0.0,9.47,22.35,0.83,0.0
20230730:0709,210.0,104.0,0.0,21.13,22.91,0.41,0.0
20230730:0809,372.0,143.0,0.0,33.03,26.35,0.76,0.0
20230730:0909,531.0,168.0,0.0,44.88,28.61,0.76,0.0
20230730:1009,675.0,176.0,0.0,56.22,30.64,0.62,0.0
20230730:1109,750.0,195.0,0.0,65.96,32.4,0.55,0.0
20230730:1209,771.0,208.0,0.0,71.14,33.87,1.17,0.0
20230730:1309,738.0,214.0,0.0,68.12,35.13,2.0,0.0
20230730:1409,707.0,179.0,0.0,59.27,35.92,2.76,0.0
20230730:1509,596.0,159.0,0.0,48.22,36.07,3.17,0.0
20230730:1609,429.0,146.0,0.0,36.45,35.73,3.38,0.0
20230730:1709,254.0,119.0,0.0,24.54,34.81,3.31,0.0
20230730:1809,97.0,74.0,0.0,12.78,33.44,2.97,0.0
20230730:1909,0.0,3.0,0.0,1.45,31.54,2.14,0.0
20230730:2009,0.0,0.0,0.0,0.0,29.55,1.72,0.0
20230730:2109,0.0,0.0,0.0,0.0,27.46,1.52,0.0
20230730:2209,0.0,0.0,0.0,0.0,25.59,1.38,0.0
20230730:2309,0.0,0.0,0.0,0.0,24.75,1.24,0.0
20230731:0009,0.0,0.0,0.0,0.0,23.87,1.24,0.0
20230731:0109,0.0,0.0,0.0,0.0,22.91,1.31,0.0
20230731:0209,0.0,0.0,0.0,0.0,22.08,1.31,0.0
20230731:0309,0.0,0.0,0.0,0.0,21.64,1.31,0.0
20230731:0409,0.0,0.0,0.0,0.0,21.28,1.24,0.0
20230731:0509,0.0,0.0,0.0,0.0,21.12,1.1,0.0
20230731:0609,66.0,52.0,0.0,9.33,20.85,1.03,0.0
20230731:0709,218.0,100.0,0.0,21.0,22.27,0.76,0.0
20230731:0809,374.0,142.0,0.0,32.9,25.96,1.24,0.0
20230731:0909,534.0,167.0,0.0,44.75,28.05,1.38,0.0
20230731:1009,666.0,184.0,0.0,56.07,29.86,1.59,0.0
20230731:1109,726.0,212.0,0.0,65.77,31.43,1.86,0.0
20230731:1209,761.0,217.0,0.0,70.9,32.66,2.28,0.0
20230731:1309,742.0,214.0,0.0,67.9,33.71,2.76,0.0
20230731:1409,697.0,188.0,0.0,59.09,34.37,3.1,0.0
20230731:1509,599.0,159.0,0.0,48.07,34.5,3.45,0.0
20230731:1609,440.0,140.0,0.0,36.31,34.08,3.72,0.0
20230731:1709,270.0,110.0,0.0,24.4,33.11,3.79,0.0
20230731:1809,101.0,71.0,0.0,12.63,31.56,3.59,0.0
20230731:1909,0.0,3.0,0.0,1.29,29.59,2.9,0.0
20230731:2009,0.0,0.0,0.0,0.0,27.79,2.07,0.0
20230731:2109,0.0,0.0,0.0,0.0,26.23,1.66,0.0
20230731:2209,0.0,0.0,0.0,0.0,24.19,1.38,0.0
20230731:2309,0.0,0.0,0.0,0.0,22.91,1.31,0.0
20230801:0009,0.0,0.0,0.0,0.0,21.78,1.31,0.0
20230801:0109,0.0,0.0,0.0,0.0,20.73,1.38,0.0
20230801:0209,0.0,0.0,0.0,0.0,20.01,1.31,0.0
20230801:0309,0.0,0.0,0.0,0.0,19.42,1.31,0.0
20230801:0409,0.0,0.0,0.0,0.0,18.99,1.31,0.0
20230801:0509,0.0,0.0,0.0,0.0,18.53,1.24,0.0
20230801:0609,66.0,51.0,0.0,9.2,18.55,1.1,0.0
20230801:0709,226.0,95.0,0.0,20.87,21.11,0.97,0.0
20230801:0809,385.0,136.0,0.0,32.78,24.13,1.45,0.0
20230801:0909,558.0,153.0,0.0,44.61,26.29,1.66,0.0
20230801:1009,680.0,177.0,0.0,55.92,28.22,1.52,0.0
20230801:1109,741.0,204.0,0.0,65.57,29.99,1.38,0.0
20230801:1209,776.0,209.0,0.0,70.65,31.57,1.59,0.0
20230801:1309,757.0,206.0,0.0,67.68,32.78,2.14,0.0
20230801:1409,726.0,171.0,0.0,58.91,33.49,2.62,0.0
20230801:1509,613.0,151.0,0.0,47.91,33.66,3.03,0.0
20230801:1609,452.0,133.0,0.0,36.17,33.28,3.24,0.0
20230801:1709,279.0,104.0,0.0,24.25,32.42,3.24,0.0
20230801:1809,104.0,69.0,0.0,12.48,31.14,2.97,0.0
20230801:1909,0.0,0.0,0.0,0.0,29.61,2.21,0.0
20230801:2009,0.0,0.0,0.0,0.0,27.98,1.38,0.0
20230801:2109,0.0,0.0,0.0,0.0,26.21,0.9,0.0
20230801:2209,0.0,0.0,0.0,0.0,25.68,0.76,0.0
20230801:2309,0.0,0.0,0.0,0.0,24.52,0.9,0.0
20230802:0009,0.0,0.0,0.0,0.0,22.94,1.17,0.0
20230802:0109,0.0,0.0,0.0,0.0,21.64,1.31,0.0
20230802:0209,0.0,0.0,0.0,0.0,20.79,1.31,0.0
20230802:0309,0.0,0.0,0.0,0.0,20.11,1.38,0.0
20230802:0409,0.0,0.0,0.0,0.0,19.79,1.31,0.0
20230802:0509,0.0,0.0,0.0,0.0,19.46,1.17,0.0
20230802:0609,66.0,50.0,0.0,9.06,19.28,1.1,0.0
20230802:0709,224.0,95.0,0.0,20.75,22.11,0.69,0.0
20230802:0809,398.0,127.0,0.0,32.65,25.37,0.9,0.0
20230802:0909,556.0,154.0,0.0,44.48,27.82,1.1,0.0
20230802:1009,679.0,177.0,0.0,55.76,29.82,1.38,0.0
20230802:1109,769.0,186.0,0.0,65.37,31.5,1.86,0.0
20230802:1209,775.0,209.0,0.0,70.4,32.81,2.48,0.0
20230802:1309,770.0,198.0,0.0,67.45,33.57,2.97,0.0
20230802:1409,738.0,163.0,0.0,58.72,33.9,3.38,0.0
20230802:1509,612.0,151.0,0.0,47.75,33.72,3.66,0.0
20230802:1609,450.0,133.0,0.0,36.01,33.05,3.72,0.0
20230802:1709,267.0,110.0,0.0,24.1,32.08,3.59,0.0
20230802:1809,104.0,67.0,0.0,12.32,30.7,3.17,0.0
20230802:1909,0.0,0.0,0.0,0.0,29.06,2.48,0.0
20230802:2009,0.0,0.0,0.0,0.0,27.39,1.86,0.0
20230802:2109,0.0,0.0,0.0,0.0,25.89,1.66,0.0
20230802:2209,0.0,0.0,0.0,0.0,24.13,1.59,0.0
20230802:2309,0.0,0.0,0.0,0.0,22.55,1.59,0.0
20230803:0009,0.0,0.0,0.0,0.0,21.26,1.52,0.0
20230803:0109,0.0,0.0,0.0,0.0,20.33,1.52,0.0
20230803:0209,0.0,0.0,0.0,0.0,19.71,1.38,0.0
20230803:0309,0.0,0.0,0.0,0.0,19.23,1.24,0.0
20230803:0409,0.0,0.0,0.0,0.0,18.67,1.24,0.0
20230803:0509,0.0,0.0,0.0,0.0,18.12,1.24,0.0
20230803:0609,58.0,51.0,0.0,8.92,18.04,1.1,0.0
20230803:0709,216.0,94.0,0.0,20.62,20.83,1.31,0.0
20230803:0809,377.0,132.0,0.0,32.52,23.39,1.86,0.0
20230803:0909,550.0,148.0,0.0,44.34,25.4,1.86,0.0
20230803:1009,661.0,177.0,0.0,55.6,27.37,1.52,0.0
20230803:1109,749.0,187.0,0.0,65.17,29.34,1.45,0.0
20230803:1209,770.0,200.0,0.0,70.15,30.89,1.79,0.0
20230803:1309,750.0,198.0,0.0,67.21,31.93,2.21,0.0
20230803:1409,705.0,172.0,0.0,58.53,32.48,2.69,0.0
20230803:1509,603.0,147.0,0.0,47.58,32.58,3.03,0.0
20230803:1609,434.0,134.0,0.0,35.86,32.13,3.38,0.0
20230803:1709,260.0,107.0,0.0,23.94,31.06,3.66,0.0
20230803:1809,101.0,65.0,0.0,12.16,29.43,3.45,0.0
20230803:1909,0.0,0.0,0.0,0.0,27.62,2.55,0.0
20230803:2009,0.0,0.0,0.0,0.0,26.24,1.72,0.0
20230803:2109,0.0,0.0,0.0,0.0,25.06,1.66,0.0
20230803:2209,0.0,0.0,0.0,0.0,23.57,1.52,0.0
20230803:2309,0.0,0.0,0.0,0.0,22.03,1.38,0.0
20230804:0009,0.0,0.0,0.0,0.0,21.23,1.24,0.0
20230804:0109,0.0,0.0,0.0,0.0,20.02,1.38,0.0
20230804:0209,0.0,0.0,0.0,0.0,19.37,1.38,0.0
20230804:0309,0.0,0.0,0.0,0.0,19.56,1.1,0.0
20230804:0409,0.0,0.0,0.0,0.0,19.9,0.76,0.0
20230804:0509,0.0,0.0,0.0,0.0,19.51,0.62,0.0
20230804:0609,57.0,51.0,0.0,8.78,19.37,0.34,0.0
20230804:0709,214.0,96.0,0.0,20.48,20.08,0.83,0.0
20230804:0809,383.0,131.0,0.0,32.39,22.53,1.1,0.0
20230804:0909,548.0,153.0,0.0,44.21,24.58,1.38,0.0
20230804:1009,670.0,177.0,0.0,55.44,26.4,1.38,0.0
20230804:1109,745.0,195.0,0.0,64.96,28.17,1.72,0.0
20230804:1209,766.0,209.0,0.0,69.89,29.48,2.28,0.0
20230804:1309,746.0,207.0,0.0,66.97,30.41,2.48,0.0
20230804:1409,715.0,171.0,0.0,58.33,30.7,2.34,0.0
20230804:1509,591.0,158.0,0.0,47.41,30.71,2.21,0.0
20230804:1609,432.0,139.0,0.0,35.69,30.24,2.0,0.0
20230804:1709,259.0,109.0,0.0,23.78,29.4,1.72,0.0
20230804:1809,100.0,65.0,0.0,11.99,28.08,1.45,0.0
20230804:1909,0.0,0.0,0.0,0.0,26.41,1.31,0.0
20230804:2009,0.0,0.0,0.0,0.0,24.66,1.03,0.0
20230804:2109,0.0,0.0,0.0,0.0,23.0,1.31,0.0
20230804:2209,0.0,0.0,0.0,0.0,21.5,1.52,0.0
20230804:2309,0.0,0.0,0.0,0.0,20.07,1.59,0.0
20230805:0009,0.0,0.0,0.0,0.0,19.21,1.52,0.0
20230805:0109,0.0,0.0,0.0,0.0,18.52,1.52,0.0
20230805:0209,0.0,0.0,0.0,0.0,18.05,1.38,0.0
20230805:0309,0.0,0.0,0.0,0.0,17.63,1.17,0.0
20230805:0409,0.0,0.0,0.0,0.0,17.24,1.03,0.0
20230805:0509,0.0,0.0,0.0,0.0,16.81,0.83,0.0
20230805:0609,56.0,49.0,0.0,8.64,16.96,0.62,0.0
20230805:0709,216.0,93.0,0.0,20.35,18.83,0.55,0.0
20230805:0809,385.0,127.0,0.0,32.26,20.96,0.21,0.0
20230805:0909,553.0,147.0,0.0,44.07,23.19,0.55,0.0
20230805:1009,665.0,176.0,0.0,55.28,25.33,1.24,0.0
20230805:1109,725.0,204.0,0.0,64.75,27.38,1.59,0.0
20230805:1209,760.0,209.0,0.0,69.62,29.0,1.93,0.0
20230805:1309,755.0,197.0,0.0,66.72,30.3,2.21,0.0
20230805:1409,709.0,171.0,0.0,58.13,31.19,2.28,0.0
20230805:1509,596.0,151.0,0.0,47.23,31.73,2.41,0.0
20230805:1609,435.0,134.0,0.0,35.53,31.78,2.48,0.0
20230805:1709,271.0,100.0,0.0,23.61,31.4,2.48,0.0
20230805:1809,98.0,64.0,0.0,11.82,30.57,2.28,0.0
20230805:1909,0.0,0.0,0.0,0.0,29.11,1.24,0.0
20230805:2009,0.0,0.0,0.0,0.0,27.36,0.76,0.0
20230805:2109,0.0,0.0,0.0,0.0,25.8,0.83,0.0
20230805:2209,0.0,0.0,0.0,0.0,24.06,1.03,0.0
20230805:2309,0.0,0.0,0.0,0.0,22.61,1.17,0.0
20230806:0009,0.0,0.0,0.0,0.0,21.59,1.17,0.0
20230806:0109,0.0,0.0,0.0,0.0,20.6,1.24,0.0
20230806:0209,0.0,0.0,0.0,0.0,19.78,1.24,0.0
20230806:0309,0.0,0.0,0.0,0.0,19.01,1.24,0.0
20230806:0409,0.0,0.0,0.0,0.0,18.23,1.31,0.0
20230806:0509,0.0,0.0,0.0,0.0,17.49,1.38,0.0
20230806:0609,58.0,48.0,0.0,8.5,17.31,1.38,0.0
20230806:0709,212.0,93.0,0.0,20.22,20.97,0.97,0.0
20230806:0809,384.0,126.0,0.0,32.13,25.41,1.03,0.0
20230806:0909,530.0,160.0,0.0,43.93,27.78,0.76,0.0
20230806:1009,650.0,184.0,0.0,55.12,29.77,0.28,0.0
20230806:1109,752.0,186.0,0.0,64.54,31.42,0.41,0.0
20230806:1209,758.0,209.0,0.0,69.35,32.74,0.9,0.0
20230806:1309,753.0,197.0,0.0,66.47,33.65,1.1,0.0
20230806:1409,693.0,180.0,0.0,57.92,34.21,1.24,0.0
20230806:1509,594.0,151.0,0.0,47.05,34.38,1.24,0.0
20230806:1609,433.0,133.0,0.0,35.35,34.13,1.17,0.0
20230806:1709,261.0,104.0,0.0,23.44,33.47,1.03,0.0
20230806:1809,94.0,64.0,0.0,11.64,32.36,0.69,0.0
20230806:1909,0.0,0.0,0.0,0.0,31.13,0.62,0.0
20230806:2009,0.0,0.0,0.0,0.0,28.89,0.9,0.0
20230806:2109,0.0,0.0,0.0,0.0,26.17,1.31,0.0
20230806:2209,0.0,0.0,0.0,0.0,24.03,1.45,0.0
20230806:2309,0.0,0.0,0.0,0.0,22.64,1.45,0.0
20230807:0009,0.0,0.0,0.0,0.0,21.67,1.38,0.0
20230807:0109,0.0,0.0,0.0,0.0,20.8,1.31,0.0
20230807:0209,0.0,0.0,0.0,0.0,19.95,1.38,0.0
20230807:0309,0.0,0.0,0.0,0.0,19.16,1.38,0.0
20230807:0409,0.0,0.0,0.0,0.0,18.5,1.38,0.0
20230807:0509,0.0,0.0,0.0,0.0,17.9,1.45,0.0
20230807:0609,54.0,47.0,0.0,8.35,17.77,1.38,0.0
20230807:0709,203.0,96.0,0.0,20.09,21.02,1.24,0.0
20230807:0809,363.0,135.0,0.0,32.0,24.64,1.66,0.0
20230807:0909,523.0,160.0,0.0,43.79,27.25,1.66,0.0
20230807:1009,655.0,177.0,0.0,54.95,29.61,1.59,0.0
20230807:1109,759.0,177.0,0.0,64.32,31.56,1.24,0.0
20230807:1209,795.01,180.0,0.0,69.08,33.03,1.03,0.0
20230807:1309,775.01,178.0,0.0,66.21,34.04,1.03,0.0
20230807:1409,698.0,172.0,0.0,57.7,34.73,0.97,0.0
20230807:1509,586.0,151.0,0.0,46.86,35.01,0.97,0.0
20230807:1609,402.0,148.0,0.0,35.18,34.74,1.1,0.0
20230807:1709,228.0,119.0,0.0,23.26,33.88,1.59,0.0
20230807:1809,71.0,72.0,0.0,11.45,31.93,2.0,0.0
20230807:1909,0.0,0.0,0.0,0.0,29.88,1.86,0.0
20230807:2009,0.0,0.0,0.0,0.0,27.62,1.72,0.0
20230807:2109,0.0,0.0,0.0,0.0,25.92,1.66,0.0
20230807:2209,0.0,0.0,0.0,0.0,24.67,1.59,0.0
20230807:2309,0.0,0.0,0.0,0.0,23.47,1.45,0.0
20230808:0009,0.0,0.0,0.0,0.0,22.46,1.38,0.0
20230808:0109,0.0,0.0,0.0,0.0,21.67,1.31,0.0
20230808:0209,0.0,0.0,0.0,0.0,20.79,1.24,0.0
20230808:0309,0.0,0.0,0.0,0.0,20.34,1.17,0.0
20230808:0409,0.0,0.0,0.0,0.0,20.06,1.1,0.0
20230808:0509,0.0,0.0,0.0,0.0,19.81,1.1,0.0
20230808:0609,11.0,54.0,0.0,8.21,19.47,1.24,0.0
20230808:0709,109.0,138.0,0.0,19.95,22.75,1.17,0.0
20230808:0809,321.0,155.0,0.0,31.87,27.11,1.31,0.0
20230808:0909,542.0,142.0,0.0,43.65,30.16,1.24,0.0
20230808:1009,619.0,192.0,0.0,54.78,32.78,0.48,0.0
20230808:1109,453.0,348.0,0.0,64.1,34.57,0.55,0.0
20230808:1209,782.01,180.0,0.0,68.8,35.8,0.48,0.0
20230808:1309,746.0,189.0,0.0,65.94,37.04,0.55,0.0
20230808:1409,672.0,180.0,0.0,57.48,37.61,1.1,0.0
20230808:1509,552.0,166.0,0.0,46.67,37.32,1.79,0.0
20230808:1609,474.0,104.0,0.0,34.99,34.94,1.1,0.0
20230808:1709,28.0,174.0,0.0,23.08,34.36,0.9,0.0
20230808:1809,9.0,75.0,0.0,11.27,33.84,0.55,0.0
20230808:1909,0.0,0.0,0.0,0.0,32.46,0.97,0.0
20230808:2009,0.0,0.0,0.0,0.0,30.4,1.24,0.0
20230808:2109,0.0,0.0,0.0,0.0,28.5,1.31,0.0
20230808:2209,0.0,0.0,0.0,0.0,26.62,1.45,0.0
20230808:2309,0.0,0.0,0.0,0.0,25.26,1.52,0.0
20230809:0009,0.0,0.0,0.0,0.0,23.94,1.45,0.0
20230809:0109,0.0,0.0,0.0,0.0,23.25,1.45,0.0
20230809:0209,0.0,0.0,0.0,0.0,22.77,1.38,0.0
20230809:0309,0.0,0.0,0.0,0.0,22.7,1.38,0.0
20230809:0409,0.0,0.0,0.0,0.0,23.55,1.31,0.0
20230809:0509,0.0,0.0,0.0,0.0,24.72,1.17,0.0
20230809:0609,19.0,54.0,0.0,8.07,25.38,1.03,0.0
20230809:0709,201.0,92.0,0.0,19.82,26.03,0.62,0.0
20230809:0809,324.0,151.0,0.0,31.73,29.32,1.03,0.0
20230809:0909,509.0,160.0,0.0,43.5,31.65,1.17,0.0
20230809:1009,640.0,176.0,0.0,54.61,33.86,1.17,0.0
20230809:1109,756.0,168.0,0.0,63.87,35.49,1.1,0.0
20230809:1209,806.01,163.0,0.0,68.52,36.84,0.9,0.0
20230809:1309,743.0,188.0,0.0,65.67,37.74,0.69,0.0
20230809:1409,14.0,350.0,0.0,57.25,38.31,1.03,0.0
20230809:1509,595.0,138.0,0.0,46.47,37.02,0.83,0.0
20230809:1609,35.0,260.0,0.0,34.8,33.36,2.0,0.0
20230809:1709,129.0,161.0,0.0,22.89,33.14,2.0,0.0
20230809:1809,75.0,65.0,0.0,11.07,32.67,1.72,0.0
20230809:1909,0.0,0.0,0.0,0.0,32.91,0.97,0.0
20230809:2009,0.0,0.0,0.0,0.0,31.79,0.28,0.0
20230809:2109,0.0,0.0,0.0,0.0,30.81,0.41,0.0
20230809:2209,0.0,0.0,0.0,0.0,29.92,0.9,0.0
20230809:2309,0.0,0.0,0.0,0.0,28.77,1.03,0.0
20230810:0009,0.0,0.0,0.0,0.0,28.1,0.97,0.0
20230810:0109,0.0,0.0,0.0,0.0,26.76,1.1,0.0
20230810:0209,0.0,0.0,0.0,0.0,26.08,1.17,0.0
20230810:0309,0.0,0.0,0.0,0.0,25.93,1.17,0.0
20230810:0409,0.0,0.0,0.0,0.0,26.2,1.1,0.0
20230810:0509,0.0,0.0,0.0,0.0,25.91,0.97,0.0
20230810:0609,21.0,53.0,0.0,7.92,25.59,0.97,0.0
20230810:0709,124.0,129.0,0.0,19.68,26.26,0.83,0.0
20230810:0809,322.0,151.0,0.0,31.6,29.97,1.17,0.0
20230810:0909,497.0,166.0,0.0,43.36,32.21,1.31,0.0
20230810:1009,638.0,176.0,0.0,54.43,34.28,1.59,0.0
20230810:1109,767.01,160.0,0.0,63.64,35.96,2.14,0.0
20230810:1209,815.01,157.0,0.0,68.24,36.82,2.9,0.0
20230810:1309,782.01,162.0,0.0,65.4,37.35,3.38,0.0
20230810:1409,692.0,163.0,0.0,57.02,37.34,3.72,0.0
20230810:1509,476.0,207.0,0.0,46.26,36.5,3.66,0.0
20230810:1609,378.0,151.0,0.0,34.61,35.84,3.52,0.0
20230810:1709,183.0,134.0,0.0,22.7,35.18,2.97,0.0
20230810:1809,47.0,74.0,0.0,10.87,34.32,2.55,0.0
20230810:1909,0.0,0.0,0.0,0.0,32.6,1.52,0.0
20230810:2009,0.0,0.0,0.0,0.0,30.72,0.69,0.0
20230810:2109,0.0,0.0,0.0,0.0,30.06,0.55,0.0
20230810:2209,0.0,0.0,0.0,0.0,28.82,0.76,0.0
20230810:2309,0.0,0.0,0.0,0.0,27.35,0.97,0.0
20230811:0009,0.0,0.0,0.0,0.0,26.49,1.03,0.0
20230811:0109,0.0,0.0,0.0,0.0,25.36,1.1,0.0
20230811:0209,0.0,0.0,0.0,0.0,24.29,1.17,0.0
20230811:0309,0.0,0.0,0.0,0.0,23.04,1.31,0.0
20230811:0409,0.0,0.0,0.0,0.0,22.04,1.38,0.0
20230811:0509,0.0,0.0,0.0,0.0,21.02,1.45,0.0
20230811:0609,40.0,48.0,0.0,7.78,20.83,1.45,0.0
20230811:0709,195.0,97.0,0.0,19.55,25.06,0.83,0.0
20230811:0809,372.0,129.0,0.0,31.46,29.36,0.76,0.0
20230811:0909,528.0,159.0,0.0,43.21,31.92,1.31,0.0
20230811:1009,662.0,175.0,0.0,54.26,33.72,2.28,0.0
20230811:1109,738.01,194.0,0.0,63.41,35.1,3.1,0.0
20230811:1209,758.01,208.0,0.0,67.95,36.01,3.66,0.0
20230811:1309,767.01,187.0,0.0,65.12,36.5,4.14,0.0
20230811:1409,718.0,161.0,0.0,56.78,36.6,4.34,0.0
20230811:1509,589.0,150.0,0.0,46.05,36.46,4.34,0.0
20230811:1609,410.0,141.0,0.0,34.41,35.9,4.21,0.0
20230811:1709,252.0,101.0,0.0,22.5,35.12,3.86,0.0
20230811:1809,85.0,59.0,0.0,10.67,34.05,3.03,0.0
20230811:1909,0.0,0.0,0.0,0.0,32.53,2.0,0.0
20230811:2009,0.0,0.0,0.0,0.0,30.58,1.31,0.0
20230811:2109,0.0,0.0,0.0,0.0,29.88,0.48,0.0
20230811:2209,0.0,0.0,0.0,0.0,28.58,0.83,0.0
20230811:2309,0.0,0.0,0.0,0.0,27.37,0.83,0.0
20230812:0009,0.0,0.0,0.0,0.0,26.4,0.83,0.0
20230812:0109,0.0,0.0,0.0,0.0,25.51,0.9,0.0
20230812:0209,0.0,0.0,0.0,0.0,24.82,0.97,0.0
20230812:0309,0.0,0.0,0.0,0.0,24.16,1.03,0.0
20230812:0409,0.0,0.0,0.0,0.0,23.78,1.1,0.0
20230812:0509,0.0,0.0,0.0,0.0,23.32,1.17,0.0
20230812:0609,44.0,45.0,0.0,7.63,22.73,1.17,0.0
20230812:0709,199.0,92.0,0.0,19.41,24.17,0.9,0.0
20230812:0809,381.0,121.0,0.0,31.33,28.69,0.97,0.0
20230812:0909,523.0,159.0,0.0,43.06,30.95,1.52,0.0
20230812:1009,657.0,175.0,0.0,54.08,32.45,1.93,0.0
20230812:1109,732.01,194.0,0.0,63.18,33.79,2.62,0.0
20230812:1209,767.01,199.0,0.0,67.65,34.72,3.31,0.0
20230812:1309,761.01,187.0,0.0,64.83,35.13,3.66,0.0
20230812:1409,698.0,170.0,0.0,56.54,35.39,3.86,0.0
20230812:1509,593.0,144.0,0.0,45.83,35.31,3.86,0.0
20230812:1609,420.0,131.0,0.0,34.21,34.82,3.86,0.0
20230812:1709,243.0,103.0,0.0,22.3,33.99,3.72,0.0
20230812:1809,80.0,59.0,0.0,10.46,32.82,3.1,0.0
20230812:1909,0.0,0.0,0.0,0.0,31.04,2.21,0.0
20230812:2009,0.0,0.0,0.0,0.0,29.59,1.66,0.0
20230812:2109,0.0,0.0,0.0,0.0,27.89,1.03,0.0
20230812:2209,0.0,0.0,0.0,0.0,27.87,0.69,0.0
20230812:2309,0.0,0.0,0.0,0.0,27.04,0.83,0.0
20230813:0009,0.0,0.0,0.0,0.0,25.5,0.97,0.0
20230813:0109,0.0,0.0,0.0,0.0,24.58,1.03,0.0
20230813:0209,0.0,0.0,0.0,0.0,24.08,1.03,0.0
20230813:0309,0.0,0.0,0.0,0.0,23.42,1.03,0.0
20230813:0409,0.0,0.0,0.0,0.0,22.77,1.03,0.0
20230813:0509,0.0,0.0,0.0,0.0,22.47,0.97,0.0
20230813:0609,45.0,43.0,0.0,7.49,22.02,0.97,0.0
20230813:0709,196.0,91.0,0.0,19.27,23.4,0.62,0.0
20230813:0809,374.0,121.0,0.0,31.19,26.76,0.41,0.0
20230813:0909,525.0,152.0,0.0,42.91,28.89,0.07,0.0
20230813:1009,635.0,183.0,0.0,53.9,30.53,0.28,0.0
20230813:1109,722.01,195.0,0.0,62.94,31.88,0.62,0.0
20230813:1209,787.01,180.0,0.0,67.35,33.13,1.24,0.0
20230813:1309,780.01,168.0,0.0,64.54,34.05,1.79,0.0
20230813:1409,688.0,170.0,0.0,56.29,34.53,2.21,0.0
20230813:1509,573.0,150.0,0.0,45.61,34.41,2.62,0.0
20230813:1609,374.0,154.0,0.0,34.0,33.88,2.62,0.0
20230813:1709,243.0,99.0,0.0,22.1,32.82,2.48,0.0
20230813:1809,79.0,57.0,0.0,10.25,31.46,2.28,0.0
20230813:1909,0.0,0.0,0.0,0.0,29.6,1.17,0.0
20230813:2009,0.0,0.0,0.0,0.0,28.27,1.03,0.0
20230813:2109,0.0,0.0,0.0,0.0,26.65,0.97,0.0
20230813:2209,0.0,0.0,0.0,0.0,26.53,0.69,0.0
20230813:2309,0.0,0.0,0.0,0.0,25.79,0.55,0.0
20230814:0009,0.0,0.0,0.0,0.0,25.02,0.62,0.0
20230814:0109,0.0,0.0,0.0,0.0,24.26,0.76,0.0
20230814:0209,0.0,0.0,0.0,0.0,23.55,0.83,0.0
20230814:0309,0.0,0.0,0.0,0.0,22.88,0.9,0.0
20230814:0409,0.0,0.0,0.0,0.0,22.43,0.9,0.0
20230814:0509,0.0,0.0,0.0,0.0,22.02,0.9,0.0
20230814:0609,35.0,46.0,0.0,7.34,21.28,0.97,0.0
20230814:0709,184.0,98.0,0.0,19.14,22.34,0.69,0.0
20230814:0809,371.0,124.0,0.0,31.05,26.12,0.62,0.0
20230814:0909,530.0,151.0,0.0,42.76,28.63,0.83,0.0
20230814:1009,653.0,175.0,0.0,53.72,30.73,1.52,0.0
20230814:1109,743.01,185.0,0.0,62.7,32.43,2.41,0.0
20230814:1209,764.01,197.0,0.0,67.05,33.45,3.17,0.0
20230814:1309,772.01,176.0,0.0,64.24,34.16,3.72,0.0
20230814:1409,718.0,154.0,0.0,56.03,34.41,3.86,0.0
20230814:1509,578.0,149.0,0.0,45.38,34.26,3.86,0.0
20230814:1609,407.0,135.0,0.0,33.79,33.87,3.79,0.0
20230814:1709,224.0,109.0,0.0,21.88,32.92,3.45,0.0
20230814:1809,66.0,61.0,0.0,10.04,31.72,2.83,0.0
20230814:1909,0.0,0.0,0.0,0.0,30.08,1.66,0.0
20230814:2009,0.0,0.0,0.0,0.0,28.58,1.24,0.0
20230814:2109,0.0,0.0,0.0,0.0,26.91,0.9,0.0
20230814:2209,0.0,0.0,0.0,0.0,26.67,0.83,0.0
20230814:2309,0.0,0.0,0.0,0.0,25.96,0.9,0.0
20230815:0009,0.0,0.0,0.0,0.0,25.0,0.97,0.0
20230815:0109,0.0,0.0,0.0,0.0,24.02,1.03,0.0
20230815:0209,0.0,0.0,0.0,0.0,23.35,1.03,0.0
20230815:0309,0.0,0.0,0.0,0.0,22.96,1.03,0.0
20230815:0409,0.0,0.0,0.0,0.0,22.73,1.03,0.0
20230815:0509,0.0,0.0,0.0,0.0,22.43,1.03,0.0
20230815:0609,25.0,46.0,0.0,7.19,21.37,1.1,0.0
20230815:0709,156.0,108.0,0.0,19.0,22.9,0.69,0.0
20230815:0809,332.0,141.0,0.0,30.91,26.53,0.34,0.0
20230815:0909,496.0,164.0,0.0,42.61,29.0,0.28,0.0
20230815:1009,649.0,168.0,0.0,53.53,30.95,0.62,0.0
20230815:1109,766.01,160.0,0.0,62.45,32.45,1.31,0.0
20230815:1209,482.0,352.0,0.0,66.75,33.56,1.93,0.0
20230815:1309,111.0,457.0,0.0,63.94,34.19,2.34,0.0
20230815:1409,247.0,394.0,0.0,55.77,34.58,2.69,0.0
20230815:1509,225.0,327.0,0.0,45.15,33.91,2.83,0.0
20230815:1609,0.0,142.0,0.0,33.57,33.07,2.28,0.0
20230815:1709,144.0,144.0,0.0,21.67,32.16,2.07,0.0
20230815:1809,46.0,65.0,0.0,9.82,31.21,1.59,0.0
20230815:1909,0.0,0.0,0.0,0.0,29.78,0.76,0.0
20230815:2009,0.0,0.0,0.0,0.0,27.96,0.76,0.0
20230815:2109,0.0,0.0,0.0,0.0,27.17,0.69,0.0
20230815:2209,0.0,0.0,0.0,0.0,26.24,0.62,0.0
20230815:2309,0.0,0.0,0.0,0.0,25.22,0.69,0.0
20230816:0009,0.0,0.0,0.0,0.0,24.33,0.76,0.0
20230816:0109,0.0,0.0,0.0,0.0,23.03,0.9,0.0
20230816:0209,0.0,0.0,0.0,0.0,22.16,0.97,0.0
20230816:0309,0.0,0.0,0.0,0.0,21.58,1.03,0.0
20230816:0409,0.0,0.0,0.0,0.0,21.2,1.03,0.0
20230816:0509,0.0,0.0,0.0,0.0,21.06,0.97,0.0
20230816:0609,39.0,41.0,0.0,7.05,20.64,0.97,0.0
20230816:0709,171.0,100.0,0.0,18.86,22.28,0.62,0.0
20230816:0809,345.0,133.0,0.0,30.77,25.56,0.21,0.0
20230816:0909,516.0,152.0,0.0,42.45,27.85,0.21,0.0
20230816:1009,638.0,175.0,0.0,53.34,29.75,0.55,0.0
20230816:1109,741.01,176.0,0.0,62.21,31.43,1.59,0.0
20230816:1209,816.01,156.0,0.0,66.44,32.8,2.55,0.0
20230816:1309,814.01,143.0,0.0,63.64,33.52,3.38,0.0
20230816:1409,247.0,394.0,0.0,55.51,33.65,3.72,0.0
20230816:1509,237.0,322.0,0.0,44.91,33.33,3.79,0.0
20230816:1609,349.0,160.0,0.0,33.34,32.61,3.59,0.0
20230816:1709,225.0,101.0,0.0,21.45,31.78,3.03,0.0
20230816:1809,68.0,55.0,0.0,9.59,30.57,2.34,0.0
20230816:1909,0.0,0.0,0.0,0.0,28.98,1.66,0.0
20230816:2009,0.0,0.0,0.0,0.0,27.37,1.24,0.0
20230816:2109,0.0,0.0,0.0,0.0,25.43,1.03,0.0
20230816:2209,0.0,0.0,0.0,0.0,24.28,1.03,0.0
20230816:2309,0.0,0.0,0.0,0.0,23.61,0.97,0.0
20230817:0009,0.0,0.0,0.0,0.0,22.5,1.03,0.0
20230817:0109,0.0,0.0,0.0,0.0,21.33,1.1,0.0
20230817:0209,0.0,0.0,0.0,0.0,20.72,1.1,0.0
20230817:0309,0.0,0.0,0.0,0.0,20.13,1.03,0.0
20230817:0409,0.0,0.0,0.0,0.0,19.61,1.03,0.0
20230817:0509,0.0,0.0,0.0,0.0,19.05,1.1,0.0
20230817:0609,40.0,39.0,0.0,6.9,18.44,1.1,0.0
20230817:0709,190.0,89.0,0.0,18.72,21.26,0.48,0.0
20230817:0809,362.0,123.0,0.0,30.63,24.32,0.28,0.0
20230817:0909,520.0,151.0,0.0,42.3,26.89,0.28,0.0
20230817:1009,643.0,174.0,0.0,53.15,28.93,0.55,0.0
20230817:1109,718.01,193.0,0.0,61.95,30.71,1.17,0.0
20230817:1209,723.01,216.0,0.0,66.12,32.15,1.66,0.0
20230817:1309,716.01,204.0,0.0,63.33,33.12,2.14,0.0
20230817:1409,667.0,178.0,0.0,55.24,33.65,2.55,0.0
20230817:1509,574.0,143.0,0.0,44.67,33.66,2.76,0.0
20230817:1609,408.0,126.0,0.0,33.12,33.22,2.76,0.0
20230817:1709,232.0,96.0,0.0,21.22,32.38,2.62,0.0
20230817:1809,63.0,55.0,0.0,9.36,31.0,2.28,0.0
20230817:1909,0.0,0.0,0.0,0.0,28.84,2.14,0.0
20230817:2009,0.0,0.0,0.0,0.0,27.25,1.59,0.0
20230817:2109,0.0,0.0,0.0,0.0,25.36,1.1,0.0
20230817:2209,0.0,0.0,0.0,0.0,24.6,0.97,0.0
20230817:2309,0.0,0.0,0.0,0.0,23.78,0.9,0.0
20230818:0009,0.0,0.0,0.0,0.0,22.76,0.97,0.0
20230818:0109,0.0,0.0,0.0,0.0,21.77,1.03,0.0
20230818:0209,0.0,0.0,0.0,0.0,20.97,1.1,0.0
20230818:0309,0.0,0.0,0.0,0.0,20.13,1.1,0.0
20230818:0409,0.0,0.0,0.0,0.0,19.51,1.1,0.0
20230818:0509,0.0,0.0,0.0,0.0,19.13,1.1,0.0
20230818:0609,39.0,38.0,0.0,6.75,18.65,1.1,0.0
20230818:0709,186.0,91.0,0.0,18.58,21.55,0.62,0.0
20230818:0809,373.0,118.0,0.0,30.49,24.73,0.48,0.0
20230818:0909,511.0,157.0,0.0,42.14,27.47,0.48,0.0
20230818:1009,620.0,189.0,0.0,52.96,29.62,1.17,0.0
20230818:1109,705.01,202.0,0.0,61.7,31.37,1.66,0.0
20230818:1209,846.01,142.0,0.0,65.81,32.77,2.07,0.0
20230818:1309,473.0,345.0,0.0,63.01,33.8,2.55,0.0
20230818:1409,505.0,274.0,0.0,54.96,34.3,2.97,0.0
20230818:1509,368.0,262.0,0.0,44.43,34.16,3.17,0.0
20230818:1609,291.0,192.0,0.0,32.88,33.56,3.24,0.0
20230818:1709,153.0,136.0,0.0,21.0,32.44,3.17,0.0
20230818:1809,27.0,65.0,0.0,9.13,30.94,2.83,0.0
20230818:1909,0.0,0.0,0.0,0.0,29.2,2.21,0.0
20230818:2009,0.0,0.0,0.0,0.0,27.68,1.45,0.0
20230818:2109,0.0,0.0,0.0,0.0,25.99,0.97,0.0
20230818:2209,0.0,0.0,0.0,0.0,25.59,0.76,0.0
20230818:2309,0.0,0.0,0.0,0.0,24.87,0.76,0.0
20230819:0009,0.0,0.0,0.0,0.0,23.9,0.83,0.0
20230819:0109,0.0,0.0,0.0,0.0,22.8,0.9,0.0
20230819:0209,0.0,0.0,0.0,0.0,22.08,0.97,0.0
20230819:0309,0.0,0.0,0.0,0.0,21.53,0.97,0.0
20230819:0409,0.0,0.0,0.0,0.0,21.55,0.83,0.0
20230819:0509,0.0,0.0,0.0,0.0,21.41,0.69,0.0
20230819:0609,38.0,38.0,0.0,6.6,21.14,0.69,0.0
20230819:0709,177.0,91.0,0.0,18.44,22.32,0.41,0.0
20230819:0809,343.0,128.0,0.0,30.34,24.97,0.41,0.0
20230819:0909,584.0,110.0,0.0,41.98,27.52,0.9,0.0
20230819:1009,616.0,182.0,0.0,52.76,29.58,0.97,0.0
20230819:1109,689.01,201.0,0.0,61.44,31.23,1.03,0.0
20230819:1209,708.01,215.0,0.0,65.49,32.6,1.24,0.0
20230819:1309,714.01,195.0,0.0,62.7,33.59,1.52,0.0
20230819:1409,651.0,177.0,0.0,54.68,34.22,1.86,0.0
20230819:1509,604.0,120.0,0.0,44.17,34.45,2.28,0.0
20230819:1609,386.0,130.0,0.0,32.65,34.18,2.62,0.0
20230819:1709,197.0,108.0,0.0,20.76,33.37,2.55,0.0
20230819:1809,51.0,55.0,0.0,8.89,32.11,2.21,0.0
20230819:1909,0.0,0.0,0.0,0.0,30.35,1.72,0.0
20230819:2009,0.0,0.0,0.0,0.0,28.77,0.76,0.0
20230819:2109,0.0,0.0,0.0,0.0,28.03,0.0,0.0
20230819:2209,0.0,0.0,0.0,0.0,26.35,0.76,0.0
20230819:2309,0.0,0.0,0.0,0.0,24.85,1.1,0.0
20230820:0009,0.0,0.0,0.0,0.0,23.87,1.17,0.0
20230820:0109,0.0,0.0,0.0,0.0,23.12,1.17,0.0
20230820:0209,0.0,0.0,0.0,0.0,22.55,1.1,0.0
20230820:0309,0.0,0.0,0.0,0.0,21.93,1.17,0.0
20230820:0409,0.0,0.0,0.0,0.0,21.45,1.17,0.0
20230820:0509,0.0,0.0,0.0,0.0,21.07,1.17,0.0
20230820:0609,33.0,38.0,0.0,6.45,20.69,1.17,0.0
20230820:0709,176.0,89.0,0.0,18.3,23.68,0.62,0.0
20230820:0809,350.0,121.0,0.0,30.2,27.6,0.41,0.0
20230820:0909,490.0,158.0,0.0,41.82,29.84,0.62,0.0
20230820:1009,609.0,182.0,0.0,52.56,31.58,0.83,0.0
20230820:1109,681.01,202.0,0.0,61.18,32.92,1.03,0.0
20230820:1209,686.01,224.0,0.0,65.16,34.01,1.52,0.0
20230820:1309,706.01,195.0,0.0,62.37,34.73,1.72,0.0
20230820:1409,655.0,170.0,0.0,54.39,35.1,1.79,0.0
20230820:1509,540.0,149.0,0.0,43.92,35.08,1.79,0.0
20230820:1609,385.0,126.0,0.0,32.4,34.61,1.66,0.0
20230820:1709,210.0,97.0,0.0,20.52,33.87,1.66,0.0
20230820:1809,50.0,53.0,0.0,8.65,32.29,2.07,0.0
20230820:1909,0.0,0.0,0.0,0.0,29.7,1.93,0.0
20230820:2009,0.0,0.0,0.0,0.0,27.83,2.07,0.0
20230820:2109,0.0,0.0,0.0,0.0,26.63,1.52,0.0
20230820:2209,0.0,0.0,0.0,0.0,25.75,1.17,0.0
20230820:2309,0.0,0.0,0.0,0.0,24.92,0.97,0.0
20230821:0009,0.0,0.0,0.0,0.0,24.49,0.76,0.0
20230821:0109,0.0,0.0,0.0,0.0,24.36,0.48,0.0
20230821:0209,0.0,0.0,0.0,0.0,23.87,0.41,0.0
20230821:0309,0.0,0.0,0.0,0.0,23.41,0.34,0.0
20230821:0409,0.0,0.0,0.0,0.0,23.02,0.55,0.0
20230821:0509,0.0,0.0,0.0,0.0,22.76,0.48,0.0
20230821:0609,24.0,39.0,0.0,6.3,22.6,0.0,0.0
20230821:0709,169.0,89.0,0.0,18.15,23.56,0.48,0.0
20230821:0809,341.0,121.0,0.0,30.05,26.86,1.38,0.0
20230821:0909,480.0,158.0,0.0,41.65,29.0,1.93,0.0
20230821:1009,610.0,175.0,0.0,52.36,30.65,2.28,0.0
20230821:1109,696.01,185.0,0.0,60.92,31.88,2.76,0.0
20230821:1209,702.01,206.0,0.0,64.84,32.81,3.1,0.0
20230821:1309,707.01,186.0,0.0,62.05,33.37,3.31,0.0
20230821:1409,655.0,162.0,0.0,54.1,33.51,3.45,0.0
20230821:1509,528.0,150.0,0.0,43.66,33.2,3.24,0.0
20230821:1609,375.0,126.0,0.0,32.16,32.25,3.17,0.0
20230821:1709,194.0,101.0,0.0,20.28,31.37,3.38,0.0
20230821:1809,44.0,52.0,0.0,8.4,29.84,3.38,0.0
20230821:1909,0.0,0.0,0.0,0.0,27.6,2.62,0.0
20230821:2009,0.0,0.0,0.0,0.0,26.29,1.93,0.0
20230821:2109,0.0,0.0,0.0,0.0,25.25,1.59,0.0
20230821:2209,0.0,0.0,0.0,0.0,23.94,1.38,0.0
20230821:2309,0.0,0.0,0.0,0.0,22.64,1.24,0.0
20230822:0009,0.0,0.0,0.0,0.0,21.96,1.17,0.0
20230822:0109,0.0,0.0,0.0,0.0,21.31,1.1,0.0
20230822:0209,0.0,0.0,0.0,0.0,20.76,1.1,0.0
20230822:0309,0.0,0.0,0.0,0.0,20.26,1.1,0.0
20230822:0409,0.0,0.0,0.0,0.0,19.81,1.17,0.0
20230822:0509,0.0,0.0,0.0,0.0,19.37,1.17,0.0
20230822:0609,25.0,37.0,0.0,6.15,18.96,1.24,0.0
20230822:0709,164.0,93.0,0.0,18.01,20.93,0.97,0.0
20230822:0809,342.0,124.0,0.0,29.91,24.91,2.14,0.0
20230822:0909,489.0,157.0,0.0,41.49,27.27,2.83,0.0
20230822:1009,608.0,182.0,0.0,52.16,29.23,3.38,0.0
20230822:1109,680.01,202.0,0.0,60.65,30.82,3.79,0.0
20230822:1209,699.01,214.0,0.0,64.51,31.87,4.07,0.0
20230822:1309,704.01,194.0,0.0,61.71,32.37,4.21,0.0
20230822:1409,640.0,177.0,0.0,53.81,32.42,4.21,0.0
20230822:1509,516.0,161.0,0.0,43.39,32.06,4.21,0.0
20230822:1609,375.0,128.0,0.0,31.91,31.17,4.07,0.0
20230822:1709,198.0,99.0,0.0,20.04,29.96,3.86,0.0
20230822:1809,48.0,49.0,0.0,8.15,28.33,3.38,0.0
20230822:1909,0.0,0.0,0.0,0.0,26.87,2.55,0.0
20230822:2009,0.0,0.0,0.0,0.0,25.54,2.21,0.0
20230822:2109,0.0,0.0,0.0,0.0,24.43,1.86,0.0
20230822:2209,0.0,0.0,0.0,0.0,23.17,1.59,0.0
20230822:2309,0.0,0.0,0.0,0.0,21.69,1.38,0.0
20230823:0009,0.0,0.0,0.0,0.0,20.98,1.31,0.0
20230823:0109,0.0,0.0,0.0,0.0,20.37,1.17,0.0
20230823:0209,0.0,0.0,0.0,0.0,19.77,1.17,0.0
20230823:0309,0.0,0.0,0.0,0.0,19.21,1.17,0.0
20230823:0409,0.0,0.0,0.0,0.0,18.69,1.17,0.0
20230823:0509,0.0,0.0,0.0,0.0,18.25,1.17,0.0
20230823:0609,28.0,36.0,0.0,6.01,17.87,1.17,0.0
20230823:0709,171.0,90.0,0.0,17.87,19.82,0.9,0.0
20230823:0809,336.0,130.0,0.0,29.76,23.79,1.86,0.0
20230823:0909,478.0,168.0,0.0,41.32,26.43,2.48,0.0
20230823:1009,606.0,188.0,0.0,51.96,28.66,2.83,0.0
20230823:1109,664.01,217.0,0.0,60.38,30.45,3.1,0.0
20230823:1209,709.01,214.0,0.0,64.17,31.69,3.24,0.0
20230823:1309,701.01,202.0,0.0,61.38,32.38,3.31,0.0
20230823:1409,662.01,168.0,0.0,53.51,32.59,3.38,0.0
20230823:1509,534.0,153.0,0.0,43.12,32.34,3.31,0.0
20230823:1609,373.0,131.0,0.0,31.65,31.74,3.24,0.0
20230823:1709,197.0,100.0,0.0,19.79,30.68,3.31,0.0
20230823:1809,44.0,49.0,0.0,7.9,29.21,3.1,0.0
20230823:1909,0.0,0.0,0.0,0.0,27.41,2.48,0.0
20230823:2009,0.0,0.0,0.0,0.0,26.07,1.86,0.0
20230823:2109,0.0,0.0,0.0,0.0,24.7,1.45,0.0
20230823:2209,0.0,0.0,0.0,0.0,23.06,1.24,0.0
20230823:2309,0.0,0.0,0.0,0.0,22.16,1.1,0.0
20230824:0009,0.0,0.0,0.0,0.0,21.34,1.17,0.0
20230824:0109,0.0,0.0,0.0,0.0,20.89,1.1,0.0
20230824:0209,0.0,0.0,0.0,0.0,20.36,1.1,0.0
20230824:0309,0.0,0.0,0.0,0.0,19.84,1.1,0.0
20230824:0409,0.0,0.0,0.0,0.0,19.32,1.17,0.0
20230824:0509,0.0,0.0,0.0,0.0,18.78,1.24,0.0
20230824:0609,24.0,36.0,0.0,5.86,18.31,1.24,0.0
20230824:0709,165.0,92.0,0.0,17.72,21.56,0.62,0.0
20230824:0809,339.0,126.0,0.0,29.61,25.51,0.55,0.0
20230824:0909,484.0,162.0,0.0,41.16,28.09,0.83,0.0
20230824:1009,614.0,181.0,0.0,51.75,30.0,1.24,0.0
20230824:1109,687.01,200.0,0.0,60.11,31.54,1.59,0.0
20230824:1209,705.01,214.0,0.0,63.84,32.78,1.93,0.0
20230824:1309,710.01,193.0,0.0,61.04,33.7,2.14,0.0
20230824:1409,645.01,175.0,0.0,53.2,34.33,2.21,0.0
20230824:1509,519.0,159.0,0.0,42.85,34.51,2.28,0.0
20230824:1609,375.0,127.0,0.0,31.4,34.14,2.28,0.0
20230824:1709,193.0,99.0,0.0,19.53,33.51,2.21,0.0
20230824:1809,43.0,47.0,0.0,7.64,32.4,1.79,0.0
20230824:1909,0.0,0.0,0.0,0.0,30.85,1.24,0.0
20230824:2009,0.0,0.0,0.0,0.0,29.04,0.55,0.0
20230824:2109,0.0,0.0,0.0,0.0,28.48,0.07,0.0
20230824:2209,0.0,0.0,0.0,0.0,27.63,0.41,0.0
20230824:2309,0.0,0.0,0.0,0.0,26.57,0.69,0.0
20230825:0009,0.0,0.0,0.0,0.0,25.63,0.9,0.0
20230825:0109,0.0,0.0,0.0,0.0,24.6,1.1,0.0
20230825:0209,0.0,0.0,0.0,0.0,24.28,1.1,0.0
20230825:0309,0.0,0.0,0.0,0.0,24.43,1.03,0.0
20230825:0409,0.0,0.0,0.0,0.0,24.6,0.97,0.0
20230825:0509,0.0,0.0,0.0,0.0,24.4,0.76,0.0
20230825:0609,18.0,31.13,0.0,5.71,24.21,0.62,0.0
20230825:0709,148.0,96.0,0.0,17.58,25.22,0.34,0.0
20230825:0809,327.0,127.0,0.0,29.46,28.16,0.76,0.0
20230825:0909,480.0,156.0,0.0,40.99,30.26,1.17,0.0
20230825:1009,622.0,167.0,0.0,51.54,31.87,1.86,0.0
20230825:1109,711.01,175.0,0.0,59.83,33.19,2.28,0.0
20230825:1209,716.01,196.0,0.0,63.5,34.1,2.48,0.0
20230825:1309,592.01,255.0,0.0,60.7,34.33,2.41,0.0
20230825:1409,398.0,308.0,0.0,52.9,34.18,2.0,0.0
20230825:1509,251.0,295.0,0.0,42.57,34.34,2.07,0.0
20230825:1609,0.0,70.0,0.0,31.13,33.03,3.1,0.0
20230825:1709,24.0,144.0,0.0,19.28,31.9,3.17,0.0
20230825:1809,44.0,44.0,0.0,7.38,30.79,2.28,0.0
20230825:1909,0.0,0.0,0.0,0.0,30.2,1.52,0.0
20230825:2009,0.0,0.0,0.0,0.0,28.74,0.69,0.0
20230825:2109,0.0,0.0,0.0,0.0,28.44,0.41,0.0
20230825:2209,0.0,0.0,0.0,0.0,27.47,0.69,0.0
20230825:2309,0.0,0.0,0.0,0.0,26.03,0.97,0.0
20230826:0009,0.0,0.0,0.0,0.0,24.42,1.24,0.0
20230826:0109,0.0,0.0,0.0,0.0,23.26,1.31,0.0
20230826:0209,0.0,0.0,0.0,0.0,22.63,1.31,0.0
20230826:0309,0.0,0.0,0.0,0.0,22.12,1.31,0.0
20230826:0409,0.0,0.0,0.0,0.0,21.74,1.38,0.0
20230826:0509,0.0,0.0,0.0,0.0,21.23,1.38,0.0
20230826:0609,13.0,31.49,0.0,5.55,20.58,1.45,0.0
20230826:0709,142.0,97.0,0.0,17.43,22.59,1.03,0.0
20230826:0809,323.0,126.0,0.0,29.31,27.51,0.9,0.0
20230826:0909,493.0,145.0,0.0,40.82,30.36,0.55,0.0
20230826:1009,616.01,167.0,0.0,51.32,32.17,1.66,0.0
20230826:1109,677.01,192.0,0.0,59.55,33.36,2.48,0.0
20230826:1209,13.0,373.0,0.0,63.15,33.84,3.45,0.0
20230826:1309,291.0,403.0,0.0,60.35,30.87,3.72,0.0
20230826:1409,384.0,311.0,0.0,52.58,30.45,2.21,0.0
20230826:1509,0.0,78.0,0.0,42.28,30.59,1.93,0.0
20230826:1609,0.0,62.0,0.0,30.87,30.76,2.69,0.0
20230826:1709,0.0,76.0,0.0,19.02,29.06,2.14,0.0
20230826:1809,12.0,47.0,0.0,7.12,28.33,0.9,0.0
20230826:1909,0.0,0.0,0.0,0.0,26.57,1.31,0.0
20230826:2009,0.0,0.0,0.0,0.0,25.66,2.9,0.0
20230826:2109,0.0,0.0,0.0,0.0,23.59,2.9,0.0
20230826:2209,0.0,0.0,0.0,0.0,21.82,2.14,0.0
20230826:2309,0.0,0.0,0.0,0.0,20.91,1.72,0.0
20230827:0009,0.0,0.0,0.0,0.0,20.96,1.72,0.0
20230827:0109,0.0,0.0,0.0,0.0,20.85,1.72,0.0
20230827:0209,0.0,0.0,0.0,0.0,20.7,1.17,0.0
20230827:0309,0.0,0.0,0.0,0.0,20.56,1.17,0.0
20230827:0409,0.0,0.0,0.0,0.0,19.79,1.79,0.0
20230827:0509,0.0,0.0,0.0,0.0,18.96,2.48,0.0
20230827:0609,27.0,24.36,0.0,5.4,17.57,2.83,0.0
20230827:0709,168.0,85.0,0.0,17.29,15.91,3.52,0.0
20230827:0809,331.0,126.0,0.0,29.16,16.39,3.93,0.0
20230827:0909,486.0,155.0,0.0,40.64,17.61,4.28,0.0
20230827:1009,606.01,180.0,0.0,51.11,19.09,4.62,0.0
20230827:1109,556.0,273.0,0.0,59.27,20.52,4.97,0.0
20230827:1209,710.01,204.0,0.0,62.81,21.47,5.17,0.0
20230827:1309,686.01,201.0,0.0,60.0,22.16,4.97,0.0
20230827:1409,542.0,230.0,0.0,52.27,22.65,4.48,0.0
20230827:1509,517.0,152.0,0.0,42.0,22.84,4.21,0.0
20230827:1609,374.0,119.0,0.0,30.6,22.71,4.0,0.0
20230827:1709,165.0,105.0,0.0,18.75,22.16,3.72,0.0
20230827:1809,17.0,47.0,0.0,6.85,21.1,2.97,0.0
20230827:1909,0.0,0.0,0.0,0.0,19.51,2.07,0.0
20230827:2009,0.0,0.0,0.0,0.0,18.72,1.59,0.0
20230827:2109,0.0,0.0,0.0,0.0,17.71,1.1,0.0
20230827:2209,0.0,0.0,0.0,0.0,16.84,0.9,0.0
20230827:2309,0.0,0.0,0.0,0.0,16.56,0.76,0.0
20230828:0009,0.0,0.0,0.0,0.0,16.38,0.55,0.0
20230828:0109,0.0,0.0,0.0,0.0,15.9,0.41,0.0
20230828:0209,0.0,0.0,0.0,0.0,15.45,0.21,0.0
20230828:0309,0.0,0.0,0.0,0.0,15.01,0.14,0.0
20230828:0409,0.0,0.0,0.0,0.0,14.63,0.28,0.0
20230828:0509,0.0,0.0,0.0,0.0,14.29,0.55,0.0
20230828:0609,23.0,25.19,0.0,5.25,14.03,0.69,0.0
20230828:0709,172.0,83.0,0.0,17.14,14.29,0.76,0.0
20230828:0809,338.0,124.0,0.0,29.01,17.1,1.45,0.0
20230828:0909,485.0,160.0,0.0,40.47,18.97,1.79,0.0
20230828:1009,616.01,179.0,0.0,50.89,20.8,1.86,0.0
20230828:1109,662.01,215.0,0.0,58.98,22.56,1.86,0.0
20230828:1209,680.01,229.0,0.0,62.46,24.11,2.0,0.0
20230828:1309,696.01,200.0,0.0,59.65,25.31,2.21,0.0
20230828:1409,630.01,181.0,0.0,51.95,26.09,2.62,0.0
20230828:1509,524.0,151.0,0.0,41.71,26.37,3.1,0.0
20230828:1609,374.0,120.0,0.0,30.32,26.1,3.38,0.0
20230828:1709,191.0,91.0,0.0,18.48,25.22,3.38,0.0
20230828:1809,34.0,41.0,0.0,6.58,23.83,3.03,0.0
20230828:1909,0.0,0.0,0.0,0.0,21.99,1.86,0.0
20230828:2009,0.0,0.0,0.0,0.0,20.82,1.31,0.0
20230828:2109,0.0,0.0,0.0,0.0,19.95,0.69,0.0
20230828:2209,0.0,0.0,0.0,0.0,19.47,0.28,0.0
20230828:2309,0.0,0.0,0.0,0.0,18.66,0.0,0.0
20230829:0009,0.0,0.0,0.0,0.0,18.03,0.21,0.0
20230829:0109,0.0,0.0,0.0,0.0,17.56,0.34,0.0
20230829:0209,0.0,0.0,0.0,0.0,17.24,0.55,0.0
20230829:0309,0.0,0.0,0.0,0.0,16.96,0.69,0.0
20230829:0409,0.0,0.0,0.0,0.0,16.68,0.83,0.0
20230829:0509,0.0,0.0,0.0,0.0,16.37,0.97,0.0
20230829:0609,25.0,22.92,0.0,5.1,15.1,1.17,0.0
20230829:0709,165.0,85.0,0.0,17.0,17.06,0.55,0.0
20230829:0809,321.0,131.0,0.0,28.85,19.93,0.28,0.0
20230829:0909,499.0,148.0,0.0,40.29,22.16,0.0,0.0
20230829:1009,610.01,180.0,0.0,50.67,23.97,0.69,0.0
20230829:1109,683.01,199.0,0.0,58.69,25.66,1.45,0.0
20230829:1209,700.01,212.0,0.0,62.11,26.94,2.07,0.0
20230829:1309,731.01,174.0,0.0,59.29,27.87,2.55,0.0
20230829:1409,648.01,166.0,0.0,51.63,28.36,2.9,0.0
20230829:1509,508.0,156.0,0.0,41.41,28.4,3.1,0.0
20230829:1609,361.0,124.0,0.0,30.04,28.01,3.31,0.0
20230829:1709,186.0,90.0,0.0,18.21,27.2,3.31,0.0
20230829:1809,29.0,41.0,0.0,6.31,25.9,2.76,0.0
20230829:1909,0.0,0.0,0.0,0.0,24.08,2.14,0.0
20230829:2009,0.0,0.0,0.0,0.0,22.74,1.38,0.0
20230829:2109,0.0,0.0,0.0,0.0,21.22,0.34,0.0
20230829:2209,0.0,0.0,0.0,0.0,21.25,0.14,0.0
20230829:2309,0.0,0.0,0.0,0.0,20.29,0.69,0.0
20230830:0009,0.0,0.0,0.0,0.0,19.56,0.83,0.0
20230830:0109,0.0,0.0,0.0,0.0,18.89,0.83,0.0
20230830:0209,0.0,0.0,0.0,0.0,18.31,0.9,0.0
20230830:0309,0.0,0.0,0.0,0.0,17.75,0.9,0.0
20230830:0409,0.0,0.0,0.0,0.0,17.16,0.9,0.0
20230830:0509,0.0,0.0,0.0,0.0,16.31,1.03,0.0
20230830:0609,19.0,24.24,0.0,4.95,15.79,1.03,0.0
20230830:0709,163.0,83.0,0.0,16.85,17.64,0.48,0.0
20230830:0809,305.0,135.0,0.0,28.7,20.23,0.62,0.0
20230830:0909,450.0,171.0,0.0,40.11,22.18,0.28,0.0
20230830:1009,597.01,179.0,0.0,50.45,23.76,0.9,0.0
20230830:1109,668.01,199.0,0.0,58.4,24.94,1.45,0.0
20230830:1209,672.01,220.0,0.0,61.75,25.8,1.79,0.0
20230830:1309,661.01,208.0,0.0,58.94,26.76,2.14,0.0
20230830:1409,656.01,152.0,0.0,51.3,27.74,2.55,0.0
20230830:1509,108.0,327.0,0.0,41.11,27.19,2.0,0.0
20230830:1609,168.0,217.0,0.0,29.76,26.23,1.59,0.0
20230830:1709,18.0,132.0,0.0,17.94,25.38,1.31,0.0
20230830:1809,22.0,39.0,0.0,6.03,24.58,1.1,0.0
20230830:1909,0.0,0.0,0.0,0.0,21.85,1.72,0.0
20230830:2009,0.0,0.0,0.0,0.0,20.41,1.93,0.0
20230830:2109,0.0,0.0,0.0,0.0,19.58,1.72,0.0
20230830:2209,0.0,0.0,0.0,0.0,18.86,1.17,0.0
20230830:2309,0.0,0.0,0.0,0.0,18.4,0.9,0.0
20230831:0009,0.0,0.0,0.0,0.0,17.88,0.69,0.0
20230831:0109,0.0,0.0,0.0,0.0,17.32,0.62,0.0
20230831:0209,0.0,0.0,0.0,0.0,16.93,0.62,0.0
20230831:0309,0.0,0.0,0.0,0.0,16.41,0.69,0.0
20230831:0409,0.0,0.0,0.0,0.0,15.91,0.83,0.0
20230831:0509,0.0,0.0,0.0,0.0,15.42,0.9,0.0
20230831:0609,17.0,23.76,0.0,4.8,14.95,0.97,0.0
20230831:0709,157.0,84.0,0.0,16.7,16.27,0.97,0.0
20230831:0809,319.0,124.0,0.0,28.54,18.92,1.1,0.0
20230831:0909,472.0,155.0,0.0,39.93,21.33,1.1,0.0
20230831:1009,603.01,172.0,0.0,50.22,23.39,0.97,0.0
20230831:1109,650.01,206.0,0.0,58.11,25.04,0.62,0.0
20230831:1209,499.0,317.0,0.0,61.4,26.38,0.34,0.0
20230831:1309,204.0,426.0,0.0,58.57,27.25,0.34,0.0
20230831:1409,484.0,251.0,0.0,50.97,27.88,0.41,0.0
20230831:1509,353.0,234.0,0.0,40.81,27.77,0.55,0.0
20230831:1609,94.0,234.0,0.0,29.48,27.8,0.48,0.0
20230831:1709,195.0,79.0,0.0,17.66,26.82,0.62,0.0
20230831:1809,34.0,34.0,0.0,5.75,25.28,0.97,0.0
20230831:1909,0.0,0.0,0.0,0.0,23.38,1.1,0.0
20230831:2009,0.0,0.0,0.0,0.0,22.36,1.03,0.0
20230831:2109,0.0,0.0,0.0,0.0,21.48,0.9,0.0
20230831:2209,0.0,0.0,0.0,0.0,20.6,0.83,0.0
20230831:2309,0.0,0.0,0.0,0.0,19.6,0.9,0.0
20230901:0009,0.0,0.0,0.0,0.0,19.09,0.76,0.0
20230901:0109,0.0,0.0,0.0,0.0,18.85,0.69,0.0
20230901:0209,0.0,0.0,0.0,0.0,18.38,0.69,0.0
20230901:0309,0.0,0.0,0.0,0.0,17.79,0.76,0.0
20230901:0409,0.0,0.0,0.0,0.0,17.32,0.83,0.0
20230901:0509,0.0,0.0,0.0,0.0,16.83,0.9,0.0
20230901:0609,11.0,25.17,0.0,4.65,16.47,0.9,0.0
20230901:0709,130.0,95.0,0.0,16.55,17.69,0.69,0.0
20230901:0809,303.0,130.0,0.0,28.38,20.7,0.69,0.0
20230901:0909,310.0,242.0,0.0,39.75,22.72,0.69,0.0
20230901:1009,145.0,381.0,0.0,49.99,24.74,0.69,0.0
20230901:1109,644.01,204.0,0.0,57.81,26.15,0.83,0.0
20230901:1209,776.01,146.0,0.0,61.04,27.09,0.83,0.0
20230901:1309,589.01,241.0,0.0,58.21,27.74,0.62,0.0
20230901:1409,489.0,242.0,0.0,50.63,28.27,0.48,0.0
20230901:1509,472.0,160.0,0.0,40.51,28.61,0.62,0.0
20230901:1609,266.0,162.0,0.0,29.19,28.19,0.9,0.0
20230901:1709,163.0,89.0,0.0,17.38,27.32,0.97,0.0
20230901:1809,20.0,29.53,0.0,5.47,26.17,0.9,0.0
20230901:1909,0.0,0.0,0.0,0.0,24.12,1.24,0.0
20230901:2009,0.0,0.0,0.0,0.0,22.48,1.17,0.0
20230901:2109,0.0,0.0,0.0,0.0,21.09,1.03,0.0
20230901:2209,0.0,0.0,0.0,0.0,19.71,0.97,0.0
20230901:2309,0.0,0.0,0.0,0.0,18.66,1.03,0.0
20230902:0009,0.0,0.0,0.0,0.0,17.67,1.24,0.0
20230902:0109,0.0,0.0,0.0,0.0,16.92,1.31,0.0
20230902:0209,0.0,0.0,0.0,0.0,16.92,1.24,0.0
20230902:0309,0.0,0.0,0.0,0.0,16.83,1.24,0.0
20230902:0409,0.0,0.0,0.0,0.0,16.56,1.24,0.0
20230902:0509,0.0,0.0,0.0,0.0,16.06,1.24,0.0
20230902:0609,4.0,24.05,0.0,4.49,15.82,1.38,0.0
20230902:0709,0.0,24.0,0.0,16.4,15.94,1.38,0.0
20230902:0809,0.0,43.0,0.0,28.22,17.23,1.52,0.0
20230902:0909,466.0,152.0,0.0,39.57,18.8,1.66,0.0
20230902:1009,608.01,162.0,0.0,49.76,21.03,1.45,0.0
20230902:1109,668.01,188.0,0.0,57.51,23.01,1.72,0.0
20230902:1209,672.01,208.0,0.0,60.68,24.19,1.79,0.0
20230902:1309,541.01,267.0,0.0,57.84,24.84,1.72,0.0
20230902:1409,401.0,288.0,0.0,50.3,25.36,1.72,0.0
20230902:1509,303.0,252.0,0.0,40.2,23.54,2.0,0.0
20230902:1609,2.0,161.0,0.0,28.9,22.36,1.86,0.0
20230902:1709,0.0,80.0,0.0,17.1,21.87,2.14,0.0
20230902:1809,2.0,28.52,0.0,5.18,20.56,2.34,0.0
20230902:1909,0.0,0.0,0.0,0.0,17.67,2.21,0.0
20230902:2009,0.0,0.0,0.0,0.0,16.03,2.0,0.0
20230902:2109,0.0,0.0,0.0,0.0,14.98,1.45,0.0
20230902:2209,0.0,0.0,0.0,0.0,14.42,1.59,0.0
20230902:2309,0.0,0.0,0.0,0.0,14.12,1.93,0.0
20230903:0009,0.0,0.0,0.0,0.0,13.96,1.72,0.0
20230903:0109,0.0,0.0,0.0,0.0,13.74,1.45,0.0
20230903:0209,0.0,0.0,0.0,0.0,13.68,1.52,0.0
20230903:0309,0.0,0.0,0.0,0.0,13.57,1.59,0.0
20230903:0409,0.0,0.0,0.0,0.0,13.46,1.59,0.0
20230903:0509,0.0,0.0,0.0,0.0,13.09,1.59,0.0
20230903:0609,0.0,18.0,0.0,4.34,12.77,1.31,0.0
20230903:0709,37.0,120.0,0.0,16.25,13.15,1.72,0.0
20230903:0809,4.0,166.0,0.0,28.06,14.47,2.55,0.0
20230903:0909,0.0,171.0,0.0,39.38,15.75,2.9,0.0
20230903:1009,0.0,122.0,0.0,49.53,15.87,2.21,0.0
20230903:1109,0.0,170.0,0.0,57.21,15.98,2.0,0.0
20230903:1209,3.0,313.0,0.0,60.31,16.25,1.59,0.0
20230903:1309,16.0,359.0,0.0,57.47,17.5,2.21,0.0
20230903:1409,17.0,326.0,0.0,49.96,18.15,2.97,0.0
20230903:1509,0.0,57.0,0.0,39.89,18.51,3.24,0.0
20230903:1609,0.0,80.0,0.0,28.61,19.53,3.31,0.0
20230903:1709,0.0,43.0,0.0,16.81,19.92,3.66,0.0
20230903:1809,15.0,26.95,0.0,4.9,19.69,3.59,0.0
20230903:1909,0.0,0.0,0.0,0.0,16.74,0.34,0.0
20230903:2009,0.0,0.0,0.0,0.0,16.15,0.48,0.0
20230903:2109,0.0,0.0,0.0,0.0,15.96,0.34,0.0
20230903:2209,0.0,0.0,0.0,0.0,16.1,0.41,0.0
20230903:2309,0.0,0.0,0.0,0.0,15.99,0.41,0.0
20230904:0009,0.0,0.0,0.0,0.0,16.22,0.69,0.0
20230904:0109,0.0,0.0,0.0,0.0,16.37,0.76,0.0
20230904:0209,0.0,0.0,0.0,0.0,16.58,0.62,0.0
20230904:0309,0.0,0.0,0.0,0.0,16.69,0.48,0.0
20230904:0409,0.0,0.0,0.0,0.0,16.45,0.41,0.0
20230904:0509,0.0,0.0,0.0,0.0,16.25,0.41,0.0
20230904:0609,0.0,22.0,0.0,4.19,16.05,0.41,0.0
20230904:0709,21.0,116.0,0.0,16.1,16.48,0.69,0.0
20230904:0809,70.0,218.0,0.0,27.9,17.12,0.62,0.0
20230904:0909,487.0,133.0,0.0,39.19,18.97,0.55,0.0
20230904:1009,692.01,109.0,0.0,49.29,20.68,0.83,0.0
20230904:1109,745.01,135.0,0.0,56.9,22.4,1.17,0.0
20230904:1209,758.01,147.0,0.0,59.94,23.67,1.17,0.0
20230904:1309,105.0,423.0,0.0,57.1,24.28,1.45,0.0
20230904:1409,52.0,365.0,0.0,49.61,24.85,1.52,0.0
20230904:1509,75.0,311.0,0.0,39.57,24.76,1.86,0.0
20230904:1609,23.0,209.0,0.0,28.31,24.33,1.72,0.0
20230904:1709,119.0,102.0,0.0,16.52,23.63,1.59,0.0
20230904:1809,14.0,25.24,0.0,4.61,22.51,1.38,0.0
20230904:1909,0.0,0.0,0.0,0.0,21.1,1.31,0.0
20230904:2009,0.0,0.0,0.0,0.0,19.27,1.17,0.0
20230904:2109,0.0,0.0,0.0,0.0,17.98,0.97,0.0
20230904:2209,0.0,0.0,0.0,0.0,17.91,0.55,0.0
20230904:2309,0.0,0.0,0.0,0.0,17.27,0.21,0.0
20230905:0009,0.0,0.0,0.0,0.0,16.77,0.48,0.0
20230905:0109,0.0,0.0,0.0,0.0,16.18,0.83,0.0
20230905:0209,0.0,0.0,0.0,0.0,15.58,0.9,0.0
20230905:0309,0.0,0.0,0.0,0.0,15.44,0.83,0.0
20230905:0409,0.0,0.0,0.0,0.0,15.67,0.76,0.0
20230905:0509,0.0,0.0,0.0,0.0,15.71,0.69,0.0
20230905:0609,0.0,15.0,0.0,4.04,15.54,0.62,0.0
20230905:0709,161.0,75.0,0.0,15.95,15.89,0.41,0.0
20230905:0809,332.0,108.0,0.0,27.74,19.29,0.48,0.0
20230905:0909,486.0,136.0,0.0,39.0,21.38,0.69,0.0
20230905:1009,613.01,154.0,0.0,49.05,23.08,0.83,0.0
20230905:1109,674.01,178.0,0.0,56.59,24.51,0.97,0.0
20230905:1209,691.01,190.0,0.0,59.58,25.57,1.03,0.0
20230905:1309,501.01,284.0,0.0,56.72,26.38,1.38,0.0
20230905:1409,628.01,148.0,0.0,49.27,26.51,1.17,0.0
20230905:1509,99.0,312.0,0.0,39.26,26.08,0.97,0.0
20230905:1609,112.0,217.0,0.0,28.01,25.73,1.31,0.0
20230905:1709,110.0,104.0,0.0,16.23,24.62,1.45,0.0
20230905:1809,0.0,8.0,0.0,4.31,23.37,1.31,0.0
20230905:1909,0.0,0.0,0.0,0.0,22.6,0.55,0.0
20230905:2009,0.0,0.0,0.0,0.0,21.32,0.41,0.0
20230905:2109,0.0,0.0,0.0,0.0,20.15,0.48,0.0
20230905:2209,0.0,0.0,0.0,0.0,19.3,0.69,0.0
20230905:2309,0.0,0.0,0.0,0.0,18.83,0.62,0.0
20230906:0009,0.0,0.0,0.0,0.0,18.44,0.55,0.0
20230906:0109,0.0,0.0,0.0,0.0,17.78,0.62,0.0
20230906:0209,0.0,0.0,0.0,0.0,17.3,0.69,0.0
20230906:0309,0.0,0.0,0.0,0.0,16.96,0.69,0.0
20230906:0409,0.0,0.0,0.0,0.0,16.54,0.62,0.0
20230906:0509,0.0,0.0,0.0,0.0,16.4,0.55,0.0
20230906:0609,0.0,19.0,0.0,3.88,16.34,0.62,0.0
20230906:0709,160.0,73.0,0.0,15.8,17.41,0.48,0.0
20230906:0809,327.0,108.0,0.0,27.57,19.26,0.76,0.0
20230906:0909,420.0,172.0,0.0,38.81,20.91,1.03,0.0
20230906:1009,460.0,242.0,0.0,48.81,22.64,1.31,0.0
20230906:1109,442.0,310.0,0.0,56.28,24.23,1.38,0.0
20230906:1209,245.0,416.0,0.0,59.21,25.25,1.1,0.0
20230906:1309,351.0,356.0,0.0,56.35,26.01,0.83,0.0
20230906:1409,533.01,202.0,0.0,48.92,26.42,0.9,0.0
20230906:1509,485.0,136.0,0.0,38.94,26.48,1.03,0.0
20230906:1609,347.0,102.0,0.0,27.71,25.94,1.59,0.0
20230906:1709,85.0,111.0,0.0,15.94,24.64,1.66,0.0
20230906:1809,10.0,22.35,0.0,4.02,23.12,1.79,0.0
20230906:1909,0.0,0.0,0.0,0.0,21.73,1.79,0.0
20230906:2009,0.0,0.0,0.0,0.0,20.61,1.38,0.0
20230906:2109,0.0,0.0,0.0,0.0,20.0,1.17,0.0
20230906:2209,0.0,0.0,0.0,0.0,19.19,1.17,0.0
20230906:2309,0.0,0.0,0.0,0.0,18.42,1.38,0.0
20230907:0009,0.0,0.0,0.0,0.0,17.93,1.38,0.0
20230907:0109,0.0,0.0,0.0,0.0,17.63,1.24,0.0
20230907:0209,0.0,0.0,0.0,0.0,17.35,1.17,0.0
20230907:0309,0.0,0.0,0.0,0.0,16.95,1.1,0.0
20230907:0409,0.0,0.0,0.0,0.0,16.5,0.97,0.0
20230907:0509,0.0,0.0,0.0,0.0,16.49,0.9,0.0
20230907:0609,0.0,4.0,0.0,3.73,16.41,0.9,0.0
20230907:0709,1.0,84.0,0.0,15.64,17.31,1.03,0.0
20230907:0809,93.0,211.0,0.0,27.41,18.77,1.24,0.0
20230907:0909,396.0,180.0,0.0,38.62,20.69,1.45,0.0
20230907:1009,572.01,169.0,0.0,48.57,22.67,1.38,0.0
20230907:1109,681.01,162.0,0.0,55.97,24.29,0.97,0.0
20230907:1209,528.01,276.0,0.0,58.83,25.36,0.48,0.0
20230907:1309,669.01,171.0,0.0,55.97,25.95,0.21,0.0
20230907:1409,597.01,155.0,0.0,48.57,26.4,0.21,0.0
20230907:1509,473.0,136.0,0.0,38.61,26.54,0.34,0.0
20230907:1609,226.0,162.0,0.0,27.41,26.23,0.55,0.0
20230907:1709,140.0,81.0,0.0,15.64,25.45,0.69,0.0
20230907:1809,6.0,21.42,0.0,3.72,23.59,0.55,0.0
20230907:1909,0.0,0.0,0.0,0.0,22.85,0.62,0.0
20230907:2009,0.0,0.0,0.0,0.0,21.81,0.9,0.0
20230907:2109,0.0,0.0,0.0,0.0,20.82,1.03,0.0
20230907:2209,0.0,0.0,0.0,0.0,19.87,0.9,0.0
20230907:2309,0.0,0.0,0.0,0.0,19.03,0.83,0.0
20230908:0009,0.0,0.0,0.0,0.0,18.55,0.76,0.0
20230908:0109,0.0,0.0,0.0,0.0,18.24,0.69,0.0
20230908:0209,0.0,0.0,0.0,0.0,17.95,0.62,0.0
20230908:0309,0.0,0.0,0.0,0.0,17.27,0.69,0.0
20230908:0409,0.0,0.0,0.0,0.0,16.6,0.76,0.0
20230908:0509,0.0,0.0,0.0,0.0,16.0,0.9,0.0
20230908:0609,0.0,20.0,0.0,3.57,15.65,0.9,0.0
20230908:0709,154.0,73.0,0.0,15.49,17.09,1.1,0.0
20230908:0809,307.0,114.0,0.0,27.24,19.13,1.31,0.0
20230908:0909,513.01,115.0,0.0,38.42,21.71,1.52,0.0
20230908:1009,608.01,148.0,0.0,48.32,23.83,1.59,0.0
20230908:1109,646.01,186.0,0.0,55.65,25.57,1.31,0.0
20230908:1209,648.01,206.0,0.0,58.46,26.8,0.97,0.0
20230908:1309,685.01,161.0,0.0,55.58,27.83,0.62,0.0
20230908:1409,599.01,154.0,0.0,48.21,28.23,0.41,0.0
20230908:1509,487.0,129.0,0.0,38.29,27.59,0.48,0.0
20230908:1609,335.0,102.0,0.0,27.1,26.69,0.69,0.0
20230908:1709,131.0,84.0,0.0,15.34,25.83,1.31,0.0
20230908:1809,11.0,17.27,0.0,3.43,24.44,1.52,0.0
20230908:1909,0.0,0.0,0.0,0.0,22.77,1.45,0.0
20230908:2009,0.0,0.0,0.0,0.0,21.19,1.45,0.0
20230908:2109,0.0,0.0,0.0,0.0,19.96,1.52,0.0
20230908:2209,0.0,0.0,0.0,0.0,18.87,1.45,0.0
20230908:2309,0.0,0.0,0.0,0.0,18.07,1.38,0.0
20230909:0009,0.0,0.0,0.0,0.0,17.48,1.17,0.0
20230909:0109,0.0,0.0,0.0,0.0,17.19,0.97,0.0
20230909:0209,0.0,0.0,0.0,0.0,16.76,0.9,0.0
20230909:0309,0.0,0.0,0.0,0.0,16.15,0.9,0.0
20230909:0409,0.0,0.0,0.0,0.0,15.73,0.83,0.0
20230909:0509,0.0,0.0,0.0,0.0,15.51,0.83,0.0
20230909:0609,0.0,19.0,0.0,3.42,15.44,0.9,0.0
20230909:0709,127.0,83.0,0.0,15.33,17.49,0.83,0.0
20230909:0809,292.0,120.0,0.0,27.07,20.0,0.9,0.0
20230909:0909,468.0,135.0,0.0,38.22,22.28,0.97,0.0
20230909:1009,581.01,161.0,0.0,48.07,24.07,1.17,0.0
20230909:1109,652.01,178.0,0.0,55.33,25.74,1.17,0.0
20230909:1209,571.01,248.0,0.0,58.08,26.86,1.24,0.0
20230909:1309,665.01,170.0,0.0,55.2,27.48,1.17,0.0
20230909:1409,592.01,153.0,0.0,47.86,26.59,1.1,0.0
20230909:1509,442.0,150.0,0.0,37.96,24.49,1.45,0.0
20230909:1609,319.0,106.0,0.0,26.79,24.71,0.55,0.0
20230909:1709,150.0,72.0,0.0,15.04,24.24,0.34,0.0
20230909:1809,4.0,17.02,0.0,3.13,23.33,0.48,0.0
20230909:1909,0.0,0.0,0.0,0.0,22.93,0.69,0.0
20230909:2009,0.0,0.0,0.0,0.0,21.39,0.69,0.0
20230909:2109,0.0,0.0,0.0,0.0,20.47,0.62,0.0
20230909:2209,0.0,0.0,0.0,0.0,19.95,0.62,0.0
20230909:2309,0.0,0.0,0.0,0.0,19.17,0.69,0.0
20230910:0009,0.0,0.0,0.0,0.0,18.3,0.76,0.0
20230910:0109,0.0,0.0,0.0,0.0,17.65,0.83,0.0
20230910:0209,0.0,0.0,0.0,0.0,16.97,0.83,0.0
20230910:0309,0.0,0.0,0.0,0.0,15.62,0.97,0.0
20230910:0409,0.0,0.0,0.0,0.0,14.66,1.03,0.0
20230910:0509,0.0,0.0,0.0,0.0,14.05,1.1,0.0
20230910:0609,0.0,18.0,0.0,3.26,13.83,1.1,0.0
20230910:0709,97.0,96.0,0.0,15.18,17.06,0.62,0.0
20230910:0809,343.0,95.0,0.0,26.9,20.13,0.69,0.0
20230910:0909,428.0,160.0,0.0,38.02,22.2,0.97,0.0
20230910:1009,551.01,181.0,0.0,47.82,23.65,1.38,0.0
20230910:1109,669.01,169.0,0.0,55.01,24.51,1.45,0.0
20230910:1209,562.01,255.0,0.0,57.7,26.03,1.38,0.0
20230910:1309,668.01,169.0,0.0,54.82,27.02,1.38,0.0
20230910:1409,441.0,245.0,0.0,47.5,27.56,1.31,0.0
20230910:1509,526.01,105.0,0.0,37.63,24.86,1.24,0.0
20230910:1609,297.0,116.0,0.0,26.48,24.24,1.03,0.0
20230910:1709,121.0,83.0,0.0,14.74,23.44,1.1,0.0
20230910:1809,3.0,15.28,0.0,2.82,21.9,1.31,0.0
20230910:1909,0.0,0.0,0.0,0.0,22.55,0.69,0.0
20230910:2009,0.0,0.0,0.0,0.0,21.03,0.69,0.0
20230910:2109,0.0,0.0,0.0,0.0,20.07,0.76,0.0
20230910:2209,0.0,0.0,0.0,0.0,18.43,1.24,0.0
20230910:2309,0.0,0.0,0.0,0.0,18.0,0.9,0.0
20230911:0009,0.0,0.0,0.0,0.0,17.82,0.83,0.0
20230911:0109,0.0,0.0,0.0,0.0,17.56,0.76,0.0
20230911:0209,0.0,0.0,0.0,0.0,17.1,0.69,0.0
20230911:0309,0.0,0.0,0.0,0.0,16.73,0.69,0.0
20230911:0409,0.0,0.0,0.0,0.0,16.35,0.69,0.0
20230911:0509,0.0,0.0,0.0,0.0,16.1,0.62,0.0
20230911:0609,0.0,17.0,0.0,3.11,15.94,0.55,0.0
20230911:0709,150.0,71.0,0.0,15.02,16.62,0.28,0.0
20230911:0809,293.0,118.0,0.0,26.73,18.36,0.34,0.0
20230911:0909,452.0,144.0,0.0,37.82,20.11,0.41,0.0
20230911:1009,571.01,167.0,0.0,47.57,22.17,0.62,0.0
20230911:1109,583.01,220.0,0.0,54.69,24.08,1.31,0.0
20230911:1209,620.01,218.0,0.0,57.32,24.94,1.79,0.0
20230911:1309,386.0,329.0,0.0,54.43,25.81,2.41,0.0
20230911:1409,200.0,353.0,0.0,47.14,25.9,2.69,0.0
20230911:1509,178.0,281.0,0.0,37.3,25.49,2.69,0.0
20230911:1609,0.0,78.0,0.0,26.17,24.93,2.55,0.0
20230911:1709,49.0,108.0,0.0,14.44,24.22,2.21,0.0
20230911:1809,3.0,12.34,0.0,2.52,23.08,1.45,0.0
20230911:1909,0.0,0.0,0.0,0.0,21.55,1.38,0.0
20230911:2009,0.0,0.0,0.0,0.0,19.9,1.03,0.0
20230911:2109,0.0,0.0,0.0,0.0,19.0,0.83,0.0
20230911:2209,0.0,0.0,0.0,0.0,18.67,0.69,0.0
20230911:2309,0.0,0.0,0.0,0.0,17.51,0.83,0.0
20230912:0009,0.0,0.0,0.0,0.0,16.65,0.97,0.0
20230912:0109,0.0,0.0,0.0,0.0,16.1,0.97,0.0
20230912:0209,0.0,0.0,0.0,0.0,15.52,1.03,0.0
20230912:0309,0.0,0.0,0.0,0.0,15.15,1.03,0.0
20230912:0409,0.0,0.0,0.0,0.0,14.87,1.03,0.0
20230912:0509,0.0,0.0,0.0,0.0,14.73,0.9,0.0
20230912:0609,0.0,15.0,0.0,2.95,14.72,0.83,0.0
20230912:0709,126.0,80.0,0.0,14.86,16.06,0.48,0.0
20230912:0809,299.0,114.0,0.0,26.56,18.29,0.55,0.0
20230912:0909,462.0,138.0,0.0,37.62,20.24,0.28,0.0
20230912:1009,572.01,167.0,0.0,47.31,22.24,0.62,0.0
20230912:1109,618.01,199.0,0.0,54.36,24.01,0.97,0.0
20230912:1209,620.01,219.0,0.0,56.94,25.48,1.31,0.0
20230912:1309,536.01,247.0,0.0,54.04,26.54,1.72,0.0
20230912:1409,377.0,276.0,0.0,46.77,26.95,2.14,0.0
20230912:1509,324.0,214.0,0.0,36.96,26.51,2.07,0.0
20230912:1609,130.0,193.0,0.0,25.85,25.05,2.0,0.0
20230912:1709,4.0,88.0,0.0,14.13,24.39,1.86,0.0
20230912:1809,0.0,6.0,0.0,2.22,23.19,1.38,0.0
20230912:1909,0.0,0.0,0.0,0.0,21.66,0.97,0.0
20230912:2009,0.0,0.0,0.0,0.0,20.25,0.83,0.0
20230912:2109,0.0,0.0,0.0,0.0,19.54,0.76,0.0
20230912:2209,0.0,0.0,0.0,0.0,19.4,0.55,0.0
20230912:2309,0.0,0.0,0.0,0.0,18.63,0.34,0.0
20230913:0009,0.0,0.0,0.0,0.0,17.36,0.9,0.0
20230913:0109,0.0,0.0,0.0,0.0,16.56,0.9,0.0
20230913:0209,0.0,0.0,0.0,0.0,16.48,0.76,0.0
20230913:0309,0.0,0.0,0.0,0.0,15.75,0.83,0.0
20230913:0409,0.0,0.0,0.0,0.0,15.16,0.97,0.0
20230913:0509,0.0,0.0,0.0,0.0,14.81,0.83,0.0
20230913:0609,0.0,14.0,0.0,2.79,14.57,0.83,0.0
20230913:0709,118.0,82.0,0.0,14.7,15.29,0.9,0.0
20230913:0809,283.0,121.0,0.0,26.39,18.15,1.24,0.0
20230913:0909,465.01,133.0,0.0,37.41,20.5,1.24,0.0
20230913:1009,556.01,173.0,0.0,47.05,22.41,1.17,0.0
20230913:1109,30.0,373.0,0.0,54.04,23.86,1.03,0.0
20230913:1209,259.0,399.0,0.0,56.56,25.07,1.03,0.0
20230913:1309,322.0,355.0,0.0,53.65,25.61,1.1,0.0
20230913:1409,540.01,179.0,0.0,46.41,25.79,1.45,0.0
20230913:1509,415.0,158.0,0.0,36.63,21.99,1.59,0.0
20230913:1609,264.0,125.0,0.0,25.54,20.54,1.52,0.0
20230913:1709,106.0,82.0,0.0,13.83,20.65,1.17,0.0
20230913:1809,0.0,9.0,0.0,1.91,20.44,1.1,0.0
20230913:1909,0.0,0.0,0.0,0.0,19.75,1.52,0.0
20230913:2009,0.0,0.0,0.0,0.0,18.76,1.59,0.0
20230913:2109,0.0,0.0,0.0,0.0,18.1,1.72,0.0
20230913:2209,0.0,0.0,0.0,0.0,17.56,1.79,0.0
20230913:2309,0.0,0.0,0.0,0.0,17.04,1.38,0.0
20230914:0009,0.0,0.0,0.0,0.0,16.66,1.17,0.0
20230914:0109,0.0,0.0,0.0,0.0,16.35,1.03,0.0
20230914:0209,0.0,0.0,0.0,0.0,15.9,1.03,0.0
20230914:0309,0.0,0.0,0.0,0.0,15.49,1.03,0.0
20230914:0409,0.0,0.0,0.0,0.0,15.04,1.03,0.0
20230914:0509,0.0,0.0,0.0,0.0,14.74,1.03,0.0
20230914:0609,0.0,12.0,0.0,2.64,14.59,0.97,0.0
20230914:0709,81.0,96.0,0.0,14.54,16.23,1.45,0.0
20230914:0809,272.0,124.0,0.0,26.21,17.96,1.93,0.0
20230914:0909,88.0,295.0,0.0,37.2,20.2,2.28,0.0
20230914:1009,607.01,138.0,0.0,46.79,22.25,2.62,0.0
20230914:1109,464.01,280.0,0.0,53.71,23.88,2.62,0.0
20230914:1209,606.01,217.0,0.0,56.17,24.87,2.48,0.0
20230914:1309,701.01,138.0,0.0,53.26,25.34,2.48,0.0
20230914:1409,374.0,268.0,0.0,46.05,25.05,2.62,0.0
20230914:1509,27.0,267.0,0.0,36.29,24.04,2.41,0.0
20230914:1609,0.0,42.0,0.0,25.22,23.55,1.93,0.0
20230914:1709,0.0,37.0,0.0,13.52,22.46,2.28,0.0
20230914:1809,0.0,7.0,0.0,1.61,20.75,1.72,0.0
20230914:1909,0.0,0.0,0.0,0.0,20.05,2.28,0.0
20230914:2009,0.0,0.0,0.0,0.0,19.0,2.34,0.0
20230914:2109,0.0,0.0,0.0,0.0,18.18,2.28,0.0
20230914:2209,0.0,0.0,0.0,0.0,17.6,2.0,0.0
20230914:2309,0.0,0.0,0.0,0.0,17.07,1.79,0.0
20230915:0009,0.0,0.0,0.0,0.0,16.9,1.72,0.0
20230915:0109,0.0,0.0,0.0,0.0,16.76,1.79,0.0
20230915:0209,0.0,0.0,0.0,0.0,16.58,1.59,0.0
20230915:0309,0.0,0.0,0.0,0.0,16.48,0.69,0.0
20230915:0409,0.0,0.0,0.0,0.0,16.12,0.0,0.0
20230915:0509,0.0,0.0,0.0,0.0,15.72,0.97,0.0
20230915:0609,0.0,12.0,0.0,2.48,15.29,1.1,0.0
20230915:0709,125.0,75.0,0.0,14.38,16.12,0.97,0.0
20230915:0809,307.0,104.0,0.0,26.03,18.21,1.03,0.0
20230915:0909,467.01,128.0,0.0,36.99,20.68,1.24,0.0
20230915:1009,578.01,152.0,0.0,46.53,22.35,1.45,0.0
20230915:1109,62.0,394.0,0.0,53.38,23.79,1.45,0.0
20230915:1209,47.0,397.0,0.0,55.79,24.5,1.79,0.0
20230915:1309,0.0,104.0,0.0,52.87,20.88,2.41,0.0
20230915:1409,0.0,86.0,0.0,45.68,20.45,1.31,0.0
20230915:1509,297.0,216.0,0.0,35.95,20.86,0.76,0.0
20230915:1609,0.0,75.0,0.0,24.9,20.88,0.07,0.0
20230915:1709,125.0,67.0,0.0,13.21,19.33,1.1,0.0
20230915:1809,0.0,6.0,0.0,1.3,18.43,0.62,0.0
20230915:1909,0.0,0.0,0.0,0.0,18.8,0.97,0.0
20230915:2009,0.0,0.0,0.0,0.0,17.68,1.03,0.0
20230915:2109,0.0,0.0,0.0,0.0,16.47,1.38,0.0
20230915:2209,0.0,0.0,0.0,0.0,16.01,1.38,0.0
20230915:2309,0.0,0.0,0.0,0.0,15.41,1.38,0.0
20230916:0009,0.0,0.0,0.0,0.0,14.91,1.31,0.0
20230916:0109,0.0,0.0,0.0,0.0,14.68,1.38,0.0
20230916:0209,0.0,0.0,0.0,0.0,14.15,1.31,0.0
20230916:0309,0.0,0.0,0.0,0.0,13.82,1.24,0.0
20230916:0409,0.0,0.0,0.0,0.0,13.38,1.24,0.0
20230916:0509,0.0,0.0,0.0,0.0,12.97,1.24,0.0
20230916:0609,0.0,9.0,0.0,2.32,12.77,1.24,0.0
20230916:0709,140.0,68.0,0.0,14.22,14.58,1.1,0.0
20230916:0809,329.0,93.0,0.0,25.85,16.75,1.17,0.0
20230916:0909,424.0,153.0,0.0,36.78,18.88,1.31,0.0
20230916:1009,252.0,329.0,0.0,46.26,20.59,1.38,0.0
20230916:1109,641.01,175.0,0.0,53.04,22.25,1.24,0.0
20230916:1209,705.01,154.0,0.0,55.4,23.79,1.59,0.0
20230916:1309,333.0,343.0,0.0,52.47,24.6,2.14,0.0
20230916:1409,248.0,324.0,0.0,45.31,24.78,2.41,0.0
20230916:1509,374.0,172.0,0.0,35.61,24.59,2.41,0.0
20230916:1609,229.0,135.0,0.0,24.58,24.14,2.21,0.0
20230916:1709,98.0,76.0,0.0,12.9,23.39,1.52,0.0
20230916:1809,0.0,0.0,0.0,0.0,22.35,0.97,0.0
20230916:1909,0.0,0.0,0.0,0.0,21.33,0.28,0.0
20230916:2009,0.0,0.0,0.0,0.0,20.3,0.48,0.0
20230916:2109,0.0,0.0,0.0,0.0,18.72,0.83,0.0
20230916:2209,0.0,0.0,0.0,0.0,17.25,1.17,0.0
20230916:2309,0.0,0.0,0.0,0.0,16.47,1.31,0.0
20230917:0009,0.0,0.0,0.0,0.0,15.74,1.31,0.0
20230917:0109,0.0,0.0,0.0,0.0,15.37,1.17,0.0
20230917:0209,0.0,0.0,0.0,0.0,15.23,1.1,0.0
20230917:0309,0.0,0.0,0.0,0.0,14.94,1.03,0.0
20230917:0409,0.0,0.0,0.0,0.0,14.67,0.97,0.0
20230917:0509,0.0,0.0,0.0,0.0,14.52,0.97,0.0
20230917:0609,0.0,3.0,0.0,2.16,14.36,0.97,0.0
20230917:0709,65.0,98.0,0.0,14.06,15.28,1.17,0.0
20230917:0809,175.0,170.0,0.0,25.67,17.09,1.24,0.0
20230917:0909,234.0,250.0,0.0,36.56,19.08,1.38,0.0
20230917:1009,223.0,335.0,0.0,46.0,21.09,1.79,0.0
20230917:1109,174.0,396.0,0.0,52.71,22.46,2.14,0.0
20230917:1209,134.0,416.0,0.0,55.01,22.75,2.48,0.0
20230917:1309,4.0,295.0,0.0,52.08,24.06,2.97,0.0
20230917:1409,34.0,329.0,0.0,44.94,22.62,3.31,0.0
20230917:1509,99.0,282.0,0.0,35.27,23.25,3.93,0.0
20230917:1609,66.0,192.0,0.0,24.26,22.82,3.24,0.0
20230917:1709,19.0,92.0,0.0,12.59,22.03,2.69,0.0
20230917:1809,0.0,0.0,0.0,0.0,20.69,1.59,0.0
20230917:1909,0.0,0.0,0.0,0.0,18.01,1.31,0.0
20230917:2009,0.0,0.0,0.0,0.0,17.2,0.76,0.0
20230917:2109,0.0,0.0,0.0,0.0,16.56,0.21,0.0
20230917:2209,0.0,0.0,0.0,0.0,15.92,0.34,0.0
20230917:2309,0.0,0.0,0.0,0.0,15.13,0.69,0.0
20230918:0009,0.0,0.0,0.0,0.0,14.59,0.76,0.0
20230918:0109,0.0,0.0,0.0,0.0,13.77,0.83,0.0
20230918:0209,0.0,0.0,0.0,0.0,13.43,0.69,0.0
20230918:0309,0.0,0.0,0.0,0.0,13.51,0.41,0.0
20230918:0409,0.0,0.0,0.0,0.0,13.53,0.21,0.0
20230918:0509,0.0,0.0,0.0,0.0,13.35,0.28,0.0
20230918:0609,0.0,7.0,0.0,2.0,13.28,0.34,0.0
20230918:0709,55.0,100.0,0.0,13.89,14.25,0.28,0.0
20230918:0809,262.0,125.0,0.0,25.49,15.47,0.48,0.0
20230918:0909,444.01,136.0,0.0,36.35,17.02,0.41,0.0
20230918:1009,601.01,137.0,0.0,45.73,18.68,0.76,0.0
20230918:1109,634.01,174.0,0.0,52.37,20.46,1.59,0.0
20230918:1209,610.01,208.0,0.0,54.62,22.06,2.41,0.0
20230918:1309,313.0,347.0,0.0,51.69,23.1,2.48,0.0
20230918:1409,174.0,344.0,0.0,44.57,23.63,2.48,0.0
20230918:1509,387.0,158.0,0.0,34.93,23.75,2.55,0.0
20230918:1609,244.0,120.0,0.0,23.94,23.22,2.41,0.0
20230918:1709,29.0,91.0,0.0,12.28,22.37,2.14,0.0
20230918:1809,0.0,0.0,0.0,0.0,20.97,1.52,0.0
20230918:1909,0.0,0.0,0.0,0.0,18.62,1.79,0.0
20230918:2009,0.0,0.0,0.0,0.0,17.26,1.24,0.0
20230918:2109,0.0,0.0,0.0,0.0,16.21,0.9,0.0
20230918:2209,0.0,0.0,0.0,0.0,16.23,0.48,0.0
20230918:2309,0.0,0.0,0.0,0.0,15.87,0.14,0.0
20230919:0009,0.0,0.0,0.0,0.0,15.54,0.34,0.0
20230919:0109,0.0,0.0,0.0,0.0,15.2,0.48,0.0
20230919:0209,0.0,0.0,0.0,0.0,14.81,0.62,0.0
20230919:0309,0.0,0.0,0.0,0.0,14.34,0.69,0.0
20230919:0409,0.0,0.0,0.0,0.0,13.28,0.9,0.0
20230919:0509,0.0,0.0,0.0,0.0,12.54,1.03,0.0
20230919:0609,0.0,8.0,0.0,1.84,12.39,0.97,0.0
20230919:0709,35.0,102.0,0.0,13.73,13.98,0.62,0.0
20230919:0809,324.0,92.0,0.0,25.31,16.54,0.62,0.0
20230919:0909,453.01,131.0,0.0,36.13,18.67,0.48,0.0
20230919:1009,13.0,303.0,0.0,45.45,20.27,0.48,0.0
20230919:1109,431.01,294.0,0.0,52.03,21.69,0.76,0.0
20230919:1209,419.01,317.0,0.0,54.23,22.98,1.17,0.0
20230919:1309,398.0,306.0,0.0,51.29,23.67,1.1,0.0
20230919:1409,7.0,279.0,0.0,44.2,23.26,1.86,0.0
20230919:1509,11.0,235.0,0.0,34.59,21.46,1.79,0.0
20230919:1609,257.0,111.0,0.0,23.61,21.29,0.76,0.0
20230919:1709,113.0,61.0,0.0,11.97,20.33,0.83,0.0
20230919:1809,0.0,0.0,0.0,0.0,19.3,0.55,0.0
20230919:1909,0.0,0.0,0.0,0.0,17.87,0.69,0.0
20230919:2009,0.0,0.0,0.0,0.0,17.23,0.41,0.0
20230919:2109,0.0,0.0,0.0,0.0,16.38,0.48,0.0
20230919:2209,0.0,0.0,0.0,0.0,15.62,0.76,0.0
20230919:2309,0.0,0.0,0.0,0.0,14.3,0.9,0.0
20230920:0009,0.0,0.0,0.0,0.0,13.59,0.97,0.0
20230920:0109,0.0,0.0,0.0,0.0,12.97,1.03,0.0
20230920:0209,0.0,0.0,0.0,0.0,11.95,1.03,0.0
20230920:0309,0.0,0.0,0.0,0.0,11.89,1.1,0.0
20230920:0409,0.0,0.0,0.0,0.0,11.81,1.03,0.0
20230920:0509,0.0,0.0,0.0,0.0,11.69,1.03,0.0
20230920:0609,0.0,6.0,0.0,1.68,11.76,0.97,0.0
20230920:0709,108.0,77.0,0.0,13.56,12.85,0.41,0.0
20230920:0809,277.0,114.0,0.0,25.12,15.27,0.28,0.0
20230920:0909,444.01,135.0,0.0,35.91,17.27,0.55,0.0
20230920:1009,543.01,170.0,0.0,45.18,18.98,0.62,0.0
20230920:1109,598.01,196.0,0.0,51.69,20.51,0.55,0.0
20230920:1209,599.01,213.0,0.0,53.84,21.86,0.41,0.0
20230920:1309,626.01,172.0,0.0,50.89,22.96,0.76,0.0
20230920:1409,528.01,168.0,0.0,43.83,23.74,1.45,0.0
20230920:1509,423.01,132.0,0.0,34.24,23.92,2.14,0.0
20230920:1609,259.0,106.0,0.0,23.29,23.4,2.69,0.0
20230920:1709,81.0,72.0,0.0,11.65,22.22,2.83,0.0
20230920:1809,0.0,0.0,0.0,0.0,20.66,2.21,0.0
20230920:1909,0.0,0.0,0.0,0.0,19.13,1.72,0.0
20230920:2009,0.0,0.0,0.0,0.0,17.49,1.1,0.0
20230920:2109,0.0,0.0,0.0,0.0,17.27,0.69,0.0
20230920:2209,0.0,0.0,0.0,0.0,16.7,0.69,0.0
20230920:2309,0.0,0.0,0.0,0.0,15.61,0.9,0.0
20230921:0009,0.0,0.0,0.0,0.0,14.43,1.03,0.0
20230921:0109,0.0,0.0,0.0,0.0,13.64,1.1,0.0
20230921:0209,0.0,0.0,0.0,0.0,13.0,1.1,0.0
20230921:0309,0.0,0.0,0.0,0.0,12.33,1.17,0.0
20230921:0409,0.0,0.0,0.0,0.0,11.89,1.17,0.0
20230921:0509,0.0,0.0,0.0,0.0,11.61,1.17,0.0
20230921:0609,0.0,4.0,0.0,1.52,11.05,1.24,0.0
20230921:0709,127.0,67.0,0.0,13.39,11.98,1.03,0.0
20230921:0809,224.0,143.0,0.0,24.93,15.43,1.66,0.0
20230921:0909,375.0,176.0,0.0,35.68,17.71,2.41,0.0
20230921:1009,524.01,182.0,0.0,44.9,19.56,2.83,0.0
20230921:1109,567.01,215.0,0.0,51.35,21.27,3.1,0.0
20230921:1209,532.01,253.0,0.0,53.45,22.57,3.38,0.0
20230921:1309,592.01,193.0,0.0,50.5,23.28,3.59,0.0
20230921:1409,529.01,166.0,0.0,43.46,23.36,3.66,0.0
20230921:1509,391.0,150.0,0.0,33.9,22.8,3.72,0.0
20230921:1609,225.0,124.0,0.0,22.97,21.71,3.66,0.0
20230921:1709,47.0,83.0,0.0,11.34,20.3,3.31,0.0
20230921:1809,0.0,0.0,0.0,0.0,18.83,2.48,0.0
20230921:1909,0.0,0.0,0.0,0.0,18.33,2.0,0.0
20230921:2009,0.0,0.0,0.0,0.0,17.3,1.79,0.0
20230921:2109,0.0,0.0,0.0,0.0,16.65,1.66,0.0
20230921:2209,0.0,0.0,0.0,0.0,16.26,1.72,0.0
20230921:2309,0.0,0.0,0.0,0.0,16.1,1.72,0.0
20230922:0009,0.0,0.0,0.0,0.0,15.72,1.72,0.0
20230922:0109,0.0,0.0,0.0,0.0,15.32,1.59,0.0
20230922:0209,0.0,0.0,0.0,0.0,15.03,1.45,0.0
20230922:0309,0.0,0.0,0.0,0.0,14.8,1.45,0.0
20230922:0409,0.0,0.0,0.0,0.0,14.63,1.52,0.0
20230922:0509,0.0,0.0,0.0,0.0,14.49,1.59,0.0
20230922:0609,0.0,0.0,0.0,0.0,14.21,1.52,0.0
20230922:0709,93.0,80.0,0.0,13.22,14.5,1.66,0.0
20230922:0809,191.0,155.0,0.0,24.74,14.71,1.93,0.0
20230922:0909,151.0,275.0,0.0,35.46,15.68,2.21,0.0
20230922:1009,446.01,220.0,0.0,44.62,16.7,2.21,0.0
20230922:1109,575.01,202.0,0.0,51.01,18.22,2.07,0.0
20230922:1209,646.01,176.0,0.0,53.06,19.87,2.07,0.0
20230922:1309,612.01,172.0,0.0,50.1,21.07,2.21,0.0
20230922:1409,545.01,148.0,0.0,43.09,21.76,2.34,0.0
20230922:1509,371.0,155.0,0.0,33.55,21.76,2.41,0.0
20230922:1609,232.0,114.0,0.0,22.64,21.13,2.41,0.0
20230922:1709,77.0,67.0,0.0,11.03,19.87,2.28,0.0
20230922:1809,0.0,0.0,0.0,0.0,18.2,1.72,0.0
20230922:1909,0.0,0.0,0.0,0.0,16.31,1.59,0.0
20230922:2009,0.0,0.0,0.0,0.0,14.93,1.17,0.0
20230922:2109,0.0,0.0,0.0,0.0,14.89,0.55,0.0
20230922:2209,0.0,0.0,0.0,0.0,14.44,0.14,0.0
20230922:2309,0.0,0.0,0.0,0.0,13.94,0.28,0.0
20230923:0009,0.0,0.0,0.0,0.0,13.53,0.48,0.0
20230923:0109,0.0,0.0,0.0,0.0,13.18,0.83,0.0
20230923:0209,0.0,0.0,0.0,0.0,12.81,0.83,0.0
20230923:0309,0.0,0.0,0.0,0.0,12.41,0.83,0.0
20230923:0409,0.0,0.0,0.0,0.0,12.08,0.83,0.0
20230923:0509,0.0,0.0,0.0,0.0,11.72,0.9,0.0
20230923:0609,0.0,0.0,0.0,0.0,11.7,0.83,0.0
20230923:0709,101.0,76.0,0.0,13.05,11.75,0.69,0.0
20230923:0809,264.0,118.0,0.0,24.55,14.35,1.17,0.0
20230923:0909,409.01,153.0,0.0,35.23,16.7,1.45,0.0
20230923:1009,520.01,181.0,0.0,44.34,18.76,1.38,0.0
20230923:1109,562.01,214.0,0.0,50.66,20.56,1.17,0.0
20230923:1209,538.01,246.0,0.0,52.67,21.95,1.03,0.0
20230923:1309,621.01,170.0,0.0,49.7,22.96,0.9,0.0
20230923:1409,552.01,147.0,0.0,42.71,23.58,0.83,0.0
20230923:1509,391.01,144.0,0.0,33.21,23.79,0.83,0.0
20230923:1609,235.0,112.0,0.0,22.32,23.48,0.97,0.0
20230923:1709,56.0,74.0,0.0,10.72,22.58,1.24,0.0
20230923:1809,0.0,0.0,0.0,0.0,20.95,1.31,0.0
20230923:1909,0.0,0.0,0.0,0.0,19.44,1.17,0.0
20230923:2009,0.0,0.0,0.0,0.0,17.38,1.24,0.0
20230923:2109,0.0,0.0,0.0,0.0,15.6,1.31,0.0
20230923:2209,0.0,0.0,0.0,0.0,14.39,1.38,0.0
20230923:2309,0.0,0.0,0.0,0.0,13.47,1.38,0.0
20230924:0009,0.0,0.0,0.0,0.0,12.85,1.31,0.0
20230924:0109,0.0,0.0,0.0,0.0,12.39,1.24,0.0
20230924:0209,0.0,0.0,0.0,0.0,11.88,1.17,0.0
20230924:0309,0.0,0.0,0.0,0.0,11.52,1.17,0.0
20230924:0409,0.0,0.0,0.0,0.0,11.11,1.24,0.0
20230924:0509,0.0,0.0,0.0,0.0,10.95,1.24,0.0
20230924:0609,0.0,0.0,0.0,0.0,10.84,1.31,0.0
20230924:0709,97.0,76.0,0.0,12.88,11.51,1.24,0.0
20230924:0809,256.0,120.0,0.0,24.36,14.92,1.66,0.0
20230924:0909,413.01,148.0,0.0,35.0,17.66,2.14,0.0
20230924:1009,497.01,192.0,0.0,44.06,20.52,2.34,0.0
20230924:1109,547.01,220.0,0.0,50.31,22.78,2.28,0.0
20230924:1209,513.01,257.0,0.0,52.28,24.39,2.07,0.0
20230924:1309,616.01,170.0,0.0,49.31,25.48,1.86,0.0
20230924:1409,537.01,152.0,0.0,42.34,26.06,1.79,0.0
20230924:1509,394.01,138.0,0.0,32.87,26.08,1.79,0.0
20230924:1609,226.0,113.0,0.0,22.0,25.51,1.86,0.0
20230924:1709,53.0,72.0,0.0,10.41,24.21,1.93,0.0
20230924:1809,0.0,0.0,0.0,0.0,22.24,1.59,0.0
20230924:1909,0.0,0.0,0.0,0.0,20.79,1.31,0.0
20230924:2009,0.0,0.0,0.0,0.0,18.62,1.17,0.0
20230924:2109,0.0,0.0,0.0,0.0,17.6,1.1,0.0
20230924:2209,0.0,0.0,0.0,0.0,17.03,1.03,0.0
20230924:2309,0.0,0.0,0.0,0.0,16.45,0.97,0.0
20230925:0009,0.0,0.0,0.0,0.0,15.72,0.97,0.0
20230925:0109,0.0,0.0,0.0,0.0,15.16,0.97,0.0
20230925:0209,0.0,0.0,0.0,0.0,14.83,0.97,0.0
20230925:0309,0.0,0.0,0.0,0.0,14.72,0.97,0.0
20230925:0409,0.0,0.0,0.0,0.0,14.58,1.03,0.0
20230925:0509,0.0,0.0,0.0,0.0,14.26,1.1,0.0
20230925:0609,0.0,0.0,0.0,0.0,13.84,1.17,0.0
20230925:0709,97.0,75.0,0.0,12.71,13.63,1.03,0.0
20230925:0809,248.0,123.0,0.0,24.17,17.97,0.97,0.0
20230925:0909,403.01,152.0,0.0,34.77,22.04,1.66,0.0
20230925:1009,513.01,180.0,0.0,43.78,24.28,2.0,0.0
20230925:1109,544.01,219.0,0.0,49.97,25.96,2.07,0.0
20230925:1209,510.01,256.0,0.0,51.88,27.1,2.0,0.0
20230925:1309,600.01,176.0,0.0,48.91,27.79,1.86,0.0
20230925:1409,532.01,152.0,0.0,41.97,28.03,1.79,0.0
20230925:1509,374.01,147.0,0.0,32.52,27.83,1.79,0.0
20230925:1609,222.0,112.0,0.0,21.67,27.03,2.07,0.0
20230925:1709,49.0,70.0,0.0,10.1,25.36,2.21,0.0
20230925:1809,0.0,0.0,0.0,0.0,23.09,1.93,0.0
20230925:1909,0.0,0.0,0.0,0.0,21.1,1.52,0.0
20230925:2009,0.0,0.0,0.0,0.0,19.11,1.52,0.0
20230925:2109,0.0,0.0,0.0,0.0,17.18,1.45,0.0
20230925:2209,0.0,0.0,0.0,0.0,15.95,1.31,0.0
20230925:2309,0.0,0.0,0.0,0.0,15.22,1.17,0.0
20230926:0009,0.0,0.0,0.0,0.0,14.67,1.1,0.0
20230926:0109,0.0,0.0,0.0,0.0,14.28,1.03,0.0
20230926:0209,0.0,0.0,0.0,0.0,13.85,1.03,0.0
20230926:0309,0.0,0.0,0.0,0.0,13.68,0.97,0.0
20230926:0409,0.0,0.0,0.0,0.0,13.16,0.97,0.0
20230926:0509,0.0,0.0,0.0,0.0,12.53,1.1,0.0
20230926:0609,0.0,0.0,0.0,0.0,11.85,1.17,0.0
20230926:0709,94.0,74.0,0.0,12.53,11.68,0.9,0.0
20230926:0809,251.0,119.0,0.0,23.97,16.74,0.76,0.0
20230926:0909,416.01,142.0,0.0,34.54,20.54,1.17,0.0
20230926:1009,510.01,180.0,0.0,43.49,23.06,1.45,0.0
20230926:1109,552.01,212.0,0.0,49.62,24.9,1.66,0.0
20230926:1209,528.01,243.0,0.0,51.49,26.14,1.59,0.0
20230926:1309,596.01,176.0,0.0,48.51,26.87,1.45,0.0
20230926:1409,528.01,151.0,0.0,41.59,27.16,1.45,0.0
20230926:1509,385.01,137.0,0.0,32.18,26.97,1.38,0.0
20230926:1609,226.0,106.0,0.0,21.35,26.36,1.52,0.0
20230926:1709,46.0,69.0,0.0,9.78,25.09,1.66,0.0
20230926:1809,0.0,0.0,0.0,0.0,23.07,1.45,0.0
20230926:1909,0.0,0.0,0.0,0.0,21.02,1.52,0.0
20230926:2009,0.0,0.0,0.0,0.0,19.22,1.31,0.0
20230926:2109,0.0,0.0,0.0,0.0,17.41,1.31,0.0
20230926:2209,0.0,0.0,0.0,0.0,16.2,1.31,0.0
20230926:2309,0.0,0.0,0.0,0.0,15.32,1.24,0.0
20230927:0009,0.0,0.0,0.0,0.0,14.76,1.17,0.0
20230927:0109,0.0,0.0,0.0,0.0,14.29,1.1,0.0
20230927:0209,0.0,0.0,0.0,0.0,13.12,1.1,0.0
20230927:0309,0.0,0.0,0.0,0.0,12.04,1.1,0.0
20230927:0409,0.0,0.0,0.0,0.0,11.37,1.17,0.0
20230927:0509,0.0,0.0,0.0,0.0,11.01,1.17,0.0
20230927:0609,0.0,0.0,0.0,0.0,10.79,1.17,0.0
20230927:0709,90.0,74.0,0.0,12.36,12.28,1.03,0.0
20230927:0809,249.0,118.0,0.0,23.77,17.25,0.83,0.0
20230927:0909,405.01,147.0,0.0,34.3,20.91,0.83,0.0
20230927:1009,507.01,179.0,0.0,43.2,23.28,0.76,0.0
20230927:1109,549.01,211.0,0.0,49.27,25.04,0.97,0.0
20230927:1209,525.01,242.0,0.0,51.1,26.24,1.17,0.0
20230927:1309,591.01,176.0,0.0,48.12,27.02,1.45,0.0
20230927:1409,523.01,151.0,0.0,41.22,27.37,1.66,0.0
20230927:1509,380.01,136.0,0.0,31.83,27.31,1.72,0.0
20230927:1609,218.0,107.0,0.0,21.03,26.84,1.72,0.0
20230927:1709,48.0,65.0,0.0,9.47,25.78,1.45,0.0
20230927:1809,0.0,0.0,0.0,0.0,24.31,0.83,0.0
20230927:1909,0.0,0.0,0.0,0.0,22.92,0.48,0.0
20230927:2009,0.0,0.0,0.0,0.0,21.89,0.34,0.0
20230927:2109,0.0,0.0,0.0,0.0,20.76,0.62,0.0
20230927:2209,0.0,0.0,0.0,0.0,19.76,0.62,0.0
20230927:2309,0.0,0.0,0.0,0.0,18.93,0.62,0.0
20230928:0009,0.0,0.0,0.0,0.0,18.31,0.69,0.0
20230928:0109,0.0,0.0,0.0,0.0,17.93,0.76,0.0
20230928:0209,0.0,0.0,0.0,0.0,17.55,0.9,0.0
20230928:0309,0.0,0.0,0.0,0.0,17.15,0.9,0.0
20230928:0409,0.0,0.0,0.0,0.0,16.93,0.83,0.0
20230928:0509,0.0,0.0,0.0,0.0,16.85,0.62,0.0
20230928:0609,0.0,0.0,0.0,0.0,16.9,0.41,0.0
20230928:0709,88.0,73.0,0.0,12.18,15.03,0.62,0.0
20230928:0809,243.0,118.0,0.0,23.57,18.42,0.14,0.0
20230928:0909,397.01,147.0,0.0,34.07,21.61,0.97,0.0
20230928:1009,499.01,178.0,0.0,42.91,24.02,1.59,0.0
20230928:1109,540.01,211.0,0.0,48.92,25.87,1.93,0.0
20230928:1209,538.01,228.0,0.0,50.71,27.16,2.0,0.0
20230928:1309,604.01,161.0,0.0,47.72,28.01,2.0,0.0
20230928:1409,532.01,139.0,0.0,40.85,28.29,1.93,0.0
20230928:1509,364.01,140.0,0.0,31.49,28.18,1.86,0.0
20230928:1609,239.0,92.0,0.0,20.7,27.68,1.86,0.0
20230928:1709,71.0,52.0,0.0,9.16,26.57,1.79,0.0
20230928:1809,0.0,0.0,0.0,0.0,24.81,1.52,0.0
20230928:1909,0.0,0.0,0.0,0.0,23.18,1.17,0.0
20230928:2009,0.0,0.0,0.0,0.0,21.21,1.1,0.0
20230928:2109,0.0,0.0,0.0,0.0,19.98,1.1,0.0
20230928:2209,0.0,0.0,0.0,0.0,19.14,1.1,0.0
20230928:2309,0.0,0.0,0.0,0.0,18.49,1.03,0.0
20230929:0009,0.0,0.0,0.0,0.0,17.98,1.03,0.0
20230929:0109,0.0,0.0,0.0,0.0,17.84,0.97,0.0
20230929:0209,0.0,0.0,0.0,0.0,17.64,0.83,0.0
20230929:0309,0.0,0.0,0.0,0.0,17.7,0.76,0.0
20230929:0409,0.0,0.0,0.0,0.0,17.84,0.69,0.0
20230929:0509,0.0,0.0,0.0,0.0,17.84,0.69,0.0
20230929:0609,0.0,0.0,0.0,0.0,17.72,0.69,0.0
20230929:0709,85.0,72.0,0.0,12.0,17.09,0.9,0.0
20230929:0809,242.0,115.0,0.0,23.37,19.77,0.69,0.0
20230929:0909,391.01,146.0,0.0,33.83,23.57,1.79,0.0
20230929:1009,491.01,178.0,0.0,42.62,25.52,2.41,0.0
20230929:1109,543.01,204.0,0.0,48.57,26.9,2.76,0.0
20230929:1209,530.01,227.0,0.0,50.31,27.93,2.97,0.0
20230929:1309,573.01,174.0,0.0,47.33,28.49,3.1,0.0
20230929:1409,504.01,150.0,0.0,40.48,28.62,3.17,0.0
20230929:1509,356.01,139.0,0.0,31.14,28.28,3.1,0.0
20230929:1609,199.0,108.0,0.0,20.38,27.47,3.03,0.0
20230929:1709,37.0,62.0,0.0,8.86,26.08,2.83,0.0
20230929:1809,0.0,0.0,0.0,0.0,24.18,2.21,0.0
20230929:1909,0.0,0.0,0.0,0.0,22.34,1.93,0.0
20230929:2009,0.0,0.0,0.0,0.0,20.67,1.66,0.0
20230929:2109,0.0,0.0,0.0,0.0,18.92,1.52,0.0
20230929:2209,0.0,0.0,0.0,0.0,17.6,1.38,0.0
20230929:2309,0.0,0.0,0.0,0.0,16.83,1.31,0.0
20230930:0009,0.0,0.0,0.0,0.0,16.36,1.24,0.0
20230930:0109,0.0,0.0,0.0,0.0,16.07,1.17,0.0
20230930:0209,0.0,0.0,0.0,0.0,15.63,1.17,0.0
20230930:0309,0.0,0.0,0.0,0.0,15.25,1.17,0.0
20230930:0409,0.0,0.0,0.0,0.0,14.93,1.24,0.0
20230930:0509,0.0,0.0,0.0,0.0,14.65,1.24,0.0
20230930:0609,0.0,0.0,0.0,0.0,14.29,1.31,0.0
20230930:0709,87.0,70.0,0.0,11.82,14.33,1.17,0.0
20230930:0809,236.0,120.0,0.0,23.17,18.61,1.45,0.0
20230930:0909,396.01,145.0,0.0,33.59,22.06,2.28,0.0
20230930:1009,498.01,177.0,0.0,42.33,24.28,2.83,0.0
20230930:1109,528.01,216.0,0.0,48.21,26.03,3.03,0.0
20230930:1209,474.01,262.0,0.0,49.92,27.25,3.1,0.0
20230930:1309,568.01,180.0,0.0,46.93,27.93,3.24,0.0
20230930:1409,500.01,154.0,0.0,40.11,28.11,3.31,0.0
20230930:1509,366.01,134.0,0.0,30.8,27.78,3.31,0.0
20230930:1609,197.0,108.0,0.0,20.06,26.87,3.24,0.0
20230930:1709,35.0,60.0,0.0,8.55,25.34,2.9,0.0
20230930:1809,0.0,0.0,0.0,0.0,23.3,2.34,0.0
20230930:1909,0.0,0.0,0.0,0.0,21.55,2.0,0.0
20230930:2009,0.0,0.0,0.0,0.0,19.66,1.59,0.0
20230930:2109,0.0,0.0,0.0,0.0,17.78,1.38,0.0
20230930:2209,0.0,0.0,0.0,0.0,16.8,1.31,0.0
20230930:2309,0.0,0.0,0.0,0.0,15.99,1.38,0.0
20231001:0009,0.0,0.0,0.0,0.0,15.4,1.38,0.0
20231001:0109,0.0,0.0,0.0,0.0,14.86,1.38,0.0
20231001:0209,0.0,0.0,0.0,0.0,14.31,1.38,0.0
20231001:0309,0.0,0.0,0.0,0.0,13.92,1.45,0.0
20231001:0409,0.0,0.0,0.0,0.0,13.5,1.45,0.0
20231001:0509,0.0,0.0,0.0,0.0,13.2,1.45,0.0
20231001:0609,0.0,0.0,0.0,0.0,12.83,1.52,0.0
20231001:0709,93.0,67.0,0.0,11.64,13.1,1.38,0.0
20231001:0809,243.0,117.0,0.0,22.96,17.81,1.31,0.0
20231001:0909,404.01,143.0,0.0,33.35,22.17,2.07,0.0
20231001:1009,497.01,181.0,0.0,42.03,24.6,2.55,0.0
20231001:1109,524.01,222.0,0.0,47.86,26.49,2.55,0.0
20231001:1209,521.01,239.0,0.0,49.53,27.81,2.48,0.0
20231001:1309,586.01,172.0,0.0,46.54,28.58,2.41,0.0
20231001:1409,507.01,152.0,0.0,39.74,28.79,2.41,0.0
20231001:1509,365.01,136.0,0.0,30.46,28.5,2.55,0.0
20231001:1609,210.0,100.0,0.0,19.74,27.69,2.76,0.0
20231001:1709,35.0,58.0,0.0,8.24,26.19,2.69,0.0
20231001:1809,0.0,0.0,0.0,0.0,24.04,2.21,0.0
20231001:1909,0.0,0.0,0.0,0.0,22.23,1.86,0.0
20231001:2009,0.0,0.0,0.0,0.0,20.07,1.59,0.0
20231001:2109,0.0,0.0,0.0,0.0,18.18,1.45,0.0
20231001:2209,0.0,0.0,0.0,0.0,17.23,1.31,0.0
20231001:2309,0.0,0.0,0.0,0.0,16.63,1.24,0.0
20231002:0009,0.0,0.0,0.0,0.0,16.06,1.24,0.0
20231002:0109,0.0,0.0,0.0,0.0,15.31,1.24,0.0
20231002:0209,0.0,0.0,0.0,0.0,14.52,1.31,0.0
20231002:0309,0.0,0.0,0.0,0.0,13.8,1.38,0.0
20231002:0409,0.0,0.0,0.0,0.0,13.24,1.45,0.0
20231002:0509,0.0,0.0,0.0,0.0,12.73,1.52,0.0
20231002:0609,0.0,0.0,0.0,0.0,12.41,1.52,0.0
20231002:0709,92.0,66.0,0.0,11.46,12.66,1.38,0.0
20231002:0809,245.0,113.0,0.0,22.76,17.73,0.97,0.0
20231002:0909,393.01,146.0,0.0,33.1,22.36,1.72,0.0
20231002:1009,511.01,169.0,0.0,41.73,24.62,1.93,0.0
20231002:1109,520.01,221.0,0.0,47.51,26.37,2.0,0.0
20231002:1209,527.01,232.0,0.0,49.14,27.62,1.86,0.0
20231002:1309,569.01,179.0,0.0,46.15,28.39,1.79,0.0
20231002:1409,501.01,152.0,0.0,39.37,28.69,1.86,0.0
20231002:1509,367.01,130.0,0.0,30.12,28.54,2.0,0.0
20231002:1609,201.0,101.0,0.0,19.42,27.83,2.21,0.0
20231002:1709,52.0,49.0,0.0,7.94,26.37,2.28,0.0
20231002:1809,0.0,0.0,0.0,0.0,24.17,1.93,0.0
20231002:1909,0.0,0.0,0.0,0.0,22.46,1.59,0.0
20231002:2009,0.0,0.0,0.0,0.0,20.2,1.38,0.0
20231002:2109,0.0,0.0,0.0,0.0,18.63,1.31,0.0
20231002:2209,0.0,0.0,0.0,0.0,17.58,1.17,0.0
20231002:2309,0.0,0.0,0.0,0.0,16.5,1.24,0.0
20231003:0009,0.0,0.0,0.0,0.0,15.67,1.24,0.0
20231003:0109,0.0,0.0,0.0,0.0,15.24,1.24,0.0
20231003:0209,0.0,0.0,0.0,0.0,14.85,1.17,0.0
20231003:0309,0.0,0.0,0.0,0.0,14.52,1.24,0.0
20231003:0409,0.0,0.0,0.0,0.0,14.65,1.17,0.0
20231003:0509,0.0,0.0,0.0,0.0,15.48,1.1,0.0
20231003:0609,0.0,0.0,0.0,0.0,16.31,0.97,0.0
20231003:0709,48.0,80.0,0.0,11.27,16.06,1.03,0.0
20231003:0809,197.0,134.0,0.0,22.55,20.08,0.0,0.0
20231003:0909,381.01,147.0,0.0,32.86,23.25,0.9,0.0
20231003:1009,488.01,175.0,0.0,41.44,25.55,1.52,0.0
20231003:1109,507.01,219.0,0.0,47.15,27.08,2.07,0.0
20231003:1209,525.01,223.0,0.0,48.75,28.01,2.34,0.0
20231003:1309,698.01,95.0,0.0,45.76,28.61,2.41,0.0
20231003:1409,459.01,168.0,0.0,39.0,28.8,2.41,0.0
20231003:1509,234.0,196.0,0.0,29.78,28.57,2.28,0.0
20231003:1609,184.0,105.0,0.0,19.11,28.07,2.21,0.0
20231003:1709,44.0,49.0,0.0,7.64,26.91,1.79,0.0
20231003:1809,0.0,0.0,0.0,0.0,25.25,1.24,0.0
20231003:1909,0.0,0.0,0.0,0.0,23.34,1.38,0.0
20231003:2009,0.0,0.0,0.0,0.0,21.18,1.45,0.0
20231003:2109,0.0,0.0,0.0,0.0,19.76,1.24,0.0
20231003:2209,0.0,0.0,0.0,0.0,18.88,1.17,0.0
20231003:2309,0.0,0.0,0.0,0.0,17.88,1.24,0.0
20231004:0009,0.0,0.0,0.0,0.0,17.09,1.24,0.0
20231004:0109,0.0,0.0,0.0,0.0,16.62,1.17,0.0
20231004:0209,0.0,0.0,0.0,0.0,16.06,1.17,0.0
20231004:0309,0.0,0.0,0.0,0.0,15.7,1.1,0.0
20231004:0409,0.0,0.0,0.0,0.0,14.88,1.03,0.0
20231004:0509,0.0,0.0,0.0,0.0,13.65,1.1,0.0
20231004:0609,0.0,0.0,0.0,0.0,13.1,1.17,0.0
20231004:0709,73.0,69.0,0.0,11.09,14.36,0.97,0.0
20231004:0809,221.0,118.0,0.0,22.34,17.2,1.24,0.0
20231004:0909,381.01,142.0,0.0,32.61,19.79,1.59,0.0
20231004:1009,471.01,179.0,0.0,41.14,22.29,2.0,0.0
20231004:1109,519.01,206.0,0.0,46.8,24.4,2.41,0.0
20231004:1209,580.01,184.0,0.0,48.36,25.87,2.76,0.0
20231004:1309,588.01,151.0,0.0,45.37,26.63,2.97,0.0
20231004:1409,458.01,162.0,0.0,38.64,26.81,3.03,0.0
20231004:1509,272.0,171.0,0.0,29.44,26.46,3.03,0.0
20231004:1609,121.0,131.0,0.0,18.79,25.6,2.9,0.0
20231004:1709,23.0,51.0,0.0,7.33,24.21,2.55,0.0
20231004:1809,0.0,0.0,0.0,0.0,22.43,1.79,0.0
20231004:1909,0.0,0.0,0.0,0.0,20.86,1.59,0.0
20231004:2009,0.0,0.0,0.0,0.0,19.28,1.24,0.0
20231004:2109,0.0,0.0,0.0,0.0,17.88,1.1,0.0
20231004:2209,0.0,0.0,0.0,0.0,17.21,0.97,0.0
20231004:2309,0.0,0.0,0.0,0.0,16.93,0.9,0.0
20231005:0009,0.0,0.0,0.0,0.0,16.19,0.97,0.0
20231005:0109,0.0,0.0,0.0,0.0,15.53,1.03,0.0
20231005:0209,0.0,0.0,0.0,0.0,14.15,1.03,0.0
20231005:0309,0.0,0.0,0.0,0.0,13.27,1.1,0.0
20231005:0409,0.0,0.0,0.0,0.0,12.61,1.1,0.0
20231005:0509,0.0,0.0,0.0,0.0,11.86,1.24,0.0
20231005:0609,0.0,0.0,0.0,0.0,11.4,1.24,0.0
20231005:0709,76.0,67.0,0.0,10.9,11.86,1.24,0.0
20231005:0809,228.0,114.0,0.0,22.13,16.65,1.03,0.0
20231005:0909,393.01,136.0,0.0,32.36,20.94,1.72,0.0
20231005:1009,505.01,161.0,0.0,40.84,23.61,2.14,0.0
20231005:1109,578.01,173.0,0.0,46.44,25.65,2.28,0.0
20231005:1209,597.01,176.0,0.0,47.97,27.06,2.28,0.0
20231005:1309,550.01,176.0,0.0,44.98,27.92,2.28,0.0
20231005:1409,481.01,150.0,0.0,38.27,28.23,2.28,0.0
20231005:1509,341.01,132.0,0.0,29.11,28.0,2.41,0.0
20231005:1609,185.0,98.0,0.0,18.48,27.13,2.55,0.0
20231005:1709,25.0,49.0,0.0,7.04,25.59,2.34,0.0
20231005:1809,0.0,0.0,0.0,0.0,23.49,1.93,0.0
20231005:1909,0.0,0.0,0.0,0.0,21.53,1.66,0.0
20231005:2009,0.0,0.0,0.0,0.0,19.41,1.45,0.0
20231005:2109,0.0,0.0,0.0,0.0,17.7,1.45,0.0
20231005:2209,0.0,0.0,0.0,0.0,16.78,1.38,0.0
20231005:2309,0.0,0.0,0.0,0.0,15.98,1.38,0.0
20231006:0009,0.0,0.0,0.0,0.0,15.08,1.45,0.0
20231006:0109,0.0,0.0,0.0,0.0,14.26,1.52,0.0
20231006:0209,0.0,0.0,0.0,0.0,13.58,1.52,0.0
20231006:0309,0.0,0.0,0.0,0.0,13.09,1.52,0.0
20231006:0409,0.0,0.0,0.0,0.0,12.71,1.59,0.0
20231006:0509,0.0,0.0,0.0,0.0,12.36,1.59,0.0
20231006:0609,0.0,0.0,0.0,0.0,12.04,1.59,0.0
20231006:0709,77.0,63.0,0.0,10.72,13.08,1.45,0.0
20231006:0809,231.0,109.0,0.0,21.92,18.2,1.1,0.0
20231006:0909,385.01,136.0,0.0,32.11,22.71,1.52,0.0
20231006:1009,515.01,149.0,0.0,40.54,24.92,1.66,0.0
20231006:1109,568.01,172.0,0.0,46.09,26.64,1.93,0.0
20231006:1209,564.01,190.0,0.0,47.58,27.76,2.07,0.0
20231006:1309,561.01,163.0,0.0,44.59,28.35,2.21,0.0
20231006:1409,480.01,144.0,0.0,37.91,28.46,2.34,0.0
20231006:1509,326.01,135.0,0.0,28.77,28.1,2.62,0.0
20231006:1609,224.0,74.0,0.0,18.16,27.01,2.9,0.0
20231006:1709,7.0,45.0,0.0,6.74,25.44,2.83,0.0
20231006:1809,0.0,0.0,0.0,0.0,23.63,2.41,0.0
20231006:1909,0.0,0.0,0.0,0.0,22.08,2.0,0.0
20231006:2009,0.0,0.0,0.0,0.0,20.29,1.59,0.0
20231006:2109,0.0,0.0,0.0,0.0,18.32,1.38,0.0
20231006:2209,0.0,0.0,0.0,0.0,17.23,1.31,0.0
20231006:2309,0.0,0.0,0.0,0.0,16.41,1.38,0.0
20231007:0009,0.0,0.0,0.0,0.0,15.43,1.45,0.0
20231007:0109,0.0,0.0,0.0,0.0,14.46,1.52,0.0
20231007:0209,0.0,0.0,0.0,0.0,13.66,1.52,0.0
20231007:0309,0.0,0.0,0.0,0.0,13.18,1.52,0.0
20231007:0409,0.0,0.0,0.0,0.0,12.76,1.59,0.0
20231007:0509,0.0,0.0,0.0,0.0,12.41,1.59,0.0
20231007:0609,0.0,0.0,0.0,0.0,12.02,1.59,0.0
20231007:0709,75.0,63.0,0.0,10.53,12.61,1.45,0.0
20231007:0809,227.0,110.0,0.0,21.7,17.3,1.1,0.0
20231007:0909,372.01,143.0,0.0,31.86,22.08,1.93,0.0
20231007:1009,478.01,172.0,0.0,40.23,24.11,2.21,0.0
20231007:1109,538.01,191.0,0.0,45.73,25.56,2.14,0.0
20231007:1209,556.01,194.0,0.0,47.19,26.56,1.93,0.0
20231007:1309,573.01,155.0,0.0,44.21,27.17,1.79,0.0
20231007:1409,480.01,143.0,0.0,37.55,27.36,2.0,0.0
20231007:1509,339.01,126.0,0.0,28.44,27.0,2.34,0.0
20231007:1609,170.0,99.0,0.0,17.85,26.04,2.69,0.0
20231007:1709,21.0,45.0,0.0,6.44,24.36,2.76,0.0
20231007:1809,0.0,0.0,0.0,0.0,22.31,2.34,0.0
20231007:1909,0.0,0.0,0.0,0.0,20.88,1.79,0.0
20231007:2009,0.0,0.0,0.0,0.0,19.11,1.45,0.0
20231007:2109,0.0,0.0,0.0,0.0,17.59,1.24,0.0
20231007:2209,0.0,0.0,0.0,0.0,16.85,1.1,0.0
20231007:2309,0.0,0.0,0.0,0.0,16.24,1.1,0.0
20231008:0009,0.0,0.0,0.0,0.0,15.42,1.1,0.0
20231008:0109,0.0,0.0,0.0,0.0,14.52,1.17,0.0
20231008:0209,0.0,0.0,0.0,0.0,13.95,1.17,0.0
20231008:0309,0.0,0.0,0.0,0.0,13.57,1.17,0.0
20231008:0409,0.0,0.0,0.0,0.0,13.48,1.17,0.0
20231008:0509,0.0,0.0,0.0,0.0,13.69,1.17,0.0
20231008:0609,0.0,0.0,0.0,0.0,14.0,1.17,0.0
20231008:0709,75.0,61.0,0.0,10.34,13.22,1.17,0.0
20231008:0809,216.0,112.0,0.0,21.49,17.05,0.48,0.0
20231008:0909,356.01,148.0,0.0,31.6,21.24,1.1,0.0
20231008:1009,497.01,154.0,0.0,39.93,23.34,1.79,0.0
20231008:1109,538.01,184.0,0.0,45.38,24.75,2.28,0.0
20231008:1209,634.01,139.0,0.0,46.81,25.69,2.48,0.0
20231008:1309,500.01,193.0,0.0,43.82,26.26,2.55,0.0
20231008:1409,418.01,174.0,0.0,37.19,26.4,2.55,0.0
20231008:1509,329.01,125.0,0.0,28.11,26.14,2.48,0.0
20231008:1609,198.0,79.0,0.0,17.55,25.31,2.34,0.0
20231008:1709,11.0,41.0,0.0,6.15,23.9,2.14,0.0
20231008:1809,0.0,0.0,0.0,0.0,21.89,2.07,0.0
20231008:1909,0.0,0.0,0.0,0.0,20.06,1.66,0.0
20231008:2009,0.0,0.0,0.0,0.0,18.71,1.38,0.0
20231008:2109,0.0,0.0,0.0,0.0,17.52,1.17,0.0
20231008:2209,0.0,0.0,0.0,0.0,16.56,1.03,0.0
20231008:2309,0.0,0.0,0.0,0.0,16.06,0.9,0.0
20231009:0009,0.0,0.0,0.0,0.0,15.59,0.9,0.0
20231009:0109,0.0,0.0,0.0,0.0,15.03,0.76,0.0
20231009:0209,0.0,0.0,0.0,0.0,13.08,0.76,0.0
20231009:0309,0.0,0.0,0.0,0.0,12.65,0.76,0.0
20231009:0409,0.0,0.0,0.0,0.0,12.41,0.76,0.0
20231009:0509,0.0,0.0,0.0,0.0,12.35,0.69,0.0
20231009:0609,0.0,0.0,0.0,0.0,12.58,0.76,0.0
20231009:0709,73.0,59.0,0.0,10.14,13.39,0.62,0.0
20231009:0809,219.0,108.0,0.0,21.27,15.11,0.97,0.0
20231009:0909,368.01,138.0,0.0,31.35,17.77,1.45,0.0
20231009:1009,475.01,165.0,0.0,39.63,20.2,1.93,0.0
20231009:1109,545.01,178.0,0.0,45.03,22.01,2.28,0.0
20231009:1209,543.01,192.0,0.0,46.42,23.07,2.48,0.0
20231009:1309,558.01,154.0,0.0,43.44,23.86,2.62,0.0
20231009:1409,475.01,136.0,0.0,36.83,24.12,2.62,0.0
20231009:1509,338.01,117.0,0.0,27.78,23.99,2.62,0.0
20231009:1609,160.0,96.0,0.0,17.24,23.11,2.62,0.0
20231009:1709,15.0,40.0,0.0,5.86,21.74,2.28,0.0
20231009:1809,0.0,0.0,0.0,0.0,20.06,1.79,0.0
20231009:1909,0.0,0.0,0.0,0.0,18.87,1.66,0.0
20231009:2009,0.0,0.0,0.0,0.0,17.61,1.31,0.0
20231009:2109,0.0,0.0,0.0,0.0,16.15,1.17,0.0
20231009:2209,0.0,0.0,0.0,0.0,15.22,1.03,0.0
20231009:2309,0.0,0.0,0.0,0.0,14.71,1.03,0.0
20231010:0009,0.0,0.0,0.0,0.0,13.85,0.9,0.0
20231010:0109,0.0,0.0,0.0,0.0,13.22,0.9,0.0
20231010:0209,0.0,0.0,0.0,0.0,12.44,0.9,0.0
20231010:0309,0.0,0.0,0.0,0.0,12.16,0.9,0.0
20231010:0409,0.0,0.0,0.0,0.0,11.77,0.9,0.0
20231010:0509,0.0,0.0,0.0,0.0,11.89,0.83,0.0
20231010:0609,0.0,0.0,0.0,0.0,11.81,0.83,0.0
20231010:0709,73.0,58.0,0.0,9.95,12.39,0.69,0.0
20231010:0809,218.0,108.0,0.0,21.05,14.21,0.83,0.0
20231010:0909,375.01,133.0,0.0,31.09,17.08,1.24,0.0
20231010:1009,485.01,158.0,0.0,39.32,19.5,1.52,0.0
20231010:1109,546.01,176.0,0.0,44.67,21.38,1.59,0.0
20231010:1209,532.01,198.0,0.0,46.04,22.79,1.66,0.0
20231010:1309,547.01,160.0,0.0,43.06,23.77,1.72,0.0
20231010:1409,474.01,135.0,0.0,36.48,24.15,1.79,0.0
20231010:1509,337.01,115.0,0.0,27.45,24.13,1.86,0.0
20231010:1609,168.0,89.0,0.0,16.94,23.53,1.93,0.0
20231010:1709,15.0,33.72,0.0,5.57,22.31,1.93,0.0
20231010:1809,0.0,0.0,0.0,0.0,20.54,1.72,0.0
20231010:1909,0.0,0.0,0.0,0.0,18.81,1.52,0.0
20231010:2009,0.0,0.0,0.0,0.0,17.53,1.31,0.0
20231010:2109,0.0,0.0,0.0,0.0,16.38,1.17,0.0
20231010:2209,0.0,0.0,0.0,0.0,15.32,1.1,0.0
20231010:2309,0.0,0.0,0.0,0.0,14.77,0.97,0.0
20231011:0009,0.0,0.0,0.0,0.0,14.53,0.83,0.0
20231011:0109,0.0,0.0,0.0,0.0,13.55,0.76,0.0
20231011:0209,0.0,0.0,0.0,0.0,12.9,0.76,0.0
20231011:0309,0.0,0.0,0.0,0.0,12.31,0.83,0.0
20231011:0409,0.0,0.0,0.0,0.0,11.97,0.76,0.0
20231011:0509,0.0,0.0,0.0,0.0,11.83,0.76,0.0
20231011:0609,0.0,0.0,0.0,0.0,12.04,0.69,0.0
20231011:0709,75.0,55.0,0.0,9.76,12.55,0.62,0.0
20231011:0809,223.0,102.0,0.0,20.83,15.29,0.34,0.0
20231011:0909,378.01,128.0,0.0,30.83,18.39,0.62,0.0
20231011:1009,490.01,151.0,0.0,39.02,20.71,1.03,0.0
20231011:1109,573.01,156.0,0.0,44.32,22.4,1.17,0.0
20231011:1209,558.01,178.0,0.0,45.66,23.73,1.31,0.0
20231011:1309,541.01,160.0,0.0,42.68,24.58,1.38,0.0
20231011:1409,459.01,140.0,0.0,36.12,24.93,1.52,0.0
20231011:1509,331.01,115.0,0.0,27.13,24.8,1.52,0.0
20231011:1609,160.0,90.0,0.0,16.64,24.21,1.45,0.0
20231011:1709,12.0,32.58,0.0,5.29,23.1,1.31,0.0
20231011:1809,0.0,0.0,0.0,0.0,21.54,1.24,0.0
20231011:1909,0.0,0.0,0.0,0.0,20.08,1.03,0.0
20231011:2009,0.0,0.0,0.0,0.0,18.45,0.83,0.0
20231011:2109,0.0,0.0,0.0,0.0,17.44,0.83,0.0
20231011:2209,0.0,0.0,0.0,0.0,16.55,0.9,0.0
20231011:2309,0.0,0.0,0.0,0.0,15.65,0.9,0.0
20231012:0009,0.0,0.0,0.0,0.0,14.99,0.9,0.0
20231012:0109,0.0,0.0,0.0,0.0,14.45,0.9,0.0
20231012:0209,0.0,0.0,0.0,0.0,13.11,0.97,0.0
20231012:0309,0.0,0.0,0.0,0.0,12.17,0.9,0.0
20231012:0409,0.0,0.0,0.0,0.0,12.26,0.97,0.0
20231012:0509,0.0,0.0,0.0,0.0,11.94,1.1,0.0
20231012:0609,0.0,0.0,0.0,0.0,11.57,1.17,0.0
20231012:0709,71.0,55.0,0.0,9.56,11.68,1.03,0.0
20231012:0809,220.0,101.0,0.0,20.61,15.66,0.48,0.0
20231012:0909,359.01,136.0,0.0,30.57,19.3,0.83,0.0
20231012:1009,494.01,145.0,0.0,38.71,21.67,1.31,0.0
20231012:1109,590.01,141.0,0.0,43.97,23.38,1.38,0.0
20231012:1209,585.01,158.0,0.0,45.28,24.45,1.38,0.0
20231012:1309,546.01,152.0,0.0,42.31,25.17,1.24,0.0
20231012:1409,471.01,128.0,0.0,35.77,25.51,1.24,0.0
20231012:1509,325.01,115.0,0.0,26.8,25.44,1.31,0.0
20231012:1609,152.0,91.0,0.0,16.34,24.84,1.1,0.0
20231012:1709,11.0,29.97,0.0,5.0,23.72,1.1,0.0
20231012:1809,0.0,0.0,0.0,0.0,22.2,1.31,0.0
20231012:1909,0.0,0.0,0.0,0.0,20.72,1.03,0.0
20231012:2009,0.0,0.0,0.0,0.0,18.5,1.24,0.0
20231012:2109,0.0,0.0,0.0,0.0,17.03,1.31,0.0
20231012:2209,0.0,0.0,0.0,0.0,15.96,1.24,0.0
20231012:2309,0.0,0.0,0.0,0.0,15.07,1.17,0.0
20231013:0009,0.0,0.0,0.0,0.0,13.66,1.24,0.0
20231013:0109,0.0,0.0,0.0,0.0,12.32,1.24,0.0
20231013:0209,0.0,0.0,0.0,0.0,12.17,1.24,0.0
20231013:0309,0.0,0.0,0.0,0.0,11.86,1.31,0.0
20231013:0409,0.0,0.0,0.0,0.0,11.59,1.38,0.0
20231013:0509,0.0,0.0,0.0,0.0,11.26,1.45,0.0
20231013:0609,0.0,0.0,0.0,0.0,11.12,1.45,0.0
20231013:0709,64.0,55.0,0.0,9.36,11.81,1.31,0.0
20231013:0809,213.0,100.0,0.0,20.39,16.6,0.76,0.0
20231013:0909,365.01,127.0,0.0,30.31,20.8,0.76,0.0
20231013:1009,483.01,146.0,0.0,38.4,23.15,0.55,0.0
20231013:1109,578.01,141.0,0.0,43.61,24.9,0.34,0.0
20231013:1209,606.01,137.0,0.0,44.9,26.18,0.62,0.0
20231013:1309,362.01,252.0,0.0,41.93,27.01,1.24,0.0
20231013:1409,300.01,220.0,0.0,35.42,27.57,1.93,0.0
20231013:1509,327.01,107.0,0.0,26.48,27.36,2.28,0.0
20231013:1609,1.0,83.0,0.0,16.04,26.28,2.21,0.0
20231013:1709,1.0,22.8,0.0,4.72,24.71,1.79,0.0
20231013:1809,0.0,0.0,0.0,0.0,23.09,1.31,0.0
20231013:1909,0.0,0.0,0.0,0.0,21.53,1.66,0.0
20231013:2009,0.0,0.0,0.0,0.0,19.79,1.31,0.0
20231013:2109,0.0,0.0,0.0,0.0,19.64,0.76,0.0
20231013:2209,0.0,0.0,0.0,0.0,19.13,0.34,0.0
20231013:2309,0.0,0.0,0.0,0.0,18.37,0.69,0.0
20231014:0009,0.0,0.0,0.0,0.0,16.85,1.03,0.0
20231014:0109,0.0,0.0,0.0,0.0,15.08,1.38,0.0
20231014:0209,0.0,0.0,0.0,0.0,14.15,1.45,0.0
20231014:0309,0.0,0.0,0.0,0.0,13.58,1.52,0.0
20231014:0409,0.0,0.0,0.0,0.0,13.34,1.45,0.0
20231014:0509,0.0,0.0,0.0,0.0,13.33,1.38,0.0
20231014:0609,0.0,0.0,0.0,0.0,13.26,1.38,0.0
20231014:0709,0.0,20.0,0.0,9.16,13.45,1.38,0.0
20231014:0809,0.0,28.0,0.0,20.16,13.72,1.31,0.0
20231014:0909,0.0,44.0,0.0,30.05,13.72,1.03,0.0
20231014:1009,555.01,98.0,0.0,38.1,14.28,0.83,0.0
20231014:1109,149.0,342.0,0.0,43.26,15.88,0.83,0.0
20231014:1209,660.01,100.0,0.0,44.52,18.38,1.03,0.0
20231014:1309,487.01,171.0,0.0,41.56,20.11,1.59,0.0
20231014:1409,0.0,91.0,0.0,35.08,20.92,2.07,0.0
20231014:1509,0.0,38.0,0.0,26.17,20.13,1.93,0.0
20231014:1609,0.0,36.0,0.0,15.75,19.4,2.28,0.0
20231014:1709,6.0,26.42,0.0,4.45,18.47,2.0,0.0
20231014:1809,0.0,0.0,0.0,0.0,17.72,1.31,0.0
20231014:1909,0.0,0.0,0.0,0.0,15.79,0.41,0.0
20231014:2009,0.0,0.0,0.0,0.0,15.49,0.14,0.0
20231014:2109,0.0,0.0,0.0,0.0,14.98,0.48,0.0
20231014:2209,0.0,0.0,0.0,0.0,14.32,0.76,0.0
20231014:2309,0.0,0.0,0.0,0.0,13.91,0.76,0.0
20231015:0009,0.0,0.0,0.0,0.0,13.63,0.69,0.0
20231015:0109,0.0,0.0,0.0,0.0,13.51,0.62,0.0
20231015:0209,0.0,0.0,0.0,0.0,13.0,0.76,0.0
20231015:0309,0.0,0.0,0.0,0.0,12.62,0.76,0.0
20231015:0409,0.0,0.0,0.0,0.0,12.61,0.69,0.0
20231015:0509,0.0,0.0,0.0,0.0,12.4,0.69,0.0
20231015:0609,0.0,0.0,0.0,0.0,11.8,0.83,0.0
20231015:0709,68.0,49.0,0.0,8.96,10.98,0.9,0.0
20231015:0809,245.01,78.0,0.0,19.94,13.94,0.34,0.0
20231015:0909,414.01,93.0,0.0,29.79,16.14,0.07,0.0
20231015:1009,516.01,118.0,0.0,37.79,17.94,0.07,0.0
20231015:1109,571.01,135.0,0.0,42.91,19.65,0.48,0.0
20231015:1209,579.01,143.0,0.0,44.15,20.66,0.97,0.0
20231015:1309,538.01,138.0,0.0,41.19,21.56,1.52,0.0
20231015:1409,450.01,124.0,0.0,34.73,21.93,1.93,0.0
20231015:1509,350.01,88.0,0.0,25.85,21.91,2.21,0.0
20231015:1609,71.0,115.0,0.0,15.46,21.55,2.34,0.0
20231015:1709,2.0,22.54,0.0,4.18,20.49,2.07,0.0
20231015:1809,0.0,0.0,0.0,0.0,19.34,1.45,0.0
20231015:1909,0.0,0.0,0.0,0.0,18.3,1.1,0.0
20231015:2009,0.0,0.0,0.0,0.0,16.83,1.1,0.0
20231015:2109,0.0,0.0,0.0,0.0,16.0,1.1,0.0
20231015:2209,0.0,0.0,0.0,0.0,15.34,1.1,0.0
20231015:2309,0.0,0.0,0.0,0.0,15.24,0.9,0.0
20231016:0009,0.0,0.0,0.0,0.0,15.37,0.55,0.0
20231016:0109,0.0,0.0,0.0,0.0,14.91,0.41,0.0
20231016:0209,0.0,0.0,0.0,0.0,14.44,0.62,0.0
20231016:0309,0.0,0.0,0.0,0.0,13.54,0.83,0.0
20231016:0409,0.0,0.0,0.0,0.0,12.78,0.97,0.0
20231016:0509,0.0,0.0,0.0,0.0,12.54,0.97,0.0
20231016:0609,0.0,0.0,0.0,0.0,12.31,0.97,0.0
20231016:0709,48.0,55.0,0.0,8.76,12.49,0.83,0.0
20231016:0809,167.0,115.0,0.0,19.71,15.16,0.69,0.0
20231016:0909,330.01,134.0,0.0,29.53,17.27,1.17,0.0
20231016:1009,400.01,180.0,0.0,37.48,19.0,1.38,0.0
20231016:1109,559.01,136.0,0.0,42.56,20.64,1.66,0.0
20231016:1209,601.01,125.0,0.0,43.77,21.78,1.86,0.0
20231016:1309,442.01,190.0,0.0,40.83,22.47,2.14,0.0
20231016:1409,164.0,265.0,0.0,34.39,22.7,2.14,0.0
20231016:1509,245.01,140.0,0.0,25.54,22.44,2.14,0.0
20231016:1609,124.0,88.0,0.0,15.17,21.73,1.93,0.0
20231016:1709,4.0,22.02,0.0,3.91,20.66,1.52,0.0
20231016:1809,0.0,0.0,0.0,0.0,19.52,0.97,0.0
20231016:1909,0.0,0.0,0.0,0.0,18.75,0.48,0.0
20231016:2009,0.0,0.0,0.0,0.0,18.15,0.28,0.0
20231016:2109,0.0,0.0,0.0,0.0,16.84,0.83,0.0
20231016:2209,0.0,0.0,0.0,0.0,15.69,1.1,0.0
20231016:2309,0.0,0.0,0.0,0.0,14.82,1.17,0.0
20231017:0009,0.0,0.0,0.0,0.0,14.15,1.31,0.0
20231017:0109,0.0,0.0,0.0,0.0,13.68,1.38,0.0
20231017:0209,0.0,0.0,0.0,0.0,13.37,1.38,0.0
20231017:0309,0.0,0.0,0.0,0.0,13.11,1.45,0.0
20231017:0409,0.0,0.0,0.0,0.0,13.09,1.52,0.0
20231017:0509,0.0,0.0,0.0,0.0,12.97,1.52,0.0
20231017:0609,0.0,0.0,0.0,0.0,12.82,1.52,0.0
20231017:0709,0.0,38.0,0.0,8.56,13.06,1.52,0.0
20231017:0809,108.0,139.0,0.0,19.48,15.71,1.38,0.0
20231017:0909,0.0,90.0,0.0,29.26,18.4,1.45,0.0
20231017:1009,1.0,203.0,0.0,37.17,19.65,1.72,0.0
20231017:1109,476.01,183.0,0.0,42.21,20.73,2.62,0.0
20231017:1209,225.0,321.0,0.0,43.4,22.34,3.59,0.0
20231017:1309,262.0,282.0,0.0,40.47,23.15,3.86,0.0
20231017:1409,44.0,269.0,0.0,34.06,23.31,4.0,0.0
20231017:1509,260.01,127.0,0.0,25.23,23.0,3.93,0.0
20231017:1609,106.0,94.0,0.0,14.89,22.33,3.66,0.0
20231017:1709,0.0,8.0,0.0,3.64,21.02,2.76,0.0
20231017:1809,0.0,0.0,0.0,0.0,19.58,2.34,0.0
20231017:1909,0.0,0.0,0.0,0.0,18.63,2.07,0.0
20231017:2009,0.0,0.0,0.0,0.0,17.84,2.0,0.0
20231017:2109,0.0,0.0,0.0,0.0,16.72,1.79,0.0
20231017:2209,0.0,0.0,0.0,0.0,15.6,1.72,0.0
20231017:2309,0.0,0.0,0.0,0.0,14.57,1.72,0.0
20231018:0009,0.0,0.0,0.0,0.0,13.7,1.59,0.0
20231018:0109,0.0,0.0,0.0,0.0,13.06,1.45,0.0
20231018:0209,0.0,0.0,0.0,0.0,12.31,1.38,0.0
20231018:0309,0.0,0.0,0.0,0.0,11.57,1.45,0.0
20231018:0409,0.0,0.0,0.0,0.0,11.22,1.52,0.0
20231018:0509,0.0,0.0,0.0,0.0,11.1,1.52,0.0
20231018:0609,0.0,0.0,0.0,0.0,11.81,1.93,0.0
20231018:0709,38.0,56.0,0.0,8.36,12.02,1.79,0.0
20231018:0809,236.01,77.0,0.0,19.25,14.37,2.76,0.0
20231018:0909,312.01,143.0,0.0,29.0,16.21,4.07,0.0
20231018:1009,370.01,196.0,0.0,36.87,17.73,4.28,0.0
20231018:1109,510.01,166.0,0.0,41.86,19.0,4.28,0.0
20231018:1209,618.01,115.0,0.0,43.04,19.84,4.07,0.0
20231018:1309,602.01,97.0,0.0,40.11,20.41,4.0,0.0
20231018:1409,493.01,94.0,0.0,33.72,20.77,3.93,0.0
20231018:1509,229.01,145.0,0.0,24.93,20.61,3.86,0.0
20231018:1609,124.0,84.0,0.0,14.61,19.8,3.66,0.0
20231018:1709,3.0,18.3,0.0,3.38,18.52,3.03,0.0
20231018:1809,0.0,0.0,0.0,0.0,17.05,2.62,0.0
20231018:1909,0.0,0.0,0.0,0.0,16.16,2.14,0.0
20231018:2009,0.0,0.0,0.0,0.0,15.23,2.07,0.0
20231018:2109,0.0,0.0,0.0,0.0,14.37,2.07,0.0
20231018:2209,0.0,0.0,0.0,0.0,13.75,1.93,0.0
20231018:2309,0.0,0.0,0.0,0.0,13.57,1.93,0.0
20231019:0009,0.0,0.0,0.0,0.0,13.47,2.14,0.0
20231019:0109,0.0,0.0,0.0,0.0,13.1,2.34,0.0
20231019:0209,0.0,0.0,0.0,0.0,12.68,2.41,0.0
20231019:0309,0.0,0.0,0.0,0.0,12.27,2.21,0.0
20231019:0409,0.0,0.0,0.0,0.0,12.53,1.93,0.0
20231019:0509,0.0,0.0,0.0,0.0,12.77,2.0,0.0
20231019:0609,0.0,0.0,0.0,0.0,12.98,2.0,0.0
20231019:0709,3.0,49.0,0.0,8.16,13.31,1.93,0.0
20231019:0809,89.0,142.0,0.0,19.02,14.36,2.41,0.0
20231019:0909,391.01,93.0,0.0,28.73,16.19,3.1,0.0
20231019:1009,170.0,281.0,0.0,36.56,17.55,3.66,0.0
20231019:1109,101.0,334.0,0.0,41.52,18.72,4.41,0.0
20231019:1209,453.01,201.0,0.0,42.67,19.12,4.69,0.0
20231019:1309,244.0,283.0,0.0,39.75,19.16,4.97,0.0
20231019:1409,204.0,240.0,0.0,33.39,18.68,4.97,0.0
20231019:1509,46.0,197.0,0.0,24.63,18.63,6.14,0.0
20231019:1609,0.0,69.0,0.0,14.33,17.45,4.48,0.0
20231019:1709,0.0,11.0,0.0,3.12,16.41,3.52,0.0
20231019:1809,0.0,0.0,0.0,0.0,15.41,3.17,0.0
20231019:1909,0.0,0.0,0.0,0.0,14.63,2.41,0.0
20231019:2009,0.0,0.0,0.0,0.0,13.92,1.93,0.0
20231019:2109,0.0,0.0,0.0,0.0,13.63,3.17,0.0
20231019:2209,0.0,0.0,0.0,0.0,11.95,3.52,0.0
20231019:2309,0.0,0.0,0.0,0.0,10.58,2.97,0.0
20231020:0009,0.0,0.0,0.0,0.0,10.08,3.17,0.0
20231020:0109,0.0,0.0,0.0,0.0,9.5,3.52,0.0
20231020:0209,0.0,0.0,0.0,0.0,9.26,3.59,0.0
20231020:0309,0.0,0.0,0.0,0.0,8.62,3.31,0.0
20231020:0409,0.0,0.0,0.0,0.0,8.17,3.31,0.0
20231020:0509,0.0,0.0,0.0,0.0,7.83,2.9,0.0
20231020:0609,0.0,0.0,0.0,0.0,7.52,2.9,0.0
20231020:0709,37.0,53.0,0.0,7.95,7.24,2.69,0.0
20231020:0809,89.0,143.0,0.0,18.79,7.74,3.72,0.0
20231020:0909,292.01,152.0,0.0,28.47,8.81,5.03,0.0
20231020:1009,423.01,163.0,0.0,36.25,10.12,5.72,0.0
20231020:1109,0.0,102.0,0.0,41.17,10.58,5.52,0.0
20231020:1209,9.0,282.0,0.0,42.31,10.9,5.1,0.0
20231020:1309,2.0,227.0,0.0,39.4,11.5,5.66,0.0
20231020:1409,0.0,127.0,0.0,33.06,11.58,5.03,0.0
20231020:1509,270.01,118.0,0.0,24.33,11.41,4.62,0.0
20231020:1609,9.0,99.0,0.0,14.06,11.12,4.28,0.0
20231020:1709,3.0,15.3,0.0,2.86,10.46,3.72,0.0
20231020:1809,0.0,0.0,0.0,0.0,9.58,3.1,0.0
20231020:1909,0.0,0.0,0.0,0.0,9.0,2.97,0.0
20231020:2009,0.0,0.0,0.0,0.0,8.87,2.97,0.0
20231020:2109,0.0,0.0,0.0,0.0,8.61,2.69,0.0
20231020:2209,0.0,0.0,0.0,0.0,8.61,2.62,0.0
20231020:2309,0.0,0.0,0.0,0.0,8.41,2.34,0.0
20231021:0009,0.0,0.0,0.0,0.0,8.29,2.28,0.0
20231021:0109,0.0,0.0,0.0,0.0,8.05,2.41,0.0
20231021:0209,0.0,0.0,0.0,0.0,7.84,2.28,0.0
20231021:0309,0.0,0.0,0.0,0.0,7.67,2.07,0.0
20231021:0409,0.0,0.0,0.0,0.0,7.64,1.93,0.0
20231021:0509,0.0,0.0,0.0,0.0,7.64,1.93,0.0
20231021:0609,0.0,0.0,0.0,0.0,7.43,1.59,0.0
20231021:0709,62.0,41.0,0.0,7.75,7.29,1.72,0.0
20231021:0809,232.01,74.0,0.0,18.56,7.97,2.0,0.0
20231021:0909,404.01,89.0,0.0,28.2,9.41,2.0,0.0
20231021:1009,543.01,93.0,0.0,35.95,11.17,1.66,0.0
20231021:1109,627.01,95.0,0.0,40.83,12.58,1.45,0.0
20231021:1209,646.01,95.0,0.0,41.95,13.74,1.17,0.0
20231021:1309,561.01,115.0,0.0,39.04,14.67,1.17,0.0
20231021:1409,464.01,105.0,0.0,32.74,15.26,1.52,0.0
20231021:1509,295.01,101.0,0.0,24.03,15.22,1.72,0.0
20231021:1609,40.0,107.0,0.0,13.79,14.49,1.79,0.0
20231021:1709,4.0,13.11,0.0,2.61,13.3,1.52,0.0
20231021:1809,0.0,0.0,0.0,0.0,12.0,0.9,0.0
20231021:1909,0.0,0.0,0.0,0.0,10.93,0.62,0.0
20231021:2009,0.0,0.0,0.0,0.0,10.56,0.48,0.0
20231021:2109,0.0,0.0,0.0,0.0,9.78,0.76,0.0
20231021:2209,0.0,0.0,0.0,0.0,8.62,0.97,0.0
20231021:2309,0.0,0.0,0.0,0.0,7.49,1.17,0.0
20231022:0009,0.0,0.0,0.0,0.0,6.74,1.38,0.0
20231022:0109,0.0,0.0,0.0,0.0,6.47,1.38,0.0
20231022:0209,0.0,0.0,0.0,0.0,6.45,1.24,0.0
20231022:0309,0.0,0.0,0.0,0.0,6.54,1.1,0.0
20231022:0409,0.0,0.0,0.0,0.0,6.7,1.03,0.0
20231022:0509,0.0,0.0,0.0,0.0,6.68,1.17,0.0
20231022:0609,0.0,0.0,0.0,0.0,6.1,1.38,0.0
20231022:0709,36.0,49.0,0.0,7.54,6.48,1.31,0.0
20231022:0809,115.0,127.0,0.0,18.33,8.67,1.52,0.0
20231022:0909,51.0,227.0,0.0,27.94,10.94,2.48,0.0
20231022:1009,472.01,123.0,0.0,35.64,12.41,3.17,0.0
20231022:1109,141.0,327.0,0.0,40.49,14.59,3.52,0.0
20231022:1209,219.0,313.0,0.0,41.59,15.96,3.1,0.0
20231022:1309,467.01,159.0,0.0,38.7,15.73,2.83,0.0
20231022:1409,429.01,114.0,0.0,32.42,16.57,2.9,0.0
20231022:1509,309.01,88.0,0.0,23.74,16.69,2.97,0.0
20231022:1609,2.0,77.0,0.0,13.52,16.53,2.9,0.0
20231022:1709,2.0,11.58,0.0,2.36,15.55,2.62,0.0
20231022:1809,0.0,0.0,0.0,0.0,14.33,2.41,0.0
20231022:1909,0.0,0.0,0.0,0.0,12.8,3.03,0.0
20231022:2009,0.0,0.0,0.0,0.0,12.28,2.55,0.0
20231022:2109,0.0,0.0,0.0,0.0,12.09,2.41,0.0
20231022:2209,0.0,0.0,0.0,0.0,11.63,2.21,0.0
20231022:2309,0.0,0.0,0.0,0.0,11.5,2.0,0.0
20231023:0009,0.0,0.0,0.0,0.0,10.93,1.93,0.0
20231023:0109,0.0,0.0,0.0,0.0,10.6,2.14,0.0
20231023:0209,0.0,0.0,0.0,0.0,10.1,2.34,0.0
20231023:0309,0.0,0.0,0.0,0.0,9.2,1.86,0.0
20231023:0409,0.0,0.0,0.0,0.0,8.15,1.59,0.0
20231023:0509,0.0,0.0,0.0,0.0,7.54,1.38,0.0
20231023:0609,0.0,0.0,0.0,0.0,7.21,1.31,0.0
20231023:0709,0.0,27.0,0.0,7.33,7.47,1.24,0.0
20231023:0809,168.0,99.0,0.0,18.1,10.94,0.9,0.0
20231023:0909,233.01,172.0,0.0,27.67,13.58,1.1,0.0
20231023:1009,120.0,288.0,0.0,35.34,14.62,1.52,0.0
20231023:1109,9.0,268.0,0.0,40.15,15.04,1.79,0.0
20231023:1209,153.0,330.0,0.0,41.24,15.0,2.07,0.0
20231023:1309,0.0,183.0,0.0,38.35,15.75,1.86,0.0
20231023:1409,108.0,262.0,0.0,32.1,15.63,1.93,0.0
20231023:1509,124.0,177.0,0.0,23.46,15.7,1.86,0.0
20231023:1609,0.0,36.0,0.0,13.26,15.21,1.86,0.0
20231023:1709,0.0,3.0,0.0,2.12,14.48,1.24,0.0
20231023:1809,0.0,0.0,0.0,0.0,13.58,1.03,0.0
20231023:1909,0.0,0.0,0.0,0.0,12.48,0.97,0.0
20231023:2009,0.0,0.0,0.0,0.0,11.23,1.1,0.0
20231023:2109,0.0,0.0,0.0,0.0,9.96,1.17,0.0
20231023:2209,0.0,0.0,0.0,0.0,9.14,1.17,0.0
20231023:2309,0.0,0.0,0.0,0.0,8.52,1.17,0.0
20231024:0009,0.0,0.0,0.0,0.0,7.63,1.38,0.0
20231024:0109,0.0,0.0,0.0,0.0,7.35,1.38,0.0
20231024:0209,0.0,0.0,0.0,0.0,7.05,1.45,0.0
20231024:0309,0.0,0.0,0.0,0.0,7.05,1.31,0.0
20231024:0409,0.0,0.0,0.0,0.0,7.44,1.38,0.0
20231024:0509,0.0,0.0,0.0,0.0,7.39,1.38,0.0
20231024:0609,0.0,0.0,0.0,0.0,7.43,1.52,0.0
20231024:0709,55.0,38.0,0.0,7.12,7.21,1.38,0.0
20231024:0809,191.01,86.0,0.0,17.87,8.47,2.0,0.0
20231024:0909,326.01,121.0,0.0,27.4,9.93,2.55,0.0
20231024:1009,416.01,154.0,0.0,35.03,11.24,2.83,0.0
20231024:1109,501.01,155.0,0.0,39.81,12.84,2.97,0.0
20231024:1209,537.01,144.0,0.0,40.89,14.18,3.24,0.0
20231024:1309,449.01,168.0,0.0,38.01,14.91,3.45,0.0
20231024:1409,372.01,145.0,0.0,31.79,14.99,3.52,0.0
20231024:1509,249.01,117.0,0.0,23.17,14.53,3.24,0.0
20231024:1609,43.0,100.0,0.0,13.0,13.75,2.76,0.0
20231024:1709,0.0,8.0,0.0,1.88,12.54,1.93,0.0
20231024:1809,0.0,0.0,0.0,0.0,11.29,1.72,0.0
20231024:1909,0.0,0.0,0.0,0.0,10.54,1.86,0.0
20231024:2009,0.0,0.0,0.0,0.0,9.64,1.79,0.0
20231024:2109,0.0,0.0,0.0,0.0,8.89,1.79,0.0
20231024:2209,0.0,0.0,0.0,0.0,8.25,1.66,0.0
20231024:2309,0.0,0.0,0.0,0.0,7.94,1.66,0.0
20231025:0009,0.0,0.0,0.0,0.0,8.16,1.86,0.0
20231025:0109,0.0,0.0,0.0,0.0,8.23,1.86,0.0
20231025:0209,0.0,0.0,0.0,0.0,8.71,1.79,0.0
20231025:0309,0.0,0.0,0.0,0.0,9.26,2.07,0.0
20231025:0409,0.0,0.0,0.0,0.0,9.76,2.28,0.0
20231025:0509,0.0,0.0,0.0,0.0,10.13,2.34,0.0
20231025:0609,0.0,0.0,0.0,0.0,10.37,2.62,0.0
20231025:0709,48.0,39.0,0.0,6.92,10.99,2.41,0.0
20231025:0809,123.0,116.0,0.0,17.63,11.8,2.97,0.0
20231025:0909,49.0,219.0,0.0,27.14,13.02,3.59,0.0
20231025:1009,504.01,96.0,0.0,34.73,14.27,3.59,0.0
20231025:1109,13.0,273.0,0.0,39.48,15.4,4.21,0.0
20231025:1209,100.0,330.0,0.0,40.54,15.96,4.28,0.0
20231025:1309,486.01,135.0,0.0,37.68,16.63,4.34,0.0
20231025:1409,317.01,168.0,0.0,31.48,16.72,4.07,0.0
20231025:1509,65.0,185.0,0.0,22.89,16.85,3.79,0.0
20231025:1609,129.0,62.0,0.0,12.75,16.08,3.31,0.0
20231025:1709,0.0,6.0,0.0,1.64,14.99,2.55,0.0
20231025:1809,0.0,0.0,0.0,0.0,13.81,2.28,0.0
20231025:1909,0.0,0.0,0.0,0.0,13.22,2.07,0.0
20231025:2009,0.0,0.0,0.0,0.0,12.52,2.0,0.0
20231025:2109,0.0,0.0,0.0,0.0,11.83,1.72,0.0
20231025:2209,0.0,0.0,0.0,0.0,11.13,1.66,0.0
20231025:2309,0.0,0.0,0.0,0.0,10.66,1.66,0.0
20231026:0009,0.0,0.0,0.0,0.0,10.75,1.31,0.0
20231026:0109,0.0,0.0,0.0,0.0,10.49,1.31,0.0
20231026:0209,0.0,0.0,0.0,0.0,10.28,1.31,0.0
20231026:0309,0.0,0.0,0.0,0.0,10.1,1.38,0.0
20231026:0409,0.0,0.0,0.0,0.0,10.08,1.38,0.0
20231026:0509,0.0,0.0,0.0,0.0,10.25,1.38,0.0
20231026:0609,0.0,0.0,0.0,0.0,10.12,1.31,0.0
20231026:0709,34.0,41.0,0.0,6.71,10.47,1.45,0.0
20231026:0809,124.0,113.0,0.0,17.4,12.38,1.86,0.0
20231026:0909,229.01,165.0,0.0,26.87,13.94,2.97,0.0
20231026:1009,430.01,134.0,0.0,34.43,15.07,3.31,0.0
20231026:1109,453.01,171.0,0.0,39.15,16.44,3.52,0.0
20231026:1209,374.01,227.0,0.0,40.19,17.75,3.72,0.0
20231026:1309,308.01,235.0,0.0,37.35,18.62,4.14,0.0
20231026:1409,277.01,187.0,0.0,31.18,18.45,4.28,0.0
20231026:1509,112.0,173.0,0.0,22.62,18.08,4.28,0.0
20231026:1609,22.0,94.0,0.0,12.5,17.11,4.14,0.0
20231026:1709,0.0,2.0,0.0,1.41,15.78,3.52,0.0
20231026:1809,0.0,0.0,0.0,0.0,14.78,3.79,0.0
20231026:1909,0.0,0.0,0.0,0.0,14.53,3.59,0.0
20231026:2009,0.0,0.0,0.0,0.0,14.14,3.52,0.0
20231026:2109,0.0,0.0,0.0,0.0,14.0,2.76,0.0
20231026:2209,0.0,0.0,0.0,0.0,13.79,3.45,0.0
20231026:2309,0.0,0.0,0.0,0.0,13.47,3.03,0.0
20231027:0009,0.0,0.0,0.0,0.0,13.37,2.69,0.0
20231027:0109,0.0,0.0,0.0,0.0,13.31,2.69,0.0
20231027:0209,0.0,0.0,0.0,0.0,12.92,2.9,0.0
20231027:0309,0.0,0.0,0.0,0.0,12.42,2.69,0.0
20231027:0409,0.0,0.0,0.0,0.0,11.9,2.41,0.0
20231027:0509,0.0,0.0,0.0,0.0,11.45,2.28,0.0
20231027:0609,0.0,0.0,0.0,0.0,11.01,2.28,0.0
20231027:0709,0.0,26.0,0.0,6.5,10.79,2.41,0.0
20231027:0809,0.0,73.0,0.0,17.16,11.05,2.69,0.0
20231027:0909,57.0,220.0,0.0,26.61,11.75,2.76,0.0
20231027:1009,504.01,96.0,0.0,34.12,12.62,2.83,0.0
20231027:1109,400.01,205.0,0.0,38.82,13.24,2.9,0.0
20231027:1209,532.01,137.0,0.0,39.85,14.45,2.97,0.0
20231027:1309,428.01,170.0,0.0,37.02,15.27,2.9,0.0
20231027:1409,366.01,138.0,0.0,30.88,15.73,3.03,0.0
20231027:1509,229.01,118.0,0.0,22.35,15.37,2.9,0.0
20231027:1609,93.0,75.0,0.0,12.25,14.36,2.83,0.0
20231027:1709,0.0,0.0,0.0,0.0,12.9,2.07,0.0
20231027:1809,0.0,0.0,0.0,0.0,11.6,1.38,0.0
20231027:1909,0.0,0.0,0.0,0.0,10.85,0.41,0.0
20231027:2009,0.0,0.0,0.0,0.0,10.32,0.55,0.0
20231027:2109,0.0,0.0,0.0,0.0,9.55,0.83,0.0
20231027:2209,0.0,0.0,0.0,0.0,8.46,0.97,0.0
20231027:2309,0.0,0.0,0.0,0.0,7.58,1.1,0.0
20231028:0009,0.0,0.0,0.0,0.0,6.87,1.17,0.0
20231028:0109,0.0,0.0,0.0,0.0,6.64,1.24,0.0
20231028:0209,0.0,0.0,0.0,0.0,6.88,1.17,0.0
20231028:0309,0.0,0.0,0.0,0.0,7.28,1.1,0.0
20231028:0409,0.0,0.0,0.0,0.0,7.49,0.9,0.0
20231028:0509,0.0,0.0,0.0,0.0,7.67,0.76,0.0
20231028:0609,0.0,0.0,0.0,0.0,7.72,0.76,0.0
20231028:0709,34.0,39.0,0.0,6.29,8.01,0.62,0.0
20231028:0809,176.01,86.0,0.0,16.93,9.47,0.69,0.0
20231028:0909,312.01,121.0,0.0,26.34,11.33,1.17,0.0
20231028:1009,400.01,156.0,0.0,33.82,13.41,1.31,0.0
20231028:1109,522.01,134.0,0.0,38.49,15.11,1.38,0.0
20231028:1209,527.01,142.0,0.0,39.51,16.48,1.59,0.0
20231028:1309,449.01,159.0,0.0,36.69,17.19,1.93,0.0
20231028:1409,377.01,133.0,0.0,30.58,17.41,2.28,0.0
20231028:1509,240.01,112.0,0.0,22.08,16.97,2.41,0.0
20231028:1609,97.0,72.0,0.0,12.01,15.96,2.34,0.0
20231028:1709,0.0,0.0,0.0,0.0,14.52,1.79,0.0
20231028:1809,0.0,0.0,0.0,0.0,13.03,1.31,0.0
20231028:1909,0.0,0.0,0.0,0.0,12.18,0.69,0.0
20231028:2009,0.0,0.0,0.0,0.0,11.72,0.55,0.0
20231028:2109,0.0,0.0,0.0,0.0,10.74,0.9,0.0
20231028:2209,0.0,0.0,0.0,0.0,9.2,1.1,0.0
20231028:2309,0.0,0.0,0.0,0.0,8.44,1.1,0.0
20231029:0009,0.0,0.0,0.0,0.0,7.61,1.17,0.0
20231029:0109,0.0,0.0,0.0,0.0,6.99,1.24,0.0
20231029:0209,0.0,0.0,0.0,0.0,6.92,1.24,0.0
20231029:0309,0.0,0.0,0.0,0.0,7.0,1.1,0.0
20231029:0409,0.0,0.0,0.0,0.0,6.23,1.17,0.0
20231029:0509,0.0,0.0,0.0,0.0,5.49,1.24,0.0
20231029:0609,0.0,0.0,0.0,0.0,5.19,1.24,0.0
20231029:0709,32.0,37.0,0.0,6.07,4.47,1.45,0.0
20231029:0809,158.0,94.0,0.0,16.69,8.62,0.83,0.0
20231029:0909,292.01,130.0,0.0,26.08,13.03,0.69,0.0
20231029:1009,391.01,159.0,0.0,33.53,14.79,1.03,0.0
20231029:1109,535.01,124.0,0.0,38.16,16.12,1.31,0.0
20231029:1209,458.01,182.0,0.0,39.18,17.15,1.31,0.0
20231029:1309,350.01,214.0,0.0,36.37,17.98,1.45,0.0
20231029:1409,123.0,250.0,0.0,30.29,18.41,1.52,0.0
20231029:1509,44.0,180.0,0.0,21.82,18.32,1.45,0.0
20231029:1609,1.0,64.0,0.0,11.78,17.59,1.38,0.0
20231029:1709,0.0,0.0,0.0,0.0,16.24,1.1,0.0
20231029:1809,0.0,0.0,0.0,0.0,14.63,0.69,0.0
20231029:1909,0.0,0.0,0.0,0.0,12.91,0.83,0.0
20231029:2009,0.0,0.0,0.0,0.0,11.69,1.03,0.0
20231029:2109,0.0,0.0,0.0,0.0,10.56,1.17,0.0
20231029:2209,0.0,0.0,0.0,0.0,9.43,1.52,0.0
20231029:2309,0.0,0.0,0.0,0.0,9.24,1.59,0.0
20231030:0009,0.0,0.0,0.0,0.0,9.8,1.38,0.0
20231030:0109,0.0,0.0,0.0,0.0,10.11,1.03,0.0
20231030:0209,0.0,0.0,0.0,0.0,10.04,0.97,0.0
20231030:0309,0.0,0.0,0.0,0.0,9.76,1.03,0.0
20231030:0409,0.0,0.0,0.0,0.0,9.1,0.9,0.0
20231030:0509,0.0,0.0,0.0,0.0,8.87,1.17,0.0
20231030:0609,0.0,0.0,0.0,0.0,9.06,1.38,0.0
20231030:0709,18.0,38.0,0.0,5.86,8.78,1.24,0.0
20231030:0809,19.0,124.0,0.0,16.46,9.91,1.45,0.0
20231030:0909,198.01,171.0,0.0,25.81,11.57,2.07,0.0
20231030:1009,166.0,259.0,0.0,33.23,12.82,3.45,0.0
20231030:1109,5.0,238.0,0.0,37.84,13.46,4.0,0.0
20231030:1209,0.0,91.0,0.0,38.85,13.75,3.86,0.0
20231030:1309,0.0,54.0,0.0,36.06,14.16,4.0,0.0
20231030:1409,0.0,103.0,0.0,30.0,14.95,4.0,0.0
20231030:1509,0.0,103.0,0.0,21.56,14.65,4.0,0.0
20231030:1609,47.0,85.0,0.0,11.55,13.38,3.52,0.0
20231030:1709,0.0,0.0,0.0,0.0,11.93,2.55,0.0
20231030:1809,0.0,0.0,0.0,0.0,10.96,2.34,0.0
20231030:1909,0.0,0.0,0.0,0.0,9.84,2.41,0.0
20231030:2009,0.0,0.0,0.0,0.0,9.26,2.0,0.0
20231030:2109,0.0,0.0,0.0,0.0,8.47,1.45,0.0
20231030:2209,0.0,0.0,0.0,0.0,7.66,1.03,0.0
20231030:2309,0.0,0.0,0.0,0.0,7.82,0.9,0.0
20231031:0009,0.0,0.0,0.0,0.0,7.93,0.69,0.0
20231031:0109,0.0,0.0,0.0,0.0,7.69,0.62,0.0
20231031:0209,0.0,0.0,0.0,0.0,7.1,0.76,0.0
20231031:0309,0.0,0.0,0.0,0.0,6.18,0.97,0.0
20231031:0409,0.0,0.0,0.0,0.0,5.85,1.03,0.0
20231031:0509,0.0,0.0,0.0,0.0,6.01,1.03,0.0
20231031:0609,0.0,0.0,0.0,0.0,6.26,1.17,0.0
20231031:0709,2.0,29.56,0.0,5.65,6.14,1.17,0.0
20231031:0809,6.0,109.0,0.0,16.22,8.08,0.97,0.0
20231031:0909,9.0,177.0,0.0,25.55,11.52,1.17,0.0
20231031:1009,0.0,163.0,0.0,32.93,12.99,1.17,0.0
20231031:1109,1.0,209.0,0.0,37.52,14.43,1.1,0.0
20231031:1209,0.0,157.0,0.0,38.52,15.11,0.97,0.0
20231031:1309,0.0,119.0,0.0,35.74,15.65,0.9,0.0
20231031:1409,81.0,246.0,0.0,29.71,15.44,0.76,0.0
20231031:1509,0.0,107.0,0.0,21.31,14.81,0.97,0.0
20231031:1609,1.0,60.0,0.0,11.32,13.75,1.17,0.0
20231031:1709,0.0,0.0,0.0,0.0,12.38,1.03,0.0
20231031:1809,0.0,0.0,0.0,0.0,11.14,0.69,0.0
20231031:1909,0.0,0.0,0.0,0.0,10.37,0.34,0.0
20231031:2009,0.0,0.0,0.0,0.0,10.2,0.62,0.0
20231031:2109,0.0,0.0,0.0,0.0,10.15,0.76,0.0
20231031:2209,0.0,0.0,0.0,0.0,10.13,0.55,0.0
20231031:2309,0.0,0.0,0.0,0.0,10.2,0.76,0.0
20231101:0009,0.0,0.0,0.0,0.0,10.2,1.24,0.0
20231101:0109,0.0,0.0,0.0,0.0,10.05,1.17,0.0
20231101:0209,0.0,0.0,0.0,0.0,9.73,1.24,0.0
20231101:0309,0.0,0.0,0.0,0.0,9.01,1.45,0.0
20231101:0409,0.0,0.0,0.0,0.0,8.25,1.52,0.0
20231101:0509,0.0,0.0,0.0,0.0,7.47,1.52,0.0
20231101:0609,0.0,0.0,0.0,0.0,6.81,1.52,0.0
20231101:0709,30.0,23.94,0.0,5.44,6.6,1.66,0.0
20231101:0809,184.01,67.0,0.0,15.99,8.75,1.38,0.0
20231101:0909,327.01,92.0,0.0,25.28,11.9,1.93,0.0
20231101:1009,394.01,136.0,0.0,32.64,13.94,2.55,0.0
20231101:1109,496.01,124.0,0.0,37.2,15.56,2.83,0.0
20231101:1209,511.01,126.0,0.0,38.2,16.59,3.1,0.0
20231101:1309,452.01,132.0,0.0,35.44,17.01,3.03,0.0
20231101:1409,356.01,123.0,0.0,29.44,17.45,3.1,0.0
20231101:1509,232.01,98.0,0.0,21.06,16.98,3.17,0.0
20231101:1609,49.0,80.0,0.0,11.1,15.82,2.97,0.0
20231101:1709,0.0,0.0,0.0,0.0,14.31,2.28,0.0
20231101:1809,0.0,0.0,0.0,0.0,12.78,1.93,0.0
20231101:1909,0.0,0.0,0.0,0.0,12.24,1.72,0.0
20231101:2009,0.0,0.0,0.0,0.0,11.19,1.66,0.0
20231101:2109,0.0,0.0,0.0,0.0,10.11,1.72,0.0
20231101:2209,0.0,0.0,0.0,0.0,9.14,1.86,0.0
20231101:2309,0.0,0.0,0.0,0.0,8.57,1.93,0.0
20231102:0009,0.0,0.0,0.0,0.0,8.44,1.93,0.0
20231102:0109,0.0,0.0,0.0,0.0,8.43,2.07,0.0
20231102:0209,0.0,0.0,0.0,0.0,8.24,2.21,0.0
20231102:0309,0.0,0.0,0.0,0.0,8.16,2.48,0.0
20231102:0409,0.0,0.0,0.0,0.0,9.12,2.76,0.0
20231102:0509,0.0,0.0,0.0,0.0,9.46,2.97,0.0
20231102:0609,0.0,0.0,0.0,0.0,9.82,3.1,0.0
20231102:0709,33.0,20.7,0.0,5.23,10.75,3.1,0.0
20231102:0809,147.0,84.0,0.0,15.76,12.02,3.1,0.0
20231102:0909,59.0,205.0,0.0,25.02,13.25,4.9,0.0
20231102:1009,100.0,267.0,0.0,32.35,13.4,4.9,0.0
20231102:1109,299.01,235.0,0.0,36.89,14.5,6.55,0.0
20231102:1209,330.01,229.0,0.0,37.88,15.52,6.55,0.0
20231102:1309,324.01,204.0,0.0,35.13,16.3,6.48,0.0
20231102:1409,95.0,239.0,0.0,29.16,16.43,6.21,0.0
20231102:1509,172.0,129.0,0.0,20.81,15.39,5.72,0.0
20231102:1609,17.0,80.0,0.0,10.88,14.49,5.38,0.0
20231102:1709,0.0,0.0,0.0,0.0,12.88,4.0,0.0
20231102:1809,0.0,0.0,0.0,0.0,11.03,4.83,0.0
20231102:1909,0.0,0.0,0.0,0.0,11.29,5.1,0.0
20231102:2009,0.0,0.0,0.0,0.0,9.82,4.41,0.0
20231102:2109,0.0,0.0,0.0,0.0,8.72,3.93,0.0
20231102:2209,0.0,0.0,0.0,0.0,8.13,3.86,0.0
20231102:2309,0.0,0.0,0.0,0.0,7.51,3.45,0.0
20231103:0009,0.0,0.0,0.0,0.0,6.83,3.38,0.0
20231103:0109,0.0,0.0,0.0,0.0,6.19,3.45,0.0
20231103:0209,0.0,0.0,0.0,0.0,5.74,3.59,0.0
20231103:0309,0.0,0.0,0.0,0.0,5.31,3.31,0.0
20231103:0409,0.0,0.0,0.0,0.0,4.97,3.59,0.0
20231103:0509,0.0,0.0,0.0,0.0,4.82,3.31,0.0
20231103:0609,0.0,0.0,0.0,0.0,4.89,3.38,0.0
20231103:0709,10.0,29.37,0.0,5.02,5.15,3.72,0.0
20231103:0809,13.0,114.0,0.0,15.52,5.79,4.41,0.0
20231103:0909,109.0,196.0,0.0,24.76,6.59,4.41,0.0
20231103:1009,104.0,264.0,0.0,32.06,7.45,4.76,0.0
20231103:1109,31.0,283.0,0.0,36.58,8.53,4.97,0.0
20231103:1209,160.0,300.0,0.0,37.57,9.37,5.17,0.0
20231103:1309,216.01,256.0,0.0,34.84,9.5,5.31,0.0
20231103:1409,30.0,229.0,0.0,28.89,9.78,5.52,0.0
20231103:1509,20.0,158.0,0.0,20.58,9.61,5.24,0.0
20231103:1609,91.0,57.0,0.0,10.67,9.16,4.83,0.0
20231103:1709,0.0,0.0,0.0,0.0,8.38,3.93,0.0
20231103:1809,0.0,0.0,0.0,0.0,7.68,3.38,0.0
20231103:1909,0.0,0.0,0.0,0.0,8.11,3.31,0.0
20231103:2009,0.0,0.0,0.0,0.0,7.97,2.97,0.0
20231103:2109,0.0,0.0,0.0,0.0,8.05,3.1,0.0
20231103:2209,0.0,0.0,0.0,0.0,8.08,2.76,0.0
20231103:2309,0.0,0.0,0.0,0.0,8.06,2.34,0.0
20231104:0009,0.0,0.0,0.0,0.0,8.1,2.55,0.0
20231104:0109,0.0,0.0,0.0,0.0,7.87,2.55,0.0
20231104:0209,0.0,0.0,0.0,0.0,7.78,2.48,0.0
20231104:0309,0.0,0.0,0.0,0.0,7.69,2.41,0.0
20231104:0409,0.0,0.0,0.0,0.0,7.64,2.34,0.0
20231104:0509,0.0,0.0,0.0,0.0,7.64,2.28,0.0
20231104:0609,0.0,0.0,0.0,0.0,7.61,2.28,0.0
20231104:0709,15.0,26.14,0.0,4.81,8.02,2.21,0.0
20231104:0809,141.0,82.0,0.0,15.29,9.17,2.69,0.0
20231104:0909,132.0,185.0,0.0,24.5,10.27,3.24,0.0
20231104:1009,281.01,192.0,0.0,31.77,11.44,3.79,0.0
20231104:1109,473.01,129.0,0.0,36.27,12.67,4.28,0.0
20231104:1209,426.01,168.0,0.0,37.26,13.59,4.62,0.0
20231104:1309,91.0,286.0,0.0,34.54,14.37,4.97,0.0
20231104:1409,93.0,235.0,0.0,28.63,14.77,4.83,0.0
20231104:1509,143.0,138.0,0.0,20.34,14.6,4.62,0.0
20231104:1609,68.0,66.0,0.0,10.46,13.92,4.0,0.0
20231104:1709,0.0,0.0,0.0,0.0,12.9,3.72,0.0
20231104:1809,0.0,0.0,0.0,0.0,11.95,3.79,0.0
20231104:1909,0.0,0.0,0.0,0.0,12.47,4.28,0.0
20231104:2009,0.0,0.0,0.0,0.0,12.35,4.34,0.0
20231104:2109,0.0,0.0,0.0,0.0,12.24,4.34,0.0
20231104:2209,0.0,0.0,0.0,0.0,12.2,4.28,0.0
20231104:2309,0.0,0.0,0.0,0.0,12.19,4.0,0.0
20231105:0009,0.0,0.0,0.0,0.0,11.69,3.59,0.0
20231105:0109,0.0,0.0,0.0,0.0,10.31,3.66,0.0
20231105:0209,0.0,0.0,0.0,0.0,8.94,3.38,0.0
20231105:0309,0.0,0.0,0.0,0.0,7.64,3.17,0.0
20231105:0409,0.0,0.0,0.0,0.0,6.86,3.1,0.0
20231105:0509,0.0,0.0,0.0,0.0,6.16,2.76,0.0
20231105:0609,0.0,0.0,0.0,0.0,5.65,2.76,0.0
20231105:0709,19.0,23.23,0.0,4.6,6.17,2.48,0.0
20231105:0809,147.01,79.0,0.0,15.06,6.99,2.97,0.0
20231105:0909,277.01,114.0,0.0,24.24,8.28,3.03,0.0
20231105:1009,368.01,146.0,0.0,31.49,10.08,3.1,0.0
20231105:1109,455.01,144.0,0.0,35.97,11.84,3.03,0.0
20231105:1209,497.01,129.0,0.0,36.95,13.12,2.9,0.0
20231105:1309,439.01,135.0,0.0,34.25,13.99,2.83,0.0
20231105:1409,337.01,128.0,0.0,28.37,14.3,2.76,0.0
20231105:1509,210.01,104.0,0.0,20.11,13.85,2.83,0.0
20231105:1609,83.0,58.0,0.0,10.26,12.64,2.69,0.0
20231105:1709,0.0,0.0,0.0,0.0,10.94,1.93,0.0
20231105:1809,0.0,0.0,0.0,0.0,9.48,1.66,0.0
20231105:1909,0.0,0.0,0.0,0.0,8.22,1.17,0.0
20231105:2009,0.0,0.0,0.0,0.0,7.24,0.97,0.0
20231105:2109,0.0,0.0,0.0,0.0,6.76,0.9,0.0
20231105:2209,0.0,0.0,0.0,0.0,5.87,1.03,0.0
20231105:2309,0.0,0.0,0.0,0.0,4.99,1.24,0.0
20231106:0009,0.0,0.0,0.0,0.0,4.43,1.31,0.0
20231106:0109,0.0,0.0,0.0,0.0,4.26,1.24,0.0
20231106:0209,0.0,0.0,0.0,0.0,4.13,1.24,0.0
20231106:0309,0.0,0.0,0.0,0.0,4.19,1.24,0.0
20231106:0409,0.0,0.0,0.0,0.0,4.31,1.24,0.0
20231106:0509,0.0,0.0,0.0,0.0,4.72,1.1,0.0
20231106:0609,0.0,0.0,0.0,0.0,5.05,1.03,0.0
20231106:0709,30.0,15.8,0.0,4.39,5.2,1.24,0.0
20231106:0809,160.01,70.0,0.0,14.82,6.29,1.72,0.0
20231106:0909,353.01,70.0,0.0,23.99,7.63,1.93,0.0
20231106:1009,359.01,150.0,0.0,31.2,8.84,2.07,0.0
20231106:1109,481.01,126.0,0.0,35.66,10.04,2.28,0.0
20231106:1209,505.01,123.0,0.0,36.65,10.93,2.62,0.0
20231106:1309,437.01,135.0,0.0,33.97,11.36,2.69,0.0
20231106:1409,350.01,119.0,0.0,28.11,11.56,2.76,0.0
20231106:1509,217.01,98.0,0.0,19.89,11.16,2.69,0.0
20231106:1609,86.0,55.0,0.0,10.06,10.47,2.48,0.0
20231106:1709,0.0,0.0,0.0,0.0,9.22,1.93,0.0
20231106:1809,0.0,0.0,0.0,0.0,8.16,1.72,0.0
20231106:1909,0.0,0.0,0.0,0.0,7.03,1.24,0.0
20231106:2009,0.0,0.0,0.0,0.0,6.2,0.76,0.0
20231106:2109,0.0,0.0,0.0,0.0,6.05,0.48,0.0
20231106:2209,0.0,0.0,0.0,0.0,5.46,0.48,0.0
20231106:2309,0.0,0.0,0.0,0.0,4.94,0.62,0.0
20231107:0009,0.0,0.0,0.0,0.0,4.53,0.76,0.0
20231107:0109,0.0,0.0,0.0,0.0,3.85,0.9,0.0
20231107:0209,0.0,0.0,0.0,0.0,3.74,0.83,0.0
20231107:0309,0.0,0.0,0.0,0.0,3.44,0.83,0.0
20231107:0409,0.0,0.0,0.0,0.0,2.95,0.97,0.0
20231107:0509,0.0,0.0,0.0,0.0,2.65,1.03,0.0
20231107:0609,0.0,0.0,0.0,0.0,2.44,0.97,0.0
20231107:0709,15.0,22.15,0.0,4.17,3.04,0.83,0.0
20231107:0809,149.01,75.0,0.0,14.59,3.95,0.55,0.0
20231107:0909,278.01,112.0,0.0,23.73,6.54,0.76,0.0
20231107:1009,377.01,140.0,0.0,30.92,8.67,1.17,0.0
20231107:1109,485.01,125.0,0.0,35.37,10.29,1.72,0.0
20231107:1209,500.01,127.0,0.0,36.35,11.39,2.34,0.0
20231107:1309,433.01,138.0,0.0,33.69,11.85,2.62,0.0
20231107:1409,346.01,122.0,0.0,27.86,11.88,2.69,0.0
20231107:1509,223.01,95.0,0.0,19.67,11.48,2.48,0.0
20231107:1609,82.0,56.0,0.0,9.87,10.68,2.21,0.0
20231107:1709,0.0,0.0,0.0,0.0,9.31,1.66,0.0
20231107:1809,0.0,0.0,0.0,0.0,7.92,1.45,0.0
20231107:1909,0.0,0.0,0.0,0.0,6.54,0.97,0.0
20231107:2009,0.0,0.0,0.0,0.0,6.63,0.48,0.0
20231107:2109,0.0,0.0,0.0,0.0,5.9,0.55,0.0
20231107:2209,0.0,0.0,0.0,0.0,5.28,0.76,0.0
20231107:2309,0.0,0.0,0.0,0.0,4.35,0.97,0.0
20231108:0009,0.0,0.0,0.0,0.0,3.4,1.03,0.0
20231108:0109,0.0,0.0,0.0,0.0,2.73,1.1,0.0
20231108:0209,0.0,0.0,0.0,0.0,2.34,1.17,0.0
20231108:0309,0.0,0.0,0.0,0.0,2.18,1.17,0.0
20231108:0409,0.0,0.0,0.0,0.0,2.03,1.17,0.0
20231108:0509,0.0,0.0,0.0,0.0,1.7,1.17,0.0
20231108:0609,0.0,0.0,0.0,0.0,1.46,1.24,0.0
20231108:0709,0.0,23.0,0.0,3.96,1.25,1.31,0.0
20231108:0809,67.0,107.0,0.0,14.36,4.19,0.69,0.0
20231108:0909,252.01,118.0,0.0,23.48,7.93,0.55,0.0
20231108:1009,331.01,155.0,0.0,30.65,9.83,0.62,0.0
20231108:1109,530.01,88.0,0.0,35.07,10.7,0.9,0.0
20231108:1209,505.01,111.0,0.0,36.06,11.78,1.31,0.0
20231108:1309,462.01,108.0,0.0,33.42,12.76,1.38,0.0
20231108:1409,348.01,110.0,0.0,27.62,13.33,1.59,0.0
20231108:1509,244.01,76.0,0.0,19.46,13.48,2.07,0.0
20231108:1609,37.0,70.0,0.0,9.68,12.6,2.28,0.0
20231108:1709,0.0,0.0,0.0,0.0,11.09,1.59,0.0
20231108:1809,0.0,0.0,0.0,0.0,9.67,1.1,0.0
20231108:1909,0.0,0.0,0.0,0.0,8.29,0.97,0.0
20231108:2009,0.0,0.0,0.0,0.0,7.49,1.1,0.0
20231108:2109,0.0,0.0,0.0,0.0,6.89,1.17,0.0
20231108:2209,0.0,0.0,0.0,0.0,6.14,1.24,0.0
20231108:2309,0.0,0.0,0.0,0.0,5.3,1.38,0.0
20231109:0009,0.0,0.0,0.0,0.0,4.62,1.52,0.0
20231109:0109,0.0,0.0,0.0,0.0,4.37,1.66,0.0
20231109:0209,0.0,0.0,0.0,0.0,4.46,1.66,0.0
20231109:0309,0.0,0.0,0.0,0.0,4.64,1.66,0.0
20231109:0409,0.0,0.0,0.0,0.0,4.52,1.72,0.0
20231109:0509,0.0,0.0,0.0,0.0,4.32,1.86,0.0
20231109:0609,0.0,0.0,0.0,0.0,4.42,1.86,0.0
20231109:0709,0.0,21.0,0.0,3.76,5.53,1.72,0.0
20231109:0809,71.0,103.0,0.0,14.13,7.85,1.66,0.0
20231109:0909,44.0,189.0,0.0,23.22,10.15,2.14,0.0
20231109:1009,40.0,245.0,0.0,30.37,11.05,2.69,0.0
20231109:1109,3.0,218.0,0.0,34.79,11.76,3.52,0.0
20231109:1209,421.01,159.0,0.0,35.77,12.34,3.03,0.0
20231109:1309,293.01,204.0,0.0,33.15,13.17,3.24,0.0
20231109:1409,324.01,121.0,0.0,27.38,13.5,3.24,0.0
20231109:1509,201.01,97.0,0.0,19.25,13.39,3.03,0.0
20231109:1609,67.0,57.0,0.0,9.5,12.82,2.62,0.0
20231109:1709,0.0,0.0,0.0,0.0,11.62,1.93,0.0
20231109:1809,0.0,0.0,0.0,0.0,10.34,1.66,0.0
20231109:1909,0.0,0.0,0.0,0.0,9.56,1.72,0.0
20231109:2009,0.0,0.0,0.0,0.0,8.87,1.59,0.0
20231109:2109,0.0,0.0,0.0,0.0,7.87,1.59,0.0
20231109:2209,0.0,0.0,0.0,0.0,7.56,1.59,0.0
20231109:2309,0.0,0.0,0.0,0.0,7.7,1.52,0.0
20231110:0009,0.0,0.0,0.0,0.0,7.61,1.45,0.0
20231110:0109,0.0,0.0,0.0,0.0,7.84,1.66,0.0
20231110:0209,0.0,0.0,0.0,0.0,7.61,1.72,0.0
20231110:0309,0.0,0.0,0.0,0.0,7.56,1.86,0.0
20231110:0409,0.0,0.0,0.0,0.0,7.28,2.0,0.0
20231110:0509,0.0,0.0,0.0,0.0,6.91,1.93,0.0
20231110:0609,0.0,0.0,0.0,0.0,6.57,1.86,0.0
20231110:0709,0.0,21.0,0.0,3.55,6.37,1.66,0.0
20231110:0809,127.01,74.0,0.0,13.91,7.55,1.66,0.0
20231110:0909,242.01,116.0,0.0,22.97,10.23,2.34,0.0
20231110:1009,347.01,138.0,0.0,30.1,12.23,2.76,0.0
20231110:1109,502.01,96.0,0.0,34.5,13.68,3.03,0.0
20231110:1209,504.01,105.0,0.0,35.49,14.53,3.31,0.0
20231110:1309,434.01,117.0,0.0,32.89,14.77,3.59,0.0
20231110:1409,318.01,121.0,0.0,27.15,14.56,3.45,0.0
20231110:1509,247.01,69.0,0.0,19.05,14.23,3.31,0.0
20231110:1609,91.0,44.0,0.0,9.32,13.46,3.03,0.0
20231110:1709,0.0,0.0,0.0,0.0,11.98,2.41,0.0
20231110:1809,0.0,0.0,0.0,0.0,10.55,2.07,0.0
20231110:1909,0.0,0.0,0.0,0.0,10.2,1.79,0.0
20231110:2009,0.0,0.0,0.0,0.0,9.26,1.79,0.0
20231110:2109,0.0,0.0,0.0,0.0,8.59,1.79,0.0
20231110:2209,0.0,0.0,0.0,0.0,8.49,1.79,0.0
20231110:2309,0.0,0.0,0.0,0.0,8.44,1.79,0.0
20231111:0009,0.0,0.0,0.0,0.0,8.21,1.86,0.0
20231111:0109,0.0,0.0,0.0,0.0,7.67,1.86,0.0
20231111:0209,0.0,0.0,0.0,0.0,7.1,1.93,0.0
20231111:0309,0.0,0.0,0.0,0.0,6.61,1.93,0.0
20231111:0409,0.0,0.0,0.0,0.0,6.18,1.86,0.0
20231111:0509,0.0,0.0,0.0,0.0,6.07,1.86,0.0
20231111:0609,0.0,0.0,0.0,0.0,5.76,1.86,0.0
20231111:0709,0.0,20.0,0.0,3.34,6.52,1.79,0.0
20231111:0809,128.01,72.0,0.0,13.68,8.87,1.66,0.0
20231111:0909,265.01,101.0,0.0,22.73,12.7,2.21,0.0
20231111:1009,340.01,140.0,0.0,29.83,14.91,2.83,0.0
20231111:1109,423.01,141.0,0.0,34.22,16.67,3.1,0.0
20231111:1209,446.01,138.0,0.0,35.21,17.78,3.31,0.0
20231111:1309,400.01,137.0,0.0,32.63,18.14,3.38,0.0
20231111:1409,323.01,117.0,0.0,26.92,18.03,3.24,0.0
20231111:1509,177.01,106.0,0.0,18.85,17.45,2.9,0.0
20231111:1609,61.0,56.0,0.0,9.15,16.42,2.55,0.0
20231111:1709,0.0,0.0,0.0,0.0,14.44,1.93,0.0
20231111:1809,0.0,0.0,0.0,0.0,12.68,1.66,0.0
20231111:1909,0.0,0.0,0.0,0.0,11.61,1.66,0.0
20231111:2009,0.0,0.0,0.0,0.0,9.87,1.66,0.0
20231111:2109,0.0,0.0,0.0,0.0,8.68,1.66,0.0
20231111:2209,0.0,0.0,0.0,0.0,7.95,1.72,0.0
20231111:2309,0.0,0.0,0.0,0.0,7.37,1.79,0.0
20231112:0009,0.0,0.0,0.0,0.0,6.92,1.86,0.0
20231112:0109,0.0,0.0,0.0,0.0,6.58,1.93,0.0
20231112:0209,0.0,0.0,0.0,0.0,6.24,1.93,0.0
20231112:0309,0.0,0.0,0.0,0.0,6.26,1.86,0.0
20231112:0409,0.0,0.0,0.0,0.0,6.28,1.79,0.0
20231112:0509,0.0,0.0,0.0,0.0,6.33,1.66,0.0
20231112:0609,0.0,0.0,0.0,0.0,6.32,1.59,0.0
20231112:0709,0.0,19.0,0.0,3.13,6.75,1.52,0.0
20231112:0809,161.01,55.0,0.0,13.46,8.98,1.03,0.0
20231112:0909,247.01,111.0,0.0,22.48,12.73,1.31,0.0
20231112:1009,342.01,140.0,0.0,29.57,14.72,1.79,0.0
20231112:1109,443.01,129.0,0.0,33.94,16.31,2.34,0.0
20231112:1209,467.01,126.0,0.0,34.94,17.39,2.62,0.0
20231112:1309,411.01,131.0,0.0,32.38,18.03,2.69,0.0
20231112:1409,319.01,120.0,0.0,26.7,18.15,2.69,0.0
20231112:1509,194.01,96.0,0.0,18.66,17.46,2.34,0.0
20231112:1609,68.0,52.0,0.0,8.99,16.29,1.79,0.0
20231112:1709,0.0,0.0,0.0,0.0,14.71,1.1,0.0
20231112:1809,0.0,0.0,0.0,0.0,13.15,0.55,0.0
20231112:1909,0.0,0.0,0.0,0.0,12.77,0.76,0.0
20231112:2009,0.0,0.0,0.0,0.0,11.49,0.97,0.0
20231112:2109,0.0,0.0,0.0,0.0,10.59,1.03,0.0
20231112:2209,0.0,0.0,0.0,0.0,9.75,1.1,0.0
20231112:2309,0.0,0.0,0.0,0.0,9.23,1.17,0.0
20231113:0009,0.0,0.0,0.0,0.0,9.21,1.17,0.0
20231113:0109,0.0,0.0,0.0,0.0,9.2,1.17,0.0
20231113:0209,0.0,0.0,0.0,0.0,8.23,1.31,0.0
20231113:0309,0.0,0.0,0.0,0.0,7.1,1.45,0.0
20231113:0409,0.0,0.0,0.0,0.0,6.21,1.59,0.0
20231113:0509,0.0,0.0,0.0,0.0,5.81,1.59,0.0
20231113:0609,0.0,0.0,0.0,0.0,5.87,1.52,0.0
20231113:0709,0.0,16.0,0.0,2.93,6.36,1.52,0.0
20231113:0809,124.01,70.0,0.0,13.23,9.16,0.97,0.0
20231113:0909,251.01,105.0,0.0,22.24,13.32,0.55,0.0
20231113:1009,356.01,127.0,0.0,29.31,16.45,0.83,0.0
20231113:1109,420.01,139.0,0.0,33.67,18.48,1.1,0.0
20231113:1209,451.01,131.0,0.0,34.67,19.97,1.52,0.0
20231113:1309,413.01,125.0,0.0,32.13,20.75,1.79,0.0
20231113:1409,371.01,86.0,0.0,26.48,20.85,1.93,0.0
20231113:1509,209.01,84.0,0.0,18.47,20.4,1.93,0.0
20231113:1609,37.0,62.0,0.0,8.83,19.3,1.66,0.0
20231113:1709,0.0,0.0,0.0,0.0,17.53,1.24,0.0
20231113:1809,0.0,0.0,0.0,0.0,15.28,0.76,0.0
20231113:1909,0.0,0.0,0.0,0.0,14.91,0.76,0.0
20231113:2009,0.0,0.0,0.0,0.0,14.11,0.69,0.0
20231113:2109,0.0,0.0,0.0,0.0,13.27,0.83,0.0
20231113:2209,0.0,0.0,0.0,0.0,12.47,1.1,0.0
20231113:2309,0.0,0.0,0.0,0.0,11.38,1.24,0.0
20231114:0009,0.0,0.0,0.0,0.0,10.39,1.31,0.0
20231114:0109,0.0,0.0,0.0,0.0,9.69,1.45,0.0
20231114:0209,0.0,0.0,0.0,0.0,9.29,1.45,0.0
20231114:0309,0.0,0.0,0.0,0.0,9.19,1.52,0.0
20231114:0409,0.0,0.0,0.0,0.0,9.31,1.45,0.0
20231114:0509,0.0,0.0,0.0,0.0,9.66,1.45,0.0
20231114:0609,0.0,0.0,0.0,0.0,10.11,1.45,0.0
20231114:0709,0.0,15.0,0.0,2.72,8.97,1.59,0.0
20231114:0809,154.01,54.0,0.0,13.01,10.13,1.31,0.0
20231114:0909,281.01,86.0,0.0,22.0,13.96,0.55,0.0
20231114:1009,348.01,131.0,0.0,29.05,18.12,1.38,0.0
20231114:1109,489.01,97.0,0.0,33.4,19.6,1.52,0.0
20231114:1209,460.01,125.0,0.0,34.41,20.71,1.59,0.0
20231114:1309,405.01,130.0,0.0,31.89,21.41,1.72,0.0
20231114:1409,314.01,118.0,0.0,26.27,21.58,1.86,0.0
20231114:1509,193.01,92.0,0.0,18.29,21.23,1.86,0.0
20231114:1609,60.0,52.0,0.0,8.68,20.16,1.59,0.0
20231114:1709,0.0,0.0,0.0,0.0,18.37,1.24,0.0
20231114:1809,0.0,0.0,0.0,0.0,16.56,0.76,0.0
20231114:1909,0.0,0.0,0.0,0.0,15.94,0.62,0.0
20231114:2009,0.0,0.0,0.0,0.0,14.98,0.62,0.0
20231114:2109,0.0,0.0,0.0,0.0,14.18,0.83,0.0
20231114:2209,0.0,0.0,0.0,0.0,13.55,1.03,0.0
20231114:2309,0.0,0.0,0.0,0.0,12.66,1.24,0.0
20231115:0009,0.0,0.0,0.0,0.0,11.41,1.31,0.0
20231115:0109,0.0,0.0,0.0,0.0,10.82,1.38,0.0
20231115:0209,0.0,0.0,0.0,0.0,10.55,1.38,0.0
20231115:0309,0.0,0.0,0.0,0.0,10.36,1.38,0.0
20231115:0409,0.0,0.0,0.0,0.0,10.1,1.45,0.0
20231115:0509,0.0,0.0,0.0,0.0,9.62,1.52,0.0
20231115:0609,0.0,0.0,0.0,0.0,8.92,1.66,0.0
20231115:0709,0.0,13.0,0.0,2.52,9.38,1.59,0.0
20231115:0809,112.01,72.0,0.0,12.79,10.13,1.31,0.0
20231115:0909,236.01,109.0,0.0,21.76,14.58,0.48,0.0
20231115:1009,356.01,122.0,0.0,28.79,18.8,0.55,0.0
20231115:1109,430.01,127.0,0.0,33.14,20.71,0.69,0.0
20231115:1209,462.01,119.0,0.0,34.16,21.99,0.62,0.0
20231115:1309,407.01,124.0,0.0,31.66,22.75,1.03,0.0
20231115:1409,309.01,117.0,0.0,26.07,22.86,1.79,0.0
20231115:1509,192.01,90.0,0.0,18.12,22.23,2.14,0.0
20231115:1609,62.0,50.0,0.0,8.53,20.97,1.86,0.0
20231115:1709,0.0,0.0,0.0,0.0,18.98,1.31,0.0
20231115:1809,0.0,0.0,0.0,0.0,16.86,0.9,0.0
20231115:1909,0.0,0.0,0.0,0.0,15.5,1.1,0.0
20231115:2009,0.0,0.0,0.0,0.0,13.28,1.38,0.0
20231115:2109,0.0,0.0,0.0,0.0,11.97,1.52,0.0
20231115:2209,0.0,0.0,0.0,0.0,11.07,1.52,0.0
20231115:2309,0.0,0.0,0.0,0.0,10.5,1.52,0.0
20231116:0009,0.0,0.0,0.0,0.0,10.26,1.52,0.0
20231116:0109,0.0,0.0,0.0,0.0,10.32,1.45,0.0
20231116:0209,0.0,0.0,0.0,0.0,10.45,1.45,0.0
20231116:0309,0.0,0.0,0.0,0.0,10.55,1.45,0.0
20231116:0409,0.0,0.0,0.0,0.0,10.38,1.45,0.0
20231116:0509,0.0,0.0,0.0,0.0,10.23,1.45,0.0
20231116:0609,0.0,0.0,0.0,0.0,10.12,1.45,0.0
20231116:0709,0.0,8.0,0.0,2.32,9.18,1.59,0.0
20231116:0809,26.0,97.0,0.0,12.57,11.02,1.24,0.0
20231116:0909,35.0,175.0,0.0,21.52,13.94,0.55,0.0
20231116:1009,206.01,200.0,0.0,28.54,17.23,1.17,0.0
20231116:1109,9.0,228.0,0.0,32.88,18.54,1.38,0.0
20231116:1209,55.0,280.0,0.0,33.9,19.58,1.66,0.0
20231116:1309,64.0,263.0,0.0,31.43,19.74,1.52,0.0
20231116:1409,219.01,164.0,0.0,25.87,19.93,1.45,0.0
20231116:1509,115.0,127.0,0.0,17.95,19.7,2.0,0.0
20231116:1609,59.0,49.0,0.0,8.38,18.52,1.66,0.0
20231116:1709,0.0,0.0,0.0,0.0,16.92,1.17,0.0
20231116:1809,0.0,0.0,0.0,0.0,15.46,0.62,0.0
20231116:1909,0.0,0.0,0.0,0.0,15.06,0.55,0.0
20231116:2009,0.0,0.0,0.0,0.0,14.19,0.83,0.0
20231116:2109,0.0,0.0,0.0,0.0,13.16,1.1,0.0
20231116:2209,0.0,0.0,0.0,0.0,11.73,1.31,0.0
20231116:2309,0.0,0.0,0.0,0.0,11.27,1.31,0.0
20231117:0009,0.0,0.0,0.0,0.0,12.3,0.97,0.0
20231117:0109,0.0,0.0,0.0,0.0,12.34,0.9,0.0
20231117:0209,0.0,0.0,0.0,0.0,12.04,1.1,0.0
20231117:0309,0.0,0.0,0.0,0.0,10.59,1.31,0.0
20231117:0409,0.0,0.0,0.0,0.0,9.32,1.45,0.0
20231117:0509,0.0,0.0,0.0,0.0,9.06,1.45,0.0
20231117:0609,0.0,0.0,0.0,0.0,10.11,1.24,0.0
20231117:0709,0.0,10.0,0.0,2.11,8.57,1.59,0.0
20231117:0809,115.01,65.0,0.0,12.36,9.48,1.38,0.0
20231117:0909,238.01,102.0,0.0,21.29,13.85,0.55,0.0
20231117:1009,329.01,132.0,0.0,28.29,18.09,0.21,0.0
20231117:1109,413.01,132.0,0.0,32.63,19.83,0.62,0.0
20231117:1209,463.01,113.0,0.0,33.66,20.93,1.31,0.0
20231117:1309,384.01,133.0,0.0,31.21,21.49,2.0,0.0
20231117:1409,308.01,113.0,0.0,25.68,21.47,2.34,0.0
20231117:1509,187.01,89.0,0.0,17.79,20.86,2.41,0.0
20231117:1609,53.0,51.0,0.0,8.25,19.62,1.86,0.0
20231117:1709,0.0,0.0,0.0,0.0,17.71,1.38,0.0
20231117:1809,0.0,0.0,0.0,0.0,15.39,1.1,0.0
20231117:1909,0.0,0.0,0.0,0.0,15.17,0.76,0.0
20231117:2009,0.0,0.0,0.0,0.0,14.35,0.55,0.0
20231117:2109,0.0,0.0,0.0,0.0,13.72,0.83,0.0
20231117:2209,0.0,0.0,0.0,0.0,12.37,1.1,0.0
20231117:2309,0.0,0.0,0.0,0.0,11.11,1.24,0.0
20231118:0009,0.0,0.0,0.0,0.0,9.93,1.38,0.0
20231118:0109,0.0,0.0,0.0,0.0,8.81,1.52,0.0
20231118:0209,0.0,0.0,0.0,0.0,7.95,1.59,0.0
20231118:0309,0.0,0.0,0.0,0.0,7.42,1.59,0.0
20231118:0409,0.0,0.0,0.0,0.0,7.0,1.59,0.0
20231118:0509,0.0,0.0,0.0,0.0,6.54,1.66,0.0
20231118:0609,0.0,0.0,0.0,0.0,6.17,1.66,0.0
20231118:0709,0.0,8.0,0.0,1.91,5.62,1.72,0.0
20231118:0809,108.01,65.0,0.0,12.14,7.43,1.31,0.0
20231118:0909,263.01,83.0,0.0,21.06,13.1,1.17,0.0
20231118:1009,303.01,142.0,0.0,28.05,16.25,1.31,0.0
20231118:1109,457.01,101.0,0.0,32.38,18.07,1.17,0.0
20231118:1209,445.01,119.0,0.0,33.42,19.39,1.03,0.0
20231118:1309,392.01,123.0,0.0,30.99,20.17,0.97,0.0
20231118:1409,302.01,112.0,0.0,25.49,20.4,1.1,0.0
20231118:1509,185.01,87.0,0.0,17.63,20.09,1.17,0.0
20231118:1609,51.0,50.0,0.0,8.12,19.15,1.1,0.0
20231118:1709,0.0,0.0,0.0,0.0,17.55,0.97,0.0
20231118:1809,0.0,0.0,0.0,0.0,15.6,0.76,0.0
20231118:1909,0.0,0.0,0.0,0.0,14.28,0.97,0.0
20231118:2009,0.0,0.0,0.0,0.0,12.62,1.17,0.0
20231118:2109,0.0,0.0,0.0,0.0,11.17,1.31,0.0
20231118:2209,0.0,0.0,0.0,0.0,10.03,1.45,0.0
20231118:2309,0.0,0.0,0.0,0.0,9.03,1.52,0.0
20231119:0009,0.0,0.0,0.0,0.0,8.14,1.59,0.0
20231119:0109,0.0,0.0,0.0,0.0,7.45,1.59,0.0
20231119:0209,0.0,0.0,0.0,0.0,6.91,1.59,0.0
20231119:0309,0.0,0.0,0.0,0.0,6.45,1.66,0.0
20231119:0409,0.0,0.0,0.0,0.0,6.07,1.59,0.0
20231119:0509,0.0,0.0,0.0,0.0,5.77,1.59,0.0
20231119:0609,0.0,0.0,0.0,0.0,5.54,1.66,0.0
20231119:0709,0.0,7.0,0.0,1.72,5.15,1.72,0.0
20231119:0809,105.01,66.0,0.0,11.93,7.09,1.24,0.0
20231119:0909,231.01,101.0,0.0,20.83,12.72,0.76,0.0
20231119:1009,335.01,123.0,0.0,27.81,16.94,0.9,0.0
20231119:1109,391.01,140.0,0.0,32.14,18.97,0.83,0.0
20231119:1209,456.01,112.0,0.0,33.19,20.41,0.69,0.0
20231119:1309,401.01,118.0,0.0,30.78,21.21,0.55,0.0
20231119:1409,315.01,105.0,0.0,25.31,21.47,0.48,0.0
20231119:1509,179.01,90.0,0.0,17.48,21.18,0.48,0.0
20231119:1609,57.0,46.0,0.0,7.99,20.17,0.55,0.0
20231119:1709,0.0,0.0,0.0,0.0,18.41,0.41,0.0
20231119:1809,0.0,0.0,0.0,0.0,16.98,0.21,0.0
20231119:1909,0.0,0.0,0.0,0.0,15.77,0.62,0.0
20231119:2009,0.0,0.0,0.0,0.0,14.63,0.97,0.0
20231119:2109,0.0,0.0,0.0,0.0,13.3,1.1,0.0
20231119:2209,0.0,0.0,0.0,0.0,11.97,1.24,0.0
20231119:2309,0.0,0.0,0.0,0.0,10.77,1.31,0.0
20231120:0009,0.0,0.0,0.0,0.0,9.96,1.38,0.0
20231120:0109,0.0,0.0,0.0,0.0,9.41,1.38,0.0
20231120:0209,0.0,0.0,0.0,0.0,9.32,1.38,0.0
20231120:0309,0.0,0.0,0.0,0.0,9.57,1.38,0.0
20231120:0409,0.0,0.0,0.0,0.0,10.14,1.31,0.0
20231120:0509,0.0,0.0,0.0,0.0,10.75,1.31,0.0
20231120:0609,0.0,0.0,0.0,0.0,11.23,1.24,0.0
20231120:0709,0.0,6.0,0.0,1.52,9.24,1.45,0.0
20231120:0809,101.01,66.0,0.0,11.72,10.2,1.24,0.0
20231120:0909,234.01,97.0,0.0,20.61,12.05,0.83,0.0
20231120:1009,339.01,118.0,0.0,27.58,15.57,1.31,0.0
20231120:1109,428.01,115.0,0.0,31.9,17.51,1.79,0.0
20231120:1209,461.01,107.0,0.0,32.96,18.63,2.28,0.0
20231120:1309,399.01,117.0,0.0,30.57,19.21,2.69,0.0
20231120:1409,308.01,107.0,0.0,25.13,19.14,3.03,0.0
20231120:1509,185.01,85.0,0.0,17.34,18.33,2.9,0.0
20231120:1609,27.0,56.0,0.0,7.87,16.99,2.21,0.0
20231120:1709,0.0,0.0,0.0,0.0,15.22,1.52,0.0
20231120:1809,0.0,0.0,0.0,0.0,13.5,1.24,0.0
20231120:1909,0.0,0.0,0.0,0.0,11.47,1.38,0.0
20231120:2009,0.0,0.0,0.0,0.0,10.17,1.38,0.0
20231120:2109,0.0,0.0,0.0,0.0,9.08,1.52,0.0
20231120:2209,0.0,0.0,0.0,0.0,8.19,1.59,0.0
20231120:2309,0.0,0.0,0.0,0.0,7.5,1.66,0.0
20231121:0009,0.0,0.0,0.0,0.0,6.93,1.72,0.0
20231121:0109,0.0,0.0,0.0,0.0,6.41,1.79,0.0
20231121:0209,0.0,0.0,0.0,0.0,6.04,1.79,0.0
20231121:0309,0.0,0.0,0.0,0.0,5.74,1.79,0.0
20231121:0409,0.0,0.0,0.0,0.0,5.46,1.86,0.0
20231121:0509,0.0,0.0,0.0,0.0,5.42,1.79,0.0
20231121:0609,0.0,0.0,0.0,0.0,5.48,1.72,0.0
20231121:0709,0.0,0.0,0.0,0.0,5.47,1.72,0.0
20231121:0809,102.01,63.0,0.0,11.51,6.63,1.52,0.0
20231121:0909,237.01,93.0,0.0,20.39,10.32,1.72,0.0
20231121:1009,294.01,143.0,0.0,27.34,12.53,2.21,0.0
20231121:1109,7.0,217.0,0.0,31.67,13.87,2.62,0.0
20231121:1209,10.0,231.0,0.0,32.74,13.86,2.76,0.0
20231121:1309,334.01,155.0,0.0,30.38,13.8,3.03,0.0
20231121:1409,319.01,100.0,0.0,24.97,12.95,3.03,0.0
20231121:1509,228.01,62.0,0.0,17.2,12.25,2.9,0.0
20231121:1609,68.0,39.0,0.0,7.76,11.14,2.55,0.0
20231121:1709,0.0,0.0,0.0,0.0,9.61,2.21,0.0
20231121:1809,0.0,0.0,0.0,0.0,8.43,2.0,0.0
20231121:1909,0.0,0.0,0.0,0.0,7.84,1.72,0.0
20231121:2009,0.0,0.0,0.0,0.0,6.52,1.45,0.0
20231121:2109,0.0,0.0,0.0,0.0,5.33,1.24,0.0
20231121:2209,0.0,0.0,0.0,0.0,5.02,1.03,0.0
20231121:2309,0.0,0.0,0.0,0.0,4.36,1.1,0.0
20231122:0009,0.0,0.0,0.0,0.0,3.95,1.03,0.0
20231122:0109,0.0,0.0,0.0,0.0,3.34,1.1,0.0
20231122:0209,0.0,0.0,0.0,0.0,2.93,1.1,0.0
20231122:0309,0.0,0.0,0.0,0.0,2.37,1.17,0.0
20231122:0409,0.0,0.0,0.0,0.0,1.88,1.24,0.0
20231122:0509,0.0,0.0,0.0,0.0,1.58,1.17,0.0
20231122:0609,0.0,0.0,0.0,0.0,1.26,1.17,0.0
20231122:0709,0.0,0.0,0.0,0.0,1.46,1.03,0.0
20231122:0809,101.01,63.0,0.0,11.31,1.85,1.03,0.0
20231122:0909,244.01,89.0,0.0,20.17,4.82,1.38,0.0
20231122:1009,144.0,216.0,0.0,27.12,6.51,1.86,0.0
20231122:1109,415.01,124.0,0.0,31.44,7.84,2.0,0.0
20231122:1209,458.01,110.0,0.0,32.52,8.94,2.07,0.0
20231122:1309,396.01,120.0,0.0,30.18,9.56,2.41,0.0
20231122:1409,317.01,103.0,0.0,24.8,9.73,2.48,0.0
20231122:1509,180.01,88.0,0.0,17.06,9.51,2.14,0.0
20231122:1609,52.0,46.0,0.0,7.65,9.07,1.86,0.0
20231122:1709,0.0,0.0,0.0,0.0,8.05,1.38,0.0
20231122:1809,0.0,0.0,0.0,0.0,7.02,1.17,0.0
20231122:1909,0.0,0.0,0.0,0.0,6.48,0.83,0.0
20231122:2009,0.0,0.0,0.0,0.0,6.44,0.55,0.0
20231122:2109,0.0,0.0,0.0,0.0,6.05,0.21,0.0
20231122:2209,0.0,0.0,0.0,0.0,5.59,0.07,0.0
20231122:2309,0.0,0.0,0.0,0.0,5.17,0.21,0.0
20231123:0009,0.0,0.0,0.0,0.0,4.83,0.41,0.0
20231123:0109,0.0,0.0,0.0,0.0,4.49,0.76,0.0
20231123:0209,0.0,0.0,0.0,0.0,4.07,0.9,0.0
20231123:0309,0.0,0.0,0.0,0.0,3.82,0.97,0.0
20231123:0409,0.0,0.0,0.0,0.0,3.74,0.9,0.0
20231123:0509,0.0,0.0,0.0,0.0,3.39,0.9,0.0
20231123:0609,0.0,0.0,0.0,0.0,2.97,0.9,0.0
20231123:0709,0.0,0.0,0.0,0.0,2.48,0.97,0.0
20231123:0809,98.01,63.0,0.0,11.11,2.66,0.83,0.0
20231123:0909,227.01,97.0,0.0,19.96,5.45,0.48,0.0
20231123:1009,338.01,116.0,0.0,26.9,7.85,0.76,0.0
20231123:1109,413.01,123.0,0.0,31.22,9.45,1.17,0.0
20231123:1209,447.01,114.0,0.0,32.31,10.48,1.31,0.0
20231123:1309,401.01,115.0,0.0,30.0,11.23,1.31,0.0
20231123:1409,303.01,110.0,0.0,24.65,11.64,1.45,0.0
20231123:1509,179.01,87.0,0.0,16.94,11.57,1.45,0.0
20231123:1609,49.0,46.0,0.0,7.55,10.93,1.24,0.0
20231123:1709,0.0,0.0,0.0,0.0,9.76,0.9,0.0
20231123:1809,0.0,0.0,0.0,0.0,8.29,0.55,0.0
20231123:1909,0.0,0.0,0.0,0.0,7.68,0.69,0.0
20231123:2009,0.0,0.0,0.0,0.0,7.01,0.76,0.0
20231123:2109,0.0,0.0,0.0,0.0,6.27,0.9,0.0
20231123:2209,0.0,0.0,0.0,0.0,5.64,0.97,0.0
20231123:2309,0.0,0.0,0.0,0.0,4.77,1.1,0.0
20231124:0009,0.0,0.0,0.0,0.0,4.19,1.24,0.0
20231124:0109,0.0,0.0,0.0,0.0,4.12,1.17,0.0
20231124:0209,0.0,0.0,0.0,0.0,4.35,1.17,0.0
20231124:0309,0.0,0.0,0.0,0.0,4.16,1.17,0.0
20231124:0409,0.0,0.0,0.0,0.0,3.38,1.24,0.0
20231124:0509,0.0,0.0,0.0,0.0,2.67,1.31,0.0
20231124:0609,0.0,0.0,0.0,0.0,2.32,1.31,0.0
20231124:0709,0.0,0.0,0.0,0.0,1.3,1.45,0.0
20231124:0809,95.01,62.0,0.0,10.91,2.35,1.17,0.0
20231124:0909,230.01,93.0,0.0,19.75,6.3,0.69,0.0
20231124:1009,343.01,111.0,0.0,26.68,10.3,1.1,0.0
20231124:1109,403.01,127.0,0.0,31.0,12.33,1.45,0.0
20231124:1209,436.01,120.0,0.0,32.11,13.72,1.66,0.0
20231124:1309,392.01,120.0,0.0,29.82,14.62,1.72,0.0
20231124:1409,296.01,113.0,0.0,24.5,14.99,1.72,0.0
20231124:1509,171.01,91.0,0.0,16.82,14.77,1.66,0.0
20231124:1609,49.0,45.0,0.0,7.46,13.71,1.31,0.0
20231124:1709,0.0,0.0,0.0,0.0,12.01,1.03,0.0
20231124:1809,0.0,0.0,0.0,0.0,10.17,0.69,0.0
20231124:1909,0.0,0.0,0.0,0.0,9.64,0.69,0.0
20231124:2009,0.0,0.0,0.0,0.0,8.82,0.97,0.0
20231124:2109,0.0,0.0,0.0,0.0,7.48,1.1,0.0
20231124:2209,0.0,0.0,0.0,0.0,6.4,1.24,0.0
20231124:2309,0.0,0.0,0.0,0.0,5.67,1.24,0.0
20231125:0009,0.0,0.0,0.0,0.0,5.12,1.31,0.0
20231125:0109,0.0,0.0,0.0,0.0,4.84,1.38,0.0
20231125:0209,0.0,0.0,0.0,0.0,5.16,1.31,0.0
20231125:0309,0.0,0.0,0.0,0.0,5.64,1.31,0.0
20231125:0409,0.0,0.0,0.0,0.0,5.69,1.38,0.0
20231125:0509,0.0,0.0,0.0,0.0,5.38,1.38,0.0
20231125:0609,0.0,0.0,0.0,0.0,5.01,1.45,0.0
20231125:0709,0.0,0.0,0.0,0.0,2.99,1.72,0.0
20231125:0809,91.01,62.0,0.0,10.71,4.14,1.45,0.0
20231125:0909,224.01,95.0,0.0,19.54,9.85,0.34,0.0
20231125:1009,342.01,111.0,0.0,26.47,13.83,0.9,0.0
20231125:1109,394.01,132.0,0.0,30.79,15.75,1.1,0.0
20231125:1209,428.01,124.0,0.0,31.91,17.16,1.24,0.0
20231125:1309,377.01,128.0,0.0,29.65,17.97,1.31,0.0
20231125:1409,308.01,105.0,0.0,24.36,18.26,1.31,0.0
20231125:1509,175.01,88.0,0.0,16.7,17.96,1.24,0.0
20231125:1609,47.0,46.0,0.0,7.37,16.76,0.9,0.0
20231125:1709,0.0,0.0,0.0,0.0,14.77,0.34,0.0
20231125:1809,0.0,0.0,0.0,0.0,13.1,0.9,0.0
20231125:1909,0.0,0.0,0.0,0.0,10.85,1.31,0.0
20231125:2009,0.0,0.0,0.0,0.0,9.79,1.24,0.0
20231125:2109,0.0,0.0,0.0,0.0,7.57,1.52,0.0
20231125:2209,0.0,0.0,0.0,0.0,5.96,1.72,0.0
20231125:2309,0.0,0.0,0.0,0.0,5.26,1.59,0.0
20231126:0009,0.0,0.0,0.0,0.0,5.04,1.45,0.0
20231126:0109,0.0,0.0,0.0,0.0,4.78,1.45,0.0
20231126:0209,0.0,0.0,0.0,0.0,4.71,1.45,0.0
20231126:0309,0.0,0.0,0.0,0.0,4.86,1.45,0.0
20231126:0409,0.0,0.0,0.0,0.0,4.54,1.52,0.0
20231126:0509,0.0,0.0,0.0,0.0,3.95,1.59,0.0
20231126:0609,0.0,0.0,0.0,0.0,3.11,1.72,0.0
20231126:0709,0.0,0.0,0.0,0.0,1.3,1.79,0.0
20231126:0809,96.01,56.0,0.0,10.52,2.47,1.52,0.0
20231126:0909,239.01,82.0,0.0,19.34,7.8,0.62,0.0
20231126:1009,359.01,95.0,0.0,26.26,13.05,0.48,0.0
20231126:1109,393.01,127.0,0.0,30.59,14.99,0.69,0.0
20231126:1209,451.01,104.0,0.0,31.72,16.34,0.9,0.0
20231126:1309,391.01,114.0,0.0,29.48,17.23,1.24,0.0
20231126:1409,279.01,117.0,0.0,24.22,17.49,1.79,0.0
20231126:1509,183.01,80.0,0.0,16.6,16.99,2.14,0.0
20231126:1609,61.0,37.0,0.0,7.28,15.66,1.79,0.0
20231126:1709,0.0,0.0,0.0,0.0,13.71,1.45,0.0
20231126:1809,0.0,0.0,0.0,0.0,11.32,1.17,0.0
20231126:1909,0.0,0.0,0.0,0.0,9.84,1.1,0.0
20231126:2009,0.0,0.0,0.0,0.0,9.26,1.1,0.0
20231126:2109,0.0,0.0,0.0,0.0,8.54,1.1,0.0
20231126:2209,0.0,0.0,0.0,0.0,7.83,1.17,0.0
20231126:2309,0.0,0.0,0.0,0.0,7.03,1.24,0.0
20231127:0009,0.0,0.0,0.0,0.0,6.19,1.31,0.0
20231127:0109,0.0,0.0,0.0,0.0,5.7,1.31,0.0
20231127:0209,0.0,0.0,0.0,0.0,5.51,1.31,0.0
20231127:0309,0.0,0.0,0.0,0.0,5.44,1.31,0.0
20231127:0409,0.0,0.0,0.0,0.0,5.35,1.31,0.0
20231127:0509,0.0,0.0,0.0,0.0,4.71,1.38,0.0
20231127:0609,0.0,0.0,0.0,0.0,4.3,1.38,0.0
20231127:0709,0.0,0.0,0.0,0.0,3.93,1.38,0.0
20231127:0809,84.0,59.0,0.0,10.33,4.79,1.24,0.0
20231127:0909,209.01,95.0,0.0,19.14,7.87,0.9,0.0
20231127:1009,331.01,106.0,0.0,26.06,11.73,1.38,0.0
20231127:1109,399.01,117.0,0.0,30.39,13.79,1.66,0.0
20231127:1209,409.01,124.0,0.0,31.54,15.3,2.0,0.0
20231127:1309,375.01,119.0,0.0,29.32,16.13,2.55,0.0
20231127:1409,288.01,108.0,0.0,24.09,15.85,3.03,0.0
20231127:1509,171.01,84.0,0.0,16.5,14.66,2.76,0.0
20231127:1609,49.0,41.0,0.0,7.21,13.16,2.07,0.0
20231127:1709,0.0,0.0,0.0,0.0,11.33,1.66,0.0
20231127:1809,0.0,0.0,0.0,0.0,9.58,1.52,0.0
20231127:1909,0.0,0.0,0.0,0.0,8.1,1.38,0.0
20231127:2009,0.0,0.0,0.0,0.0,6.77,1.38,0.0
20231127:2109,0.0,0.0,0.0,0.0,6.16,1.38,0.0
20231127:2209,0.0,0.0,0.0,0.0,5.74,1.45,0.0
20231127:2309,0.0,0.0,0.0,0.0,5.44,1.38,0.0
20231128:0009,0.0,0.0,0.0,0.0,4.9,1.38,0.0
20231128:0109,0.0,0.0,0.0,0.0,4.66,1.38,0.0
20231128:0209,0.0,0.0,0.0,0.0,4.3,1.38,0.0
20231128:0309,0.0,0.0,0.0,0.0,4.18,1.45,0.0
20231128:0409,0.0,0.0,0.0,0.0,4.16,1.45,0.0
20231128:0509,0.0,0.0,0.0,0.0,4.09,1.45,0.0
20231128:0609,0.0,0.0,0.0,0.0,4.24,1.38,0.0
20231128:0709,0.0,0.0,0.0,0.0,4.3,1.31,0.0
20231128:0809,103.01,47.0,0.0,10.14,5.84,1.03,0.0
20231128:0909,220.01,82.0,0.0,18.95,9.09,0.9,0.0
20231128:1009,345.01,92.0,0.0,25.86,12.49,1.31,0.0
20231128:1109,400.01,108.0,0.0,30.19,14.35,1.45,0.0
20231128:1209,426.01,106.0,0.0,31.36,15.65,1.72,0.0
20231128:1309,383.01,107.0,0.0,29.17,16.23,1.86,0.0
20231128:1409,241.01,130.0,0.0,23.97,16.23,2.14,0.0
20231128:1509,173.01,78.0,0.0,16.4,15.27,2.21,0.0
20231128:1609,49.0,40.0,0.0,7.14,13.59,1.79,0.0
20231128:1709,0.0,0.0,0.0,0.0,11.87,1.45,0.0
20231128:1809,0.0,0.0,0.0,0.0,10.32,1.17,0.0
20231128:1909,0.0,0.0,0.0,0.0,9.14,1.1,0.0
20231128:2009,0.0,0.0,0.0,0.0,8.07,1.1,0.0
20231128:2109,0.0,0.0,0.0,0.0,7.41,1.03,0.0
20231128:2209,0.0,0.0,0.0,0.0,7.31,0.97,0.0
20231128:2309,0.0,0.0,0.0,0.0,7.11,1.03,0.0
20231129:0009,0.0,0.0,0.0,0.0,7.13,1.03,0.0
20231129:0109,0.0,0.0,0.0,0.0,7.12,1.03,0.0
20231129:0209,0.0,0.0,0.0,0.0,6.95,1.03,0.0
20231129:0309,0.0,0.0,0.0,0.0,7.05,0.97,0.0
20231129:0409,0.0,0.0,0.0,0.0,6.93,0.97,0.0
20231129:0509,0.0,0.0,0.0,0.0,6.19,1.1,0.0
20231129:0609,0.0,0.0,0.0,0.0,6.25,1.1,0.0
20231129:0709,0.0,0.0,0.0,0.0,6.27,1.24,0.0
20231129:0809,99.01,46.0,0.0,9.96,7.66,0.97,0.0
20231129:0909,86.0,144.0,0.0,18.76,11.08,1.1,0.0
20231129:1009,76.0,211.0,0.0,25.67,12.72,1.38,0.0
20231129:1109,141.0,238.0,0.0,30.01,14.23,1.79,0.0
20231129:1209,437.01,98.0,0.0,31.19,15.27,2.28,0.0
20231129:1309,287.01,160.0,0.0,29.03,15.86,2.69,0.0
20231129:1409,210.01,144.0,0.0,23.85,15.22,3.1,0.0
20231129:1509,25.0,127.0,0.0,16.31,14.71,3.17,0.0
20231129:1609,12.0,48.0,0.0,7.07,13.85,2.34,0.0
20231129:1709,0.0,0.0,0.0,0.0,13.21,1.79,0.0
20231129:1809,0.0,0.0,0.0,0.0,12.63,1.59,0.0
20231129:1909,0.0,0.0,0.0,0.0,12.37,1.45,0.0
20231129:2009,0.0,0.0,0.0,0.0,11.5,1.45,0.0
20231129:2109,0.0,0.0,0.0,0.0,10.98,1.31,0.0
20231129:2209,0.0,0.0,0.0,0.0,10.81,1.17,0.0
20231129:2309,0.0,0.0,0.0,0.0,10.53,1.17,0.0
20231130:0009,0.0,0.0,0.0,0.0,10.37,1.17,0.0
20231130:0109,0.0,0.0,0.0,0.0,10.66,1.1,0.0
20231130:0209,0.0,0.0,0.0,0.0,10.61,1.24,0.0
20231130:0309,0.0,0.0,0.0,0.0,10.48,1.03,0.0
20231130:0409,0.0,0.0,0.0,0.0,10.42,0.97,0.0
20231130:0509,0.0,0.0,0.0,0.0,10.32,1.03,0.0
20231130:0609,0.0,0.0,0.0,0.0,10.27,1.1,0.0
20231130:0709,0.0,0.0,0.0,0.0,10.35,1.59,0.0
20231130:0809,78.0,54.0,0.0,9.78,10.78,1.66,0.0
20231130:0909,115.0,132.0,0.0,18.57,12.3,2.14,0.0
20231130:1009,293.01,117.0,0.0,25.48,14.0,3.24,0.0
20231130:1109,448.01,78.0,0.0,29.83,15.46,3.79,0.0
20231130:1209,470.01,79.0,0.0,31.02,16.47,4.0,0.0
20231130:1309,310.01,146.0,0.0,28.89,16.76,3.86,0.0
20231130:1409,272.01,108.0,0.0,23.74,16.67,3.45,0.0
20231130:1509,102.0,112.0,0.0,16.23,16.33,3.1,0.0
20231130:1609,8.0,47.0,0.0,7.01,15.34,2.48,0.0
20231130:1709,0.0,0.0,0.0,0.0,14.14,2.21,0.0
20231130:1809,0.0,0.0,0.0,0.0,13.12,2.14,0.0
20231130:1909,0.0,0.0,0.0,0.0,12.56,1.79,0.0
20231130:2009,0.0,0.0,0.0,0.0,11.15,1.72,0.0
20231130:2109,0.0,0.0,0.0,0.0,10.04,1.72,0.0
20231130:2209,0.0,0.0,0.0,0.0,8.81,1.86,0.0
20231130:2309,0.0,0.0,0.0,0.0,8.24,1.86,0.0
20231201:0009,0.0,0.0,0.0,0.0,7.23,1.93,0.0
20231201:0109,0.0,0.0,0.0,0.0,7.07,1.93,0.0
20231201:0209,0.0,0.0,0.0,0.0,6.92,1.93,0.0
20231201:0309,0.0,0.0,0.0,0.0,6.83,1.93,0.0
20231201:0409,0.0,0.0,0.0,0.0,7.35,1.93,0.0
20231201:0509,0.0,0.0,0.0,0.0,7.48,2.0,0.0
20231201:0609,0.0,0.0,0.0,0.0,7.39,2.14,0.0
20231201:0709,0.0,0.0,0.0,0.0,7.13,2.55,0.0
20231201:0809,0.0,12.0,0.0,9.61,7.75,2.21,0.0
20231201:0909,0.0,27.0,0.0,18.39,9.9,2.34,0.0
20231201:1009,0.0,38.0,0.0,25.3,9.95,2.62,0.0
20231201:1109,316.01,154.0,0.0,29.65,10.11,3.52,0.0
20231201:1209,3.0,196.0,0.0,30.87,9.59,3.31,0.0
20231201:1309,0.0,72.0,0.0,28.76,8.61,3.45,0.0
20231201:1409,0.0,67.0,0.0,23.64,7.76,2.55,0.0
20231201:1509,0.0,44.0,0.0,16.15,6.84,2.07,0.0
20231201:1609,0.0,8.0,0.0,6.96,6.14,2.14,0.0
20231201:1709,0.0,0.0,0.0,0.0,5.07,2.28,0.0
20231201:1809,0.0,0.0,0.0,0.0,3.55,2.34,0.0
20231201:1909,0.0,0.0,0.0,0.0,3.31,2.07,0.0
20231201:2009,0.0,0.0,0.0,0.0,2.98,1.93,0.0
20231201:2109,0.0,0.0,0.0,0.0,2.81,2.14,0.0
20231201:2209,0.0,0.0,0.0,0.0,2.83,2.21,0.0
20231201:2309,0.0,0.0,0.0,0.0,2.99,2.07,0.0
20231202:0009,0.0,0.0,0.0,0.0,3.15,1.93,0.0
20231202:0109,0.0,0.0,0.0,0.0,3.13,2.0,0.0
20231202:0209,0.0,0.0,0.0,0.0,3.08,1.93,0.0
20231202:0309,0.0,0.0,0.0,0.0,2.89,1.72,0.0
20231202:0409,0.0,0.0,0.0,0.0,2.63,1.52,0.0
20231202:0509,0.0,0.0,0.0,0.0,2.29,1.45,0.0
20231202:0609,0.0,0.0,0.0,0.0,1.72,1.31,0.0
20231202:0709,0.0,0.0,0.0,0.0,1.7,1.03,0.0
20231202:0809,107.01,38.0,0.0,9.44,2.04,1.03,0.0
20231202:0909,228.01,75.0,0.0,18.22,3.82,1.38,0.0
20231202:1009,361.01,80.0,0.0,25.13,5.61,2.0,0.0
20231202:1109,405.01,106.0,0.0,29.48,6.86,2.48,0.0
20231202:1209,458.01,88.0,0.0,30.72,7.49,2.69,0.0
20231202:1309,399.01,99.0,0.0,28.63,7.93,2.62,0.0
20231202:1409,303.01,95.0,0.0,23.54,8.01,2.48,0.0
20231202:1509,186.01,72.0,0.0,16.09,7.62,2.21,0.0
20231202:1609,48.0,40.0,0.0,6.91,6.77,1.93,0.0
20231202:1709,0.0,0.0,0.0,0.0,5.53,1.45,0.0
20231202:1809,0.0,0.0,0.0,0.0,4.45,1.24,0.0
20231202:1909,0.0,0.0,0.0,0.0,3.38,1.31,0.0
20231202:2009,0.0,0.0,0.0,0.0,2.92,1.17,0.0
20231202:2109,0.0,0.0,0.0,0.0,2.39,0.97,0.0
20231202:2209,0.0,0.0,0.0,0.0,2.49,0.34,0.0
20231202:2309,0.0,0.0,0.0,0.0,1.95,0.62,0.0
20231203:0009,0.0,0.0,0.0,0.0,1.11,0.83,0.0
20231203:0109,0.0,0.0,0.0,0.0,0.93,0.83,0.0
20231203:0209,0.0,0.0,0.0,0.0,0.49,0.83,0.0
20231203:0309,0.0,0.0,0.0,0.0,0.44,0.9,0.0
20231203:0409,0.0,0.0,0.0,0.0,0.35,0.9,0.0
20231203:0509,0.0,0.0,0.0,0.0,-0.06,0.97,0.0
20231203:0609,0.0,0.0,0.0,0.0,-0.59,1.03,0.0
20231203:0709,0.0,0.0,0.0,0.0,-2.17,1.24,0.0
20231203:0809,73.0,54.0,0.0,9.27,-1.59,1.17,0.0
20231203:0909,222.01,76.0,0.0,18.05,3.1,0.9,0.0
20231203:1009,327.01,99.0,0.0,24.96,6.42,1.03,0.0
20231203:1109,381.01,120.0,0.0,29.32,8.38,0.83,0.0
20231203:1209,463.01,84.0,0.0,30.57,9.83,0.55,0.0
20231203:1309,391.01,103.0,0.0,28.51,10.76,0.34,0.0
20231203:1409,327.01,80.0,0.0,23.45,11.12,0.34,0.0
20231203:1509,155.01,89.0,0.0,16.02,10.91,0.55,0.0
20231203:1609,4.0,43.0,0.0,6.87,10.19,0.34,0.0
20231203:1709,0.0,0.0,0.0,0.0,8.97,0.48,0.0
20231203:1809,0.0,0.0,0.0,0.0,7.57,0.62,0.0
20231203:1909,0.0,0.0,0.0,0.0,6.29,0.97,0.0
20231203:2009,0.0,0.0,0.0,0.0,4.92,1.17,0.0
20231203:2109,0.0,0.0,0.0,0.0,3.31,1.45,0.0
20231203:2209,0.0,0.0,0.0,0.0,2.08,1.59,0.0
20231203:2309,0.0,0.0,0.0,0.0,1.31,1.66,0.0
20231204:0009,0.0,0.0,0.0,0.0,1.15,1.59,0.0
20231204:0109,0.0,0.0,0.0,0.0,0.95,1.52,0.0
20231204:0209,0.0,0.0,0.0,0.0,1.1,1.52,0.0
20231204:0309,0.0,0.0,0.0,0.0,1.21,1.59,0.0
20231204:0409,0.0,0.0,0.0,0.0,1.61,1.66,0.0
20231204:0509,0.0,0.0,0.0,0.0,2.13,1.72,0.0
20231204:0609,0.0,0.0,0.0,0.0,2.35,1.79,0.0
20231204:0709,0.0,0.0,0.0,0.0,2.28,1.66,0.0
20231204:0809,4.0,57.0,0.0,9.1,3.5,1.66,0.0
20231204:0909,0.0,97.0,0.0,17.88,6.07,1.66,0.0
20231204:1009,0.0,135.0,0.0,24.79,7.58,1.86,0.0
20231204:1109,5.0,191.0,0.0,29.17,8.21,1.93,0.0
20231204:1209,5.0,200.0,0.0,30.44,8.87,2.69,0.0
20231204:1309,3.0,180.0,0.0,28.4,9.09,2.76,0.0
20231204:1409,7.0,161.0,0.0,23.37,9.4,2.69,0.0
20231204:1509,3.0,99.0,0.0,15.97,9.2,2.34,0.0
20231204:1609,8.0,46.0,0.0,6.84,8.69,1.86,0.0
20231204:1709,0.0,0.0,0.0,0.0,8.06,1.59,0.0
20231204:1809,0.0,0.0,0.0,0.0,7.69,1.45,0.0
20231204:1909,0.0,0.0,0.0,0.0,7.45,1.45,0.0
20231204:2009,0.0,0.0,0.0,0.0,7.13,1.45,0.0
20231204:2109,0.0,0.0,0.0,0.0,6.88,1.52,0.0
20231204:2209,0.0,0.0,0.0,0.0,6.53,1.52,0.0
20231204:2309,0.0,0.0,0.0,0.0,6.26,1.52,0.0
20231205:0009,0.0,0.0,0.0,0.0,5.8,1.59,0.0
20231205:0109,0.0,0.0,0.0,0.0,5.03,1.38,0.0
20231205:0209,0.0,0.0,0.0,0.0,4.28,1.03,0.0
20231205:0309,0.0,0.0,0.0,0.0,3.8,0.76,0.0
20231205:0409,0.0,0.0,0.0,0.0,2.97,0.69,0.0
20231205:0509,0.0,0.0,0.0,0.0,2.66,0.55,0.0
20231205:0609,0.0,0.0,0.0,0.0,2.61,0.55,0.0
20231205:0709,0.0,0.0,0.0,0.0,3.25,0.97,0.0
20231205:0809,15.0,66.0,0.0,8.95,4.26,1.03,0.0
20231205:0909,71.0,142.0,0.0,17.72,6.21,1.38,0.0
20231205:1009,111.0,200.0,0.0,24.63,7.95,1.59,0.0
20231205:1109,75.0,246.0,0.0,29.02,9.41,1.52,0.0
20231205:1209,236.01,207.0,0.0,30.31,11.16,1.31,0.0
20231205:1309,56.0,238.0,0.0,28.3,11.24,1.1,0.0
20231205:1409,2.0,144.0,0.0,23.3,10.97,0.97,0.0
20231205:1509,77.0,121.0,0.0,15.92,10.42,1.17,0.0
20231205:1609,11.0,47.0,0.0,6.81,9.86,1.52,0.0
20231205:1709,0.0,0.0,0.0,0.0,8.8,1.38,0.0
20231205:1809,0.0,0.0,0.0,0.0,7.86,1.17,0.0
20231205:1909,0.0,0.0,0.0,0.0,7.03,1.03,0.0
20231205:2009,0.0,0.0,0.0,0.0,6.46,1.03,0.0
20231205:2109,0.0,0.0,0.0,0.0,5.85,1.24,0.0
20231205:2209,0.0,0.0,0.0,0.0,5.47,1.38,0.0
20231205:2309,0.0,0.0,0.0,0.0,5.48,1.24,0.0
20231206:0009,0.0,0.0,0.0,0.0,5.47,1.1,0.0
20231206:0109,0.0,0.0,0.0,0.0,5.48,1.1,0.0
20231206:0209,0.0,0.0,0.0,0.0,5.51,1.17,0.0
20231206:0309,0.0,0.0,0.0,0.0,5.52,1.1,0.0
20231206:0409,0.0,0.0,0.0,0.0,5.63,0.83,0.0
20231206:0509,0.0,0.0,0.0,0.0,5.62,0.76,0.0
20231206:0609,0.0,0.0,0.0,0.0,5.74,0.76,0.0
20231206:0709,0.0,0.0,0.0,0.0,5.88,0.55,0.0
20231206:0809,0.0,44.0,0.0,8.79,6.09,0.48,0.0
20231206:0909,9.0,124.0,0.0,17.56,6.98,0.48,0.0
20231206:1009,53.0,201.0,0.0,24.48,7.77,0.55,0.0
20231206:1109,44.0,236.0,0.0,28.88,8.66,0.55,0.0
20231206:1209,6.0,202.0,0.0,30.19,9.55,0.97,0.0
20231206:1309,3.0,178.0,0.0,28.2,10.85,1.31,0.0
20231206:1409,0.0,103.0,0.0,23.23,11.33,1.66,0.0
20231206:1509,0.0,66.0,0.0,15.87,11.22,2.21,0.0
20231206:1609,6.0,43.0,0.0,6.79,10.34,1.79,0.0
20231206:1709,0.0,0.0,0.0,0.0,9.65,1.17,0.0
20231206:1809,0.0,0.0,0.0,0.0,9.07,0.76,0.0
20231206:1909,0.0,0.0,0.0,0.0,9.01,0.97,0.0
20231206:2009,0.0,0.0,0.0,0.0,9.0,1.1,0.0
20231206:2109,0.0,0.0,0.0,0.0,8.81,0.97,0.0
20231206:2209,0.0,0.0,0.0,0.0,8.6,0.83,0.0
20231206:2309,0.0,0.0,0.0,0.0,8.17,0.97,0.0
20231207:0009,0.0,0.0,0.0,0.0,8.05,1.1,0.0
20231207:0109,0.0,0.0,0.0,0.0,8.08,1.1,0.0
20231207:0209,0.0,0.0,0.0,0.0,8.0,1.1,0.0
20231207:0309,0.0,0.0,0.0,0.0,7.83,1.1,0.0
20231207:0409,0.0,0.0,0.0,0.0,7.8,0.9,0.0
20231207:0509,0.0,0.0,0.0,0.0,7.47,1.03,0.0
20231207:0609,0.0,0.0,0.0,0.0,7.5,1.1,0.0
20231207:0709,0.0,0.0,0.0,0.0,7.44,0.97,0.0
20231207:0809,45.0,56.0,0.0,8.64,7.76,0.9,0.0
20231207:0909,233.01,55.0,0.0,17.41,9.02,0.97,0.0
20231207:1009,361.01,61.0,0.0,24.33,10.31,1.1,0.0
20231207:1109,443.01,63.0,0.0,28.74,11.39,1.24,0.0
20231207:1209,468.01,63.0,0.0,30.07,12.53,1.72,0.0
20231207:1309,431.01,63.0,0.0,28.11,13.78,2.21,0.0
20231207:1409,224.01,126.0,0.0,23.17,14.46,2.41,0.0
20231207:1509,162.01,75.0,0.0,15.84,14.26,2.41,0.0
20231207:1609,27.0,43.0,0.0,6.77,13.41,1.93,0.0
20231207:1709,0.0,0.0,0.0,0.0,11.9,1.52,0.0
20231207:1809,0.0,0.0,0.0,0.0,10.5,1.59,0.0
20231207:1909,0.0,0.0,0.0,0.0,9.19,2.14,0.0
20231207:2009,0.0,0.0,0.0,0.0,8.46,2.21,0.0
20231207:2109,0.0,0.0,0.0,0.0,7.85,2.07,0.0
20231207:2209,0.0,0.0,0.0,0.0,7.71,1.79,0.0
20231207:2309,0.0,0.0,0.0,0.0,7.36,1.72,0.0
20231208:0009,0.0,0.0,0.0,0.0,7.51,1.86,0.0
20231208:0109,0.0,0.0,0.0,0.0,7.57,1.86,0.0
20231208:0209,0.0,0.0,0.0,0.0,7.59,1.79,0.0
20231208:0309,0.0,0.0,0.0,0.0,7.75,2.0,0.0
20231208:0409,0.0,0.0,0.0,0.0,7.96,2.28,0.0
20231208:0509,0.0,0.0,0.0,0.0,8.01,2.21,0.0
20231208:0609,0.0,0.0,0.0,0.0,8.31,3.03,0.0
20231208:0709,0.0,0.0,0.0,0.0,7.86,2.0,0.0
20231208:0809,0.0,32.0,0.0,8.49,8.16,2.97,0.0
20231208:0909,100.0,125.0,0.0,17.27,8.31,3.38,0.0
20231208:1009,369.01,59.0,0.0,24.19,8.47,3.59,0.0
20231208:1109,425.01,76.0,0.0,28.61,9.29,4.28,0.0
20231208:1209,380.01,118.0,0.0,29.96,10.2,4.76,0.0
20231208:1309,431.01,66.0,0.0,28.03,10.35,4.62,0.0
20231208:1409,260.01,108.0,0.0,23.11,10.06,4.28,0.0
20231208:1509,171.01,72.0,0.0,15.81,9.47,3.59,0.0
20231208:1609,58.0,31.0,0.0,6.76,8.79,2.9,0.0
20231208:1709,0.0,0.0,0.0,0.0,7.75,2.28,0.0
20231208:1809,0.0,0.0,0.0,0.0,6.81,2.14,0.0
20231208:1909,0.0,0.0,0.0,0.0,6.36,2.0,0.0
20231208:2009,0.0,0.0,0.0,0.0,5.57,1.79,0.0
20231208:2109,0.0,0.0,0.0,0.0,4.8,1.79,0.0
20231208:2209,0.0,0.0,0.0,0.0,4.49,1.79,0.0
20231208:2309,0.0,0.0,0.0,0.0,4.09,1.59,0.0
20231209:0009,0.0,0.0,0.0,0.0,3.77,1.59,0.0
20231209:0109,0.0,0.0,0.0,0.0,3.21,1.52,0.0
20231209:0209,0.0,0.0,0.0,0.0,2.82,1.59,0.0
20231209:0309,0.0,0.0,0.0,0.0,2.58,1.66,0.0
20231209:0409,0.0,0.0,0.0,0.0,2.53,1.66,0.0
20231209:0509,0.0,0.0,0.0,0.0,2.54,1.66,0.0
20231209:0609,0.0,0.0,0.0,0.0,2.54,1.59,0.0
20231209:0709,0.0,0.0,0.0,0.0,2.63,1.66,0.0
20231209:0809,16.0,60.0,0.0,8.35,3.43,1.38,0.0
20231209:0909,177.01,85.0,0.0,17.13,6.79,1.38,0.0
20231209:1009,165.01,170.0,0.0,24.06,10.04,1.93,0.0
20231209:1109,331.01,130.0,0.0,28.49,11.93,2.55,0.0
20231209:1209,429.01,86.0,0.0,29.86,13.21,2.97,0.0
20231209:1309,60.0,233.0,0.0,27.96,14.0,3.24,0.0
20231209:1409,115.0,179.0,0.0,23.07,14.31,3.17,0.0
20231209:1509,136.01,91.0,0.0,15.79,14.07,2.9,0.0
20231209:1609,38.0,40.0,0.0,6.76,13.07,2.34,0.0
20231209:1709,0.0,0.0,0.0,0.0,11.28,2.0,0.0
20231209:1809,0.0,0.0,0.0,0.0,9.76,1.86,0.0
20231209:1909,0.0,0.0,0.0,0.0,8.64,1.72,0.0
20231209:2009,0.0,0.0,0.0,0.0,7.37,1.66,0.0
20231209:2109,0.0,0.0,0.0,0.0,7.09,1.45,0.0
20231209:2209,0.0,0.0,0.0,0.0,6.91,1.31,0.0
20231209:2309,0.0,0.0,0.0,0.0,6.93,1.17,0.0
20231210:0009,0.0,0.0,0.0,0.0,6.82,1.1,0.0
20231210:0109,0.0,0.0,0.0,0.0,6.35,1.17,0.0
20231210:0209,0.0,0.0,0.0,0.0,5.48,1.24,0.0
20231210:0309,0.0,0.0,0.0,0.0,4.86,1.31,0.0
20231210:0409,0.0,0.0,0.0,0.0,4.32,1.45,0.0
20231210:0509,0.0,0.0,0.0,0.0,3.8,1.59,0.0
20231210:0609,0.0,0.0,0.0,0.0,3.43,1.66,0.0
20231210:0709,0.0,0.0,0.0,0.0,3.03,1.79,0.0
20231210:0809,57.0,49.0,0.0,8.21,3.57,1.66,0.0
20231210:0909,240.01,52.0,0.0,16.99,8.49,0.9,0.0
20231210:1009,365.01,61.0,0.0,23.93,14.33,0.41,0.0
20231210:1109,431.01,74.0,0.0,28.38,16.79,0.76,0.0
20231210:1209,450.01,78.0,0.0,29.77,18.17,1.17,0.0
20231210:1309,405.01,82.0,0.0,27.89,19.08,1.38,0.0
20231210:1409,315.01,78.0,0.0,23.03,19.47,1.45,0.0
20231210:1509,186.01,65.0,0.0,15.77,19.26,1.38,0.0
20231210:1609,53.0,34.0,0.0,6.76,18.22,1.17,0.0
20231210:1709,0.0,0.0,0.0,0.0,15.77,1.1,0.0
20231210:1809,0.0,0.0,0.0,0.0,14.05,1.17,0.0
20231210:1909,0.0,0.0,0.0,0.0,12.64,1.17,0.0
20231210:2009,0.0,0.0,0.0,0.0,11.88,1.24,0.0
20231210:2109,0.0,0.0,0.0,0.0,10.32,1.38,0.0
20231210:2209,0.0,0.0,0.0,0.0,9.29,1.52,0.0
20231210:2309,0.0,0.0,0.0,0.0,8.98,1.52,0.0
20231211:0009,0.0,0.0,0.0,0.0,9.14,1.59,0.0
20231211:0109,0.0,0.0,0.0,0.0,9.45,1.52,0.0
20231211:0209,0.0,0.0,0.0,0.0,9.58,1.52,0.0
20231211:0309,0.0,0.0,0.0,0.0,9.84,1.52,0.0
20231211:0409,0.0,0.0,0.0,0.0,10.01,1.52,0.0
20231211:0509,0.0,0.0,0.0,0.0,9.97,1.52,0.0
20231211:0609,0.0,0.0,0.0,0.0,9.57,1.52,0.0
20231211:0709,0.0,0.0,0.0,0.0,9.37,1.52,0.0
20231211:0809,44.0,53.0,0.0,8.08,8.8,1.59,0.0
20231211:0909,206.01,67.0,0.0,16.86,11.41,1.03,0.0
20231211:1009,327.01,79.0,0.0,23.81,16.42,0.55,0.0
20231211:1109,414.01,80.0,0.0,28.27,19.72,0.62,0.0
20231211:1209,427.01,88.0,0.0,29.68,21.1,1.03,0.0
20231211:1309,411.01,77.0,0.0,27.83,21.72,1.45,0.0
20231211:1409,350.01,58.0,0.0,22.99,21.74,1.66,0.0
20231211:1509,106.0,107.0,0.0,15.76,21.04,1.45,0.0
20231211:1609,19.0,46.0,0.0,6.77,19.7,1.17,0.0
20231211:1709,0.0,0.0,0.0,0.0,17.8,0.76,0.0
20231211:1809,0.0,0.0,0.0,0.0,16.84,0.83,0.0
20231211:1909,0.0,0.0,0.0,0.0,14.5,1.24,0.0
20231211:2009,0.0,0.0,0.0,0.0,13.15,1.38,0.0
20231211:2109,0.0,0.0,0.0,0.0,12.32,1.38,0.0
20231211:2209,0.0,0.0,0.0,0.0,11.53,1.45,0.0
20231211:2309,0.0,0.0,0.0,0.0,10.79,1.52,0.0
20231212:0009,0.0,0.0,0.0,0.0,10.01,1.59,0.0
20231212:0109,0.0,0.0,0.0,0.0,9.6,1.59,0.0
20231212:0209,0.0,0.0,0.0,0.0,9.47,1.66,0.0
20231212:0309,0.0,0.0,0.0,0.0,9.09,1.72,0.0
20231212:0409,0.0,0.0,0.0,0.0,8.58,1.79,0.0
20231212:0509,0.0,0.0,0.0,0.0,7.95,1.86,0.0
20231212:0609,0.0,0.0,0.0,0.0,7.35,1.93,0.0
20231212:0709,0.0,0.0,0.0,0.0,5.92,2.0,0.0
20231212:0809,56.0,46.0,0.0,7.95,5.84,1.93,0.0
20231212:0909,31.0,135.0,0.0,16.74,10.11,1.24,0.0
20231212:1009,140.0,180.0,0.0,23.69,16.12,1.17,0.0
20231212:1109,427.01,74.0,0.0,28.17,18.41,2.28,0.0
20231212:1209,406.01,102.0,0.0,29.61,19.05,2.83,0.0
20231212:1309,369.01,103.0,0.0,27.78,19.25,3.17,0.0
20231212:1409,280.01,98.0,0.0,22.97,18.96,3.17,0.0
20231212:1509,115.01,104.0,0.0,15.75,18.18,2.76,0.0
20231212:1609,22.0,46.0,0.0,6.79,16.83,2.55,0.0
20231212:1709,0.0,0.0,0.0,0.0,14.88,2.34,0.0
20231212:1809,0.0,0.0,0.0,0.0,13.13,2.28,0.0
20231212:1909,0.0,0.0,0.0,0.0,11.6,2.21,0.0
20231212:2009,0.0,0.0,0.0,0.0,9.93,2.28,0.0
20231212:2109,0.0,0.0,0.0,0.0,8.81,2.34,0.0
20231212:2209,0.0,0.0,0.0,0.0,7.78,2.28,0.0
20231212:2309,0.0,0.0,0.0,0.0,6.93,2.14,0.0
20231213:0009,0.0,0.0,0.0,0.0,6.21,2.0,0.0
20231213:0109,0.0,0.0,0.0,0.0,5.51,2.0,0.0
20231213:0209,0.0,0.0,0.0,0.0,4.91,2.0,0.0
20231213:0309,0.0,0.0,0.0,0.0,4.63,2.07,0.0
20231213:0409,0.0,0.0,0.0,0.0,5.15,2.0,0.0
20231213:0509,0.0,0.0,0.0,0.0,5.69,2.07,0.0
20231213:0609,0.0,0.0,0.0,0.0,6.47,2.14,0.0
20231213:0709,0.0,0.0,0.0,0.0,7.09,1.86,0.0
20231213:0809,55.0,45.0,0.0,7.83,7.93,2.07,0.0
20231213:0909,0.0,33.0,0.0,16.62,9.07,2.83,0.0
20231213:1009,0.0,64.0,0.0,23.58,9.64,2.83,0.0
20231213:1109,0.0,111.0,0.0,28.08,9.31,2.97,0.0
20231213:1209,7.0,205.0,0.0,29.53,8.9,3.03,0.0
20231213:1309,20.0,214.0,0.0,27.74,8.33,2.69,0.0
20231213:1409,17.0,175.0,0.0,22.95,7.95,2.69,0.0
20231213:1509,6.0,108.0,0.0,15.76,7.29,2.62,0.0
20231213:1609,7.0,45.0,0.0,6.81,6.86,2.55,0.0
20231213:1709,0.0,0.0,0.0,0.0,5.91,2.34,0.0
20231213:1809,0.0,0.0,0.0,0.0,4.71,2.14,0.0
20231213:1909,0.0,0.0,0.0,0.0,4.51,2.14,0.0
20231213:2009,0.0,0.0,0.0,0.0,4.03,1.93,0.0
20231213:2109,0.0,0.0,0.0,0.0,3.67,1.52,0.0
20231213:2209,0.0,0.0,0.0,0.0,3.02,1.45,0.0
20231213:2309,0.0,0.0,0.0,0.0,2.77,1.03,0.0
20231214:0009,0.0,0.0,0.0,0.0,2.75,0.97,0.0
20231214:0109,0.0,0.0,0.0,0.0,2.7,1.03,0.0
20231214:0209,0.0,0.0,0.0,0.0,2.33,1.17,0.0
20231214:0309,0.0,0.0,0.0,0.0,2.4,1.03,0.0
20231214:0409,0.0,0.0,0.0,0.0,2.16,0.9,0.0
20231214:0509,0.0,0.0,0.0,0.0,1.6,0.97,0.0
20231214:0609,0.0,0.0,0.0,0.0,1.26,1.03,0.0
20231214:0709,0.0,0.0,0.0,0.0,1.12,0.9,0.0
20231214:0809,78.01,34.0,0.0,7.71,1.45,0.76,0.0
20231214:0909,239.01,49.0,0.0,16.51,3.4,1.03,0.0
20231214:1009,374.01,55.0,0.0,23.48,5.2,1.24,0.0
20231214:1109,462.01,57.0,0.0,27.99,6.7,1.31,0.0
20231214:1209,480.01,63.0,0.0,29.47,7.9,1.59,0.0
20231214:1309,406.01,84.0,0.0,27.7,8.66,1.66,0.0
20231214:1409,327.01,73.0,0.0,22.94,9.05,1.66,0.0
20231214:1509,192.01,64.0,0.0,15.77,8.83,1.72,0.0
20231214:1609,55.0,35.0,0.0,6.83,8.06,1.59,0.0
20231214:1709,0.0,0.0,0.0,0.0,6.78,1.1,0.0
20231214:1809,0.0,0.0,0.0,0.0,5.1,0.9,0.0
20231214:1909,0.0,0.0,0.0,0.0,4.48,0.76,0.0
20231214:2009,0.0,0.0,0.0,0.0,4.16,0.34,0.0
20231214:2109,0.0,0.0,0.0,0.0,3.6,0.28,0.0
20231214:2209,0.0,0.0,0.0,0.0,3.19,0.34,0.0
20231214:2309,0.0,0.0,0.0,0.0,2.85,0.48,0.0
20231215:0009,0.0,0.0,0.0,0.0,2.56,0.62,0.0
20231215:0109,0.0,0.0,0.0,0.0,2.28,0.83,0.0
20231215:0209,0.0,0.0,0.0,0.0,1.87,0.9,0.0
20231215:0309,0.0,0.0,0.0,0.0,1.87,0.9,0.0
20231215:0409,0.0,0.0,0.0,0.0,1.76,0.83,0.0
20231215:0509,0.0,0.0,0.0,0.0,1.61,0.83,0.0
20231215:0609,0.0,0.0,0.0,0.0,1.35,0.83,0.0
20231215:0709,0.0,0.0,0.0,0.0,1.52,0.76,0.0
20231215:0809,72.01,36.0,0.0,7.6,1.46,0.9,0.0
20231215:0909,237.01,49.0,0.0,16.4,3.26,0.62,0.0
20231215:1009,350.01,67.0,0.0,23.39,7.08,1.45,0.0
20231215:1109,416.01,81.0,0.0,27.91,8.84,2.0,0.0
20231215:1209,429.01,90.0,0.0,29.42,10.06,2.41,0.0
20231215:1309,398.01,88.0,0.0,27.67,10.67,2.55,0.0
20231215:1409,317.01,79.0,0.0,22.93,10.79,2.55,0.0
20231215:1509,188.01,67.0,0.0,15.78,10.41,2.48,0.0
20231215:1609,52.0,37.0,0.0,6.87,9.49,2.0,0.0
20231215:1709,0.0,0.0,0.0,0.0,7.89,1.66,0.0
20231215:1809,0.0,0.0,0.0,0.0,6.08,1.45,0.0
20231215:1909,0.0,0.0,0.0,0.0,5.17,1.17,0.0
20231215:2009,0.0,0.0,0.0,0.0,4.57,1.17,0.0
20231215:2109,0.0,0.0,0.0,0.0,3.66,1.24,0.0
20231215:2209,0.0,0.0,0.0,0.0,2.63,1.38,0.0
20231215:2309,0.0,0.0,0.0,0.0,1.5,1.45,0.0
20231216:0009,0.0,0.0,0.0,0.0,0.26,1.59,0.0
20231216:0109,0.0,0.0,0.0,0.0,-0.43,1.52,0.0
20231216:0209,0.0,0.0,0.0,0.0,-0.23,1.38,0.0
20231216:0309,0.0,0.0,0.0,0.0,1.24,1.17,0.0
20231216:0409,0.0,0.0,0.0,0.0,1.54,1.31,0.0
20231216:0509,0.0,0.0,0.0,0.0,0.87,1.38,0.0
20231216:0609,0.0,0.0,0.0,0.0,-0.14,1.59,0.0
20231216:0709,0.0,0.0,0.0,0.0,-2.54,1.72,0.0
20231216:0809,60.0,42.0,0.0,7.49,-2.07,1.52,0.0
20231216:0909,213.01,63.0,0.0,16.3,2.92,0.76,0.0
20231216:1009,309.01,94.0,0.0,23.3,7.49,0.76,0.0
20231216:1109,405.01,92.0,0.0,27.84,9.65,1.38,0.0
20231216:1209,431.01,95.0,0.0,29.37,11.04,1.66,0.0
20231216:1309,393.01,97.0,0.0,27.65,11.82,1.86,0.0
20231216:1409,326.01,78.0,0.0,22.93,12.04,1.93,0.0
20231216:1509,199.01,64.0,0.0,15.81,11.71,1.86,0.0
20231216:1609,57.0,36.0,0.0,6.9,10.66,1.45,0.0
20231216:1709,0.0,0.0,0.0,0.0,8.86,1.31,0.0
20231216:1809,0.0,0.0,0.0,0.0,6.5,1.24,0.0
20231216:1909,0.0,0.0,0.0,0.0,6.97,0.9,0.0
20231216:2009,0.0,0.0,0.0,0.0,6.07,0.97,0.0
20231216:2109,0.0,0.0,0.0,0.0,5.35,1.03,0.0
20231216:2209,0.0,0.0,0.0,0.0,4.77,1.1,0.0
20231216:2309,0.0,0.0,0.0,0.0,4.4,1.1,0.0
20231217:0009,0.0,0.0,0.0,0.0,4.08,1.1,0.0
20231217:0109,0.0,0.0,0.0,0.0,3.79,1.03,0.0
20231217:0209,0.0,0.0,0.0,0.0,3.39,1.03,0.0
20231217:0309,0.0,0.0,0.0,0.0,2.81,1.03,0.0
20231217:0409,0.0,0.0,0.0,0.0,2.2,1.1,0.0
20231217:0509,0.0,0.0,0.0,0.0,1.62,1.1,0.0
20231217:0609,0.0,0.0,0.0,0.0,1.18,1.1,0.0
20231217:0709,0.0,0.0,0.0,0.0,-0.99,1.38,0.0
20231217:0809,61.0,40.0,0.0,7.38,-0.58,1.24,0.0
20231217:0909,211.01,61.0,0.0,16.2,2.32,0.62,0.0
20231217:1009,315.01,87.0,0.0,23.21,6.78,1.03,0.0
20231217:1109,399.01,92.0,0.0,27.78,8.66,1.66,0.0
20231217:1209,417.01,100.0,0.0,29.33,9.71,1.86,0.0
20231217:1309,388.01,97.0,0.0,27.63,10.47,2.0,0.0
20231217:1409,327.01,76.0,0.0,22.94,10.62,2.0,0.0
20231217:1509,200.01,62.0,0.0,15.84,10.29,1.79,0.0
20231217:1609,58.0,35.0,0.0,6.95,9.37,1.24,0.0
20231217:1709,0.0,0.0,0.0,0.0,7.88,0.97,0.0
20231217:1809,0.0,0.0,0.0,0.0,6.5,0.76,0.0
20231217:1909,0.0,0.0,0.0,0.0,6.15,0.9,0.0
20231217:2009,0.0,0.0,0.0,0.0,5.18,0.9,0.0
20231217:2109,0.0,0.0,0.0,0.0,4.26,0.97,0.0
20231217:2209,0.0,0.0,0.0,0.0,3.51,1.03,0.0
20231217:2309,0.0,0.0,0.0,0.0,3.12,0.97,0.0
20231218:0009,0.0,0.0,0.0,0.0,2.73,0.83,0.0
20231218:0109,0.0,0.0,0.0,0.0,2.24,0.83,0.0
20231218:0209,0.0,0.0,0.0,0.0,1.85,0.76,0.0
20231218:0309,0.0,0.0,0.0,0.0,1.52,0.69,0.0
20231218:0409,0.0,0.0,0.0,0.0,1.23,0.69,0.0
20231218:0509,0.0,0.0,0.0,0.0,0.92,0.76,0.0
20231218:0609,0.0,0.0,0.0,0.0,0.77,0.83,0.0
20231218:0709,0.0,0.0,0.0,0.0,-0.23,1.1,0.0
20231218:0809,58.0,40.0,0.0,7.29,-0.13,1.03,0.0
20231218:0909,206.01,63.0,0.0,16.11,1.83,0.41,0.0
20231218:1009,308.01,91.0,0.0,23.14,5.6,0.62,0.0
20231218:1109,390.01,98.0,0.0,27.72,7.39,1.03,0.0
20231218:1209,424.01,96.0,0.0,29.29,8.53,1.24,0.0
20231218:1309,373.01,107.0,0.0,27.62,9.22,1.31,0.0
20231218:1409,328.01,75.0,0.0,22.96,9.5,1.45,0.0
20231218:1509,197.01,64.0,0.0,15.87,9.21,1.45,0.0
20231218:1609,60.01,35.0,0.0,7.0,8.46,1.31,0.0
20231218:1709,0.0,0.0,0.0,0.0,7.0,1.03,0.0
20231218:1809,0.0,0.0,0.0,0.0,5.75,0.62,0.0
20231218:1909,0.0,0.0,0.0,0.0,5.29,0.07,0.0
20231218:2009,0.0,0.0,0.0,0.0,4.8,0.34,0.0
20231218:2109,0.0,0.0,0.0,0.0,4.16,0.62,0.0
20231218:2209,0.0,0.0,0.0,0.0,3.59,0.83,0.0
20231218:2309,0.0,0.0,0.0,0.0,3.12,0.83,0.0
20231219:0009,0.0,0.0,0.0,0.0,2.73,0.9,0.0
20231219:0109,0.0,0.0,0.0,0.0,2.37,0.97,0.0
20231219:0209,0.0,0.0,0.0,0.0,2.04,1.03,0.0
20231219:0309,0.0,0.0,0.0,0.0,1.81,1.1,0.0
20231219:0409,0.0,0.0,0.0,0.0,1.54,1.17,0.0
20231219:0509,0.0,0.0,0.0,0.0,1.29,1.17,0.0
20231219:0609,0.0,0.0,0.0,0.0,1.49,1.1,0.0
20231219:0709,0.0,0.0,0.0,0.0,-0.77,1.31,0.0
20231219:0809,52.0,42.0,0.0,7.19,0.06,1.24,0.0
20231219:0909,194.01,69.0,0.0,16.03,3.19,0.55,0.0
20231219:1009,296.01,97.0,0.0,23.07,6.35,0.28,0.0
20231219:1109,375.01,107.0,0.0,27.67,8.35,0.83,0.0
20231219:1209,408.01,106.0,0.0,29.27,9.59,1.24,0.0
20231219:1309,367.01,110.0,0.0,27.63,10.46,1.45,0.0
20231219:1409,305.01,90.0,0.0,22.98,10.81,1.52,0.0
20231219:1509,187.01,71.0,0.0,15.91,10.6,1.45,0.0
20231219:1609,58.0,37.0,0.0,7.05,9.68,1.17,0.0
20231219:1709,0.0,0.0,0.0,0.0,7.87,1.03,0.0
20231219:1809,0.0,0.0,0.0,0.0,5.77,1.1,0.0
20231219:1909,0.0,0.0,0.0,0.0,4.7,1.31,0.0
20231219:2009,0.0,0.0,0.0,0.0,4.4,1.17,0.0
20231219:2109,0.0,0.0,0.0,0.0,3.86,1.24,0.0
20231219:2209,0.0,0.0,0.0,0.0,3.19,1.38,0.0
20231219:2309,0.0,0.0,0.0,0.0,2.99,1.38,0.0
20231220:0009,0.0,0.0,0.0,0.0,2.74,1.45,0.0
20231220:0109,0.0,0.0,0.0,0.0,2.44,1.52,0.0
20231220:0209,0.0,0.0,0.0,0.0,2.01,1.59,0.0
20231220:0309,0.0,0.0,0.0,0.0,1.41,1.66,0.0
20231220:0409,0.0,0.0,0.0,0.0,1.08,1.66,0.0
20231220:0509,0.0,0.0,0.0,0.0,0.84,1.59,0.0
20231220:0609,0.0,0.0,0.0,0.0,0.64,1.59,0.0
20231220:0709,0.0,0.0,0.0,0.0,0.59,1.59,0.0
20231220:0809,65.01,33.0,0.0,7.11,1.54,1.24,0.0
20231220:0909,183.01,73.0,0.0,15.95,3.84,0.69,0.0
20231220:1009,305.01,87.0,0.0,23.01,6.54,1.1,0.0
20231220:1109,366.01,107.0,0.0,27.63,8.56,1.59,0.0
20231220:1209,483.02,58.0,0.0,29.25,9.33,2.0,0.0
20231220:1309,300.01,146.0,0.0,27.63,9.14,2.34,0.0
20231220:1409,40.0,192.0,0.0,23.01,8.01,2.07,0.0
20231220:1509,0.0,84.0,0.0,15.96,6.61,1.66,0.0
20231220:1609,7.0,48.0,0.0,7.12,5.57,1.1,0.0
20231220:1709,0.0,0.0,0.0,0.0,4.73,0.76,0.0
20231220:1809,0.0,0.0,0.0,0.0,3.63,1.03,0.0
20231220:1909,0.0,0.0,0.0,0.0,2.61,0.9,0.0
20231220:2009,0.0,0.0,0.0,0.0,2.42,0.62,0.0
20231220:2109,0.0,0.0,0.0,0.0,2.01,0.69,0.0
20231220:2209,0.0,0.0,0.0,0.0,1.7,0.83,0.0
20231220:2309,0.0,0.0,0.0,0.0,1.38,0.97,0.0
20231221:0009,0.0,0.0,0.0,0.0,1.14,0.97,0.0
20231221:0109,0.0,0.0,0.0,0.0,0.93,0.97,0.0
20231221:0209,0.0,0.0,0.0,0.0,0.39,1.03,0.0
20231221:0309,0.0,0.0,0.0,0.0,-0.4,1.03,0.0
20231221:0409,0.0,0.0,0.0,0.0,-1.24,1.17,0.0
20231221:0509,0.0,0.0,0.0,0.0,-3.15,1.17,0.0
20231221:0609,0.0,0.0,0.0,0.0,-3.17,1.03,0.0
20231221:0709,0.0,0.0,0.0,0.0,-2.48,1.03,0.0
20231221:0809,58.0,36.0,0.0,7.02,-1.78,1.1,0.0
20231221:0909,224.01,49.0,0.0,15.88,0.25,0.97,0.0
20231221:1009,333.01,70.0,0.0,22.95,3.23,0.83,0.0
20231221:1109,412.01,78.0,0.0,27.59,5.96,0.69,0.0
20231221:1209,414.01,96.0,0.0,29.24,7.86,1.38,0.0
20231221:1309,372.01,102.0,0.0,27.65,8.89,1.66,0.0
20231221:1409,315.01,80.0,0.0,23.05,9.42,1.59,0.0
20231221:1509,197.01,63.0,0.0,16.02,9.42,1.24,0.0
20231221:1609,61.01,35.0,0.0,7.18,8.78,1.17,0.0
20231221:1709,0.0,0.0,0.0,0.0,7.22,1.24,0.0
20231221:1809,0.0,0.0,0.0,0.0,5.11,0.97,0.0
20231221:1909,0.0,0.0,0.0,0.0,5.75,0.55,0.0
20231221:2009,0.0,0.0,0.0,0.0,5.15,0.83,0.0
20231221:2109,0.0,0.0,0.0,0.0,3.94,1.17,0.0
20231221:2209,0.0,0.0,0.0,0.0,3.9,1.03,0.0
20231221:2309,0.0,0.0,0.0,0.0,3.87,1.03,0.0
20231222:0009,0.0,0.0,0.0,0.0,3.36,1.24,0.0
20231222:0109,0.0,0.0,0.0,0.0,2.54,1.31,0.0
20231222:0209,0.0,0.0,0.0,0.0,2.5,1.31,0.0
20231222:0309,0.0,0.0,0.0,0.0,3.37,1.24,0.0
20231222:0409,0.0,0.0,0.0,0.0,4.21,1.17,0.0
20231222:0509,0.0,0.0,0.0,0.0,4.35,1.17,0.0
20231222:0609,0.0,0.0,0.0,0.0,4.36,1.17,0.0
20231222:0709,0.0,0.0,0.0,0.0,4.14,1.17,0.0
20231222:0809,53.0,38.0,0.0,6.95,4.61,1.1,0.0
20231222:0909,201.01,60.0,0.0,15.82,5.86,0.69,0.0
20231222:1009,302.01,87.0,0.0,22.9,8.8,0.62,0.0
20231222:1109,372.01,102.0,0.0,27.57,11.33,0.83,0.0
20231222:1209,383.01,115.0,0.0,29.24,13.14,0.97,0.0
20231222:1309,366.01,106.0,0.0,27.67,14.43,1.1,0.0
20231222:1409,310.01,84.0,0.0,23.09,14.99,1.17,0.0
20231222:1509,191.01,68.0,0.0,16.08,14.76,1.31,0.0
20231222:1609,64.01,34.0,0.0,7.26,13.45,1.17,0.0
20231222:1709,0.0,0.0,0.0,0.0,10.98,0.97,0.0
20231222:1809,0.0,0.0,0.0,0.0,9.88,0.48,0.0
20231222:1909,0.0,0.0,0.0,0.0,9.07,0.48,0.0
20231222:2009,0.0,0.0,0.0,0.0,8.32,0.83,0.0
20231222:2109,0.0,0.0,0.0,0.0,7.66,1.1,0.0
20231222:2209,0.0,0.0,0.0,0.0,6.32,1.31,0.0
20231222:2309,0.0,0.0,0.0,0.0,5.38,1.38,0.0
20231223:0009,0.0,0.0,0.0,0.0,4.97,1.38,0.0
20231223:0109,0.0,0.0,0.0,0.0,4.59,1.45,0.0
20231223:0209,0.0,0.0,0.0,0.0,4.0,1.52,0.0
20231223:0309,0.0,0.0,0.0,0.0,3.91,1.52,0.0
20231223:0409,0.0,0.0,0.0,0.0,3.95,1.52,0.0
20231223:0509,0.0,0.0,0.0,0.0,3.86,1.52,0.0
20231223:0609,0.0,0.0,0.0,0.0,3.73,1.52,0.0
20231223:0709,0.0,0.0,0.0,0.0,0.23,1.86,0.0
20231223:0809,51.0,39.0,0.0,6.88,0.47,1.79,0.0
20231223:0909,195.01,65.0,0.0,15.76,4.0,1.1,0.0
20231223:1009,290.01,98.0,0.0,22.86,9.52,0.62,0.0
20231223:1109,371.01,106.0,0.0,27.55,12.69,0.28,0.0
20231223:1209,390.01,115.0,0.0,29.24,14.17,0.21,0.0
20231223:1309,373.01,106.0,0.0,27.7,14.98,0.83,0.0
20231223:1409,318.01,83.0,0.0,23.15,15.22,1.1,0.0
20231223:1509,204.01,63.0,0.0,16.14,14.83,1.24,0.0
20231223:1609,66.01,35.0,0.0,7.34,13.68,1.1,0.0
20231223:1709,0.0,0.0,0.0,0.0,11.43,0.9,0.0
20231223:1809,0.0,0.0,0.0,0.0,10.44,0.69,0.0
20231223:1909,0.0,0.0,0.0,0.0,9.44,0.76,0.0
20231223:2009,0.0,0.0,0.0,0.0,8.35,1.03,0.0
20231223:2109,0.0,0.0,0.0,0.0,6.17,1.38,0.0
20231223:2209,0.0,0.0,0.0,0.0,4.41,1.59,0.0
20231223:2309,0.0,0.0,0.0,0.0,3.49,1.59,0.0
20231224:0009,0.0,0.0,0.0,0.0,2.71,1.66,0.0
20231224:0109,0.0,0.0,0.0,0.0,2.08,1.72,0.0
20231224:0209,0.0,0.0,0.0,0.0,1.63,1.72,0.0
20231224:0309,0.0,0.0,0.0,0.0,1.46,1.72,0.0
20231224:0409,0.0,0.0,0.0,0.0,1.62,1.66,0.0
20231224:0509,0.0,0.0,0.0,0.0,2.25,1.59,0.0
20231224:0609,0.0,0.0,0.0,0.0,2.67,1.59,0.0
20231224:0709,0.0,0.0,0.0,0.0,0.3,1.79,0.0
20231224:0809,47.0,40.0,0.0,6.81,1.1,1.66,0.0
20231224:0909,193.01,65.0,0.0,15.71,5.25,0.97,0.0
20231224:1009,278.01,103.0,0.0,22.83,9.31,0.62,0.0
20231224:1109,384.01,97.0,0.0,27.54,11.94,0.9,0.0
20231224:1209,388.01,116.0,0.0,29.26,13.32,1.1,0.0
20231224:1309,386.01,98.0,0.0,27.74,14.19,1.31,0.0
20231224:1409,311.01,87.0,0.0,23.2,14.5,1.45,0.0
20231224:1509,200.01,66.0,0.0,16.22,14.13,1.52,0.0
20231224:1609,68.01,34.0,0.0,7.42,12.91,1.24,0.0
20231224:1709,0.0,0.0,0.0,0.0,10.9,0.97,0.0
20231224:1809,0.0,0.0,0.0,0.0,9.62,0.55,0.0
20231224:1909,0.0,0.0,0.0,0.0,8.84,0.76,0.0
20231224:2009,0.0,0.0,0.0,0.0,7.86,1.03,0.0
20231224:2109,0.0,0.0,0.0,0.0,6.15,1.31,0.0
20231224:2209,0.0,0.0,0.0,0.0,4.85,1.45,0.0
20231224:2309,0.0,0.0,0.0,0.0,4.19,1.52,0.0
20231225:0009,0.0,0.0,0.0,0.0,3.98,1.52,0.0
20231225:0109,0.0,0.0,0.0,0.0,3.88,1.52,0.0
20231225:0209,0.0,0.0,0.0,0.0,3.83,1.45,0.0
20231225:0309,0.0,0.0,0.0,0.0,3.82,1.45,0.0
20231225:0409,0.0,0.0,0.0,0.0,3.39,1.45,0.0
20231225:0509,0.0,0.0,0.0,0.0,2.67,1.52,0.0
20231225:0609,0.0,0.0,0.0,0.0,2.13,1.59,0.0
20231225:0709,0.0,0.0,0.0,0.0,0.91,1.66,0.0
20231225:0809,41.0,42.0,0.0,6.75,1.28,1.59,0.0
20231225:0909,191.01,66.0,0.0,15.66,4.33,1.03,0.0
20231225:1009,291.01,97.0,0.0,22.8,9.05,0.48,0.0
20231225:1109,365.01,111.0,0.0,27.53,12.37,0.21,0.0
20231225:1209,370.01,129.0,0.0,29.28,14.01,0.34,0.0
20231225:1309,368.01,112.0,0.0,27.78,14.92,0.83,0.0
20231225:1409,315.01,87.0,0.0,23.27,15.16,1.24,0.0
20231225:1509,200.01,68.0,0.0,16.3,14.71,1.45,0.0
20231225:1609,67.01,37.0,0.0,7.51,13.39,1.24,0.0
20231225:1709,0.0,0.0,0.0,0.0,11.22,1.03,0.0
20231225:1809,0.0,0.0,0.0,0.0,9.82,0.69,0.0
20231225:1909,0.0,0.0,0.0,0.0,8.6,0.76,0.0
20231225:2009,0.0,0.0,0.0,0.0,7.68,0.97,0.0
20231225:2109,0.0,0.0,0.0,0.0,6.81,1.17,0.0
20231225:2209,0.0,0.0,0.0,0.0,5.55,1.38,0.0
20231225:2309,0.0,0.0,0.0,0.0,4.83,1.45,0.0
20231226:0009,0.0,0.0,0.0,0.0,4.05,1.52,0.0
20231226:0109,0.0,0.0,0.0,0.0,3.49,1.59,0.0
20231226:0209,0.0,0.0,0.0,0.0,3.19,1.59,0.0
20231226:0309,0.0,0.0,0.0,0.0,2.96,1.59,0.0
20231226:0409,0.0,0.0,0.0,0.0,3.17,1.59,0.0
20231226:0509,0.0,0.0,0.0,0.0,3.97,1.52,0.0
20231226:0609,0.0,0.0,0.0,0.0,5.58,1.45,0.0
20231226:0709,0.0,0.0,0.0,0.0,2.0,1.66,0.0
20231226:0809,60.01,33.0,0.0,6.7,3.22,1.52,0.0
20231226:0909,142.01,94.0,0.0,15.62,6.14,0.97,0.0
20231226:1009,304.01,89.0,0.0,22.78,9.33,0.21,0.0
20231226:1109,367.01,111.0,0.0,27.53,12.45,0.28,0.0
20231226:1209,373.01,128.0,0.0,29.31,13.81,0.62,0.0
20231226:1309,386.01,102.0,0.0,27.84,14.66,0.83,0.0
20231226:1409,318.01,87.0,0.0,23.34,14.88,0.97,0.0
20231226:1509,210.01,64.0,0.0,16.38,14.58,1.03,0.0
20231226:1609,68.01,37.0,0.0,7.61,13.5,1.03,0.0
20231226:1709,0.0,0.0,0.0,0.0,11.5,0.69,0.0
20231226:1809,0.0,0.0,0.0,0.0,10.61,0.07,0.0
20231226:1909,0.0,0.0,0.0,0.0,9.4,0.9,0.0
20231226:2009,0.0,0.0,0.0,0.0,8.18,1.1,0.0
20231226:2109,0.0,0.0,0.0,0.0,6.34,1.31,0.0
20231226:2209,0.0,0.0,0.0,0.0,5.11,1.38,0.0
20231226:2309,0.0,0.0,0.0,0.0,4.3,1.45,0.0
20231227:0009,0.0,0.0,0.0,0.0,3.65,1.52,0.0
20231227:0109,0.0,0.0,0.0,0.0,3.33,1.45,0.0
20231227:0209,0.0,0.0,0.0,0.0,3.17,1.45,0.0
20231227:0309,0.0,0.0,0.0,0.0,3.26,1.45,0.0
20231227:0409,0.0,0.0,0.0,0.0,3.27,1.45,0.0
20231227:0509,0.0,0.0,0.0,0.0,3.17,1.45,0.0
20231227:0609,0.0,0.0,0.0,0.0,3.05,1.45,0.0
20231227:0709,0.0,0.0,0.0,0.0,0.86,1.66,0.0
20231227:0809,43.0,40.0,0.0,6.65,1.44,1.59,0.0
20231227:0909,172.01,76.0,0.0,15.59,3.8,1.03,0.0
20231227:1009,295.01,93.0,0.0,22.76,8.43,0.48,0.0
20231227:1109,364.01,111.0,0.0,27.54,11.66,0.14,0.0
20231227:1209,400.01,111.0,0.0,29.34,12.9,0.55,0.0
20231227:1309,384.01,102.0,0.0,27.9,13.55,0.83,0.0
20231227:1409,316.01,88.0,0.0,23.42,13.71,0.97,0.0
20231227:1509,206.01,66.0,0.0,16.48,13.42,0.97,0.0
20231227:1609,75.01,34.0,0.0,7.71,12.48,1.1,0.0
20231227:1709,0.0,0.0,0.0,0.0,10.73,0.97,0.0
20231227:1809,0.0,0.0,0.0,0.0,9.37,0.48,0.0
20231227:1909,0.0,0.0,0.0,0.0,8.34,0.9,0.0
20231227:2009,0.0,0.0,0.0,0.0,6.53,1.17,0.0
20231227:2109,0.0,0.0,0.0,0.0,5.34,1.24,0.0
20231227:2209,0.0,0.0,0.0,0.0,4.7,1.31,0.0
20231227:2309,0.0,0.0,0.0,0.0,4.3,1.38,0.0
20231228:0009,0.0,0.0,0.0,0.0,3.75,1.45,0.0
20231228:0109,0.0,0.0,0.0,0.0,3.53,1.45,0.0
20231228:0209,0.0,0.0,0.0,0.0,3.38,1.45,0.0
20231228:0309,0.0,0.0,0.0,0.0,3.06,1.52,0.0
20231228:0409,0.0,0.0,0.0,0.0,3.15,1.52,0.0
20231228:0509,0.0,0.0,0.0,0.0,3.29,1.52,0.0
20231228:0609,0.0,0.0,0.0,0.0,3.49,1.52,0.0
20231228:0709,0.0,0.0,0.0,0.0,0.09,1.72,0.0
20231228:0809,11.0,46.0,0.0,6.61,1.46,1.52,0.0
20231228:0909,199.01,57.0,0.0,15.56,4.64,1.03,0.0
20231228:1009,274.01,101.0,0.0,22.76,8.86,0.83,0.0
20231228:1109,277.01,156.0,0.0,27.56,11.7,0.9,0.0
20231228:1209,457.01,71.0,0.0,29.39,13.22,0.9,0.0
20231228:1309,425.01,73.0,0.0,27.96,14.15,0.48,0.0
20231228:1409,320.01,81.0,0.0,23.51,14.62,0.28,0.0
20231228:1509,218.01,58.0,0.0,16.58,14.47,0.83,0.0
20231228:1609,80.01,32.0,0.0,7.81,13.4,1.1,0.0
20231228:1709,0.0,0.0,0.0,0.0,11.49,0.97,0.0
20231228:1809,0.0,0.0,0.0,0.0,9.71,0.76,0.0
20231228:1909,0.0,0.0,0.0,0.0,8.81,1.03,0.0
20231228:2009,0.0,0.0,0.0,0.0,6.68,1.38,0.0
20231228:2109,0.0,0.0,0.0,0.0,5.11,1.59,0.0
20231228:2209,0.0,0.0,0.0,0.0,4.12,1.66,0.0
20231228:2309,0.0,0.0,0.0,0.0,3.46,1.72,0.0
20231229:0009,0.0,0.0,0.0,0.0,3.09,1.72,0.0
20231229:0109,0.0,0.0,0.0,0.0,2.98,1.66,0.0
20231229:0209,0.0,0.0,0.0,0.0,3.28,1.59,0.0
20231229:0309,0.0,0.0,0.0,0.0,3.33,1.66,0.0
20231229:0409,0.0,0.0,0.0,0.0,2.6,1.72,0.0
20231229:0509,0.0,0.0,0.0,0.0,2.18,1.66,0.0
20231229:0609,0.0,0.0,0.0,0.0,2.74,1.52,0.0
20231229:0709,0.0,0.0,0.0,0.0,2.92,1.59,0.0
20231229:0809,0.0,30.0,0.0,6.57,3.29,1.52,0.0
20231229:0909,55.0,123.0,0.0,15.54,5.89,0.97,0.0
20231229:1009,162.01,161.0,0.0,22.76,10.27,0.83,0.0
20231229:1109,106.0,229.0,0.0,27.59,12.21,1.38,0.0
20231229:1209,82.0,250.0,0.0,29.44,12.41,1.24,0.0
20231229:1309,158.01,217.0,0.0,28.04,12.66,1.17,0.0
20231229:1409,0.0,92.0,0.0,23.6,12.87,1.24,0.0
20231229:1509,14.0,126.0,0.0,16.68,12.33,1.59,0.0
20231229:1609,0.0,30.0,0.0,7.92,11.21,1.17,0.0
20231229:1709,0.0,0.0,0.0,0.0,10.02,0.83,0.0
20231229:1809,0.0,0.0,0.0,0.0,8.75,0.48,0.0
20231229:1909,0.0,0.0,0.0,0.0,7.65,0.62,0.0
20231229:2009,0.0,0.0,0.0,0.0,6.09,1.03,0.0
20231229:2109,0.0,0.0,0.0,0.0,5.12,1.31,0.0
20231229:2209,0.0,0.0,0.0,0.0,4.44,1.38,0.0
20231229:2309,0.0,0.0,0.0,0.0,3.97,1.38,0.0
20231230:0009,0.0,0.0,0.0,0.0,3.65,1.38,0.0
20231230:0109,0.0,0.0,0.0,0.0,3.58,1.31,0.0
20231230:0209,0.0,0.0,0.0,0.0,3.26,1.38,0.0
20231230:0309,0.0,0.0,0.0,0.0,4.01,1.03,0.0
20231230:0409,0.0,0.0,0.0,0.0,4.74,0.69,0.0
20231230:0509,0.0,0.0,0.0,0.0,3.69,0.9,0.0
20231230:0609,0.0,0.0,0.0,0.0,2.43,1.17,0.0
20231230:0709,0.0,0.0,0.0,0.0,1.77,1.31,0.0
20231230:0809,60.01,30.0,0.0,6.54,2.09,1.31,0.0
20231230:0909,192.01,60.0,0.0,15.53,4.93,0.76,0.0
20231230:1009,319.01,74.0,0.0,22.76,8.54,0.14,0.0
20231230:1109,377.01,98.0,0.0,27.62,10.42,0.41,0.0
20231230:1209,407.01,102.0,0.0,29.5,11.6,0.69,0.0
20231230:1309,377.01,104.0,0.0,28.12,12.39,0.76,0.0
20231230:1409,324.01,81.0,0.0,23.7,12.79,0.97,0.0
20231230:1509,211.01,64.0,0.0,16.79,12.78,1.24,0.0
20231230:1609,76.01,36.0,0.0,8.04,12.02,1.31,0.0
20231230:1709,0.0,0.0,0.0,0.0,10.45,1.03,0.0
20231230:1809,0.0,0.0,0.0,0.0,8.09,1.03,0.0
20231230:1909,0.0,0.0,0.0,0.0,8.2,0.9,0.0
20231230:2009,0.0,0.0,0.0,0.0,6.66,1.17,0.0
20231230:2109,0.0,0.0,0.0,0.0,5.59,1.24,0.0
20231230:2209,0.0,0.0,0.0,0.0,4.51,1.38,0.0
20231230:2309,0.0,0.0,0.0,0.0,3.8,1.45,0.0
20231231:0009,0.0,0.0,0.0,0.0,2.85,1.52,0.0
20231231:0109,0.0,0.0,0.0,0.0,1.84,1.59,0.0
20231231:0209,0.0,0.0,0.0,0.0,1.42,1.59,0.0
20231231:0309,0.0,0.0,0.0,0.0,1.23,1.59,0.0
20231231:0409,0.0,0.0,0.0,0.0,1.02,1.66,0.0
20231231:0509,0.0,0.0,0.0,0.0,1.02,1.59,0.0
20231231:0609,0.0,0.0,0.0,0.0,1.25,1.59,0.0
20231231:0709,0.0,0.0,0.0,0.0,0.49,1.72,0.0
20231231:0809,25.0,45.0,0.0,6.52,0.95,1.59,0.0
20231231:0909,175.01,72.0,0.0,15.52,4.22,1.03,0.0
20231231:1009,338.01,67.0,0.0,22.78,7.53,1.38,0.0
20231231:1109,399.01,88.0,0.0,27.66,9.24,1.72,0.0
20231231:1209,407.01,106.0,0.0,29.56,10.18,2.07,0.0
20231231:1309,385.01,103.0,0.0,28.21,10.74,2.14,0.0
20231231:1409,155.01,178.0,0.0,23.8,11.02,2.41,0.0
20231231:1509,244.01,50.0,0.0,16.91,10.49,2.28,0.0
20231231:1609,39.0,56.0,0.0,8.16,9.69,1.79,0.0
20231231:1709,0.0,0.0,0.0,0.0,8.38,1.17,0.0
20231231:1809,0.0,0.0,0.0,0.0,6.93,0.76,0.0
20231231:1909,0.0,0.0,0.0,0.0,6.12,0.62,0.0
20231231:2009,0.0,0.0,0.0,0.0,4.94,0.9,0.0
20231231:2109,0.0,0.0,0.0,0.0,3.98,1.03,0.0
20231231:2209,0.0,0.0,0.0,0.0,3.71,0.97,0.0
20231231:2309,0.0,0.0,0.0,0.0,3.75,0.9,0.0

Gb(i): Beam (direct) irradiance on the inclined plane (plane of the array) (W/m2)
Gd(i): Diffuse irradiance on the inclined plane (plane of the array) (W/m2)
Gr(i): Reflected irradiance on the inclined plane (plane of the array) (W/m2)
H_sun: Sun height (degree)
T2m: 2-m air temperature (degree Celsius)
WS10m: 10-m total wind speed (m/s)
Int: 1 means solar radiation values are reconstructed



PVGIS (c) European Union, 2001-2026