date,time_of_day,Gb(i),Gd(i),Gr(i),H_sun,T2m,1.93,0
01/01/2023,00:09,0,0,0,0,4.09,1.93,0
01/01/2023,01:09,0,0,0,0,3.83,1.86,0
01/01/2023,02:09,0,0,0,0,3.52,1.24,0
01/01/2023,03:09,0,0,0,0,3.03,0.97,0
01/01/2023,04:09,0,0,0,0,2.45,0.9,0
01/01/2023,05:09,0,0,0,0,1.86,0.76,0
01/01/2023,06:09,0,0,0,0,1.38,0.55,0
01/01/2023,07:09,0,0,0,0,0.38,0.41,0
01/01/2023,08:09,53,32,0,6.49,0.41,0.41,0
01/01/2023,09:09,41,126,0,15.52,4.36,0.55,0
01/01/2023,10:09,121,178,0,22.81,10.72,0.41,0
01/01/2023,11:09,257.01,169,0,27.72,13.45,0.76,0
01/01/2023,12:09,366.01,128,0,29.66,14.75,1.45,0
01/01/2023,13:09,319.01,140,0,28.33,15.47,1.59,0
01/01/2023,14:09,277.01,112,0,23.95,15.68,1.59,0
01/01/2023,15:09,136.01,108,0,17.06,15.46,1.52,0
01/01/2023,16:09,77.01,37,0,8.32,14.58,1.52,0
01/01/2023,17:09,0,0,0,0,13.37,1.38,0
01/01/2023,18:09,0,0,0,0,11.86,1.24,0
01/01/2023,19:09,0,0,0,0,7.91,1.24,0
01/01/2023,20:09,0,0,0,0,6.23,1.24,0
01/01/2023,21:09,0,0,0,0,5.31,1.17,0
01/01/2023,22:09,0,0,0,0,4.83,1.1,0
01/01/2023,23:09,0,0,0,0,4.85,1.24,0
02/01/2023,00:09,0,0,0,0,5.65,1.38,0
02/01/2023,01:09,0,0,0,0,6.52,1.31,0
02/01/2023,02:09,0,0,0,0,6.97,0.83,0
02/01/2023,03:09,0,0,0,0,7.09,0.48,0
02/01/2023,04:09,0,0,0,0,7.36,0.62,0
02/01/2023,05:09,0,0,0,0,7.67,0.97,0
02/01/2023,06:09,0,0,0,0,6.48,1.17,0
02/01/2023,07:09,0,0,0,0,5.28,1.79,0
02/01/2023,08:09,39,37,0,6.48,4.87,1.93,0
02/01/2023,09:09,34,124,0,15.53,6.7,1.31,0
02/01/2023,10:09,142.01,167,0,22.84,10.73,0.9,0
02/01/2023,11:09,30,223,0,27.78,12.27,0.48,0
02/01/2023,12:09,113,245,0,29.74,13.16,0.62,0
02/01/2023,13:09,38,231,0,28.44,13.67,0.41,0
02/01/2023,14:09,118,188,0,24.07,13.93,0.76,0
02/01/2023,15:09,206.01,67,0,17.19,13.33,0.83,0
02/01/2023,16:09,90.01,31,0,8.45,11.85,1.1,0
02/01/2023,17:09,0,0,0,0,10.36,1.17,0
02/01/2023,18:09,0,0,0,0,8.96,1.17,0
02/01/2023,19:09,0,0,0,0,8.76,1.24,0
02/01/2023,20:09,0,0,0,0,8.24,1.31,0
02/01/2023,21:09,0,0,0,0,7.54,1.31,0
02/01/2023,22:09,0,0,0,0,6.67,1.31,0
02/01/2023,23:09,0,0,0,0,5.41,1.24,0
03/01/2023,00:09,0,0,0,0,4.57,1.31,0
03/01/2023,01:09,0,0,0,0,4.14,1.24,0
03/01/2023,02:09,0,0,0,0,3.86,0.55,0
03/01/2023,03:09,0,0,0,0,3.26,0.48,0
03/01/2023,04:09,0,0,0,0,3.13,0.34,0
03/01/2023,05:09,0,0,0,0,2.95,0.14,0
03/01/2023,06:09,0,0,0,0,2.79,0.55,0
03/01/2023,07:09,0,0,0,0,2.49,1.03,0
03/01/2023,08:09,25,42,0,6.48,2.56,1.38,0
03/01/2023,09:09,129.01,93,0,15.54,6.12,1.24,0
03/01/2023,10:09,294.01,86,0,22.87,9.49,0.9,0
03/01/2023,11:09,346.01,114,0,27.84,11.05,0.34,0
03/01/2023,12:09,397.01,106,0,29.83,12.23,0.21,0
03/01/2023,13:09,328.01,133,0,28.55,12.98,0.55,0
03/01/2023,14:09,25,192,0,24.19,13.32,0.76,0
03/01/2023,15:09,101,124,0,17.32,12.99,0.9,0
03/01/2023,16:09,33,58,0,8.59,12.17,1.03,0
03/01/2023,17:09,0,0,0,0,10.81,1.1,0
03/01/2023,18:09,0,0,0,0,9.73,1.24,0
03/01/2023,19:09,0,0,0,0,9.27,1.31,0
03/01/2023,20:09,0,0,0,0,8.51,1.24,0
03/01/2023,21:09,0,0,0,0,7.77,1.1,0
03/01/2023,22:09,0,0,0,0,7.02,1.1,0
03/01/2023,23:09,0,0,0,0,5.81,1.1,0
04/01/2023,00:09,0,0,0,0,4.7,1.24,0
04/01/2023,01:09,0,0,0,0,2.86,1.17,0
04/01/2023,02:09,0,0,0,0,1.62,0.97,0
04/01/2023,03:09,0,0,0,0,1.29,0.69,0
04/01/2023,04:09,0,0,0,0,1.32,0.83,0
04/01/2023,05:09,0,0,0,0,1.31,0.83,0
04/01/2023,06:09,0,0,0,0,1.23,0.76,0
04/01/2023,07:09,0,0,0,0,2.32,0.76,0
04/01/2023,08:09,44,36,0,6.48,2.38,0.69,0
04/01/2023,09:09,97,111,0,15.56,3.86,0.69,0
04/01/2023,10:09,327.01,70,0,22.92,6.8,0.69,0
04/01/2023,11:09,392.01,91,0,27.91,9.43,0.28,0
04/01/2023,12:09,400.01,111,0,29.93,11.11,0.62,0
04/01/2023,13:09,396.01,97,0,28.67,12.07,0.9,0
04/01/2023,14:09,331.01,84,0,24.33,12.48,1.03,0
04/01/2023,15:09,201.01,77,0,17.46,12.53,1.24,0
04/01/2023,16:09,84.01,38,0,8.73,12.02,1.38,0
04/01/2023,17:09,0,0,0,0,10.62,1.38,0
04/01/2023,18:09,0,0,0,0,9.28,1.31,0
04/01/2023,19:09,0,0,0,0,8.34,1.24,0
04/01/2023,20:09,0,0,0,0,6.63,1.17,0
04/01/2023,21:09,0,0,0,0,5.31,1.1,0
04/01/2023,22:09,0,0,0,0,4.12,1.03,0
04/01/2023,23:09,0,0,0,0,2.99,0.97,0
05/01/2023,00:09,0,0,0,0,2.27,1.17,0
05/01/2023,01:09,0,0,0,0,2.03,1.03,0
05/01/2023,02:09,0,0,0,0,1.81,0.55,0
05/01/2023,03:09,0,0,0,0,1.86,0.41,0
05/01/2023,04:09,0,0,0,0,1.72,0.14,0
05/01/2023,05:09,0,0,0,0,1.87,0.21,0
05/01/2023,06:09,0,0,0,0,2.13,0.62,0
05/01/2023,07:09,0,0,0,0,1.1,1.1,0
05/01/2023,08:09,45,36,0,6.49,1.36,1.31,0
05/01/2023,09:09,98,111,0,15.59,4.68,1.24,0
05/01/2023,10:09,324.01,73,0,22.97,7.77,0.97,0
05/01/2023,11:09,387.01,97,0,27.99,9.72,0.76,0
05/01/2023,12:09,396.01,116,0,30.03,11.02,0.83,0
05/01/2023,13:09,400.01,98,0,28.8,11.89,1.03,0
05/01/2023,14:09,342.01,80,0,24.47,12.3,1.17,0
05/01/2023,15:09,217.01,70,0,17.61,12.16,1.24,0
05/01/2023,16:09,89.01,37,0,8.88,11.53,1.31,0
05/01/2023,17:09,0,0,0,0,10.12,1.31,0
05/01/2023,18:09,0,0,0,0,8.31,1.31,0
05/01/2023,19:09,0,0,0,0,7.45,1.31,0
05/01/2023,20:09,0,0,0,0,6.35,1.24,0
05/01/2023,21:09,0,0,0,0,5.45,1.24,0
05/01/2023,22:09,0,0,0,0,4.68,1.24,0
05/01/2023,23:09,0,0,0,0,4.1,1.24,0
06/01/2023,00:09,0,0,0,0,3.7,1.24,0
06/01/2023,01:09,0,0,0,0,3.49,1.24,0
06/01/2023,02:09,0,0,0,0,3.24,0.69,0
06/01/2023,03:09,0,0,0,0,3.31,0.48,0
06/01/2023,04:09,0,0,0,0,3.25,0.34,0
06/01/2023,05:09,0,0,0,0,2.67,0.55,0
06/01/2023,06:09,0,0,0,0,2.69,0.9,0
06/01/2023,07:09,0,0,0,0,3.17,1.31,0
06/01/2023,08:09,54,31,0,6.5,3.29,1.59,0
06/01/2023,09:09,97,111,0,15.62,5.68,1.59,0
06/01/2023,10:09,304.01,84,0,23.03,7.98,1.17,0
06/01/2023,11:09,400.01,87,0,28.08,9.79,0.9,0
06/01/2023,12:09,402.01,111,0,30.15,11.2,0.9,0
06/01/2023,13:09,398.01,98,0,28.93,12.06,1.03,0
06/01/2023,14:09,334.01,85,0,24.61,12.41,1.1,0
06/01/2023,15:09,208.01,76,0,17.76,12.23,1.17,0
06/01/2023,16:09,84.01,42,0,9.03,11.41,1.24,0
06/01/2023,17:09,0,0,0,0,9.89,1.31,0
06/01/2023,18:09,0,0,0,0,7.75,1.38,0
06/01/2023,19:09,0,0,0,0,7.15,1.38,0
06/01/2023,20:09,0,0,0,0,6.3,1.45,0
06/01/2023,21:09,0,0,0,0,5.45,1.45,0
06/01/2023,22:09,0,0,0,0,4.6,1.45,0
06/01/2023,23:09,0,0,0,0,3.79,1.45,0
07/01/2023,00:09,0,0,0,0,3.16,1.38,0
07/01/2023,01:09,0,0,0,0,2.66,1.38,0
07/01/2023,02:09,0,0,0,0,2.26,1.1,0
07/01/2023,03:09,0,0,0,0,2.13,1.1,0
07/01/2023,04:09,0,0,0,0,1.96,1.59,0
07/01/2023,05:09,0,0,0,0,1.76,2,0
07/01/2023,06:09,0,0,0,0,1.65,2.14,0
07/01/2023,07:09,0,0,0,0,-0.6,2.14,0
07/01/2023,08:09,48,35,0,6.52,-0.28,2.28,0
07/01/2023,09:09,24,126,0,15.66,3.03,2.14,0
07/01/2023,10:09,204.01,145,0,23.09,6.55,1.79,0
07/01/2023,11:09,398.01,92,0,28.17,9.24,1.66,0
07/01/2023,12:09,416.01,106,0,30.27,10.7,1.1,0
07/01/2023,13:09,389.01,108,0,29.07,11.52,1.17,0
07/01/2023,14:09,354.01,76,0,24.77,11.88,1.45,0
07/01/2023,15:09,269.01,44,0,17.92,11.84,1.52,0
07/01/2023,16:09,93.01,39,0,9.19,10.94,1.59,0
07/01/2023,17:09,0,0,0,0,9.03,1.66,0
07/01/2023,18:09,0,0,0,0,7.05,1.79,0
07/01/2023,19:09,0,0,0,0,5.86,1.93,0
07/01/2023,20:09,0,0,0,0,5.02,1.93,0
07/01/2023,21:09,0,0,0,0,3.87,2.07,0
07/01/2023,22:09,0,0,0,0,3.6,2.28,0
07/01/2023,23:09,0,0,0,0,3.84,2.48,0
08/01/2023,00:09,0,0,0,0,4.12,2.34,0
08/01/2023,01:09,0,0,0,0,4.38,2.48,0
08/01/2023,02:09,0,0,0,0,4.44,2.34,0
08/01/2023,03:09,0,0,0,0,4.49,2.76,0
08/01/2023,04:09,0,0,0,0,4.95,4.62,0
08/01/2023,05:09,0,0,0,0,5.58,4.62,0
08/01/2023,06:09,0,0,0,0,6.65,4.28,0
08/01/2023,07:09,0,0,0,0,6.95,3.86,0
08/01/2023,08:09,10,44,0,6.54,7.58,3.03,0
08/01/2023,09:09,20,121,0,15.71,8.58,3.03,0
08/01/2023,10:09,8,162,0,23.17,9.36,3.59,0
08/01/2023,11:09,17,212,0,28.27,10.5,3.24,0
08/01/2023,12:09,223.01,207,0,30.39,10.98,3.38,0
08/01/2023,13:09,139,230,0,29.22,10.77,3.79,0
08/01/2023,14:09,147,183,0,24.92,10.8,4.14,0
08/01/2023,15:09,61,143,0,18.08,10.49,4.21,0
08/01/2023,16:09,12,65,0,9.35,10.33,3.72,0
08/01/2023,17:09,0,0,0,0,9.95,3.59,0
08/01/2023,18:09,0,0,0,0,9.74,3.59,0
08/01/2023,19:09,0,0,0,0,10.07,3.59,0
08/01/2023,20:09,0,0,0,0,10.1,3.38,0
08/01/2023,21:09,0,0,0,0,10.02,3.17,0
08/01/2023,22:09,0,0,0,0,9.7,2.9,0
08/01/2023,23:09,0,0,0,0,9.14,2.83,0
09/01/2023,00:09,0,0,0,0,8.5,3.17,0
09/01/2023,01:09,0,0,0,0,8.01,2.97,0
09/01/2023,02:09,0,0,0,0,7.84,3.17,0
09/01/2023,03:09,0,0,0,0,7.83,3.31,0
09/01/2023,04:09,0,0,0,0,7.75,3.38,0
09/01/2023,05:09,0,0,0,0,7.84,3.24,0
09/01/2023,06:09,0,0,0,0,8.01,3.66,0
09/01/2023,07:09,0,0,0,0,8.68,3.79,0
09/01/2023,08:09,63.01,26,0,6.57,8.59,3.45,0
09/01/2023,09:09,63,121,0,15.76,8.95,3.03,0
09/01/2023,10:09,25,184,0,23.25,9.56,2.34,0
09/01/2023,11:09,8,197,0,28.38,9.99,1.86,0
09/01/2023,12:09,25,239,0,30.53,10.4,1.79,0
09/01/2023,13:09,24,229,0,29.37,11.12,1.72,0
09/01/2023,14:09,67,208,0,25.09,11.62,1.52,0
09/01/2023,15:09,166.01,102,0,18.25,11.53,1.24,0
09/01/2023,16:09,8,64,0,9.51,10.93,1.1,0
09/01/2023,17:09,0,0,0,0,9.83,1.03,0
09/01/2023,18:09,0,0,0,0,8.66,0.97,0
09/01/2023,19:09,0,0,0,0,7.97,0.9,0
09/01/2023,20:09,0,0,0,0,7.65,0.83,0
09/01/2023,21:09,0,0,0,0,7.3,0.83,0
09/01/2023,22:09,0,0,0,0,6.9,0.83,0
09/01/2023,23:09,0,0,0,0,6.81,0.83,0
10/01/2023,00:09,0,0,0,0,6.82,1.03,0
10/01/2023,01:09,0,0,0,0,6.42,0.97,0
10/01/2023,02:09,0,0,0,0,6.21,0.62,0
10/01/2023,03:09,0,0,0,0,5.79,0.83,0
10/01/2023,04:09,0,0,0,0,5.36,1.38,0
10/01/2023,05:09,0,0,0,0,4.89,1.59,0
10/01/2023,06:09,0,0,0,0,4.97,1.72,0
10/01/2023,07:09,0,0,0,0,4.95,1.86,0
10/01/2023,08:09,52,32,0,6.61,5.06,1.86,0
10/01/2023,09:09,99,110,0,15.82,7.61,1.66,0
10/01/2023,10:09,309.01,83,0,23.33,10.48,1.24,0
10/01/2023,11:09,394.01,93,0,28.49,12.27,0.97,0
10/01/2023,12:09,412.01,108,0,30.67,13.49,0.69,0
10/01/2023,13:09,402.01,100,0,29.53,14.32,0.76,0
10/01/2023,14:09,346.01,82,0,25.26,14.65,1.17,0
10/01/2023,15:09,219.01,75,0,18.42,14.47,1.38,0
10/01/2023,16:09,92.01,44,0,9.68,13.74,1.52,0
10/01/2023,17:09,0,0,0,0,12.36,1.59,0
10/01/2023,18:09,0,0,0,0,10.23,1.52,0
10/01/2023,19:09,0,0,0,0,10.08,1.52,0
10/01/2023,20:09,0,0,0,0,9.33,1.45,0
10/01/2023,21:09,0,0,0,0,7.63,1.45,0
10/01/2023,22:09,0,0,0,0,5.98,1.31,0
10/01/2023,23:09,0,0,0,0,4.95,1.31,0
11/01/2023,00:09,0,0,0,0,4.26,1.38,0
11/01/2023,01:09,0,0,0,0,3.91,1.38,0
11/01/2023,02:09,0,0,0,0,3.92,1.03,0
11/01/2023,03:09,0,0,0,0,4.33,1.31,0
11/01/2023,04:09,0,0,0,0,4.74,1.93,0
11/01/2023,05:09,0,0,0,0,5.09,2.28,0
11/01/2023,06:09,0,0,0,0,5.23,2.28,0
11/01/2023,07:09,0,0,0,0,3.53,2.07,0
11/01/2023,08:09,54,32,0,6.65,3.25,1.93,0
11/01/2023,09:09,173.01,74,0,15.88,5.48,1.72,0
11/01/2023,10:09,313.01,82,0,23.42,8.42,1.1,0
11/01/2023,11:09,390.01,98,0,28.62,10.08,0.83,0
11/01/2023,12:09,425.01,102,0,30.82,10.97,1.1,0
11/01/2023,13:09,391.01,110,0,29.7,11.35,1.03,0
11/01/2023,14:09,283.01,124,0,25.44,11.42,0.97,0
11/01/2023,15:09,232.01,70,0,18.6,11.18,0.83,0
11/01/2023,16:09,109.01,37,0,9.86,10.36,0.69,0
11/01/2023,17:09,0,0,0,0,9.08,0.62,0
11/01/2023,18:09,0,0,0,0,7.65,0.69,0
11/01/2023,19:09,0,0,0,0,6.14,0.48,0
11/01/2023,20:09,0,0,0,0,5.6,0.34,0
11/01/2023,21:09,0,0,0,0,5.14,0.62,0
11/01/2023,22:09,0,0,0,0,5.14,0.69,0
11/01/2023,23:09,0,0,0,0,5.18,0.76,0
12/01/2023,00:09,0,0,0,0,5.08,0.9,0
12/01/2023,01:09,0,0,0,0,5.01,0.69,0
12/01/2023,02:09,0,0,0,0,5.23,0.55,0
12/01/2023,03:09,0,0,0,0,5.05,0.9,0
12/01/2023,04:09,0,0,0,0,4.69,0.83,0
12/01/2023,05:09,0,0,0,0,4.2,0.55,0
12/01/2023,06:09,0,0,0,0,3.83,0.14,0
12/01/2023,07:09,0,0,0,0,2.49,0.69,0
12/01/2023,08:09,31,43,0,6.7,2.5,1.24,0
12/01/2023,09:09,108,108,0,15.96,4.48,1.45,0
12/01/2023,10:09,326.01,74,0,23.52,7.28,1.24,0
12/01/2023,11:09,406.01,89,0,28.75,9.12,1.1,0
12/01/2023,12:09,434.01,98,0,30.98,10.69,0.83,0
12/01/2023,13:09,408.01,101,0,29.88,11.76,1.03,0
12/01/2023,14:09,376.01,69,0,25.62,12.26,1.17,0
12/01/2023,15:09,272.01,50,0,18.78,12.51,1.24,0
12/01/2023,16:09,118.01,34,0,10.03,11.99,1.31,0
12/01/2023,17:09,0,0,0,0,10.76,1.38,0
12/01/2023,18:09,0,0,0,0,9.4,1.45,0
12/01/2023,19:09,0,0,0,0,7.64,1.38,0
12/01/2023,20:09,0,0,0,0,6.53,1.38,0
12/01/2023,21:09,0,0,0,0,5.53,1.38,0
12/01/2023,22:09,0,0,0,0,4.69,1.38,0
12/01/2023,23:09,0,0,0,0,4.16,1.31,0
13/01/2023,00:09,0,0,0,0,3.72,1.1,0
13/01/2023,01:09,0,0,0,0,3.31,1.03,0
13/01/2023,02:09,0,0,0,0,3.01,0.55,0
13/01/2023,03:09,0,0,0,0,2.88,0.55,0
13/01/2023,04:09,0,0,0,0,2.75,0.9,0
13/01/2023,05:09,0,0,0,0,2.77,1.1,0
13/01/2023,06:09,0,0,0,0,3.03,1.17,0
13/01/2023,07:09,0,0,0,0,4.48,1.24,0
13/01/2023,08:09,56,33,0,6.76,4.32,1.38,0
13/01/2023,09:09,164.01,84,0,16.04,5.71,1.24,0
13/01/2023,10:09,295.01,101,0,23.63,8.47,0.97,0
13/01/2023,11:09,412.01,93,0,28.88,10.49,0.48,0
13/01/2023,12:09,432.01,108,0,31.14,11.9,0.55,0
13/01/2023,13:09,415.01,105,0,30.06,12.68,0.69,0
13/01/2023,14:09,314.01,115,0,25.8,13,0.97,0
13/01/2023,15:09,231.01,79,0,18.96,12.86,1.31,0
13/01/2023,16:09,109.01,42,0,10.22,12.15,1.45,0
13/01/2023,17:09,0,0,0,0,10.76,1.52,0
13/01/2023,18:09,0,0,0,0,9.24,1.59,0
13/01/2023,19:09,0,0,0,0,8.66,1.59,0
13/01/2023,20:09,0,0,0,0,7.77,1.59,0
13/01/2023,21:09,0,0,0,0,6.97,1.66,0
13/01/2023,22:09,0,0,0,0,4.7,1.66,0
13/01/2023,23:09,0,0,0,0,3.35,1.66,0
14/01/2023,00:09,0,0,0,0,2.25,1.66,0
14/01/2023,01:09,0,0,0,0,1.41,1.66,0
14/01/2023,02:09,0,0,0,0,0.91,1.1,0
14/01/2023,03:09,0,0,0,0,0.56,0.83,0
14/01/2023,04:09,0,0,0,0,0.2,0.69,0
14/01/2023,05:09,0,0,0,0,0.05,0.97,0
14/01/2023,06:09,0,0,0,0,0.12,1.45,0
14/01/2023,07:09,0,0,0,0,0.08,1.72,0
14/01/2023,08:09,56,34,0,6.82,0.28,1.72,0
14/01/2023,09:09,184.01,74,0,16.12,3.51,1.45,0
14/01/2023,10:09,322.01,86,0,23.74,9.39,1.03,0
14/01/2023,11:09,379.01,116,0,29.02,11.69,0.9,0
14/01/2023,12:09,428.01,114,0,31.31,12.77,0.97,0
14/01/2023,13:09,436.01,95,0,30.24,13.43,1.17,0
14/01/2023,14:09,379.01,78,0,26,13.9,1.24,0
14/01/2023,15:09,255.01,68,0,19.15,13.79,1.38,0
14/01/2023,16:09,115.01,41,0,10.4,13.08,1.45,0
14/01/2023,17:09,0,0,0,0,11.68,1.45,0
14/01/2023,18:09,0,0,0,0,9.54,1.52,0
14/01/2023,19:09,0,0,0,0,8.69,1.52,0
14/01/2023,20:09,0,0,0,0,7.45,1.52,0
14/01/2023,21:09,0,0,0,0,6.4,1.59,0
14/01/2023,22:09,0,0,0,0,5.28,1.59,0
14/01/2023,23:09,0,0,0,0,4.26,1.52,0
15/01/2023,00:09,0,0,0,0,3.68,1.52,0
15/01/2023,01:09,0,0,0,0,3.4,1.52,0
15/01/2023,02:09,0,0,0,0,3.12,1.17,0
15/01/2023,03:09,0,0,0,0,2.86,1.66,0
15/01/2023,04:09,0,0,0,0,2.57,2.21,0
15/01/2023,05:09,0,0,0,0,2.32,2.97,0
15/01/2023,06:09,0,0,0,0,2.23,3.45,0
15/01/2023,07:09,0,0,0,0,2.25,3.52,0
15/01/2023,08:09,58,33,0,6.89,2.44,3.52,0
15/01/2023,09:09,190.01,68,0,16.21,4.79,3.1,0
15/01/2023,10:09,304.01,94,0,23.86,8.38,2.48,0
15/01/2023,11:09,394.01,104,0,29.17,10.1,2.34,0
15/01/2023,12:09,447.01,98,0,31.48,11.1,2.62,0
15/01/2023,13:09,438.01,91,0,30.44,11.26,2.62,0
15/01/2023,14:09,353.01,92,0,26.2,10.99,2.55,0
15/01/2023,15:09,84,153,0,19.35,10.45,2.34,0
15/01/2023,16:09,8,73,0,10.59,9.58,2.34,0
15/01/2023,17:09,0,0,0,0,8.29,2.07,0
15/01/2023,18:09,0,0,0,0,7.11,2.14,0
15/01/2023,19:09,0,0,0,0,6.5,2.21,0
15/01/2023,20:09,0,0,0,0,6.17,2.41,0
15/01/2023,21:09,0,0,0,0,5.83,2.41,0
15/01/2023,22:09,0,0,0,0,5.34,2.41,0
15/01/2023,23:09,0,0,0,0,5.25,2.34,0
16/01/2023,00:09,0,0,0,0,4.53,2.21,0
16/01/2023,01:09,0,0,0,0,4.16,2.34,0
16/01/2023,02:09,0,0,0,0,3.57,2.76,0
16/01/2023,03:09,0,0,0,0,3.07,3.66,0
16/01/2023,04:09,0,0,0,0,2.58,4.34,0
16/01/2023,05:09,0,0,0,0,2.19,4.9,0
16/01/2023,06:09,0,0,0,0,1.65,4.9,0
16/01/2023,07:09,0,0,0,0,1.66,4.69,0
16/01/2023,08:09,44,40,0,6.96,1.64,4.41,0
16/01/2023,09:09,236.01,43,0,16.31,3.2,3.93,0
16/01/2023,10:09,311.01,91,0,23.99,5.07,3.59,0
16/01/2023,11:09,380.01,114,0,29.33,6.3,3.24,0
16/01/2023,12:09,432.01,109,0,31.67,7.26,3.03,0
16/01/2023,13:09,440.01,91,0,30.63,7.3,2.97,0
16/01/2023,14:09,172.01,193,0,26.4,7.11,2.83,0
16/01/2023,15:09,192.01,106,0,19.55,6.68,3.59,0
16/01/2023,16:09,94.01,56,0,10.78,5.71,4.34,0
16/01/2023,17:09,0,0,0,0,4.86,4.28,0
16/01/2023,18:09,0,0,0,0,4.26,4.41,0
16/01/2023,19:09,0,0,0,0,4.16,4.48,0
16/01/2023,20:09,0,0,0,0,4.16,4.28,0
16/01/2023,21:09,0,0,0,0,4.21,4.28,0
16/01/2023,22:09,0,0,0,0,4.5,4.21,0
16/01/2023,23:09,0,0,0,0,4.59,4.21,0
17/01/2023,00:09,0,0,0,0,4.59,4.69,0
17/01/2023,01:09,0,0,0,0,4.35,4.62,0
17/01/2023,02:09,0,0,0,0,4.29,3.52,0
17/01/2023,03:09,0,0,0,0,4.04,5.24,0
17/01/2023,04:09,0,0,0,0,4.1,5.38,0
17/01/2023,05:09,0,0,0,0,4.45,4.55,0
17/01/2023,06:09,0,0,0,0,4.46,5.66,0
17/01/2023,07:09,0,0,0,0,5.21,5.17,0
17/01/2023,08:09,7,46,0,7.04,5.47,5.38,0
17/01/2023,09:09,2,102,0,16.41,5.68,5.45,0
17/01/2023,10:09,1,140,0,24.12,6.17,4.21,0
17/01/2023,11:09,162,229,0,29.5,6.67,4,0
17/01/2023,12:09,266.01,207,0,31.86,6.79,4.21,0
17/01/2023,13:09,363.01,141,0,30.84,7.9,3.45,0
17/01/2023,14:09,0,87,0,26.61,7.65,3.59,0
17/01/2023,15:09,69,160,0,19.76,7.01,3.79,0
17/01/2023,16:09,18,81,0,10.98,6.14,3.59,0
17/01/2023,17:09,0,0,0,0,5,3.93,0
17/01/2023,18:09,0,0,0,0,4.02,3.59,0
17/01/2023,19:09,0,0,0,0,4.17,3.79,0
17/01/2023,20:09,0,0,0,0,3.79,4.28,0
17/01/2023,21:09,0,0,0,0,3.21,4.48,0
17/01/2023,22:09,0,0,0,0,2.7,4.62,0
17/01/2023,23:09,0,0,0,0,2.31,4.21,0
18/01/2023,00:09,0,0,0,0,1.9,4.14,0
18/01/2023,01:09,0,0,0,0,1.6,3.24,0
18/01/2023,02:09,0,0,0,0,0.77,4.55,0
18/01/2023,03:09,0,0,0,0,0.5,4.83,0
18/01/2023,04:09,0,0,0,0,-0.3,4.83,0
18/01/2023,05:09,0,0,0,0,-0.99,5.03,0
18/01/2023,06:09,0,0,0,0,-1.81,4.9,0
18/01/2023,07:09,0,0,0,0,-1.98,4.9,0
18/01/2023,08:09,28,49,0,7.13,-1.99,4.83,0
18/01/2023,09:09,19,130,0,16.53,-1.3,4.21,0
18/01/2023,10:09,10,179,0,24.26,-0.19,2.97,0
18/01/2023,11:09,6,206,0,29.67,0.82,2.48,0
18/01/2023,12:09,1,180,0,32.05,1.58,2.9,0
18/01/2023,13:09,64,265,0,31.05,1.6,2.62,0
18/01/2023,14:09,0,88,0,26.82,1.85,2.21,0
18/01/2023,15:09,0,80,0,19.96,1.64,2.21,0
18/01/2023,16:09,63,76,0,11.18,1.23,2.07,0
18/01/2023,17:09,0,0,0,0,0.21,2,0
18/01/2023,18:09,0,0,0,0,-0.87,1.93,0
18/01/2023,19:09,0,0,0,0,-1.03,1.86,0
18/01/2023,20:09,0,0,0,0,-1.59,1.66,0
18/01/2023,21:09,0,0,0,0,-1.98,1.52,0
18/01/2023,22:09,0,0,0,0,-2.11,1.38,0
18/01/2023,23:09,0,0,0,0,-2.45,1.31,0
19/01/2023,00:09,0,0,0,0,-2.79,1.45,0
19/01/2023,01:09,0,0,0,0,-3.33,1.38,0
19/01/2023,02:09,0,0,0,0,-3.76,1.38,0
19/01/2023,03:09,0,0,0,0,-4.2,1.86,0
19/01/2023,04:09,0,0,0,0,-4.51,2.41,0
19/01/2023,05:09,0,0,0,0,-4.83,2.69,0
19/01/2023,06:09,0,0,0,0,-5.18,2.69,0
19/01/2023,07:09,0,0,0,0,-4.64,2.9,0
19/01/2023,08:09,64,34,0,7.22,-4.37,3.03,0
19/01/2023,09:09,205.01,66,0,16.64,-0.87,2.9,0
19/01/2023,10:09,381.01,58,0,24.41,1.63,2.21,0
19/01/2023,11:09,496.01,54,0,29.84,3.28,2.21,0
19/01/2023,12:09,535.01,58,0,32.26,4.02,2.69,0
19/01/2023,13:09,516.01,58,0,31.27,4.49,2.83,0
19/01/2023,14:09,435.01,57,0,27.04,4.88,3.03,0
19/01/2023,15:09,291.01,58,0,20.18,4.58,3.1,0
19/01/2023,16:09,138.01,40,0,11.38,3.72,3.1,0
19/01/2023,17:09,0,0,0,0,2.46,3.03,0
19/01/2023,18:09,0,0,0,0,1.25,2.9,0
19/01/2023,19:09,0,0,0,0,1.09,2.76,0
19/01/2023,20:09,0,0,0,0,0.89,2.48,0
19/01/2023,21:09,0,0,0,0,0.92,2.34,0
19/01/2023,22:09,0,0,0,0,1.2,2.14,0
19/01/2023,23:09,0,0,0,0,1.36,2,0
20/01/2023,00:09,0,0,0,0,1.56,1.72,0
20/01/2023,01:09,0,0,0,0,1.79,1.52,0
20/01/2023,02:09,0,0,0,0,1.94,2.07,0
20/01/2023,03:09,0,0,0,0,2.01,1.93,0
20/01/2023,04:09,0,0,0,0,2.19,2,0
20/01/2023,05:09,0,0,0,0,2.36,2.28,0
20/01/2023,06:09,0,0,0,0,2.58,2.28,0
20/01/2023,07:09,0,0,0,0,2.94,2.14,0
20/01/2023,08:09,10,50,0,7.31,3.15,2.07,0
20/01/2023,09:09,10,121,0,16.76,4.36,1.79,0
20/01/2023,10:09,64,204,0,24.56,5.1,1.1,0
20/01/2023,11:09,126,244,0,30.03,6.39,0.83,0
20/01/2023,12:09,388.01,142,0,32.47,7.31,0.9,0
20/01/2023,13:09,382.01,134,0,31.49,7.71,1.03,0
20/01/2023,14:09,401.01,72,0,27.27,8,1.03,0
20/01/2023,15:09,262.01,72,0,20.39,8.23,1.1,0
20/01/2023,16:09,137.01,40,0,11.58,7.99,1.1,0
20/01/2023,17:09,0,0,0,0,6.96,1.1,0
20/01/2023,18:09,0,0,0,0,5.7,1.1,0
20/01/2023,19:09,0,0,0,0,4.5,1.03,0
20/01/2023,20:09,0,0,0,0,3.86,1.1,0
20/01/2023,21:09,0,0,0,0,3.38,1.03,0
20/01/2023,22:09,0,0,0,0,3.15,1.03,0
20/01/2023,23:09,0,0,0,0,3.21,1.03,0
21/01/2023,00:09,0,0,0,0,3.26,0.9,0
21/01/2023,01:09,0,0,0,0,3.49,0.83,0
21/01/2023,02:09,0,0,0,0,3.6,0.9,0
21/01/2023,03:09,0,0,0,0,3.55,1.52,0
21/01/2023,04:09,0,0,0,0,3.61,2,0
21/01/2023,05:09,0,0,0,0,3.79,2.07,0
21/01/2023,06:09,0,0,0,0,3.9,2,0
21/01/2023,07:09,0,0,0,0,3.97,2,0
21/01/2023,08:09,77.01,28,0,7.42,4.14,2.28,0
21/01/2023,09:09,89,125,0,16.89,5.46,2.28,0
21/01/2023,10:09,67,206,0,24.72,7.2,1.86,0
21/01/2023,11:09,112,250,0,30.22,8.12,1.52,0
21/01/2023,12:09,49,269,0,32.68,8.67,1.24,0
21/01/2023,13:09,0,106,0,31.72,8.81,1.24,0
21/01/2023,14:09,265.01,156,0,27.5,8.24,1.45,0
21/01/2023,15:09,310.01,49,0,20.61,8.25,1.59,0
21/01/2023,16:09,146.01,38,0,11.79,7.93,1.59,0
21/01/2023,17:09,0,1,0,1.64,6.9,1.66,0
21/01/2023,18:09,0,0,0,0,5.55,1.72,0
21/01/2023,19:09,0,0,0,0,4.5,1.72,0
21/01/2023,20:09,0,0,0,0,3.06,1.72,0
21/01/2023,21:09,0,0,0,0,2.15,1.72,0
21/01/2023,22:09,0,0,0,0,1.63,1.59,0
21/01/2023,23:09,0,0,0,0,0.92,1.52,0
22/01/2023,00:09,0,0,0,0,0.23,1.1,0
22/01/2023,01:09,0,0,0,0,-0.56,0.9,0
22/01/2023,02:09,0,0,0,0,-1.38,1.17,0
22/01/2023,03:09,0,0,0,0,-1.82,1.79,0
22/01/2023,04:09,0,0,0,0,-2.52,2.28,0
22/01/2023,05:09,0,0,0,0,-3.23,2.34,0
22/01/2023,06:09,0,0,0,0,-3.59,2.55,0
22/01/2023,07:09,0,0,0,0,-2.85,2.48,0
22/01/2023,08:09,76.01,32,0,7.53,-2.77,2.14,0
22/01/2023,09:09,226.01,62,0,17.03,-0.88,1.79,0
22/01/2023,10:09,369.01,74,0,24.89,1.37,1.52,0
22/01/2023,11:09,473.01,79,0,30.41,2.88,1.52,0
22/01/2023,12:09,508.01,87,0,32.9,3.66,1.38,0
22/01/2023,13:09,500.01,80,0,31.95,4.34,1.03,0
22/01/2023,14:09,424.01,75,0,27.73,4.51,0.9,0
22/01/2023,15:09,279.01,77,0,20.84,4.17,0.97,0
22/01/2023,16:09,147.01,44,0,12,3.5,1.03,0
22/01/2023,17:09,0,3,0,1.84,2.45,1.1,0
22/01/2023,18:09,0,0,0,0,1.2,1.24,0
22/01/2023,19:09,0,0,0,0,-0.02,1.38,0
22/01/2023,20:09,0,0,0,0,-1.02,1.38,0
22/01/2023,21:09,0,0,0,0,-1.26,1.31,0
22/01/2023,22:09,0,0,0,0,-1.74,1.24,0
22/01/2023,23:09,0,0,0,0,-2.16,1.17,0
23/01/2023,00:09,0,0,0,0,-2.6,1.31,0
23/01/2023,01:09,0,0,0,0,-3.05,1.24,0
23/01/2023,02:09,0,0,0,0,-3.29,1.59,0
23/01/2023,03:09,0,0,0,0,-3.46,1.93,0
23/01/2023,04:09,0,0,0,0,-3.54,2,0
23/01/2023,05:09,0,0,0,0,-3.72,2,0
23/01/2023,06:09,0,0,0,0,-3.83,1.93,0
23/01/2023,07:09,0,0,0,0,-3.71,1.79,0
23/01/2023,08:09,81.01,30,0,7.64,-3.56,1.59,0
23/01/2023,09:09,226.01,63,0,17.17,-1.46,1.52,0
23/01/2023,10:09,385.01,66,0,25.06,-0.55,1.38,0
23/01/2023,11:09,486.01,72,0,30.62,0.58,1.1,0
23/01/2023,12:09,524.01,78,0,33.13,1.7,0.62,0
23/01/2023,13:09,500.01,81,0,32.19,2.4,0.34,0
23/01/2023,14:09,418.01,80,0,27.97,2.85,0.34,0
23/01/2023,15:09,285.01,75,0,21.07,2.96,0.41,0
23/01/2023,16:09,150.01,44,0,12.22,2.61,0.28,0
23/01/2023,17:09,0,5,0,2.04,1.81,0.55,0
23/01/2023,18:09,0,0,0,0,0.74,0.62,0
23/01/2023,19:09,0,0,0,0,0.29,0.76,0
23/01/2023,20:09,0,0,0,0,0.25,1.03,0
23/01/2023,21:09,0,0,0,0,-0.04,1.1,0
23/01/2023,22:09,0,0,0,0,-0.32,1.03,0
23/01/2023,23:09,0,0,0,0,-0.58,0.97,0
24/01/2023,00:09,0,0,0,0,-0.88,0.69,0
24/01/2023,01:09,0,0,0,0,-1.19,0.76,0
24/01/2023,02:09,0,0,0,0,-1.69,1.24,0
24/01/2023,03:09,0,0,0,0,-2.71,2.14,0
24/01/2023,04:09,0,0,0,0,-3.1,2.9,0
24/01/2023,05:09,0,0,0,0,-3.25,2.97,0
24/01/2023,06:09,0,0,0,0,-3.27,2.97,0
24/01/2023,07:09,0,0,0,0,-2.83,2.9,0
24/01/2023,08:09,79.01,32,0,7.76,-2.89,2.76,0
24/01/2023,09:09,228.01,61,0,17.32,-1.37,2.48,0
24/01/2023,10:09,376.01,70,0,25.24,0.2,1.86,0
24/01/2023,11:09,482.01,73,0,30.83,1.67,1.45,0
24/01/2023,12:09,533.01,71,0,33.36,2.59,1.17,0
24/01/2023,13:09,557.01,47,0,32.44,2.97,1.24,0
24/01/2023,14:09,0,95,0,28.21,2.69,1.24,0
24/01/2023,15:09,0,85,0,21.3,2.42,1.24,0
24/01/2023,16:09,83,81,0,12.43,1.76,1.1,0
24/01/2023,17:09,0,3,0,2.25,1.2,1.03,0
24/01/2023,18:09,0,0,0,0,0,0.76,0
24/01/2023,19:09,0,0,0,0,-1.2,0.48,0
24/01/2023,20:09,0,0,0,0,-1.54,0.34,0
24/01/2023,21:09,0,0,0,0,-2.04,0.34,0
24/01/2023,22:09,0,0,0,0,-2.16,0.28,0
24/01/2023,23:09,0,0,0,0,-2.03,0.14,0
25/01/2023,00:09,0,0,0,0,-2.05,0.34,0
25/01/2023,01:09,0,0,0,0,-2.44,0.28,0
25/01/2023,02:09,0,0,0,0,-2.25,0.41,0
25/01/2023,03:09,0,0,0,0,-2.48,0.97,0
25/01/2023,04:09,0,0,0,0,-2.73,1.17,0
25/01/2023,05:09,0,0,0,0,-2.9,1.45,0
25/01/2023,06:09,0,0,0,0,-3.05,1.72,0
25/01/2023,07:09,0,0,0,0,-3.46,2.07,0
25/01/2023,08:09,89.01,28,0,7.89,-3.5,1.93,0
25/01/2023,09:09,203.01,79,0,17.47,-1.75,1.66,0
25/01/2023,10:09,397.01,61,0,25.42,0.63,1.24,0
25/01/2023,11:09,495.01,69,0,31.04,2.39,1.1,0
25/01/2023,12:09,519.01,83,0,33.6,3.71,1.03,0
25/01/2023,13:09,565.01,46,0,32.69,4.52,0.83,0
25/01/2023,14:09,375.01,110,0,28.46,4.76,0.62,0
25/01/2023,15:09,343.01,46,0,21.53,4.64,0.55,0
25/01/2023,16:09,166.01,40,0,12.65,4.28,0.62,0
25/01/2023,17:09,1,9.83,0,2.45,3.45,0.76,0
25/01/2023,18:09,0,0,0,0,1.74,0.97,0
25/01/2023,19:09,0,0,0,0,0.89,1.03,0
25/01/2023,20:09,0,0,0,0,1.14,1.03,0
25/01/2023,21:09,0,0,0,0,0.67,1.17,0
25/01/2023,22:09,0,0,0,0,0.23,1.24,0
25/01/2023,23:09,0,0,0,0,-0.13,1.38,0
26/01/2023,00:09,0,0,0,0,-0.45,1.52,0
26/01/2023,01:09,0,0,0,0,-1.06,1.38,0
26/01/2023,02:09,0,0,0,0,-1.82,1.72,0
26/01/2023,03:09,0,0,0,0,-2.14,2.9,0
26/01/2023,04:09,0,0,0,0,-2.56,3.1,0
26/01/2023,05:09,0,0,0,0,-2.97,3.17,0
26/01/2023,06:09,0,0,0,0,-3.51,3.1,0
26/01/2023,07:09,0,0,0,0,-3.61,2.9,0
26/01/2023,08:09,85.01,31,0,8.02,-3.06,2.62,0
26/01/2023,09:09,250.01,52,0,17.63,-0.03,2.28,0
26/01/2023,10:09,398.01,62,0,25.61,1.46,1.66,0
26/01/2023,11:09,475.01,81,0,31.26,2.17,1.1,0
26/01/2023,12:09,519.01,84,0,33.85,2.91,0.69,0
26/01/2023,13:09,193.01,255,0,32.95,3.13,0.55,0
26/01/2023,14:09,13,215,0,28.71,3.31,0.62,0
26/01/2023,15:09,5,147,0,21.77,3.07,0.62,0
26/01/2023,16:09,87,84,0,12.88,2.51,0.62,0
26/01/2023,17:09,1,11.82,0,2.66,1.55,0.62,0
26/01/2023,18:09,0,0,0,0,0.38,0.69,0
26/01/2023,19:09,0,0,0,0,-0.8,0.76,0
26/01/2023,20:09,0,0,0,0,-0.86,0.83,0
26/01/2023,21:09,0,0,0,0,-1.33,0.97,0
26/01/2023,22:09,0,0,0,0,-1.55,1.03,0
26/01/2023,23:09,0,0,0,0,-1.65,1.1,0
27/01/2023,00:09,0,0,0,0,-1.84,1.17,0
27/01/2023,01:09,0,0,0,0,-2,1.03,0
27/01/2023,02:09,0,0,0,0,-2.08,1.45,0
27/01/2023,03:09,0,0,0,0,-2.36,2,0
27/01/2023,04:09,0,0,0,0,-2.78,2.07,0
27/01/2023,05:09,0,0,0,0,-3.13,2.14,0
27/01/2023,06:09,0,0,0,0,-3.31,2.28,0
27/01/2023,07:09,0,0,0,0,-3.74,2.34,0
27/01/2023,08:09,89.01,31,0,8.16,-3.27,2.41,0
27/01/2023,09:09,245.01,57,0,17.8,-0.87,2.41,0
27/01/2023,10:09,404.01,62,0,25.81,0.43,2.07,0
27/01/2023,11:09,496.01,73,0,31.49,1.5,1.52,0
27/01/2023,12:09,541.01,76,0,34.1,2.39,0.69,0
27/01/2023,13:09,518.01,79,0,33.21,3.34,0.55,0
27/01/2023,14:09,461.01,64,0,28.96,3.71,0.48,0
27/01/2023,15:09,314.01,67,0,22.01,3.66,0.41,0
27/01/2023,16:09,180.01,37,0,13.1,3.1,0.48,0
27/01/2023,17:09,0,9,0,2.87,2.11,0.48,0
27/01/2023,18:09,0,0,0,0,0.83,0.48,0
27/01/2023,19:09,0,0,0,0,0.33,0.55,0
27/01/2023,20:09,0,0,0,0,-0.12,0.62,0
27/01/2023,21:09,0,0,0,0,-0.71,0.62,0
27/01/2023,22:09,0,0,0,0,-1.13,0.55,0
27/01/2023,23:09,0,0,0,0,-1.45,0.48,0
28/01/2023,00:09,0,0,0,0,-1.61,0.41,0
28/01/2023,01:09,0,0,0,0,-1.72,0.41,0
28/01/2023,02:09,0,0,0,0,-1.9,0.62,0
28/01/2023,03:09,0,0,0,0,-2.14,0.97,0
28/01/2023,04:09,0,0,0,0,-2.39,1.17,0
28/01/2023,05:09,0,0,0,0,-2.57,1.17,0
28/01/2023,06:09,0,0,0,0,-2.82,1.1,0
28/01/2023,07:09,0,0,0,0,-3,1.31,0
28/01/2023,08:09,97.01,29,0,8.31,-2.96,1.38,0
28/01/2023,09:09,241.01,62,0,17.97,-1.38,1.72,0
28/01/2023,10:09,392.01,71,0,26.01,0.63,1.72,0
28/01/2023,11:09,487.01,81,0,31.72,2.19,1.31,0
28/01/2023,12:09,523.01,89,0,34.36,3.35,1.03,0
28/01/2023,13:09,517.01,82,0,33.47,4.25,0.62,0
28/01/2023,14:09,461.01,67,0,29.22,4.93,0.48,0
28/01/2023,15:09,302.01,78,0,22.25,5.06,0.76,0
28/01/2023,16:09,138.01,64,0,13.33,4.82,0.9,0
28/01/2023,17:09,2,15.58,0,3.08,3.73,0.97,0
28/01/2023,18:09,0,0,0,0,1.96,0.9,0
28/01/2023,19:09,0,0,0,0,0.28,0.9,0
28/01/2023,20:09,0,0,0,0,0.47,0.83,0
28/01/2023,21:09,0,0,0,0,-0.14,0.76,0
28/01/2023,22:09,0,0,0,0,-0.66,0.76,0
28/01/2023,23:09,0,0,0,0,-1.15,0.83,0
29/01/2023,00:09,0,0,0,0,-1.8,0.97,0
29/01/2023,01:09,0,0,0,0,-1.91,0.9,0
29/01/2023,02:09,0,0,0,0,-2.01,0.76,0
29/01/2023,03:09,0,0,0,0,-1.98,1.1,0
29/01/2023,04:09,0,0,0,0,-2.02,1.31,0
29/01/2023,05:09,0,0,0,0,-2.14,1.38,0
29/01/2023,06:09,0,0,0,0,-2.19,1.31,0
29/01/2023,07:09,0,0,0,0,-2.94,1.24,0
29/01/2023,08:09,88.01,34,0,8.46,-2.78,1.52,0
29/01/2023,09:09,244.01,62,0,18.14,0.3,1.66,0
29/01/2023,10:09,396.01,71,0,26.22,2.61,1.38,0
29/01/2023,11:09,491.01,81,0,31.96,3.82,1.45,0
29/01/2023,12:09,537.01,83,0,34.62,4.8,1.31,0
29/01/2023,13:09,528.01,79,0,33.74,5.43,1.31,0
29/01/2023,14:09,447.01,78,0,29.49,5.61,1.24,0
29/01/2023,15:09,189.01,146,0,22.5,5.5,1.17,0
29/01/2023,16:09,29,107,0,13.55,4.67,1.24,0
29/01/2023,17:09,0,12,0,3.29,3.31,1.17,0
29/01/2023,18:09,0,0,0,0,1.24,1.03,0
29/01/2023,19:09,0,0,0,0,0.04,0.97,0
29/01/2023,20:09,0,0,0,0,-1.12,0.97,0
29/01/2023,21:09,0,0,0,0,-1.24,0.83,0
29/01/2023,22:09,0,0,0,0,-1.43,0.76,0
29/01/2023,23:09,0,0,0,0,-1.56,0.76,0
30/01/2023,00:09,0,0,0,0,-1.69,0.97,0
30/01/2023,01:09,0,0,0,0,-1.46,1.1,0
30/01/2023,02:09,0,0,0,0,-1.36,2,0
30/01/2023,03:09,0,0,0,0,-1.7,2.76,0
30/01/2023,04:09,0,0,0,0,-2.06,2.9,0
30/01/2023,05:09,0,0,0,0,-2.24,3.1,0
30/01/2023,06:09,0,0,0,0,-2.47,3.03,0
30/01/2023,07:09,0,0,0,0,-2.68,2.9,0
30/01/2023,08:09,90.01,35,0,8.61,-2.76,2.76,0
30/01/2023,09:09,248.01,61,0,18.33,-0.17,2.55,0
30/01/2023,10:09,384.01,78,0,26.43,2.03,1.79,0
30/01/2023,11:09,491.01,81,0,32.21,3.4,1.45,0
30/01/2023,12:09,508.01,102,0,34.89,4.72,1.24,0
30/01/2023,13:09,474.01,114,0,34.02,5.64,1.1,0
30/01/2023,14:09,415.01,99,0,29.75,5.98,0.97,0
30/01/2023,15:09,307.01,79,0,22.75,6.01,1.03,0
30/01/2023,16:09,172.01,48,0,13.78,5.61,1.1,0
30/01/2023,17:09,1,16.8,0,3.5,4.5,1.1,0
30/01/2023,18:09,0,0,0,0,2.79,1.1,0
30/01/2023,19:09,0,0,0,0,1.2,1.1,0
30/01/2023,20:09,0,0,0,0,0.69,1.24,0
30/01/2023,21:09,0,0,0,0,0.79,1.24,0
30/01/2023,22:09,0,0,0,0,-0.08,1.31,0
30/01/2023,23:09,0,0,0,0,-1.01,1.31,0
31/01/2023,00:09,0,0,0,0,-1.31,1.45,0
31/01/2023,01:09,0,0,0,0,-1.63,1.24,0
31/01/2023,02:09,0,0,0,0,-2.07,0.62,0
31/01/2023,03:09,0,0,0,0,-2.67,0.55,0
31/01/2023,04:09,0,0,0,0,-3.1,0.9,0
31/01/2023,05:09,0,0,0,0,-3.42,0.97,0
31/01/2023,06:09,0,0,0,0,-3.59,1.1,0
31/01/2023,07:09,0,0,0,0,-3.7,1.38,0
31/01/2023,08:09,90.01,38,0,8.77,-2.99,1.52,0
31/01/2023,09:09,248.01,66,0,18.51,1.65,1.59,0
31/01/2023,10:09,407.01,71,0,26.65,5.25,1.17,0
31/01/2023,11:09,504.01,81,0,32.46,6.96,0.83,0
31/01/2023,12:09,531.01,96,0,35.16,8.21,0.48,0
31/01/2023,13:09,526.01,88,0,34.3,9.09,0.76,0
31/01/2023,14:09,460.01,78,0,30.02,9.55,1.03,0
31/01/2023,15:09,311.01,83,0,23,9.6,1.17,0
31/01/2023,16:09,180.01,49,0,14.02,9.05,1.31,0
31/01/2023,17:09,1,18.79,0,3.71,7.76,1.38,0
31/01/2023,18:09,0,0,0,0,5.56,1.38,0
31/01/2023,19:09,0,0,0,0,5.19,1.45,0
31/01/2023,20:09,0,0,0,0,4.18,1.45,0
31/01/2023,21:09,0,0,0,0,3.32,1.45,0
31/01/2023,22:09,0,0,0,0,2.24,1.45,0
31/01/2023,23:09,0,0,0,0,0.59,1.38,0
01/02/2023,00:09,0,0,0,0,-0.48,1.52,0
01/02/2023,01:09,0,0,0,0,-1.15,1.31,0
01/02/2023,02:09,0,0,0,0,-1.69,0.62,0
01/02/2023,03:09,0,0,0,0,-2,0.07,0
01/02/2023,04:09,0,0,0,0,-2.25,0.41,0
01/02/2023,05:09,0,0,0,0,-2.36,0.55,0
01/02/2023,06:09,0,0,0,0,-2.4,0.69,0
01/02/2023,07:09,0,0,0,0,-2.86,0.76,0
01/02/2023,08:09,85,43,0,8.94,-2.15,0.76,0
01/02/2023,09:09,227.01,81,0,18.71,2.5,0.83,0
01/02/2023,10:09,361.01,103,0,26.88,6.42,0.83,0
01/02/2023,11:09,474.01,104,0,32.72,8.05,0.55,0
01/02/2023,12:09,491.01,125,0,35.44,9.12,0.28,0
01/02/2023,13:09,504.01,107,0,34.58,9.8,0.55,0
01/02/2023,14:09,432.01,100,0,30.3,10.19,0.76,0
01/02/2023,15:09,300.01,94,0,23.26,10.18,0.83,0
01/02/2023,16:09,168.01,60,0,14.25,9.7,0.76,0
01/02/2023,17:09,2,19.59,0,3.93,8.5,0.76,0
01/02/2023,18:09,0,0,0,0,6.82,0.76,0
01/02/2023,19:09,0,0,0,0,6.03,0.76,0
01/02/2023,20:09,0,0,0,0,4.93,0.69,0
01/02/2023,21:09,0,0,0,0,3.88,0.69,0
01/02/2023,22:09,0,0,0,0,3.1,0.69,0
01/02/2023,23:09,0,0,0,0,2.45,0.69,0
02/02/2023,00:09,0,0,0,0,1.88,0.76,0
02/02/2023,01:09,0,0,0,0,1.2,0.55,0
02/02/2023,02:09,0,0,0,0,0.53,0.62,0
02/02/2023,03:09,0,0,0,0,0.07,1.31,0
02/02/2023,04:09,0,0,0,0,-0.25,1.79,0
02/02/2023,05:09,0,0,0,0,-0.54,2.07,0
02/02/2023,06:09,0,0,0,0,-0.79,2.21,0
02/02/2023,07:09,0,0,0,0,-1.16,2.41,0
02/02/2023,08:09,83,46,0,9.11,-0.49,2.48,0
02/02/2023,09:09,229.01,82,0,18.91,1.32,2.34,0
02/02/2023,10:09,363.01,103,0,27.11,3.5,1.72,0
02/02/2023,11:09,459.01,115,0,32.98,5.49,1.45,0
02/02/2023,12:09,558.01,88,0,35.73,7.04,1.38,0
02/02/2023,13:09,498.01,113,0,34.87,8.12,1.03,0
02/02/2023,14:09,447.01,94,0,30.58,8.84,0.62,0
02/02/2023,15:09,318.01,86,0,23.51,9.09,0.62,0
02/02/2023,16:09,171.01,60,0,14.48,8.78,0.76,0
02/02/2023,17:09,2,20.59,0,4.14,7.76,0.9,0
02/02/2023,18:09,0,0,0,0,6.12,0.97,0
02/02/2023,19:09,0,0,0,0,4.09,1.03,0
02/02/2023,20:09,0,0,0,0,4.44,1.03,0
02/02/2023,21:09,0,0,0,0,3.84,1.1,0
02/02/2023,22:09,0,0,0,0,3.23,1.17,0
02/02/2023,23:09,0,0,0,0,2.8,1.24,0
03/02/2023,00:09,0,0,0,0,2.51,1.17,0
03/02/2023,01:09,0,0,0,0,2.37,1.03,0
03/02/2023,02:09,0,0,0,0,2.26,0.21,0
03/02/2023,03:09,0,0,0,0,2.18,0.69,0
03/02/2023,04:09,0,0,0,0,2.07,1.31,0
03/02/2023,05:09,0,0,0,0,1.93,1.79,0
03/02/2023,06:09,0,0,0,0,1.72,2.14,0
03/02/2023,07:09,0,0,0,0,1.32,2.55,0
03/02/2023,08:09,91,45,0,9.29,1.64,2.55,0
03/02/2023,09:09,237.01,82,0,19.11,3.49,2.48,0
03/02/2023,10:09,367.01,107,0,27.35,6.97,1.66,0
03/02/2023,11:09,480.01,109,0,33.25,8.89,1.45,0
03/02/2023,12:09,496.01,132,0,36.02,10.12,1.38,0
03/02/2023,13:09,492.01,124,0,35.17,10.91,1.1,0
03/02/2023,14:09,447.01,100,0,30.86,11.36,1.03,0
03/02/2023,15:09,313.01,94,0,23.77,11.34,1.03,0
03/02/2023,16:09,176.01,62,0,14.72,10.8,0.97,0
03/02/2023,17:09,3,23.33,0,4.36,9.46,0.9,0
03/02/2023,18:09,0,0,0,0,7.17,0.83,0
03/02/2023,19:09,0,0,0,0,5.1,0.83,0
03/02/2023,20:09,0,0,0,0,5.28,0.83,0
03/02/2023,21:09,0,0,0,0,4.56,0.9,0
03/02/2023,22:09,0,0,0,0,3.77,1.03,0
03/02/2023,23:09,0,0,0,0,3.25,1.17,0
04/02/2023,00:09,0,0,0,0,2.86,1.38,0
04/02/2023,01:09,0,0,0,0,2.41,1.17,0
04/02/2023,02:09,0,0,0,0,2,0.41,0
04/02/2023,03:09,0,0,0,0,1.61,0.62,0
04/02/2023,04:09,0,0,0,0,1.28,1.24,0
04/02/2023,05:09,0,0,0,0,0.89,1.72,0
04/02/2023,06:09,0,0,0,0,0.38,1.86,0
04/02/2023,07:09,0,0,0,0,-1.83,1.86,0
04/02/2023,08:09,84,51,0,9.47,-0.73,1.72,0
04/02/2023,09:09,234.01,87,0,19.32,2.99,1.52,0
04/02/2023,10:09,366.01,112,0,27.59,7.5,1.17,0
04/02/2023,11:09,461.01,126,0,33.52,9.72,1.03,0
04/02/2023,12:09,475.01,150,0,36.31,11.45,0.9,0
04/02/2023,13:09,491.01,130,0,35.46,12.64,0.83,0
04/02/2023,14:09,461.01,97,0,31.14,13.3,0.83,0
04/02/2023,15:09,326.01,91,0,24.03,13.46,0.97,0
04/02/2023,16:09,178.01,64,0,14.96,13.01,1.1,0
04/02/2023,17:09,3,25.31,0,4.58,11.77,1.24,0
04/02/2023,18:09,0,0,0,0,9.25,1.38,0
04/02/2023,19:09,0,0,0,0,9.12,1.52,0
04/02/2023,20:09,0,0,0,0,8.12,1.45,0
04/02/2023,21:09,0,0,0,0,7.33,1.38,0
04/02/2023,22:09,0,0,0,0,6.74,1.31,0
04/02/2023,23:09,0,0,0,0,6.2,1.31,0
05/02/2023,00:09,0,0,0,0,5.53,1.52,0
05/02/2023,01:09,0,0,0,0,4.39,1.45,0
05/02/2023,02:09,0,0,0,0,3.04,0.83,0
05/02/2023,03:09,0,0,0,0,2.7,1.38,0
05/02/2023,04:09,0,0,0,0,3.2,2.07,0
05/02/2023,05:09,0,0,0,0,4.1,2.48,0
05/02/2023,06:09,0,0,0,0,4.44,2.55,0
05/02/2023,07:09,0,0,0,0,2.37,2.62,0
05/02/2023,08:09,92,48,0,9.66,2.78,2.62,0
05/02/2023,09:09,248.01,80,0,19.54,6.59,2.41,0
05/02/2023,10:09,388.01,100,0,27.83,10.44,1.79,0
05/02/2023,11:09,496.01,105,0,33.8,12.36,1.59,0
05/02/2023,12:09,504.01,133,0,36.61,13.59,1.38,0
05/02/2023,13:09,520.01,113,0,35.77,14.34,1.17,0
05/02/2023,14:09,448.01,106,0,31.43,14.61,1.1,0
05/02/2023,15:09,321.01,95,0,24.3,14.39,1.17,0
05/02/2023,16:09,179.01,65,0,15.2,13.55,1.38,0
05/02/2023,17:09,3,27.29,0,4.8,12,1.59,0
05/02/2023,18:09,0,0,0,0,9.37,1.66,0
05/02/2023,19:09,0,0,0,0,7.05,1.66,0
05/02/2023,20:09,0,0,0,0,6.68,1.59,0
05/02/2023,21:09,0,0,0,0,6.15,1.52,0
05/02/2023,22:09,0,0,0,0,5.15,1.52,0
05/02/2023,23:09,0,0,0,0,3.08,1.59,0
06/02/2023,00:09,0,0,0,0,1.26,1.79,0
06/02/2023,01:09,0,0,0,0,0.06,1.59,0
06/02/2023,02:09,0,0,0,0,-0.76,0.9,0
06/02/2023,03:09,0,0,0,0,-1.03,1.17,0
06/02/2023,04:09,0,0,0,0,-0.71,1.38,0
06/02/2023,05:09,0,0,0,0,-0.11,1.86,0
06/02/2023,06:09,0,0,0,0,-0.18,2.34,0
06/02/2023,07:09,0,0,0,0,-1.33,2.48,0
06/02/2023,08:09,97,47,0,9.85,-0.61,2.41,0
06/02/2023,09:09,249.01,81,0,19.76,4.51,2.07,0
06/02/2023,10:09,395.01,96,0,28.09,8.66,1.24,0
06/02/2023,11:09,496.01,106,0,34.08,10.26,0.9,0
06/02/2023,12:09,534.01,114,0,36.91,11.33,1.38,0
06/02/2023,13:09,520.01,113,0,36.07,11.91,1.93,0
06/02/2023,14:09,462.01,99,0,31.72,11.85,2.14,0
06/02/2023,15:09,333.01,90,0,24.56,11.54,1.72,0
06/02/2023,16:09,193.01,60,0,15.44,10.75,1.45,0
06/02/2023,17:09,4,29.02,0,5.02,9.32,1.52,0
06/02/2023,18:09,0,0,0,0,7.58,1.38,0
06/02/2023,19:09,0,0,0,0,6.35,1.17,0
06/02/2023,20:09,0,0,0,0,4.88,1.1,0
06/02/2023,21:09,0,0,0,0,4.13,0.97,0
06/02/2023,22:09,0,0,0,0,3.59,0.97,0
06/02/2023,23:09,0,0,0,0,2.83,0.97,0
07/02/2023,00:09,0,0,0,0,2.08,1.31,0
07/02/2023,01:09,0,0,0,0,1.42,1.45,0
07/02/2023,02:09,0,0,0,0,0.86,2,0
07/02/2023,03:09,0,0,0,0,0.67,2.28,0
07/02/2023,04:09,0,0,0,0,0.18,2.48,0
07/02/2023,05:09,0,0,0,0,-0.32,2.34,0
07/02/2023,06:09,0,0,0,0,-0.82,2.28,0
07/02/2023,07:09,0,0,0,0,-0.31,2.55,0
07/02/2023,08:09,11,70,0,10.05,-0.08,2.48,0
07/02/2023,09:09,75,160,0,19.98,1.3,1.86,0
07/02/2023,10:09,100,235,0,28.34,2.57,1.45,0
07/02/2023,11:09,72,287,0,34.37,4.04,1.31,0
07/02/2023,12:09,0,187,0,37.22,4.97,1.31,0
07/02/2023,13:09,57,300,0,36.38,5.52,1.38,0
07/02/2023,14:09,3,201,0,32.01,5.73,1.31,0
07/02/2023,15:09,3,158,0,24.83,4.44,1.38,0
07/02/2023,16:09,57,121,0,15.68,3.46,2,0
07/02/2023,17:09,27,22.89,0,5.24,2.35,1.52,0
07/02/2023,18:09,0,0,0,0,1.74,1.38,0
07/02/2023,19:09,0,0,0,0,1.48,1.24,0
07/02/2023,20:09,0,0,0,0,1.14,1.1,0
07/02/2023,21:09,0,0,0,0,1.16,0.97,0
07/02/2023,22:09,0,0,0,0,1.05,0.97,0
07/02/2023,23:09,0,0,0,0,1.17,0.9,0
08/02/2023,00:09,0,0,0,0,1.12,1.31,0
08/02/2023,01:09,0,0,0,0,1.04,1.79,0
08/02/2023,02:09,0,0,0,0,0.8,2.28,0
08/02/2023,03:09,0,0,0,0,0.81,2.48,0
08/02/2023,04:09,0,0,0,0,0.79,2.55,0
08/02/2023,05:09,0,0,0,0,0.76,2.21,0
08/02/2023,06:09,0,0,0,0,0.4,2.14,0
08/02/2023,07:09,0,0,0,0,0.89,2.28,0
08/02/2023,08:09,0,28,0,10.25,1.33,2.48,0
08/02/2023,09:09,0,94,0,20.21,2.18,2.48,0
08/02/2023,10:09,133,229,0,28.61,3.62,2.28,0
08/02/2023,11:09,487.01,109,0,34.66,5.12,1.79,0
08/02/2023,12:09,350.01,221,0,37.53,6.45,1.59,0
08/02/2023,13:09,380.01,195,0,36.69,6.69,1.52,0
08/02/2023,14:09,400.01,135,0,32.3,6.8,1.38,0
08/02/2023,15:09,36,203,0,25.1,7,1.31,0
08/02/2023,16:09,33,125,0,15.92,6.78,1.38,0
08/02/2023,17:09,39,18.41,0,5.46,6.22,1.24,0
08/02/2023,18:09,0,0,0,0,5.12,1.24,0
08/02/2023,19:09,0,0,0,0,3.81,1.17,0
08/02/2023,20:09,0,0,0,0,3.12,1.24,0
08/02/2023,21:09,0,0,0,0,2.41,1.17,0
08/02/2023,22:09,0,0,0,0,2.19,1.03,0
08/02/2023,23:09,0,0,0,0,2.49,0.97,0
09/02/2023,00:09,0,0,0,0,2.53,1.17,0
09/02/2023,01:09,0,0,0,0,2.45,1.38,0
09/02/2023,02:09,0,0,0,0,2.27,2,0
09/02/2023,03:09,0,0,0,0,2.21,2.34,0
09/02/2023,04:09,0,0,0,0,1.89,2.14,0
09/02/2023,05:09,0,0,0,0,1.68,1.93,0
09/02/2023,06:09,0,0,0,0,1.3,1.72,0
09/02/2023,07:09,0,0,0,0,1.33,1.93,0
09/02/2023,08:09,31,78,0,10.46,1.42,2.07,0
09/02/2023,09:09,12,151,0,20.45,2.62,2.41,0
09/02/2023,10:09,15,216,0,28.87,4.02,2.62,0
09/02/2023,11:09,341.01,201,0,34.96,5.43,2.34,0
09/02/2023,12:09,373.01,214,0,37.85,6.67,2.34,0
09/02/2023,13:09,10,258,0,37.01,7.62,2,0
09/02/2023,14:09,36,263,0,32.6,7.64,1.86,0
09/02/2023,15:09,60,212,0,25.37,7.53,1.72,0
09/02/2023,16:09,116,106,0,16.17,6.64,1.86,0
09/02/2023,17:09,41,19.73,0,5.68,5.42,1.93,0
09/02/2023,18:09,0,0,0,0,3.94,2.14,0
09/02/2023,19:09,0,0,0,0,3.12,2,0
09/02/2023,20:09,0,0,0,0,1.98,1.93,0
09/02/2023,21:09,0,0,0,0,1.44,1.93,0
09/02/2023,22:09,0,0,0,0,1.08,1.93,0
09/02/2023,23:09,0,0,0,0,0.98,2,0
10/02/2023,00:09,0,0,0,0,0.83,2.28,0
10/02/2023,01:09,0,0,0,0,0.34,2.62,0
10/02/2023,02:09,0,0,0,0,-0.17,3.59,0
10/02/2023,03:09,0,0,0,0,-0.53,4.07,0
10/02/2023,04:09,0,0,0,0,-0.71,4.14,0
10/02/2023,05:09,0,0,0,0,-1.18,4.21,0
10/02/2023,06:09,0,0,0,0,-1.28,4.21,0
10/02/2023,07:09,0,0,0,0,-0.95,4.21,0
10/02/2023,08:09,120.01,45,0,10.67,-0.45,4.14,0
10/02/2023,09:09,109,162,0,20.69,0.93,3.93,0
10/02/2023,10:09,336.01,146,0,29.14,2.66,3.45,0
10/02/2023,11:09,277.01,245,0,35.26,3.73,3.17,0
10/02/2023,12:09,535.01,130,0,38.17,4.48,2.97,0
10/02/2023,13:09,620.01,72,0,37.33,4.81,3.03,0
10/02/2023,14:09,512.01,85,0,32.9,4.76,3.17,0
10/02/2023,15:09,329.01,106,0,25.64,4.56,3.31,0
10/02/2023,16:09,222.01,57,0,16.41,3.84,3.03,0
10/02/2023,17:09,50,27,0,5.9,2.66,2.97,0
10/02/2023,18:09,0,0,0,0,1.54,2.97,0
10/02/2023,19:09,0,0,0,0,0.56,2.9,0
10/02/2023,20:09,0,0,0,0,0.02,2.76,0
10/02/2023,21:09,0,0,0,0,-0.17,2.76,0
10/02/2023,22:09,0,0,0,0,-0.12,2.34,0
10/02/2023,23:09,0,0,0,0,-0.11,2.41,0
11/02/2023,00:09,0,0,0,0,-0.05,1.86,0
11/02/2023,01:09,0,0,0,0,0.02,2.48,0
11/02/2023,02:09,0,0,0,0,0.14,3.03,0
11/02/2023,03:09,0,0,0,0,0.11,4.07,0
11/02/2023,04:09,0,0,0,0,0.25,4.62,0
11/02/2023,05:09,0,0,0,0,0.37,4.83,0
11/02/2023,06:09,0,0,0,0,0.52,4.76,0
11/02/2023,07:09,0,0,0,0,0.39,4.62,0
11/02/2023,08:09,123.01,45,0,10.89,0.81,4.48,0
11/02/2023,09:09,296.01,68,0,20.93,1.76,4.21,0
11/02/2023,10:09,442.01,84,0,29.42,3.07,3.59,0
11/02/2023,11:09,377.01,192,0,35.57,4.12,2.97,0
11/02/2023,12:09,465.01,172,0,38.5,5.18,2.34,0
11/02/2023,13:09,352.01,228,0,37.65,5.66,2.55,0
11/02/2023,14:09,266.01,225,0,33.2,5.85,2.07,0
11/02/2023,15:09,216.01,170,0,25.91,5.75,2.14,0
11/02/2023,16:09,222.01,58,0,16.65,5.12,2.21,0
11/02/2023,17:09,51,28,0,6.12,3.91,2,0
11/02/2023,18:09,0,0,0,0,2.35,2,0
11/02/2023,19:09,0,0,0,0,1.53,1.93,0
11/02/2023,20:09,0,0,0,0,1.16,1.79,0
11/02/2023,21:09,0,0,0,0,1.1,1.93,0
11/02/2023,22:09,0,0,0,0,1.2,1.86,0
11/02/2023,23:09,0,0,0,0,1.31,1.86,0
12/02/2023,00:09,0,0,0,0,1.35,1.59,0
12/02/2023,01:09,0,0,0,0,1.19,2.21,0
12/02/2023,02:09,0,0,0,0,1.2,3.24,0
12/02/2023,03:09,0,0,0,0,1.05,3.66,0
12/02/2023,04:09,0,0,0,0,1.1,3.93,0
12/02/2023,05:09,0,0,0,0,1.08,3.79,0
12/02/2023,06:09,0,0,0,0,1.09,3.45,0
12/02/2023,07:09,0,0,0,0,1.7,3.17,0
12/02/2023,08:09,76,69,0,11.11,1.9,3.17,0
12/02/2023,09:09,67,172,0,21.18,2.79,3.31,0
12/02/2023,10:09,238.01,196,0,29.7,4.13,2.97,0
12/02/2023,11:09,506.01,110,0,35.88,5.53,2.41,0
12/02/2023,12:09,544.01,119,0,38.83,6.94,2,0
12/02/2023,13:09,547.01,108,0,37.98,8.08,1.66,0
12/02/2023,14:09,379.01,160,0,33.51,8.54,1.52,0
12/02/2023,15:09,74,217,0,26.18,8.34,1.59,0
12/02/2023,16:09,169.01,86,0,16.9,7.66,1.45,0
12/02/2023,17:09,44,32,0,6.34,6.26,1.52,0
12/02/2023,18:09,0,0,0,0,4.61,1.45,0
12/02/2023,19:09,0,0,0,0,3.66,1.45,0
12/02/2023,20:09,0,0,0,0,2.9,1.45,0
12/02/2023,21:09,0,0,0,0,2.49,1.45,0
12/02/2023,22:09,0,0,0,0,1.78,1.45,0
12/02/2023,23:09,0,0,0,0,1.63,1.45,0
13/02/2023,00:09,0,0,0,0,1.62,1.38,0
13/02/2023,01:09,0,0,0,0,1.54,1.72,0
13/02/2023,02:09,0,0,0,0,1.38,2.76,0
13/02/2023,03:09,0,0,0,0,1.22,3.31,0
13/02/2023,04:09,0,0,0,0,1.07,3.45,0
13/02/2023,05:09,0,0,0,0,0.84,3.72,0
13/02/2023,06:09,0,0,0,0,0.46,3.72,0
13/02/2023,07:09,0,0,0,0,0.56,3.59,0
13/02/2023,08:09,61,78,0,11.34,1.75,3.66,0
13/02/2023,09:09,271.01,83,0,21.44,3.43,3.59,0
13/02/2023,10:09,425.01,95,0,29.99,4.97,3.17,0
13/02/2023,11:09,522.01,106,0,36.2,6.77,2.55,0
13/02/2023,12:09,562.01,114,0,39.16,7.95,2.28,0
13/02/2023,13:09,539.01,118,0,38.31,8.86,2.07,0
13/02/2023,14:09,489.01,100,0,33.81,9.62,2.14,0
13/02/2023,15:09,358.01,92,0,26.46,9.42,2.07,0
13/02/2023,16:09,199.01,73,0,17.14,8.54,2.07,0
13/02/2023,17:09,32,40,0,6.56,7.18,2.14,0
13/02/2023,18:09,0,0,0,0,5.46,2.21,0
13/02/2023,19:09,0,0,0,0,4.52,2.14,0
13/02/2023,20:09,0,0,0,0,3.59,2.07,0
13/02/2023,21:09,0,0,0,0,3.02,2,0
13/02/2023,22:09,0,0,0,0,2.7,1.93,0
13/02/2023,23:09,0,0,0,0,2.69,1.93,0
14/02/2023,00:09,0,0,0,0,2.59,1.79,0
14/02/2023,01:09,0,0,0,0,2.7,1.86,0
14/02/2023,02:09,0,0,0,0,2.59,2.69,0
14/02/2023,03:09,0,0,0,0,2.4,3.1,0
14/02/2023,04:09,0,0,0,0,2.32,3.45,0
14/02/2023,05:09,0,0,0,0,2.01,3.72,0
14/02/2023,06:09,0,0,0,0,1.78,3.72,0
14/02/2023,07:09,0,0,0,0,2.11,3.66,0
14/02/2023,08:09,27,87,0,11.57,2.6,3.52,0
14/02/2023,09:09,0,117,0,21.69,3.89,3.31,0
14/02/2023,10:09,38,245,0,30.28,5.23,2.9,0
14/02/2023,11:09,15,265,0,36.52,6.83,2.55,0
14/02/2023,12:09,1,225,0,39.5,8.27,2.07,0
14/02/2023,13:09,106,321,0,38.64,8.97,1.86,0
14/02/2023,14:09,334.01,192,0,34.12,9.27,1.72,0
14/02/2023,15:09,172,194,0,26.73,8.82,1.66,0
14/02/2023,16:09,173.01,89,0,17.39,8.46,1.59,0
14/02/2023,17:09,6,42,0,6.78,7.56,1.59,0
14/02/2023,18:09,0,0,0,0,6.44,1.45,0
14/02/2023,19:09,0,0,0,0,5.15,1.31,0
14/02/2023,20:09,0,0,0,0,4.56,1.31,0
14/02/2023,21:09,0,0,0,0,4.16,1.24,0
14/02/2023,22:09,0,0,0,0,3.79,1.38,0
14/02/2023,23:09,0,0,0,0,3.6,1.45,0
15/02/2023,00:09,0,0,0,0,3.36,1.31,0
15/02/2023,01:09,0,0,0,0,3.2,1.66,0
15/02/2023,02:09,0,0,0,0,3.1,2.83,0
15/02/2023,03:09,0,0,0,0,2.71,3.59,0
15/02/2023,04:09,0,0,0,0,2.56,4,0
15/02/2023,05:09,0,0,0,0,2.21,4.14,0
15/02/2023,06:09,0,0,0,0,2.37,4,0
15/02/2023,07:09,0,0,0,0,2.31,3.79,0
15/02/2023,08:09,37,87,0,11.81,3.01,3.59,0
15/02/2023,09:09,75,177,0,21.96,4.41,3.17,0
15/02/2023,10:09,248.01,197,0,30.57,6.14,2.83,0
15/02/2023,11:09,9,250,0,36.84,7.96,2.55,0
15/02/2023,12:09,59,323,0,39.84,9.31,2,0
15/02/2023,13:09,335.01,239,0,38.98,9.83,1.72,0
15/02/2023,14:09,339.01,190,0,34.43,10.03,1.45,0
15/02/2023,15:09,309.01,123,0,27.01,9.83,1.31,0
15/02/2023,16:09,186.01,83,0,17.63,9.13,1.24,0
15/02/2023,17:09,31,44,0,7.01,8.1,1.24,0
15/02/2023,18:09,0,0,0,0,6.67,1.24,0
15/02/2023,19:09,0,0,0,0,5.5,1.17,0
15/02/2023,20:09,0,0,0,0,4.45,1.1,0
15/02/2023,21:09,0,0,0,0,3.63,0.97,0
15/02/2023,22:09,0,0,0,0,2.78,0.9,0
15/02/2023,23:09,0,0,0,0,2.12,0.9,0
16/02/2023,00:09,0,0,0,0,2.16,0.83,0
16/02/2023,01:09,0,0,0,0,2.35,0.76,0
16/02/2023,02:09,0,0,0,0,2.32,1.52,0
16/02/2023,03:09,0,0,0,0,2.13,2.14,0
16/02/2023,04:09,0,0,0,0,1.93,2.76,0
16/02/2023,05:09,0,0,0,0,1.54,2.83,0
16/02/2023,06:09,0,0,0,0,1.37,2.62,0
16/02/2023,07:09,0,0,0,0,1.63,2.41,0
16/02/2023,08:09,124,54,0,12.05,2.32,2.55,0
16/02/2023,09:09,290.01,81,0,22.22,5.15,2.83,0
16/02/2023,10:09,277.01,187,0,30.87,7.23,2.83,0
16/02/2023,11:09,476.01,141,0,37.17,9.16,2.48,0
16/02/2023,12:09,509.01,153,0,40.19,10.83,2.14,0
16/02/2023,13:09,39,311,0,39.31,11.82,1.86,0
16/02/2023,14:09,9,240,0,34.74,12.12,1.72,0
16/02/2023,15:09,35,219,0,27.29,11.71,1.66,0
16/02/2023,16:09,31,140,0,17.88,10.98,1.66,0
16/02/2023,17:09,6,46,0,7.23,9.71,1.59,0
16/02/2023,18:09,0,0,0,0,8,1.59,0
16/02/2023,19:09,0,0,0,0,6.45,1.59,0
16/02/2023,20:09,0,0,0,0,5.44,1.66,0
16/02/2023,21:09,0,0,0,0,4.25,1.79,0
16/02/2023,22:09,0,0,0,0,2.91,1.79,0
16/02/2023,23:09,0,0,0,0,1.95,1.86,0
17/02/2023,00:09,0,0,0,0,1.46,1.79,0
17/02/2023,01:09,0,0,0,0,1.18,1.59,0
17/02/2023,02:09,0,0,0,0,0.96,2.34,0
17/02/2023,03:09,0,0,0,0,0.52,3.24,0
17/02/2023,04:09,0,0,0,0,0.29,3.66,0
17/02/2023,05:09,0,0,0,0,0.17,3.86,0
17/02/2023,06:09,0,0,0,0,-0.01,4.07,0
17/02/2023,07:09,0,0,0,0,0.39,4.21,0
17/02/2023,08:09,49,89,0,12.29,1.78,4.07,0
17/02/2023,09:09,29,178,0,22.5,5.89,3.59,0
17/02/2023,10:09,153,243,0,31.17,8.17,3.17,0
17/02/2023,11:09,195,288,0,37.5,9.72,2.76,0
17/02/2023,12:09,283.01,279,0,40.54,10.61,2.69,0
17/02/2023,13:09,100,327,0,39.65,11.24,2.41,0
17/02/2023,14:09,15,253,0,35.05,11.25,2.28,0
17/02/2023,15:09,1,155,0,27.56,10.28,2.34,0
17/02/2023,16:09,0,90,0,18.12,8.87,2.34,0
17/02/2023,17:09,3,44,0,7.45,7.67,2.34,0
17/02/2023,18:09,0,0,0,0,6.68,2.21,0
17/02/2023,19:09,0,0,0,0,5.49,2.14,0
17/02/2023,20:09,0,0,0,0,4.97,2.07,0
17/02/2023,21:09,0,0,0,0,4.78,2.07,0
17/02/2023,22:09,0,0,0,0,4.59,2.07,0
17/02/2023,23:09,0,0,0,0,4.55,2.14,0
18/02/2023,00:09,0,0,0,0,4.68,1.86,0
18/02/2023,01:09,0,0,0,0,4.4,1.72,0
18/02/2023,02:09,0,0,0,0,4.33,2.21,0
18/02/2023,03:09,0,0,0,0,4.06,2.83,0
18/02/2023,04:09,0,0,0,0,4.14,3.38,0
18/02/2023,05:09,0,0,0,0,3.79,3.52,0
18/02/2023,06:09,0,0,0,0,3.52,3.45,0
18/02/2023,07:09,0,0,0,0,3.26,3.52,0
18/02/2023,08:09,8,86,0,12.54,4,3.52,0
18/02/2023,09:09,193,139,0,22.77,6.61,3.38,0
18/02/2023,10:09,122,254,0,31.48,8.7,2.76,0
18/02/2023,11:09,84,312,0,37.84,11.03,2.28,0
18/02/2023,12:09,3,243,0,40.89,12.85,1.79,0
18/02/2023,13:09,0,112,0,40,13.84,1.72,0
18/02/2023,14:09,45,283,0,35.36,14.35,1.66,0
18/02/2023,15:09,0,143,0,27.84,14.3,1.66,0
18/02/2023,16:09,0,55,0,18.37,13.56,1.59,0
18/02/2023,17:09,33,49,0,7.67,12.13,1.59,0
18/02/2023,18:09,0,0,0,0,10.15,1.59,0
18/02/2023,19:09,0,0,0,0,8.25,1.59,0
18/02/2023,20:09,0,0,0,0,6.84,1.59,0
18/02/2023,21:09,0,0,0,0,5.4,1.59,0
18/02/2023,22:09,0,0,0,0,4.16,1.66,0
18/02/2023,23:09,0,0,0,0,3.52,1.66,0
19/02/2023,00:09,0,0,0,0,3.09,1.59,0
19/02/2023,01:09,0,0,0,0,2.76,1.38,0
19/02/2023,02:09,0,0,0,0,2.4,1.52,0
19/02/2023,03:09,0,0,0,0,2.17,2.28,0
19/02/2023,04:09,0,0,0,0,2.05,2.97,0
19/02/2023,05:09,0,0,0,0,2.08,3.45,0
19/02/2023,06:09,0,0,0,0,2.15,3.59,0
19/02/2023,07:09,0,1,0,1.62,2.91,3.66,0
19/02/2023,08:09,3,79,0,12.8,3.93,3.59,0
19/02/2023,09:09,0,101,0,23.05,7.24,3.38,0
19/02/2023,10:09,0,132,0,31.79,9.95,2.76,0
19/02/2023,11:09,379.01,210,0,38.18,11.85,2.41,0
19/02/2023,12:09,588.01,116,0,41.24,13.5,2.14,0
19/02/2023,13:09,180,321,0,40.34,14.5,1.93,0
19/02/2023,14:09,343.01,203,0,35.68,14.92,1.93,0
19/02/2023,15:09,30,222,0,28.12,14.8,1.93,0
19/02/2023,16:09,109,134,0,18.61,13.98,1.93,0
19/02/2023,17:09,17,54,0,7.89,12.57,1.93,0
19/02/2023,18:09,0,0,0,0,10.62,1.93,0
19/02/2023,19:09,0,0,0,0,8.76,1.93,0
19/02/2023,20:09,0,0,0,0,7.18,1.93,0
19/02/2023,21:09,0,0,0,0,5.58,2,0
19/02/2023,22:09,0,0,0,0,4.28,2,0
19/02/2023,23:09,0,0,0,0,3.41,2,0
20/02/2023,00:09,0,0,0,0,2.97,2,0
20/02/2023,01:09,0,0,0,0,2.73,1.86,0
20/02/2023,02:09,0,0,0,0,2.56,2.21,0
20/02/2023,03:09,0,0,0,0,2.39,2.76,0
20/02/2023,04:09,0,0,0,0,2.3,3.24,0
20/02/2023,05:09,0,0,0,0,2.17,3.31,0
20/02/2023,06:09,0,0,0,0,2.17,3.17,0
20/02/2023,07:09,0,2,0,1.86,2.68,3.03,0
20/02/2023,08:09,4,83,0,13.05,3.85,2.83,0
20/02/2023,09:09,100,186,0,23.33,8.53,2.69,0
20/02/2023,10:09,398.01,133,0,32.11,11.46,2.28,0
20/02/2023,11:09,587.01,92,0,38.52,13.65,2.07,0
20/02/2023,12:09,670.01,75,0,41.6,15.09,1.52,0
20/02/2023,13:09,654.01,75,0,40.69,16.14,1.31,0
20/02/2023,14:09,544.01,90,0,35.99,16.64,1.31,0
20/02/2023,15:09,394.01,92,0,28.4,16.61,1.38,0
20/02/2023,16:09,209.01,87,0,18.86,15.96,1.52,0
20/02/2023,17:09,56,45,0,8.11,14.55,1.59,0
20/02/2023,18:09,0,0,0,0,12.39,1.59,0
20/02/2023,19:09,0,0,0,0,10.36,1.52,0
20/02/2023,20:09,0,0,0,0,8.32,1.52,0
20/02/2023,21:09,0,0,0,0,7.2,1.52,0
20/02/2023,22:09,0,0,0,0,5.98,1.52,0
20/02/2023,23:09,0,0,0,0,4.93,1.52,0
21/02/2023,00:09,0,0,0,0,4.22,1.66,0
21/02/2023,01:09,0,0,0,0,3.78,1.24,0
21/02/2023,02:09,0,0,0,0,3.56,0.97,0
21/02/2023,03:09,0,0,0,0,3.23,0.83,0
21/02/2023,04:09,0,0,0,0,3.18,0.69,0
21/02/2023,05:09,0,0,0,0,2.96,1.45,0
21/02/2023,06:09,0,0,0,0,3.01,2.41,0
21/02/2023,07:09,0,5,0,2.1,2.74,2.83,0
21/02/2023,08:09,21,100,0,13.31,4.18,2.48,0
21/02/2023,09:09,67,193,0,23.62,9.67,2.41,0
21/02/2023,10:09,465.01,95,0,32.42,12.86,1.93,0
21/02/2023,11:09,480.01,156,0,38.87,14.67,1.31,0
21/02/2023,12:09,502.01,176,0,41.96,16.07,0.76,0
21/02/2023,13:09,452.01,196,0,41.04,16.72,0.9,0
21/02/2023,14:09,42,290,0,36.31,13.87,1.03,0
21/02/2023,15:09,205,198,0,28.67,14.3,1.17,0
21/02/2023,16:09,187,101,0,19.1,14.33,1.17,0
21/02/2023,17:09,47,51,0,8.32,13.5,1.24,0
21/02/2023,18:09,0,0,0,0,12.33,1.24,0
21/02/2023,19:09,0,0,0,0,10.98,1.24,0
21/02/2023,20:09,0,0,0,0,10.11,1.24,0
21/02/2023,21:09,0,0,0,0,8.73,1.24,0
21/02/2023,22:09,0,0,0,0,7.62,1.24,0
21/02/2023,23:09,0,0,0,0,6.87,1.24,0
22/02/2023,00:09,0,0,0,0,6.27,1.24,0
22/02/2023,01:09,0,0,0,0,5.58,0.83,0
22/02/2023,02:09,0,0,0,0,5.08,0.48,0
22/02/2023,03:09,0,0,0,0,4.62,1.03,0
22/02/2023,04:09,0,0,0,0,4.28,1.24,0
22/02/2023,05:09,0,0,0,0,3.98,1.52,0
22/02/2023,06:09,0,0,0,0,3.72,1.86,0
22/02/2023,07:09,0,8,0,2.34,3.4,2.21,0
22/02/2023,08:09,135,67,0,13.58,4.73,2.48,0
22/02/2023,09:09,321.01,84,0,23.91,8.45,2.41,0
22/02/2023,10:09,479.01,94,0,32.75,10.83,2.14,0
22/02/2023,11:09,627.01,78,0,39.22,12.41,1.52,0
22/02/2023,12:09,654.01,93,0,42.33,13.64,1.24,0
22/02/2023,13:09,630.01,97,0,41.39,14.56,0.76,0
22/02/2023,14:09,559.01,89,0,36.63,14.98,0.41,0
22/02/2023,15:09,389.01,102,0,28.95,14.96,0.55,0
22/02/2023,16:09,236.01,78,0,19.34,14.4,0.97,0
22/02/2023,17:09,68,44,0,8.54,13.34,1.24,0
22/02/2023,18:09,0,0,0,0,11.72,1.38,0
22/02/2023,19:09,0,0,0,0,9.6,1.45,0
22/02/2023,20:09,0,0,0,0,8.98,1.52,0
22/02/2023,21:09,0,0,0,0,8.48,1.52,0
22/02/2023,22:09,0,0,0,0,7.55,1.45,0
22/02/2023,23:09,0,0,0,0,6.45,1.45,0
23/02/2023,00:09,0,0,0,0,4.64,1.45,0
23/02/2023,01:09,0,0,0,0,3.5,1.03,0
23/02/2023,02:09,0,0,0,0,2.66,1.17,0
23/02/2023,03:09,0,0,0,0,2.03,1.45,0
23/02/2023,04:09,0,0,0,0,1.68,2.14,0
23/02/2023,05:09,0,0,0,0,1.4,2.76,0
23/02/2023,06:09,0,0,0,0,1.29,3.38,0
23/02/2023,07:09,0,10,0,2.59,1.25,3.59,0
23/02/2023,08:09,153,60,0,13.85,3.42,3.59,0
23/02/2023,09:09,329.01,83,0,24.2,7.91,3.45,0
23/02/2023,10:09,482.01,95,0,33.07,9.98,3.03,0
23/02/2023,11:09,583.01,105,0,39.58,11.44,2.34,0
23/02/2023,12:09,549.01,158,0,42.69,12.55,2.14,0
23/02/2023,13:09,609.01,111,0,41.74,13.22,1.79,0
23/02/2023,14:09,570.01,86,0,36.95,13.09,1.31,0
23/02/2023,15:09,208,205,0,29.23,12.55,0.9,0
23/02/2023,16:09,160,122,0,19.59,11.56,0.76,0
23/02/2023,17:09,77,42,0,8.76,10.02,0.76,0
23/02/2023,18:09,0,0,0,0,8.16,0.62,0
23/02/2023,19:09,0,0,0,0,6.77,0.48,0
23/02/2023,20:09,0,0,0,0,5.42,0.41,0
23/02/2023,21:09,0,0,0,0,4.01,0.41,0
23/02/2023,22:09,0,0,0,0,3.13,0.55,0
23/02/2023,23:09,0,0,0,0,2.76,0.69,0
24/02/2023,00:09,0,0,0,0,2.36,0.55,0
24/02/2023,01:09,0,0,0,0,1.84,0.34,0
24/02/2023,02:09,0,0,0,0,1.47,0.55,0
24/02/2023,03:09,0,0,0,0,1.13,0.76,0
24/02/2023,04:09,0,0,0,0,0.73,0.69,0
24/02/2023,05:09,0,0,0,0,0.52,0.48,0
24/02/2023,06:09,0,0,0,0,0.33,0.9,0
24/02/2023,07:09,0,4,0,2.85,0.02,2.07,0
24/02/2023,08:09,176,53,0,14.12,1.13,2.76,0
24/02/2023,09:09,19,188,0,24.5,3.14,3.1,0
24/02/2023,10:09,535.01,73,0,33.4,4.43,3.1,0
24/02/2023,11:09,622.01,91,0,39.93,5.5,2.55,0
24/02/2023,12:09,500.01,196,0,43.06,6.5,1.72,0
24/02/2023,13:09,508.01,182,0,42.1,8.16,1.66,0
24/02/2023,14:09,500.01,134,0,37.26,9.29,1.45,0
24/02/2023,15:09,306.01,161,0,29.51,9.5,1.52,0
24/02/2023,16:09,46,162,0,19.83,9.04,1.52,0
24/02/2023,17:09,50,58,0,8.97,7.76,1.52,0
24/02/2023,18:09,0,0,0,0,6.29,1.52,0
24/02/2023,19:09,0,0,0,0,4.99,1.52,0
24/02/2023,20:09,0,0,0,0,3.94,1.38,0
24/02/2023,21:09,0,0,0,0,2.62,1.24,0
24/02/2023,22:09,0,0,0,0,1.25,1.03,0
24/02/2023,23:09,0,0,0,0,-0.17,0.97,0
25/02/2023,00:09,0,0,0,0,-1.06,0.76,0
25/02/2023,01:09,0,0,0,0,-1.61,0.69,0
25/02/2023,02:09,0,0,0,0,-2.14,0.62,0
25/02/2023,03:09,0,0,0,0,-2.24,1.59,0
25/02/2023,04:09,0,0,0,0,-2.12,2.48,0
25/02/2023,05:09,0,0,0,0,-1.69,2.76,0
25/02/2023,06:09,0,0,0,0,-1.66,2.97,0
25/02/2023,07:09,0,5,0,3.1,-1.51,3.72,0
25/02/2023,08:09,94,97,0,14.39,-0.47,4.07,0
25/02/2023,09:09,349.01,81,0,24.8,1.23,3.79,0
25/02/2023,10:09,83,284,0,33.73,3.29,2.97,0
25/02/2023,11:09,49,325,0,40.29,4.24,1.79,0
25/02/2023,12:09,3,267,0,43.44,5.03,1.66,0
25/02/2023,13:09,278.01,307,0,42.45,5.37,1.52,0
25/02/2023,14:09,0,113,0,37.58,4.13,1.59,0
25/02/2023,15:09,0,84,0,29.79,3.9,1.52,0
25/02/2023,16:09,40,163,0,20.07,3.38,1.52,0
25/02/2023,17:09,13,65,0,9.19,2.53,1.52,0
25/02/2023,18:09,0,0,0,0,1.48,1.52,0
25/02/2023,19:09,0,0,0,0,1.01,1.59,0
25/02/2023,20:09,0,0,0,0,0.39,1.59,0
25/02/2023,21:09,0,0,0,0,-0.25,1.52,0
25/02/2023,22:09,0,0,0,0,-0.84,1.52,0
25/02/2023,23:09,0,0,0,0,-1.55,1.52,0
26/02/2023,00:09,0,0,0,0,-2.08,1.52,0
26/02/2023,01:09,0,0,0,0,-2.02,2.14,0
26/02/2023,02:09,0,0,0,0,-1.94,3.03,0
26/02/2023,03:09,0,0,0,0,-1.78,3.93,0
26/02/2023,04:09,0,0,0,0,-1.49,4.14,0
26/02/2023,05:09,0,0,0,0,-1.44,4.41,0
26/02/2023,06:09,0,0,0,0,-1.29,4.28,0
26/02/2023,07:09,0,11,0,3.37,-1.07,4.14,0
26/02/2023,08:09,2,85,0,14.67,0.18,4,0
26/02/2023,09:09,23,196,0,25.11,1.51,3.86,0
26/02/2023,10:09,16,251,0,34.06,3.25,3.31,0
26/02/2023,11:09,0,218,0,40.66,4.38,2.34,0
26/02/2023,12:09,0,194,0,43.81,5.79,2.07,0
26/02/2023,13:09,161,348,0,42.81,6.33,1.93,0
26/02/2023,14:09,296.01,252,0,37.9,6.43,2,0
26/02/2023,15:09,355.01,136,0,30.06,6.69,2,0
26/02/2023,16:09,258.01,77,0,20.31,6.32,1.86,0
26/02/2023,17:09,28,67,0,9.41,5.74,1.93,0
26/02/2023,18:09,0,0,0,0,4.7,1.86,0
26/02/2023,19:09,0,0,0,0,3.63,1.86,0
26/02/2023,20:09,0,0,0,0,2.64,1.86,0
26/02/2023,21:09,0,0,0,0,1.65,1.79,0
26/02/2023,22:09,0,0,0,0,0.7,1.59,0
26/02/2023,23:09,0,0,0,0,0.24,1.52,0
27/02/2023,00:09,0,0,0,0,-0.36,1.24,0
27/02/2023,01:09,0,0,0,0,-0.32,1.24,0
27/02/2023,02:09,0,0,0,0,-0.77,2,0
27/02/2023,03:09,0,0,0,0,-1.48,2.48,0
27/02/2023,04:09,0,0,0,0,-1.86,2.69,0
27/02/2023,05:09,0,0,0,0,-2.47,2.97,0
27/02/2023,06:09,0,0,0,0,-2.79,3.31,0
27/02/2023,07:09,2,17.59,0,3.63,-1.88,3.52,0
27/02/2023,08:09,123,92,0,14.95,-0.29,3.66,0
27/02/2023,09:09,376.01,75,0,25.41,1.85,3.52,0
27/02/2023,10:09,512.01,98,0,34.4,3.29,3.17,0
27/02/2023,11:09,605.01,113,0,41.02,4.39,2.28,0
27/02/2023,12:09,498.01,212,0,44.19,5.36,1.86,0
27/02/2023,13:09,604.01,137,0,43.17,5.99,1.45,0
27/02/2023,14:09,584.01,97,0,38.22,5.98,1.38,0
27/02/2023,15:09,460.01,83,0,30.34,5.56,1.52,0
27/02/2023,16:09,275.01,74,0,20.55,4.54,1.59,0
27/02/2023,17:09,62,60,0,9.62,3.33,1.66,0
27/02/2023,18:09,0,0,0,0,2.09,1.72,0
27/02/2023,19:09,0,0,0,0,1.27,1.72,0
27/02/2023,20:09,0,0,0,0,0.01,1.72,0
27/02/2023,21:09,0,0,0,0,-1.22,1.66,0
27/02/2023,22:09,0,0,0,0,-2.03,1.66,0
27/02/2023,23:09,0,0,0,0,-2.67,1.59,0
28/02/2023,00:09,0,0,0,0,-3.1,0.97,0
28/02/2023,01:09,0,0,0,0,-3.43,0.9,0
28/02/2023,02:09,0,0,0,0,-3.52,0.97,0
28/02/2023,03:09,0,0,0,0,-3.83,1.31,0
28/02/2023,04:09,0,0,0,0,-4.08,1.66,0
28/02/2023,05:09,0,0,0,0,-4.33,1.72,0
28/02/2023,06:09,0,0,0,0,-4.46,1.79,0
28/02/2023,07:09,4,21.07,0,3.9,-4.39,2.07,0
28/02/2023,08:09,106,104,0,15.24,-2.78,2.28,0
28/02/2023,09:09,368.01,85,0,25.72,-0.16,2.21,0
28/02/2023,10:09,533.01,93,0,34.74,2.32,2.14,0
28/02/2023,11:09,636.01,103,0,41.39,4.32,1.52,0
28/02/2023,12:09,488.01,226,0,44.57,5.8,1.1,0
28/02/2023,13:09,652.01,115,0,43.53,6.78,0.83,0
28/02/2023,14:09,605.01,92,0,38.54,7.41,0.62,0
28/02/2023,15:09,478.01,79,0,30.61,7.54,0.48,0
28/02/2023,16:09,296.01,68,0,20.79,7.16,0.62,0
28/02/2023,17:09,65,62,0,9.83,6.22,0.9,0
28/02/2023,18:09,0,0,0,0,4.69,1.03,0
28/02/2023,19:09,0,0,0,0,3.03,1.03,0
28/02/2023,20:09,0,0,0,0,2.42,1.03,0
28/02/2023,21:09,0,0,0,0,1.86,0.97,0
28/02/2023,22:09,0,0,0,0,1.21,0.97,0
28/02/2023,23:09,0,0,0,0,0.73,0.97,0
01/03/2023,00:09,0,0,0,0,0.21,1.17,0
01/03/2023,01:09,0,0,0,0,-0.52,0.76,0
01/03/2023,02:09,0,0,0,0,-1.25,0.97,0
01/03/2023,03:09,0,0,0,0,-1.49,1.24,0
01/03/2023,04:09,0,0,0,0,-1.47,1.72,0
01/03/2023,05:09,0,0,0,0,-1.44,2.41,0
01/03/2023,06:09,0,0,0,0,-1.73,2.83,0
01/03/2023,07:09,4,22.09,0,4.17,-3.25,3.17,0
01/03/2023,08:09,102,109,0,15.52,-0.8,3.52,0
01/03/2023,09:09,349.01,102,0,26.03,2.43,3.66,0
01/03/2023,10:09,510.01,114,0,35.08,4.13,3.31,0
01/03/2023,11:09,596.01,135,0,41.76,5.66,2.28,0
01/03/2023,12:09,436.01,260,0,44.95,6.64,2.07,0
01/03/2023,13:09,620.01,141,0,43.89,7.12,1.79,0
01/03/2023,14:09,558.01,127,0,38.86,7.25,1.45,0
01/03/2023,15:09,432.01,111,0,30.89,6.92,1.24,0
01/03/2023,16:09,259.01,93,0,21.03,6.08,1.17,0
01/03/2023,17:09,35,73,0,10.04,4.76,1.1,0
01/03/2023,18:09,0,0,0,0,3.4,1.03,0
01/03/2023,19:09,0,0,0,0,2.67,0.97,0
01/03/2023,20:09,0,0,0,0,1.57,0.97,0
01/03/2023,21:09,0,0,0,0,0.29,0.97,0
01/03/2023,22:09,0,0,0,0,-0.6,0.97,0
01/03/2023,23:09,0,0,0,0,-0.99,0.97,0
02/03/2023,00:09,0,0,0,0,-1.49,0.97,0
02/03/2023,01:09,0,0,0,0,-1.84,0.9,0
02/03/2023,02:09,0,0,0,0,-2.13,2.07,0
02/03/2023,03:09,0,0,0,0,-2.46,2.69,0
02/03/2023,04:09,0,0,0,0,-2.76,2.97,0
02/03/2023,05:09,0,0,0,0,-3.05,3.24,0
02/03/2023,06:09,0,0,0,0,-3.17,3.38,0
02/03/2023,07:09,4,25.03,0,4.44,-3.25,3.03,0
02/03/2023,08:09,152,88,0,15.81,-1.67,2.28,0
02/03/2023,09:09,348.01,106,0,26.35,0.9,2.07,0
02/03/2023,10:09,514.01,115,0,35.43,2.09,1.79,0
02/03/2023,11:09,600.01,135,0,42.14,3.1,1.31,0
02/03/2023,12:09,401.01,282,0,45.33,4.11,0.83,0
02/03/2023,13:09,623.01,143,0,44.26,4.78,0.62,0
02/03/2023,14:09,569.01,123,0,39.18,5.16,0.83,0
02/03/2023,15:09,453.01,103,0,31.16,5.41,1.03,0
02/03/2023,16:09,273.01,88,0,21.27,5.34,1.24,0
02/03/2023,17:09,82,59,0,10.25,4.73,1.24,0
02/03/2023,18:09,0,0,0,0,3.64,1.24,0
02/03/2023,19:09,0,0,0,0,2.43,1.24,0
02/03/2023,20:09,0,0,0,0,2.19,1.17,0
02/03/2023,21:09,0,0,0,0,1.42,1.24,0
02/03/2023,22:09,0,0,0,0,0.4,1.24,0
02/03/2023,23:09,0,0,0,0,-0.6,1.31,0
03/03/2023,00:09,0,0,0,0,-0.97,1.17,0
03/03/2023,01:09,0,0,0,0,-1.25,0.55,0
03/03/2023,02:09,0,0,0,0,-1.31,0.9,0
03/03/2023,03:09,0,0,0,0,-1.38,1.17,0
03/03/2023,04:09,0,0,0,0,-1.57,1.38,0
03/03/2023,05:09,0,0,0,0,-2.11,1.45,0
03/03/2023,06:09,0,0,0,0,-2.58,1.79,0
03/03/2023,07:09,32,16.57,0,4.72,-2.07,2.28,0
03/03/2023,08:09,160,88,0,16.11,1.07,2.62,0
03/03/2023,09:09,360.01,104,0,26.66,4.07,2.62,0
03/03/2023,10:09,516.01,119,0,35.78,5.81,2.21,0
03/03/2023,11:09,609.01,135,0,42.51,7.37,1.52,0
03/03/2023,12:09,346.01,314,0,45.72,8.68,1.17,0
03/03/2023,13:09,621.01,149,0,44.62,9.75,0.69,0
03/03/2023,14:09,524.01,154,0,39.5,10.36,0.14,0
03/03/2023,15:09,417.01,126,0,31.43,10.39,0.34,0
03/03/2023,16:09,156,152,0,21.5,9.89,0.9,0
03/03/2023,17:09,87,59,0,10.46,8.83,1.17,0
03/03/2023,18:09,0,0,0,0,7.21,1.31,0
03/03/2023,19:09,0,0,0,0,5.37,1.24,0
03/03/2023,20:09,0,0,0,0,5.38,1.24,0
03/03/2023,21:09,0,0,0,0,4.65,1.1,0
03/03/2023,22:09,0,0,0,0,4.09,1.03,0
03/03/2023,23:09,0,0,0,0,3.6,1.03,0
04/03/2023,00:09,0,0,0,0,2.76,1.38,0
04/03/2023,01:09,0,0,0,0,1.14,0.76,0
04/03/2023,02:09,0,0,0,0,0.48,0.55,0
04/03/2023,03:09,0,0,0,0,-0.05,0.14,0
04/03/2023,04:09,0,0,0,0,-0.29,0.21,0
04/03/2023,05:09,0,0,0,0,-0.51,0.69,0
04/03/2023,06:09,0,0,0,0,-0.72,1.03,0
04/03/2023,07:09,33,18.19,0,5,-2.46,1.31,0
04/03/2023,08:09,160,91,0,16.4,1.24,1.52,0
04/03/2023,09:09,355.01,109,0,26.98,5.51,1.59,0
04/03/2023,10:09,506.01,126,0,36.13,7.71,1.59,0
04/03/2023,11:09,604.01,140,0,42.89,9.13,1.1,0
04/03/2023,12:09,323.01,327,0,46.11,10.35,0.83,0
04/03/2023,13:09,624.01,149,0,44.98,11.11,0.76,0
04/03/2023,14:09,572.01,128,0,39.82,11.56,0.83,0
04/03/2023,15:09,451.01,110,0,31.71,11.7,1.03,0
04/03/2023,16:09,263.01,98,0,21.74,11.42,1.1,0
04/03/2023,17:09,81,64,0,10.67,10.67,1.24,0
04/03/2023,18:09,0,0,0,0,9.26,1.31,0
04/03/2023,19:09,0,0,0,0,7.47,1.38,0
04/03/2023,20:09,0,0,0,0,7.27,1.38,0
04/03/2023,21:09,0,0,0,0,6.48,1.38,0
04/03/2023,22:09,0,0,0,0,5.39,1.31,0
04/03/2023,23:09,0,0,0,0,4.41,1.38,0
05/03/2023,00:09,0,0,0,0,3.37,1.52,0
05/03/2023,01:09,0,0,0,0,2.25,0.97,0
05/03/2023,02:09,0,0,0,0,1.35,1.03,0
05/03/2023,03:09,0,0,0,0,0.67,0.83,0
05/03/2023,04:09,0,0,0,0,0.4,0.76,0
05/03/2023,05:09,0,0,0,0,0.63,1.24,0
05/03/2023,06:09,0,0,0,0,0.27,1.86,0
05/03/2023,07:09,24,25.18,0,5.28,0.32,2.41,0
05/03/2023,08:09,38,131,0,16.7,3.41,2.62,0
05/03/2023,09:09,175,198,0,27.31,7.74,2.62,0
05/03/2023,10:09,250,259,0,36.48,9.91,2.14,0
05/03/2023,11:09,125,354,0,43.27,11.37,1.72,0
05/03/2023,12:09,335.01,312,0,46.5,12.31,2,0
05/03/2023,13:09,140,369,0,45.35,12.95,1.38,0
05/03/2023,14:09,178,319,0,40.14,12.91,1.24,0
05/03/2023,15:09,85,265,0,31.98,12.26,1.59,0
05/03/2023,16:09,14,161,0,21.97,11.54,2,0
05/03/2023,17:09,2,60,0,10.88,10.69,2.41,0
05/03/2023,18:09,0,0,0,0,9.63,2.62,0
05/03/2023,19:09,0,0,0,0,6.51,2.76,0
05/03/2023,20:09,0,0,0,0,4.82,2.69,0
05/03/2023,21:09,0,0,0,0,4.05,2.48,0
05/03/2023,22:09,0,0,0,0,3.64,2.14,0
05/03/2023,23:09,0,0,0,0,4.04,1.93,0
06/03/2023,00:09,0,0,0,0,4.27,1.79,0
06/03/2023,01:09,0,0,0,0,4.22,2,0
06/03/2023,02:09,0,0,0,0,4.2,2.34,0
06/03/2023,03:09,0,0,0,0,4,2.83,0
06/03/2023,04:09,0,0,0,0,3.81,2.9,0
06/03/2023,05:09,0,0,0,0,3.33,3.24,0
06/03/2023,06:09,0,0,0,0,3.23,3.52,0
06/03/2023,07:09,18,29.45,0,5.56,3.44,3.72,0
06/03/2023,08:09,49,133,0,17,4.46,4.34,0
06/03/2023,09:09,96,224,0,27.63,5.8,4.48,0
06/03/2023,10:09,498.01,124,0,36.83,7.85,3.1,0
06/03/2023,11:09,570.01,149,0,43.65,9.68,2.21,0
06/03/2023,12:09,358.01,300,0,46.89,11.39,0.55,0
06/03/2023,13:09,426.01,254,0,45.71,12.6,0.62,0
06/03/2023,14:09,312.01,264,0,40.46,12.93,0.9,0
06/03/2023,15:09,97,264,0,32.25,13.32,0.97,0
06/03/2023,16:09,16,163,0,22.2,13.19,1.31,0
06/03/2023,17:09,28,81,0,11.09,11.41,1.59,0
06/03/2023,18:09,0,0,0,0,10.16,1.79,0
06/03/2023,19:09,0,0,0,0,8.12,2.14,0
06/03/2023,20:09,0,0,0,0,7.76,2.48,0
06/03/2023,21:09,0,0,0,0,7.3,2.76,0
06/03/2023,22:09,0,0,0,0,7.05,3.1,0
06/03/2023,23:09,0,0,0,0,7.17,2.83,0
07/03/2023,00:09,0,0,0,0,7.4,2.9,0
07/03/2023,01:09,0,0,0,0,7.89,2.41,0
07/03/2023,02:09,0,0,0,0,8.37,3.24,0
07/03/2023,03:09,0,0,0,0,8.58,3.59,0
07/03/2023,04:09,0,0,0,0,8.38,4.07,0
07/03/2023,05:09,0,0,0,0,7.75,4.48,0
07/03/2023,06:09,0,0,0,0,6.7,4.55,0
07/03/2023,07:09,29,33,0,5.85,6.13,4.34,0
07/03/2023,08:09,191,78,0,17.3,6.49,4.21,0
07/03/2023,09:09,270,153,0,27.96,7.76,4,0
07/03/2023,10:09,203,278,0,37.19,9.54,3.59,0
07/03/2023,11:09,272,311,0,44.04,11.35,2.76,0
07/03/2023,12:09,81,375,0,47.28,12.81,2.69,0
07/03/2023,13:09,509.01,205,0,46.08,13.49,2.48,0
07/03/2023,14:09,491.01,163,0,40.77,13.51,2.28,0
07/03/2023,15:09,420.01,119,0,32.52,13.22,2.07,0
07/03/2023,16:09,145,155,0,22.43,12.7,1.93,0
07/03/2023,17:09,46,79,0,11.29,11.7,1.79,0
07/03/2023,18:09,0,0,0,0,10.34,1.72,0
07/03/2023,19:09,0,0,0,0,8.92,1.66,0
07/03/2023,20:09,0,0,0,0,7.95,1.59,0
07/03/2023,21:09,0,0,0,0,7.4,1.52,0
07/03/2023,22:09,0,0,0,0,6.92,1.45,0
07/03/2023,23:09,0,0,0,0,6.36,1.38,0
08/03/2023,00:09,0,0,0,0,5.99,1.31,0
08/03/2023,01:09,0,0,0,0,6.02,1.79,0
08/03/2023,02:09,0,0,0,0,6.19,2.76,0
08/03/2023,03:09,0,0,0,0,6.48,3.38,0
08/03/2023,04:09,0,0,0,0,6.62,3.38,0
08/03/2023,05:09,0,0,0,0,6.81,3.24,0
08/03/2023,06:09,0,0,0,0,6.9,3.66,0
08/03/2023,07:09,16,39,0,6.14,7.56,3.86,0
08/03/2023,08:09,168,92,0,17.6,9.87,3.79,0
08/03/2023,09:09,370.01,104,0,28.28,11.63,3.38,0
08/03/2023,10:09,498.01,129,0,37.55,13.39,2.83,0
08/03/2023,11:09,594.01,141,0,44.42,14.76,1.93,0
08/03/2023,12:09,361.01,303,0,47.67,15.95,1.59,0
08/03/2023,13:09,592.01,161,0,46.45,17.21,1.24,0
08/03/2023,14:09,401.01,222,0,41.09,17.43,1.24,0
08/03/2023,15:09,375.01,148,0,32.78,17.27,1.31,0
08/03/2023,16:09,285.01,88,0,22.66,16.53,1.31,0
08/03/2023,17:09,66,75,0,11.49,15.41,1.38,0
08/03/2023,18:09,0,0,0,0,13.91,1.52,0
08/03/2023,19:09,0,0,0,0,12.29,1.52,0
08/03/2023,20:09,0,0,0,0,10.7,1.59,0
08/03/2023,21:09,0,0,0,0,9.26,1.59,0
08/03/2023,22:09,0,0,0,0,8.31,1.59,0
08/03/2023,23:09,0,0,0,0,7.56,1.66,0
09/03/2023,00:09,0,0,0,0,6.82,1.66,0
09/03/2023,01:09,0,0,0,0,6.11,1.93,0
09/03/2023,02:09,0,0,0,0,5.49,2.83,0
09/03/2023,03:09,0,0,0,0,4.92,3.52,0
09/03/2023,04:09,0,0,0,0,4.43,3.79,0
09/03/2023,05:09,0,0,0,0,3.92,4.9,0
09/03/2023,06:09,0,0,0,0,3.47,5.17,0
09/03/2023,07:09,3,35,0,6.43,4.56,4.41,0
09/03/2023,08:09,6,117,0,17.91,7.05,4.69,0
09/03/2023,09:09,73,235,0,28.61,8.9,3.66,0
09/03/2023,10:09,122,309,0,37.91,10.57,3.17,0
09/03/2023,11:09,205,347,0,44.81,12.1,2.62,0
09/03/2023,12:09,226,366,0,48.07,13.55,3.24,0
09/03/2023,13:09,342.01,308,0,46.81,13.7,3.1,0
09/03/2023,14:09,78,337,0,41.41,13.57,3.1,0
09/03/2023,15:09,148,262,0,33.05,12.85,3.1,0
09/03/2023,16:09,2,137,0,22.89,11.86,3.03,0
09/03/2023,17:09,23,86,0,11.7,11.08,2.97,0
09/03/2023,18:09,0,0,0,0,10.65,2.97,0
09/03/2023,19:09,0,0,0,0,10.44,2.69,0
09/03/2023,20:09,0,0,0,0,9.79,2.48,0
09/03/2023,21:09,0,0,0,0,9.42,2.28,0
09/03/2023,22:09,0,0,0,0,9.16,2.21,0
09/03/2023,23:09,0,0,0,0,9.02,2,0
10/03/2023,00:09,0,0,0,0,8.96,1.93,0
10/03/2023,01:09,0,0,0,0,8.61,2.07,0
10/03/2023,02:09,0,0,0,0,8.18,2.48,0
10/03/2023,03:09,0,0,0,0,7.87,2.69,0
10/03/2023,04:09,0,0,0,0,7.48,2.97,0
10/03/2023,05:09,0,0,0,0,7.39,3.24,0
10/03/2023,06:09,0,0,0,0,7.02,3.45,0
10/03/2023,07:09,22,44,0,6.72,7.12,3.45,0
10/03/2023,08:09,166,103,0,18.22,8.22,3.31,0
10/03/2023,09:09,349.01,125,0,28.94,10.13,3.03,0
10/03/2023,10:09,521.01,128,0,38.27,12.12,2.69,0
10/03/2023,11:09,618.01,140,0,45.2,14.26,2,0
10/03/2023,12:09,654.01,149,0,48.46,15.82,1.66,0
10/03/2023,13:09,626.01,153,0,47.18,16.73,1.45,0
10/03/2023,14:09,582.01,128,0,41.72,16.89,1.38,0
10/03/2023,15:09,442.01,121,0,33.31,17.03,1.38,0
10/03/2023,16:09,276,100,0,23.11,16.74,1.38,0
10/03/2023,17:09,94,68,0,11.9,15.88,1.38,0
10/03/2023,18:09,0,0,0,0,14.29,1.38,0
10/03/2023,19:09,0,0,0,0,12.46,1.38,0
10/03/2023,20:09,0,0,0,0,10.67,1.38,0
10/03/2023,21:09,0,0,0,0,9.09,1.38,0
10/03/2023,22:09,0,0,0,0,8.34,1.38,0
10/03/2023,23:09,0,0,0,0,7.9,1.45,0
11/03/2023,00:09,0,0,0,0,7.42,1.45,0
11/03/2023,01:09,0,0,0,0,6.84,1.1,0
11/03/2023,02:09,0,0,0,0,6.4,1.86,0
11/03/2023,03:09,0,0,0,0,6.05,2.34,0
11/03/2023,04:09,0,0,0,0,5.7,2.83,0
11/03/2023,05:09,0,0,0,0,5.38,3.17,0
11/03/2023,06:09,0,0,0,0,5.13,3.31,0
11/03/2023,07:09,27,45,0,7.01,4.85,3.38,0
11/03/2023,08:09,183,97,0,18.52,8.06,3.38,0
11/03/2023,09:09,375.01,114,0,29.27,12.32,3.17,0
11/03/2023,10:09,525.01,129,0,38.63,14.58,2.83,0
11/03/2023,11:09,656.01,122,0,45.59,16.53,2.21,0
11/03/2023,12:09,685.01,134,0,48.86,18.03,1.86,0
11/03/2023,13:09,640.01,147,0,47.54,19,1.79,0
11/03/2023,14:09,585.01,129,0,42.03,19.28,1.72,0
11/03/2023,15:09,476.01,105,0,33.58,19.23,1.59,0
11/03/2023,16:09,266,107,0,23.34,18.63,1.52,0
11/03/2023,17:09,101,66,0,12.1,17.44,1.45,0
11/03/2023,18:09,0,0,0,0,15.63,1.45,0
11/03/2023,19:09,0,0,0,0,13.26,1.38,0
11/03/2023,20:09,0,0,0,0,11.51,1.31,0
11/03/2023,21:09,0,0,0,0,9.71,1.24,0
11/03/2023,22:09,0,0,0,0,8.52,1.24,0
11/03/2023,23:09,0,0,0,0,7.95,1.17,0
12/03/2023,00:09,0,0,0,0,7.44,1.38,0
12/03/2023,01:09,0,0,0,0,7.07,0.76,0
12/03/2023,02:09,0,0,0,0,6.85,0.55,0
12/03/2023,03:09,0,0,0,0,6.98,0.07,0
12/03/2023,04:09,0,0,0,0,7.28,0.55,0
12/03/2023,05:09,0,0,0,0,7.47,0.97,0
12/03/2023,06:09,0,0,0,0,7.8,1.52,0
12/03/2023,07:09,28,47,0,7.31,7.37,1.93,0
12/03/2023,08:09,194,93,0,18.83,11.28,2.14,0
12/03/2023,09:09,375.01,115,0,29.61,15.69,2.21,0
12/03/2023,10:09,510.01,137,0,38.99,18.36,2,0
12/03/2023,11:09,653.01,124,0,45.98,20.42,1.24,0
12/03/2023,12:09,644.01,156,0,49.26,21.94,0.48,0
12/03/2023,13:09,715.01,107,0,47.91,23.02,0.9,0
12/03/2023,14:09,575.01,133,0,42.35,23.55,1.31,0
12/03/2023,15:09,455.01,116,0,33.84,23.58,1.52,0
12/03/2023,16:09,277,102,0,23.56,23.08,1.72,0
12/03/2023,17:09,93,72,0,12.3,21.98,1.79,0
12/03/2023,18:09,0,0,0,0,20.2,1.86,0
12/03/2023,19:09,0,0,0,0,18.68,1.93,0
12/03/2023,20:09,0,0,0,0,17.21,1.93,0
12/03/2023,21:09,0,0,0,0,14.65,1.93,0
12/03/2023,22:09,0,0,0,0,12.73,1.86,0
12/03/2023,23:09,0,0,0,0,11.14,1.86,0
13/03/2023,00:09,0,0,0,0,9.71,1.79,0
13/03/2023,01:09,0,0,0,0,8.53,1.03,0
13/03/2023,02:09,0,0,0,0,7.63,0.69,0
13/03/2023,03:09,0,0,0,0,7.09,1.03,0
13/03/2023,04:09,0,0,0,0,6.79,1.59,0
13/03/2023,05:09,0,0,0,0,6.73,2.14,0
13/03/2023,06:09,0,0,0,0,6.32,3.1,0
13/03/2023,07:09,45,45,0,7.61,6.14,4,0
13/03/2023,08:09,205,93,0,19.15,11.19,4.28,0
13/03/2023,09:09,425.01,96,0,29.94,17.09,4.21,0
13/03/2023,10:09,548.01,125,0,39.36,19.17,4,0
13/03/2023,11:09,606.01,159,0,46.37,20.57,3.31,0
13/03/2023,12:09,739.01,113,0,49.65,22.03,2.76,0
13/03/2023,13:09,709.01,118,0,48.28,22.97,2.76,0
13/03/2023,14:09,583.01,137,0,42.66,22.79,2.83,0
13/03/2023,15:09,463.01,118,0,34.1,21.82,2.9,0
13/03/2023,16:09,304,93,0,23.78,20.46,2.9,0
13/03/2023,17:09,110,67,0,12.49,18.58,2.69,0
13/03/2023,18:09,0,0,0,0,16.35,2.62,0
13/03/2023,19:09,0,0,0,0,14.43,2.55,0
13/03/2023,20:09,0,0,0,0,12.94,2.48,0
13/03/2023,21:09,0,0,0,0,11.83,2.21,0
13/03/2023,22:09,0,0,0,0,10.96,1.93,0
13/03/2023,23:09,0,0,0,0,10.33,1.72,0
14/03/2023,00:09,0,0,0,0,9.27,1.38,0
14/03/2023,01:09,0,0,0,0,8.24,1.17,0
14/03/2023,02:09,0,0,0,0,7.35,1.24,0
14/03/2023,03:09,0,0,0,0,6.59,1.31,0
14/03/2023,04:09,0,0,0,0,5.75,1.79,0
14/03/2023,05:09,0,0,0,0,4.87,2.41,0
14/03/2023,06:09,0,0,0,0,4.06,2.76,0
14/03/2023,07:09,49,47,0,7.9,4.45,2.97,0
14/03/2023,08:09,226,87,0,19.46,7.79,3.03,0
14/03/2023,09:09,389.01,120,0,30.28,11.11,2.9,0
14/03/2023,10:09,529.01,141,0,39.72,13.48,2.55,0
14/03/2023,11:09,649.01,141,0,46.77,15.41,1.86,0
14/03/2023,12:09,623.01,187,0,50.05,16.79,1.59,0
14/03/2023,13:09,666.01,147,0,48.64,17.66,0.97,0
14/03/2023,14:09,652.01,105,0,42.97,18.15,0.41,0
14/03/2023,15:09,510.01,98,0,34.36,18.16,0.07,0
14/03/2023,16:09,262,120,0,24,17.56,0.48,0
14/03/2023,17:09,131,61,0,12.69,16.24,0.83,0
14/03/2023,18:09,0,0,0,0,14.49,1.17,0
14/03/2023,19:09,0,0,0,0,12.66,1.31,0
14/03/2023,20:09,0,0,0,0,10.77,1.38,0
14/03/2023,21:09,0,0,0,0,10.7,1.45,0
14/03/2023,22:09,0,0,0,0,9.98,1.59,0
14/03/2023,23:09,0,0,0,0,9.57,1.59,0
15/03/2023,00:09,0,0,0,0,9.17,1.66,0
15/03/2023,01:09,0,0,0,0,8.08,0.9,0
15/03/2023,02:09,0,0,0,0,6.52,0.9,0
15/03/2023,03:09,0,0,0,0,5.5,0.55,0
15/03/2023,04:09,0,0,0,0,4.69,0.69,0
15/03/2023,05:09,0,0,0,0,4.02,0.62,0
15/03/2023,06:09,0,0,0,0,3.5,0.62,0
15/03/2023,07:09,52,48,0,8.2,3.34,0.69,0
15/03/2023,08:09,215,95,0,19.77,8.7,0.76,0
15/03/2023,09:09,390.01,121,0,30.61,13.45,0.76,0
15/03/2023,10:09,545.01,134,0,40.09,15.85,0.69,0
15/03/2023,11:09,675.01,128,0,47.16,17.75,0.55,0
15/03/2023,12:09,684.01,149,0,50.45,19.15,0.21,0
15/03/2023,13:09,683.01,139,0,49.01,20.2,0.69,0
15/03/2023,14:09,617.01,125,0,43.28,20.82,1.1,0
15/03/2023,15:09,472.01,119,0,34.61,21.07,1.31,0
15/03/2023,16:09,312,94,0,24.22,20.84,1.45,0
15/03/2023,17:09,129,63,0,12.89,19.99,1.52,0
15/03/2023,18:09,0,0,0,0,18.43,1.52,0
15/03/2023,19:09,0,0,0,0,16.8,1.66,0
15/03/2023,20:09,0,0,0,0,15.43,1.66,0
15/03/2023,21:09,0,0,0,0,13.58,1.72,0
15/03/2023,22:09,0,0,0,0,11.4,1.79,0
15/03/2023,23:09,0,0,0,0,9.85,1.79,0
16/03/2023,00:09,0,0,0,0,8.7,1.79,0
16/03/2023,01:09,0,0,0,0,7.73,1.31,0
16/03/2023,02:09,0,0,0,0,6.69,1.79,0
16/03/2023,03:09,0,0,0,0,5.84,1.86,0
16/03/2023,04:09,0,0,0,0,5.14,1.93,0
16/03/2023,05:09,0,0,0,0,4.58,1.66,0
16/03/2023,06:09,0,0,0,0,4.19,1.45,0
16/03/2023,07:09,60,48,0,8.51,4.51,1.03,0
16/03/2023,08:09,220,96,0,20.09,9.67,0.97,0
16/03/2023,09:09,382.01,129,0,30.95,15.48,0.97,0
16/03/2023,10:09,524.01,149,0,40.45,18.16,0.97,0
16/03/2023,11:09,663.01,137,0,47.56,20.38,0.97,0
16/03/2023,12:09,678.01,156,0,50.85,21.91,1.31,0
16/03/2023,13:09,670.01,148,0,49.37,22.85,1.45,0
16/03/2023,14:09,631.01,120,0,43.58,23.27,1.52,0
16/03/2023,15:09,477.01,119,0,34.87,23.24,1.52,0
16/03/2023,16:09,316,95,0,24.44,22.65,1.59,0
16/03/2023,17:09,118,69,0,13.08,21.39,1.59,0
16/03/2023,18:09,0,0,0,0,19.47,1.59,0
16/03/2023,19:09,0,0,0,0,16.38,1.52,0
16/03/2023,20:09,0,0,0,0,13.34,1.52,0
16/03/2023,21:09,0,0,0,0,11.34,1.38,0
16/03/2023,22:09,0,0,0,0,9.81,1.38,0
16/03/2023,23:09,0,0,0,0,8.51,1.38,0
17/03/2023,00:09,0,0,0,0,7.5,1.31,0
17/03/2023,01:09,0,0,0,0,6.59,1.03,0
17/03/2023,02:09,0,0,0,0,6.07,1.66,0
17/03/2023,03:09,0,0,0,0,5.73,2.07,0
17/03/2023,04:09,0,0,0,0,5.81,2.34,0
17/03/2023,05:09,0,0,0,0,6.07,2.69,0
17/03/2023,06:09,0,0,0,0,6.29,2.83,0
17/03/2023,07:09,13,61,0,8.81,5.77,2.97,0
17/03/2023,08:09,33,161,0,20.4,8.86,3.24,0
17/03/2023,09:09,414.01,116,0,31.29,12.59,3.17,0
17/03/2023,10:09,574.01,126,0,40.82,14.39,2.83,0
17/03/2023,11:09,733.01,104,0,47.95,15.9,2.21,0
17/03/2023,12:09,706.01,145,0,51.25,16.85,1.86,0
17/03/2023,13:09,695.01,139,0,49.73,17.34,1.66,0
17/03/2023,14:09,621.01,129,0,43.89,17.72,1.24,0
17/03/2023,15:09,476.01,122,0,35.12,17.4,0.97,0
17/03/2023,16:09,305,102,0,24.65,16.55,0.76,0
17/03/2023,17:09,136,64,0,13.27,15.3,0.69,0
17/03/2023,18:09,0,0,0,0,13.59,0.97,0
17/03/2023,19:09,0,0,0,0,11.74,1.03,0
17/03/2023,20:09,0,0,0,0,10.52,1.24,0
17/03/2023,21:09,0,0,0,0,9.6,1.17,0
17/03/2023,22:09,0,0,0,0,8.48,1.17,0
17/03/2023,23:09,0,0,0,0,8.2,1.1,0
18/03/2023,00:09,0,0,0,0,8.07,1.17,0
18/03/2023,01:09,0,0,0,0,6.9,1.38,0
18/03/2023,02:09,0,0,0,0,6.24,1.52,0
18/03/2023,03:09,0,0,0,0,5.72,1.45,0
18/03/2023,04:09,0,0,0,0,5.64,1.72,0
18/03/2023,05:09,0,0,0,0,5.68,1.93,0
18/03/2023,06:09,0,0,0,0,5.79,2.21,0
18/03/2023,07:09,0,35,0,9.11,6.26,2.48,0
18/03/2023,08:09,39,165,0,20.72,6.67,2.48,0
18/03/2023,09:09,179,237,0,31.62,7.35,2.69,0
18/03/2023,10:09,270,290,0,41.19,8.94,2.62,0
18/03/2023,11:09,442.01,269,0,48.35,10.03,2.14,0
18/03/2023,12:09,432.01,302,0,51.65,11.28,2.07,0
18/03/2023,13:09,192,389,0,50.1,11.68,1.52,0
18/03/2023,14:09,201,342,0,44.19,11.54,0.9,0
18/03/2023,15:09,370.01,181,0,35.37,11.54,0.48,0
18/03/2023,16:09,251,131,0,24.87,11.12,0.21,0
18/03/2023,17:09,76,92,0,13.46,10.47,0.14,0
18/03/2023,18:09,0,2,0,1.64,9.63,0.21,0
18/03/2023,19:09,0,0,0,0,9.17,0.41,0
18/03/2023,20:09,0,0,0,0,8.48,0.62,0
18/03/2023,21:09,0,0,0,0,7.52,0.69,0
18/03/2023,22:09,0,0,0,0,7.3,0.62,0
18/03/2023,23:09,0,0,0,0,6.93,0.55,0
19/03/2023,00:09,0,0,0,0,6.43,0.34,0
19/03/2023,01:09,0,0,0,0,5.87,0.34,0
19/03/2023,02:09,0,0,0,0,5.38,1.1,0
19/03/2023,03:09,0,0,0,0,4.97,1.66,0
19/03/2023,04:09,0,0,0,0,4.61,2,0
19/03/2023,05:09,0,0,0,0,4.46,2.34,0
19/03/2023,06:09,0,0,0,0,4.32,2.34,0
19/03/2023,07:09,68,53,0,9.41,4.6,2.28,0
19/03/2023,08:09,239,96,0,21.03,6.7,2.28,0
19/03/2023,09:09,420.01,118,0,31.96,9.1,2.48,0
19/03/2023,10:09,571.01,131,0,41.56,10.94,2.55,0
19/03/2023,11:09,288,349,0,48.74,12.43,2.07,0
19/03/2023,12:09,195,405,0,52.05,13.84,1.59,0
19/03/2023,13:09,550.01,229,0,50.46,14.58,1.45,0
19/03/2023,14:09,133,361,0,44.5,15.01,1.17,0
19/03/2023,15:09,2,203,0,35.62,14.9,1.03,0
19/03/2023,16:09,3,154,0,25.08,14.49,0.9,0
19/03/2023,17:09,15,99,0,13.65,13.74,0.83,0
19/03/2023,18:09,0,4,0,1.82,12.49,0.76,0
19/03/2023,19:09,0,0,0,0,10.88,0.76,0
19/03/2023,20:09,0,0,0,0,9.63,0.76,0
19/03/2023,21:09,0,0,0,0,8.22,0.76,0
19/03/2023,22:09,0,0,0,0,7.25,0.76,0
19/03/2023,23:09,0,0,0,0,6.98,0.83,0
20/03/2023,00:09,0,0,0,0,6.89,0.83,0
20/03/2023,01:09,0,0,0,0,6.31,0.69,0
20/03/2023,02:09,0,0,0,0,5.8,1.38,0
20/03/2023,03:09,0,0,0,0,5.36,1.72,0
20/03/2023,04:09,0,0,0,0,5.04,1.79,0
20/03/2023,05:09,0,0,0,0,4.79,1.72,0
20/03/2023,06:09,0,0,0,0,4.58,1.59,0
20/03/2023,07:09,75,54,0,9.72,3.1,1.59,0
20/03/2023,08:09,235,102,0,21.35,6.15,1.66,0
20/03/2023,09:09,417.01,124,0,32.3,9.37,1.72,0
20/03/2023,10:09,573.01,135,0,41.92,11.62,1.72,0
20/03/2023,11:09,676.01,143,0,49.14,13.31,1.24,0
20/03/2023,12:09,719.01,146,0,52.45,14.73,0.9,0
20/03/2023,13:09,708.01,139,0,50.82,15.8,0.48,0
20/03/2023,14:09,632.01,130,0,44.8,16.48,0.34,0
20/03/2023,15:09,531.01,100,0,35.87,16.85,0.83,0
20/03/2023,16:09,310,106,0,25.29,16.71,1.17,0
20/03/2023,17:09,136,69,0,13.84,16.12,1.24,0
20/03/2023,18:09,0,3,0,2,14.9,1.31,0
20/03/2023,19:09,0,0,0,0,13.18,1.31,0
20/03/2023,20:09,0,0,0,0,12.2,1.31,0
20/03/2023,21:09,0,0,0,0,11.34,1.24,0
20/03/2023,22:09,0,0,0,0,10.39,1.17,0
20/03/2023,23:09,0,0,0,0,8.31,1.1,0
21/03/2023,00:09,0,0,0,0,7.06,1.17,0
21/03/2023,01:09,0,0,0,0,6.2,0.48,0
21/03/2023,02:09,0,0,0,0,5.6,0.97,0
21/03/2023,03:09,0,0,0,0,5.4,1.17,0
21/03/2023,04:09,0,0,0,0,5.59,1.17,0
21/03/2023,05:09,0,0,0,0,6.02,0.97,0
21/03/2023,06:09,0,0,0,0,6.35,0.76,0
21/03/2023,07:09,0,0,0,0,5.57,1.1,0
21/03/2023,08:09,0,0,0,0,8.72,1.66,0
21/03/2023,09:09,474.01,98,0,32.64,12.4,2.07,0
21/03/2023,10:09,550.01,152,0,42.29,14.41,2.28,0
21/03/2023,11:09,754.01,103,0,49.54,15.98,1.52,0
21/03/2023,12:09,801.01,104,0,52.85,17.23,1.1,0
21/03/2023,13:09,712.01,139,0,51.18,18.18,0.76,0
21/03/2023,14:09,670.01,112,0,45.1,18.91,0.62,0
21/03/2023,15:09,483.01,127,0,36.11,19.13,0.83,0
21/03/2023,16:09,313,106,0,25.5,18.81,0.9,0
21/03/2023,17:09,141,69,0,14.03,17.8,0.9,0
21/03/2023,18:09,0,6,0,2.18,16.22,0.83,0
21/03/2023,19:09,0,0,0,0,14.58,0.9,0
21/03/2023,20:09,0,0,0,0,13.05,0.9,0
21/03/2023,21:09,0,0,0,0,12.59,0.76,0
21/03/2023,22:09,0,0,0,0,11.74,0.83,0
21/03/2023,23:09,0,0,0,0,11.2,0.9,0
22/03/2023,00:09,0,0,0,0,11,1.17,0
22/03/2023,01:09,0,0,0,0,10.71,0.28,0
22/03/2023,02:09,0,0,0,0,10.4,0.62,0
22/03/2023,03:09,0,0,0,0,10.11,0.62,0
22/03/2023,04:09,0,0,0,0,9.92,0.83,0
22/03/2023,05:09,0,0,0,0,9.64,1.17,0
22/03/2023,06:09,0,0,0,0,9.32,1.52,0
22/03/2023,07:09,0,0,0,0,7.95,1.93,0
22/03/2023,08:09,257,97,0,21.98,10.53,2.14,0
22/03/2023,09:09,421.01,129,0,32.97,14.1,2.07,0
22/03/2023,10:09,584.01,136,0,42.66,16.18,1.86,0
22/03/2023,11:09,705.01,134,0,49.93,17.86,1.38,0
22/03/2023,12:09,780.01,119,0,53.25,19.21,1.1,0
22/03/2023,13:09,727.01,134,0,51.54,20.16,0.76,0
22/03/2023,14:09,650.01,125,0,45.39,20.7,0.62,0
22/03/2023,15:09,488.01,127,0,36.36,20.78,0.69,0
22/03/2023,16:09,325,103,0,25.7,20.33,0.9,0
22/03/2023,17:09,146,69,0,14.21,19.37,1.03,0
22/03/2023,18:09,0,7,0,2.35,17.84,1.17,0
22/03/2023,19:09,0,0,0,0,15.96,1.17,0
22/03/2023,20:09,0,0,0,0,14.54,1.24,0
22/03/2023,21:09,0,0,0,0,14.02,1.24,0
22/03/2023,22:09,0,0,0,0,13.07,1.24,0
22/03/2023,23:09,0,0,0,0,12.28,1.24,0
23/03/2023,00:09,0,0,0,0,11.29,1.17,0
23/03/2023,01:09,0,0,0,0,10.23,0.28,0
23/03/2023,02:09,0,0,0,0,9.44,0.69,0
23/03/2023,03:09,0,0,0,0,8.95,0.9,0
23/03/2023,04:09,0,0,0,0,8.68,0.55,0
23/03/2023,05:09,0,0,0,0,8.38,0.9,0
23/03/2023,06:09,0,0,0,0,8.18,1.59,0
23/03/2023,07:09,88,57,0,10.63,8.36,2.21,0
23/03/2023,08:09,254,102,0,22.29,11.24,2.69,0
23/03/2023,09:09,426.01,129,0,33.31,15.1,2.9,0
23/03/2023,10:09,589.01,136,0,43.02,17.51,2.97,0
23/03/2023,11:09,710.01,134,0,50.33,19.43,2.55,0
23/03/2023,12:09,795.01,113,0,53.65,20.87,2.14,0
23/03/2023,13:09,741.01,129,0,51.9,21.87,1.52,0
23/03/2023,14:09,645.01,130,0,45.69,22.38,1.03,0
23/03/2023,15:09,491.01,128,0,36.6,22.39,0.9,0
23/03/2023,16:09,329,102,0,25.91,21.82,0.9,0
23/03/2023,17:09,149,69,0,14.4,20.59,1.03,0
23/03/2023,18:09,1,10.82,0,2.53,18.71,1.24,0
23/03/2023,19:09,0,0,0,0,16.6,1.31,0
23/03/2023,20:09,0,0,0,0,14.79,1.31,0
23/03/2023,21:09,0,0,0,0,13.44,1.38,0
23/03/2023,22:09,0,0,0,0,13.22,1.31,0
23/03/2023,23:09,0,0,0,0,12.51,1.31,0
24/03/2023,00:09,0,0,0,0,11.38,1.17,0
24/03/2023,01:09,0,0,0,0,10.1,0.83,0
24/03/2023,02:09,0,0,0,0,9.2,1.31,0
24/03/2023,03:09,0,0,0,0,8.59,1.86,0
24/03/2023,04:09,0,0,0,0,8.05,2.34,0
24/03/2023,05:09,0,0,0,0,7.69,2.69,0
24/03/2023,06:09,0,0,0,0,7.33,3.03,0
24/03/2023,07:09,81,63,0,10.93,7.48,3.31,0
24/03/2023,08:09,216,126,0,22.61,11.24,3.45,0
24/03/2023,09:09,346,178,0,33.65,14.82,3.38,0
24/03/2023,10:09,599.01,132,0,43.39,17.16,2.9,0
24/03/2023,11:09,760.01,108,0,50.72,18.89,1.93,0
24/03/2023,12:09,814.01,103,0,54.04,20.3,1.38,0
24/03/2023,13:09,751.01,125,0,52.25,21.16,1.03,0
24/03/2023,14:09,680.01,112,0,45.98,21.36,0.69,0
24/03/2023,15:09,339,216,0,36.84,20.87,0.62,0
24/03/2023,16:09,194,176,0,26.11,20.01,0.9,0
24/03/2023,17:09,102,93,0,14.58,18.59,1.03,0
24/03/2023,18:09,1,10.83,0,2.71,16.93,1.17,0
24/03/2023,19:09,0,0,0,0,15.22,1.31,0
24/03/2023,20:09,0,0,0,0,13.25,1.38,0
24/03/2023,21:09,0,0,0,0,13.09,1.45,0
24/03/2023,22:09,0,0,0,0,12.2,1.45,0
24/03/2023,23:09,0,0,0,0,11.43,1.38,0
25/03/2023,00:09,0,0,0,0,10.31,1.17,0
25/03/2023,01:09,0,0,0,0,9.1,0.48,0
25/03/2023,02:09,0,0,0,0,8.01,0.28,0
25/03/2023,03:09,0,0,0,0,7.18,0.14,0
25/03/2023,04:09,0,0,0,0,6.71,0.62,0
25/03/2023,05:09,0,0,0,0,6.54,1.31,0
25/03/2023,06:09,0,0,0,0,6.48,1.93,0
25/03/2023,07:09,85,64,0,11.24,7.6,2.69,0
25/03/2023,08:09,263,102,0,22.92,12.11,3.17,0
25/03/2023,09:09,436.01,127,0,33.98,15.75,3.38,0
25/03/2023,10:09,599.01,133,0,43.76,18.14,3.31,0
25/03/2023,11:09,711.01,134,0,51.12,19.98,2.55,0
25/03/2023,12:09,784.01,120,0,54.44,21.5,1.86,0
25/03/2023,13:09,750.01,125,0,52.61,22.62,1.17,0
25/03/2023,14:09,670.01,117,0,46.27,23.24,0.9,0
25/03/2023,15:09,504.01,122,0,37.07,23.18,0.97,0
25/03/2023,16:09,338,100,0,26.31,22.44,1.03,0
25/03/2023,17:09,154,69,0,14.76,21.09,1.1,0
25/03/2023,18:09,1,10.84,0,2.88,19.35,1.24,0
25/03/2023,19:09,0,0,0,0,17.51,1.31,0
25/03/2023,20:09,0,0,0,0,15.74,1.38,0
25/03/2023,21:09,0,0,0,0,14.8,1.38,0
25/03/2023,22:09,0,0,0,0,13.74,1.45,0
25/03/2023,23:09,0,0,0,0,12.64,1.52,0
26/03/2023,00:09,0,0,0,0,11.84,1.38,0
26/03/2023,01:09,0,0,0,0,11.02,1.38,0
26/03/2023,02:09,0,0,0,0,10.27,2.14,0
26/03/2023,03:09,0,0,0,0,9.54,2.62,0
26/03/2023,04:09,0,0,0,0,8.91,3.1,0
26/03/2023,05:09,0,0,0,0,8.35,3.45,0
26/03/2023,06:09,0,0,0,0,7.86,3.72,0
26/03/2023,07:09,106,59,0,11.54,8.12,3.86,0
26/03/2023,08:09,212,136,0,23.24,12.73,3.93,0
26/03/2023,09:09,386,164,0,34.32,16.36,3.72,0
26/03/2023,10:09,613.01,133,0,44.12,18.54,3.31,0
26/03/2023,11:09,735.01,129,0,51.51,20.4,2.34,0
26/03/2023,12:09,779.01,130,0,54.84,21.33,1.66,0
26/03/2023,13:09,725.01,145,0,52.96,21.84,1.38,0
26/03/2023,14:09,684.01,116,0,46.56,21.89,1.31,0
26/03/2023,15:09,502.01,128,0,37.31,21.4,1.17,0
26/03/2023,16:09,365,90,0,26.51,20.62,1.17,0
26/03/2023,17:09,163,68,0,14.94,19.44,1.1,0
26/03/2023,18:09,0,11,0,3.06,17.89,1.03,0
26/03/2023,19:09,0,0,0,0,16.45,1.03,0
26/03/2023,20:09,0,0,0,0,14.55,1.03,0
26/03/2023,21:09,0,0,0,0,12.82,1.17,0
26/03/2023,22:09,0,0,0,0,12.15,1.24,0
26/03/2023,23:09,0,0,0,0,11.51,1.24,0
27/03/2023,00:09,0,0,0,0,11.15,1.1,0
27/03/2023,01:09,0,0,0,0,10.88,0.55,0
27/03/2023,02:09,0,0,0,0,10.73,0.62,0
27/03/2023,03:09,0,0,0,0,10.25,0.14,0
27/03/2023,04:09,0,0,0,0,9.17,0.76,0
27/03/2023,05:09,0,0,0,0,8.54,1.66,0
27/03/2023,06:09,0,0,0,0,7.98,2.41,0
27/03/2023,07:09,92,68,0,11.84,8.23,3.17,0
27/03/2023,08:09,238,125,0,23.55,11.73,3.52,0
27/03/2023,09:09,374,174,0,34.65,15.2,3.52,0
27/03/2023,10:09,624.01,129,0,44.48,17.29,3.1,0
27/03/2023,11:09,758.01,118,0,51.9,18.91,2.21,0
27/03/2023,12:09,831.01,103,0,55.23,20.12,1.66,0
27/03/2023,13:09,592.01,228,0,53.31,20.83,1.1,0
27/03/2023,14:09,379,291,0,46.85,21.13,0.83,0
27/03/2023,15:09,86,309,0,37.54,20.82,0.55,0
27/03/2023,16:09,17,199,0,26.71,19.77,0.62,0
27/03/2023,17:09,0,55,0,15.12,18.47,0.97,0
27/03/2023,18:09,0,8,0,3.23,17.15,1.17,0
27/03/2023,19:09,0,0,0,0,15.84,1.31,0
27/03/2023,20:09,0,0,0,0,14.22,1.31,0
27/03/2023,21:09,0,0,0,0,13.98,1.31,0
27/03/2023,22:09,0,0,0,0,13.79,1.31,0
27/03/2023,23:09,0,0,0,0,13.39,1.38,0
28/03/2023,00:09,0,0,0,0,12.61,1.31,0
28/03/2023,01:09,0,0,0,0,11.3,1.1,0
28/03/2023,02:09,0,0,0,0,9.7,1.38,0
28/03/2023,03:09,0,0,0,0,8.75,1.24,0
28/03/2023,04:09,0,0,0,0,8.2,1.24,0
28/03/2023,05:09,0,0,0,0,7.6,1.31,0
28/03/2023,06:09,0,0,0,0,7.05,1.45,0
28/03/2023,07:09,106,64,0,12.14,6.64,1.59,0
28/03/2023,08:09,286,102,0,23.86,11.97,1.79,0
28/03/2023,09:09,401,162,0,34.98,15.5,2,0
28/03/2023,10:09,630.01,129,0,44.85,17.52,2.21,0
28/03/2023,11:09,764.01,118,0,52.3,19.21,2,0
28/03/2023,12:09,818.01,113,0,55.63,20.51,1.66,0
28/03/2023,13:09,793.01,112,0,53.66,21.48,1.45,0
28/03/2023,14:09,672.01,126,0,47.13,21.94,1.31,0
28/03/2023,15:09,522.01,121,0,37.77,21.93,1.31,0
28/03/2023,16:09,335,109,0,26.91,21.34,1.24,0
28/03/2023,17:09,162,72,0,15.3,20.1,1.24,0
28/03/2023,18:09,2,16.58,0,3.41,18.15,1.31,0
28/03/2023,19:09,0,0,0,0,16.1,1.31,0
28/03/2023,20:09,0,0,0,0,14.26,1.38,0
28/03/2023,21:09,0,0,0,0,12.42,1.45,0
28/03/2023,22:09,0,0,0,0,10.91,1.59,0
28/03/2023,23:09,0,0,0,0,9.86,1.59,0
29/03/2023,00:09,0,0,0,0,9.02,1.24,0
29/03/2023,01:09,0,0,0,0,8.19,1.1,0
29/03/2023,02:09,0,0,0,0,7.54,1.31,0
29/03/2023,03:09,0,0,0,0,6.89,1.52,0
29/03/2023,04:09,0,0,0,0,6.25,1.59,0
29/03/2023,05:09,0,0,0,0,5.66,1.52,0
29/03/2023,06:09,0,0,0,0,5.23,1.31,0
29/03/2023,07:09,116,63,0,12.44,6.56,0.69,0
29/03/2023,08:09,290,103,0,24.17,12.59,0.34,0
29/03/2023,09:09,462.01,129,0,35.31,16.9,0.83,0
29/03/2023,10:09,635.01,129,0,45.21,19.48,1.31,0
29/03/2023,11:09,748.01,129,0,52.69,21.57,1.24,0
29/03/2023,12:09,811.01,119,0,56.02,23.13,1.17,0
29/03/2023,13:09,775.01,124,0,54.01,24.14,1.31,0
29/03/2023,14:09,666.01,131,0,47.41,24.71,1.45,0
29/03/2023,15:09,510.01,130,0,38,24.86,1.52,0
29/03/2023,16:09,337,110,0,27.1,24.51,1.52,0
29/03/2023,17:09,158,75,0,15.48,23.55,1.45,0
29/03/2023,18:09,3,18.33,0,3.58,21.93,1.17,0
29/03/2023,19:09,0,0,0,0,19.59,1.24,0
29/03/2023,20:09,0,0,0,0,16.9,1.38,0
29/03/2023,21:09,0,0,0,0,15.1,1.38,0
29/03/2023,22:09,0,0,0,0,14.06,1.31,0
29/03/2023,23:09,0,0,0,0,13.21,1.1,0
30/03/2023,00:09,0,0,0,0,12.82,1.03,0
30/03/2023,01:09,0,0,0,0,13.12,0.69,0
30/03/2023,02:09,0,0,0,0,12.44,1.38,0
30/03/2023,03:09,0,0,0,0,11.37,1.86,0
30/03/2023,04:09,0,0,0,0,10.61,2.28,0
30/03/2023,05:09,0,0,0,0,10.29,2.9,0
30/03/2023,06:09,0,0,0,0,10.86,3.38,0
30/03/2023,07:09,127,61,0,12.74,11.32,3.45,0
30/03/2023,08:09,295,103,0,24.48,14.21,3.45,0
30/03/2023,09:09,459,133,0,35.64,18.03,3.72,0
30/03/2023,10:09,622.01,139,0,45.57,20.26,3.45,0
30/03/2023,11:09,752.01,130,0,53.08,21.97,2.48,0
30/03/2023,12:09,805.01,125,0,56.41,23.15,2.14,0
30/03/2023,13:09,818.01,102,0,54.35,23.65,1.59,0
30/03/2023,14:09,670.01,131,0,47.69,23.7,1.45,0
30/03/2023,15:09,534.01,119,0,38.23,23.56,1.59,0
30/03/2023,16:09,349,106,0,27.3,22.89,1.59,0
30/03/2023,17:09,165,74,0,15.66,21.5,1.59,0
30/03/2023,18:09,3,19.33,0,3.75,19.78,1.72,0
30/03/2023,19:09,0,0,0,0,17.93,1.66,0
30/03/2023,20:09,0,0,0,0,16.3,1.59,0
30/03/2023,21:09,0,0,0,0,14.24,1.66,0
30/03/2023,22:09,0,0,0,0,12.75,1.66,0
30/03/2023,23:09,0,0,0,0,11.89,1.59,0
31/03/2023,00:09,0,0,0,0,11.31,1.24,0
31/03/2023,01:09,0,0,0,0,10.7,1.66,0
31/03/2023,02:09,0,0,0,0,10.45,2.41,0
31/03/2023,03:09,0,0,0,0,9.97,2.9,0
31/03/2023,04:09,0,0,0,0,9.52,3.31,0
31/03/2023,05:09,0,0,0,0,9.26,3.79,0
31/03/2023,06:09,0,0,0,0,8.95,4.34,0
31/03/2023,07:09,131,62,0,13.04,9.8,4.55,0
31/03/2023,08:09,291,107,0,24.79,14.13,4.69,0
31/03/2023,09:09,432,151,0,35.97,17.2,4.55,0
31/03/2023,10:09,620.01,139,0,45.92,19.27,3.93,0
31/03/2023,11:09,797.01,104,0,53.47,20.89,3.1,0
31/03/2023,12:09,780.01,137,0,56.81,22.05,2.55,0
31/03/2023,13:09,775.01,125,0,54.7,22.64,2.76,0
31/03/2023,14:09,675.01,127,0,47.97,22.63,2.69,0
31/03/2023,15:09,510.01,131,0,38.45,22.29,2.55,0
31/03/2023,16:09,374,93,0,27.49,21.25,2.48,0
31/03/2023,17:09,174,71,0,15.83,19.75,2.41,0
31/03/2023,18:09,17,16.37,0,3.92,18.12,2.34,0
31/03/2023,19:09,0,0,0,0,16.31,2.21,0
31/03/2023,20:09,0,0,0,0,15.4,2.07,0
31/03/2023,21:09,0,0,0,0,14.49,2,0
31/03/2023,22:09,0,0,0,0,13.53,1.86,0
31/03/2023,23:09,0,0,0,0,12.69,1.72,0
01/04/2023,00:09,0,0,0,0,11.98,1.17,0
01/04/2023,01:09,0,0,0,0,11.28,1.93,0
01/04/2023,02:09,0,0,0,0,10.59,2.34,0
01/04/2023,03:09,0,0,0,0,9.97,2.55,0
01/04/2023,04:09,0,0,0,0,9.28,2.76,0
01/04/2023,05:09,0,0,0,0,8.61,3.24,0
01/04/2023,06:09,0,0,0,0,7.92,3.66,0
01/04/2023,07:09,129,65,0,13.34,8.9,3.93,0
01/04/2023,08:09,327,89,0,25.1,12.45,4.34,0
01/04/2023,09:09,522.01,99,0,36.3,14.53,4.76,0
01/04/2023,10:09,599.01,148,0,46.28,15.59,4.55,0
01/04/2023,11:09,775.01,112,0,53.85,16.86,3.93,0
01/04/2023,12:09,828.01,107,0,57.2,18.39,3.17,0
01/04/2023,13:09,412,330,0,55.04,19.2,3.38,0
01/04/2023,14:09,613.01,158,0,48.25,19.31,3.38,0
01/04/2023,15:09,528.01,118,0,38.68,19.28,3.24,0
01/04/2023,16:09,308,126,0,27.68,18.39,3.24,0
01/04/2023,17:09,157,78,0,16,16.96,3.17,0
01/04/2023,18:09,13,19.08,0,4.09,15.55,3.03,0
01/04/2023,19:09,0,0,0,0,14.07,2.83,0
01/04/2023,20:09,0,0,0,0,13.03,2.55,0
01/04/2023,21:09,0,0,0,0,12.32,2,0
01/04/2023,22:09,0,0,0,0,11.42,1.72,0
01/04/2023,23:09,0,0,0,0,10.6,1.45,0
02/04/2023,00:09,0,0,0,0,9.76,1.38,0
02/04/2023,01:09,0,0,0,0,9.06,1.79,0
02/04/2023,02:09,0,0,0,0,8.46,2.14,0
02/04/2023,03:09,0,0,0,0,8.01,2.28,0
02/04/2023,04:09,0,0,0,0,7.65,2.48,0
02/04/2023,05:09,0,0,0,0,7.77,2.9,0
02/04/2023,06:09,0,3,0,1.72,7.61,3.24,0
02/04/2023,07:09,116,76,0,13.63,8.34,3.59,0
02/04/2023,08:09,231,150,0,25.4,9.69,3.86,0
02/04/2023,09:09,494.01,124,0,36.62,11.17,3.93,0
02/04/2023,10:09,661.01,127,0,46.63,12.95,3.17,0
02/04/2023,11:09,754.01,137,0,54.24,14.46,2.48,0
02/04/2023,12:09,793.01,139,0,57.58,15.83,1.72,0
02/04/2023,13:09,778.01,132,0,55.38,16.76,1.31,0
02/04/2023,14:09,679.01,133,0,48.52,17.36,0.97,0
02/04/2023,15:09,522.01,131,0,38.9,17.35,0.62,0
02/04/2023,16:09,354,109,0,27.87,16.76,0.41,0
02/04/2023,17:09,181,72,0,16.18,15.59,0.28,0
02/04/2023,18:09,9,21.88,0,4.27,14.16,0.14,0
02/04/2023,19:09,0,0,0,0,12.53,0.14,0
02/04/2023,20:09,0,0,0,0,11.37,0.41,0
02/04/2023,21:09,0,0,0,0,10.27,0.76,0
02/04/2023,22:09,0,0,0,0,10.34,1.03,0
02/04/2023,23:09,0,0,0,0,9.6,1.17,0
03/04/2023,00:09,0,0,0,0,8.94,0.69,0
03/04/2023,01:09,0,0,0,0,8.36,1.1,0
03/04/2023,02:09,0,0,0,0,7.86,1.72,0
03/04/2023,03:09,0,0,0,0,7.52,2,0
03/04/2023,04:09,0,0,0,0,7.17,2.21,0
03/04/2023,05:09,0,0,0,0,6.57,2.34,0
03/04/2023,06:09,0,7,0,2.01,5.27,2.69,0
03/04/2023,07:09,148,66,0,13.93,6.32,2.9,0
03/04/2023,08:09,325,104,0,25.7,9.32,3.03,0
03/04/2023,09:09,487,138,0,36.94,11.76,3.17,0
03/04/2023,10:09,673.01,130,0,46.99,13.84,3.03,0
03/04/2023,11:09,796.01,124,0,54.62,15.67,2.28,0
03/04/2023,12:09,826.01,131,0,57.97,17.04,1.59,0
03/04/2023,13:09,810.01,124,0,55.72,18.06,0.69,0
03/04/2023,14:09,688.01,137,0,48.79,18.59,0.48,0
03/04/2023,15:09,546.01,126,0,39.11,18.6,0.97,0
03/04/2023,16:09,270,163,0,28.05,18.11,1.17,0
03/04/2023,17:09,176,78,0,16.35,17.06,1.1,0
03/04/2023,18:09,7,24.28,0,4.44,15.46,1.1,0
03/04/2023,19:09,0,0,0,0,13.75,1.1,0
03/04/2023,20:09,0,0,0,0,12.17,1.03,0
03/04/2023,21:09,0,0,0,0,11.63,0.97,0
03/04/2023,22:09,0,0,0,0,10.08,1.03,0
03/04/2023,23:09,0,0,0,0,8.35,1.03,0
04/04/2023,00:09,0,0,0,0,7.55,0.83,0
04/04/2023,01:09,0,0,0,0,7.03,0.55,0
04/04/2023,02:09,0,0,0,0,6.45,0.69,0
04/04/2023,03:09,0,0,0,0,6.26,1.17,0
04/04/2023,04:09,0,0,0,0,6.33,1.38,0
04/04/2023,05:09,0,0,0,0,5.97,1.66,0
04/04/2023,06:09,0,2,0,2.31,5.65,2,0
04/04/2023,07:09,43,108,0,14.22,6.24,2.21,0
04/04/2023,08:09,316,109,0,26.01,9.95,2.34,0
04/04/2023,09:09,491,133,0,37.26,12.89,2.34,0
04/04/2023,10:09,692.01,117,0,47.34,14.65,2.07,0
04/04/2023,11:09,836.01,98,0,55,16.16,1.79,0
04/04/2023,12:09,879.01,98,0,58.36,17.37,2,0
04/04/2023,13:09,799.01,126,0,56.05,18.3,2.34,0
04/04/2023,14:09,598.01,187,0,49.06,18.78,2.14,0
04/04/2023,15:09,340,241,0,39.33,18.79,1.66,0
04/04/2023,16:09,173,207,0,28.24,18.13,1.52,0
04/04/2023,17:09,38,129,0,16.52,17.15,1.38,0
04/04/2023,18:09,11,24.29,0,4.6,15.47,1.24,0
04/04/2023,19:09,0,0,0,0,13.17,1.17,0
04/04/2023,20:09,0,0,0,0,11.08,1.1,0
04/04/2023,21:09,0,0,0,0,9.47,1.03,0
04/04/2023,22:09,0,0,0,0,8.47,0.97,0
04/04/2023,23:09,0,0,0,0,7.51,1.03,0
05/04/2023,00:09,0,0,0,0,6.56,0.9,0
05/04/2023,01:09,0,0,0,0,5.67,1.79,0
05/04/2023,02:09,0,0,0,0,5.1,2.69,0
05/04/2023,03:09,0,0,0,0,4.8,3.38,0
05/04/2023,04:09,0,0,0,0,4.47,3.72,0
05/04/2023,05:09,0,0,0,0,3.89,3.79,0
05/04/2023,06:09,0,10,0,2.6,3.41,3.72,0
05/04/2023,07:09,156,68,0,14.51,3.89,3.66,0
05/04/2023,08:09,337,104,0,26.3,7.83,3.59,0
05/04/2023,09:09,504,133,0,37.58,10.7,3.45,0
05/04/2023,10:09,689.01,126,0,47.68,13.06,3.24,0
05/04/2023,11:09,792.01,130,0,55.38,14.82,2.76,0
05/04/2023,12:09,820.01,138,0,58.74,16.1,2.28,0
05/04/2023,13:09,825.01,119,0,56.39,16.93,1.79,0
05/04/2023,14:09,721.01,122,0,49.32,17.3,1.52,0
05/04/2023,15:09,558.01,122,0,39.54,17.16,1.38,0
05/04/2023,16:09,377,106,0,28.42,16.5,1.17,0
05/04/2023,17:09,190,74,0,16.69,15.32,1.17,0
05/04/2023,18:09,21,22.01,0,4.77,13.57,1.1,0
05/04/2023,19:09,0,0,0,0,11.7,1.1,0
05/04/2023,20:09,0,0,0,0,10,1.17,0
05/04/2023,21:09,0,0,0,0,8.54,1.24,0
05/04/2023,22:09,0,0,0,0,6.71,1.31,0
05/04/2023,23:09,0,0,0,0,5.8,1.31,0
06/04/2023,00:09,0,0,0,0,5.17,1.03,0
06/04/2023,01:09,0,0,0,0,4.79,1.72,0
06/04/2023,02:09,0,0,0,0,4.6,2.48,0
06/04/2023,03:09,0,0,0,0,3.98,2.83,0
06/04/2023,04:09,0,0,0,0,3.48,2.97,0
06/04/2023,05:09,0,0,0,0,3.19,2.9,0
06/04/2023,06:09,0,11,0,2.89,3.24,2.83,0
06/04/2023,07:09,166,67,0,14.8,5.47,2.76,0
06/04/2023,08:09,346,104,0,26.6,8.9,2.83,0
06/04/2023,09:09,504,139,0,37.9,11.84,2.9,0
06/04/2023,10:09,700.01,125,0,48.03,14.26,2.83,0
06/04/2023,11:09,825.01,118,0,55.76,16.17,2.62,0
06/04/2023,12:09,866.01,118,0,59.12,17.6,2.21,0
06/04/2023,13:09,871.01,99,0,56.72,18.55,1.79,0
06/04/2023,14:09,606.01,196,0,49.58,18.96,1.52,0
06/04/2023,15:09,267,286,0,39.76,18.9,1.31,0
06/04/2023,16:09,62,238,0,28.6,18.1,1.17,0
06/04/2023,17:09,53,134,0,16.86,16.77,1.03,0
06/04/2023,18:09,8,27.96,0,4.94,14.94,0.97,0
06/04/2023,19:09,0,0,0,0,13.04,0.97,0
06/04/2023,20:09,0,0,0,0,11.52,1.03,0
06/04/2023,21:09,0,0,0,0,9.96,1.1,0
06/04/2023,22:09,0,0,0,0,8.33,1.17,0
06/04/2023,23:09,0,0,0,0,7.23,1.24,0
07/04/2023,00:09,0,0,0,0,6.69,0.83,0
07/04/2023,01:09,0,0,0,0,6.48,1.24,0
07/04/2023,02:09,0,0,0,0,6.12,1.79,0
07/04/2023,03:09,0,0,0,0,5.48,2.21,0
07/04/2023,04:09,0,0,0,0,4.73,2.41,0
07/04/2023,05:09,0,0,0,0,4.09,2.41,0
07/04/2023,06:09,0,15,0,3.17,3.75,2.28,0
07/04/2023,07:09,166,69,0,15.09,5.95,2.14,0
07/04/2023,08:09,350,103,0,26.89,10.55,2,0
07/04/2023,09:09,520,129,0,38.21,13.57,1.93,0
07/04/2023,10:09,686.01,132,0,48.37,15.85,1.93,0
07/04/2023,11:09,787.01,136,0,56.14,17.57,1.79,0
07/04/2023,12:09,836.01,133,0,59.5,18.72,1.45,0
07/04/2023,13:09,819.01,125,0,57.04,19.49,1.38,0
07/04/2023,14:09,716.01,127,0,49.84,19.87,1.31,0
07/04/2023,15:09,562.01,123,0,39.97,19.92,1.31,0
07/04/2023,16:09,386,104,0,28.78,19.56,1.31,0
07/04/2023,17:09,192,76,0,17.03,18.71,1.38,0
07/04/2023,18:09,25,23.03,0,5.11,17.24,1.38,0
07/04/2023,19:09,0,0,0,0,15.56,1.38,0
07/04/2023,20:09,0,0,0,0,13.63,1.45,0
07/04/2023,21:09,0,0,0,0,11.55,1.52,0
07/04/2023,22:09,0,0,0,0,10.09,1.52,0
07/04/2023,23:09,0,0,0,0,8.93,1.52,0
08/04/2023,00:09,0,0,0,0,7.86,1.03,0
08/04/2023,01:09,0,0,0,0,7,0.34,0
08/04/2023,02:09,0,0,0,0,6.34,0.83,0
08/04/2023,03:09,0,0,0,0,5.73,1.17,0
08/04/2023,04:09,0,0,0,0,5.26,1.24,0
08/04/2023,05:09,0,0,0,0,4.92,1.52,0
08/04/2023,06:09,0,17,0,3.46,4.91,1.72,0
08/04/2023,07:09,165,72,0,15.37,7.73,1.86,0
08/04/2023,08:09,348,106,0,27.19,13.56,1.93,0
08/04/2023,09:09,514,134,0,38.52,17.06,2,0
08/04/2023,10:09,689.01,131,0,48.71,19.15,2,0
08/04/2023,11:09,789.01,137,0,56.51,20.63,1.59,0
08/04/2023,12:09,816.01,144,0,59.88,21.76,1.24,0
08/04/2023,13:09,809.01,132,0,57.37,22.55,0.34,0
08/04/2023,14:09,717.01,128,0,50.1,22.98,0.48,0
08/04/2023,15:09,570.01,120,0,40.17,23.03,1.1,0
08/04/2023,16:09,387,105,0,28.96,22.69,1.31,0
08/04/2023,17:09,193,77,0,17.19,21.82,1.38,0
08/04/2023,18:09,31,21.08,0,5.28,20.44,1.38,0
08/04/2023,19:09,0,0,0,0,18.78,1.31,0
08/04/2023,20:09,0,0,0,0,17.5,1.31,0
08/04/2023,21:09,0,0,0,0,16.64,1.31,0
08/04/2023,22:09,0,0,0,0,14.73,1.31,0
08/04/2023,23:09,0,0,0,0,12.73,1.31,0
09/04/2023,00:09,0,0,0,0,11.39,1.24,0
09/04/2023,01:09,0,0,0,0,10.62,1.45,0
09/04/2023,02:09,0,0,0,0,10.27,1.66,0
09/04/2023,03:09,0,0,0,0,10,1.93,0
09/04/2023,04:09,0,0,0,0,9.67,2.21,0
09/04/2023,05:09,0,0,0,0,9.53,2.41,0
09/04/2023,06:09,0,19,0,3.74,9.9,2.76,0
09/04/2023,07:09,167,73,0,15.65,10.64,2.83,0
09/04/2023,08:09,354,105,0,27.47,15.47,2.83,0
09/04/2023,09:09,514,135,0,38.82,18.33,2.69,0
09/04/2023,10:09,687.01,133,0,49.05,20.14,2.69,0
09/04/2023,11:09,808.01,126,0,56.88,21.46,2.34,0
09/04/2023,12:09,858.01,120,0,60.25,22.34,1.66,0
09/04/2023,13:09,839.01,114,0,57.69,23.1,1.24,0
09/04/2023,14:09,724.01,123,0,50.36,23.22,0.97,0
09/04/2023,15:09,576.01,116,0,40.38,23.22,0.97,0
09/04/2023,16:09,376,110,0,29.14,22.79,1.17,0
09/04/2023,17:09,190,80,0,17.36,22.02,1.31,0
09/04/2023,18:09,28,23.5,0,5.44,20.75,1.31,0
09/04/2023,19:09,0,0,0,0,19.33,1.31,0
09/04/2023,20:09,0,0,0,0,17.44,1.24,0
09/04/2023,21:09,0,0,0,0,16.76,1.24,0
09/04/2023,22:09,0,0,0,0,16.07,1.31,0
09/04/2023,23:09,0,0,0,0,14.53,1.31,0
10/04/2023,00:09,0,0,0,0,13.42,0.9,0
10/04/2023,01:09,0,0,0,0,12.91,0.76,0
10/04/2023,02:09,0,0,0,0,12.73,1.1,0
10/04/2023,03:09,0,0,0,0,12.42,1.72,0
10/04/2023,04:09,0,0,0,0,11.83,2.55,0
10/04/2023,05:09,0,0,0,0,11.28,3.17,0
10/04/2023,06:09,0,20,0,4.02,10.91,3.45,0
10/04/2023,07:09,154,80,0,15.93,12.63,3.24,0
10/04/2023,08:09,336,114,0,27.76,16.44,2.9,0
10/04/2023,09:09,517,131,0,39.13,19.19,2.76,0
10/04/2023,10:09,698.01,124,0,49.38,21.04,2.9,0
10/04/2023,11:09,810.01,121,0,57.25,22.41,2.55,0
10/04/2023,12:09,882.01,103,0,60.63,23.32,2.07,0
10/04/2023,13:09,840.01,110,0,58.01,23.83,1.45,0
10/04/2023,14:09,696.01,135,0,50.61,24.03,0.83,0
10/04/2023,15:09,500,157,0,40.58,24.02,0.76,0
10/04/2023,16:09,370,112,0,29.32,23.66,1.1,0
10/04/2023,17:09,166,92,0,17.52,22.83,1.24,0
10/04/2023,18:09,2,27.58,0,5.61,21.46,1.31,0
10/04/2023,19:09,0,0,0,0,19.8,1.31,0
10/04/2023,20:09,0,0,0,0,18.45,1.31,0
10/04/2023,21:09,0,0,0,0,17.25,1.38,0
10/04/2023,22:09,0,0,0,0,16.62,1.45,0
10/04/2023,23:09,0,0,0,0,14.82,1.45,0
11/04/2023,00:09,0,0,0,0,13.63,0.9,0
11/04/2023,01:09,0,0,0,0,12.67,0.62,0
11/04/2023,02:09,0,0,0,0,12.1,0.69,0
11/04/2023,03:09,0,0,0,0,11.42,1.1,0
11/04/2023,04:09,0,0,0,0,10.73,1.52,0
11/04/2023,05:09,0,0,0,0,10.32,1.93,0
11/04/2023,06:09,3,23.3,0,4.3,10.27,2.41,0
11/04/2023,07:09,170,77,0,16.21,12.93,3.03,0
11/04/2023,08:09,352,110,0,28.04,16.88,3.66,0
11/04/2023,09:09,521,136,0,39.43,19.58,3.86,0
11/04/2023,10:09,712.01,123,0,49.71,21.54,3.72,0
11/04/2023,11:09,792.01,138,0,57.62,23.13,3.03,0
11/04/2023,12:09,862.01,122,0,61,24.42,2.41,0
11/04/2023,13:09,821.01,127,0,58.33,25.4,1.93,0
11/04/2023,14:09,718.01,129,0,50.86,25.92,1.66,0
11/04/2023,15:09,549,133,0,40.78,25.79,1.45,0
11/04/2023,16:09,374,114,0,29.49,25.04,1.38,0
11/04/2023,17:09,194,81,0,17.69,23.73,1.45,0
11/04/2023,18:09,30,32,0,5.77,22.06,1.45,0
11/04/2023,19:09,0,0,0,0,19.99,1.52,0
11/04/2023,20:09,0,0,0,0,18.42,1.52,0
11/04/2023,21:09,0,0,0,0,16.56,1.52,0
11/04/2023,22:09,0,0,0,0,14.81,1.52,0
11/04/2023,23:09,0,0,0,0,13.82,1.52,0
12/04/2023,00:09,0,0,0,0,12.7,1.24,0
12/04/2023,01:09,0,0,0,0,11.76,2.07,0
12/04/2023,02:09,0,0,0,0,10.98,2.76,0
12/04/2023,03:09,0,0,0,0,10.46,3.24,0
12/04/2023,04:09,0,0,0,0,9.97,3.66,0
12/04/2023,05:09,0,0,0,0,9.46,3.93,0
12/04/2023,06:09,4,25.04,0,4.58,8.91,4.14,0
12/04/2023,07:09,183,73,0,16.48,10.49,4.48,0
12/04/2023,08:09,360,109,0,28.32,14.86,4.55,0
12/04/2023,09:09,533,131,0,39.72,17.41,4.34,0
12/04/2023,10:09,706.01,128,0,50.04,19.46,4.07,0
12/04/2023,11:09,794.01,139,0,57.98,20.95,3.59,0
12/04/2023,12:09,830.01,140,0,61.36,21.89,2.83,0
12/04/2023,13:09,812.01,133,0,58.65,22.44,2.69,0
12/04/2023,14:09,720.01,129,0,51.1,22.49,2.62,0
12/04/2023,15:09,551,133,0,40.98,21.92,2.48,0
12/04/2023,16:09,422,91,0,29.66,20.85,2.41,0
12/04/2023,17:09,139,111,0,17.85,19.41,2.28,0
12/04/2023,18:09,26,35,0,5.94,17.49,2.48,0
12/04/2023,19:09,0,0,0,0,15.68,2.21,0
12/04/2023,20:09,0,0,0,0,14.43,2,0
12/04/2023,21:09,0,0,0,0,13.56,1.79,0
12/04/2023,22:09,0,0,0,0,12.82,1.38,0
12/04/2023,23:09,0,0,0,0,12.25,1.17,0
13/04/2023,00:09,0,0,0,0,11.52,1.66,0
13/04/2023,01:09,0,0,0,0,10.67,1.79,0
13/04/2023,02:09,0,0,0,0,9.86,1.79,0
13/04/2023,03:09,0,0,0,0,9,2.14,0
13/04/2023,04:09,0,0,0,0,7.98,2.62,0
13/04/2023,05:09,0,0,0,0,6.99,3.03,0
13/04/2023,06:09,3,25.32,0,4.85,6.39,3.59,0
13/04/2023,07:09,169,83,0,16.75,8.42,3.86,0
13/04/2023,08:09,355,115,0,28.6,10.38,4,0
13/04/2023,09:09,538,132,0,40.02,12.58,3.93,0
13/04/2023,10:09,711.01,129,0,50.36,14.98,3.59,0
13/04/2023,11:09,810.01,133,0,58.34,16.59,3.03,0
13/04/2023,12:09,870.01,121,0,61.73,17.86,2.07,0
13/04/2023,13:09,828.01,127,0,58.96,18.75,1.66,0
13/04/2023,14:09,734.01,124,0,51.35,19.07,1.17,0
13/04/2023,15:09,578,121,0,41.18,18.89,1.24,0
13/04/2023,16:09,373,118,0,29.84,18.15,1.38,0
13/04/2023,17:09,218,72,0,18.01,17.02,1.31,0
13/04/2023,18:09,41,31,0,6.1,15.56,1.38,0
13/04/2023,19:09,0,0,0,0,13.74,1.52,0
13/04/2023,20:09,0,0,0,0,12.72,1.52,0
13/04/2023,21:09,0,0,0,0,11.42,1.45,0
13/04/2023,22:09,0,0,0,0,10.04,1.45,0
13/04/2023,23:09,0,0,0,0,9.05,1.52,0
14/04/2023,00:09,0,0,0,0,8.45,1.24,0
14/04/2023,01:09,0,0,0,0,7.67,1.86,0
14/04/2023,02:09,0,0,0,0,6.87,2.55,0
14/04/2023,03:09,0,0,0,0,6.26,3.1,0
14/04/2023,04:09,0,0,0,0,5.89,3.45,0
14/04/2023,05:09,0,0,0,0,5.53,3.79,0
14/04/2023,06:09,2,25.57,0,5.12,5.21,4.14,0
14/04/2023,07:09,155,91,0,17.02,7.4,4.48,0
14/04/2023,08:09,317,136,0,28.87,11.74,4.55,0
14/04/2023,09:09,531,132,0,40.31,14.18,4.48,0
14/04/2023,10:09,701.01,130,0,50.68,16.09,4.21,0
14/04/2023,11:09,821.01,122,0,58.69,17.62,3.52,0
14/04/2023,12:09,900.01,99,0,62.09,18.83,2.55,0
14/04/2023,13:09,827.01,122,0,59.27,19.69,2.07,0
14/04/2023,14:09,732.01,120,0,51.59,19.97,2,0
14/04/2023,15:09,546,134,0,41.37,19.55,1.86,0
14/04/2023,16:09,378,113,0,30.01,18.86,1.79,0
14/04/2023,17:09,193,83,0,18.17,17.79,1.72,0
14/04/2023,18:09,2,34,0,6.27,16.45,1.66,0
14/04/2023,19:09,0,0,0,0,15.33,1.52,0
14/04/2023,20:09,0,0,0,0,14.23,1.24,0
14/04/2023,21:09,0,0,0,0,13.23,1.03,0
14/04/2023,22:09,0,0,0,0,12.26,1.1,0
14/04/2023,23:09,0,0,0,0,11.21,1.1,0
15/04/2023,00:09,0,0,0,0,10.14,0.76,0
15/04/2023,01:09,0,0,0,0,9.13,0.83,0
15/04/2023,02:09,0,0,0,0,8.27,1.24,0
15/04/2023,03:09,0,0,0,0,8.11,1.66,0
15/04/2023,04:09,0,0,0,0,7.95,2.14,0
15/04/2023,05:09,0,0,0,0,7.42,2.83,0
15/04/2023,06:09,7,30.24,0,5.39,6.85,3.45,0
15/04/2023,07:09,188,77,0,17.28,9.75,3.72,0
15/04/2023,08:09,376,106,0,29.14,13.08,3.79,0
15/04/2023,09:09,536,133,0,40.59,15.67,3.86,0
15/04/2023,10:09,706.01,130,0,51,17.88,3.72,0
15/04/2023,11:09,804.01,134,0,59.05,19.78,3.17,0
15/04/2023,12:09,851.01,129,0,62.45,21.25,2,0
15/04/2023,13:09,820.01,128,0,59.57,22.18,1.31,0
15/04/2023,14:09,707.01,136,0,51.83,22.54,0.83,0
15/04/2023,15:09,572,123,0,41.57,22.44,0.62,0
15/04/2023,16:09,381,114,0,30.17,21.87,0.48,0
15/04/2023,17:09,204,80,0,18.33,20.85,0.41,0
15/04/2023,18:09,40,34,0,6.43,19.4,0.34,0
15/04/2023,19:09,0,0,0,0,17.52,0.34,0
15/04/2023,20:09,0,0,0,0,16.24,0.34,0
15/04/2023,21:09,0,0,0,0,14.79,0.34,0
15/04/2023,22:09,0,0,0,0,14.57,0.28,0
15/04/2023,23:09,0,0,0,0,13.76,0.21,0
16/04/2023,00:09,0,0,0,0,13.1,0.48,0
16/04/2023,01:09,0,0,0,0,12.63,1.17,0
16/04/2023,02:09,0,0,0,0,12.05,1.24,0
16/04/2023,03:09,0,0,0,0,11.43,1.45,0
16/04/2023,04:09,0,0,0,0,10.93,1.86,0
16/04/2023,05:09,0,0,0,0,10.46,2.28,0
16/04/2023,06:09,33,22.6,0,5.65,10.1,2.69,0
16/04/2023,07:09,198,77,0,17.54,10.98,2.97,0
16/04/2023,08:09,380,109,0,29.41,13.49,3.03,0
16/04/2023,09:09,546,133,0,40.88,15.73,2.76,0
16/04/2023,10:09,718.01,129,0,51.31,17.93,2.28,0
16/04/2023,11:09,805.01,139,0,59.4,19.93,1.45,0
16/04/2023,12:09,863.01,128,0,62.81,21.51,1.17,0
16/04/2023,13:09,821.01,133,0,59.88,22.58,1.17,0
16/04/2023,14:09,728.01,129,0,52.06,23.12,1.38,0
16/04/2023,15:09,566,130,0,41.76,23.02,1.31,0
16/04/2023,16:09,384,115,0,30.34,22.25,1.17,0
16/04/2023,17:09,207,82,0,18.49,20.88,0.97,0
16/04/2023,18:09,45,34,0,6.59,19.16,0.83,0
16/04/2023,19:09,0,0,0,0,17.64,0.83,0
16/04/2023,20:09,0,0,0,0,15.53,0.83,0
16/04/2023,21:09,0,0,0,0,13.54,0.9,0
16/04/2023,22:09,0,0,0,0,11.81,0.97,0
16/04/2023,23:09,0,0,0,0,10.43,1.03,0
17/04/2023,00:09,0,0,0,0,9.92,0.55,0
17/04/2023,01:09,0,0,0,0,9.8,0.69,0
17/04/2023,02:09,0,0,0,0,9.41,1.17,0
17/04/2023,03:09,0,0,0,0,8.82,1.31,0
17/04/2023,04:09,0,0,0,0,8.16,1.52,0
17/04/2023,05:09,0,0,0,0,7.5,1.93,0
17/04/2023,06:09,37,31,0,5.92,7.08,2.14,0
17/04/2023,07:09,202,79,0,17.8,10.3,2,0
17/04/2023,08:09,391,108,0,29.67,13.92,1.86,0
17/04/2023,09:09,559,132,0,41.16,16.4,1.59,0
17/04/2023,10:09,732.01,129,0,51.62,18.38,1.45,0
17/04/2023,11:09,820.01,138,0,59.74,19.98,1.72,0
17/04/2023,12:09,878.01,127,0,63.16,21.23,1.93,0
17/04/2023,13:09,835.01,132,0,60.18,22.05,1.86,0
17/04/2023,14:09,741.01,128,0,52.3,22.35,1.59,0
17/04/2023,15:09,560,139,0,41.95,22.26,1.45,0
17/04/2023,16:09,358,136,0,30.51,21.63,1.31,0
17/04/2023,17:09,126,126,0,18.65,20.55,1.31,0
17/04/2023,18:09,13,44,0,6.76,18.8,1.24,0
17/04/2023,19:09,0,0,0,0,16.48,1.24,0
17/04/2023,20:09,0,0,0,0,14.24,1.24,0
17/04/2023,21:09,0,0,0,0,12.84,1.24,0
17/04/2023,22:09,0,0,0,0,11.69,1.24,0
17/04/2023,23:09,0,0,0,0,10.58,1.24,0
18/04/2023,00:09,0,0,0,0,9.43,0.97,0
18/04/2023,01:09,0,0,0,0,8.66,1.31,0
18/04/2023,02:09,0,0,0,0,8.09,1.52,0
18/04/2023,03:09,0,0,0,0,7.54,1.79,0
18/04/2023,04:09,0,0,0,0,7.1,1.79,0
18/04/2023,05:09,0,0,0,0,6.65,1.72,0
18/04/2023,06:09,37,33,0,6.17,6.36,1.79,0
18/04/2023,07:09,204,79,0,18.05,8.69,1.93,0
18/04/2023,08:09,384,112,0,29.93,13.12,2.21,0
18/04/2023,09:09,555,134,0,41.43,15.87,2.69,0
18/04/2023,10:09,728.01,129,0,51.92,18.01,3.03,0
18/04/2023,11:09,814.01,139,0,60.08,19.61,3.03,0
18/04/2023,12:09,871.01,128,0,63.52,20.7,2.55,0
18/04/2023,13:09,840.01,127,0,60.47,21.44,2.34,0
18/04/2023,14:09,735.01,129,0,52.53,21.74,1.93,0
18/04/2023,15:09,573,130,0,42.13,21.48,1.72,0
18/04/2023,16:09,396,113,0,30.67,20.6,1.59,0
18/04/2023,17:09,213,82,0,18.81,18.98,1.45,0
18/04/2023,18:09,49,36,0,6.92,16.85,1.31,0
18/04/2023,19:09,0,0,0,0,14.69,1.24,0
18/04/2023,20:09,0,0,0,0,12.85,1.31,0
18/04/2023,21:09,0,0,0,0,11.57,1.31,0
18/04/2023,22:09,0,0,0,0,10.5,1.24,0
18/04/2023,23:09,0,0,0,0,9.53,1.1,0
19/04/2023,00:09,0,0,0,0,8.67,1.1,0
19/04/2023,01:09,0,0,0,0,7.83,1.59,0
19/04/2023,02:09,0,0,0,0,7.29,1.86,0
19/04/2023,03:09,0,0,0,0,6.82,2.14,0
19/04/2023,04:09,0,0,0,0,6.38,2.21,0
19/04/2023,05:09,0,0,0,0,6.41,1.93,0
19/04/2023,06:09,4,37,0,6.43,6.43,1.59,0
19/04/2023,07:09,142,110,0,18.3,8.16,1.31,0
19/04/2023,08:09,201,207,0,30.18,10.04,1.45,0
19/04/2023,09:09,492,165,0,41.7,12.58,1.38,0
19/04/2023,10:09,78,398,0,52.22,15.49,1.52,0
19/04/2023,11:09,138,449,0,60.42,17.95,1.79,0
19/04/2023,12:09,678.01,234,0,63.86,19.1,1.52,0
19/04/2023,13:09,796.01,142,0,60.77,19.88,1.38,0
19/04/2023,14:09,556,227,0,52.76,19.81,1.24,0
19/04/2023,15:09,519,154,0,42.32,20.03,1.24,0
19/04/2023,16:09,409,102,0,30.84,18.96,1.24,0
19/04/2023,17:09,38,145,0,18.97,17.76,1.03,0
19/04/2023,18:09,11,46,0,7.08,16.62,0.76,0
19/04/2023,19:09,0,0,0,0,14.58,0.41,0
19/04/2023,20:09,0,0,0,0,13.73,0.41,0
19/04/2023,21:09,0,0,0,0,13.08,0.69,0
19/04/2023,22:09,0,0,0,0,12.54,0.76,0
19/04/2023,23:09,0,0,0,0,11.95,0.83,0
20/04/2023,00:09,0,0,0,0,11.47,0.48,0
20/04/2023,01:09,0,0,0,0,10.92,0.76,0
20/04/2023,02:09,0,0,0,0,10.31,1.24,0
20/04/2023,03:09,0,0,0,0,10.13,1.59,0
20/04/2023,04:09,0,0,0,0,9.43,2.21,0
20/04/2023,05:09,0,0,0,0,9.02,2.41,0
20/04/2023,06:09,41,36,0,6.68,8.79,2.48,0
20/04/2023,07:09,202,83,0,18.55,10.92,2.48,0
20/04/2023,08:09,387,111,0,30.43,13.67,2.41,0
20/04/2023,09:09,573,123,0,41.97,16.16,2.14,0
20/04/2023,10:09,729.01,126,0,52.52,18.62,1.86,0
20/04/2023,11:09,825.01,129,0,60.76,20.18,1.59,0
20/04/2023,12:09,871.01,124,0,64.21,20.75,1.52,0
20/04/2023,13:09,828.01,129,0,61.06,21.48,0.76,0
20/04/2023,14:09,725.01,131,0,52.98,22.04,0.55,0
20/04/2023,15:09,565,131,0,42.5,22.13,0.9,0
20/04/2023,16:09,395,112,0,31,21.64,1.24,0
20/04/2023,17:09,227,76,0,19.12,20.88,1.24,0
20/04/2023,18:09,48,38,0,7.24,20.07,1.24,0
20/04/2023,19:09,0,0,0,0,18.92,1.24,0
20/04/2023,20:09,0,0,0,0,17.23,1.31,0
20/04/2023,21:09,0,0,0,0,16.69,1.24,0
20/04/2023,22:09,0,0,0,0,15.08,1.1,0
20/04/2023,23:09,0,0,0,0,13.19,1.03,0
21/04/2023,00:09,0,0,0,0,12.34,0.55,0
21/04/2023,01:09,0,0,0,0,11.79,0.28,0
21/04/2023,02:09,0,0,0,0,11.16,0.21,0
21/04/2023,03:09,0,0,0,0,10.46,0.76,0
21/04/2023,04:09,0,0,0,0,10.24,1.72,0
21/04/2023,05:09,0,0,0,0,10.39,2.07,0
21/04/2023,06:09,44,38,0,6.93,10.35,2.28,0
21/04/2023,07:09,210,82,0,18.79,13.25,2.34,0
21/04/2023,08:09,402,108,0,30.68,15.96,2.28,0
21/04/2023,09:09,584,122,0,42.23,18.02,2.48,0
21/04/2023,10:09,761.01,113,0,52.81,19.91,2.62,0
21/04/2023,11:09,837.01,128,0,61.09,21.49,2.14,0
21/04/2023,12:09,907.01,109,0,64.55,22.62,1.66,0
21/04/2023,13:09,851.01,122,0,61.34,23.13,1.31,0
21/04/2023,14:09,630,193,0,53.2,23.28,0.83,0
21/04/2023,15:09,449,206,0,42.68,23.17,0.69,0
21/04/2023,16:09,220,211,0,31.16,22.46,0.76,0
21/04/2023,17:09,63,150,0,19.28,21.3,0.9,0
21/04/2023,18:09,26,48,0,7.4,19.66,1.03,0
21/04/2023,19:09,0,0,0,0,17.96,1.1,0
21/04/2023,20:09,0,0,0,0,16.49,0.97,0
21/04/2023,21:09,0,0,0,0,14.8,0.9,0
21/04/2023,22:09,0,0,0,0,14.41,1.1,0
21/04/2023,23:09,0,0,0,0,13.38,1.17,0
22/04/2023,00:09,0,0,0,0,12.08,0.83,0
22/04/2023,01:09,0,0,0,0,10.96,1.1,0
22/04/2023,02:09,0,0,0,0,10.18,1.45,0
22/04/2023,03:09,0,0,0,0,10.07,1.66,0
22/04/2023,04:09,0,0,0,0,9.72,2.14,0
22/04/2023,05:09,0,0,0,0,8.81,2.55,0
22/04/2023,06:09,12,46,0,7.17,8.2,2.83,0
22/04/2023,07:09,65,145,0,19.03,10.64,2.97,0
22/04/2023,08:09,371,122,0,30.92,12.48,3.1,0
22/04/2023,09:09,48,325,0,42.49,14.18,3.03,0
22/04/2023,10:09,264,375,0,53.1,15.33,2.76,0
22/04/2023,11:09,244,434,0,61.42,17.37,2.34,0
22/04/2023,12:09,531,323,0,64.89,18.12,1.52,0
22/04/2023,13:09,724.01,188,0,61.63,18.5,1.1,0
22/04/2023,14:09,415,309,0,53.42,19.06,0.83,0
22/04/2023,15:09,561,133,0,42.86,19.05,0.62,0
22/04/2023,16:09,369,127,0,31.32,18.1,0.55,0
22/04/2023,17:09,138,123,0,19.43,16.46,0.62,0
22/04/2023,18:09,3,41,0,7.56,15.52,0.69,0
22/04/2023,19:09,0,0,0,0,15.03,0.76,0
22/04/2023,20:09,0,0,0,0,14.14,0.83,0
22/04/2023,21:09,0,0,0,0,13.02,0.83,0
22/04/2023,22:09,0,0,0,0,12.73,0.9,0
22/04/2023,23:09,0,0,0,0,12.09,0.9,0
23/04/2023,00:09,0,0,0,0,11.34,0.28,0
23/04/2023,01:09,0,0,0,0,10.69,0.21,0
23/04/2023,02:09,0,0,0,0,9.93,0.41,0
23/04/2023,03:09,0,0,0,0,9.33,0.41,0
23/04/2023,04:09,0,0,0,0,8.67,0.62,0
23/04/2023,05:09,0,0,0,0,8.12,1.31,0
23/04/2023,06:09,54,38,0,7.41,7.83,1.93,0
23/04/2023,07:09,210,87,0,19.27,9.93,2.48,0
23/04/2023,08:09,384,121,0,31.16,13.06,2.97,0
23/04/2023,09:09,565,135,0,42.74,15.55,3.31,0
23/04/2023,10:09,725.01,136,0,53.38,17.67,3.31,0
23/04/2023,11:09,840.01,129,0,61.74,19.53,2.97,0
23/04/2023,12:09,886.01,122,0,65.22,21.12,2,0
23/04/2023,13:09,842.01,128,0,61.91,22.32,1.45,0
23/04/2023,14:09,737.01,131,0,53.64,23.01,0.76,0
23/04/2023,15:09,592,123,0,43.04,23.13,0.34,0
23/04/2023,16:09,400,116,0,31.48,22.66,0.21,0
23/04/2023,17:09,217,86,0,19.59,21.7,0.34,0
23/04/2023,18:09,54,41,0,7.72,20.28,0.34,0
23/04/2023,19:09,0,0,0,0,18.78,0.28,0
23/04/2023,20:09,0,0,0,0,17.36,0.28,0
23/04/2023,21:09,0,0,0,0,16.18,0.28,0
23/04/2023,22:09,0,0,0,0,15.75,0.62,0
23/04/2023,23:09,0,0,0,0,14.95,0.9,0
24/04/2023,00:09,0,0,0,0,14.4,0.48,0
24/04/2023,01:09,0,0,0,0,14.07,0.28,0
24/04/2023,02:09,0,0,0,0,13.85,0.69,0
24/04/2023,03:09,0,0,0,0,13.55,0.28,0
24/04/2023,04:09,0,0,0,0,13.17,0.69,0
24/04/2023,05:09,0,0,0,0,12.74,1.31,0
24/04/2023,06:09,53,41,0,7.64,12.32,1.86,0
24/04/2023,07:09,218,85,0,19.5,13.6,2.34,0
24/04/2023,08:09,405,112,0,31.4,16.46,2.9,0
24/04/2023,09:09,583,127,0,42.99,19.05,3.31,0
24/04/2023,10:09,736.01,131,0,53.65,21.05,3.24,0
24/04/2023,11:09,842.01,128,0,62.06,22.52,2.76,0
24/04/2023,12:09,887.01,123,0,65.55,23.72,2.07,0
24/04/2023,13:09,843.01,128,0,62.19,24.59,1.72,0
24/04/2023,14:09,748.01,126,0,53.85,25.12,1.24,0
24/04/2023,15:09,593,124,0,43.21,25.19,0.83,0
24/04/2023,16:09,396,119,0,31.63,24.73,0.83,0
24/04/2023,17:09,213,89,0,19.74,23.77,0.97,0
24/04/2023,18:09,57,41,0,7.88,22.37,0.97,0
24/04/2023,19:09,0,0,0,0,20.93,1.17,0
24/04/2023,20:09,0,0,0,0,19.32,1.31,0
24/04/2023,21:09,0,0,0,0,17.45,1.38,0
24/04/2023,22:09,0,0,0,0,17.66,1.31,0
24/04/2023,23:09,0,0,0,0,16.9,1.31,0
25/04/2023,00:09,0,0,0,0,16.11,0.76,0
25/04/2023,01:09,0,0,0,0,15.52,1.03,0
25/04/2023,02:09,0,0,0,0,14.23,1.72,0
25/04/2023,03:09,0,0,0,0,12.92,2.28,0
25/04/2023,04:09,0,0,0,0,12.52,2.62,0
25/04/2023,05:09,0,0,0,0,12.53,2.83,0
25/04/2023,06:09,57,42,0,7.88,12.4,3.17,0
25/04/2023,07:09,225,84,0,19.72,15.88,3.45,0
25/04/2023,08:09,407,113,0,31.62,19.2,3.59,0
25/04/2023,09:09,585,128,0,43.23,21.48,3.45,0
25/04/2023,10:09,769.01,114,0,53.93,23.22,3.31,0
25/04/2023,11:09,844.01,128,0,62.37,24.54,2.9,0
25/04/2023,12:09,877.01,129,0,65.88,25.67,2,0
25/04/2023,13:09,833.01,135,0,62.46,26.54,1.38,0
25/04/2023,14:09,750.01,125,0,54.07,26.96,0.76,0
25/04/2023,15:09,595,124,0,43.39,26.91,0.55,0
25/04/2023,16:09,409,113,0,31.79,26.38,0.69,0
25/04/2023,17:09,223,86,0,19.89,25.46,0.69,0
25/04/2023,18:09,57,42,0,8.04,24.11,0.76,0
25/04/2023,19:09,0,0,0,0,22.48,0.83,0
25/04/2023,20:09,0,0,0,0,20.93,0.97,0
25/04/2023,21:09,0,0,0,0,20,1.1,0
25/04/2023,22:09,0,0,0,0,19.23,1.24,0
25/04/2023,23:09,0,0,0,0,18.05,1.38,0
26/04/2023,00:09,0,0,0,0,17.23,0.62,0
26/04/2023,01:09,0,0,0,0,16.58,0.55,0
26/04/2023,02:09,0,0,0,0,16.07,0.48,0
26/04/2023,03:09,0,0,0,0,15.57,0.14,0
26/04/2023,04:09,0,0,0,0,14.95,0.62,0
26/04/2023,05:09,0,0,0,0,13.76,1.45,0
26/04/2023,06:09,63,41,0,8.1,12.92,2.14,0
26/04/2023,07:09,235,83,0,19.95,16.98,2.62,0
26/04/2023,08:09,416,113,0,31.85,20.57,2.9,0
26/04/2023,09:09,595,127,0,43.47,22.99,3.03,0
26/04/2023,10:09,749.01,131,0,54.19,24.86,2.97,0
26/04/2023,11:09,843.01,134,0,62.68,26.41,2.41,0
26/04/2023,12:09,900.01,122,0,66.21,27.77,1.59,0
26/04/2023,13:09,844.01,133,0,62.73,28.73,1.03,0
26/04/2023,14:09,760.01,125,0,54.27,29.2,0.9,0
26/04/2023,15:09,612,119,0,43.56,29.19,0.9,0
26/04/2023,16:09,417,112,0,31.95,28.73,0.97,0
26/04/2023,17:09,239,81,0,20.04,27.77,1.17,0
26/04/2023,18:09,49,48,0,8.2,26.35,1.24,0
26/04/2023,19:09,0,0,0,0,24.71,1.31,0
26/04/2023,20:09,0,0,0,0,22.52,1.24,0
26/04/2023,21:09,0,0,0,0,21.96,1.17,0
26/04/2023,22:09,0,0,0,0,21.38,1.31,0
26/04/2023,23:09,0,0,0,0,20.4,1.52,0
27/04/2023,00:09,0,0,0,0,19.01,1.24,0
27/04/2023,01:09,0,0,0,0,18.11,1.17,0
27/04/2023,02:09,0,0,0,0,17.46,0.9,0
27/04/2023,03:09,0,0,0,0,17.69,0.69,0
27/04/2023,04:09,0,0,0,0,17.92,1.24,0
27/04/2023,05:09,0,0,0,0,16.97,1.86,0
27/04/2023,06:09,27,56,0,8.33,15.02,2.41,0
27/04/2023,07:09,83,152,0,20.16,16.48,2.76,0
27/04/2023,08:09,399,120,0,32.07,22.83,3.1,0
27/04/2023,09:09,579,133,0,43.7,25.49,3.24,0
27/04/2023,10:09,729,137,0,54.46,27.16,3.03,0
27/04/2023,11:09,843.01,129,0,62.98,28.31,2.21,0
27/04/2023,12:09,770.01,192,0,66.53,29.27,1.17,0
27/04/2023,13:09,770.01,171,0,63,30.02,0.9,0
27/04/2023,14:09,132,417,0,54.48,29.8,0.97,0
27/04/2023,15:09,435,218,0,43.73,29.69,1.17,0
27/04/2023,16:09,356,145,0,32.1,29.14,1.38,0
27/04/2023,17:09,212,93,0,20.19,28.38,1.52,0
27/04/2023,18:09,16,56,0,8.36,27.24,1.66,0
27/04/2023,19:09,0,0,0,0,26.01,1.79,0
27/04/2023,20:09,0,0,0,0,23.88,1.79,0
27/04/2023,21:09,0,0,0,0,22.75,1.79,0
27/04/2023,22:09,0,0,0,0,21.09,1.86,0
27/04/2023,23:09,0,0,0,0,19.43,1.72,0
28/04/2023,00:09,0,0,0,0,17.94,1.52,0
28/04/2023,01:09,0,0,0,0,16.54,1.79,0
28/04/2023,02:09,0,0,0,0,15.21,1.93,0
28/04/2023,03:09,0,0,0,0,14.5,1.66,0
28/04/2023,04:09,0,0,0,0,14.17,2.07,0
28/04/2023,05:09,0,0,0,0,13.68,2.76,0
28/04/2023,06:09,8,55,0,8.55,13.74,3.17,0
28/04/2023,07:09,143,129,0,20.38,17.8,2.34,0
28/04/2023,08:09,318,165,0,32.29,23.8,0.21,0
28/04/2023,09:09,394,238,0,43.93,26.99,0.62,0
28/04/2023,10:09,373,336,0,54.71,29.18,0.97,0
28/04/2023,11:09,1,300,0,63.28,30.51,1.59,0
28/04/2023,12:09,86,465,0,66.84,30.94,1.24,0
28/04/2023,13:09,0,235,0,63.26,30.4,0.83,0
28/04/2023,14:09,1,265,0,54.68,28.14,0.69,0
28/04/2023,15:09,0,219,0,43.9,27.04,1.1,0
28/04/2023,16:09,0,136,0,32.25,27.61,1.38,0
28/04/2023,17:09,0,90,0,20.34,27.66,1.45,0
28/04/2023,18:09,0,34,0,8.51,26.01,1.66,0
28/04/2023,19:09,0,0,0,0,25.44,1.59,0
28/04/2023,20:09,0,0,0,0,23.61,1.38,0
28/04/2023,21:09,0,0,0,0,22.65,1.24,0
28/04/2023,22:09,0,0,0,0,19.94,1.31,0
28/04/2023,23:09,0,0,0,0,18.22,1.17,0
29/04/2023,00:09,0,0,0,0,17.04,0.97,0
29/04/2023,01:09,0,0,0,0,16.16,1.79,0
29/04/2023,02:09,0,0,0,0,15.53,2.14,0
29/04/2023,03:09,0,0,0,0,15.26,2.48,0
29/04/2023,04:09,0,0,0,0,14.98,3.03,0
29/04/2023,05:09,0,0,0,0,14.44,3.72,0
29/04/2023,06:09,0,9,0,8.76,14.45,3.24,0
29/04/2023,07:09,0,79,0,20.59,17.28,3.93,0
29/04/2023,08:09,71,259,0,32.5,20.34,4.07,0
29/04/2023,09:09,340,269,0,44.15,22,3.86,0
29/04/2023,10:09,215,401,0,54.96,23.59,4,0
29/04/2023,11:09,778.01,162,0,63.58,24.89,3.59,0
29/04/2023,12:09,208,466,0,67.15,25.12,1.79,0
29/04/2023,13:09,0,169,0,63.52,23.2,1.17,0
29/04/2023,14:09,788.01,102,0,54.88,23.92,1.1,0
29/04/2023,15:09,545,150,0,44.06,23.84,0.97,0
29/04/2023,16:09,177,235,0,32.4,21.55,0.76,0
29/04/2023,17:09,211,94,0,20.49,20.85,0.76,0
29/04/2023,18:09,64,45,0,8.67,20.18,0.9,0
29/04/2023,19:09,0,0,0,0,16.52,0.9,0
29/04/2023,20:09,0,0,0,0,15.94,0.97,0
29/04/2023,21:09,0,0,0,0,15.41,1.03,0
29/04/2023,22:09,0,0,0,0,14.59,1.1,0
29/04/2023,23:09,0,0,0,0,14.71,1.03,0
30/04/2023,00:09,0,0,0,0,14.53,0.76,0
30/04/2023,01:09,0,0,0,0,13.84,0.76,0
30/04/2023,02:09,0,0,0,0,13.54,0.55,0
30/04/2023,03:09,0,0,0,0,13.22,0.69,0
30/04/2023,04:09,0,0,0,0,12.66,1.03,0
30/04/2023,05:09,0,0,0,0,12.15,1.31,0
30/04/2023,06:09,23,62,0,8.97,12.31,1.86,0
30/04/2023,07:09,153,130,0,20.79,15.25,2.21,0
30/04/2023,08:09,127,255,0,32.7,18.5,1.93,0
30/04/2023,09:09,513,176,0,44.37,20.35,0.97,0
30/04/2023,10:09,673,172,0,55.21,22.07,1.52,0
30/04/2023,11:09,674,232,0,63.87,23.13,1.93,0
30/04/2023,12:09,619,285,0,67.46,23.96,0.41,0
30/04/2023,13:09,244,444,0,63.78,24.18,0.55,0
30/04/2023,14:09,0,118,0,55.08,24.53,0.21,0
30/04/2023,15:09,14,296,0,44.23,22.98,0.9,0
30/04/2023,16:09,53,256,0,32.55,21.91,1.03,0
30/04/2023,17:09,20,151,0,20.64,20.57,0.97,0
30/04/2023,18:09,9,57,0,8.82,18.07,0.83,0
30/04/2023,19:09,0,0,0,0,18.36,0.9,0
30/04/2023,20:09,0,0,0,0,17.64,0.97,0
30/04/2023,21:09,0,0,0,0,16.78,1.03,0
30/04/2023,22:09,0,0,0,0,15.48,0.97,0
30/04/2023,23:09,0,0,0,0,14.8,0.69,0
01/05/2023,00:09,0,0,0,0,14.41,0.28,0
01/05/2023,01:09,0,0,0,0,14.43,0.55,0
01/05/2023,02:09,0,0,0,0,13.81,0.9,0
01/05/2023,03:09,0,0,0,0,13.25,1.38,0
01/05/2023,04:09,0,0,0,0,12.79,2,0
01/05/2023,05:09,0,0,0,0,12.71,2.34,0
01/05/2023,06:09,69,50,0,9.18,12.97,2.28,0
01/05/2023,07:09,244,90,0,20.99,14.17,2.14,0
01/05/2023,08:09,446,108,0,32.9,17.04,2.14,0
01/05/2023,09:09,614,127,0,44.59,19.34,2.07,0
01/05/2023,10:09,752,137,0,55.45,21.14,2.21,0
01/05/2023,11:09,846.01,140,0,64.15,22.53,2.14,0
01/05/2023,12:09,901.01,128,0,67.77,23.48,1.66,0
01/05/2023,13:09,844.01,140,0,64.03,24.03,1.1,0
01/05/2023,14:09,729,148,0,55.28,24.64,0.83,0
01/05/2023,15:09,594,135,0,44.39,24.89,0.34,0
01/05/2023,16:09,409,124,0,32.7,24.67,0.62,0
01/05/2023,17:09,223,96,0,20.79,24.12,1.03,0
01/05/2023,18:09,66,49,0,8.98,23.13,1.1,0
01/05/2023,19:09,0,0,0,0,21.56,1.17,0
01/05/2023,20:09,0,0,0,0,20.03,1.24,0
01/05/2023,21:09,0,0,0,0,18.79,1.24,0
01/05/2023,22:09,0,0,0,0,18.63,1.24,0
01/05/2023,23:09,0,0,0,0,17.96,1.17,0
02/05/2023,00:09,0,0,0,0,16.68,1.03,0
02/05/2023,01:09,0,0,0,0,15.11,1.38,0
02/05/2023,02:09,0,0,0,0,13.45,1.72,0
02/05/2023,03:09,0,0,0,0,12.31,1.86,0
02/05/2023,04:09,0,0,0,0,11.48,1.86,0
02/05/2023,05:09,0,0,0,0,10.85,1.72,0
02/05/2023,06:09,64,53,0,9.38,10.92,1.59,0
02/05/2023,07:09,0,0,0,0,14.31,1.52,0
02/05/2023,08:09,399,133,0,33.1,17.89,1.66,0
02/05/2023,09:09,584,143,0,44.79,20.62,1.93,0
02/05/2023,10:09,723,154,0,55.69,22.54,2.34,0
02/05/2023,11:09,847.01,140,0,64.43,23.92,2.69,0
02/05/2023,12:09,902.01,128,0,68.07,24.9,2.48,0
02/05/2023,13:09,777.01,177,0,64.28,25.48,2.14,0
02/05/2023,14:09,254,397,0,55.47,25.85,1.79,0
02/05/2023,15:09,59,344,0,44.55,25.85,1.59,0
02/05/2023,16:09,131,257,0,32.85,25.48,1.59,0
02/05/2023,17:09,68,162,0,20.93,24.63,1.72,0
02/05/2023,18:09,12,61,0,9.13,23.04,1.66,0
02/05/2023,19:09,0,0,0,0,20.7,1.59,0
02/05/2023,20:09,0,0,0,0,19.08,1.72,0
02/05/2023,21:09,0,0,0,0,17.87,1.66,0
02/05/2023,22:09,0,0,0,0,16.73,1.59,0
02/05/2023,23:09,0,0,0,0,15.71,1.45,0
03/05/2023,00:09,0,0,0,0,14.62,1.59,0
03/05/2023,01:09,0,0,0,0,13.48,2,0
03/05/2023,02:09,0,0,0,0,12.21,2.14,0
03/05/2023,03:09,0,0,0,0,11.43,1.93,0
03/05/2023,04:09,0,0,0,0,11.54,1.86,0
03/05/2023,05:09,0,0,0,0,10.94,1.86,0
03/05/2023,06:09,71,53,0,9.58,10.8,1.86,0
03/05/2023,07:09,247,92,0,21.38,14.44,1.45,0
03/05/2023,08:09,429,119,0,33.29,17.78,1.24,0
03/05/2023,09:09,601,136,0,45,20.52,1.59,0
03/05/2023,10:09,734,148,0,55.92,22.83,1.79,0
03/05/2023,11:09,137,469,0,64.7,24.61,1.52,0
03/05/2023,12:09,822.01,171,0,68.36,25.65,1.31,0
03/05/2023,13:09,868.01,128,0,64.53,26.57,1.31,0
03/05/2023,14:09,614,217,0,55.66,26.77,1.31,0
03/05/2023,15:09,241,322,0,44.71,26.97,1.31,0
03/05/2023,16:09,221,225,0,32.99,26.32,1.24,0
03/05/2023,17:09,18,153,0,21.08,25.23,1.31,0
03/05/2023,18:09,17,63,0,9.29,24.09,1.38,0
03/05/2023,19:09,0,0,0,0,22.36,1.45,0
03/05/2023,20:09,0,0,0,0,20.31,1.45,0
03/05/2023,21:09,0,0,0,0,18.03,1.31,0
03/05/2023,22:09,0,0,0,0,16.41,1.1,0
03/05/2023,23:09,0,0,0,0,15.33,0.9,0
04/05/2023,00:09,0,0,0,0,14.37,0.76,0
04/05/2023,01:09,0,0,0,0,13.62,1.1,0
04/05/2023,02:09,0,0,0,0,12.94,1.17,0
04/05/2023,03:09,0,0,0,0,12.42,1.1,0
04/05/2023,04:09,0,0,0,0,12.2,1.03,0
04/05/2023,05:09,0,0,0,0,11.99,1.17,0
04/05/2023,06:09,47,65,0,9.77,12.12,1.45,0
04/05/2023,07:09,151,143,0,21.56,13.91,1.72,0
04/05/2023,08:09,171,253,0,33.48,16.44,2,0
04/05/2023,09:09,461,223,0,45.19,18.45,2.28,0
04/05/2023,10:09,461,313,0,56.14,20.48,2.41,0
04/05/2023,11:09,705,232,0,64.97,22.29,2.41,0
04/05/2023,12:09,775.01,209,0,68.65,23.76,2,0
04/05/2023,13:09,46,439,0,64.77,24.36,1.24,0
04/05/2023,14:09,13,349,0,55.85,24.67,0.9,0
04/05/2023,15:09,632,122,0,44.87,24.49,0.55,0
04/05/2023,16:09,383,145,0,33.14,24.12,0.48,0
04/05/2023,17:09,230,99,0,21.22,23.47,0.69,0
04/05/2023,18:09,71,51,0,9.44,22.43,0.76,0
04/05/2023,19:09,0,0,0,0,20.76,0.83,0
04/05/2023,20:09,0,0,0,0,19.41,0.9,0
04/05/2023,21:09,0,0,0,0,17.9,1.03,0
04/05/2023,22:09,0,0,0,0,17.82,1.1,0
04/05/2023,23:09,0,0,0,0,17.02,1.1,0
05/05/2023,00:09,0,0,0,0,16.38,0.34,0
05/05/2023,01:09,0,0,0,0,15.8,0.41,0
05/05/2023,02:09,0,0,0,0,15.35,0.55,0
05/05/2023,03:09,0,0,0,0,14.89,0.48,0
05/05/2023,04:09,0,0,0,0,14.01,0.21,0
05/05/2023,05:09,0,0,0,0,13.11,0.07,0
05/05/2023,06:09,74,55,0,9.96,12.57,0.48,0
05/05/2023,07:09,236,100,0,21.74,15.18,0.97,0
05/05/2023,08:09,428,123,0,33.66,18.22,1.17,0
05/05/2023,09:09,614,131,0,45.39,20.57,1.24,0
05/05/2023,10:09,748,143,0,56.36,22.57,0.97,0
05/05/2023,11:09,874.01,127,0,65.23,24.34,1.1,0
05/05/2023,12:09,906.01,128,0,68.94,25.77,0.41,0
05/05/2023,13:09,871.01,128,0,65.01,26.76,0.48,0
05/05/2023,14:09,753,138,0,56.03,27.34,0.55,0
05/05/2023,15:09,567,152,0,45.02,27.48,0.55,0
05/05/2023,16:09,404,130,0,33.28,27.09,0.69,0
05/05/2023,17:09,220,103,0,21.36,26.27,0.62,0
05/05/2023,18:09,22,66,0,9.59,24.97,0.69,0
05/05/2023,19:09,0,0,0,0,23.13,0.76,0
05/05/2023,20:09,0,0,0,0,21.35,0.76,0
05/05/2023,21:09,0,0,0,0,19.53,0.9,0
05/05/2023,22:09,0,0,0,0,18.72,0.83,0
05/05/2023,23:09,0,0,0,0,17.66,0.76,0
06/05/2023,00:09,0,0,0,0,16.89,0.34,0
06/05/2023,01:09,0,0,0,0,16.11,0.76,0
06/05/2023,02:09,0,0,0,0,15.35,0.9,0
06/05/2023,03:09,0,0,0,0,14.78,0.83,0
06/05/2023,04:09,0,0,0,0,14.32,0.97,0
06/05/2023,05:09,0,0,0,0,14.1,1.24,0
06/05/2023,06:09,3,57,0,10.14,14.1,1.79,0
06/05/2023,07:09,202,116,0,21.92,15.97,2.48,0
06/05/2023,08:09,355,160,0,33.83,18.68,2.41,0
06/05/2023,09:09,353,274,0,45.57,20.71,1.93,0
06/05/2023,10:09,508,278,0,56.57,22.19,1.79,0
06/05/2023,11:09,836.01,142,0,65.49,23.69,1.86,0
06/05/2023,12:09,278,454,0,69.22,24.84,1.38,0
06/05/2023,13:09,224,452,0,65.24,25.72,1.38,0
06/05/2023,14:09,49,398,0,56.21,25.37,1.72,0
06/05/2023,15:09,0,204,0,45.17,21.51,1.72,0
06/05/2023,16:09,3,192,0,33.42,22.03,1.66,0
06/05/2023,17:09,10,143,0,21.51,21.68,1.66,0
06/05/2023,18:09,45,62,0,9.74,21.24,1.72,0
06/05/2023,19:09,0,0,0,0,19.68,1.38,0
06/05/2023,20:09,0,0,0,0,19.01,0.76,0
06/05/2023,21:09,0,0,0,0,17.96,0.41,0
06/05/2023,22:09,0,0,0,0,16.58,0.69,0
06/05/2023,23:09,0,0,0,0,15.27,0.62,0
07/05/2023,00:09,0,0,0,0,14.15,0.62,0
07/05/2023,01:09,0,0,0,0,13.41,0.9,0
07/05/2023,02:09,0,0,0,0,12.57,1.24,0
07/05/2023,03:09,0,0,0,0,12.13,1.59,0
07/05/2023,04:09,0,0,0,0,11.89,1.79,0
07/05/2023,05:09,0,0,0,0,11.31,1.93,0
07/05/2023,06:09,81,56,0,10.32,11.35,2.28,0
07/05/2023,07:09,243,100,0,22.09,13.82,2.69,0
07/05/2023,08:09,437,120,0,34.01,16.37,2.9,0
07/05/2023,09:09,607,137,0,45.75,18.43,2.83,0
07/05/2023,10:09,749,144,0,56.78,20.09,2.9,0
07/05/2023,11:09,851.01,141,0,65.74,21.21,2.62,0
07/05/2023,12:09,894.01,135,0,69.5,21.97,1.86,0
07/05/2023,13:09,849.01,140,0,65.48,22.9,1.17,0
07/05/2023,14:09,641,203,0,56.39,23.46,0.69,0
07/05/2023,15:09,424,238,0,45.33,23.82,0.69,0
07/05/2023,16:09,145,258,0,33.56,23.07,0.9,0
07/05/2023,17:09,48,168,0,21.65,22.26,0.9,0
07/05/2023,18:09,20,69,0,9.89,21.65,0.97,0
07/05/2023,19:09,0,0,0,0,20.81,1.1,0
07/05/2023,20:09,0,0,0,0,19.93,1.17,0
07/05/2023,21:09,0,0,0,0,18.87,1.17,0
07/05/2023,22:09,0,0,0,0,18.26,1.03,0
07/05/2023,23:09,0,0,0,0,16.74,0.97,0
08/05/2023,00:09,0,0,0,0,15.91,1.03,0
08/05/2023,01:09,0,0,0,0,15.02,1.52,0
08/05/2023,02:09,0,0,0,0,14.14,1.86,0
08/05/2023,03:09,0,0,0,0,13.65,2.48,0
08/05/2023,04:09,0,0,0,0,13.59,2.97,0
08/05/2023,05:09,0,0,0,0,13.71,3.1,0
08/05/2023,06:09,80,57,0,10.49,13.89,3.17,0
08/05/2023,07:09,237,103,0,22.25,16.28,3.24,0
08/05/2023,08:09,425,126,0,34.17,18.96,3.52,0
08/05/2023,09:09,606,137,0,45.93,21.07,3.72,0
08/05/2023,10:09,777,128,0,56.98,22.89,3.59,0
08/05/2023,11:09,871.01,129,0,65.99,24.24,3.03,0
08/05/2023,12:09,891.01,135,0,69.77,25.22,2.48,0
08/05/2023,13:09,355,412,0,65.7,25.68,1.66,0
08/05/2023,14:09,771,128,0,56.57,25.98,0.83,0
08/05/2023,15:09,590,141,0,45.47,25.99,0.41,0
08/05/2023,16:09,400,133,0,33.7,25.94,0.41,0
08/05/2023,17:09,215,108,0,21.79,25.43,0.76,0
08/05/2023,18:09,74,55,0,10.04,24.46,1.03,0
08/05/2023,19:09,0,0,0,0,23.05,1.17,0
08/05/2023,20:09,0,0,0,0,21.74,1.1,0
08/05/2023,21:09,0,0,0,0,20.43,1.1,0
08/05/2023,22:09,0,0,0,0,20.15,1.17,0
08/05/2023,23:09,0,0,0,0,19.45,1.17,0
09/05/2023,00:09,0,0,0,0,18.92,0.83,0
09/05/2023,01:09,0,0,0,0,18.16,1.66,0
09/05/2023,02:09,0,0,0,0,17.45,2.21,0
09/05/2023,03:09,0,0,0,0,17.37,2.41,0
09/05/2023,04:09,0,0,0,0,17.29,2.9,0
09/05/2023,05:09,0,0,0,0,16.72,3.52,0
09/05/2023,06:09,83,58,0,10.66,16.34,3.72,0
09/05/2023,07:09,247,99,0,22.42,18.46,4.07,0
09/05/2023,08:09,407,135,0,34.33,21.85,4.41,0
09/05/2023,09:09,588,146,0,46.1,23.63,4.41,0
09/05/2023,10:09,724,155,0,57.17,25.13,4.07,0
09/05/2023,11:09,823.01,154,0,66.23,26.6,3.66,0
09/05/2023,12:09,887.01,136,0,70.04,27.64,2.83,0
09/05/2023,13:09,876.01,123,0,65.93,28.28,2.28,0
09/05/2023,14:09,699,165,0,56.74,28.63,1.66,0
09/05/2023,15:09,580,146,0,45.62,28.48,1.24,0
09/05/2023,16:09,223,228,0,33.84,27.79,1.1,0
09/05/2023,17:09,76,167,0,21.93,26.77,0.9,0
09/05/2023,18:09,76,55,0,10.19,25.41,0.97,0
09/05/2023,19:09,0,0,0,0,23.6,0.83,0
09/05/2023,20:09,0,0,0,0,22.06,0.28,0
09/05/2023,21:09,0,0,0,0,20.64,0.34,0
09/05/2023,22:09,0,0,0,0,18.88,0.76,0
09/05/2023,23:09,0,0,0,0,17.88,1.03,0
10/05/2023,00:09,0,0,0,0,17.46,1.86,0
10/05/2023,01:09,0,0,0,0,16.59,1.59,0
10/05/2023,02:09,0,0,0,0,16.85,0.97,0
10/05/2023,03:09,0,0,0,0,16.5,0.55,0
10/05/2023,04:09,0,0,0,0,15.95,1.38,0
10/05/2023,05:09,0,0,0,0,15.29,2.41,0
10/05/2023,06:09,81,60,0,10.83,14.02,3.1,0
10/05/2023,07:09,213,118,0,22.57,16.43,3.52,0
10/05/2023,08:09,422,130,0,34.49,17.9,3.79,0
10/05/2023,09:09,600,141,0,46.26,19.71,4,0
10/05/2023,10:09,738,150,0,57.36,21.76,3.72,0
10/05/2023,11:09,751,198,0,66.46,23.49,3.1,0
10/05/2023,12:09,833.01,167,0,70.31,24.91,2.41,0
10/05/2023,13:09,720,215,0,66.15,25.79,2,0
10/05/2023,14:09,167,422,0,56.91,26.06,1.86,0
10/05/2023,15:09,163,350,0,45.77,25.68,1.79,0
10/05/2023,16:09,180,248,0,33.98,25.46,1.79,0
10/05/2023,17:09,253,92,0,22.07,23.83,1.66,0
10/05/2023,18:09,75,57,0,10.33,23.08,1.38,0
10/05/2023,19:09,0,0,0,0,22.53,1.03,0
10/05/2023,20:09,0,0,0,0,20.87,0.83,0
10/05/2023,21:09,0,0,0,0,19.61,0.83,0
10/05/2023,22:09,0,0,0,0,18.46,0.97,0
10/05/2023,23:09,0,0,0,0,17.24,0.97,0
11/05/2023,00:09,0,0,0,0,15.97,0.97,0
11/05/2023,01:09,0,0,0,0,15.16,0.76,0
11/05/2023,02:09,0,0,0,0,15.09,0.41,0
11/05/2023,03:09,0,0,0,0,14.99,1.45,0
11/05/2023,04:09,0,0,0,0,14.3,2.21,0
11/05/2023,05:09,0,0,0,0,13.39,2.62,0
11/05/2023,06:09,82,61,0,10.98,13.21,3.1,0
11/05/2023,07:09,242,105,0,22.72,15.03,3.59,0
11/05/2023,08:09,427,130,0,34.64,17.02,3.93,0
11/05/2023,09:09,606,141,0,46.42,19.06,4,0
11/05/2023,10:09,744,150,0,57.54,21.1,3.86,0
11/05/2023,11:09,845.01,147,0,66.69,22.71,3.52,0
11/05/2023,12:09,886.01,142,0,70.56,23.83,2.48,0
11/05/2023,13:09,853.01,140,0,66.36,24.56,1.72,0
11/05/2023,14:09,658,196,0,57.08,24.24,1.24,0
11/05/2023,15:09,360,275,0,45.91,24.18,0.9,0
11/05/2023,16:09,0,172,0,34.11,23.5,0.69,0
11/05/2023,17:09,51,172,0,22.2,23.2,0.55,0
11/05/2023,18:09,1,52,0,10.48,22.38,0.62,0
11/05/2023,19:09,0,0,0,0,21.17,0.69,0
11/05/2023,20:09,0,0,0,0,19.75,0.9,0
11/05/2023,21:09,0,0,0,0,18.45,0.9,0
11/05/2023,22:09,0,0,0,0,17.22,0.83,0
11/05/2023,23:09,0,0,0,0,16.53,0.97,0
12/05/2023,00:09,0,0,0,0,15.78,1.17,0
12/05/2023,01:09,0,0,0,0,14.77,1.03,0
12/05/2023,02:09,0,0,0,0,13.89,1.1,0
12/05/2023,03:09,0,0,0,0,12.97,2.48,0
12/05/2023,04:09,0,0,0,0,12.34,3.52,0
12/05/2023,05:09,0,0,0,0,11.88,4.14,0
12/05/2023,06:09,85,62,0,11.14,12.06,4.76,0
12/05/2023,07:09,246,106,0,22.87,13.53,4.9,0
12/05/2023,08:09,437,129,0,34.78,15.41,4.97,0
12/05/2023,09:09,617,140,0,46.57,17.25,4.83,0
12/05/2023,10:09,767,142,0,57.72,19.36,4.48,0
12/05/2023,11:09,739,216,0,66.91,20.68,4.07,0
12/05/2023,12:09,864.01,159,0,70.82,20.97,2.97,0
12/05/2023,13:09,293,445,0,66.58,21.42,2.55,0
12/05/2023,14:09,23,376,0,57.25,21.34,2.21,0
12/05/2023,15:09,0,183,0,46.06,20.99,2,0
12/05/2023,16:09,46,267,0,34.25,20.54,1.59,0
12/05/2023,17:09,0,99,0,22.34,20.24,1.45,0
12/05/2023,18:09,4,64,0,10.62,19.43,1.66,0
12/05/2023,19:09,0,0,0,0,18.02,1.79,0
12/05/2023,20:09,0,0,0,0,16.39,1.24,0
12/05/2023,21:09,0,0,0,0,14.57,1.03,0
12/05/2023,22:09,0,0,0,0,12.88,1.1,0
12/05/2023,23:09,0,0,0,0,11.67,1.1,0
13/05/2023,00:09,0,0,0,0,10.67,1.1,0
13/05/2023,01:09,0,0,0,0,9.71,1.17,0
13/05/2023,02:09,0,0,0,0,8.53,1.38,0
13/05/2023,03:09,0,0,0,0,8.08,1.79,0
13/05/2023,04:09,0,0,0,0,7.81,2.34,0
13/05/2023,05:09,0,0,0,0,7.48,2.07,0
13/05/2023,06:09,55,76,0,11.29,7.6,2.41,0
13/05/2023,07:09,204,131,0,23.01,8.39,1.93,0
13/05/2023,08:09,396,153,0,34.92,9.93,1.45,0
13/05/2023,09:09,593,154,0,46.72,11.85,1.45,0
13/05/2023,10:09,196,428,0,57.89,13.56,1.79,0
13/05/2023,11:09,52,450,0,67.12,14.63,1.86,0
13/05/2023,12:09,16,409,0,71.07,15.02,1.66,0
13/05/2023,13:09,327,433,0,66.78,15.75,1.52,0
13/05/2023,14:09,709,171,0,57.41,15.25,1.59,0
13/05/2023,15:09,565,164,0,46.2,14.84,1.03,0
13/05/2023,16:09,280,210,0,34.38,15.17,0.55,0
13/05/2023,17:09,181,136,0,22.47,14.89,0.41,0
13/05/2023,18:09,80,60,0,10.77,12.71,0.62,0
13/05/2023,19:09,0,0,0,0,13.8,0.62,0
13/05/2023,20:09,0,0,0,0,12.41,0.55,0
13/05/2023,21:09,0,0,0,0,11.26,0.48,0
13/05/2023,22:09,0,0,0,0,10.24,0.41,0
13/05/2023,23:09,0,0,0,0,9.93,0.34,0
14/05/2023,00:09,0,0,0,0,9.88,1.1,0
14/05/2023,01:09,0,0,0,0,9.58,1.59,0
14/05/2023,02:09,0,0,0,0,9.29,2.41,0
14/05/2023,03:09,0,0,0,0,9.05,3.45,0
14/05/2023,04:09,0,0,0,0,8.72,3.72,0
14/05/2023,05:09,0,0,0,0,8.42,3.93,0
14/05/2023,06:09,95,62,0,11.43,8.58,3.93,0
14/05/2023,07:09,259,104,0,23.15,10.91,3.93,0
14/05/2023,08:09,455,123,0,35.06,12.68,3.79,0
14/05/2023,09:09,623,141,0,46.86,14.18,3.72,0
14/05/2023,10:09,654,212,0,58.05,15.39,3.79,0
14/05/2023,11:09,469,373,0,67.33,16.17,3.38,0
14/05/2023,12:09,243,480,0,71.31,16.59,2.69,0
14/05/2023,13:09,175,476,0,66.99,17.04,2.14,0
14/05/2023,14:09,116,434,0,57.57,17.43,1.17,0
14/05/2023,15:09,197,350,0,46.33,17.32,0.62,0
14/05/2023,16:09,189,254,0,34.51,17.25,0.28,0
14/05/2023,17:09,272,91,0,22.61,16.86,0.28,0
14/05/2023,18:09,70,66,0,10.91,15.82,0.55,0
14/05/2023,19:09,0,0,0,0,14.6,0.76,0
14/05/2023,20:09,0,0,0,0,13.67,0.83,0
14/05/2023,21:09,0,0,0,0,12.95,0.97,0
14/05/2023,22:09,0,0,0,0,12.26,1.03,0
14/05/2023,23:09,0,0,0,0,11.84,0.97,0
15/05/2023,00:09,0,0,0,0,11.3,1.31,0
15/05/2023,01:09,0,0,0,0,10.67,2.41,0
15/05/2023,02:09,0,0,0,0,10.11,3.17,0
15/05/2023,03:09,0,0,0,0,9.7,3.52,0
15/05/2023,04:09,0,0,0,0,9.01,3.59,0
15/05/2023,05:09,0,0,0,0,8.4,3.59,0
15/05/2023,06:09,97,62,0,11.57,8.66,3.86,0
15/05/2023,07:09,260,104,0,23.28,11.53,4.21,0
15/05/2023,08:09,444,130,0,35.19,13.4,4.14,0
15/05/2023,09:09,607,149,0,47,14.88,3.93,0
15/05/2023,10:09,763,148,0,58.21,16.22,3.79,0
15/05/2023,11:09,864,145,0,67.53,17.43,3.31,0
15/05/2023,12:09,918.01,133,0,71.55,18.57,2.48,0
15/05/2023,13:09,884,132,0,67.19,19.83,1.38,0
15/05/2023,14:09,767,142,0,57.73,20.76,0.62,0
15/05/2023,15:09,632,131,0,46.47,20.66,0.34,0
15/05/2023,16:09,400,147,0,34.64,20.15,0.14,0
15/05/2023,17:09,91,174,0,22.74,19.68,0.07,0
15/05/2023,18:09,85,61,0,11.05,18.72,0.21,0
15/05/2023,19:09,0,0,0,0,17.15,0.41,0
15/05/2023,20:09,0,0,0,0,15.82,0.62,0
15/05/2023,21:09,0,0,0,0,14.75,0.76,0
15/05/2023,22:09,0,0,0,0,14.32,0.9,0
15/05/2023,23:09,0,0,0,0,13.62,0.76,0
16/05/2023,00:09,0,0,0,0,12.95,1.66,0
16/05/2023,01:09,0,0,0,0,12.39,2.14,0
16/05/2023,02:09,0,0,0,0,11.92,2.41,0
16/05/2023,03:09,0,0,0,0,11.55,2.34,0
16/05/2023,04:09,0,0,0,0,11.18,2.21,0
16/05/2023,05:09,0,0,0,0,10.7,2.55,0
16/05/2023,06:09,96,64,0,11.7,10.49,2.76,0
16/05/2023,07:09,265,106,0,23.4,12.02,2.69,0
16/05/2023,08:09,462,126,0,35.31,14.27,2.55,0
16/05/2023,09:09,629,144,0,47.13,16.24,2.41,0
16/05/2023,10:09,779,146,0,58.37,17.92,2.34,0
16/05/2023,11:09,881,143,0,67.73,19.48,2.07,0
16/05/2023,12:09,911.01,145,0,71.78,20.77,1.17,0
16/05/2023,13:09,877,144,0,67.39,21.67,1.24,0
16/05/2023,14:09,783,141,0,57.89,22.09,1.52,0
16/05/2023,15:09,613,147,0,46.61,22.24,1.52,0
16/05/2023,16:09,458,122,0,34.77,21.78,1.52,0
16/05/2023,17:09,273,96,0,22.87,21.18,1.45,0
16/05/2023,18:09,59,74,0,11.19,19.99,1.38,0
16/05/2023,19:09,0,0,0,0,18.43,1.24,0
16/05/2023,20:09,0,0,0,0,16.66,1.24,0
16/05/2023,21:09,0,0,0,0,14.99,1.24,0
16/05/2023,22:09,0,0,0,0,13.75,1.17,0
16/05/2023,23:09,0,0,0,0,12.89,1.1,0
17/05/2023,00:09,0,0,0,0,12.34,1.59,0
17/05/2023,01:09,0,0,0,0,11.99,2.28,0
17/05/2023,02:09,0,0,0,0,11.6,2.41,0
17/05/2023,03:09,0,0,0,0,11.15,2.14,0
17/05/2023,04:09,0,0,0,0,10.78,1.93,0
17/05/2023,05:09,0,0,0,0,10.43,2,0
17/05/2023,06:09,10,78,0,11.83,10.67,2.34,0
17/05/2023,07:09,28,177,0,23.52,11.87,2.83,0
17/05/2023,08:09,156,271,0,35.43,13.08,2.69,0
17/05/2023,09:09,198,355,0,47.26,14.17,2.34,0
17/05/2023,10:09,499,301,0,58.51,15.27,1.79,0
17/05/2023,11:09,287,449,0,67.92,16.44,1.45,0
17/05/2023,12:09,73,477,0,72.01,17.22,1.31,0
17/05/2023,13:09,51,450,0,67.58,17.99,1.17,0
17/05/2023,14:09,95,429,0,58.04,18.51,1.03,0
17/05/2023,15:09,0,200,0,46.74,18.2,0.83,0
17/05/2023,16:09,28,259,0,34.9,17.87,0.21,0
17/05/2023,17:09,0,61,0,23,16.58,0.41,0
17/05/2023,18:09,31,80,0,11.32,15.41,0.28,0
17/05/2023,19:09,0,0,0,0,14.26,0.48,0
17/05/2023,20:09,0,0,0,0,13.13,0.69,0
17/05/2023,21:09,0,0,0,0,12.3,0.69,0
17/05/2023,22:09,0,0,0,0,11.43,0.69,0
17/05/2023,23:09,0,0,0,0,10.71,0.97,0
18/05/2023,00:09,0,0,0,0,9.91,0.76,0
18/05/2023,01:09,0,0,0,0,9.32,0.9,0
18/05/2023,02:09,0,0,0,0,8.98,1.17,0
18/05/2023,03:09,0,0,0,0,8.77,1.52,0
18/05/2023,04:09,0,0,0,0,8.57,1.93,0
18/05/2023,05:09,0,0,0,0,8.36,2,0
18/05/2023,06:09,85,69,0,11.96,8.46,2,0
18/05/2023,07:09,38,182,0,23.64,9.18,2.14,0
18/05/2023,08:09,243,236,0,35.54,10,2.34,0
18/05/2023,09:09,213,348,0,47.38,11.25,1.93,0
18/05/2023,10:09,48,410,0,58.65,12.56,0.83,0
18/05/2023,11:09,638,273,0,68.1,13.31,0.14,0
18/05/2023,12:09,727,238,0,72.23,13.69,0.48,0
18/05/2023,13:09,133,474,0,67.77,14.63,0.48,0
18/05/2023,14:09,9,342,0,58.19,14.47,0.62,0
18/05/2023,15:09,11,298,0,46.87,13.53,0.9,0
18/05/2023,16:09,33,261,0,35.02,13.2,0.34,0
18/05/2023,17:09,0,31,0,23.13,12.79,0.34,0
18/05/2023,18:09,15,79,0,11.46,11.81,0.55,0
18/05/2023,19:09,0,0,0,0,10.38,0.62,0
18/05/2023,20:09,0,0,0,0,9.26,0.69,0
18/05/2023,21:09,0,0,0,0,8.78,0.83,0
18/05/2023,22:09,0,0,0,0,8.33,0.83,0
18/05/2023,23:09,0,0,0,0,8.04,0.76,0
19/05/2023,00:09,0,0,0,0,7.69,1.1,0
19/05/2023,01:09,0,0,0,0,6.92,0.83,0
19/05/2023,02:09,0,0,0,0,6.27,0.97,0
19/05/2023,03:09,0,0,0,0,6.19,1.45,0
19/05/2023,04:09,0,0,0,0,6.08,1.79,0
19/05/2023,05:09,0,0,0,0,6.07,2.48,0
19/05/2023,06:09,45,85,0,12.07,6.91,2.9,0
19/05/2023,07:09,260,106,0,23.75,8.21,3.17,0
19/05/2023,08:09,429,137,0,35.65,9.87,3.45,0
19/05/2023,09:09,540,187,0,47.49,11.95,2.9,0
19/05/2023,10:09,713,173,0,58.79,13.43,1.93,0
19/05/2023,11:09,508,349,0,68.28,14.33,1.03,0
19/05/2023,12:09,538,351,0,72.45,14.74,1.03,0
19/05/2023,13:09,0,203,0,67.95,15.07,0.28,0
19/05/2023,14:09,0,106,0,58.33,15.52,0.69,0
19/05/2023,15:09,83,363,0,47,15.49,0.83,0
19/05/2023,16:09,73,277,0,35.15,13.62,0.76,0
19/05/2023,17:09,261,100,0,23.25,12.36,0.62,0
19/05/2023,18:09,32,82,0,11.59,11.93,0.69,0
19/05/2023,19:09,0,0,0,0,11.12,0.9,0
19/05/2023,20:09,0,0,0,0,9.85,1.1,0
19/05/2023,21:09,0,0,0,0,9.14,1.03,0
19/05/2023,22:09,0,0,0,0,8.55,0.9,0
19/05/2023,23:09,0,0,0,0,7.89,0.48,0
20/05/2023,00:09,0,0,0,0,7.68,0.21,0
20/05/2023,01:09,0,0,0,0,7.57,0.62,0
20/05/2023,02:09,0,0,0,0,7.04,0.69,0
20/05/2023,03:09,0,0,0,0,6.58,0.62,0
20/05/2023,04:09,0,0,0,0,6.56,0.69,0
20/05/2023,05:09,0,0,0,0,7.05,1.17,0
20/05/2023,06:09,89,70,0,12.19,7.61,1.59,0
20/05/2023,07:09,264,106,0,23.85,9.2,2,0
20/05/2023,08:09,458,125,0,35.75,11.59,1.93,0
20/05/2023,09:09,632,137,0,47.6,13.35,1.59,0
20/05/2023,10:09,390,359,0,58.91,14.72,1.72,0
20/05/2023,11:09,405,403,0,68.45,15.57,2.07,0
20/05/2023,12:09,799,200,0,72.66,16.52,0.69,0
20/05/2023,13:09,569,317,0,68.14,17.01,0.34,0
20/05/2023,14:09,6,330,0,58.48,17.51,0.48,0
20/05/2023,15:09,2,259,0,47.13,16.83,0.48,0
20/05/2023,16:09,9,229,0,35.27,16.41,0.48,0
20/05/2023,17:09,27,176,0,23.38,15.55,0.76,0
20/05/2023,18:09,15,81,0,11.73,14.11,0.97,0
20/05/2023,19:09,0,0,0,0,12.45,1.03,0
20/05/2023,20:09,0,0,0,0,11.89,1.1,0
20/05/2023,21:09,0,0,0,0,11.46,1.1,0
20/05/2023,22:09,0,0,0,0,11.09,1.03,0
20/05/2023,23:09,0,0,0,0,10.45,1.1,0
21/05/2023,00:09,0,0,0,0,9.08,1.66,0
21/05/2023,01:09,0,0,0,0,7.76,2.21,0
21/05/2023,02:09,0,0,0,0,7.3,2.48,0
21/05/2023,03:09,0,0,0,0,6.96,2.76,0
21/05/2023,04:09,0,0,0,0,6.7,2.83,0
21/05/2023,05:09,0,0,0,0,6.68,2.76,0
21/05/2023,06:09,38,88,0,12.3,7.74,2.9,0
21/05/2023,07:09,38,185,0,23.95,9.83,2.69,0
21/05/2023,08:09,418,146,0,35.85,11.63,2.34,0
21/05/2023,09:09,605,151,0,47.7,13.11,1.72,0
21/05/2023,10:09,131,437,0,59.04,14.19,1.72,0
21/05/2023,11:09,1,313,0,68.61,14.91,1.31,0
21/05/2023,12:09,0,231,0,72.87,14.92,1.1,0
21/05/2023,13:09,0,166,0,68.31,13.97,1.17,0
21/05/2023,14:09,0,122,0,58.62,12.9,1.31,0
21/05/2023,15:09,0,229,0,47.25,12.9,1.52,0
21/05/2023,16:09,0,125,0,35.39,12.05,1.38,0
21/05/2023,17:09,0,57,0,23.5,11.95,1.45,0
21/05/2023,18:09,0,24,0,11.86,11.14,1.24,0
21/05/2023,19:09,0,0,0,0,10.11,0.97,0
21/05/2023,20:09,0,0,0,0,9.79,0.76,0
21/05/2023,21:09,0,0,0,0,9.38,0.9,0
21/05/2023,22:09,0,0,0,0,9.09,0.83,0
21/05/2023,23:09,0,0,0,0,8.78,0.83,0
22/05/2023,00:09,0,0,0,0,8.42,1.1,0
22/05/2023,01:09,0,0,0,0,7.91,1.72,0
22/05/2023,02:09,0,0,0,0,7.74,2,0
22/05/2023,03:09,0,0,0,0,7.47,2.21,0
22/05/2023,04:09,0,0,0,0,7.51,2.21,0
22/05/2023,05:09,0,0,0,0,7.42,2,0
22/05/2023,06:09,0,51,0,12.4,7.3,1.45,0
22/05/2023,07:09,2,131,0,24.05,8.37,1.31,0
22/05/2023,08:09,0,156,0,35.94,8.81,1.17,0
22/05/2023,09:09,5,277,0,47.8,10.48,1.17,0
22/05/2023,10:09,0,99,0,59.15,10.46,1.31,0
22/05/2023,11:09,0,134,0,68.77,10.78,1.17,0
22/05/2023,12:09,0,131,0,73.07,10.43,0.62,0
22/05/2023,13:09,0,109,0,68.49,10.3,0.55,0
22/05/2023,14:09,0,97,0,58.76,11.13,0.55,0
22/05/2023,15:09,0,98,0,47.38,11.37,0.69,0
22/05/2023,16:09,0,50,0,35.51,11.44,0.83,0
22/05/2023,17:09,0,32,0,23.62,10.87,1.1,0
22/05/2023,18:09,0,25,0,11.99,10.52,1.24,0
22/05/2023,19:09,0,0,0,0,8.16,1.24,0
22/05/2023,20:09,0,0,0,0,7.93,1.17,0
22/05/2023,21:09,0,0,0,0,7.88,0.9,0
22/05/2023,22:09,0,0,0,0,7.79,0.83,0
22/05/2023,23:09,0,0,0,0,7.81,0.62,0
23/05/2023,00:09,0,0,0,0,7.54,0.76,0
23/05/2023,01:09,0,0,0,0,7.44,0.48,0
23/05/2023,02:09,0,0,0,0,7.26,0.48,0
23/05/2023,03:09,0,0,0,0,7.07,0.69,0
23/05/2023,04:09,0,0,0,0,7.15,0.62,0
23/05/2023,05:09,0,0,0,0,7.08,0.41,0
23/05/2023,06:09,12,85,0,12.5,7.19,1.1,0
23/05/2023,07:09,0,112,0,24.14,7.37,1.1,0
23/05/2023,08:09,0,117,0,36.03,7.65,1.24,0
23/05/2023,09:09,44,349,0,47.89,8.23,1.79,0
23/05/2023,10:09,83,428,0,59.26,9.25,1.79,0
23/05/2023,11:09,197,470,0,68.92,10.01,1.31,0
23/05/2023,12:09,2,340,0,73.26,11.09,1.24,0
23/05/2023,13:09,3,339,0,68.65,12.76,1.17,0
23/05/2023,14:09,102,430,0,58.9,14.16,1.17,0
23/05/2023,15:09,61,357,0,47.5,13.82,1.1,0
23/05/2023,16:09,179,260,0,35.63,13.26,0.97,0
23/05/2023,17:09,3,137,0,23.74,11.7,0.83,0
23/05/2023,18:09,52,82,0,12.11,11.13,0.69,0
23/05/2023,19:09,0,0,0,0,10.81,0.62,0
23/05/2023,20:09,0,0,0,0,9.86,0.69,0
23/05/2023,21:09,0,0,0,0,9.24,0.55,0
23/05/2023,22:09,0,0,0,0,9.07,0.62,0
23/05/2023,23:09,0,0,0,0,8.75,0.48,0
24/05/2023,00:09,0,0,0,0,8.41,0.97,0
24/05/2023,01:09,0,0,0,0,8.08,1.1,0
24/05/2023,02:09,0,0,0,0,7.83,1.38,0
24/05/2023,03:09,0,0,0,0,7.61,1.59,0
24/05/2023,04:09,0,0,0,0,7.61,1.66,0
24/05/2023,05:09,0,0,0,0,7.61,1.79,0
24/05/2023,06:09,32,91,0,12.59,7.66,1.66,0
24/05/2023,07:09,224,129,0,24.23,8.71,1.38,0
24/05/2023,08:09,480,114,0,36.11,10.33,1.31,0
24/05/2023,09:09,667,117,0,47.98,12.02,1.66,0
24/05/2023,10:09,30,392,0,59.37,13.63,1.79,0
24/05/2023,11:09,1,322,0,69.07,14.5,1.93,0
24/05/2023,12:09,0,247,0,73.45,14.88,0.97,0
24/05/2023,13:09,588,303,0,68.82,15.11,0.76,0
24/05/2023,14:09,595,242,0,59.03,15.03,0.41,0
24/05/2023,15:09,4,269,0,47.62,15.37,0.34,0
24/05/2023,16:09,43,271,0,35.74,15.5,0.34,0
24/05/2023,17:09,0,61,0,23.86,14.61,0.34,0
24/05/2023,18:09,4,70,0,12.24,13.86,0.48,0
24/05/2023,19:09,0,0,0,0,12.79,0.55,0
24/05/2023,20:09,0,0,0,0,12.02,0.48,0
24/05/2023,21:09,0,0,0,0,11.53,0.48,0
24/05/2023,22:09,0,0,0,0,11.15,0.62,0
24/05/2023,23:09,0,0,0,0,10.6,0.55,0
25/05/2023,00:09,0,0,0,0,10.17,0.14,0
25/05/2023,01:09,0,0,0,0,9.77,0.69,0
25/05/2023,02:09,0,0,0,0,9.54,1.03,0
25/05/2023,03:09,0,0,0,0,9.35,1.24,0
25/05/2023,04:09,0,0,0,0,9.08,1.24,0
25/05/2023,05:09,0,2,0,1.56,8.77,0.97,0
25/05/2023,06:09,103,68,0,12.68,9,0.55,0
25/05/2023,07:09,286,98,0,24.31,11.24,0.9,0
25/05/2023,08:09,482,112,0,36.19,13.27,0.76,0
25/05/2023,09:09,663,118,0,48.06,15.01,1.52,0
25/05/2023,10:09,809,119,0,59.46,16.47,1.59,0
25/05/2023,11:09,903,118,0,69.2,17.57,0.76,0
25/05/2023,12:09,934,118,0,73.63,18.16,0.69,0
25/05/2023,13:09,900,119,0,68.98,18.49,0.69,0
25/05/2023,14:09,512,289,0,59.16,18.64,0.76,0
25/05/2023,15:09,37,342,0,47.73,17.69,1.17,0
25/05/2023,16:09,0,50,0,35.86,15.88,1.38,0
25/05/2023,17:09,0,86,0,23.98,14.45,1.24,0
25/05/2023,18:09,95,67,0,12.36,14.31,1.24,0
25/05/2023,19:09,0,0,0,0,13.44,1.17,0
25/05/2023,20:09,0,0,0,0,12.92,1.24,0
25/05/2023,21:09,0,0,0,0,12.18,1.17,0
25/05/2023,22:09,0,0,0,0,11.17,1.17,0
25/05/2023,23:09,0,0,0,0,10.49,1.66,0
26/05/2023,00:09,0,0,0,0,10.23,1.79,0
26/05/2023,01:09,0,0,0,0,10.17,2.34,0
26/05/2023,02:09,0,0,0,0,9.83,2.41,0
26/05/2023,03:09,0,0,0,0,9.79,2.41,0
26/05/2023,04:09,0,0,0,0,9.46,2.41,0
26/05/2023,05:09,0,3,0,1.65,9.45,2.48,0
26/05/2023,06:09,103,69,0,12.76,9.99,2.55,0
26/05/2023,07:09,151,166,0,24.38,11.24,2.41,0
26/05/2023,08:09,425,143,0,36.26,13.32,2.21,0
26/05/2023,09:09,668,117,0,48.14,14.99,2,0
26/05/2023,10:09,806,123,0,59.56,16.53,2.14,0
26/05/2023,11:09,780,189,0,69.33,17.63,2.48,0
26/05/2023,12:09,939,118,0,73.81,18.44,2.41,0
26/05/2023,13:09,874,135,0,69.14,18.73,2.48,0
26/05/2023,14:09,751,150,0,59.29,18.89,2.41,0
26/05/2023,15:09,622,138,0,47.85,19.05,2.21,0
26/05/2023,16:09,432,135,0,35.97,18.72,1.79,0
26/05/2023,17:09,128,171,0,24.09,18.26,1.59,0
26/05/2023,18:09,45,87,0,12.48,17.36,1.38,0
26/05/2023,19:09,0,0,0,0,15.89,1.03,0
26/05/2023,20:09,0,0,0,0,14.22,0.9,0
26/05/2023,21:09,0,0,0,0,13.02,1.1,0
26/05/2023,22:09,0,0,0,0,12.01,1.17,0
26/05/2023,23:09,0,0,0,0,11.27,0.97,0
27/05/2023,00:09,0,0,0,0,10.79,0.97,0
27/05/2023,01:09,0,0,0,0,10.37,1.79,0
27/05/2023,02:09,0,0,0,0,9.9,3.38,0
27/05/2023,03:09,0,0,0,0,9.55,3.66,0
27/05/2023,04:09,0,0,0,0,9.43,3.38,0
27/05/2023,05:09,0,1,0,1.74,9.35,2.97,0
27/05/2023,06:09,0,20,0,12.84,9.79,2.55,0
27/05/2023,07:09,0,33,0,24.45,11.64,2.28,0
27/05/2023,08:09,0,115,0,36.33,13.5,1.45,0
27/05/2023,09:09,0,151,0,48.21,14.81,0.69,0
27/05/2023,10:09,56,416,0,59.64,15.32,0.21,0
27/05/2023,11:09,38,434,0,69.46,15.41,0.28,0
27/05/2023,12:09,91,482,0,73.98,15.69,0.9,0
27/05/2023,13:09,0,146,0,69.29,15.97,0.69,0
27/05/2023,14:09,0,135,0,59.41,14.94,0.55,0
27/05/2023,15:09,0,143,0,47.96,14.24,0.21,0
27/05/2023,16:09,0,100,0,36.08,14.08,0.41,0
27/05/2023,17:09,14,167,0,24.21,13.59,0.83,0
27/05/2023,18:09,46,87,0,12.6,12.69,0.97,0
27/05/2023,19:09,0,0,0,0,11.85,1.03,0
27/05/2023,20:09,0,0,0,0,11.19,1.17,0
27/05/2023,21:09,0,0,0,0,10.38,1.1,0
27/05/2023,22:09,0,0,0,0,10.15,0.97,0
27/05/2023,23:09,0,0,0,0,9.85,0.55,0
28/05/2023,00:09,0,0,0,0,9.08,0.48,0
28/05/2023,01:09,0,0,0,0,8.29,0.62,0
28/05/2023,02:09,0,0,0,0,7.66,0.76,0
28/05/2023,03:09,0,0,0,0,7.16,0.9,0
28/05/2023,04:09,0,0,0,0,7.02,1.03,0
28/05/2023,05:09,0,1,0,1.82,7.52,0.97,0
28/05/2023,06:09,11,87,0,12.91,9.05,1.24,0
28/05/2023,07:09,5,152,0,24.52,10.23,1.31,0
28/05/2023,08:09,34,270,0,36.39,11.91,1.93,0
28/05/2023,09:09,355,291,0,48.27,13.7,1.72,0
28/05/2023,10:09,782,134,0,59.72,14.65,1.17,0
28/05/2023,11:09,292,445,0,69.58,15.76,1.59,0
28/05/2023,12:09,84,480,0,74.14,16.71,1.1,0
28/05/2023,13:09,0,249,0,69.44,16.8,1.31,0
28/05/2023,14:09,2,304,0,59.54,15.48,1.66,0
28/05/2023,15:09,109,368,0,48.07,14.63,1.45,0
28/05/2023,16:09,0,50,0,36.19,12.93,1.38,0
28/05/2023,17:09,14,167,0,24.32,13.51,1.24,0
28/05/2023,18:09,53,87,0,12.72,13.32,1.17,0
28/05/2023,19:09,0,2,0,1.64,12.45,1.1,0
28/05/2023,20:09,0,0,0,0,11.71,1.1,0
28/05/2023,21:09,0,0,0,0,11.05,1.03,0
28/05/2023,22:09,0,0,0,0,10.45,0.97,0
28/05/2023,23:09,0,0,0,0,10.02,1.17,0
29/05/2023,00:09,0,0,0,0,9.9,1.03,0
29/05/2023,01:09,0,0,0,0,9.66,1.1,0
29/05/2023,02:09,0,0,0,0,9.69,1.31,0
29/05/2023,03:09,0,0,0,0,9.52,1.45,0
29/05/2023,04:09,0,0,0,0,9.55,1.72,0
29/05/2023,05:09,0,2,0,1.9,9.48,1.79,0
29/05/2023,06:09,101,72,0,12.98,9.67,1.86,0
29/05/2023,07:09,296,97,0,24.58,11.01,2.14,0
29/05/2023,08:09,492,111,0,36.45,12.39,2.21,0
29/05/2023,09:09,675,116,0,48.33,13.82,2.34,0
29/05/2023,10:09,821,117,0,59.8,15.18,2.34,0
29/05/2023,11:09,478,368,0,69.69,16.2,2.14,0
29/05/2023,12:09,669,281,0,74.3,17.01,1.24,0
29/05/2023,13:09,206,473,0,69.58,17.42,1.17,0
29/05/2023,14:09,41,407,0,59.66,17.61,1.31,0
29/05/2023,15:09,115,371,0,48.18,17.64,1.17,0
29/05/2023,16:09,36,272,0,36.3,17.44,0.76,0
29/05/2023,17:09,1,133,0,24.43,17.14,0.76,0
29/05/2023,18:09,6,81,0,12.83,16.41,0.69,0
29/05/2023,19:09,0,1,0,1.77,15.22,0.69,0
29/05/2023,20:09,0,0,0,0,14.09,0.76,0
29/05/2023,21:09,0,0,0,0,12.76,0.83,0
29/05/2023,22:09,0,0,0,0,11.95,0.83,0
29/05/2023,23:09,0,0,0,0,11.74,0.62,0
30/05/2023,00:09,0,0,0,0,11.33,0.69,0
30/05/2023,01:09,0,0,0,0,10.94,1.03,0
30/05/2023,02:09,0,0,0,0,10.65,1.72,0
30/05/2023,03:09,0,0,0,0,10.07,2.07,0
30/05/2023,04:09,0,0,0,0,9.52,2.14,0
30/05/2023,05:09,0,5,0,1.98,9,2.28,0
30/05/2023,06:09,101,73,0,13.04,9.47,1.59,0
30/05/2023,07:09,217,138,0,24.63,11.59,1.72,0
30/05/2023,08:09,474,121,0,36.5,13.35,2.14,0
30/05/2023,09:09,659,124,0,48.39,14.65,2.21,0
30/05/2023,10:09,544,278,0,59.87,15.3,1.79,0
30/05/2023,11:09,894,128,0,69.79,15.68,1.45,0
30/05/2023,12:09,163,493,0,74.45,15.91,1.31,0
30/05/2023,13:09,135,480,0,69.72,16.45,0.83,0
30/05/2023,14:09,437,335,0,59.77,16.37,0.83,0
30/05/2023,15:09,0,72,0,48.29,16.1,1.03,0
30/05/2023,16:09,4,215,0,36.4,15.18,1.1,0
30/05/2023,17:09,84,188,0,24.53,14.13,1.1,0
30/05/2023,18:09,59,88,0,12.95,14.07,1.1,0
30/05/2023,19:09,0,2,0,1.89,14.45,0.97,0
30/05/2023,20:09,0,0,0,0,13.34,0.9,0
30/05/2023,21:09,0,0,0,0,12.39,0.9,0
30/05/2023,22:09,0,0,0,0,11.26,0.9,0
30/05/2023,23:09,0,0,0,0,10.66,0.62,0
31/05/2023,00:09,0,0,0,0,10.01,0.41,0
31/05/2023,01:09,0,0,0,0,9.47,0.76,0
31/05/2023,02:09,0,0,0,0,9.33,1.1,0
31/05/2023,03:09,0,0,0,0,8.91,1.17,0
31/05/2023,04:09,0,0,0,0,8.46,1.1,0
31/05/2023,05:09,0,5,0,2.04,8.01,0.97,0
31/05/2023,06:09,116,67,0,13.1,8.93,0.83,0
31/05/2023,07:09,290,101,0,24.68,12.08,0.9,0
31/05/2023,08:09,488,114,0,36.55,13.87,1.31,0
31/05/2023,09:09,634,138,0,48.44,15.22,1.45,0
31/05/2023,10:09,782,139,0,59.93,16.09,1.17,0
31/05/2023,11:09,546,332,0,69.89,16.65,1.1,0
31/05/2023,12:09,711,255,0,74.59,17.39,0.69,0
31/05/2023,13:09,169,478,0,69.86,17.39,0.48,0
31/05/2023,14:09,0,247,0,59.89,17.45,0.41,0
31/05/2023,15:09,0,111,0,48.39,17.93,0.69,0
31/05/2023,16:09,0,112,0,36.5,17.98,0.83,0
31/05/2023,17:09,71,191,0,24.64,17.48,0.9,0
31/05/2023,18:09,115,66,0,13.06,17.09,0.97,0
31/05/2023,19:09,0,4,0,2,16.38,1.03,0
31/05/2023,20:09,0,0,0,0,15.17,1.1,0
31/05/2023,21:09,0,0,0,0,14.65,1.17,0
31/05/2023,22:09,0,0,0,0,13.64,1.17,0
31/05/2023,23:09,0,0,0,0,12.55,0.9,0
01/06/2023,00:09,0,0,0,0,11.72,0.97,0
01/06/2023,01:09,0,0,0,0,11.13,1.31,0
01/06/2023,02:09,0,0,0,0,10.52,1.52,0
01/06/2023,03:09,0,0,0,0,9.81,1.38,0
01/06/2023,04:09,0,0,0,0,9.13,1.17,0
01/06/2023,05:09,0,6,0,2.11,8.74,0.83,0
01/06/2023,06:09,111,70,0,13.15,9.78,0.69,0
01/06/2023,07:09,290,100,0,24.73,13.33,0.83,0
01/06/2023,08:09,457,129,0,36.59,15.1,0.97,0
01/06/2023,09:09,644,132,0,48.48,16.69,0.83,0
01/06/2023,10:09,485,310,0,59.99,17.49,0.21,0
01/06/2023,11:09,0,199,0,69.98,18.1,0.55,0
01/06/2023,12:09,320,455,0,74.73,17.84,0.9,0
01/06/2023,13:09,7,369,0,69.99,17.64,1.1,0
01/06/2023,14:09,0,129,0,60,17.88,1.1,0
01/06/2023,15:09,16,316,0,48.49,18.16,1.03,0
01/06/2023,16:09,11,239,0,36.6,17.45,1.17,0
01/06/2023,17:09,91,188,0,24.74,16.83,1.17,0
01/06/2023,18:09,0,34,0,13.16,14.87,1.03,0
01/06/2023,19:09,0,1,0,2.12,15.65,0.97,0
01/06/2023,20:09,0,0,0,0,14.49,1.03,0
01/06/2023,21:09,0,0,0,0,13.24,0.97,0
01/06/2023,22:09,0,0,0,0,12.22,1.03,0
01/06/2023,23:09,0,0,0,0,10.95,0.9,0
02/06/2023,00:09,0,0,0,0,10.42,1.31,0
02/06/2023,01:09,0,0,0,0,9.97,1.59,0
02/06/2023,02:09,0,0,0,0,9.79,1.79,0
02/06/2023,03:09,0,0,0,0,9.8,2.21,0
02/06/2023,04:09,0,0,0,0,9.72,2.41,0
02/06/2023,05:09,0,2,0,2.16,10.08,2.48,0
02/06/2023,06:09,25,94,0,13.2,10.36,2.34,0
02/06/2023,07:09,2,135,0,24.77,12.11,1.24,0
02/06/2023,08:09,2,199,0,36.63,13.25,0.48,0
02/06/2023,09:09,54,358,0,48.52,14.54,0.9,0
02/06/2023,10:09,107,434,0,60.04,15.95,1.31,0
02/06/2023,11:09,0,250,0,70.06,16.46,1.31,0
02/06/2023,12:09,0,90,0,74.87,15.52,0.21,0
02/06/2023,13:09,29,425,0,70.11,14.17,0.48,0
02/06/2023,14:09,139,436,0,60.11,14.6,0.48,0
02/06/2023,15:09,185,360,0,48.59,14.35,0.41,0
02/06/2023,16:09,0,63,0,36.7,14.58,0.41,0
02/06/2023,17:09,0,64,0,24.84,13.44,0.62,0
02/06/2023,18:09,106,71,0,13.27,12.99,0.76,0
02/06/2023,19:09,0,3,0,2.23,12.04,0.69,0
02/06/2023,20:09,0,0,0,0,11.39,0.83,0
02/06/2023,21:09,0,0,0,0,10.73,0.76,0
02/06/2023,22:09,0,0,0,0,10.3,0.9,0
02/06/2023,23:09,0,0,0,0,10.03,0.69,0
03/06/2023,00:09,0,0,0,0,9.39,0.62,0
03/06/2023,01:09,0,0,0,0,8.61,0.83,0
03/06/2023,02:09,0,0,0,0,8.57,0.97,0
03/06/2023,03:09,0,0,0,0,8.06,1.31,0
03/06/2023,04:09,0,0,0,0,8.2,1.38,0
03/06/2023,05:09,0,7,0,2.22,7.88,1.24,0
03/06/2023,06:09,115,69,0,13.24,8.63,0.69,0
03/06/2023,07:09,289,101,0,24.81,11.05,1.03,0
03/06/2023,08:09,481,116,0,36.66,13,1.1,0
03/06/2023,09:09,634,136,0,48.56,14.98,0.97,0
03/06/2023,10:09,761,148,0,60.09,16.24,1.31,0
03/06/2023,11:09,704,237,0,70.14,17.31,0.97,0
03/06/2023,12:09,119,491,0,74.99,17.6,0.21,0
03/06/2023,13:09,1,317,0,70.24,17.25,0.55,0
03/06/2023,14:09,149,437,0,60.21,16.6,0.41,0
03/06/2023,15:09,233,346,0,48.69,16.67,0.69,0
03/06/2023,16:09,15,248,0,36.8,16.73,0.76,0
03/06/2023,17:09,1,124,0,24.94,15.96,0.83,0
03/06/2023,18:09,108,72,0,13.37,14.36,0.9,0
03/06/2023,19:09,0,5,0,2.34,14.23,0.97,0
03/06/2023,20:09,0,0,0,0,13.22,1.03,0
03/06/2023,21:09,0,0,0,0,12.97,1.03,0
03/06/2023,22:09,0,0,0,0,12.25,0.97,0
03/06/2023,23:09,0,0,0,0,11.8,0.62,0
04/06/2023,00:09,0,0,0,0,11.11,0.34,0
04/06/2023,01:09,0,0,0,0,10.75,0.62,0
04/06/2023,02:09,0,0,0,0,9.42,0.48,0
04/06/2023,03:09,0,0,0,0,8.78,0.62,0
04/06/2023,04:09,0,0,0,0,8.72,0.69,0
04/06/2023,05:09,0,6,0,2.27,8.78,0.83,0
04/06/2023,06:09,109,72,0,13.28,10.06,0.62,0
04/06/2023,07:09,270,110,0,24.84,13.15,0.62,0
04/06/2023,08:09,450,132,0,36.69,15.04,0.55,0
04/06/2023,09:09,582,164,0,48.59,16.72,0.48,0
04/06/2023,10:09,620,230,0,60.13,17.82,1.03,0
04/06/2023,11:09,775,192,0,70.21,18.19,0.9,0
04/06/2023,12:09,161,492,0,75.11,18.29,0.28,0
04/06/2023,13:09,10,381,0,70.35,18.73,0,0
04/06/2023,14:09,66,424,0,60.31,18.79,0.48,0
04/06/2023,15:09,240,344,0,48.79,19.1,0.83,0
04/06/2023,16:09,486,115,0,36.89,18.8,0.9,0
04/06/2023,17:09,20,178,0,25.03,18.04,0.9,0
04/06/2023,18:09,3,76,0,13.47,17.08,0.9,0
04/06/2023,19:09,0,8,0,2.44,16.49,0.76,0
04/06/2023,20:09,0,0,0,0,15.9,0.55,0
04/06/2023,21:09,0,0,0,0,15.12,0.48,0
04/06/2023,22:09,0,0,0,0,13.67,0.55,0
04/06/2023,23:09,0,0,0,0,12.82,0.28,0
05/06/2023,00:09,0,0,0,0,12.45,0.14,0
05/06/2023,01:09,0,0,0,0,12.38,0.41,0
05/06/2023,02:09,0,0,0,0,12.26,0.9,0
05/06/2023,03:09,0,0,0,0,12.53,1.17,0
05/06/2023,04:09,0,0,0,0,12.82,1.31,0
05/06/2023,05:09,0,7,0,2.31,12.63,0.76,0
05/06/2023,06:09,52,93,0,13.31,12.62,0.41,0
05/06/2023,07:09,258,115,0,24.86,14,1.03,0
05/06/2023,08:09,453,130,0,36.71,16.22,0.14,0
05/06/2023,09:09,622,141,0,48.61,17.66,0.28,0
05/06/2023,10:09,692,184,0,60.16,18.7,0.41,0
05/06/2023,11:09,77,465,0,70.28,19.58,0.62,0
05/06/2023,12:09,37,446,0,75.22,20.11,0.69,0
05/06/2023,13:09,834,158,0,70.47,19.99,0.28,0
05/06/2023,14:09,779,137,0,60.41,19.91,0.34,0
05/06/2023,15:09,131,370,0,48.88,19.73,0.76,0
05/06/2023,16:09,14,246,0,36.98,17.9,1.03,0
05/06/2023,17:09,246,123,0,25.13,17.88,1.17,0
05/06/2023,18:09,63,92,0,13.57,17.77,0.97,0
05/06/2023,19:09,0,6,0,2.55,17.43,0.83,0
05/06/2023,20:09,0,0,0,0,16.51,0.97,0
05/06/2023,21:09,0,0,0,0,15.87,1.03,0
05/06/2023,22:09,0,0,0,0,14.76,1.1,0
05/06/2023,23:09,0,0,0,0,13.53,1.03,0
06/06/2023,00:09,0,0,0,0,12.81,1.24,0
06/06/2023,01:09,0,0,0,0,12.45,1.52,0
06/06/2023,02:09,0,0,0,0,12.17,1.59,0
06/06/2023,03:09,0,0,0,0,11.73,1.79,0
06/06/2023,04:09,0,0,0,0,11.43,1.72,0
06/06/2023,05:09,0,6,0,2.35,11.19,1.86,0
06/06/2023,06:09,80,84,0,13.34,11.99,2.07,0
06/06/2023,07:09,0,0,0,0,14.71,2.14,0
06/06/2023,08:09,440,135,0,36.73,17,2.07,0
06/06/2023,09:09,603,151,0,48.64,18.82,2.34,0
06/06/2023,10:09,745,154,0,60.19,20.31,2.62,0
06/06/2023,11:09,866,139,0,70.34,21.33,2.48,0
06/06/2023,12:09,885,146,0,75.33,21.97,2.14,0
06/06/2023,13:09,844,151,0,70.58,22.36,1.79,0
06/06/2023,14:09,757,149,0,60.51,22.51,1.66,0
06/06/2023,15:09,527,197,0,48.97,22.54,1.72,0
06/06/2023,16:09,283,224,0,37.07,22.21,1.66,0
06/06/2023,17:09,149,172,0,25.22,21.33,1.72,0
06/06/2023,18:09,1,67,0,13.66,20.12,1.59,0
06/06/2023,19:09,0,7,0,2.64,18.75,1.1,0
06/06/2023,20:09,0,0,0,0,17.54,1.17,0
06/06/2023,21:09,0,0,0,0,16.65,1.03,0
06/06/2023,22:09,0,0,0,0,16.15,1.03,0
06/06/2023,23:09,0,0,0,0,15.56,1.1,0
07/06/2023,00:09,0,0,0,0,14.12,0.9,0
07/06/2023,01:09,0,0,0,0,13.17,0.9,0
07/06/2023,02:09,0,0,0,0,12.71,1.03,0
07/06/2023,03:09,0,0,0,0,12.61,1.03,0
07/06/2023,04:09,0,0,0,0,12.54,0.97,0
07/06/2023,05:09,0,1,0,2.38,12.55,1.17,0
07/06/2023,06:09,1,69,0,13.37,12.78,0.97,0
07/06/2023,07:09,0,43,0,24.9,13.79,0.83,0
07/06/2023,08:09,0,116,0,36.75,14.29,0.55,0
07/06/2023,09:09,0,131,0,48.65,14.88,0.28,0
07/06/2023,10:09,0,120,0,60.22,15.9,0.55,0
07/06/2023,11:09,0,86,0,70.39,17.49,0.28,0
07/06/2023,12:09,0,139,0,75.43,17.42,0.21,0
07/06/2023,13:09,0,86,0,70.68,17.57,0.69,0
07/06/2023,14:09,0,167,0,60.6,17.98,0.97,0
07/06/2023,15:09,0,97,0,49.06,18.52,1.03,0
07/06/2023,16:09,0,129,0,37.15,18.23,1.17,0
07/06/2023,17:09,0,64,0,25.3,17.98,1.1,0
07/06/2023,18:09,0,19,0,13.75,17.86,0.97,0
07/06/2023,19:09,0,3,0,2.74,17.2,1.03,0
07/06/2023,20:09,0,0,0,0,16.44,1.03,0
07/06/2023,21:09,0,0,0,0,15.42,0.9,0
07/06/2023,22:09,0,0,0,0,14.7,1.03,0
07/06/2023,23:09,0,0,0,0,14.48,1.31,0
08/06/2023,00:09,0,0,0,0,14.53,1.24,0
08/06/2023,01:09,0,0,0,0,14.07,1.31,0
08/06/2023,02:09,0,0,0,0,13.74,1.38,0
08/06/2023,03:09,0,0,0,0,13.55,1.45,0
08/06/2023,04:09,0,0,0,0,13.54,1.24,0
08/06/2023,05:09,0,3,0,2.4,13.21,0.97,0
08/06/2023,06:09,33,95,0,13.39,13.66,1.17,0
08/06/2023,07:09,11,166,0,24.92,14.86,1.1,0
08/06/2023,08:09,0,132,0,36.76,16.53,1.17,0
08/06/2023,09:09,33,338,0,48.67,18.04,1.45,0
08/06/2023,10:09,680,185,0,60.24,19.58,2,0
08/06/2023,11:09,175,470,0,70.44,20.72,0.83,0
08/06/2023,12:09,917,123,0,75.52,20.27,0.69,0
08/06/2023,13:09,72,460,0,70.78,19.33,0.41,0
08/06/2023,14:09,0,145,0,60.69,19.97,0.55,0
08/06/2023,15:09,0,96,0,49.14,20.55,0.76,0
08/06/2023,16:09,8,232,0,37.24,19.41,0.83,0
08/06/2023,17:09,28,186,0,25.39,18.44,1.03,0
08/06/2023,18:09,102,76,0,13.84,18.06,1.03,0
08/06/2023,19:09,0,5,0,2.83,16.65,1.1,0
08/06/2023,20:09,0,0,0,0,16.04,1.03,0
08/06/2023,21:09,0,0,0,0,15.43,0.9,0
08/06/2023,22:09,0,0,0,0,14.2,0.83,0
08/06/2023,23:09,0,0,0,0,13.23,0.76,0
09/06/2023,00:09,0,0,0,0,12.35,0.76,0
09/06/2023,01:09,0,0,0,0,11.96,1.72,0
09/06/2023,02:09,0,0,0,0,11.48,2.41,0
09/06/2023,03:09,0,0,0,0,11.36,2.48,0
09/06/2023,04:09,0,0,0,0,11.03,2.48,0
09/06/2023,05:09,0,12,0,2.43,10.72,2.41,0
09/06/2023,06:09,119,69,0,13.4,11.26,2.41,0
09/06/2023,07:09,297,99,0,24.93,13,2.48,0
09/06/2023,08:09,490,114,0,36.77,14.98,2.41,0
09/06/2023,09:09,671,119,0,48.67,16.84,2.34,0
09/06/2023,10:09,809,124,0,60.26,18.01,2.14,0
09/06/2023,11:09,911,120,0,70.48,18.54,1.79,0
09/06/2023,12:09,923,131,0,75.61,19.18,1.38,0
09/06/2023,13:09,606,300,0,70.88,20.05,1.03,0
09/06/2023,14:09,157,439,0,60.78,20.22,0.9,0
09/06/2023,15:09,66,368,0,49.22,19.89,0.76,0
09/06/2023,16:09,337,202,0,37.32,19.88,0.69,0
09/06/2023,17:09,27,189,0,25.47,19.35,0.55,0
09/06/2023,18:09,12,93,0,13.92,18.7,0.21,0
09/06/2023,19:09,0,3,0,2.92,17.72,0.21,0
09/06/2023,20:09,0,0,0,0,16.31,0.48,0
09/06/2023,21:09,0,0,0,0,15.14,0.55,0
09/06/2023,22:09,0,0,0,0,14.68,0.55,0
09/06/2023,23:09,0,0,0,0,14.28,0.28,0
10/06/2023,00:09,0,0,0,0,14.22,0.48,0
10/06/2023,01:09,0,0,0,0,13.91,0.69,0
10/06/2023,02:09,0,0,0,0,13.58,0.76,0
10/06/2023,03:09,0,0,0,0,12.99,0.76,0
10/06/2023,04:09,0,0,0,0,12.37,0.69,0
10/06/2023,05:09,0,11,0,2.44,11.79,0.55,0
10/06/2023,06:09,114,71,0,13.41,12.1,0.34,0
10/06/2023,07:09,283,104,0,24.93,14.82,0.28,0
10/06/2023,08:09,475,120,0,36.77,16.19,0.48,0
10/06/2023,09:09,600,154,0,48.68,18.05,0.55,0
10/06/2023,10:09,771,143,0,60.27,19.47,0.48,0
10/06/2023,11:09,733,219,0,70.51,20.84,0.41,0
10/06/2023,12:09,760,223,0,75.69,21.88,0.55,0
10/06/2023,13:09,749,211,0,70.97,22.72,0.69,0
10/06/2023,14:09,624,232,0,60.86,23.36,0.97,0
10/06/2023,15:09,567,178,0,49.3,23.54,1.03,0
10/06/2023,16:09,48,284,0,37.4,23.41,1.03,0
10/06/2023,17:09,20,183,0,25.55,23.04,1.03,0
10/06/2023,18:09,87,87,0,14.01,22.07,1.03,0
10/06/2023,19:09,0,11,0,3,20.7,1.03,0
10/06/2023,20:09,0,0,0,0,19.21,1.1,0
10/06/2023,21:09,0,0,0,0,17.39,1.1,0
10/06/2023,22:09,0,0,0,0,16.2,1.03,0
10/06/2023,23:09,0,0,0,0,15.34,0.76,0
11/06/2023,00:09,0,0,0,0,14.5,0.28,0
11/06/2023,01:09,0,0,0,0,14,0.21,0
11/06/2023,02:09,0,0,0,0,13.49,0.14,0
11/06/2023,03:09,0,0,0,0,12.84,0.14,0
11/06/2023,04:09,0,0,0,0,12.66,0.28,0
11/06/2023,05:09,0,13,0,2.46,12.46,0.83,0
11/06/2023,06:09,52,94,0,13.42,13.12,1.24,0
11/06/2023,07:09,160,166,0,24.93,16.1,1.52,0
11/06/2023,08:09,329,200,0,36.77,17.9,1.72,0
11/06/2023,09:09,560,177,0,48.68,19.55,1.72,0
11/06/2023,10:09,721,168,0,60.28,21.01,1.93,0
11/06/2023,11:09,747,210,0,70.54,22.27,1.86,0
11/06/2023,12:09,597,320,0,75.76,23.2,1.45,0
11/06/2023,13:09,818,169,0,71.05,23.86,1.17,0
11/06/2023,14:09,766,148,0,60.94,24.12,0.9,0
11/06/2023,15:09,578,171,0,49.38,24.11,0.76,0
11/06/2023,16:09,447,138,0,37.47,23.55,0.76,0
11/06/2023,17:09,161,172,0,25.63,22.25,0.83,0
11/06/2023,18:09,95,84,0,14.09,21.38,0.83,0
11/06/2023,19:09,7,14.43,0,3.09,21.04,0.83,0
11/06/2023,20:09,0,0,0,0,18.72,0.9,0
11/06/2023,21:09,0,0,0,0,18.2,1.03,0
11/06/2023,22:09,0,0,0,0,18.07,1.17,0
11/06/2023,23:09,0,0,0,0,17.24,0.9,0
12/06/2023,00:09,0,0,0,0,16.43,0.55,0
12/06/2023,01:09,0,0,0,0,15.81,0.62,0
12/06/2023,02:09,0,0,0,0,15.32,0.62,0
12/06/2023,03:09,0,0,0,0,14.68,0.48,0
12/06/2023,04:09,0,0,0,0,13.75,0.97,0
12/06/2023,05:09,0,12,0,2.46,12.94,1.59,0
12/06/2023,06:09,23,97,0,13.42,13.75,1.79,0
12/06/2023,07:09,30,187,0,24.93,17.01,2.07,0
12/06/2023,08:09,215,256,0,36.76,18.86,2.28,0
12/06/2023,09:09,0,0,0,0,20.3,3.03,0
12/06/2023,10:09,395,356,0,60.28,21.68,2.83,0
12/06/2023,11:09,706,237,0,70.56,22.93,1.86,0
12/06/2023,12:09,357,441,0,75.82,24.01,1.38,0
12/06/2023,13:09,811,174,0,71.13,24.56,1.1,0
12/06/2023,14:09,819,121,0,61.01,25.05,1.03,0
12/06/2023,15:09,212,358,0,49.45,25.08,1.17,0
12/06/2023,16:09,444,141,0,37.55,24.3,1.24,0
12/06/2023,17:09,11,173,0,25.7,22.39,1.17,0
12/06/2023,18:09,24,102,0,14.16,21.37,1.03,0
12/06/2023,19:09,1,11.84,0,3.16,20.79,1.03,0
12/06/2023,20:09,0,0,0,0,18.91,1.03,0
12/06/2023,21:09,0,0,0,0,17.84,1.03,0
12/06/2023,22:09,0,0,0,0,16.61,1.03,0
12/06/2023,23:09,0,0,0,0,15.71,0.83,0
13/06/2023,00:09,0,0,0,0,15.14,1.1,0
13/06/2023,01:09,0,0,0,0,14.89,1.03,0
13/06/2023,02:09,0,0,0,0,14.28,0.9,0
13/06/2023,03:09,0,0,0,0,13.71,1.03,0
13/06/2023,04:09,0,0,0,0,12.96,1.66,0
13/06/2023,05:09,0,13,0,2.47,12.35,2.41,0
13/06/2023,06:09,105,74,0,13.41,12.74,2.97,0
13/06/2023,07:09,270,111,0,24.92,14.79,3.52,0
13/06/2023,08:09,395,164,0,36.75,16.36,3.66,0
13/06/2023,09:09,541,190,0,48.66,17.92,3.72,0
13/06/2023,10:09,699,183,0,60.27,19.68,3.86,0
13/06/2023,11:09,780,191,0,70.58,20.96,3.79,0
13/06/2023,12:09,778,214,0,75.88,21.75,2.69,0
13/06/2023,13:09,606,299,0,71.21,22.21,2.07,0
13/06/2023,14:09,428,344,0,61.09,22.07,1.38,0
13/06/2023,15:09,108,377,0,49.52,21.3,1.03,0
13/06/2023,16:09,243,251,0,37.62,20.53,0.83,0
13/06/2023,17:09,239,135,0,25.77,19.76,0.83,0
13/06/2023,18:09,110,79,0,14.23,18.66,0.83,0
13/06/2023,19:09,0,7,0,3.24,17.45,0.83,0
13/06/2023,20:09,0,0,0,0,16.29,0.9,0
13/06/2023,21:09,0,0,0,0,15.14,0.97,0
13/06/2023,22:09,0,0,0,0,14.15,1.03,0
13/06/2023,23:09,0,0,0,0,14.07,0.69,0
14/06/2023,00:09,0,0,0,0,13.78,0.83,0
14/06/2023,01:09,0,0,0,0,13.41,1.38,0
14/06/2023,02:09,0,0,0,0,12.93,1.79,0
14/06/2023,03:09,0,0,0,0,12.23,1.86,0
14/06/2023,04:09,0,0,0,0,11.7,1.93,0
14/06/2023,05:09,0,12,0,2.47,11.28,2.14,0
14/06/2023,06:09,111,73,0,13.41,12.06,2.48,0
14/06/2023,07:09,246,125,0,24.91,15.28,2.21,0
14/06/2023,08:09,415,153,0,36.74,16.94,2.41,0
14/06/2023,09:09,556,183,0,48.65,18.14,2.48,0
14/06/2023,10:09,703,184,0,60.27,19.34,2.55,0
14/06/2023,11:09,755,210,0,70.59,20.54,2.34,0
14/06/2023,12:09,769,222,0,75.93,21.56,1.59,0
14/06/2023,13:09,818,173,0,71.28,22.26,1.1,0
14/06/2023,14:09,697,193,0,61.15,22.89,0.69,0
14/06/2023,15:09,670,126,0,49.59,23.22,0.34,0
14/06/2023,16:09,450,142,0,37.68,23.15,0.9,0
14/06/2023,17:09,277,116,0,25.84,23,1.17,0
14/06/2023,18:09,129,72,0,14.3,22.42,1.24,0
14/06/2023,19:09,6,15.66,0,3.31,21.45,1.31,0
14/06/2023,20:09,0,0,0,0,19.66,1.31,0
14/06/2023,21:09,0,0,0,0,19.98,1.31,0
14/06/2023,22:09,0,0,0,0,19.16,1.38,0
14/06/2023,23:09,0,0,0,0,18.33,1.03,0
15/06/2023,00:09,0,0,0,0,16.33,0.55,0
15/06/2023,01:09,0,0,0,0,15.13,0.07,0
15/06/2023,02:09,0,0,0,0,14.1,0.55,0
15/06/2023,03:09,0,0,0,0,13.25,0.9,0
15/06/2023,04:09,0,0,0,0,12.54,1.1,0
15/06/2023,05:09,0,12,0,2.46,11.98,1.17,0
15/06/2023,06:09,110,72,0,13.39,13.1,1.24,0
15/06/2023,07:09,250,122,0,24.89,18.04,1.38,0
15/06/2023,08:09,414,154,0,36.72,20.39,1.45,0
15/06/2023,09:09,566,177,0,48.63,21.86,1.38,0
15/06/2023,10:09,738,163,0,60.25,22.98,1.1,0
15/06/2023,11:09,800,181,0,70.59,23.9,0.76,0
15/06/2023,12:09,830,184,0,75.98,24.67,0.76,0
15/06/2023,13:09,851,156,0,71.34,25.2,1.31,0
15/06/2023,14:09,737,168,0,61.22,25.82,1.45,0
15/06/2023,15:09,661,132,0,49.65,26.11,1.45,0
15/06/2023,16:09,202,271,0,37.75,26.07,1.38,0
15/06/2023,17:09,141,184,0,25.9,25.77,1.31,0
15/06/2023,18:09,105,84,0,14.37,25.12,1.24,0
15/06/2023,19:09,9,15.04,0,3.37,23.76,1.24,0
15/06/2023,20:09,0,0,0,0,21.05,1.31,0
15/06/2023,21:09,0,0,0,0,19.05,1.31,0
15/06/2023,22:09,0,0,0,0,17.58,1.38,0
15/06/2023,23:09,0,0,0,0,16.49,1.03,0
16/06/2023,00:09,0,0,0,0,15.81,0.9,0
16/06/2023,01:09,0,0,0,0,15.21,1.17,0
16/06/2023,02:09,0,0,0,0,14.69,1.52,0
16/06/2023,03:09,0,0,0,0,14.24,1.66,0
16/06/2023,04:09,0,0,0,0,13.84,1.45,0
16/06/2023,05:09,0,11,0,2.45,13.51,1.17,0
16/06/2023,06:09,98,77,0,13.38,14.84,0.97,0
16/06/2023,07:09,234,130,0,24.87,19.28,0.83,0
16/06/2023,08:09,403,158,0,36.7,21.76,0.62,0
16/06/2023,09:09,552,183,0,48.61,23.46,0.83,0
16/06/2023,10:09,712,175,0,60.24,24.87,1.03,0
16/06/2023,11:09,795,182,0,70.59,26.01,1.31,0
16/06/2023,12:09,826,184,0,76.01,26.92,1.45,0
16/06/2023,13:09,836,162,0,71.4,27.59,1.45,0
16/06/2023,14:09,733,169,0,61.28,28.05,1.38,0
16/06/2023,15:09,667,127,0,49.71,28.23,1.45,0
16/06/2023,16:09,207,268,0,37.81,28.04,1.45,0
16/06/2023,17:09,134,186,0,25.97,27.49,1.24,0
16/06/2023,18:09,93,89,0,14.43,26.59,1.17,0
16/06/2023,19:09,10,15.73,0,3.43,24.84,1.17,0
16/06/2023,20:09,0,0,0,0,22.59,1.24,0
16/06/2023,21:09,0,0,0,0,20.63,1.31,0
16/06/2023,22:09,0,0,0,0,19.29,1.38,0
16/06/2023,23:09,0,0,0,0,18.1,1.03,0
17/06/2023,00:09,0,0,0,0,17.44,0.97,0
17/06/2023,01:09,0,0,0,0,16.86,1.31,0
17/06/2023,02:09,0,0,0,0,16.27,1.66,0
17/06/2023,03:09,0,0,0,0,15.68,1.93,0
17/06/2023,04:09,0,0,0,0,15.15,2.07,0
17/06/2023,05:09,0,12,0,2.43,14.68,2.14,0
17/06/2023,06:09,100,75,0,13.36,15.82,2,0
17/06/2023,07:09,243,122,0,24.85,20.37,1.59,0
17/06/2023,08:09,396,159,0,36.67,22.93,1.1,0
17/06/2023,09:09,544,184,0,48.58,24.75,0.97,0
17/06/2023,10:09,703,176,0,60.22,26.24,1.1,0
17/06/2023,11:09,786,182,0,70.59,27.5,1.72,0
17/06/2023,12:09,801,194,0,76.04,28.41,1.86,0
17/06/2023,13:09,815,169,0,71.46,29.01,1.72,0
17/06/2023,14:09,699,185,0,61.34,29.21,1.31,0
17/06/2023,15:09,336,307,0,49.77,28.93,1.31,0
17/06/2023,16:09,411,161,0,37.87,27.72,1.38,0
17/06/2023,17:09,116,191,0,26.02,27.3,1.38,0
17/06/2023,18:09,85,92,0,14.49,26.5,1.24,0
17/06/2023,19:09,4,17.11,0,3.49,25.13,0.97,0
17/06/2023,20:09,0,0,0,0,22.9,0.76,0
17/06/2023,21:09,0,0,0,0,20.9,0.97,0
17/06/2023,22:09,0,0,0,0,19.36,1.1,0
17/06/2023,23:09,0,0,0,0,18.1,0.97,0
18/06/2023,00:09,0,0,0,0,17.24,1.24,0
18/06/2023,01:09,0,0,0,0,16.95,0.9,0
18/06/2023,02:09,0,0,0,0,17.28,1.24,0
18/06/2023,03:09,0,0,0,0,17.22,1.45,0
18/06/2023,04:09,0,0,0,0,15.71,0.97,0
18/06/2023,05:09,0,9,0,2.41,14.66,1.03,0
18/06/2023,06:09,0,19,0,13.33,14.95,0.76,0
18/06/2023,07:09,0,49,0,24.82,17.02,0.41,0
18/06/2023,08:09,0,109,0,36.64,17.24,0.9,0
18/06/2023,09:09,0,80,0,48.56,18.52,0.69,0
18/06/2023,10:09,0,154,0,60.19,19.71,0.62,0
18/06/2023,11:09,6,354,0,70.57,20.28,0.41,0
18/06/2023,12:09,0,179,0,76.07,21.2,0.28,0
18/06/2023,13:09,10,379,0,71.51,21.87,1.03,0
18/06/2023,14:09,676,194,0,61.39,23.05,0.97,0
18/06/2023,15:09,396,273,0,49.83,24.19,1.03,0
18/06/2023,16:09,62,288,0,37.92,24.79,1.17,0
18/06/2023,17:09,20,184,0,26.08,24.86,1.03,0
18/06/2023,18:09,21,103,0,14.54,24.05,1.03,0
18/06/2023,19:09,5,17.84,0,3.55,21.33,0.9,0
18/06/2023,20:09,0,0,0,0,20.23,0.83,0
18/06/2023,21:09,0,0,0,0,18.93,0.69,0
18/06/2023,22:09,0,0,0,0,17.91,0.76,0
18/06/2023,23:09,0,0,0,0,16.85,0.62,0
19/06/2023,00:09,0,0,0,0,16.28,0.41,0
19/06/2023,01:09,0,0,0,0,15.99,0.9,0
19/06/2023,02:09,0,0,0,0,15.98,1.17,0
19/06/2023,03:09,0,0,0,0,15.77,1.52,0
19/06/2023,04:09,0,0,0,0,15.78,1.45,0
19/06/2023,05:09,0,8,0,2.39,15.76,1.1,0
19/06/2023,06:09,0,15,0,13.3,16.12,1.03,0
19/06/2023,07:09,0,62,0,24.79,17.86,1.1,0
19/06/2023,08:09,0,156,0,36.61,19.43,1.72,0
19/06/2023,09:09,27,331,0,48.52,21.36,1.72,0
19/06/2023,10:09,693,176,0,60.16,23.31,1.24,0
19/06/2023,11:09,788,175,0,70.56,24.81,1.17,0
19/06/2023,12:09,791,194,0,76.08,25.76,0.9,0
19/06/2023,13:09,766,193,0,71.55,26.37,0.76,0
19/06/2023,14:09,501,298,0,61.44,26.81,0.83,0
19/06/2023,15:09,372,286,0,49.88,25.94,0.9,0
19/06/2023,16:09,158,281,0,37.97,23.35,1.24,0
19/06/2023,17:09,92,196,0,26.13,24.23,1.17,0
19/06/2023,18:09,40,104,0,14.59,23.73,1.03,0
19/06/2023,19:09,9,17.83,0,3.59,22.77,0.83,0
19/06/2023,20:09,0,0,0,0,21.14,0.69,0
19/06/2023,21:09,0,0,0,0,20.1,0.76,0
19/06/2023,22:09,0,0,0,0,18.77,0.76,0
19/06/2023,23:09,0,0,0,0,16.87,0.48,0
20/06/2023,00:09,0,0,0,0,16.33,0.07,0
20/06/2023,01:09,0,0,0,0,15.91,0.28,0
20/06/2023,02:09,0,0,0,0,15.73,0.28,0
20/06/2023,03:09,0,0,0,0,15.56,0.48,0
20/06/2023,04:09,0,0,0,0,15.06,0.55,0
20/06/2023,05:09,0,1,0,2.36,14.75,0.76,0
20/06/2023,06:09,3,75,0,13.27,15.68,1.1,0
20/06/2023,07:09,13,166,0,24.76,17.53,2.07,0
20/06/2023,08:09,20,252,0,36.58,19.41,1.17,0
20/06/2023,09:09,513,196,0,48.49,21.32,0.62,0
20/06/2023,10:09,702,170,0,60.13,23.14,0.14,0
20/06/2023,11:09,759,192,0,70.53,24.18,0.55,0
20/06/2023,12:09,829,171,0,76.09,25.09,1.03,0
20/06/2023,13:09,803,170,0,71.59,25.18,0.9,0
20/06/2023,14:09,734,160,0,61.49,22.49,0.62,0
20/06/2023,15:09,658,126,0,49.92,22.31,0.28,0
20/06/2023,16:09,250,245,0,38.02,22.45,0.28,0
20/06/2023,17:09,196,157,0,26.18,22.75,0.69,0
20/06/2023,18:09,30,105,0,14.64,20.73,1.03,0
20/06/2023,19:09,1,14.82,0,3.64,20.82,0.69,0
20/06/2023,20:09,0,0,0,0,19.47,0.97,0
20/06/2023,21:09,0,0,0,0,19.11,1.1,0
20/06/2023,22:09,0,0,0,0,18.8,1.24,0
20/06/2023,23:09,0,0,0,0,18.09,1.1,0
21/06/2023,00:09,0,0,0,0,17.23,0.69,0
21/06/2023,01:09,0,0,0,0,16.08,0.62,0
21/06/2023,02:09,0,0,0,0,15.75,0.97,0
21/06/2023,03:09,0,0,0,0,15.55,1.17,0
21/06/2023,04:09,0,0,0,0,15.3,1.38,0
21/06/2023,05:09,0,1,0,2.32,14.99,1.1,0
21/06/2023,06:09,0,24,0,13.23,15.47,1.03,0
21/06/2023,07:09,0,45,0,24.72,17.53,1.1,0
21/06/2023,08:09,2,200,0,36.54,18.59,0.9,0
21/06/2023,09:09,463,224,0,48.45,19.12,1.03,0
21/06/2023,10:09,13,354,0,60.09,18.8,0.76,0
21/06/2023,11:09,513,336,0,70.5,18.98,1.03,0
21/06/2023,12:09,312,449,0,76.1,19.4,0.48,0
21/06/2023,13:09,1,314,0,71.62,20.38,0.41,0
21/06/2023,14:09,0,259,0,61.53,21.65,0.21,0
21/06/2023,15:09,44,353,0,49.97,21.54,0.21,0
21/06/2023,16:09,171,276,0,38.06,21.85,0.41,0
21/06/2023,17:09,81,198,0,26.22,21.9,0.69,0
21/06/2023,18:09,70,98,0,14.68,21.28,0.9,0
21/06/2023,19:09,0,11,0,3.68,19.64,0.97,0
21/06/2023,20:09,0,0,0,0,18.78,0.9,0
21/06/2023,21:09,0,0,0,0,17.86,0.9,0
21/06/2023,22:09,0,0,0,0,17.23,0.97,0
21/06/2023,23:09,0,0,0,0,16.51,0.69,0
22/06/2023,00:09,0,0,0,0,15.71,0.14,0
22/06/2023,01:09,0,0,0,0,14.74,0.83,0
22/06/2023,02:09,0,0,0,0,14.14,0.9,0
22/06/2023,03:09,0,0,0,0,13.97,0.97,0
22/06/2023,04:09,0,0,0,0,13.58,0.69,0
22/06/2023,05:09,0,10,0,2.28,13.03,0.41,0
22/06/2023,06:09,97,75,0,13.19,13.78,0.21,0
22/06/2023,07:09,249,119,0,24.68,16.76,0.48,0
22/06/2023,08:09,423,144,0,36.49,18.63,0.76,0
22/06/2023,09:09,590,157,0,48.41,20.5,0.76,0
22/06/2023,10:09,730,163,0,60.05,22.12,0.76,0
22/06/2023,11:09,817,168,0,70.47,23.61,0.69,0
22/06/2023,12:09,838,176,0,76.09,24.74,0.9,0
22/06/2023,13:09,859,150,0,71.65,25.61,0.97,0
22/06/2023,14:09,765,153,0,61.57,26.33,1.24,0
22/06/2023,15:09,643,141,0,50.01,26.5,1.38,0
22/06/2023,16:09,265,245,0,38.11,26.56,1.45,0
22/06/2023,17:09,139,187,0,26.26,26.23,1.45,0
22/06/2023,18:09,107,86,0,14.72,25.56,1.45,0
22/06/2023,19:09,3,18.33,0,3.72,23.93,1.45,0
22/06/2023,20:09,0,0,0,0,22.13,1.38,0
22/06/2023,21:09,0,0,0,0,20.28,1.31,0
22/06/2023,22:09,0,0,0,0,19,1.31,0
22/06/2023,23:09,0,0,0,0,17.92,1.24,0
23/06/2023,00:09,0,0,0,0,16.99,1.38,0
23/06/2023,01:09,0,0,0,0,16.3,2.34,0
23/06/2023,02:09,0,0,0,0,15.79,2.76,0
23/06/2023,03:09,0,0,0,0,15.41,2.76,0
23/06/2023,04:09,0,0,0,0,15.18,2.69,0
23/06/2023,05:09,0,10,0,2.24,14.8,2.55,0
23/06/2023,06:09,100,73,0,13.15,15.35,2.48,0
23/06/2023,07:09,241,121,0,24.63,18.95,2.34,0
23/06/2023,08:09,410,149,0,36.45,20.93,2.41,0
23/06/2023,09:09,575,163,0,48.36,22.55,2.55,0
23/06/2023,10:09,724,163,0,60.01,24.05,2.62,0
23/06/2023,11:09,811,168,0,70.43,25.34,2.69,0
23/06/2023,12:09,832,176,0,76.08,26.27,2.34,0
23/06/2023,13:09,841,157,0,71.68,26.82,1.93,0
23/06/2023,14:09,749,159,0,61.6,27.09,1.59,0
23/06/2023,15:09,613,155,0,50.05,27.09,1.52,0
23/06/2023,16:09,263,244,0,38.14,26.72,1.45,0
23/06/2023,17:09,148,183,0,26.3,25.96,1.31,0
23/06/2023,18:09,117,80,0,14.75,24.66,1.17,0
23/06/2023,19:09,4,19.07,0,3.75,23.28,1.17,0
23/06/2023,20:09,0,0,0,0,21.48,1.17,0
23/06/2023,21:09,0,0,0,0,19.98,1.17,0
23/06/2023,22:09,0,0,0,0,18.48,1.31,0
23/06/2023,23:09,0,0,0,0,17.26,1.17,0
24/06/2023,00:09,0,0,0,0,16.61,1.24,0
24/06/2023,01:09,0,0,0,0,16.21,1.72,0
24/06/2023,02:09,0,0,0,0,15.87,1.93,0
24/06/2023,03:09,0,0,0,0,15.55,1.93,0
24/06/2023,04:09,0,0,0,0,15.14,1.72,0
24/06/2023,05:09,0,10,0,2.19,14.61,1.52,0
24/06/2023,06:09,99,73,0,13.1,15.15,1.31,0
24/06/2023,07:09,247,118,0,24.58,19.19,1.24,0
24/06/2023,08:09,420,143,0,36.4,21.54,1.24,0
24/06/2023,09:09,577,163,0,48.31,23.45,1.31,0
24/06/2023,10:09,727,163,0,59.96,25.21,1.45,0
24/06/2023,11:09,814,168,0,70.39,26.67,1.52,0
24/06/2023,12:09,835,176,0,76.06,27.8,1.38,0
24/06/2023,13:09,845,156,0,71.69,28.59,1.59,0
24/06/2023,14:09,743,163,0,61.63,29.15,1.52,0
24/06/2023,15:09,608,159,0,50.08,29.47,1.38,0
24/06/2023,16:09,258,248,0,38.18,29.52,1.31,0
24/06/2023,17:09,146,185,0,26.33,29.14,1.24,0
24/06/2023,18:09,112,84,0,14.78,28.29,1.17,0
24/06/2023,19:09,4,19.08,0,3.78,26.35,1.17,0
24/06/2023,20:09,0,0,0,0,23.55,1.17,0
24/06/2023,21:09,0,0,0,0,21.4,1.17,0
24/06/2023,22:09,0,0,0,0,20.05,1.24,0
24/06/2023,23:09,0,0,0,0,19.05,1.1,0
25/06/2023,00:09,0,0,0,0,18.28,0.83,0
25/06/2023,01:09,0,0,0,0,17.76,1.24,0
25/06/2023,02:09,0,0,0,0,17.32,1.52,0
25/06/2023,03:09,0,0,0,0,17.12,1.52,0
25/06/2023,04:09,0,0,0,0,17.02,1.24,0
25/06/2023,05:09,0,10,0,2.14,16.96,1.24,0
25/06/2023,06:09,100,73,0,13.05,17.65,1.72,0
25/06/2023,07:09,244,120,0,24.53,21.71,2.14,0
25/06/2023,08:09,415,148,0,36.34,24.9,2.28,0
25/06/2023,09:09,581,162,0,48.26,26.7,2.28,0
25/06/2023,10:09,722,167,0,59.91,28.14,1.86,0
25/06/2023,11:09,819,168,0,70.34,29.31,1.31,0
25/06/2023,12:09,841,175,0,76.04,30.32,1.59,0
25/06/2023,13:09,828,168,0,71.7,31.11,1.79,0
25/06/2023,14:09,738,168,0,61.66,31.66,1.59,0
25/06/2023,15:09,603,164,0,50.11,31.8,1.38,0
25/06/2023,16:09,261,249,0,38.21,31.55,1.38,0
25/06/2023,17:09,155,183,0,26.36,30.84,1.45,0
25/06/2023,18:09,112,85,0,14.81,29.42,1.52,0
25/06/2023,19:09,4,20.04,0,3.8,27.51,1.45,0
25/06/2023,20:09,0,0,0,0,24.63,1.52,0
25/06/2023,21:09,0,0,0,0,23,1.52,0
25/06/2023,22:09,0,0,0,0,21.78,1.52,0
25/06/2023,23:09,0,0,0,0,20.59,1.17,0
26/06/2023,00:09,0,0,0,0,19.51,0.83,0
26/06/2023,01:09,0,0,0,0,18.6,0.55,0
26/06/2023,02:09,0,0,0,0,18.09,0.34,0
26/06/2023,03:09,0,0,0,0,17.71,0.28,0
26/06/2023,04:09,0,0,0,0,17.45,0.55,0
26/06/2023,05:09,0,10,0,2.09,17.31,0.83,0
26/06/2023,06:09,86,78,0,12.99,18.4,0.97,0
26/06/2023,07:09,228,126,0,24.47,22.73,1.17,0
26/06/2023,08:09,398,153,0,36.29,25.99,1.1,0
26/06/2023,09:09,570,163,0,48.2,27.73,0.55,0
26/06/2023,10:09,719,163,0,59.85,29.19,1.38,0
26/06/2023,11:09,806,168,0,70.29,30.34,0.55,0
26/06/2023,12:09,783,204,0,76,31.18,1.1,0
26/06/2023,13:09,612,292,0,71.71,31.55,1.03,0
26/06/2023,14:09,150,440,0,61.68,31.85,1.17,0
26/06/2023,15:09,285,332,0,50.14,31.35,1.31,0
26/06/2023,16:09,340,205,0,38.23,30.66,1.45,0
26/06/2023,17:09,134,188,0,26.38,28.91,1.59,0
26/06/2023,18:09,133,75,0,14.83,25.9,1.59,0
26/06/2023,19:09,4,20.05,0,3.82,26.02,1.52,0
26/06/2023,20:09,0,0,0,0,24.18,1.45,0
26/06/2023,21:09,0,0,0,0,22.47,1.38,0
26/06/2023,22:09,0,0,0,0,20.91,1.38,0
26/06/2023,23:09,0,0,0,0,19.62,1.1,0
27/06/2023,00:09,0,0,0,0,18.55,0.69,0
27/06/2023,01:09,0,0,0,0,17.92,0.34,0
27/06/2023,02:09,0,0,0,0,17.65,0.28,0
27/06/2023,03:09,0,0,0,0,17.57,0.48,0
27/06/2023,04:09,0,0,0,0,17.59,0.83,0
27/06/2023,05:09,0,9,0,2.03,17.58,1.1,0
27/06/2023,06:09,99,73,0,12.93,18.39,1.38,0
27/06/2023,07:09,248,117,0,24.41,22.5,1.52,0
27/06/2023,08:09,407,152,0,36.23,26.06,1.72,0
27/06/2023,09:09,570,169,0,48.14,27.53,1.59,0
27/06/2023,10:09,732,162,0,59.79,28.82,1.1,0
27/06/2023,11:09,854,149,0,70.23,29.93,1.24,0
27/06/2023,12:09,866,162,0,75.96,30.69,1.38,0
27/06/2023,13:09,790,191,0,71.71,31.27,1.59,0
27/06/2023,14:09,444,341,0,61.7,31.45,1.59,0
27/06/2023,15:09,529,211,0,50.16,31.3,1.59,0
27/06/2023,16:09,227,265,0,38.26,30.68,1.59,0
27/06/2023,17:09,115,198,0,26.41,29.21,1.59,0
27/06/2023,18:09,63,105,0,14.85,27.66,1.59,0
27/06/2023,19:09,2,18.57,0,3.83,26.72,1.59,0
27/06/2023,20:09,0,0,0,0,23.82,1.59,0
27/06/2023,21:09,0,0,0,0,21.66,1.52,0
27/06/2023,22:09,0,0,0,0,20.12,1.45,0
27/06/2023,23:09,0,0,0,0,18.87,1.24,0
28/06/2023,00:09,0,0,0,0,17.9,0.83,0
28/06/2023,01:09,0,0,0,0,17.18,0.83,0
28/06/2023,02:09,0,0,0,0,16.65,0.9,0
28/06/2023,03:09,0,0,0,0,16.23,0.76,0
28/06/2023,04:09,0,0,0,0,16.03,0.76,0
28/06/2023,05:09,0,7,0,1.97,15.83,1.03,0
28/06/2023,06:09,57,89,0,12.87,16.78,1.24,0
28/06/2023,07:09,210,139,0,24.35,21.6,1.17,0
28/06/2023,08:09,394,161,0,36.17,25.98,0.97,0
28/06/2023,09:09,585,161,0,48.08,27.8,0.97,0
28/06/2023,10:09,737,161,0,59.73,29.19,0.83,0
28/06/2023,11:09,848,155,0,70.17,30.3,0.76,0
28/06/2023,12:09,883,156,0,75.92,31,0.14,0
28/06/2023,13:09,721,237,0,71.7,31.36,0.69,0
28/06/2023,14:09,556,282,0,61.71,31.66,1.24,0
28/06/2023,15:09,231,360,0,50.18,31.28,1.38,0
28/06/2023,16:09,197,278,0,38.28,30.93,1.52,0
28/06/2023,17:09,105,201,0,26.42,29.8,1.52,0
28/06/2023,18:09,39,109,0,14.87,28.48,1.52,0
28/06/2023,19:09,4,19.1,0,3.84,28.76,1.52,0
28/06/2023,20:09,0,0,0,0,27,1.45,0
28/06/2023,21:09,0,0,0,0,23.67,1.38,0
28/06/2023,22:09,0,0,0,0,21.59,1.38,0
28/06/2023,23:09,0,0,0,0,20.14,1.31,0
29/06/2023,00:09,0,0,0,0,19.59,0.9,0
29/06/2023,01:09,0,0,0,0,19.47,1.24,0
29/06/2023,02:09,0,0,0,0,19.4,1.52,0
29/06/2023,03:09,0,0,0,0,19.48,1.86,0
29/06/2023,04:09,0,0,0,0,19.52,2.34,0
29/06/2023,05:09,0,7,0,1.9,19.21,2.69,0
29/06/2023,06:09,45,91,0,12.8,19.16,3.03,0
29/06/2023,07:09,151,165,0,24.29,22.01,3.17,0
29/06/2023,08:09,334,194,0,36.1,25.02,3.24,0
29/06/2023,09:09,571,168,0,48.02,26.68,3.24,0
29/06/2023,10:09,734,161,0,59.66,28.2,2.62,0
29/06/2023,11:09,822,167,0,70.1,29.21,2.48,0
29/06/2023,12:09,856,169,0,75.86,29.85,2.21,0
29/06/2023,13:09,867,149,0,71.69,30.47,1.66,0
29/06/2023,14:09,743,168,0,61.72,30.68,1.45,0
29/06/2023,15:09,585,178,0,50.19,30.85,1.45,0
29/06/2023,16:09,212,272,0,38.29,30.3,1.59,0
29/06/2023,17:09,136,191,0,26.44,29.42,1.52,0
29/06/2023,18:09,92,95,0,14.88,28.8,1.38,0
29/06/2023,19:09,4,19.1,0,3.84,27.44,1.24,0
29/06/2023,20:09,0,0,0,0,24.82,1.31,0
29/06/2023,21:09,0,0,0,0,23.83,1.31,0
29/06/2023,22:09,0,0,0,0,22.73,1.38,0
29/06/2023,23:09,0,0,0,0,21.33,1.24,0
30/06/2023,00:09,0,0,0,0,20.39,0.9,0
30/06/2023,01:09,0,0,0,0,19.81,1.1,0
30/06/2023,02:09,0,0,0,0,19.22,1.03,0
30/06/2023,03:09,0,0,0,0,18.05,1.72,0
30/06/2023,04:09,0,0,0,0,17.12,2.48,0
30/06/2023,05:09,0,6,0,1.83,16.1,3.03,0
30/06/2023,06:09,85,77,0,12.73,16.48,3.38,0
30/06/2023,07:09,235,124,0,24.22,21.24,3.52,0
30/06/2023,08:09,416,147,0,36.04,24.23,3.45,0
30/06/2023,09:09,584,161,0,47.95,25.65,3.17,0
30/06/2023,10:09,726,167,0,59.59,27.31,2.76,0
30/06/2023,11:09,0,0,0,0,28.47,2.21,0
30/06/2023,12:09,818,193,0,75.81,29.39,1.59,0
30/06/2023,13:09,825,173,0,71.67,29.81,1.24,0
30/06/2023,14:09,720,184,0,61.72,29.95,1.1,0
30/06/2023,15:09,611,164,0,50.2,29.66,1.17,0
30/06/2023,16:09,259,253,0,38.3,29.23,1.24,0
30/06/2023,17:09,147,189,0,26.45,28.58,1.17,0
30/06/2023,18:09,116,85,0,14.88,27.65,1.03,0
30/06/2023,19:09,6,20.51,0,3.84,26.27,0.9,0
30/06/2023,20:09,0,0,0,0,23.96,0.76,0
30/06/2023,21:09,0,0,0,0,22.73,0.69,0
30/06/2023,22:09,0,0,0,0,21.46,0.55,0
30/06/2023,23:09,0,0,0,0,20.25,0.41,0
01/07/2023,00:09,0,0,0,0,19.63,0.9,0
01/07/2023,01:09,0,0,0,0,19.22,0.9,0
01/07/2023,02:09,0,0,0,0,18.97,0.76,0
01/07/2023,03:09,0,0,0,0,18.71,0.83,0
01/07/2023,04:09,0,0,0,0,18.7,0.97,0
01/07/2023,05:09,0,6,0,1.75,18.73,0.97,0
01/07/2023,06:09,83,77,0,12.66,18.84,1.1,0
01/07/2023,07:09,225,128,0,24.15,19.44,1.17,0
01/07/2023,08:09,416,144,0,35.97,20.94,1.24,0
01/07/2023,09:09,584,158,0,47.88,22.78,1.31,0
01/07/2023,10:09,726,164,0,59.52,24.28,1.17,0
01/07/2023,11:09,800,178,0,69.95,25.66,0.9,0
01/07/2023,12:09,802,200,0,75.74,26.57,1.17,0
01/07/2023,13:09,811,178,0,71.65,27.46,1.59,0
01/07/2023,14:09,747,165,0,61.72,28.11,1.72,0
01/07/2023,15:09,612,161,0,50.2,28.52,1.52,0
01/07/2023,16:09,259,252,0,38.31,28.58,1.38,0
01/07/2023,17:09,259,134,0,26.45,28.47,1.24,0
01/07/2023,18:09,112,86,0,14.88,27.42,1.1,0
01/07/2023,19:09,4,19.1,0,3.84,26.38,1.03,0
01/07/2023,20:09,0,0,0,0,24.13,0.97,0
01/07/2023,21:09,0,0,0,0,22.33,0.97,0
01/07/2023,22:09,0,0,0,0,21.07,1.03,0
01/07/2023,23:09,0,0,0,0,20.13,1.03,0
02/07/2023,00:09,0,0,0,0,19.58,0.97,0
02/07/2023,01:09,0,0,0,0,18.98,1.24,0
02/07/2023,02:09,0,0,0,0,18.6,1.52,0
02/07/2023,03:09,0,0,0,0,18.14,1.38,0
02/07/2023,04:09,0,0,0,0,17.72,1.1,0
02/07/2023,05:09,0,4,0,1.68,17.44,0.76,0
02/07/2023,06:09,74,79,0,12.59,17.79,0.69,0
02/07/2023,07:09,221,125,0,24.07,20.25,0.55,0
02/07/2023,08:09,403,146,0,35.89,22.47,0.41,0
02/07/2023,09:09,569,159,0,47.81,24.3,0.62,0
02/07/2023,10:09,719,160,0,59.45,25.59,0.48,0
02/07/2023,11:09,768,188,0,69.87,26.26,1.52,0
02/07/2023,12:09,149,490,0,75.67,27.09,0.9,0
02/07/2023,13:09,326,435,0,71.62,28,0.83,0
02/07/2023,14:09,21,381,0,61.71,28.7,0.83,0
02/07/2023,15:09,597,163,0,50.21,28.54,0.76,0
02/07/2023,16:09,290,232,0,38.31,27.33,0.9,0
02/07/2023,17:09,143,186,0,26.45,26.18,0.9,0
02/07/2023,18:09,0,39,0,14.88,24.94,0.9,0
02/07/2023,19:09,0,3,0,3.83,24.91,0.9,0
02/07/2023,20:09,0,0,0,0,23.91,0.9,0
02/07/2023,21:09,0,0,0,0,22.65,0.9,0
02/07/2023,22:09,0,0,0,0,21.99,0.97,0
02/07/2023,23:09,0,0,0,0,21.08,0.69,0
03/07/2023,00:09,0,0,0,0,20.46,0.41,0
03/07/2023,01:09,0,0,0,0,20.06,0.34,0
03/07/2023,02:09,0,0,0,0,19.55,0.28,0
03/07/2023,03:09,0,0,0,0,19.17,0.34,0
03/07/2023,04:09,0,0,0,0,18.96,0.55,0
03/07/2023,05:09,0,4,0,1.59,18.69,0.69,0
03/07/2023,06:09,88,73,0,12.51,19.59,0.97,0
03/07/2023,07:09,246,112,0,24,21.65,1.59,0
03/07/2023,08:09,415,140,0,35.82,24.02,1.93,0
03/07/2023,09:09,584,153,0,47.73,25.51,2.28,0
03/07/2023,10:09,716,164,0,59.37,26.86,2.69,0
03/07/2023,11:09,790,178,0,69.78,27.72,2.34,0
03/07/2023,12:09,638,295,0,75.59,28.58,1.79,0
03/07/2023,13:09,241,466,0,71.58,29.52,1.1,0
03/07/2023,14:09,275,412,0,61.7,30.04,0.76,0
03/07/2023,15:09,132,379,0,50.2,30.55,0.97,0
03/07/2023,16:09,120,296,0,38.31,30.56,1.17,0
03/07/2023,17:09,231,147,0,26.45,29.84,1.31,0
03/07/2023,18:09,113,84,0,14.87,29.2,1.38,0
03/07/2023,19:09,5,19.8,0,3.81,28.24,1.45,0
03/07/2023,20:09,0,0,0,0,25.96,1.45,0
03/07/2023,21:09,0,0,0,0,25.74,1.38,0
03/07/2023,22:09,0,0,0,0,24,1.31,0
03/07/2023,23:09,0,0,0,0,22.18,1.1,0
04/07/2023,00:09,0,0,0,0,21.02,1.24,0
04/07/2023,01:09,0,0,0,0,20.4,1.66,0
04/07/2023,02:09,0,0,0,0,19.82,1.93,0
04/07/2023,03:09,0,0,0,0,19.25,2.07,0
04/07/2023,04:09,0,0,0,0,18.86,2.28,0
04/07/2023,05:09,0,5,0,1.51,18.47,2.41,0
04/07/2023,06:09,95,69,0,12.42,18.84,2.69,0
04/07/2023,07:09,257,108,0,23.92,21.78,2.97,0
04/07/2023,08:09,420,139,0,35.74,23.79,3.03,0
04/07/2023,09:09,580,159,0,47.65,25.33,3.1,0
04/07/2023,10:09,697,180,0,59.29,26.77,3.1,0
04/07/2023,11:09,783,187,0,69.69,28.02,2.97,0
04/07/2023,12:09,816,190,0,75.5,29.11,2.41,0
04/07/2023,13:09,809,179,0,71.54,29.9,1.79,0
04/07/2023,14:09,733,173,0,61.68,30.43,1.31,0
04/07/2023,15:09,621,156,0,50.19,30.62,0.9,0
04/07/2023,16:09,265,249,0,38.3,30.38,0.9,0
04/07/2023,17:09,259,133,0,26.44,29.78,0.97,0
04/07/2023,18:09,118,83,0,14.86,28.83,1.03,0
04/07/2023,19:09,5,19.8,0,3.79,27.54,1.1,0
04/07/2023,20:09,0,0,0,0,25.59,1.1,0
04/07/2023,21:09,0,0,0,0,23.85,1.1,0
04/07/2023,22:09,0,0,0,0,24.27,1.17,0
04/07/2023,23:09,0,0,0,0,23.39,1.17,0
05/07/2023,00:09,0,0,0,0,22.41,0.48,0
05/07/2023,01:09,0,0,0,0,21.41,0.34,0
05/07/2023,02:09,0,0,0,0,20.75,0.41,0
05/07/2023,03:09,0,0,0,0,20.36,0.28,0
05/07/2023,04:09,0,0,0,0,19.79,0.34,0
05/07/2023,05:09,0,4,0,1.42,18.54,0.55,0
05/07/2023,06:09,98,67,0,12.34,17.92,0.83,0
05/07/2023,07:09,0,0,0,0,21.38,1.1,0
05/07/2023,08:09,210,249,0,35.66,24.8,1.52,0
05/07/2023,09:09,420,251,0,47.57,26.41,1.59,0
05/07/2023,10:09,694,179,0,59.2,27.74,1.66,0
05/07/2023,11:09,764,197,0,69.6,28.89,1.66,0
05/07/2023,12:09,813,190,0,75.41,29.88,1.52,0
05/07/2023,13:09,820,171,0,71.49,30.66,1.31,0
05/07/2023,14:09,731,172,0,61.66,31.15,1.31,0
05/07/2023,15:09,586,176,0,50.18,31.17,1.31,0
05/07/2023,16:09,163,288,0,38.29,30.82,1.17,0
05/07/2023,17:09,194,166,0,26.43,29.99,1.1,0
05/07/2023,18:09,141,73,0,14.84,28.98,0.97,0
05/07/2023,19:09,10,18.58,0,3.77,28.15,0.9,0
05/07/2023,20:09,0,0,0,0,25.8,0.9,0
05/07/2023,21:09,0,0,0,0,24.02,0.83,0
05/07/2023,22:09,0,0,0,0,22.85,0.97,0
05/07/2023,23:09,0,0,0,0,22.39,0.97,0
06/07/2023,00:09,0,0,0,0,22.13,0.41,0
06/07/2023,01:09,0,0,0,0,21.94,0.34,0
06/07/2023,02:09,0,0,0,0,21.64,0.55,0
06/07/2023,03:09,0,0,0,0,21.21,0.48,0
06/07/2023,04:09,0,0,0,0,20.68,0.48,0
06/07/2023,05:09,0,0,0,0,19.16,0.83,0
06/07/2023,06:09,86,70,0,12.25,18.8,1.38,0
06/07/2023,07:09,231,117,0,23.75,21.37,1.72,0
06/07/2023,08:09,401,144,0,35.58,23.26,1.79,0
06/07/2023,09:09,556,166,0,47.49,25.08,1.45,0
06/07/2023,10:09,585,240,0,59.11,26.81,1.31,0
06/07/2023,11:09,753,198,0,69.5,28.09,1.1,0
06/07/2023,12:09,801,191,0,75.31,29.49,0.62,0
06/07/2023,13:09,809,171,0,71.43,30.45,0.48,0
06/07/2023,14:09,593,252,0,61.63,30.93,0.41,0
06/07/2023,15:09,484,232,0,50.16,30.61,0.48,0
06/07/2023,16:09,248,252,0,38.28,29.62,0.76,0
06/07/2023,17:09,267,125,0,26.41,29.01,0.97,0
06/07/2023,18:09,113,83,0,14.82,28.31,1.03,0
06/07/2023,19:09,4,19.07,0,3.74,27.38,1.1,0
06/07/2023,20:09,0,0,0,0,26.01,1.1,0
06/07/2023,21:09,0,0,0,0,25,1.03,0
06/07/2023,22:09,0,0,0,0,23.96,0.97,0
06/07/2023,23:09,0,0,0,0,22.62,0.9,0
07/07/2023,00:09,0,0,0,0,21.16,0.83,0
07/07/2023,01:09,0,0,0,0,20.15,0.76,0
07/07/2023,02:09,0,0,0,0,19.39,0.76,0
07/07/2023,03:09,0,0,0,0,19,0.62,0
07/07/2023,04:09,0,0,0,0,18.89,0.48,0
07/07/2023,05:09,0,0,0,0,18.53,0.48,0
07/07/2023,06:09,40,85,0,12.16,19.08,0.55,0
07/07/2023,07:09,220,121,0,23.66,20.95,1.17,0
07/07/2023,08:09,413,136,0,35.49,22.98,1.52,0
07/07/2023,09:09,553,166,0,47.4,25.29,1.38,0
07/07/2023,10:09,694,171,0,59.02,27.18,1.52,0
07/07/2023,11:09,793,171,0,69.4,28.5,1.24,0
07/07/2023,12:09,814,181,0,75.2,29.68,1.45,0
07/07/2023,13:09,806,172,0,71.37,30.57,1.17,0
07/07/2023,14:09,603,245,0,61.6,31.17,1.03,0
07/07/2023,15:09,575,176,0,50.14,31.23,1.03,0
07/07/2023,16:09,259,246,0,38.26,30.27,1.24,0
07/07/2023,17:09,251,133,0,26.39,29.9,1.24,0
07/07/2023,18:09,108,85,0,14.79,28.85,1.1,0
07/07/2023,19:09,4,19.06,0,3.7,27.96,0.9,0
07/07/2023,20:09,0,0,0,0,26.11,0.76,0
07/07/2023,21:09,0,0,0,0,24.32,0.76,0
07/07/2023,22:09,0,0,0,0,22.83,0.76,0
07/07/2023,23:09,0,0,0,0,21.43,0.62,0
08/07/2023,00:09,0,0,0,0,20.61,0,0
08/07/2023,01:09,0,0,0,0,20.26,0.34,0
08/07/2023,02:09,0,0,0,0,20.29,0.48,0
08/07/2023,03:09,0,0,0,0,19.82,0.48,0
08/07/2023,04:09,0,0,0,0,19.14,0.55,0
08/07/2023,05:09,0,0,0,0,18.51,0.97,0
08/07/2023,06:09,81,71,0,12.07,18.53,1.24,0
08/07/2023,07:09,221,121,0,23.57,20.73,1.45,0
08/07/2023,08:09,400,144,0,35.4,23.38,1.52,0
08/07/2023,09:09,556,165,0,47.31,25.59,1.45,0
08/07/2023,10:09,684,179,0,58.93,27.55,1.1,0
08/07/2023,11:09,784,178,0,69.29,29.3,0.55,0
08/07/2023,12:09,803,190,0,75.09,30.82,0.69,0
08/07/2023,13:09,797,179,0,71.3,31.93,0.83,0
08/07/2023,14:09,734,166,0,61.56,32.68,0.9,0
08/07/2023,15:09,611,156,0,50.12,32.92,0.9,0
08/07/2023,16:09,254,250,0,38.23,32.73,0.9,0
08/07/2023,17:09,248,136,0,26.36,32.06,1.03,0
08/07/2023,18:09,109,85,0,14.76,30.97,1.03,0
08/07/2023,19:09,3,17.36,0,3.66,29.87,1.1,0
08/07/2023,20:09,0,0,0,0,27.7,1.17,0
08/07/2023,21:09,0,0,0,0,26.12,1.1,0
08/07/2023,22:09,0,0,0,0,25.35,0.9,0
08/07/2023,23:09,0,0,0,0,24.59,0.76,0
09/07/2023,00:09,0,0,0,0,22.77,0.48,0
09/07/2023,01:09,0,0,0,0,22.05,0.14,0
09/07/2023,02:09,0,0,0,0,21.18,0.97,0
09/07/2023,03:09,0,0,0,0,20.25,1.1,0
09/07/2023,04:09,0,0,0,0,19.88,1.52,0
09/07/2023,05:09,0,0,0,0,19.99,2,0
09/07/2023,06:09,51,81,0,11.97,20.08,2.48,0
09/07/2023,07:09,212,125,0,23.48,22.74,2.69,0
09/07/2023,08:09,385,153,0,35.31,25.96,2.9,0
09/07/2023,09:09,617,133,0,47.22,28.13,2.76,0
09/07/2023,10:09,685,179,0,58.83,30.27,2.34,0
09/07/2023,11:09,785,178,0,69.18,32.18,1.31,0
09/07/2023,12:09,804,191,0,74.97,33.77,0.07,0
09/07/2023,13:09,798,179,0,71.22,34.94,0,0
09/07/2023,14:09,710,181,0,61.52,35.57,0.41,0
09/07/2023,15:09,591,169,0,50.09,35.85,0.9,0
09/07/2023,16:09,243,256,0,38.21,35.7,1.17,0
09/07/2023,17:09,216,153,0,26.33,35.04,1.38,0
09/07/2023,18:09,126,77,0,14.72,33.98,1.38,0
09/07/2023,19:09,0,3,0,3.62,32.38,1.52,0
09/07/2023,20:09,0,0,0,0,31.04,1.59,0
09/07/2023,21:09,0,0,0,0,29.6,1.66,0
09/07/2023,22:09,0,0,0,0,28.16,1.72,0
09/07/2023,23:09,0,0,0,0,25.66,1.52,0
10/07/2023,00:09,0,0,0,0,23.59,0.9,0
10/07/2023,01:09,0,0,0,0,22.46,0.97,0
10/07/2023,02:09,0,0,0,0,21.26,1.38,0
10/07/2023,03:09,0,0,0,0,20.2,1.59,0
10/07/2023,04:09,0,0,0,0,19.36,2.21,0
10/07/2023,05:09,0,0,0,0,18.7,2.69,0
10/07/2023,06:09,65,76,0,11.87,19.38,2.83,0
10/07/2023,07:09,201,131,0,23.39,24.24,2.48,0
10/07/2023,08:09,372,161,0,35.22,28.91,1.52,0
10/07/2023,09:09,559,165,0,47.13,31.53,1.24,0
10/07/2023,10:09,613,226,0,58.73,33.52,0.69,0
10/07/2023,11:09,690,240,0,69.07,35.19,0.14,0
10/07/2023,12:09,793,200,0,74.85,36.25,1.17,0
10/07/2023,13:09,788,188,0,71.14,36.74,1.1,0
10/07/2023,14:09,700,190,0,61.47,36.31,1.31,0
10/07/2023,15:09,583,176,0,50.05,35.92,1.52,0
10/07/2023,16:09,239,258,0,38.17,35.91,1.66,0
10/07/2023,17:09,213,156,0,26.29,35.5,1.72,0
10/07/2023,18:09,87,95,0,14.68,34.86,1.79,0
10/07/2023,19:09,4,19.03,0,3.56,32.74,1.79,0
10/07/2023,20:09,0,0,0,0,30.2,1.79,0
10/07/2023,21:09,0,0,0,0,27.76,1.79,0
10/07/2023,22:09,0,0,0,0,25.68,1.79,0
10/07/2023,23:09,0,0,0,0,23.87,1.66,0
11/07/2023,00:09,0,0,0,0,22.29,1.17,0
11/07/2023,01:09,0,0,0,0,20.98,0.97,0
11/07/2023,02:09,0,0,0,0,20.09,0.76,0
11/07/2023,03:09,0,0,0,0,19.55,0.55,0
11/07/2023,04:09,0,0,0,0,19.3,1.1,0
11/07/2023,05:09,0,0,0,0,19.12,2.14,0
11/07/2023,06:09,56,79,0,11.77,19.84,3.52,0
11/07/2023,07:09,197,132,0,23.29,24.45,2.62,0
11/07/2023,08:09,358,168,0,35.13,30.63,1.59,0
11/07/2023,09:09,397,259,0,47.04,33.57,2.21,0
11/07/2023,10:09,345,369,0,58.63,35.32,2.76,0
11/07/2023,11:09,223,464,0,68.95,36.56,1.45,0
11/07/2023,12:09,0,91,0,74.71,37.05,0.83,0
11/07/2023,13:09,0,174,0,71.05,35.92,0.55,0
11/07/2023,14:09,0,105,0,61.42,33.74,0.28,0
11/07/2023,15:09,0,69,0,50.01,34.82,0.83,0
11/07/2023,16:09,0,54,0,38.13,34.81,1.24,0
11/07/2023,17:09,172,175,0,26.25,33.75,1.45,0
11/07/2023,18:09,54,106,0,14.63,32.67,1.52,0
11/07/2023,19:09,0,12,0,3.51,31.27,1.59,0
11/07/2023,20:09,0,0,0,0,30.41,1.66,0
11/07/2023,21:09,0,0,0,0,29.23,1.66,0
11/07/2023,22:09,0,0,0,0,28.19,1.66,0
11/07/2023,23:09,0,0,0,0,25.85,1.38,0
12/07/2023,00:09,0,0,0,0,24.15,0.76,0
12/07/2023,01:09,0,0,0,0,22.77,0.9,0
12/07/2023,02:09,0,0,0,0,21.5,1.38,0
12/07/2023,03:09,0,0,0,0,20.35,1.79,0
12/07/2023,04:09,0,0,0,0,19.53,2.14,0
12/07/2023,05:09,0,0,0,0,18.98,2.55,0
12/07/2023,06:09,56,78,0,11.67,19.59,3.03,0
12/07/2023,07:09,191,136,0,23.19,24.05,3.45,0
12/07/2023,08:09,382,156,0,35.03,28.63,3.66,0
12/07/2023,09:09,542,178,0,46.94,30.64,3.45,0
12/07/2023,10:09,694,178,0,58.53,32.2,3.24,0
12/07/2023,11:09,796,177,0,68.82,33.54,2.62,0
12/07/2023,12:09,816,189,0,74.58,34.6,1.79,0
12/07/2023,13:09,835,164,0,70.96,35.3,1.1,0
12/07/2023,14:09,569,273,0,61.36,35.59,0.76,0
12/07/2023,15:09,589,176,0,49.96,35.45,0.83,0
12/07/2023,16:09,376,191,0,38.09,34.86,1.24,0
12/07/2023,17:09,239,143,0,26.21,34.01,1.45,0
12/07/2023,18:09,106,87,0,14.58,32.69,1.59,0
12/07/2023,19:09,5,17.8,0,3.45,31.25,1.52,0
12/07/2023,20:09,0,0,0,0,28.69,1.45,0
12/07/2023,21:09,0,0,0,0,28.42,1.38,0
12/07/2023,22:09,0,0,0,0,27.07,1.31,0
12/07/2023,23:09,0,0,0,0,24.71,1.24,0
13/07/2023,00:09,0,0,0,0,22.57,0.69,0
13/07/2023,01:09,0,0,0,0,21.43,0.97,0
13/07/2023,02:09,0,0,0,0,21.07,0.83,0
13/07/2023,03:09,0,0,0,0,20.94,0.97,0
13/07/2023,04:09,0,0,0,0,21.03,1.52,0
13/07/2023,05:09,0,0,0,0,20.79,2.07,0
13/07/2023,06:09,91,64,0,11.56,20.48,2.55,0
13/07/2023,07:09,248,107,0,23.09,22.6,2.9,0
13/07/2023,08:09,422,136,0,34.94,26.79,2.97,0
13/07/2023,09:09,564,170,0,46.84,28.67,2.83,0
13/07/2023,10:09,693,186,0,58.42,30.49,2.62,0
13/07/2023,11:09,765,205,0,68.7,32.04,2.07,0
13/07/2023,12:09,784,218,0,74.43,33.26,1.38,0
13/07/2023,13:09,779,207,0,70.86,34.11,0.62,0
13/07/2023,14:09,721,189,0,61.29,34.55,0.34,0
13/07/2023,15:09,613,167,0,49.91,34.59,0.9,0
13/07/2023,16:09,408,178,0,38.04,34.22,1.1,0
13/07/2023,17:09,266,131,0,26.16,33.45,0.97,0
13/07/2023,18:09,126,78,0,14.52,32.25,0.9,0
13/07/2023,19:09,4,18.03,0,3.38,30.82,0.9,0
13/07/2023,20:09,0,0,0,0,28.7,0.97,0
13/07/2023,21:09,0,0,0,0,27.79,1.03,0
13/07/2023,22:09,0,0,0,0,25.63,1.1,0
13/07/2023,23:09,0,0,0,0,23.69,1.1,0
14/07/2023,00:09,0,0,0,0,22.93,0.48,0
14/07/2023,01:09,0,0,0,0,22.37,0.55,0
14/07/2023,02:09,0,0,0,0,21.81,0.62,0
14/07/2023,03:09,0,0,0,0,20.85,0.62,0
14/07/2023,04:09,0,0,0,0,20.17,0.9,0
14/07/2023,05:09,0,0,0,0,19.66,1.45,0
14/07/2023,06:09,83,66,0,11.45,19.58,2.14,0
14/07/2023,07:09,241,108,0,22.99,22.9,2.62,0
14/07/2023,08:09,414,137,0,34.84,26.28,2.9,0
14/07/2023,09:09,555,170,0,46.74,27.94,2.9,0
14/07/2023,10:09,670,195,0,58.31,29.47,2.76,0
14/07/2023,11:09,755,205,0,68.57,31.17,2.34,0
14/07/2023,12:09,789,209,0,74.29,32.61,1.66,0
14/07/2023,13:09,799,188,0,70.75,33.73,1.31,0
14/07/2023,14:09,725,180,0,61.22,34.34,1.1,0
14/07/2023,15:09,616,160,0,49.86,34.35,1.17,0
14/07/2023,16:09,442,153,0,37.99,33.89,1.17,0
14/07/2023,17:09,270,127,0,26.1,33.24,1.24,0
14/07/2023,18:09,115,82,0,14.46,32.14,1.31,0
14/07/2023,19:09,3,16.33,0,3.31,30.71,1.38,0
14/07/2023,20:09,0,0,0,0,28.49,1.38,0
14/07/2023,21:09,0,0,0,0,26.62,1.31,0
14/07/2023,22:09,0,0,0,0,25.22,1.24,0
14/07/2023,23:09,0,0,0,0,24.44,1.1,0
15/07/2023,00:09,0,0,0,0,23.16,0.76,0
15/07/2023,01:09,0,0,0,0,21.63,0.9,0
15/07/2023,02:09,0,0,0,0,20.51,0.83,0
15/07/2023,03:09,0,0,0,0,19.75,1.1,0
15/07/2023,04:09,0,0,0,0,19.35,1.86,0
15/07/2023,05:09,0,0,0,0,18.91,2.55,0
15/07/2023,06:09,85,63,0,11.34,19.08,3.03,0
15/07/2023,07:09,236,108,0,22.89,21.67,3.24,0
15/07/2023,08:09,414,134,0,34.73,24.76,3.31,0
15/07/2023,09:09,548,171,0,46.64,27,3.24,0
15/07/2023,10:09,689,178,0,58.2,29.05,2.97,0
15/07/2023,11:09,762,196,0,68.43,31,2.55,0
15/07/2023,12:09,766,219,0,74.13,32.47,2.14,0
15/07/2023,13:09,777,197,0,70.63,33.3,1.86,0
15/07/2023,14:09,704,190,0,61.14,33.58,1.38,0
15/07/2023,15:09,609,161,0,49.79,33.52,1.1,0
15/07/2023,16:09,436,154,0,37.93,33.03,0.76,0
15/07/2023,17:09,266,126,0,26.04,32.23,0.62,0
15/07/2023,18:09,106,85,0,14.4,31.1,0.76,0
15/07/2023,19:09,2,14.6,0,3.23,29.58,0.83,0
15/07/2023,20:09,0,0,0,0,27.55,0.9,0
15/07/2023,21:09,0,0,0,0,25.22,0.83,0
15/07/2023,22:09,0,0,0,0,23.9,0.83,0
15/07/2023,23:09,0,0,0,0,24.03,0.76,0
16/07/2023,00:09,0,0,0,0,23.11,0.55,0
16/07/2023,01:09,0,0,0,0,22.24,0.62,0
16/07/2023,02:09,0,0,0,0,21.46,1.03,0
16/07/2023,03:09,0,0,0,0,20.91,1.31,0
16/07/2023,04:09,0,0,0,0,20.4,1.86,0
16/07/2023,05:09,0,0,0,0,19.88,2.41,0
16/07/2023,06:09,5,68,0,11.23,19.48,2.83,0
16/07/2023,07:09,130,158,0,22.78,21.79,3.24,0
16/07/2023,08:09,65,269,0,34.63,25.83,3.45,0
16/07/2023,09:09,269,315,0,46.53,28.35,2.97,0
16/07/2023,10:09,691,171,0,58.08,30.6,2.55,0
16/07/2023,11:09,532,326,0,68.29,32.39,1.72,0
16/07/2023,12:09,149,489,0,73.97,33.88,0.41,0
16/07/2023,13:09,43,443,0,70.51,34.87,0.48,0
16/07/2023,14:09,25,387,0,61.06,35.35,0.9,0
16/07/2023,15:09,140,376,0,49.73,35.41,1.24,0
16/07/2023,16:09,138,290,0,37.87,34.92,1.45,0
16/07/2023,17:09,226,145,0,25.98,34.39,1.52,0
16/07/2023,18:09,96,87,0,14.32,33.45,1.59,0
16/07/2023,19:09,1,14.79,0,3.15,31.89,1.66,0
16/07/2023,20:09,0,0,0,0,29.92,1.72,0
16/07/2023,21:09,0,0,0,0,27.72,1.72,0
16/07/2023,22:09,0,0,0,0,25.2,1.79,0
16/07/2023,23:09,0,0,0,0,23.13,1.72,0
17/07/2023,00:09,0,0,0,0,21.7,1.31,0
17/07/2023,01:09,0,0,0,0,20.64,1.66,0
17/07/2023,02:09,0,0,0,0,19.84,1.93,0
17/07/2023,03:09,0,0,0,0,19.3,2.28,0
17/07/2023,04:09,0,0,0,0,18.96,2.55,0
17/07/2023,05:09,0,0,0,0,18.59,3.03,0
17/07/2023,06:09,71,68,0,11.12,18.94,3.31,0
17/07/2023,07:09,219,117,0,22.67,22.99,3.31,0
17/07/2023,08:09,386,151,0,34.53,28.06,3.24,0
17/07/2023,09:09,551,170,0,46.42,31.05,3.1,0
17/07/2023,10:09,667,194,0,57.96,33.26,2.9,0
17/07/2023,11:09,752,205,0,68.15,34.9,2.69,0
17/07/2023,12:09,772,218,0,73.8,35.76,2.14,0
17/07/2023,13:09,752,216,0,70.38,36.25,1.79,0
17/07/2023,14:09,696,197,0,60.97,36.41,1.66,0
17/07/2023,15:09,602,168,0,49.66,36.44,1.72,0
17/07/2023,16:09,440,153,0,37.8,36.16,1.79,0
17/07/2023,17:09,263,128,0,25.91,35.46,1.72,0
17/07/2023,18:09,113,81,0,14.25,33.93,1.72,0
17/07/2023,19:09,3,14.36,0,3.06,31.85,1.59,0
17/07/2023,20:09,0,0,0,0,29.16,1.45,0
17/07/2023,21:09,0,0,0,0,26.57,1.45,0
17/07/2023,22:09,0,0,0,0,24.12,1.59,0
17/07/2023,23:09,0,0,0,0,22.29,1.59,0
18/07/2023,00:09,0,0,0,0,21.21,0.9,0
18/07/2023,01:09,0,0,0,0,20.6,0.97,0
18/07/2023,02:09,0,0,0,0,20.25,1.03,0
18/07/2023,03:09,0,0,0,0,20.16,0.83,0
18/07/2023,04:09,0,0,0,0,19.53,0.55,0
18/07/2023,05:09,0,0,0,0,18.48,0.28,0
18/07/2023,06:09,75,65,0,11,18.37,0.07,0
18/07/2023,07:09,234,107,0,22.56,23.63,0.34,0
18/07/2023,08:09,407,136,0,34.42,29.03,0.55,0
18/07/2023,09:09,549,169,0,46.32,31.69,0.55,0
18/07/2023,10:09,665,194,0,57.84,33.58,0.97,0
18/07/2023,11:09,765,195,0,68,34.95,1.52,0
18/07/2023,12:09,784,209,0,73.63,35.96,1.24,0
18/07/2023,13:09,780,197,0,70.25,36.58,1.24,0
18/07/2023,14:09,399,363,0,60.88,36.9,1.45,0
18/07/2023,15:09,40,357,0,49.58,36.95,1.52,0
18/07/2023,16:09,324,218,0,37.73,36.62,1.52,0
18/07/2023,17:09,192,165,0,25.83,35.82,1.45,0
18/07/2023,18:09,41,105,0,14.17,34.69,1.38,0
18/07/2023,19:09,2,13.59,0,2.97,33.47,1.17,0
18/07/2023,20:09,0,0,0,0,30.96,1.1,0
18/07/2023,21:09,0,0,0,0,28.45,1.1,0
18/07/2023,22:09,0,0,0,0,26.89,1.03,0
18/07/2023,23:09,0,0,0,0,25.81,0.97,0
19/07/2023,00:09,0,0,0,0,25.02,0.62,0
19/07/2023,01:09,0,0,0,0,24.43,1.24,0
19/07/2023,02:09,0,0,0,0,24.21,1.66,0
19/07/2023,03:09,0,0,0,0,23.66,1.66,0
19/07/2023,04:09,0,0,0,0,23.25,1.66,0
19/07/2023,05:09,0,0,0,0,22.98,1.66,0
19/07/2023,06:09,45,73,0,10.88,22.87,1.59,0
19/07/2023,07:09,168,136,0,22.45,25.24,1.93,0
19/07/2023,08:09,233,223,0,34.31,28.6,1.93,0
19/07/2023,09:09,500,189,0,46.2,30.66,2.07,0
19/07/2023,10:09,466,299,0,57.72,32.19,2.14,0
19/07/2023,11:09,648,255,0,67.85,33.18,1.66,0
19/07/2023,12:09,762,210,0,73.45,34.01,0.76,0
19/07/2023,13:09,743,207,0,70.11,34.65,0.55,0
19/07/2023,14:09,647,214,0,60.78,35.24,0.34,0
19/07/2023,15:09,518,207,0,49.5,35.17,0.48,0
19/07/2023,16:09,16,256,0,37.65,34.68,0.76,0
19/07/2023,17:09,0,39,0,25.75,33.37,0.97,0
19/07/2023,18:09,84,90,0,14.08,32.31,1.24,0
19/07/2023,19:09,2,13.58,0,2.87,31.75,1.38,0
19/07/2023,20:09,0,0,0,0,29.97,1.38,0
19/07/2023,21:09,0,0,0,0,29.1,1.31,0
19/07/2023,22:09,0,0,0,0,28.07,1.24,0
19/07/2023,23:09,0,0,0,0,27.03,1.03,0
20/07/2023,00:09,0,0,0,0,25.66,0.83,0
20/07/2023,01:09,0,0,0,0,23.84,0.83,0
20/07/2023,02:09,0,0,0,0,22.57,1.03,0
20/07/2023,03:09,0,0,0,0,21.78,1.79,0
20/07/2023,04:09,0,0,0,0,21.58,2.9,0
20/07/2023,05:09,0,0,0,0,21.03,2.9,0
20/07/2023,06:09,0,32,0,10.76,21.47,3.31,0
20/07/2023,07:09,192,121,0,22.34,24.3,3.17,0
20/07/2023,08:09,184,240,0,34.2,27.14,1.52,0
20/07/2023,09:09,189,336,0,46.09,29.61,2.76,0
20/07/2023,10:09,8,328,0,57.6,31.64,3.31,0
20/07/2023,11:09,602,276,0,67.7,32.72,1.86,0
20/07/2023,12:09,270,458,0,73.27,32.62,0.41,0
20/07/2023,13:09,530,328,0,69.96,32.62,0.28,0
20/07/2023,14:09,469,313,0,60.67,29.79,0.21,0
20/07/2023,15:09,480,225,0,49.41,30.06,0.83,0
20/07/2023,16:09,390,169,0,37.57,31.44,1.1,0
20/07/2023,17:09,208,148,0,25.67,29.41,1.17,0
20/07/2023,18:09,3,80,0,13.99,29.01,1.31,0
20/07/2023,19:09,0,7,0,2.77,28.05,1.31,0
20/07/2023,20:09,0,0,0,0,27.1,1.31,0
20/07/2023,21:09,0,0,0,0,26.29,1.24,0
20/07/2023,22:09,0,0,0,0,24.8,1.24,0
20/07/2023,23:09,0,0,0,0,23.13,1.03,0
21/07/2023,00:09,0,0,0,0,22.13,0.97,0
21/07/2023,01:09,0,0,0,0,21.17,1.31,0
21/07/2023,02:09,0,0,0,0,20.39,1.31,0
21/07/2023,03:09,0,0,0,0,19.71,1.1,0
21/07/2023,04:09,0,0,0,0,19.23,1.03,0
21/07/2023,05:09,0,0,0,0,18.54,1.52,0
21/07/2023,06:09,75,60,0,10.64,18.47,2.34,0
21/07/2023,07:09,226,106,0,22.22,20.59,3.03,0
21/07/2023,08:09,390,141,0,34.09,23.15,3.38,0
21/07/2023,09:09,539,170,0,45.98,25.25,3.1,0
21/07/2023,10:09,668,186,0,57.47,27.45,2.48,0
21/07/2023,11:09,633,270,0,67.54,29.42,1.66,0
21/07/2023,12:09,731,236,0,73.08,30.92,1.17,0
21/07/2023,13:09,0,102,0,69.8,31.91,0.69,0
21/07/2023,14:09,0,120,0,60.56,32.35,0.9,0
21/07/2023,15:09,1,244,0,49.31,31.96,1.03,0
21/07/2023,16:09,0,104,0,37.48,30.5,1.1,0
21/07/2023,17:09,11,173,0,25.58,29.02,1.1,0
21/07/2023,18:09,15,97,0,13.89,28.16,1.03,0
21/07/2023,19:09,0,2,0,2.66,27.85,0.97,0
21/07/2023,20:09,0,0,0,0,25.67,0.9,0
21/07/2023,21:09,0,0,0,0,24.19,0.97,0
21/07/2023,22:09,0,0,0,0,23.24,1.1,0
21/07/2023,23:09,0,0,0,0,22.26,0.97,0
22/07/2023,00:09,0,0,0,0,21.6,0.55,0
22/07/2023,01:09,0,0,0,0,21.09,1.1,0
22/07/2023,02:09,0,0,0,0,20.93,1.31,0
22/07/2023,03:09,0,0,0,0,20.42,1.31,0
22/07/2023,04:09,0,0,0,0,19.92,1.52,0
22/07/2023,05:09,0,0,0,0,18.9,2.21,0
22/07/2023,06:09,75,59,0,10.51,18.72,2.48,0
22/07/2023,07:09,219,106,0,22.11,20.26,2.62,0
22/07/2023,08:09,444,109,0,33.98,23.41,2.69,0
22/07/2023,09:09,367,263,0,45.86,25.63,2.21,0
22/07/2023,10:09,507,276,0,57.34,27.77,2.07,0
22/07/2023,11:09,35,424,0,67.38,29.87,1.45,0
22/07/2023,12:09,763,209,0,72.88,31.61,0.62,0
22/07/2023,13:09,716,224,0,69.64,32.64,0.76,0
22/07/2023,14:09,700,182,0,60.44,32.96,0.97,0
22/07/2023,15:09,538,195,0,49.21,32.9,1.17,0
22/07/2023,16:09,279,232,0,37.39,31.66,1.31,0
22/07/2023,17:09,27,190,0,25.48,31.49,1.31,0
22/07/2023,18:09,70,93,0,13.79,30.69,1.24,0
22/07/2023,19:09,3,12.34,0,2.55,29.43,1.17,0
22/07/2023,20:09,0,0,0,0,27.01,1.24,0
22/07/2023,21:09,0,0,0,0,24.99,1.31,0
22/07/2023,22:09,0,0,0,0,23.25,1.31,0
22/07/2023,23:09,0,0,0,0,21.89,1.1,0
23/07/2023,00:09,0,0,0,0,20.8,0.76,0
23/07/2023,01:09,0,0,0,0,20.04,0.9,0
23/07/2023,02:09,0,0,0,0,19.36,0.83,0
23/07/2023,03:09,0,0,0,0,18.46,0.55,0
23/07/2023,04:09,0,0,0,0,17.99,0.83,0
23/07/2023,05:09,0,0,0,0,17.64,0.97,0
23/07/2023,06:09,16,71,0,10.39,18.16,1.31,0
23/07/2023,07:09,175,128,0,21.99,21.78,1.93,0
23/07/2023,08:09,312,179,0,33.86,25.78,2.48,0
23/07/2023,09:09,479,199,0,45.74,28.43,2.69,0
23/07/2023,10:09,630,202,0,57.21,30.43,1.72,0
23/07/2023,11:09,0,269,0,67.22,31.51,1.45,0
23/07/2023,12:09,651,277,0,72.68,32.89,0.97,0
23/07/2023,13:09,2,324,0,69.47,34.27,0.9,0
23/07/2023,14:09,633,222,0,60.31,35.12,1.24,0
23/07/2023,15:09,568,175,0,49.11,35.62,1.1,0
23/07/2023,16:09,403,163,0,37.29,35.37,0.9,0
23/07/2023,17:09,214,145,0,25.38,33.74,0.97,0
23/07/2023,18:09,87,85,0,13.68,32.72,1.1,0
23/07/2023,19:09,5,11.84,0,2.43,32.11,1.1,0
23/07/2023,20:09,0,0,0,0,29.58,1.1,0
23/07/2023,21:09,0,0,0,0,27.28,1.24,0
23/07/2023,22:09,0,0,0,0,26.86,1.31,0
23/07/2023,23:09,0,0,0,0,27,1.1,0
24/07/2023,00:09,0,0,0,0,26.03,0.9,0
24/07/2023,01:09,0,0,0,0,24.21,0.9,0
24/07/2023,02:09,0,0,0,0,23.04,1.03,0
24/07/2023,03:09,0,0,0,0,22.27,2.07,0
24/07/2023,04:09,0,0,0,0,21.39,2.28,0
24/07/2023,05:09,0,0,0,0,20.66,2.69,0
24/07/2023,06:09,6,64,0,10.26,20.94,3.17,0
24/07/2023,07:09,0,91,0,21.87,23.49,3.45,0
24/07/2023,08:09,0,140,0,33.75,26.27,3.66,0
24/07/2023,09:09,434,225,0,45.63,27.52,3.79,0
24/07/2023,10:09,644,194,0,57.07,29.24,3.66,0
24/07/2023,11:09,636,261,0,67.05,30.98,3.24,0
24/07/2023,12:09,666,269,0,72.48,31.36,2.55,0
24/07/2023,13:09,370,412,0,69.3,32.29,2.14,0
24/07/2023,14:09,140,437,0,60.18,32.09,1.79,0
24/07/2023,15:09,570,175,0,49,32.38,1.59,0
24/07/2023,16:09,420,153,0,37.19,31.9,1.59,0
24/07/2023,17:09,256,122,0,25.28,30.78,1.45,0
24/07/2023,18:09,99,79,0,13.57,29.21,1.38,0
24/07/2023,19:09,3,10.38,0,2.31,27.57,1.31,0
24/07/2023,20:09,0,0,0,0,25.61,1.17,0
24/07/2023,21:09,0,0,0,0,23.86,1.03,0
24/07/2023,22:09,0,0,0,0,21.86,0.97,0
24/07/2023,23:09,0,0,0,0,20.29,0.9,0
25/07/2023,00:09,0,0,0,0,19.47,0.69,0
25/07/2023,01:09,0,0,0,0,18.66,0.69,0
25/07/2023,02:09,0,0,0,0,18.09,0.76,0
25/07/2023,03:09,0,0,0,0,17.68,0.9,0
25/07/2023,04:09,0,0,0,0,17.49,1.24,0
25/07/2023,05:09,0,0,0,0,17.14,1.66,0
25/07/2023,06:09,73,57,0,10.13,17.08,2.14,0
25/07/2023,07:09,229,102,0,21.75,19.31,2.62,0
25/07/2023,08:09,391,140,0,33.63,22.06,2.97,0
25/07/2023,09:09,543,168,0,45.5,24.29,3.31,0
25/07/2023,10:09,674,185,0,56.94,26.26,3.38,0
25/07/2023,11:09,719,221,0,66.88,28.01,3.03,0
25/07/2023,12:09,753,226,0,72.27,29.48,2.14,0
25/07/2023,13:09,749,215,0,69.12,30.6,1.38,0
25/07/2023,14:09,719,179,0,60.04,31.3,0.9,0
25/07/2023,15:09,608,160,0,48.88,31.49,0.62,0
25/07/2023,16:09,450,141,0,37.08,31.07,0.55,0
25/07/2023,17:09,281,111,0,25.17,30.08,0.55,0
25/07/2023,18:09,105,77,0,13.45,28.64,0.83,0
25/07/2023,19:09,0,10,0,2.18,27.18,0.83,0
25/07/2023,20:09,0,0,0,0,25.62,0.76,0
25/07/2023,21:09,0,0,0,0,23.9,0.83,0
25/07/2023,22:09,0,0,0,0,23.66,0.97,0
25/07/2023,23:09,0,0,0,0,22.54,1.1,0
26/07/2023,00:09,0,0,0,0,21.54,0.62,0
26/07/2023,01:09,0,0,0,0,20.79,1.31,0
26/07/2023,02:09,0,0,0,0,20.28,1.59,0
26/07/2023,03:09,0,0,0,0,19.98,1.72,0
26/07/2023,04:09,0,0,0,0,19.69,1.72,0
26/07/2023,05:09,0,0,0,0,19.21,1.72,0
26/07/2023,06:09,69,58,0,10,17.92,1.59,0
26/07/2023,07:09,226,102,0,21.63,19.98,1.38,0
26/07/2023,08:09,388,139,0,33.51,23.98,1.1,0
26/07/2023,09:09,539,168,0,45.38,26.03,0.83,0
26/07/2023,10:09,670,185,0,56.8,27.77,1.1,0
26/07/2023,11:09,729,213,0,66.7,29.23,1.66,0
26/07/2023,12:09,749,227,0,72.05,30.29,1.59,0
26/07/2023,13:09,760,205,0,68.93,31.06,1.45,0
26/07/2023,14:09,728,172,0,59.9,31.53,1.1,0
26/07/2023,15:09,623,150,0,48.76,31.91,1.03,0
26/07/2023,16:09,446,142,0,36.96,31.84,1.03,0
26/07/2023,17:09,273,114,0,25.05,31.2,1.03,0
26/07/2023,18:09,104,77,0,13.33,29.59,0.97,0
26/07/2023,19:09,0,8,0,2.04,27.53,0.97,0
26/07/2023,20:09,0,0,0,0,25.38,0.9,0
26/07/2023,21:09,0,0,0,0,23.98,0.83,0
26/07/2023,22:09,0,0,0,0,22.68,0.69,0
26/07/2023,23:09,0,0,0,0,21.38,0.69,0
27/07/2023,00:09,0,0,0,0,20.61,1.03,0
27/07/2023,01:09,0,0,0,0,20.06,1.1,0
27/07/2023,02:09,0,0,0,0,19.54,1.1,0
27/07/2023,03:09,0,0,0,0,19.21,0.83,0
27/07/2023,04:09,0,0,0,0,19.09,0.69,0
27/07/2023,05:09,0,0,0,0,19.14,0.76,0
27/07/2023,06:09,63,57,0,9.87,18.56,0.83,0
27/07/2023,07:09,204,107,0,21.51,20.33,1.1,0
27/07/2023,08:09,377,136,0,33.39,22.53,1.52,0
27/07/2023,09:09,538,157,0,45.26,24.66,1.93,0
27/07/2023,10:09,671,170,0,56.66,26.54,2.07,0
27/07/2023,11:09,747,186,0,66.52,28.35,2.14,0
27/07/2023,12:09,753,209,0,71.83,29.87,2,0
27/07/2023,13:09,748,198,0,68.74,30.9,2.14,0
27/07/2023,14:09,511,288,0,59.75,31.6,1.79,0
27/07/2023,15:09,252,337,0,48.63,31.66,1.38,0
27/07/2023,16:09,351,187,0,36.84,31.34,1.03,0
27/07/2023,17:09,248,121,0,24.93,30.65,0.76,0
27/07/2023,18:09,100,74,0,13.2,29.43,0.55,0
27/07/2023,19:09,0,7,0,1.9,27.48,0.48,0
27/07/2023,20:09,0,0,0,0,25.83,0.62,0
27/07/2023,21:09,0,0,0,0,24.42,0.76,0
27/07/2023,22:09,0,0,0,0,22.72,0.9,0
27/07/2023,23:09,0,0,0,0,21.76,0.9,0
28/07/2023,00:09,0,0,0,0,21.89,0.34,0
28/07/2023,01:09,0,0,0,0,21.06,0.69,0
28/07/2023,02:09,0,0,0,0,20.38,0.62,0
28/07/2023,03:09,0,0,0,0,19.89,0.34,0
28/07/2023,04:09,0,0,0,0,19.43,0.07,0
28/07/2023,05:09,0,0,0,0,18.93,0.48,0
28/07/2023,06:09,66,56,0,9.74,18.39,0.97,0
28/07/2023,07:09,225,99,0,21.38,20.21,1.31,0
28/07/2023,08:09,381,139,0,33.27,23.99,1.59,0
28/07/2023,09:09,542,162,0,45.13,26.42,1.66,0
28/07/2023,10:09,662,185,0,56.51,28.52,1.79,0
28/07/2023,11:09,750,195,0,66.34,30.31,1.79,0
28/07/2023,12:09,786,198,0,71.6,31.79,1.24,0
28/07/2023,13:09,766,197,0,68.54,32.96,1.03,0
28/07/2023,14:09,720,171,0,59.6,33.78,0.97,0
28/07/2023,15:09,607,154,0,48.5,34.11,0.83,0
28/07/2023,16:09,439,141,0,36.72,33.83,0.76,0
28/07/2023,17:09,271,111,0,24.81,33.06,0.97,0
28/07/2023,18:09,107,72,0,13.06,31.73,1.1,0
28/07/2023,19:09,0,7,0,1.76,30.04,1.17,0
28/07/2023,20:09,0,0,0,0,28.04,1.17,0
28/07/2023,21:09,0,0,0,0,25.86,1.17,0
28/07/2023,22:09,0,0,0,0,25.05,1.1,0
28/07/2023,23:09,0,0,0,0,24.35,0.97,0
29/07/2023,00:09,0,0,0,0,22.96,0.48,0
29/07/2023,01:09,0,0,0,0,21.83,0.55,0
29/07/2023,02:09,0,0,0,0,21.27,0.55,0
29/07/2023,03:09,0,0,0,0,20.81,0.69,0
29/07/2023,04:09,0,0,0,0,20.55,0.9,0
29/07/2023,05:09,0,0,0,0,20.44,1.31,0
29/07/2023,06:09,56,59,0,9.6,20.52,1.86,0
29/07/2023,07:09,206,108,0,21.26,21.38,2.34,0
29/07/2023,08:09,372,143,0,33.15,25.27,2.69,0
29/07/2023,09:09,531,168,0,45,27.64,2.9,0
29/07/2023,10:09,661,185,0,56.37,29.7,2.97,0
29/07/2023,11:09,749,195,0,66.15,31.47,2.69,0
29/07/2023,12:09,785,199,0,71.37,32.99,1.93,0
29/07/2023,13:09,766,196,0,68.33,34.18,1.24,0
29/07/2023,14:09,719,172,0,59.43,34.96,0.83,0
29/07/2023,15:09,596,159,0,48.36,35.22,0.69,0
29/07/2023,16:09,421,151,0,36.59,34.87,0.83,0
29/07/2023,17:09,265,113,0,24.67,34.06,1.1,0
29/07/2023,18:09,96,76,0,12.93,32.76,1.24,0
29/07/2023,19:09,0,5,0,1.61,31.2,1.24,0
29/07/2023,20:09,0,0,0,0,29.24,1.17,0
29/07/2023,21:09,0,0,0,0,27.99,1.17,0
29/07/2023,22:09,0,0,0,0,27.43,1.1,0
29/07/2023,23:09,0,0,0,0,26.44,0.83,0
30/07/2023,00:09,0,0,0,0,25.02,0.41,0
30/07/2023,01:09,0,0,0,0,23.91,0.76,0
30/07/2023,02:09,0,0,0,0,23.34,0.76,0
30/07/2023,03:09,0,0,0,0,22.95,0.62,0
30/07/2023,04:09,0,0,0,0,22.75,0.55,0
30/07/2023,05:09,0,0,0,0,22.36,1.17,0
30/07/2023,06:09,57,57,0,9.47,22.35,2,0
30/07/2023,07:09,210,104,0,21.13,22.91,2.76,0
30/07/2023,08:09,372,143,0,33.03,26.35,3.17,0
30/07/2023,09:09,531,168,0,44.88,28.61,3.38,0
30/07/2023,10:09,675,176,0,56.22,30.64,3.31,0
30/07/2023,11:09,750,195,0,65.96,32.4,2.97,0
30/07/2023,12:09,771,208,0,71.14,33.87,2.14,0
30/07/2023,13:09,738,214,0,68.12,35.13,1.72,0
30/07/2023,14:09,707,179,0,59.27,35.92,1.52,0
30/07/2023,15:09,596,159,0,48.22,36.07,1.38,0
30/07/2023,16:09,429,146,0,36.45,35.73,1.24,0
30/07/2023,17:09,254,119,0,24.54,34.81,1.24,0
30/07/2023,18:09,97,74,0,12.78,33.44,1.31,0
30/07/2023,19:09,0,3,0,1.45,31.54,1.31,0
30/07/2023,20:09,0,0,0,0,29.55,1.31,0
30/07/2023,21:09,0,0,0,0,27.46,1.24,0
30/07/2023,22:09,0,0,0,0,25.59,1.1,0
30/07/2023,23:09,0,0,0,0,24.75,1.03,0
31/07/2023,00:09,0,0,0,0,23.87,0.76,0
31/07/2023,01:09,0,0,0,0,22.91,1.24,0
31/07/2023,02:09,0,0,0,0,22.08,1.38,0
31/07/2023,03:09,0,0,0,0,21.64,1.59,0
31/07/2023,04:09,0,0,0,0,21.28,1.86,0
31/07/2023,05:09,0,0,0,0,21.12,2.28,0
31/07/2023,06:09,66,52,0,9.33,20.85,2.76,0
31/07/2023,07:09,218,100,0,21,22.27,3.1,0
31/07/2023,08:09,374,142,0,32.9,25.96,3.45,0
31/07/2023,09:09,534,167,0,44.75,28.05,3.72,0
31/07/2023,10:09,666,184,0,56.07,29.86,3.79,0
31/07/2023,11:09,726,212,0,65.77,31.43,3.59,0
31/07/2023,12:09,761,217,0,70.9,32.66,2.9,0
31/07/2023,13:09,742,214,0,67.9,33.71,2.07,0
31/07/2023,14:09,697,188,0,59.09,34.37,1.66,0
31/07/2023,15:09,599,159,0,48.07,34.5,1.38,0
31/07/2023,16:09,440,140,0,36.31,34.08,1.31,0
31/07/2023,17:09,270,110,0,24.4,33.11,1.31,0
31/07/2023,18:09,101,71,0,12.63,31.56,1.38,0
31/07/2023,19:09,0,3,0,1.29,29.59,1.31,0
31/07/2023,20:09,0,0,0,0,27.79,1.31,0
31/07/2023,21:09,0,0,0,0,26.23,1.31,0
31/07/2023,22:09,0,0,0,0,24.19,1.24,0
31/07/2023,23:09,0,0,0,0,22.91,1.1,0
01/08/2023,00:09,0,0,0,0,21.78,0.97,0
01/08/2023,01:09,0,0,0,0,20.73,1.45,0
01/08/2023,02:09,0,0,0,0,20.01,1.66,0
01/08/2023,03:09,0,0,0,0,19.42,1.52,0
01/08/2023,04:09,0,0,0,0,18.99,1.38,0
01/08/2023,05:09,0,0,0,0,18.53,1.59,0
01/08/2023,06:09,66,51,0,9.2,18.55,2.14,0
01/08/2023,07:09,226,95,0,20.87,21.11,2.62,0
01/08/2023,08:09,385,136,0,32.78,24.13,3.03,0
01/08/2023,09:09,558,153,0,44.61,26.29,3.24,0
01/08/2023,10:09,680,177,0,55.92,28.22,3.24,0
01/08/2023,11:09,741,204,0,65.57,29.99,2.97,0
01/08/2023,12:09,776,209,0,70.65,31.57,2.21,0
01/08/2023,13:09,757,206,0,67.68,32.78,1.38,0
01/08/2023,14:09,726,171,0,58.91,33.49,0.9,0
01/08/2023,15:09,613,151,0,47.91,33.66,0.76,0
01/08/2023,16:09,452,133,0,36.17,33.28,0.9,0
01/08/2023,17:09,279,104,0,24.25,32.42,1.17,0
01/08/2023,18:09,104,69,0,12.48,31.14,1.31,0
01/08/2023,19:09,0,0,0,0,29.61,1.31,0
01/08/2023,20:09,0,0,0,0,27.98,1.38,0
01/08/2023,21:09,0,0,0,0,26.21,1.31,0
01/08/2023,22:09,0,0,0,0,25.68,1.17,0
01/08/2023,23:09,0,0,0,0,24.52,1.1,0
02/08/2023,00:09,0,0,0,0,22.94,0.69,0
02/08/2023,01:09,0,0,0,0,21.64,0.9,0
02/08/2023,02:09,0,0,0,0,20.79,1.1,0
02/08/2023,03:09,0,0,0,0,20.11,1.38,0
02/08/2023,04:09,0,0,0,0,19.79,1.86,0
02/08/2023,05:09,0,0,0,0,19.46,2.48,0
02/08/2023,06:09,66,50,0,9.06,19.28,2.97,0
02/08/2023,07:09,224,95,0,20.75,22.11,3.38,0
02/08/2023,08:09,398,127,0,32.65,25.37,3.66,0
02/08/2023,09:09,556,154,0,44.48,27.82,3.72,0
02/08/2023,10:09,679,177,0,55.76,29.82,3.59,0
02/08/2023,11:09,769,186,0,65.37,31.5,3.17,0
02/08/2023,12:09,775,209,0,70.4,32.81,2.48,0
02/08/2023,13:09,770,198,0,67.45,33.57,1.86,0
02/08/2023,14:09,738,163,0,58.72,33.9,1.66,0
02/08/2023,15:09,612,151,0,47.75,33.72,1.59,0
02/08/2023,16:09,450,133,0,36.01,33.05,1.59,0
02/08/2023,17:09,267,110,0,24.1,32.08,1.52,0
02/08/2023,18:09,104,67,0,12.32,30.7,1.52,0
02/08/2023,19:09,0,0,0,0,29.06,1.38,0
02/08/2023,20:09,0,0,0,0,27.39,1.24,0
02/08/2023,21:09,0,0,0,0,25.89,1.24,0
02/08/2023,22:09,0,0,0,0,24.13,1.24,0
02/08/2023,23:09,0,0,0,0,22.55,1.1,0
03/08/2023,00:09,0,0,0,0,21.26,1.31,0
03/08/2023,01:09,0,0,0,0,20.33,1.86,0
03/08/2023,02:09,0,0,0,0,19.71,1.86,0
03/08/2023,03:09,0,0,0,0,19.23,1.52,0
03/08/2023,04:09,0,0,0,0,18.67,1.45,0
03/08/2023,05:09,0,0,0,0,18.12,1.79,0
03/08/2023,06:09,58,51,0,8.92,18.04,2.21,0
03/08/2023,07:09,216,94,0,20.62,20.83,2.69,0
03/08/2023,08:09,377,132,0,32.52,23.39,3.03,0
03/08/2023,09:09,550,148,0,44.34,25.4,3.38,0
03/08/2023,10:09,661,177,0,55.6,27.37,3.66,0
03/08/2023,11:09,749,187,0,65.17,29.34,3.45,0
03/08/2023,12:09,770,200,0,70.15,30.89,2.55,0
03/08/2023,13:09,750,198,0,67.21,31.93,1.72,0
03/08/2023,14:09,705,172,0,58.53,32.48,1.66,0
03/08/2023,15:09,603,147,0,47.58,32.58,1.52,0
03/08/2023,16:09,434,134,0,35.86,32.13,1.38,0
03/08/2023,17:09,260,107,0,23.94,31.06,1.24,0
03/08/2023,18:09,101,65,0,12.16,29.43,1.38,0
03/08/2023,19:09,0,0,0,0,27.62,1.38,0
03/08/2023,20:09,0,0,0,0,26.24,1.1,0
03/08/2023,21:09,0,0,0,0,25.06,0.76,0
03/08/2023,22:09,0,0,0,0,23.57,0.62,0
03/08/2023,23:09,0,0,0,0,22.03,0.34,0
04/08/2023,00:09,0,0,0,0,21.23,0.83,0
04/08/2023,01:09,0,0,0,0,20.02,1.1,0
04/08/2023,02:09,0,0,0,0,19.37,1.38,0
04/08/2023,03:09,0,0,0,0,19.56,1.38,0
04/08/2023,04:09,0,0,0,0,19.9,1.72,0
04/08/2023,05:09,0,0,0,0,19.51,2.28,0
04/08/2023,06:09,57,51,0,8.78,19.37,2.48,0
04/08/2023,07:09,214,96,0,20.48,20.08,2.34,0
04/08/2023,08:09,383,131,0,32.39,22.53,2.21,0
04/08/2023,09:09,548,153,0,44.21,24.58,2,0
04/08/2023,10:09,670,177,0,55.44,26.4,1.72,0
04/08/2023,11:09,745,195,0,64.96,28.17,1.45,0
04/08/2023,12:09,766,209,0,69.89,29.48,1.31,0
04/08/2023,13:09,746,207,0,66.97,30.41,1.03,0
04/08/2023,14:09,715,171,0,58.33,30.7,1.31,0
04/08/2023,15:09,591,158,0,47.41,30.71,1.52,0
04/08/2023,16:09,432,139,0,35.69,30.24,1.59,0
04/08/2023,17:09,259,109,0,23.78,29.4,1.52,0
04/08/2023,18:09,100,65,0,11.99,28.08,1.52,0
04/08/2023,19:09,0,0,0,0,26.41,1.38,0
04/08/2023,20:09,0,0,0,0,24.66,1.17,0
04/08/2023,21:09,0,0,0,0,23,1.03,0
04/08/2023,22:09,0,0,0,0,21.5,0.83,0
04/08/2023,23:09,0,0,0,0,20.07,0.62,0
05/08/2023,00:09,0,0,0,0,19.21,0.55,0
05/08/2023,01:09,0,0,0,0,18.52,0.21,0
05/08/2023,02:09,0,0,0,0,18.05,0.55,0
05/08/2023,03:09,0,0,0,0,17.63,1.24,0
05/08/2023,04:09,0,0,0,0,17.24,1.59,0
05/08/2023,05:09,0,0,0,0,16.81,1.93,0
05/08/2023,06:09,56,49,0,8.64,16.96,2.21,0
05/08/2023,07:09,216,93,0,20.35,18.83,2.28,0
05/08/2023,08:09,385,127,0,32.26,20.96,2.41,0
05/08/2023,09:09,553,147,0,44.07,23.19,2.48,0
05/08/2023,10:09,665,176,0,55.28,25.33,2.48,0
05/08/2023,11:09,725,204,0,64.75,27.38,2.28,0
05/08/2023,12:09,760,209,0,69.62,29,1.24,0
05/08/2023,13:09,755,197,0,66.72,30.3,0.76,0
05/08/2023,14:09,709,171,0,58.13,31.19,0.83,0
05/08/2023,15:09,596,151,0,47.23,31.73,1.03,0
05/08/2023,16:09,435,134,0,35.53,31.78,1.17,0
05/08/2023,17:09,271,100,0,23.61,31.4,1.17,0
05/08/2023,18:09,98,64,0,11.82,30.57,1.24,0
05/08/2023,19:09,0,0,0,0,29.11,1.24,0
05/08/2023,20:09,0,0,0,0,27.36,1.24,0
05/08/2023,21:09,0,0,0,0,25.8,1.31,0
05/08/2023,22:09,0,0,0,0,24.06,1.38,0
05/08/2023,23:09,0,0,0,0,22.61,1.38,0
06/08/2023,00:09,0,0,0,0,21.59,0.97,0
06/08/2023,01:09,0,0,0,0,20.6,1.03,0
06/08/2023,02:09,0,0,0,0,19.78,0.76,0
06/08/2023,03:09,0,0,0,0,19.01,0.28,0
06/08/2023,04:09,0,0,0,0,18.23,0.41,0
06/08/2023,05:09,0,0,0,0,17.49,0.9,0
06/08/2023,06:09,58,48,0,8.5,17.31,1.1,0
06/08/2023,07:09,212,93,0,20.22,20.97,1.24,0
06/08/2023,08:09,384,126,0,32.13,25.41,1.24,0
06/08/2023,09:09,530,160,0,43.93,27.78,1.17,0
06/08/2023,10:09,650,184,0,55.12,29.77,1.03,0
06/08/2023,11:09,752,186,0,64.54,31.42,0.69,0
06/08/2023,12:09,758,209,0,69.35,32.74,0.62,0
06/08/2023,13:09,753,197,0,66.47,33.65,0.9,0
06/08/2023,14:09,693,180,0,57.92,34.21,1.31,0
06/08/2023,15:09,594,151,0,47.05,34.38,1.45,0
06/08/2023,16:09,433,133,0,35.35,34.13,1.45,0
06/08/2023,17:09,261,104,0,23.44,33.47,1.38,0
06/08/2023,18:09,94,64,0,11.64,32.36,1.31,0
06/08/2023,19:09,0,0,0,0,31.13,1.38,0
06/08/2023,20:09,0,0,0,0,28.89,1.38,0
06/08/2023,21:09,0,0,0,0,26.17,1.38,0
06/08/2023,22:09,0,0,0,0,24.03,1.45,0
06/08/2023,23:09,0,0,0,0,22.64,1.38,0
07/08/2023,00:09,0,0,0,0,21.67,1.24,0
07/08/2023,01:09,0,0,0,0,20.8,1.66,0
07/08/2023,02:09,0,0,0,0,19.95,1.66,0
07/08/2023,03:09,0,0,0,0,19.16,1.59,0
07/08/2023,04:09,0,0,0,0,18.5,1.24,0
07/08/2023,05:09,0,0,0,0,17.9,1.03,0
07/08/2023,06:09,54,47,0,8.35,17.77,1.03,0
07/08/2023,07:09,203,96,0,20.09,21.02,0.97,0
07/08/2023,08:09,363,135,0,32,24.64,0.97,0
07/08/2023,09:09,523,160,0,43.79,27.25,1.1,0
07/08/2023,10:09,655,177,0,54.95,29.61,1.59,0
07/08/2023,11:09,759,177,0,64.32,31.56,2,0
07/08/2023,12:09,795.01,180,0,69.08,33.03,1.86,0
07/08/2023,13:09,775.01,178,0,66.21,34.04,1.72,0
07/08/2023,14:09,698,172,0,57.7,34.73,1.66,0
07/08/2023,15:09,586,151,0,46.86,35.01,1.59,0
07/08/2023,16:09,402,148,0,35.18,34.74,1.45,0
07/08/2023,17:09,228,119,0,23.26,33.88,1.38,0
07/08/2023,18:09,71,72,0,11.45,31.93,1.31,0
07/08/2023,19:09,0,0,0,0,29.88,1.24,0
07/08/2023,20:09,0,0,0,0,27.62,1.17,0
07/08/2023,21:09,0,0,0,0,25.92,1.1,0
07/08/2023,22:09,0,0,0,0,24.67,1.1,0
07/08/2023,23:09,0,0,0,0,23.47,1.24,0
08/08/2023,00:09,0,0,0,0,22.46,1.17,0
08/08/2023,01:09,0,0,0,0,21.67,1.31,0
08/08/2023,02:09,0,0,0,0,20.79,1.24,0
08/08/2023,03:09,0,0,0,0,20.34,0.48,0
08/08/2023,04:09,0,0,0,0,20.06,0.55,0
08/08/2023,05:09,0,0,0,0,19.81,0.48,0
08/08/2023,06:09,11,54,0,8.21,19.47,0.55,0
08/08/2023,07:09,109,138,0,19.95,22.75,1.1,0
08/08/2023,08:09,321,155,0,31.87,27.11,1.79,0
08/08/2023,09:09,542,142,0,43.65,30.16,1.1,0
08/08/2023,10:09,619,192,0,54.78,32.78,0.9,0
08/08/2023,11:09,453,348,0,64.1,34.57,0.55,0
08/08/2023,12:09,782.01,180,0,68.8,35.8,0.97,0
08/08/2023,13:09,746,189,0,65.94,37.04,1.24,0
08/08/2023,14:09,672,180,0,57.48,37.61,1.31,0
08/08/2023,15:09,552,166,0,46.67,37.32,1.45,0
08/08/2023,16:09,474,104,0,34.99,34.94,1.52,0
08/08/2023,17:09,28,174,0,23.08,34.36,1.45,0
08/08/2023,18:09,9,75,0,11.27,33.84,1.45,0
08/08/2023,19:09,0,0,0,0,32.46,1.38,0
08/08/2023,20:09,0,0,0,0,30.4,1.38,0
08/08/2023,21:09,0,0,0,0,28.5,1.31,0
08/08/2023,22:09,0,0,0,0,26.62,1.17,0
08/08/2023,23:09,0,0,0,0,25.26,1.03,0
09/08/2023,00:09,0,0,0,0,23.94,0.62,0
09/08/2023,01:09,0,0,0,0,23.25,1.03,0
09/08/2023,02:09,0,0,0,0,22.77,1.17,0
09/08/2023,03:09,0,0,0,0,22.7,1.17,0
09/08/2023,04:09,0,0,0,0,23.55,1.1,0
09/08/2023,05:09,0,0,0,0,24.72,0.9,0
09/08/2023,06:09,19,54,0,8.07,25.38,0.69,0
09/08/2023,07:09,201,92,0,19.82,26.03,1.03,0
09/08/2023,08:09,324,151,0,31.73,29.32,0.83,0
09/08/2023,09:09,509,160,0,43.5,31.65,2,0
09/08/2023,10:09,640,176,0,54.61,33.86,2,0
09/08/2023,11:09,756,168,0,63.87,35.49,1.72,0
09/08/2023,12:09,806.01,163,0,68.52,36.84,0.97,0
09/08/2023,13:09,743,188,0,65.67,37.74,0.28,0
09/08/2023,14:09,14,350,0,57.25,38.31,0.41,0
09/08/2023,15:09,595,138,0,46.47,37.02,0.9,0
09/08/2023,16:09,35,260,0,34.8,33.36,1.03,0
09/08/2023,17:09,129,161,0,22.89,33.14,0.97,0
09/08/2023,18:09,75,65,0,11.07,32.67,1.1,0
09/08/2023,19:09,0,0,0,0,32.91,1.17,0
09/08/2023,20:09,0,0,0,0,31.79,1.17,0
09/08/2023,21:09,0,0,0,0,30.81,1.1,0
09/08/2023,22:09,0,0,0,0,29.92,0.97,0
09/08/2023,23:09,0,0,0,0,28.77,0.97,0
10/08/2023,00:09,0,0,0,0,28.1,0.83,0
10/08/2023,01:09,0,0,0,0,26.76,1.17,0
10/08/2023,02:09,0,0,0,0,26.08,1.31,0
10/08/2023,03:09,0,0,0,0,25.93,1.59,0
10/08/2023,04:09,0,0,0,0,26.2,2.14,0
10/08/2023,05:09,0,0,0,0,25.91,2.9,0
10/08/2023,06:09,21,53,0,7.92,25.59,3.38,0
10/08/2023,07:09,124,129,0,19.68,26.26,3.72,0
10/08/2023,08:09,322,151,0,31.6,29.97,3.66,0
10/08/2023,09:09,497,166,0,43.36,32.21,3.52,0
10/08/2023,10:09,638,176,0,54.43,34.28,2.97,0
10/08/2023,11:09,767.01,160,0,63.64,35.96,2.55,0
10/08/2023,12:09,815.01,157,0,68.24,36.82,1.52,0
10/08/2023,13:09,782.01,162,0,65.4,37.35,0.69,0
10/08/2023,14:09,692,163,0,57.02,37.34,0.55,0
10/08/2023,15:09,476,207,0,46.26,36.5,0.76,0
10/08/2023,16:09,378,151,0,34.61,35.84,0.97,0
10/08/2023,17:09,183,134,0,22.7,35.18,1.03,0
10/08/2023,18:09,47,74,0,10.87,34.32,1.1,0
10/08/2023,19:09,0,0,0,0,32.6,1.17,0
10/08/2023,20:09,0,0,0,0,30.72,1.31,0
10/08/2023,21:09,0,0,0,0,30.06,1.38,0
10/08/2023,22:09,0,0,0,0,28.82,1.45,0
10/08/2023,23:09,0,0,0,0,27.35,1.45,0
11/08/2023,00:09,0,0,0,0,26.49,0.83,0
11/08/2023,01:09,0,0,0,0,25.36,0.76,0
11/08/2023,02:09,0,0,0,0,24.29,1.31,0
11/08/2023,03:09,0,0,0,0,23.04,2.28,0
11/08/2023,04:09,0,0,0,0,22.04,3.1,0
11/08/2023,05:09,0,0,0,0,21.02,3.66,0
11/08/2023,06:09,40,48,0,7.78,20.83,4.14,0
11/08/2023,07:09,195,97,0,19.55,25.06,4.34,0
11/08/2023,08:09,372,129,0,31.46,29.36,4.34,0
11/08/2023,09:09,528,159,0,43.21,31.92,4.21,0
11/08/2023,10:09,662,175,0,54.26,33.72,3.86,0
11/08/2023,11:09,738.01,194,0,63.41,35.1,3.03,0
11/08/2023,12:09,758.01,208,0,67.95,36.01,2,0
11/08/2023,13:09,767.01,187,0,65.12,36.5,1.31,0
11/08/2023,14:09,718,161,0,56.78,36.6,0.48,0
11/08/2023,15:09,589,150,0,46.05,36.46,0.83,0
11/08/2023,16:09,410,141,0,34.41,35.9,0.83,0
11/08/2023,17:09,252,101,0,22.5,35.12,0.83,0
11/08/2023,18:09,85,59,0,10.67,34.05,0.9,0
11/08/2023,19:09,0,0,0,0,32.53,0.97,0
11/08/2023,20:09,0,0,0,0,30.58,1.03,0
11/08/2023,21:09,0,0,0,0,29.88,1.1,0
11/08/2023,22:09,0,0,0,0,28.58,1.17,0
11/08/2023,23:09,0,0,0,0,27.37,1.17,0
12/08/2023,00:09,0,0,0,0,26.4,0.9,0
12/08/2023,01:09,0,0,0,0,25.51,0.97,0
12/08/2023,02:09,0,0,0,0,24.82,1.52,0
12/08/2023,03:09,0,0,0,0,24.16,1.93,0
12/08/2023,04:09,0,0,0,0,23.78,2.62,0
12/08/2023,05:09,0,0,0,0,23.32,3.31,0
12/08/2023,06:09,44,45,0,7.63,22.73,3.66,0
12/08/2023,07:09,199,92,0,19.41,24.17,3.86,0
12/08/2023,08:09,381,121,0,31.33,28.69,3.86,0
12/08/2023,09:09,523,159,0,43.06,30.95,3.86,0
12/08/2023,10:09,657,175,0,54.08,32.45,3.72,0
12/08/2023,11:09,732.01,194,0,63.18,33.79,3.1,0
12/08/2023,12:09,767.01,199,0,67.65,34.72,2.21,0
12/08/2023,13:09,761.01,187,0,64.83,35.13,1.66,0
12/08/2023,14:09,698,170,0,56.54,35.39,1.03,0
12/08/2023,15:09,593,144,0,45.83,35.31,0.69,0
12/08/2023,16:09,420,131,0,34.21,34.82,0.83,0
12/08/2023,17:09,243,103,0,22.3,33.99,0.97,0
12/08/2023,18:09,80,59,0,10.46,32.82,1.03,0
12/08/2023,19:09,0,0,0,0,31.04,1.03,0
12/08/2023,20:09,0,0,0,0,29.59,1.03,0
12/08/2023,21:09,0,0,0,0,27.89,1.03,0
12/08/2023,22:09,0,0,0,0,27.87,0.97,0
12/08/2023,23:09,0,0,0,0,27.04,0.97,0
13/08/2023,00:09,0,0,0,0,25.5,0.62,0
13/08/2023,01:09,0,0,0,0,24.58,0.41,0
13/08/2023,02:09,0,0,0,0,24.08,0.07,0
13/08/2023,03:09,0,0,0,0,23.42,0.28,0
13/08/2023,04:09,0,0,0,0,22.77,0.62,0
13/08/2023,05:09,0,0,0,0,22.47,1.24,0
13/08/2023,06:09,45,43,0,7.49,22.02,1.79,0
13/08/2023,07:09,196,91,0,19.27,23.4,2.21,0
13/08/2023,08:09,374,121,0,31.19,26.76,2.62,0
13/08/2023,09:09,525,152,0,42.91,28.89,2.62,0
13/08/2023,10:09,635,183,0,53.9,30.53,2.48,0
13/08/2023,11:09,722.01,195,0,62.94,31.88,2.28,0
13/08/2023,12:09,787.01,180,0,67.35,33.13,1.17,0
13/08/2023,13:09,780.01,168,0,64.54,34.05,1.03,0
13/08/2023,14:09,688,170,0,56.29,34.53,0.97,0
13/08/2023,15:09,573,150,0,45.61,34.41,0.69,0
13/08/2023,16:09,374,154,0,34,33.88,0.55,0
13/08/2023,17:09,243,99,0,22.1,32.82,0.62,0
13/08/2023,18:09,79,57,0,10.25,31.46,0.76,0
13/08/2023,19:09,0,0,0,0,29.6,0.83,0
13/08/2023,20:09,0,0,0,0,28.27,0.9,0
13/08/2023,21:09,0,0,0,0,26.65,0.9,0
13/08/2023,22:09,0,0,0,0,26.53,0.9,0
13/08/2023,23:09,0,0,0,0,25.79,0.97,0
14/08/2023,00:09,0,0,0,0,25.02,0.69,0
14/08/2023,01:09,0,0,0,0,24.26,0.62,0
14/08/2023,02:09,0,0,0,0,23.55,0.83,0
14/08/2023,03:09,0,0,0,0,22.88,1.52,0
14/08/2023,04:09,0,0,0,0,22.43,2.41,0
14/08/2023,05:09,0,0,0,0,22.02,3.17,0
14/08/2023,06:09,35,46,0,7.34,21.28,3.72,0
14/08/2023,07:09,184,98,0,19.14,22.34,3.86,0
14/08/2023,08:09,371,124,0,31.05,26.12,3.86,0
14/08/2023,09:09,530,151,0,42.76,28.63,3.79,0
14/08/2023,10:09,653,175,0,53.72,30.73,3.45,0
14/08/2023,11:09,743.01,185,0,62.7,32.43,2.83,0
14/08/2023,12:09,764.01,197,0,67.05,33.45,1.66,0
14/08/2023,13:09,772.01,176,0,64.24,34.16,1.24,0
14/08/2023,14:09,718,154,0,56.03,34.41,0.9,0
14/08/2023,15:09,578,149,0,45.38,34.26,0.83,0
14/08/2023,16:09,407,135,0,33.79,33.87,0.9,0
14/08/2023,17:09,224,109,0,21.88,32.92,0.97,0
14/08/2023,18:09,66,61,0,10.04,31.72,1.03,0
14/08/2023,19:09,0,0,0,0,30.08,1.03,0
14/08/2023,20:09,0,0,0,0,28.58,1.03,0
14/08/2023,21:09,0,0,0,0,26.91,1.03,0
14/08/2023,22:09,0,0,0,0,26.67,1.03,0
14/08/2023,23:09,0,0,0,0,25.96,1.1,0
15/08/2023,00:09,0,0,0,0,25,0.69,0
15/08/2023,01:09,0,0,0,0,24.02,0.34,0
15/08/2023,02:09,0,0,0,0,23.35,0.28,0
15/08/2023,03:09,0,0,0,0,22.96,0.62,0
15/08/2023,04:09,0,0,0,0,22.73,1.31,0
15/08/2023,05:09,0,0,0,0,22.43,1.93,0
15/08/2023,06:09,25,46,0,7.19,21.37,2.34,0
15/08/2023,07:09,156,108,0,19,22.9,2.69,0
15/08/2023,08:09,332,141,0,30.91,26.53,2.83,0
15/08/2023,09:09,496,164,0,42.61,29,2.28,0
15/08/2023,10:09,649,168,0,53.53,30.95,2.07,0
15/08/2023,11:09,766.01,160,0,62.45,32.45,1.59,0
15/08/2023,12:09,482,352,0,66.75,33.56,0.76,0
15/08/2023,13:09,111,457,0,63.94,34.19,0.76,0
15/08/2023,14:09,247,394,0,55.77,34.58,0.69,0
15/08/2023,15:09,225,327,0,45.15,33.91,0.62,0
15/08/2023,16:09,0,142,0,33.57,33.07,0.69,0
15/08/2023,17:09,144,144,0,21.67,32.16,0.76,0
15/08/2023,18:09,46,65,0,9.82,31.21,0.9,0
15/08/2023,19:09,0,0,0,0,29.78,0.97,0
15/08/2023,20:09,0,0,0,0,27.96,1.03,0
15/08/2023,21:09,0,0,0,0,27.17,1.03,0
15/08/2023,22:09,0,0,0,0,26.24,0.97,0
15/08/2023,23:09,0,0,0,0,25.22,0.97,0
16/08/2023,00:09,0,0,0,0,24.33,0.62,0
16/08/2023,01:09,0,0,0,0,23.03,0.21,0
16/08/2023,02:09,0,0,0,0,22.16,0.21,0
16/08/2023,03:09,0,0,0,0,21.58,0.55,0
16/08/2023,04:09,0,0,0,0,21.2,1.59,0
16/08/2023,05:09,0,0,0,0,21.06,2.55,0
16/08/2023,06:09,39,41,0,7.05,20.64,3.38,0
16/08/2023,07:09,171,100,0,18.86,22.28,3.72,0
16/08/2023,08:09,345,133,0,30.77,25.56,3.79,0
16/08/2023,09:09,516,152,0,42.45,27.85,3.59,0
16/08/2023,10:09,638,175,0,53.34,29.75,3.03,0
16/08/2023,11:09,741.01,176,0,62.21,31.43,2.34,0
16/08/2023,12:09,816.01,156,0,66.44,32.8,1.66,0
16/08/2023,13:09,814.01,143,0,63.64,33.52,1.24,0
16/08/2023,14:09,247,394,0,55.51,33.65,1.03,0
16/08/2023,15:09,237,322,0,44.91,33.33,1.03,0
16/08/2023,16:09,349,160,0,33.34,32.61,0.97,0
16/08/2023,17:09,225,101,0,21.45,31.78,1.03,0
16/08/2023,18:09,68,55,0,9.59,30.57,1.1,0
16/08/2023,19:09,0,0,0,0,28.98,1.1,0
16/08/2023,20:09,0,0,0,0,27.37,1.03,0
16/08/2023,21:09,0,0,0,0,25.43,1.03,0
16/08/2023,22:09,0,0,0,0,24.28,1.1,0
16/08/2023,23:09,0,0,0,0,23.61,1.1,0
17/08/2023,00:09,0,0,0,0,22.5,0.48,0
17/08/2023,01:09,0,0,0,0,21.33,0.28,0
17/08/2023,02:09,0,0,0,0,20.72,0.28,0
17/08/2023,03:09,0,0,0,0,20.13,0.55,0
17/08/2023,04:09,0,0,0,0,19.61,1.17,0
17/08/2023,05:09,0,0,0,0,19.05,1.66,0
17/08/2023,06:09,40,39,0,6.9,18.44,2.14,0
17/08/2023,07:09,190,89,0,18.72,21.26,2.55,0
17/08/2023,08:09,362,123,0,30.63,24.32,2.76,0
17/08/2023,09:09,520,151,0,42.3,26.89,2.76,0
17/08/2023,10:09,643,174,0,53.15,28.93,2.62,0
17/08/2023,11:09,718.01,193,0,61.95,30.71,2.28,0
17/08/2023,12:09,723.01,216,0,66.12,32.15,2.14,0
17/08/2023,13:09,716.01,204,0,63.33,33.12,1.59,0
17/08/2023,14:09,667,178,0,55.24,33.65,1.1,0
17/08/2023,15:09,574,143,0,44.67,33.66,0.97,0
17/08/2023,16:09,408,126,0,33.12,33.22,0.9,0
17/08/2023,17:09,232,96,0,21.22,32.38,0.97,0
17/08/2023,18:09,63,55,0,9.36,31,1.03,0
17/08/2023,19:09,0,0,0,0,28.84,1.1,0
17/08/2023,20:09,0,0,0,0,27.25,1.1,0
17/08/2023,21:09,0,0,0,0,25.36,1.1,0
17/08/2023,22:09,0,0,0,0,24.6,1.1,0
17/08/2023,23:09,0,0,0,0,23.78,1.1,0
18/08/2023,00:09,0,0,0,0,22.76,0.62,0
18/08/2023,01:09,0,0,0,0,21.77,0.48,0
18/08/2023,02:09,0,0,0,0,20.97,0.48,0
18/08/2023,03:09,0,0,0,0,20.13,1.17,0
18/08/2023,04:09,0,0,0,0,19.51,1.66,0
18/08/2023,05:09,0,0,0,0,19.13,2.07,0
18/08/2023,06:09,39,38,0,6.75,18.65,2.55,0
18/08/2023,07:09,186,91,0,18.58,21.55,2.97,0
18/08/2023,08:09,373,118,0,30.49,24.73,3.17,0
18/08/2023,09:09,511,157,0,42.14,27.47,3.24,0
18/08/2023,10:09,620,189,0,52.96,29.62,3.17,0
18/08/2023,11:09,705.01,202,0,61.7,31.37,2.83,0
18/08/2023,12:09,846.01,142,0,65.81,32.77,2.21,0
18/08/2023,13:09,473,345,0,63.01,33.8,1.45,0
18/08/2023,14:09,505,274,0,54.96,34.3,0.97,0
18/08/2023,15:09,368,262,0,44.43,34.16,0.76,0
18/08/2023,16:09,291,192,0,32.88,33.56,0.76,0
18/08/2023,17:09,153,136,0,21,32.44,0.83,0
18/08/2023,18:09,27,65,0,9.13,30.94,0.9,0
18/08/2023,19:09,0,0,0,0,29.2,0.97,0
18/08/2023,20:09,0,0,0,0,27.68,0.97,0
18/08/2023,21:09,0,0,0,0,25.99,0.83,0
18/08/2023,22:09,0,0,0,0,25.59,0.69,0
18/08/2023,23:09,0,0,0,0,24.87,0.69,0
19/08/2023,00:09,0,0,0,0,23.9,0.41,0
19/08/2023,01:09,0,0,0,0,22.8,0.41,0
19/08/2023,02:09,0,0,0,0,22.08,0.9,0
19/08/2023,03:09,0,0,0,0,21.53,0.97,0
19/08/2023,04:09,0,0,0,0,21.55,1.03,0
19/08/2023,05:09,0,0,0,0,21.41,1.24,0
19/08/2023,06:09,38,38,0,6.6,21.14,1.52,0
19/08/2023,07:09,177,91,0,18.44,22.32,1.86,0
19/08/2023,08:09,343,128,0,30.34,24.97,2.28,0
19/08/2023,09:09,584,110,0,41.98,27.52,2.62,0
19/08/2023,10:09,616,182,0,52.76,29.58,2.55,0
19/08/2023,11:09,689.01,201,0,61.44,31.23,2.21,0
19/08/2023,12:09,708.01,215,0,65.49,32.6,1.72,0
19/08/2023,13:09,714.01,195,0,62.7,33.59,0.76,0
19/08/2023,14:09,651,177,0,54.68,34.22,0,0
19/08/2023,15:09,604,120,0,44.17,34.45,0.76,0
19/08/2023,16:09,386,130,0,32.65,34.18,1.1,0
19/08/2023,17:09,197,108,0,20.76,33.37,1.17,0
19/08/2023,18:09,51,55,0,8.89,32.11,1.17,0
19/08/2023,19:09,0,0,0,0,30.35,1.1,0
19/08/2023,20:09,0,0,0,0,28.77,1.17,0
19/08/2023,21:09,0,0,0,0,28.03,1.17,0
19/08/2023,22:09,0,0,0,0,26.35,1.17,0
19/08/2023,23:09,0,0,0,0,24.85,1.17,0
20/08/2023,00:09,0,0,0,0,23.87,0.62,0
20/08/2023,01:09,0,0,0,0,23.12,0.41,0
20/08/2023,02:09,0,0,0,0,22.55,0.62,0
20/08/2023,03:09,0,0,0,0,21.93,0.83,0
20/08/2023,04:09,0,0,0,0,21.45,1.03,0
20/08/2023,05:09,0,0,0,0,21.07,1.52,0
20/08/2023,06:09,33,38,0,6.45,20.69,1.72,0
20/08/2023,07:09,176,89,0,18.3,23.68,1.79,0
20/08/2023,08:09,350,121,0,30.2,27.6,1.79,0
20/08/2023,09:09,490,158,0,41.82,29.84,1.66,0
20/08/2023,10:09,609,182,0,52.56,31.58,1.66,0
20/08/2023,11:09,681.01,202,0,61.18,32.92,2.07,0
20/08/2023,12:09,686.01,224,0,65.16,34.01,1.93,0
20/08/2023,13:09,706.01,195,0,62.37,34.73,2.07,0
20/08/2023,14:09,655,170,0,54.39,35.1,1.52,0
20/08/2023,15:09,540,149,0,43.92,35.08,1.17,0
20/08/2023,16:09,385,126,0,32.4,34.61,0.97,0
20/08/2023,17:09,210,97,0,20.52,33.87,0.76,0
20/08/2023,18:09,50,53,0,8.65,32.29,0.48,0
20/08/2023,19:09,0,0,0,0,29.7,0.41,0
20/08/2023,20:09,0,0,0,0,27.83,0.34,0
20/08/2023,21:09,0,0,0,0,26.63,0.55,0
20/08/2023,22:09,0,0,0,0,25.75,0.48,0
20/08/2023,23:09,0,0,0,0,24.92,0,0
21/08/2023,00:09,0,0,0,0,24.49,0.48,0
21/08/2023,01:09,0,0,0,0,24.36,1.38,0
21/08/2023,02:09,0,0,0,0,23.87,1.93,0
21/08/2023,03:09,0,0,0,0,23.41,2.28,0
21/08/2023,04:09,0,0,0,0,23.02,2.76,0
21/08/2023,05:09,0,0,0,0,22.76,3.1,0
21/08/2023,06:09,24,39,0,6.3,22.6,3.31,0
21/08/2023,07:09,169,89,0,18.15,23.56,3.45,0
21/08/2023,08:09,341,121,0,30.05,26.86,3.24,0
21/08/2023,09:09,480,158,0,41.65,29,3.17,0
21/08/2023,10:09,610,175,0,52.36,30.65,3.38,0
21/08/2023,11:09,696.01,185,0,60.92,31.88,3.38,0
21/08/2023,12:09,702.01,206,0,64.84,32.81,2.62,0
21/08/2023,13:09,707.01,186,0,62.05,33.37,1.93,0
21/08/2023,14:09,655,162,0,54.1,33.51,1.59,0
21/08/2023,15:09,528,150,0,43.66,33.2,1.38,0
21/08/2023,16:09,375,126,0,32.16,32.25,1.24,0
21/08/2023,17:09,194,101,0,20.28,31.37,1.17,0
21/08/2023,18:09,44,52,0,8.4,29.84,1.1,0
21/08/2023,19:09,0,0,0,0,27.6,1.1,0
21/08/2023,20:09,0,0,0,0,26.29,1.1,0
21/08/2023,21:09,0,0,0,0,25.25,1.17,0
21/08/2023,22:09,0,0,0,0,23.94,1.17,0
21/08/2023,23:09,0,0,0,0,22.64,1.24,0
22/08/2023,00:09,0,0,0,0,21.96,0.97,0
22/08/2023,01:09,0,0,0,0,21.31,2.14,0
22/08/2023,02:09,0,0,0,0,20.76,2.83,0
22/08/2023,03:09,0,0,0,0,20.26,3.38,0
22/08/2023,04:09,0,0,0,0,19.81,3.79,0
22/08/2023,05:09,0,0,0,0,19.37,4.07,0
22/08/2023,06:09,25,37,0,6.15,18.96,4.21,0
22/08/2023,07:09,164,93,0,18.01,20.93,4.21,0
22/08/2023,08:09,342,124,0,29.91,24.91,4.21,0
22/08/2023,09:09,489,157,0,41.49,27.27,4.07,0
22/08/2023,10:09,608,182,0,52.16,29.23,3.86,0
22/08/2023,11:09,680.01,202,0,60.65,30.82,3.38,0
22/08/2023,12:09,699.01,214,0,64.51,31.87,2.55,0
22/08/2023,13:09,704.01,194,0,61.71,32.37,2.21,0
22/08/2023,14:09,640,177,0,53.81,32.42,1.86,0
22/08/2023,15:09,516,161,0,43.39,32.06,1.59,0
22/08/2023,16:09,375,128,0,31.91,31.17,1.38,0
22/08/2023,17:09,198,99,0,20.04,29.96,1.31,0
22/08/2023,18:09,48,49,0,8.15,28.33,1.17,0
22/08/2023,19:09,0,0,0,0,26.87,1.17,0
22/08/2023,20:09,0,0,0,0,25.54,1.17,0
22/08/2023,21:09,0,0,0,0,24.43,1.17,0
22/08/2023,22:09,0,0,0,0,23.17,1.17,0
22/08/2023,23:09,0,0,0,0,21.69,1.17,0
23/08/2023,00:09,0,0,0,0,20.98,0.9,0
23/08/2023,01:09,0,0,0,0,20.37,1.86,0
23/08/2023,02:09,0,0,0,0,19.77,2.48,0
23/08/2023,03:09,0,0,0,0,19.21,2.83,0
23/08/2023,04:09,0,0,0,0,18.69,3.1,0
23/08/2023,05:09,0,0,0,0,18.25,3.24,0
23/08/2023,06:09,28,36,0,6.01,17.87,3.31,0
23/08/2023,07:09,171,90,0,17.87,19.82,3.38,0
23/08/2023,08:09,336,130,0,29.76,23.79,3.31,0
23/08/2023,09:09,478,168,0,41.32,26.43,3.24,0
23/08/2023,10:09,606,188,0,51.96,28.66,3.31,0
23/08/2023,11:09,664.01,217,0,60.38,30.45,3.1,0
23/08/2023,12:09,709.01,214,0,64.17,31.69,2.48,0
23/08/2023,13:09,701.01,202,0,61.38,32.38,1.86,0
23/08/2023,14:09,662.01,168,0,53.51,32.59,1.45,0
23/08/2023,15:09,534,153,0,43.12,32.34,1.24,0
23/08/2023,16:09,373,131,0,31.65,31.74,1.1,0
23/08/2023,17:09,197,100,0,19.79,30.68,1.17,0
23/08/2023,18:09,44,49,0,7.9,29.21,1.1,0
23/08/2023,19:09,0,0,0,0,27.41,1.1,0
23/08/2023,20:09,0,0,0,0,26.07,1.1,0
23/08/2023,21:09,0,0,0,0,24.7,1.17,0
23/08/2023,22:09,0,0,0,0,23.06,1.24,0
23/08/2023,23:09,0,0,0,0,22.16,1.24,0
24/08/2023,00:09,0,0,0,0,21.34,0.62,0
24/08/2023,01:09,0,0,0,0,20.89,0.55,0
24/08/2023,02:09,0,0,0,0,20.36,0.83,0
24/08/2023,03:09,0,0,0,0,19.84,1.24,0
24/08/2023,04:09,0,0,0,0,19.32,1.59,0
24/08/2023,05:09,0,0,0,0,18.78,1.93,0
24/08/2023,06:09,24,36,0,5.86,18.31,2.14,0
24/08/2023,07:09,165,92,0,17.72,21.56,2.21,0
24/08/2023,08:09,339,126,0,29.61,25.51,2.28,0
24/08/2023,09:09,484,162,0,41.16,28.09,2.28,0
24/08/2023,10:09,614,181,0,51.75,30,2.21,0
24/08/2023,11:09,687.01,200,0,60.11,31.54,1.79,0
24/08/2023,12:09,705.01,214,0,63.84,32.78,1.24,0
24/08/2023,13:09,710.01,193,0,61.04,33.7,0.55,0
24/08/2023,14:09,645.01,175,0,53.2,34.33,0.07,0
24/08/2023,15:09,519,159,0,42.85,34.51,0.41,0
24/08/2023,16:09,375,127,0,31.4,34.14,0.69,0
24/08/2023,17:09,193,99,0,19.53,33.51,0.9,0
24/08/2023,18:09,43,47,0,7.64,32.4,1.1,0
24/08/2023,19:09,0,0,0,0,30.85,1.1,0
24/08/2023,20:09,0,0,0,0,29.04,1.03,0
24/08/2023,21:09,0,0,0,0,28.48,0.97,0
24/08/2023,22:09,0,0,0,0,27.63,0.76,0
24/08/2023,23:09,0,0,0,0,26.57,0.62,0
25/08/2023,00:09,0,0,0,0,25.63,0.34,0
25/08/2023,01:09,0,0,0,0,24.6,0.76,0
25/08/2023,02:09,0,0,0,0,24.28,1.17,0
25/08/2023,03:09,0,0,0,0,24.43,1.86,0
25/08/2023,04:09,0,0,0,0,24.6,2.28,0
25/08/2023,05:09,0,0,0,0,24.4,2.48,0
25/08/2023,06:09,18,31.13,0,5.71,24.21,2.41,0
25/08/2023,07:09,148,96,0,17.58,25.22,2,0
25/08/2023,08:09,327,127,0,29.46,28.16,2.07,0
25/08/2023,09:09,480,156,0,40.99,30.26,3.1,0
25/08/2023,10:09,622,167,0,51.54,31.87,3.17,0
25/08/2023,11:09,711.01,175,0,59.83,33.19,2.28,0
25/08/2023,12:09,716.01,196,0,63.5,34.1,1.52,0
25/08/2023,13:09,592.01,255,0,60.7,34.33,0.69,0
25/08/2023,14:09,398,308,0,52.9,34.18,0.41,0
25/08/2023,15:09,251,295,0,42.57,34.34,0.69,0
25/08/2023,16:09,0,70,0,31.13,33.03,0.97,0
25/08/2023,17:09,24,144,0,19.28,31.9,1.24,0
25/08/2023,18:09,44,44,0,7.38,30.79,1.31,0
25/08/2023,19:09,0,0,0,0,30.2,1.31,0
25/08/2023,20:09,0,0,0,0,28.74,1.31,0
25/08/2023,21:09,0,0,0,0,28.44,1.38,0
25/08/2023,22:09,0,0,0,0,27.47,1.38,0
25/08/2023,23:09,0,0,0,0,26.03,1.45,0
26/08/2023,00:09,0,0,0,0,24.42,1.03,0
26/08/2023,01:09,0,0,0,0,23.26,0.9,0
26/08/2023,02:09,0,0,0,0,22.63,0.55,0
26/08/2023,03:09,0,0,0,0,22.12,1.66,0
26/08/2023,04:09,0,0,0,0,21.74,2.48,0
26/08/2023,05:09,0,0,0,0,21.23,3.45,0
26/08/2023,06:09,13,31.49,0,5.55,20.58,3.72,0
26/08/2023,07:09,142,97,0,17.43,22.59,2.21,0
26/08/2023,08:09,323,126,0,29.31,27.51,1.93,0
26/08/2023,09:09,493,145,0,40.82,30.36,2.69,0
26/08/2023,10:09,616.01,167,0,51.32,32.17,2.14,0
26/08/2023,11:09,677.01,192,0,59.55,33.36,0.9,0
26/08/2023,12:09,13,373,0,63.15,33.84,1.31,0
26/08/2023,13:09,291,403,0,60.35,30.87,2.9,0
26/08/2023,14:09,384,311,0,52.58,30.45,2.9,0
26/08/2023,15:09,0,78,0,42.28,30.59,2.14,0
26/08/2023,16:09,0,62,0,30.87,30.76,1.72,0
26/08/2023,17:09,0,76,0,19.02,29.06,1.72,0
26/08/2023,18:09,12,47,0,7.12,28.33,1.72,0
26/08/2023,19:09,0,0,0,0,26.57,1.17,0
26/08/2023,20:09,0,0,0,0,25.66,1.17,0
26/08/2023,21:09,0,0,0,0,23.59,1.79,0
26/08/2023,22:09,0,0,0,0,21.82,2.48,0
26/08/2023,23:09,0,0,0,0,20.91,2.83,0
27/08/2023,00:09,0,0,0,0,20.96,3.52,0
27/08/2023,01:09,0,0,0,0,20.85,3.93,0
27/08/2023,02:09,0,0,0,0,20.7,4.28,0
27/08/2023,03:09,0,0,0,0,20.56,4.62,0
27/08/2023,04:09,0,0,0,0,19.79,4.97,0
27/08/2023,05:09,0,0,0,0,18.96,5.17,0
27/08/2023,06:09,27,24.36,0,5.4,17.57,4.97,0
27/08/2023,07:09,168,85,0,17.29,15.91,4.48,0
27/08/2023,08:09,331,126,0,29.16,16.39,4.21,0
27/08/2023,09:09,486,155,0,40.64,17.61,4,0
27/08/2023,10:09,606.01,180,0,51.11,19.09,3.72,0
27/08/2023,11:09,556,273,0,59.27,20.52,2.97,0
27/08/2023,12:09,710.01,204,0,62.81,21.47,2.07,0
27/08/2023,13:09,686.01,201,0,60,22.16,1.59,0
27/08/2023,14:09,542,230,0,52.27,22.65,1.1,0
27/08/2023,15:09,517,152,0,42,22.84,0.9,0
27/08/2023,16:09,374,119,0,30.6,22.71,0.76,0
27/08/2023,17:09,165,105,0,18.75,22.16,0.55,0
27/08/2023,18:09,17,47,0,6.85,21.1,0.41,0
27/08/2023,19:09,0,0,0,0,19.51,0.21,0
27/08/2023,20:09,0,0,0,0,18.72,0.14,0
27/08/2023,21:09,0,0,0,0,17.71,0.28,0
27/08/2023,22:09,0,0,0,0,16.84,0.55,0
27/08/2023,23:09,0,0,0,0,16.56,0.69,0
28/08/2023,00:09,0,0,0,0,16.38,0.76,0
28/08/2023,01:09,0,0,0,0,15.9,1.45,0
28/08/2023,02:09,0,0,0,0,15.45,1.79,0
28/08/2023,03:09,0,0,0,0,15.01,1.86,0
28/08/2023,04:09,0,0,0,0,14.63,1.86,0
28/08/2023,05:09,0,0,0,0,14.29,2,0
28/08/2023,06:09,23,25.19,0,5.25,14.03,2.21,0
28/08/2023,07:09,172,83,0,17.14,14.29,2.62,0
28/08/2023,08:09,338,124,0,29.01,17.1,3.1,0
28/08/2023,09:09,485,160,0,40.47,18.97,3.38,0
28/08/2023,10:09,616.01,179,0,50.89,20.8,3.38,0
28/08/2023,11:09,662.01,215,0,58.98,22.56,3.03,0
28/08/2023,12:09,680.01,229,0,62.46,24.11,1.86,0
28/08/2023,13:09,696.01,200,0,59.65,25.31,1.31,0
28/08/2023,14:09,630.01,181,0,51.95,26.09,0.69,0
28/08/2023,15:09,524,151,0,41.71,26.37,0.28,0
28/08/2023,16:09,374,120,0,30.32,26.1,0,0
28/08/2023,17:09,191,91,0,18.48,25.22,0.21,0
28/08/2023,18:09,34,41,0,6.58,23.83,0.34,0
28/08/2023,19:09,0,0,0,0,21.99,0.55,0
28/08/2023,20:09,0,0,0,0,20.82,0.69,0
28/08/2023,21:09,0,0,0,0,19.95,0.83,0
28/08/2023,22:09,0,0,0,0,19.47,0.97,0
28/08/2023,23:09,0,0,0,0,18.66,1.17,0
29/08/2023,00:09,0,0,0,0,18.03,0.55,0
29/08/2023,01:09,0,0,0,0,17.56,0.28,0
29/08/2023,02:09,0,0,0,0,17.24,0,0
29/08/2023,03:09,0,0,0,0,16.96,0.69,0
29/08/2023,04:09,0,0,0,0,16.68,1.45,0
29/08/2023,05:09,0,0,0,0,16.37,2.07,0
29/08/2023,06:09,25,22.92,0,5.1,15.1,2.55,0
29/08/2023,07:09,165,85,0,17,17.06,2.9,0
29/08/2023,08:09,321,131,0,28.85,19.93,3.1,0
29/08/2023,09:09,499,148,0,40.29,22.16,3.31,0
29/08/2023,10:09,610.01,180,0,50.67,23.97,3.31,0
29/08/2023,11:09,683.01,199,0,58.69,25.66,2.76,0
29/08/2023,12:09,700.01,212,0,62.11,26.94,2.14,0
29/08/2023,13:09,731.01,174,0,59.29,27.87,1.38,0
29/08/2023,14:09,648.01,166,0,51.63,28.36,0.34,0
29/08/2023,15:09,508,156,0,41.41,28.4,0.14,0
29/08/2023,16:09,361,124,0,30.04,28.01,0.69,0
29/08/2023,17:09,186,90,0,18.21,27.2,0.83,0
29/08/2023,18:09,29,41,0,6.31,25.9,0.83,0
29/08/2023,19:09,0,0,0,0,24.08,0.9,0
29/08/2023,20:09,0,0,0,0,22.74,0.9,0
29/08/2023,21:09,0,0,0,0,21.22,0.9,0
29/08/2023,22:09,0,0,0,0,21.25,1.03,0
29/08/2023,23:09,0,0,0,0,20.29,1.03,0
30/08/2023,00:09,0,0,0,0,19.56,0.48,0
30/08/2023,01:09,0,0,0,0,18.89,0.62,0
30/08/2023,02:09,0,0,0,0,18.31,0.28,0
30/08/2023,03:09,0,0,0,0,17.75,0.9,0
30/08/2023,04:09,0,0,0,0,17.16,1.45,0
30/08/2023,05:09,0,0,0,0,16.31,1.79,0
30/08/2023,06:09,19,24.24,0,4.95,15.79,2.14,0
30/08/2023,07:09,163,83,0,16.85,17.64,2.55,0
30/08/2023,08:09,305,135,0,28.7,20.23,2,0
30/08/2023,09:09,450,171,0,40.11,22.18,1.59,0
30/08/2023,10:09,597.01,179,0,50.45,23.76,1.31,0
30/08/2023,11:09,668.01,199,0,58.4,24.94,1.1,0
30/08/2023,12:09,672.01,220,0,61.75,25.8,1.72,0
30/08/2023,13:09,661.01,208,0,58.94,26.76,1.93,0
30/08/2023,14:09,656.01,152,0,51.3,27.74,1.72,0
30/08/2023,15:09,108,327,0,41.11,27.19,1.17,0
30/08/2023,16:09,168,217,0,29.76,26.23,0.9,0
30/08/2023,17:09,18,132,0,17.94,25.38,0.69,0
30/08/2023,18:09,22,39,0,6.03,24.58,0.62,0
30/08/2023,19:09,0,0,0,0,21.85,0.62,0
30/08/2023,20:09,0,0,0,0,20.41,0.69,0
30/08/2023,21:09,0,0,0,0,19.58,0.83,0
30/08/2023,22:09,0,0,0,0,18.86,0.9,0
30/08/2023,23:09,0,0,0,0,18.4,0.97,0
31/08/2023,00:09,0,0,0,0,17.88,0.97,0
31/08/2023,01:09,0,0,0,0,17.32,1.1,0
31/08/2023,02:09,0,0,0,0,16.93,1.1,0
31/08/2023,03:09,0,0,0,0,16.41,0.97,0
31/08/2023,04:09,0,0,0,0,15.91,0.62,0
31/08/2023,05:09,0,0,0,0,15.42,0.34,0
31/08/2023,06:09,17,23.76,0,4.8,14.95,0.34,0
31/08/2023,07:09,157,84,0,16.7,16.27,0.41,0
31/08/2023,08:09,319,124,0,28.54,18.92,0.55,0
31/08/2023,09:09,472,155,0,39.93,21.33,0.48,0
31/08/2023,10:09,603.01,172,0,50.22,23.39,0.62,0
31/08/2023,11:09,650.01,206,0,58.11,25.04,0.97,0
31/08/2023,12:09,499,317,0,61.4,26.38,1.1,0
31/08/2023,13:09,204,426,0,58.57,27.25,1.03,0
31/08/2023,14:09,484,251,0,50.97,27.88,0.9,0
31/08/2023,15:09,353,234,0,40.81,27.77,0.83,0
31/08/2023,16:09,94,234,0,29.48,27.8,0.9,0
31/08/2023,17:09,195,79,0,17.66,26.82,0.76,0
31/08/2023,18:09,34,34,0,5.75,25.28,0.69,0
31/08/2023,19:09,0,0,0,0,23.38,0.69,0
31/08/2023,20:09,0,0,0,0,22.36,0.76,0
31/08/2023,21:09,0,0,0,0,21.48,0.83,0
31/08/2023,22:09,0,0,0,0,20.6,0.9,0
31/08/2023,23:09,0,0,0,0,19.6,0.9,0
01/09/2023,00:09,0,0,0,0,19.09,0.69,0
01/09/2023,01:09,0,0,0,0,18.85,0.69,0
01/09/2023,02:09,0,0,0,0,18.38,0.69,0
01/09/2023,03:09,0,0,0,0,17.79,0.69,0
01/09/2023,04:09,0,0,0,0,17.32,0.83,0
01/09/2023,05:09,0,0,0,0,16.83,0.83,0
01/09/2023,06:09,11,25.17,0,4.65,16.47,0.62,0
01/09/2023,07:09,130,95,0,16.55,17.69,0.48,0
01/09/2023,08:09,303,130,0,28.38,20.7,0.62,0
01/09/2023,09:09,310,242,0,39.75,22.72,0.9,0
01/09/2023,10:09,145,381,0,49.99,24.74,0.97,0
01/09/2023,11:09,644.01,204,0,57.81,26.15,0.9,0
01/09/2023,12:09,776.01,146,0,61.04,27.09,1.24,0
01/09/2023,13:09,589.01,241,0,58.21,27.74,1.17,0
01/09/2023,14:09,489,242,0,50.63,28.27,1.03,0
01/09/2023,15:09,472,160,0,40.51,28.61,0.97,0
01/09/2023,16:09,266,162,0,29.19,28.19,1.03,0
01/09/2023,17:09,163,89,0,17.38,27.32,1.24,0
01/09/2023,18:09,20,29.53,0,5.47,26.17,1.31,0
01/09/2023,19:09,0,0,0,0,24.12,1.24,0
01/09/2023,20:09,0,0,0,0,22.48,1.24,0
01/09/2023,21:09,0,0,0,0,21.09,1.24,0
01/09/2023,22:09,0,0,0,0,19.71,1.24,0
01/09/2023,23:09,0,0,0,0,18.66,1.38,0
02/09/2023,00:09,0,0,0,0,17.67,1.38,0
02/09/2023,01:09,0,0,0,0,16.92,1.52,0
02/09/2023,02:09,0,0,0,0,16.92,1.66,0
02/09/2023,03:09,0,0,0,0,16.83,1.45,0
02/09/2023,04:09,0,0,0,0,16.56,1.72,0
02/09/2023,05:09,0,0,0,0,16.06,1.79,0
02/09/2023,06:09,4,24.05,0,4.49,15.82,1.72,0
02/09/2023,07:09,0,24,0,16.4,15.94,1.72,0
02/09/2023,08:09,0,43,0,28.22,17.23,2,0
02/09/2023,09:09,466,152,0,39.57,18.8,1.86,0
02/09/2023,10:09,608.01,162,0,49.76,21.03,2.14,0
02/09/2023,11:09,668.01,188,0,57.51,23.01,2.34,0
02/09/2023,12:09,672.01,208,0,60.68,24.19,2.21,0
02/09/2023,13:09,541.01,267,0,57.84,24.84,2,0
02/09/2023,14:09,401,288,0,50.3,25.36,1.45,0
02/09/2023,15:09,303,252,0,40.2,23.54,1.59,0
02/09/2023,16:09,2,161,0,28.9,22.36,1.93,0
02/09/2023,17:09,0,80,0,17.1,21.87,1.72,0
02/09/2023,18:09,2,28.52,0,5.18,20.56,1.45,0
02/09/2023,19:09,0,0,0,0,17.67,1.52,0
02/09/2023,20:09,0,0,0,0,16.03,1.59,0
02/09/2023,21:09,0,0,0,0,14.98,1.59,0
02/09/2023,22:09,0,0,0,0,14.42,1.59,0
02/09/2023,23:09,0,0,0,0,14.12,1.31,0
03/09/2023,00:09,0,0,0,0,13.96,1.72,0
03/09/2023,01:09,0,0,0,0,13.74,2.55,0
03/09/2023,02:09,0,0,0,0,13.68,2.9,0
03/09/2023,03:09,0,0,0,0,13.57,2.21,0
03/09/2023,04:09,0,0,0,0,13.46,2,0
03/09/2023,05:09,0,0,0,0,13.09,1.59,0
03/09/2023,06:09,0,18,0,4.34,12.77,2.21,0
03/09/2023,07:09,37,120,0,16.25,13.15,2.97,0
03/09/2023,08:09,4,166,0,28.06,14.47,3.24,0
03/09/2023,09:09,0,171,0,39.38,15.75,3.31,0
03/09/2023,10:09,0,122,0,49.53,15.87,3.66,0
03/09/2023,11:09,0,170,0,57.21,15.98,3.59,0
03/09/2023,12:09,3,313,0,60.31,16.25,0.34,0
03/09/2023,13:09,16,359,0,57.47,17.5,0.48,0
03/09/2023,14:09,17,326,0,49.96,18.15,0.34,0
03/09/2023,15:09,0,57,0,39.89,18.51,0.41,0
03/09/2023,16:09,0,80,0,28.61,19.53,0.41,0
03/09/2023,17:09,0,43,0,16.81,19.92,0.69,0
03/09/2023,18:09,15,26.95,0,4.9,19.69,0.76,0
03/09/2023,19:09,0,0,0,0,16.74,0.62,0
03/09/2023,20:09,0,0,0,0,16.15,0.48,0
03/09/2023,21:09,0,0,0,0,15.96,0.41,0
03/09/2023,22:09,0,0,0,0,16.1,0.41,0
03/09/2023,23:09,0,0,0,0,15.99,0.41,0
04/09/2023,00:09,0,0,0,0,16.22,0.69,0
04/09/2023,01:09,0,0,0,0,16.37,0.62,0
04/09/2023,02:09,0,0,0,0,16.58,0.55,0
04/09/2023,03:09,0,0,0,0,16.69,0.83,0
04/09/2023,04:09,0,0,0,0,16.45,1.17,0
04/09/2023,05:09,0,0,0,0,16.25,1.17,0
04/09/2023,06:09,0,22,0,4.19,16.05,1.45,0
04/09/2023,07:09,21,116,0,16.1,16.48,1.52,0
04/09/2023,08:09,70,218,0,27.9,17.12,1.86,0
04/09/2023,09:09,487,133,0,39.19,18.97,1.72,0
04/09/2023,10:09,692.01,109,0,49.29,20.68,1.59,0
04/09/2023,11:09,745.01,135,0,56.9,22.4,1.38,0
04/09/2023,12:09,758.01,147,0,59.94,23.67,1.31,0
04/09/2023,13:09,105,423,0,57.1,24.28,1.17,0
04/09/2023,14:09,52,365,0,49.61,24.85,0.97,0
04/09/2023,15:09,75,311,0,39.57,24.76,0.55,0
04/09/2023,16:09,23,209,0,28.31,24.33,0.21,0
04/09/2023,17:09,119,102,0,16.52,23.63,0.48,0
04/09/2023,18:09,14,25.24,0,4.61,22.51,0.83,0
04/09/2023,19:09,0,0,0,0,21.1,0.9,0
04/09/2023,20:09,0,0,0,0,19.27,0.83,0
04/09/2023,21:09,0,0,0,0,17.98,0.76,0
04/09/2023,22:09,0,0,0,0,17.91,0.69,0
04/09/2023,23:09,0,0,0,0,17.27,0.62,0
05/09/2023,00:09,0,0,0,0,16.77,0.41,0
05/09/2023,01:09,0,0,0,0,16.18,0.48,0
05/09/2023,02:09,0,0,0,0,15.58,0.69,0
05/09/2023,03:09,0,0,0,0,15.44,0.83,0
05/09/2023,04:09,0,0,0,0,15.67,0.97,0
05/09/2023,05:09,0,0,0,0,15.71,1.03,0
05/09/2023,06:09,0,15,0,4.04,15.54,1.38,0
05/09/2023,07:09,161,75,0,15.95,15.89,1.17,0
05/09/2023,08:09,332,108,0,27.74,19.29,0.97,0
05/09/2023,09:09,486,136,0,39,21.38,1.31,0
05/09/2023,10:09,613.01,154,0,49.05,23.08,1.45,0
05/09/2023,11:09,674.01,178,0,56.59,24.51,1.31,0
05/09/2023,12:09,691.01,190,0,59.58,25.57,0.55,0
05/09/2023,13:09,501.01,284,0,56.72,26.38,0.41,0
05/09/2023,14:09,628.01,148,0,49.27,26.51,0.48,0
05/09/2023,15:09,99,312,0,39.26,26.08,0.69,0
05/09/2023,16:09,112,217,0,28.01,25.73,0.62,0
05/09/2023,17:09,110,104,0,16.23,24.62,0.55,0
05/09/2023,18:09,0,8,0,4.31,23.37,0.62,0
05/09/2023,19:09,0,0,0,0,22.6,0.69,0
05/09/2023,20:09,0,0,0,0,21.32,0.69,0
05/09/2023,21:09,0,0,0,0,20.15,0.62,0
05/09/2023,22:09,0,0,0,0,19.3,0.55,0
05/09/2023,23:09,0,0,0,0,18.83,0.62,0
06/09/2023,00:09,0,0,0,0,18.44,0.48,0
06/09/2023,01:09,0,0,0,0,17.78,0.76,0
06/09/2023,02:09,0,0,0,0,17.3,1.03,0
06/09/2023,03:09,0,0,0,0,16.96,1.31,0
06/09/2023,04:09,0,0,0,0,16.54,1.38,0
06/09/2023,05:09,0,0,0,0,16.4,1.1,0
06/09/2023,06:09,0,19,0,3.88,16.34,0.83,0
06/09/2023,07:09,160,73,0,15.8,17.41,0.9,0
06/09/2023,08:09,327,108,0,27.57,19.26,1.03,0
06/09/2023,09:09,420,172,0,38.81,20.91,1.59,0
06/09/2023,10:09,460,242,0,48.81,22.64,1.66,0
06/09/2023,11:09,442,310,0,56.28,24.23,1.79,0
06/09/2023,12:09,245,416,0,59.21,25.25,1.79,0
06/09/2023,13:09,351,356,0,56.35,26.01,1.38,0
06/09/2023,14:09,533.01,202,0,48.92,26.42,1.17,0
06/09/2023,15:09,485,136,0,38.94,26.48,1.17,0
06/09/2023,16:09,347,102,0,27.71,25.94,1.38,0
06/09/2023,17:09,85,111,0,15.94,24.64,1.38,0
06/09/2023,18:09,10,22.35,0,4.02,23.12,1.24,0
06/09/2023,19:09,0,0,0,0,21.73,1.17,0
06/09/2023,20:09,0,0,0,0,20.61,1.1,0
06/09/2023,21:09,0,0,0,0,20,0.97,0
06/09/2023,22:09,0,0,0,0,19.19,0.9,0
06/09/2023,23:09,0,0,0,0,18.42,0.9,0
07/09/2023,00:09,0,0,0,0,17.93,1.03,0
07/09/2023,01:09,0,0,0,0,17.63,1.24,0
07/09/2023,02:09,0,0,0,0,17.35,1.45,0
07/09/2023,03:09,0,0,0,0,16.95,1.38,0
07/09/2023,04:09,0,0,0,0,16.5,0.97,0
07/09/2023,05:09,0,0,0,0,16.49,0.48,0
07/09/2023,06:09,0,4,0,3.73,16.41,0.21,0
07/09/2023,07:09,1,84,0,15.64,17.31,0.21,0
07/09/2023,08:09,93,211,0,27.41,18.77,0.34,0
07/09/2023,09:09,396,180,0,38.62,20.69,0.55,0
07/09/2023,10:09,572.01,169,0,48.57,22.67,0.69,0
07/09/2023,11:09,681.01,162,0,55.97,24.29,0.55,0
07/09/2023,12:09,528.01,276,0,58.83,25.36,0.62,0
07/09/2023,13:09,669.01,171,0,55.97,25.95,0.9,0
07/09/2023,14:09,597.01,155,0,48.57,26.4,1.03,0
07/09/2023,15:09,473,136,0,38.61,26.54,0.9,0
07/09/2023,16:09,226,162,0,27.41,26.23,0.83,0
07/09/2023,17:09,140,81,0,15.64,25.45,0.76,0
07/09/2023,18:09,6,21.42,0,3.72,23.59,0.69,0
07/09/2023,19:09,0,0,0,0,22.85,0.62,0
07/09/2023,20:09,0,0,0,0,21.81,0.69,0
07/09/2023,21:09,0,0,0,0,20.82,0.76,0
07/09/2023,22:09,0,0,0,0,19.87,0.9,0
07/09/2023,23:09,0,0,0,0,19.03,0.9,0
08/09/2023,00:09,0,0,0,0,18.55,1.1,0
08/09/2023,01:09,0,0,0,0,18.24,1.31,0
08/09/2023,02:09,0,0,0,0,17.95,1.52,0
08/09/2023,03:09,0,0,0,0,17.27,1.59,0
08/09/2023,04:09,0,0,0,0,16.6,1.31,0
08/09/2023,05:09,0,0,0,0,16,0.97,0
08/09/2023,06:09,0,20,0,3.57,15.65,0.62,0
08/09/2023,07:09,154,73,0,15.49,17.09,0.41,0
08/09/2023,08:09,307,114,0,27.24,19.13,0.48,0
08/09/2023,09:09,513.01,115,0,38.42,21.71,0.69,0
08/09/2023,10:09,608.01,148,0,48.32,23.83,1.31,0
08/09/2023,11:09,646.01,186,0,55.65,25.57,1.52,0
08/09/2023,12:09,648.01,206,0,58.46,26.8,1.45,0
08/09/2023,13:09,685.01,161,0,55.58,27.83,1.45,0
08/09/2023,14:09,599.01,154,0,48.21,28.23,1.52,0
08/09/2023,15:09,487,129,0,38.29,27.59,1.45,0
08/09/2023,16:09,335,102,0,27.1,26.69,1.38,0
08/09/2023,17:09,131,84,0,15.34,25.83,1.17,0
08/09/2023,18:09,11,17.27,0,3.43,24.44,0.97,0
08/09/2023,19:09,0,0,0,0,22.77,0.9,0
08/09/2023,20:09,0,0,0,0,21.19,0.9,0
08/09/2023,21:09,0,0,0,0,19.96,0.83,0
08/09/2023,22:09,0,0,0,0,18.87,0.83,0
08/09/2023,23:09,0,0,0,0,18.07,0.9,0
09/09/2023,00:09,0,0,0,0,17.48,0.83,0
09/09/2023,01:09,0,0,0,0,17.19,0.9,0
09/09/2023,02:09,0,0,0,0,16.76,0.97,0
09/09/2023,03:09,0,0,0,0,16.15,1.17,0
09/09/2023,04:09,0,0,0,0,15.73,1.17,0
09/09/2023,05:09,0,0,0,0,15.51,1.24,0
09/09/2023,06:09,0,19,0,3.42,15.44,1.17,0
09/09/2023,07:09,127,83,0,15.33,17.49,1.1,0
09/09/2023,08:09,292,120,0,27.07,20,1.45,0
09/09/2023,09:09,468,135,0,38.22,22.28,0.55,0
09/09/2023,10:09,581.01,161,0,48.07,24.07,0.34,0
09/09/2023,11:09,652.01,178,0,55.33,25.74,0.48,0
09/09/2023,12:09,571.01,248,0,58.08,26.86,0.69,0
09/09/2023,13:09,665.01,170,0,55.2,27.48,0.69,0
09/09/2023,14:09,592.01,153,0,47.86,26.59,0.62,0
09/09/2023,15:09,442,150,0,37.96,24.49,0.62,0
09/09/2023,16:09,319,106,0,26.79,24.71,0.69,0
09/09/2023,17:09,150,72,0,15.04,24.24,0.76,0
09/09/2023,18:09,4,17.02,0,3.13,23.33,0.83,0
09/09/2023,19:09,0,0,0,0,22.93,0.83,0
09/09/2023,20:09,0,0,0,0,21.39,0.97,0
09/09/2023,21:09,0,0,0,0,20.47,1.03,0
09/09/2023,22:09,0,0,0,0,19.95,1.1,0
09/09/2023,23:09,0,0,0,0,19.17,1.1,0
10/09/2023,00:09,0,0,0,0,18.3,0.62,0
10/09/2023,01:09,0,0,0,0,17.65,0.69,0
10/09/2023,02:09,0,0,0,0,16.97,0.97,0
10/09/2023,03:09,0,0,0,0,15.62,1.38,0
10/09/2023,04:09,0,0,0,0,14.66,1.45,0
10/09/2023,05:09,0,0,0,0,14.05,1.38,0
10/09/2023,06:09,0,18,0,3.26,13.83,1.38,0
10/09/2023,07:09,97,96,0,15.18,17.06,1.31,0
10/09/2023,08:09,343,95,0,26.9,20.13,1.24,0
10/09/2023,09:09,428,160,0,38.02,22.2,1.03,0
10/09/2023,10:09,551.01,181,0,47.82,23.65,1.1,0
10/09/2023,11:09,669.01,169,0,55.01,24.51,1.31,0
10/09/2023,12:09,562.01,255,0,57.7,26.03,0.69,0
10/09/2023,13:09,668.01,169,0,54.82,27.02,0.69,0
10/09/2023,14:09,441,245,0,47.5,27.56,0.76,0
10/09/2023,15:09,526.01,105,0,37.63,24.86,1.24,0
10/09/2023,16:09,297,116,0,26.48,24.24,0.9,0
10/09/2023,17:09,121,83,0,14.74,23.44,0.83,0
10/09/2023,18:09,3,15.28,0,2.82,21.9,0.76,0
10/09/2023,19:09,0,0,0,0,22.55,0.69,0
10/09/2023,20:09,0,0,0,0,21.03,0.69,0
10/09/2023,21:09,0,0,0,0,20.07,0.69,0
10/09/2023,22:09,0,0,0,0,18.43,0.62,0
10/09/2023,23:09,0,0,0,0,18,0.55,0
11/09/2023,00:09,0,0,0,0,17.82,0.28,0
11/09/2023,01:09,0,0,0,0,17.56,0.34,0
11/09/2023,02:09,0,0,0,0,17.1,0.41,0
11/09/2023,03:09,0,0,0,0,16.73,0.62,0
11/09/2023,04:09,0,0,0,0,16.35,1.31,0
11/09/2023,05:09,0,0,0,0,16.1,1.79,0
11/09/2023,06:09,0,17,0,3.11,15.94,2.41,0
11/09/2023,07:09,150,71,0,15.02,16.62,2.69,0
11/09/2023,08:09,293,118,0,26.73,18.36,2.69,0
11/09/2023,09:09,452,144,0,37.82,20.11,2.55,0
11/09/2023,10:09,571.01,167,0,47.57,22.17,2.21,0
11/09/2023,11:09,583.01,220,0,54.69,24.08,1.45,0
11/09/2023,12:09,620.01,218,0,57.32,24.94,1.38,0
11/09/2023,13:09,386,329,0,54.43,25.81,1.03,0
11/09/2023,14:09,200,353,0,47.14,25.9,0.83,0
11/09/2023,15:09,178,281,0,37.3,25.49,0.69,0
11/09/2023,16:09,0,78,0,26.17,24.93,0.83,0
11/09/2023,17:09,49,108,0,14.44,24.22,0.97,0
11/09/2023,18:09,3,12.34,0,2.52,23.08,0.97,0
11/09/2023,19:09,0,0,0,0,21.55,1.03,0
11/09/2023,20:09,0,0,0,0,19.9,1.03,0
11/09/2023,21:09,0,0,0,0,19,1.03,0
11/09/2023,22:09,0,0,0,0,18.67,0.9,0
11/09/2023,23:09,0,0,0,0,17.51,0.83,0
12/09/2023,00:09,0,0,0,0,16.65,0.48,0
12/09/2023,01:09,0,0,0,0,16.1,0.55,0
12/09/2023,02:09,0,0,0,0,15.52,0.28,0
12/09/2023,03:09,0,0,0,0,15.15,0.62,0
12/09/2023,04:09,0,0,0,0,14.87,0.97,0
12/09/2023,05:09,0,0,0,0,14.73,1.31,0
12/09/2023,06:09,0,15,0,2.95,14.72,1.72,0
12/09/2023,07:09,126,80,0,14.86,16.06,2.14,0
12/09/2023,08:09,299,114,0,26.56,18.29,2.07,0
12/09/2023,09:09,462,138,0,37.62,20.24,2,0
12/09/2023,10:09,572.01,167,0,47.31,22.24,1.86,0
12/09/2023,11:09,618.01,199,0,54.36,24.01,1.38,0
12/09/2023,12:09,620.01,219,0,56.94,25.48,0.97,0
12/09/2023,13:09,536.01,247,0,54.04,26.54,0.83,0
12/09/2023,14:09,377,276,0,46.77,26.95,0.76,0
12/09/2023,15:09,324,214,0,36.96,26.51,0.55,0
12/09/2023,16:09,130,193,0,25.85,25.05,0.34,0
12/09/2023,17:09,4,88,0,14.13,24.39,0.9,0
12/09/2023,18:09,0,6,0,2.22,23.19,0.9,0
12/09/2023,19:09,0,0,0,0,21.66,0.76,0
12/09/2023,20:09,0,0,0,0,20.25,0.83,0
12/09/2023,21:09,0,0,0,0,19.54,0.97,0
12/09/2023,22:09,0,0,0,0,19.4,0.83,0
12/09/2023,23:09,0,0,0,0,18.63,0.83,0
13/09/2023,00:09,0,0,0,0,17.36,0.9,0
13/09/2023,01:09,0,0,0,0,16.56,1.24,0
13/09/2023,02:09,0,0,0,0,16.48,1.24,0
13/09/2023,03:09,0,0,0,0,15.75,1.17,0
13/09/2023,04:09,0,0,0,0,15.16,1.03,0
13/09/2023,05:09,0,0,0,0,14.81,1.03,0
13/09/2023,06:09,0,14,0,2.79,14.57,1.1,0
13/09/2023,07:09,118,82,0,14.7,15.29,1.45,0
13/09/2023,08:09,283,121,0,26.39,18.15,1.59,0
13/09/2023,09:09,465.01,133,0,37.41,20.5,1.52,0
13/09/2023,10:09,556.01,173,0,47.05,22.41,1.17,0
13/09/2023,11:09,30,373,0,54.04,23.86,1.1,0
13/09/2023,12:09,259,399,0,56.56,25.07,1.52,0
13/09/2023,13:09,322,355,0,53.65,25.61,1.59,0
13/09/2023,14:09,540.01,179,0,46.41,25.79,1.72,0
13/09/2023,15:09,415,158,0,36.63,21.99,1.79,0
13/09/2023,16:09,264,125,0,25.54,20.54,1.38,0
13/09/2023,17:09,106,82,0,13.83,20.65,1.17,0
13/09/2023,18:09,0,9,0,1.91,20.44,1.03,0
13/09/2023,19:09,0,0,0,0,19.75,1.03,0
13/09/2023,20:09,0,0,0,0,18.76,1.03,0
13/09/2023,21:09,0,0,0,0,18.1,1.03,0
13/09/2023,22:09,0,0,0,0,17.56,1.03,0
13/09/2023,23:09,0,0,0,0,17.04,0.97,0
14/09/2023,00:09,0,0,0,0,16.66,1.45,0
14/09/2023,01:09,0,0,0,0,16.35,1.93,0
14/09/2023,02:09,0,0,0,0,15.9,2.28,0
14/09/2023,03:09,0,0,0,0,15.49,2.62,0
14/09/2023,04:09,0,0,0,0,15.04,2.62,0
14/09/2023,05:09,0,0,0,0,14.74,2.48,0
14/09/2023,06:09,0,12,0,2.64,14.59,2.48,0
14/09/2023,07:09,81,96,0,14.54,16.23,2.62,0
14/09/2023,08:09,272,124,0,26.21,17.96,2.41,0
14/09/2023,09:09,88,295,0,37.2,20.2,1.93,0
14/09/2023,10:09,607.01,138,0,46.79,22.25,2.28,0
14/09/2023,11:09,464.01,280,0,53.71,23.88,1.72,0
14/09/2023,12:09,606.01,217,0,56.17,24.87,2.28,0
14/09/2023,13:09,701.01,138,0,53.26,25.34,2.34,0
14/09/2023,14:09,374,268,0,46.05,25.05,2.28,0
14/09/2023,15:09,27,267,0,36.29,24.04,2,0
14/09/2023,16:09,0,42,0,25.22,23.55,1.79,0
14/09/2023,17:09,0,37,0,13.52,22.46,1.72,0
14/09/2023,18:09,0,7,0,1.61,20.75,1.79,0
14/09/2023,19:09,0,0,0,0,20.05,1.59,0
14/09/2023,20:09,0,0,0,0,19,0.69,0
14/09/2023,21:09,0,0,0,0,18.18,0,0
14/09/2023,22:09,0,0,0,0,17.6,0.97,0
14/09/2023,23:09,0,0,0,0,17.07,1.1,0
15/09/2023,00:09,0,0,0,0,16.9,0.97,0
15/09/2023,01:09,0,0,0,0,16.76,1.03,0
15/09/2023,02:09,0,0,0,0,16.58,1.24,0
15/09/2023,03:09,0,0,0,0,16.48,1.45,0
15/09/2023,04:09,0,0,0,0,16.12,1.45,0
15/09/2023,05:09,0,0,0,0,15.72,1.79,0
15/09/2023,06:09,0,12,0,2.48,15.29,2.41,0
15/09/2023,07:09,125,75,0,14.38,16.12,1.31,0
15/09/2023,08:09,307,104,0,26.03,18.21,0.76,0
15/09/2023,09:09,467.01,128,0,36.99,20.68,0.07,0
15/09/2023,10:09,578.01,152,0,46.53,22.35,1.1,0
15/09/2023,11:09,62,394,0,53.38,23.79,0.62,0
15/09/2023,12:09,47,397,0,55.79,24.5,0.97,0
15/09/2023,13:09,0,104,0,52.87,20.88,1.03,0
15/09/2023,14:09,0,86,0,45.68,20.45,1.38,0
15/09/2023,15:09,297,216,0,35.95,20.86,1.38,0
15/09/2023,16:09,0,75,0,24.9,20.88,1.38,0
15/09/2023,17:09,125,67,0,13.21,19.33,1.31,0
15/09/2023,18:09,0,6,0,1.3,18.43,1.38,0
15/09/2023,19:09,0,0,0,0,18.8,1.31,0
15/09/2023,20:09,0,0,0,0,17.68,1.24,0
15/09/2023,21:09,0,0,0,0,16.47,1.24,0
15/09/2023,22:09,0,0,0,0,16.01,1.24,0
15/09/2023,23:09,0,0,0,0,15.41,1.24,0
16/09/2023,00:09,0,0,0,0,14.91,1.1,0
16/09/2023,01:09,0,0,0,0,14.68,1.17,0
16/09/2023,02:09,0,0,0,0,14.15,1.31,0
16/09/2023,03:09,0,0,0,0,13.82,1.38,0
16/09/2023,04:09,0,0,0,0,13.38,1.24,0
16/09/2023,05:09,0,0,0,0,12.97,1.59,0
16/09/2023,06:09,0,9,0,2.32,12.77,2.14,0
16/09/2023,07:09,140,68,0,14.22,14.58,2.41,0
16/09/2023,08:09,329,93,0,25.85,16.75,2.41,0
16/09/2023,09:09,424,153,0,36.78,18.88,2.21,0
16/09/2023,10:09,252,329,0,46.26,20.59,1.52,0
16/09/2023,11:09,641.01,175,0,53.04,22.25,0.97,0
16/09/2023,12:09,705.01,154,0,55.4,23.79,0.28,0
16/09/2023,13:09,333,343,0,52.47,24.6,0.48,0
16/09/2023,14:09,248,324,0,45.31,24.78,0.83,0
16/09/2023,15:09,374,172,0,35.61,24.59,1.17,0
16/09/2023,16:09,229,135,0,24.58,24.14,1.31,0
16/09/2023,17:09,98,76,0,12.9,23.39,1.31,0
16/09/2023,18:09,0,0,0,0,22.35,1.17,0
16/09/2023,19:09,0,0,0,0,21.33,1.1,0
16/09/2023,20:09,0,0,0,0,20.3,1.03,0
16/09/2023,21:09,0,0,0,0,18.72,0.97,0
16/09/2023,22:09,0,0,0,0,17.25,0.97,0
16/09/2023,23:09,0,0,0,0,16.47,0.97,0
17/09/2023,00:09,0,0,0,0,15.74,1.17,0
17/09/2023,01:09,0,0,0,0,15.37,1.24,0
17/09/2023,02:09,0,0,0,0,15.23,1.38,0
17/09/2023,03:09,0,0,0,0,14.94,1.79,0
17/09/2023,04:09,0,0,0,0,14.67,2.14,0
17/09/2023,05:09,0,0,0,0,14.52,2.48,0
17/09/2023,06:09,0,3,0,2.16,14.36,2.97,0
17/09/2023,07:09,65,98,0,14.06,15.28,3.31,0
17/09/2023,08:09,175,170,0,25.67,17.09,3.93,0
17/09/2023,09:09,234,250,0,36.56,19.08,3.24,0
17/09/2023,10:09,223,335,0,46,21.09,2.69,0
17/09/2023,11:09,174,396,0,52.71,22.46,1.59,0
17/09/2023,12:09,134,416,0,55.01,22.75,1.31,0
17/09/2023,13:09,4,295,0,52.08,24.06,0.76,0
17/09/2023,14:09,34,329,0,44.94,22.62,0.21,0
17/09/2023,15:09,99,282,0,35.27,23.25,0.34,0
17/09/2023,16:09,66,192,0,24.26,22.82,0.69,0
17/09/2023,17:09,19,92,0,12.59,22.03,0.76,0
17/09/2023,18:09,0,0,0,0,20.69,0.83,0
17/09/2023,19:09,0,0,0,0,18.01,0.69,0
17/09/2023,20:09,0,0,0,0,17.2,0.41,0
17/09/2023,21:09,0,0,0,0,16.56,0.21,0
17/09/2023,22:09,0,0,0,0,15.92,0.28,0
17/09/2023,23:09,0,0,0,0,15.13,0.34,0
18/09/2023,00:09,0,0,0,0,14.59,0.28,0
18/09/2023,01:09,0,0,0,0,13.77,0.48,0
18/09/2023,02:09,0,0,0,0,13.43,0.41,0
18/09/2023,03:09,0,0,0,0,13.51,0.76,0
18/09/2023,04:09,0,0,0,0,13.53,1.59,0
18/09/2023,05:09,0,0,0,0,13.35,2.41,0
18/09/2023,06:09,0,7,0,2,13.28,2.48,0
18/09/2023,07:09,55,100,0,13.89,14.25,2.48,0
18/09/2023,08:09,262,125,0,25.49,15.47,2.55,0
18/09/2023,09:09,444.01,136,0,36.35,17.02,2.41,0
18/09/2023,10:09,601.01,137,0,45.73,18.68,2.14,0
18/09/2023,11:09,634.01,174,0,52.37,20.46,1.52,0
18/09/2023,12:09,610.01,208,0,54.62,22.06,1.79,0
18/09/2023,13:09,313,347,0,51.69,23.1,1.24,0
18/09/2023,14:09,174,344,0,44.57,23.63,0.9,0
18/09/2023,15:09,387,158,0,34.93,23.75,0.48,0
18/09/2023,16:09,244,120,0,23.94,23.22,0.14,0
18/09/2023,17:09,29,91,0,12.28,22.37,0.34,0
18/09/2023,18:09,0,0,0,0,20.97,0.48,0
18/09/2023,19:09,0,0,0,0,18.62,0.62,0
18/09/2023,20:09,0,0,0,0,17.26,0.69,0
18/09/2023,21:09,0,0,0,0,16.21,0.9,0
18/09/2023,22:09,0,0,0,0,16.23,1.03,0
18/09/2023,23:09,0,0,0,0,15.87,0.97,0
19/09/2023,00:09,0,0,0,0,15.54,0.62,0
19/09/2023,01:09,0,0,0,0,15.2,0.62,0
19/09/2023,02:09,0,0,0,0,14.81,0.48,0
19/09/2023,03:09,0,0,0,0,14.34,0.48,0
19/09/2023,04:09,0,0,0,0,13.28,0.76,0
19/09/2023,05:09,0,0,0,0,12.54,1.17,0
19/09/2023,06:09,0,8,0,1.84,12.39,1.1,0
19/09/2023,07:09,35,102,0,13.73,13.98,1.86,0
19/09/2023,08:09,324,92,0,25.31,16.54,1.79,0
19/09/2023,09:09,453.01,131,0,36.13,18.67,0.76,0
19/09/2023,10:09,13,303,0,45.45,20.27,0.83,0
19/09/2023,11:09,431.01,294,0,52.03,21.69,0.55,0
19/09/2023,12:09,419.01,317,0,54.23,22.98,0.69,0
19/09/2023,13:09,398,306,0,51.29,23.67,0.41,0
19/09/2023,14:09,7,279,0,44.2,23.26,0.48,0
19/09/2023,15:09,11,235,0,34.59,21.46,0.76,0
19/09/2023,16:09,257,111,0,23.61,21.29,0.9,0
19/09/2023,17:09,113,61,0,11.97,20.33,0.97,0
19/09/2023,18:09,0,0,0,0,19.3,1.03,0
19/09/2023,19:09,0,0,0,0,17.87,1.03,0
19/09/2023,20:09,0,0,0,0,17.23,1.1,0
19/09/2023,21:09,0,0,0,0,16.38,1.03,0
19/09/2023,22:09,0,0,0,0,15.62,1.03,0
19/09/2023,23:09,0,0,0,0,14.3,0.97,0
20/09/2023,00:09,0,0,0,0,13.59,0.41,0
20/09/2023,01:09,0,0,0,0,12.97,0.28,0
20/09/2023,02:09,0,0,0,0,11.95,0.55,0
20/09/2023,03:09,0,0,0,0,11.89,0.62,0
20/09/2023,04:09,0,0,0,0,11.81,0.55,0
20/09/2023,05:09,0,0,0,0,11.69,0.41,0
20/09/2023,06:09,0,6,0,1.68,11.76,0.76,0
20/09/2023,07:09,108,77,0,13.56,12.85,1.45,0
20/09/2023,08:09,277,114,0,25.12,15.27,2.14,0
20/09/2023,09:09,444.01,135,0,35.91,17.27,2.69,0
20/09/2023,10:09,543.01,170,0,45.18,18.98,2.83,0
20/09/2023,11:09,598.01,196,0,51.69,20.51,2.21,0
20/09/2023,12:09,599.01,213,0,53.84,21.86,1.72,0
20/09/2023,13:09,626.01,172,0,50.89,22.96,1.1,0
20/09/2023,14:09,528.01,168,0,43.83,23.74,0.69,0
20/09/2023,15:09,423.01,132,0,34.24,23.92,0.69,0
20/09/2023,16:09,259,106,0,23.29,23.4,0.9,0
20/09/2023,17:09,81,72,0,11.65,22.22,1.03,0
20/09/2023,18:09,0,0,0,0,20.66,1.1,0
20/09/2023,19:09,0,0,0,0,19.13,1.1,0
20/09/2023,20:09,0,0,0,0,17.49,1.17,0
20/09/2023,21:09,0,0,0,0,17.27,1.17,0
20/09/2023,22:09,0,0,0,0,16.7,1.17,0
20/09/2023,23:09,0,0,0,0,15.61,1.24,0
21/09/2023,00:09,0,0,0,0,14.43,1.03,0
21/09/2023,01:09,0,0,0,0,13.64,1.66,0
21/09/2023,02:09,0,0,0,0,13,2.41,0
21/09/2023,03:09,0,0,0,0,12.33,2.83,0
21/09/2023,04:09,0,0,0,0,11.89,3.1,0
21/09/2023,05:09,0,0,0,0,11.61,3.38,0
21/09/2023,06:09,0,4,0,1.52,11.05,3.59,0
21/09/2023,07:09,127,67,0,13.39,11.98,3.66,0
21/09/2023,08:09,224,143,0,24.93,15.43,3.72,0
21/09/2023,09:09,375,176,0,35.68,17.71,3.66,0
21/09/2023,10:09,524.01,182,0,44.9,19.56,3.31,0
21/09/2023,11:09,567.01,215,0,51.35,21.27,2.48,0
21/09/2023,12:09,532.01,253,0,53.45,22.57,2,0
21/09/2023,13:09,592.01,193,0,50.5,23.28,1.79,0
21/09/2023,14:09,529.01,166,0,43.46,23.36,1.66,0
21/09/2023,15:09,391,150,0,33.9,22.8,1.72,0
21/09/2023,16:09,225,124,0,22.97,21.71,1.72,0
21/09/2023,17:09,47,83,0,11.34,20.3,1.72,0
21/09/2023,18:09,0,0,0,0,18.83,1.59,0
21/09/2023,19:09,0,0,0,0,18.33,1.45,0
21/09/2023,20:09,0,0,0,0,17.3,1.45,0
21/09/2023,21:09,0,0,0,0,16.65,1.52,0
21/09/2023,22:09,0,0,0,0,16.26,1.59,0
21/09/2023,23:09,0,0,0,0,16.1,1.52,0
22/09/2023,00:09,0,0,0,0,15.72,1.66,0
22/09/2023,01:09,0,0,0,0,15.32,1.93,0
22/09/2023,02:09,0,0,0,0,15.03,2.21,0
22/09/2023,03:09,0,0,0,0,14.8,2.21,0
22/09/2023,04:09,0,0,0,0,14.63,2.07,0
22/09/2023,05:09,0,0,0,0,14.49,2.07,0
22/09/2023,06:09,0,0,0,0,14.21,2.21,0
22/09/2023,07:09,93,80,0,13.22,14.5,2.34,0
22/09/2023,08:09,191,155,0,24.74,14.71,2.41,0
22/09/2023,09:09,151,275,0,35.46,15.68,2.41,0
22/09/2023,10:09,446.01,220,0,44.62,16.7,2.28,0
22/09/2023,11:09,575.01,202,0,51.01,18.22,1.72,0
22/09/2023,12:09,646.01,176,0,53.06,19.87,1.59,0
22/09/2023,13:09,612.01,172,0,50.1,21.07,1.17,0
22/09/2023,14:09,545.01,148,0,43.09,21.76,0.55,0
22/09/2023,15:09,371,155,0,33.55,21.76,0.14,0
22/09/2023,16:09,232,114,0,22.64,21.13,0.28,0
22/09/2023,17:09,77,67,0,11.03,19.87,0.48,0
22/09/2023,18:09,0,0,0,0,18.2,0.83,0
22/09/2023,19:09,0,0,0,0,16.31,0.83,0
22/09/2023,20:09,0,0,0,0,14.93,0.83,0
22/09/2023,21:09,0,0,0,0,14.89,0.83,0
22/09/2023,22:09,0,0,0,0,14.44,0.9,0
22/09/2023,23:09,0,0,0,0,13.94,0.83,0
23/09/2023,00:09,0,0,0,0,13.53,0.69,0
23/09/2023,01:09,0,0,0,0,13.18,1.17,0
23/09/2023,02:09,0,0,0,0,12.81,1.45,0
23/09/2023,03:09,0,0,0,0,12.41,1.38,0
23/09/2023,04:09,0,0,0,0,12.08,1.17,0
23/09/2023,05:09,0,0,0,0,11.72,1.03,0
23/09/2023,06:09,0,0,0,0,11.7,0.9,0
23/09/2023,07:09,101,76,0,13.05,11.75,0.83,0
23/09/2023,08:09,264,118,0,24.55,14.35,0.83,0
23/09/2023,09:09,409.01,153,0,35.23,16.7,0.97,0
23/09/2023,10:09,520.01,181,0,44.34,18.76,1.24,0
23/09/2023,11:09,562.01,214,0,50.66,20.56,1.31,0
23/09/2023,12:09,538.01,246,0,52.67,21.95,1.17,0
23/09/2023,13:09,621.01,170,0,49.7,22.96,1.24,0
23/09/2023,14:09,552.01,147,0,42.71,23.58,1.31,0
23/09/2023,15:09,391.01,144,0,33.21,23.79,1.38,0
23/09/2023,16:09,235,112,0,22.32,23.48,1.38,0
23/09/2023,17:09,56,74,0,10.72,22.58,1.31,0
23/09/2023,18:09,0,0,0,0,20.95,1.24,0
23/09/2023,19:09,0,0,0,0,19.44,1.17,0
23/09/2023,20:09,0,0,0,0,17.38,1.17,0
23/09/2023,21:09,0,0,0,0,15.6,1.24,0
23/09/2023,22:09,0,0,0,0,14.39,1.24,0
23/09/2023,23:09,0,0,0,0,13.47,1.31,0
24/09/2023,00:09,0,0,0,0,12.85,1.24,0
24/09/2023,01:09,0,0,0,0,12.39,1.66,0
24/09/2023,02:09,0,0,0,0,11.88,2.14,0
24/09/2023,03:09,0,0,0,0,11.52,2.34,0
24/09/2023,04:09,0,0,0,0,11.11,2.28,0
24/09/2023,05:09,0,0,0,0,10.95,2.07,0
24/09/2023,06:09,0,0,0,0,10.84,1.86,0
24/09/2023,07:09,97,76,0,12.88,11.51,1.79,0
24/09/2023,08:09,256,120,0,24.36,14.92,1.79,0
24/09/2023,09:09,413.01,148,0,35,17.66,1.86,0
24/09/2023,10:09,497.01,192,0,44.06,20.52,1.93,0
24/09/2023,11:09,547.01,220,0,50.31,22.78,1.59,0
24/09/2023,12:09,513.01,257,0,52.28,24.39,1.31,0
24/09/2023,13:09,616.01,170,0,49.31,25.48,1.17,0
24/09/2023,14:09,537.01,152,0,42.34,26.06,1.1,0
24/09/2023,15:09,394.01,138,0,32.87,26.08,1.03,0
24/09/2023,16:09,226,113,0,22,25.51,0.97,0
24/09/2023,17:09,53,72,0,10.41,24.21,0.97,0
24/09/2023,18:09,0,0,0,0,22.24,0.97,0
24/09/2023,19:09,0,0,0,0,20.79,0.97,0
24/09/2023,20:09,0,0,0,0,18.62,0.97,0
24/09/2023,21:09,0,0,0,0,17.6,1.03,0
24/09/2023,22:09,0,0,0,0,17.03,1.1,0
24/09/2023,23:09,0,0,0,0,16.45,1.17,0
25/09/2023,00:09,0,0,0,0,15.72,1.03,0
25/09/2023,01:09,0,0,0,0,15.16,0.97,0
25/09/2023,02:09,0,0,0,0,14.83,1.66,0
25/09/2023,03:09,0,0,0,0,14.72,2,0
25/09/2023,04:09,0,0,0,0,14.58,2.07,0
25/09/2023,05:09,0,0,0,0,14.26,2,0
25/09/2023,06:09,0,0,0,0,13.84,1.86,0
25/09/2023,07:09,97,75,0,12.71,13.63,1.79,0
25/09/2023,08:09,248,123,0,24.17,17.97,1.79,0
25/09/2023,09:09,403.01,152,0,34.77,22.04,2.07,0
25/09/2023,10:09,513.01,180,0,43.78,24.28,2.21,0
25/09/2023,11:09,544.01,219,0,49.97,25.96,1.93,0
25/09/2023,12:09,510.01,256,0,51.88,27.1,1.52,0
25/09/2023,13:09,600.01,176,0,48.91,27.79,1.52,0
25/09/2023,14:09,532.01,152,0,41.97,28.03,1.45,0
25/09/2023,15:09,374.01,147,0,32.52,27.83,1.31,0
25/09/2023,16:09,222,112,0,21.67,27.03,1.17,0
25/09/2023,17:09,49,70,0,10.1,25.36,1.1,0
25/09/2023,18:09,0,0,0,0,23.09,1.03,0
25/09/2023,19:09,0,0,0,0,21.1,1.03,0
25/09/2023,20:09,0,0,0,0,19.11,0.97,0
25/09/2023,21:09,0,0,0,0,17.18,0.97,0
25/09/2023,22:09,0,0,0,0,15.95,1.1,0
25/09/2023,23:09,0,0,0,0,15.22,1.17,0
26/09/2023,00:09,0,0,0,0,14.67,0.9,0
26/09/2023,01:09,0,0,0,0,14.28,0.76,0
26/09/2023,02:09,0,0,0,0,13.85,1.17,0
26/09/2023,03:09,0,0,0,0,13.68,1.45,0
26/09/2023,04:09,0,0,0,0,13.16,1.66,0
26/09/2023,05:09,0,0,0,0,12.53,1.59,0
26/09/2023,06:09,0,0,0,0,11.85,1.45,0
26/09/2023,07:09,94,74,0,12.53,11.68,1.45,0
26/09/2023,08:09,251,119,0,23.97,16.74,1.38,0
26/09/2023,09:09,416.01,142,0,34.54,20.54,1.52,0
26/09/2023,10:09,510.01,180,0,43.49,23.06,1.66,0
26/09/2023,11:09,552.01,212,0,49.62,24.9,1.45,0
26/09/2023,12:09,528.01,243,0,51.49,26.14,1.52,0
26/09/2023,13:09,596.01,176,0,48.51,26.87,1.31,0
26/09/2023,14:09,528.01,151,0,41.59,27.16,1.31,0
26/09/2023,15:09,385.01,137,0,32.18,26.97,1.31,0
26/09/2023,16:09,226,106,0,21.35,26.36,1.24,0
26/09/2023,17:09,46,69,0,9.78,25.09,1.17,0
26/09/2023,18:09,0,0,0,0,23.07,1.1,0
26/09/2023,19:09,0,0,0,0,21.02,1.1,0
26/09/2023,20:09,0,0,0,0,19.22,1.1,0
26/09/2023,21:09,0,0,0,0,17.41,1.17,0
26/09/2023,22:09,0,0,0,0,16.2,1.17,0
26/09/2023,23:09,0,0,0,0,15.32,1.17,0
27/09/2023,00:09,0,0,0,0,14.76,1.03,0
27/09/2023,01:09,0,0,0,0,14.29,0.83,0
27/09/2023,02:09,0,0,0,0,13.12,0.83,0
27/09/2023,03:09,0,0,0,0,12.04,0.76,0
27/09/2023,04:09,0,0,0,0,11.37,0.97,0
27/09/2023,05:09,0,0,0,0,11.01,1.17,0
27/09/2023,06:09,0,0,0,0,10.79,1.45,0
27/09/2023,07:09,90,74,0,12.36,12.28,1.66,0
27/09/2023,08:09,249,118,0,23.77,17.25,1.72,0
27/09/2023,09:09,405.01,147,0,34.3,20.91,1.72,0
27/09/2023,10:09,507.01,179,0,43.2,23.28,1.45,0
27/09/2023,11:09,549.01,211,0,49.27,25.04,0.83,0
27/09/2023,12:09,525.01,242,0,51.1,26.24,0.48,0
27/09/2023,13:09,591.01,176,0,48.12,27.02,0.34,0
27/09/2023,14:09,523.01,151,0,41.22,27.37,0.62,0
27/09/2023,15:09,380.01,136,0,31.83,27.31,0.62,0
27/09/2023,16:09,218,107,0,21.03,26.84,0.62,0
27/09/2023,17:09,48,65,0,9.47,25.78,0.69,0
27/09/2023,18:09,0,0,0,0,24.31,0.76,0
27/09/2023,19:09,0,0,0,0,22.92,0.9,0
27/09/2023,20:09,0,0,0,0,21.89,0.9,0
27/09/2023,21:09,0,0,0,0,20.76,0.83,0
27/09/2023,22:09,0,0,0,0,19.76,0.62,0
27/09/2023,23:09,0,0,0,0,18.93,0.41,0
28/09/2023,00:09,0,0,0,0,18.31,0.62,0
28/09/2023,01:09,0,0,0,0,17.93,0.14,0
28/09/2023,02:09,0,0,0,0,17.55,0.97,0
28/09/2023,03:09,0,0,0,0,17.15,1.59,0
28/09/2023,04:09,0,0,0,0,16.93,1.93,0
28/09/2023,05:09,0,0,0,0,16.85,2,0
28/09/2023,06:09,0,0,0,0,16.9,2,0
28/09/2023,07:09,88,73,0,12.18,15.03,1.93,0
28/09/2023,08:09,243,118,0,23.57,18.42,1.86,0
28/09/2023,09:09,397.01,147,0,34.07,21.61,1.86,0
28/09/2023,10:09,499.01,178,0,42.91,24.02,1.79,0
28/09/2023,11:09,540.01,211,0,48.92,25.87,1.52,0
28/09/2023,12:09,538.01,228,0,50.71,27.16,1.17,0
28/09/2023,13:09,604.01,161,0,47.72,28.01,1.1,0
28/09/2023,14:09,532.01,139,0,40.85,28.29,1.1,0
28/09/2023,15:09,364.01,140,0,31.49,28.18,1.1,0
28/09/2023,16:09,239,92,0,20.7,27.68,1.03,0
28/09/2023,17:09,71,52,0,9.16,26.57,1.03,0
28/09/2023,18:09,0,0,0,0,24.81,0.97,0
28/09/2023,19:09,0,0,0,0,23.18,0.83,0
28/09/2023,20:09,0,0,0,0,21.21,0.76,0
28/09/2023,21:09,0,0,0,0,19.98,0.69,0
28/09/2023,22:09,0,0,0,0,19.14,0.69,0
28/09/2023,23:09,0,0,0,0,18.49,0.69,0
29/09/2023,00:09,0,0,0,0,17.98,0.9,0
29/09/2023,01:09,0,0,0,0,17.84,0.69,0
29/09/2023,02:09,0,0,0,0,17.64,1.79,0
29/09/2023,03:09,0,0,0,0,17.7,2.41,0
29/09/2023,04:09,0,0,0,0,17.84,2.76,0
29/09/2023,05:09,0,0,0,0,17.84,2.97,0
29/09/2023,06:09,0,0,0,0,17.72,3.1,0
29/09/2023,07:09,85,72,0,12,17.09,3.17,0
29/09/2023,08:09,242,115,0,23.37,19.77,3.1,0
29/09/2023,09:09,391.01,146,0,33.83,23.57,3.03,0
29/09/2023,10:09,491.01,178,0,42.62,25.52,2.83,0
29/09/2023,11:09,543.01,204,0,48.57,26.9,2.21,0
29/09/2023,12:09,530.01,227,0,50.31,27.93,1.93,0
29/09/2023,13:09,573.01,174,0,47.33,28.49,1.66,0
29/09/2023,14:09,504.01,150,0,40.48,28.62,1.52,0
29/09/2023,15:09,356.01,139,0,31.14,28.28,1.38,0
29/09/2023,16:09,199,108,0,20.38,27.47,1.31,0
29/09/2023,17:09,37,62,0,8.86,26.08,1.24,0
29/09/2023,18:09,0,0,0,0,24.18,1.17,0
29/09/2023,19:09,0,0,0,0,22.34,1.17,0
29/09/2023,20:09,0,0,0,0,20.67,1.17,0
29/09/2023,21:09,0,0,0,0,18.92,1.24,0
29/09/2023,22:09,0,0,0,0,17.6,1.24,0
29/09/2023,23:09,0,0,0,0,16.83,1.31,0
30/09/2023,00:09,0,0,0,0,16.36,1.17,0
30/09/2023,01:09,0,0,0,0,16.07,1.45,0
30/09/2023,02:09,0,0,0,0,15.63,2.28,0
30/09/2023,03:09,0,0,0,0,15.25,2.83,0
30/09/2023,04:09,0,0,0,0,14.93,3.03,0
30/09/2023,05:09,0,0,0,0,14.65,3.1,0
30/09/2023,06:09,0,0,0,0,14.29,3.24,0
30/09/2023,07:09,87,70,0,11.82,14.33,3.31,0
30/09/2023,08:09,236,120,0,23.17,18.61,3.31,0
30/09/2023,09:09,396.01,145,0,33.59,22.06,3.24,0
30/09/2023,10:09,498.01,177,0,42.33,24.28,2.9,0
30/09/2023,11:09,528.01,216,0,48.21,26.03,2.34,0
30/09/2023,12:09,474.01,262,0,49.92,27.25,2,0
30/09/2023,13:09,568.01,180,0,46.93,27.93,1.59,0
30/09/2023,14:09,500.01,154,0,40.11,28.11,1.38,0
30/09/2023,15:09,366.01,134,0,30.8,27.78,1.31,0
30/09/2023,16:09,197,108,0,20.06,26.87,1.38,0
30/09/2023,17:09,35,60,0,8.55,25.34,1.38,0
30/09/2023,18:09,0,0,0,0,23.3,1.38,0
30/09/2023,19:09,0,0,0,0,21.55,1.38,0
30/09/2023,20:09,0,0,0,0,19.66,1.45,0
30/09/2023,21:09,0,0,0,0,17.78,1.45,0
30/09/2023,22:09,0,0,0,0,16.8,1.45,0
30/09/2023,23:09,0,0,0,0,15.99,1.52,0
01/10/2023,00:09,0,0,0,0,15.4,1.38,0
01/10/2023,01:09,0,0,0,0,14.86,1.31,0
01/10/2023,02:09,0,0,0,0,14.31,2.07,0
01/10/2023,03:09,0,0,0,0,13.92,2.55,0
01/10/2023,04:09,0,0,0,0,13.5,2.55,0
01/10/2023,05:09,0,0,0,0,13.2,2.48,0
01/10/2023,06:09,0,0,0,0,12.83,2.41,0
01/10/2023,07:09,93,67,0,11.64,13.1,2.41,0
01/10/2023,08:09,243,117,0,22.96,17.81,2.55,0
01/10/2023,09:09,404.01,143,0,33.35,22.17,2.76,0
01/10/2023,10:09,497.01,181,0,42.03,24.6,2.69,0
01/10/2023,11:09,524.01,222,0,47.86,26.49,2.21,0
01/10/2023,12:09,521.01,239,0,49.53,27.81,1.86,0
01/10/2023,13:09,586.01,172,0,46.54,28.58,1.59,0
01/10/2023,14:09,507.01,152,0,39.74,28.79,1.45,0
01/10/2023,15:09,365.01,136,0,30.46,28.5,1.31,0
01/10/2023,16:09,210,100,0,19.74,27.69,1.24,0
01/10/2023,17:09,35,58,0,8.24,26.19,1.24,0
01/10/2023,18:09,0,0,0,0,24.04,1.24,0
01/10/2023,19:09,0,0,0,0,22.23,1.31,0
01/10/2023,20:09,0,0,0,0,20.07,1.38,0
01/10/2023,21:09,0,0,0,0,18.18,1.45,0
01/10/2023,22:09,0,0,0,0,17.23,1.52,0
01/10/2023,23:09,0,0,0,0,16.63,1.52,0
02/10/2023,00:09,0,0,0,0,16.06,1.38,0
02/10/2023,01:09,0,0,0,0,15.31,0.97,0
02/10/2023,02:09,0,0,0,0,14.52,1.72,0
02/10/2023,03:09,0,0,0,0,13.8,1.93,0
02/10/2023,04:09,0,0,0,0,13.24,2,0
02/10/2023,05:09,0,0,0,0,12.73,1.86,0
02/10/2023,06:09,0,0,0,0,12.41,1.79,0
02/10/2023,07:09,92,66,0,11.46,12.66,1.86,0
02/10/2023,08:09,245,113,0,22.76,17.73,2,0
02/10/2023,09:09,393.01,146,0,33.1,22.36,2.21,0
02/10/2023,10:09,511.01,169,0,41.73,24.62,2.28,0
02/10/2023,11:09,520.01,221,0,47.51,26.37,1.93,0
02/10/2023,12:09,527.01,232,0,49.14,27.62,1.59,0
02/10/2023,13:09,569.01,179,0,46.15,28.39,1.38,0
02/10/2023,14:09,501.01,152,0,39.37,28.69,1.31,0
02/10/2023,15:09,367.01,130,0,30.12,28.54,1.17,0
02/10/2023,16:09,201,101,0,19.42,27.83,1.24,0
02/10/2023,17:09,52,49,0,7.94,26.37,1.24,0
02/10/2023,18:09,0,0,0,0,24.17,1.24,0
02/10/2023,19:09,0,0,0,0,22.46,1.17,0
02/10/2023,20:09,0,0,0,0,20.2,1.24,0
02/10/2023,21:09,0,0,0,0,18.63,1.17,0
02/10/2023,22:09,0,0,0,0,17.58,1.1,0
02/10/2023,23:09,0,0,0,0,16.5,0.97,0
03/10/2023,00:09,0,0,0,0,15.67,1.03,0
03/10/2023,01:09,0,0,0,0,15.24,0,0
03/10/2023,02:09,0,0,0,0,14.85,0.9,0
03/10/2023,03:09,0,0,0,0,14.52,1.52,0
03/10/2023,04:09,0,0,0,0,14.65,2.07,0
03/10/2023,05:09,0,0,0,0,15.48,2.34,0
03/10/2023,06:09,0,0,0,0,16.31,2.41,0
03/10/2023,07:09,48,80,0,11.27,16.06,2.41,0
03/10/2023,08:09,197,134,0,22.55,20.08,2.28,0
03/10/2023,09:09,381.01,147,0,32.86,23.25,2.21,0
03/10/2023,10:09,488.01,175,0,41.44,25.55,1.79,0
03/10/2023,11:09,507.01,219,0,47.15,27.08,1.24,0
03/10/2023,12:09,525.01,223,0,48.75,28.01,1.38,0
03/10/2023,13:09,698.01,95,0,45.76,28.61,1.45,0
03/10/2023,14:09,459.01,168,0,39,28.8,1.24,0
03/10/2023,15:09,234,196,0,29.78,28.57,1.17,0
03/10/2023,16:09,184,105,0,19.11,28.07,1.24,0
03/10/2023,17:09,44,49,0,7.64,26.91,1.24,0
03/10/2023,18:09,0,0,0,0,25.25,1.17,0
03/10/2023,19:09,0,0,0,0,23.34,1.17,0
03/10/2023,20:09,0,0,0,0,21.18,1.1,0
03/10/2023,21:09,0,0,0,0,19.76,1.03,0
03/10/2023,22:09,0,0,0,0,18.88,1.1,0
03/10/2023,23:09,0,0,0,0,17.88,1.17,0
04/10/2023,00:09,0,0,0,0,17.09,0.97,0
04/10/2023,01:09,0,0,0,0,16.62,1.24,0
04/10/2023,02:09,0,0,0,0,16.06,1.59,0
04/10/2023,03:09,0,0,0,0,15.7,2,0
04/10/2023,04:09,0,0,0,0,14.88,2.41,0
04/10/2023,05:09,0,0,0,0,13.65,2.76,0
04/10/2023,06:09,0,0,0,0,13.1,2.97,0
04/10/2023,07:09,73,69,0,11.09,14.36,3.03,0
04/10/2023,08:09,221,118,0,22.34,17.2,3.03,0
04/10/2023,09:09,381.01,142,0,32.61,19.79,2.9,0
04/10/2023,10:09,471.01,179,0,41.14,22.29,2.55,0
04/10/2023,11:09,519.01,206,0,46.8,24.4,1.79,0
04/10/2023,12:09,580.01,184,0,48.36,25.87,1.59,0
04/10/2023,13:09,588.01,151,0,45.37,26.63,1.24,0
04/10/2023,14:09,458.01,162,0,38.64,26.81,1.1,0
04/10/2023,15:09,272,171,0,29.44,26.46,0.97,0
04/10/2023,16:09,121,131,0,18.79,25.6,0.9,0
04/10/2023,17:09,23,51,0,7.33,24.21,0.97,0
04/10/2023,18:09,0,0,0,0,22.43,1.03,0
04/10/2023,19:09,0,0,0,0,20.86,1.03,0
04/10/2023,20:09,0,0,0,0,19.28,1.1,0
04/10/2023,21:09,0,0,0,0,17.88,1.1,0
04/10/2023,22:09,0,0,0,0,17.21,1.24,0
04/10/2023,23:09,0,0,0,0,16.93,1.24,0
05/10/2023,00:09,0,0,0,0,16.19,1.24,0
05/10/2023,01:09,0,0,0,0,15.53,1.03,0
05/10/2023,02:09,0,0,0,0,14.15,1.72,0
05/10/2023,03:09,0,0,0,0,13.27,2.14,0
05/10/2023,04:09,0,0,0,0,12.61,2.28,0
05/10/2023,05:09,0,0,0,0,11.86,2.28,0
05/10/2023,06:09,0,0,0,0,11.4,2.28,0
05/10/2023,07:09,76,67,0,10.9,11.86,2.28,0
05/10/2023,08:09,228,114,0,22.13,16.65,2.41,0
05/10/2023,09:09,393.01,136,0,32.36,20.94,2.55,0
05/10/2023,10:09,505.01,161,0,40.84,23.61,2.34,0
05/10/2023,11:09,578.01,173,0,46.44,25.65,1.93,0
05/10/2023,12:09,597.01,176,0,47.97,27.06,1.66,0
05/10/2023,13:09,550.01,176,0,44.98,27.92,1.45,0
05/10/2023,14:09,481.01,150,0,38.27,28.23,1.45,0
05/10/2023,15:09,341.01,132,0,29.11,28,1.38,0
05/10/2023,16:09,185,98,0,18.48,27.13,1.38,0
05/10/2023,17:09,25,49,0,7.04,25.59,1.45,0
05/10/2023,18:09,0,0,0,0,23.49,1.52,0
05/10/2023,19:09,0,0,0,0,21.53,1.52,0
05/10/2023,20:09,0,0,0,0,19.41,1.52,0
05/10/2023,21:09,0,0,0,0,17.7,1.59,0
05/10/2023,22:09,0,0,0,0,16.78,1.59,0
05/10/2023,23:09,0,0,0,0,15.98,1.59,0
06/10/2023,00:09,0,0,0,0,15.08,1.45,0
06/10/2023,01:09,0,0,0,0,14.26,1.1,0
06/10/2023,02:09,0,0,0,0,13.58,1.52,0
06/10/2023,03:09,0,0,0,0,13.09,1.66,0
06/10/2023,04:09,0,0,0,0,12.71,1.93,0
06/10/2023,05:09,0,0,0,0,12.36,2.07,0
06/10/2023,06:09,0,0,0,0,12.04,2.21,0
06/10/2023,07:09,77,63,0,10.72,13.08,2.34,0
06/10/2023,08:09,231,109,0,21.92,18.2,2.62,0
06/10/2023,09:09,385.01,136,0,32.11,22.71,2.9,0
06/10/2023,10:09,515.01,149,0,40.54,24.92,2.83,0
06/10/2023,11:09,568.01,172,0,46.09,26.64,2.41,0
06/10/2023,12:09,564.01,190,0,47.58,27.76,2,0
06/10/2023,13:09,561.01,163,0,44.59,28.35,1.59,0
06/10/2023,14:09,480.01,144,0,37.91,28.46,1.38,0
06/10/2023,15:09,326.01,135,0,28.77,28.1,1.31,0
06/10/2023,16:09,224,74,0,18.16,27.01,1.38,0
06/10/2023,17:09,7,45,0,6.74,25.44,1.45,0
06/10/2023,18:09,0,0,0,0,23.63,1.52,0
06/10/2023,19:09,0,0,0,0,22.08,1.52,0
06/10/2023,20:09,0,0,0,0,20.29,1.52,0
06/10/2023,21:09,0,0,0,0,18.32,1.59,0
06/10/2023,22:09,0,0,0,0,17.23,1.59,0
06/10/2023,23:09,0,0,0,0,16.41,1.59,0
07/10/2023,00:09,0,0,0,0,15.43,1.45,0
07/10/2023,01:09,0,0,0,0,14.46,1.1,0
07/10/2023,02:09,0,0,0,0,13.66,1.93,0
07/10/2023,03:09,0,0,0,0,13.18,2.21,0
07/10/2023,04:09,0,0,0,0,12.76,2.14,0
07/10/2023,05:09,0,0,0,0,12.41,1.93,0
07/10/2023,06:09,0,0,0,0,12.02,1.79,0
07/10/2023,07:09,75,63,0,10.53,12.61,2,0
07/10/2023,08:09,227,110,0,21.7,17.3,2.34,0
07/10/2023,09:09,372.01,143,0,31.86,22.08,2.69,0
07/10/2023,10:09,478.01,172,0,40.23,24.11,2.76,0
07/10/2023,11:09,538.01,191,0,45.73,25.56,2.34,0
07/10/2023,12:09,556.01,194,0,47.19,26.56,1.79,0
07/10/2023,13:09,573.01,155,0,44.21,27.17,1.45,0
07/10/2023,14:09,480.01,143,0,37.55,27.36,1.24,0
07/10/2023,15:09,339.01,126,0,28.44,27,1.1,0
07/10/2023,16:09,170,99,0,17.85,26.04,1.1,0
07/10/2023,17:09,21,45,0,6.44,24.36,1.1,0
07/10/2023,18:09,0,0,0,0,22.31,1.17,0
07/10/2023,19:09,0,0,0,0,20.88,1.17,0
07/10/2023,20:09,0,0,0,0,19.11,1.17,0
07/10/2023,21:09,0,0,0,0,17.59,1.17,0
07/10/2023,22:09,0,0,0,0,16.85,1.17,0
07/10/2023,23:09,0,0,0,0,16.24,1.17,0
08/10/2023,00:09,0,0,0,0,15.42,1.17,0
08/10/2023,01:09,0,0,0,0,14.52,0.48,0
08/10/2023,02:09,0,0,0,0,13.95,1.1,0
08/10/2023,03:09,0,0,0,0,13.57,1.79,0
08/10/2023,04:09,0,0,0,0,13.48,2.28,0
08/10/2023,05:09,0,0,0,0,13.69,2.48,0
08/10/2023,06:09,0,0,0,0,14,2.55,0
08/10/2023,07:09,75,61,0,10.34,13.22,2.55,0
08/10/2023,08:09,216,112,0,21.49,17.05,2.48,0
08/10/2023,09:09,356.01,148,0,31.6,21.24,2.34,0
08/10/2023,10:09,497.01,154,0,39.93,23.34,2.14,0
08/10/2023,11:09,538.01,184,0,45.38,24.75,2.07,0
08/10/2023,12:09,634.01,139,0,46.81,25.69,1.66,0
08/10/2023,13:09,500.01,193,0,43.82,26.26,1.38,0
08/10/2023,14:09,418.01,174,0,37.19,26.4,1.17,0
08/10/2023,15:09,329.01,125,0,28.11,26.14,1.03,0
08/10/2023,16:09,198,79,0,17.55,25.31,0.9,0
08/10/2023,17:09,11,41,0,6.15,23.9,0.9,0
08/10/2023,18:09,0,0,0,0,21.89,0.76,0
08/10/2023,19:09,0,0,0,0,20.06,0.76,0
08/10/2023,20:09,0,0,0,0,18.71,0.76,0
08/10/2023,21:09,0,0,0,0,17.52,0.76,0
08/10/2023,22:09,0,0,0,0,16.56,0.69,0
08/10/2023,23:09,0,0,0,0,16.06,0.76,0
09/10/2023,00:09,0,0,0,0,15.59,0.62,0
09/10/2023,01:09,0,0,0,0,15.03,0.97,0
09/10/2023,02:09,0,0,0,0,13.08,1.45,0
09/10/2023,03:09,0,0,0,0,12.65,1.93,0
09/10/2023,04:09,0,0,0,0,12.41,2.28,0
09/10/2023,05:09,0,0,0,0,12.35,2.48,0
09/10/2023,06:09,0,0,0,0,12.58,2.62,0
09/10/2023,07:09,73,59,0,10.14,13.39,2.62,0
09/10/2023,08:09,219,108,0,21.27,15.11,2.62,0
09/10/2023,09:09,368.01,138,0,31.35,17.77,2.62,0
09/10/2023,10:09,475.01,165,0,39.63,20.2,2.28,0
09/10/2023,11:09,545.01,178,0,45.03,22.01,1.79,0
09/10/2023,12:09,543.01,192,0,46.42,23.07,1.66,0
09/10/2023,13:09,558.01,154,0,43.44,23.86,1.31,0
09/10/2023,14:09,475.01,136,0,36.83,24.12,1.17,0
09/10/2023,15:09,338.01,117,0,27.78,23.99,1.03,0
09/10/2023,16:09,160,96,0,17.24,23.11,1.03,0
09/10/2023,17:09,15,40,0,5.86,21.74,0.9,0
09/10/2023,18:09,0,0,0,0,20.06,0.9,0
09/10/2023,19:09,0,0,0,0,18.87,0.9,0
09/10/2023,20:09,0,0,0,0,17.61,0.9,0
09/10/2023,21:09,0,0,0,0,16.15,0.9,0
09/10/2023,22:09,0,0,0,0,15.22,0.83,0
09/10/2023,23:09,0,0,0,0,14.71,0.83,0
10/10/2023,00:09,0,0,0,0,13.85,0.69,0
10/10/2023,01:09,0,0,0,0,13.22,0.83,0
10/10/2023,02:09,0,0,0,0,12.44,1.24,0
10/10/2023,03:09,0,0,0,0,12.16,1.52,0
10/10/2023,04:09,0,0,0,0,11.77,1.59,0
10/10/2023,05:09,0,0,0,0,11.89,1.66,0
10/10/2023,06:09,0,0,0,0,11.81,1.72,0
10/10/2023,07:09,73,58,0,9.95,12.39,1.79,0
10/10/2023,08:09,218,108,0,21.05,14.21,1.86,0
10/10/2023,09:09,375.01,133,0,31.09,17.08,1.93,0
10/10/2023,10:09,485.01,158,0,39.32,19.5,1.93,0
10/10/2023,11:09,546.01,176,0,44.67,21.38,1.72,0
10/10/2023,12:09,532.01,198,0,46.04,22.79,1.52,0
10/10/2023,13:09,547.01,160,0,43.06,23.77,1.31,0
10/10/2023,14:09,474.01,135,0,36.48,24.15,1.17,0
10/10/2023,15:09,337.01,115,0,27.45,24.13,1.1,0
10/10/2023,16:09,168,89,0,16.94,23.53,0.97,0
10/10/2023,17:09,15,33.72,0,5.57,22.31,0.83,0
10/10/2023,18:09,0,0,0,0,20.54,0.76,0
10/10/2023,19:09,0,0,0,0,18.81,0.76,0
10/10/2023,20:09,0,0,0,0,17.53,0.83,0
10/10/2023,21:09,0,0,0,0,16.38,0.76,0
10/10/2023,22:09,0,0,0,0,15.32,0.76,0
10/10/2023,23:09,0,0,0,0,14.77,0.69,0
11/10/2023,00:09,0,0,0,0,14.53,0.62,0
11/10/2023,01:09,0,0,0,0,13.55,0.34,0
11/10/2023,02:09,0,0,0,0,12.9,0.62,0
11/10/2023,03:09,0,0,0,0,12.31,1.03,0
11/10/2023,04:09,0,0,0,0,11.97,1.17,0
11/10/2023,05:09,0,0,0,0,11.83,1.31,0
11/10/2023,06:09,0,0,0,0,12.04,1.38,0
11/10/2023,07:09,75,55,0,9.76,12.55,1.52,0
11/10/2023,08:09,223,102,0,20.83,15.29,1.52,0
11/10/2023,09:09,378.01,128,0,30.83,18.39,1.45,0
11/10/2023,10:09,490.01,151,0,39.02,20.71,1.31,0
11/10/2023,11:09,573.01,156,0,44.32,22.4,1.24,0
11/10/2023,12:09,558.01,178,0,45.66,23.73,1.03,0
11/10/2023,13:09,541.01,160,0,42.68,24.58,0.83,0
11/10/2023,14:09,459.01,140,0,36.12,24.93,0.83,0
11/10/2023,15:09,331.01,115,0,27.13,24.8,0.9,0
11/10/2023,16:09,160,90,0,16.64,24.21,0.9,0
11/10/2023,17:09,12,32.58,0,5.29,23.1,0.9,0
11/10/2023,18:09,0,0,0,0,21.54,0.9,0
11/10/2023,19:09,0,0,0,0,20.08,0.97,0
11/10/2023,20:09,0,0,0,0,18.45,0.9,0
11/10/2023,21:09,0,0,0,0,17.44,0.97,0
11/10/2023,22:09,0,0,0,0,16.55,1.1,0
11/10/2023,23:09,0,0,0,0,15.65,1.17,0
12/10/2023,00:09,0,0,0,0,14.99,1.03,0
12/10/2023,01:09,0,0,0,0,14.45,0.48,0
12/10/2023,02:09,0,0,0,0,13.11,0.83,0
12/10/2023,03:09,0,0,0,0,12.17,1.31,0
12/10/2023,04:09,0,0,0,0,12.26,1.38,0
12/10/2023,05:09,0,0,0,0,11.94,1.38,0
12/10/2023,06:09,0,0,0,0,11.57,1.24,0
12/10/2023,07:09,71,55,0,9.56,11.68,1.24,0
12/10/2023,08:09,220,101,0,20.61,15.66,1.31,0
12/10/2023,09:09,359.01,136,0,30.57,19.3,1.1,0
12/10/2023,10:09,494.01,145,0,38.71,21.67,1.1,0
12/10/2023,11:09,590.01,141,0,43.97,23.38,1.31,0
12/10/2023,12:09,585.01,158,0,45.28,24.45,1.03,0
12/10/2023,13:09,546.01,152,0,42.31,25.17,1.24,0
12/10/2023,14:09,471.01,128,0,35.77,25.51,1.31,0
12/10/2023,15:09,325.01,115,0,26.8,25.44,1.24,0
12/10/2023,16:09,152,91,0,16.34,24.84,1.17,0
12/10/2023,17:09,11,29.97,0,5,23.72,1.24,0
12/10/2023,18:09,0,0,0,0,22.2,1.24,0
12/10/2023,19:09,0,0,0,0,20.72,1.24,0
12/10/2023,20:09,0,0,0,0,18.5,1.31,0
12/10/2023,21:09,0,0,0,0,17.03,1.38,0
12/10/2023,22:09,0,0,0,0,15.96,1.45,0
12/10/2023,23:09,0,0,0,0,15.07,1.45,0
13/10/2023,00:09,0,0,0,0,13.66,1.31,0
13/10/2023,01:09,0,0,0,0,12.32,0.76,0
13/10/2023,02:09,0,0,0,0,12.17,0.76,0
13/10/2023,03:09,0,0,0,0,11.86,0.55,0
13/10/2023,04:09,0,0,0,0,11.59,0.34,0
13/10/2023,05:09,0,0,0,0,11.26,0.62,0
13/10/2023,06:09,0,0,0,0,11.12,1.24,0
13/10/2023,07:09,64,55,0,9.36,11.81,1.93,0
13/10/2023,08:09,213,100,0,20.39,16.6,2.28,0
13/10/2023,09:09,365.01,127,0,30.31,20.8,2.21,0
13/10/2023,10:09,483.01,146,0,38.4,23.15,1.79,0
13/10/2023,11:09,578.01,141,0,43.61,24.9,1.31,0
13/10/2023,12:09,606.01,137,0,44.9,26.18,1.66,0
13/10/2023,13:09,362.01,252,0,41.93,27.01,1.31,0
13/10/2023,14:09,300.01,220,0,35.42,27.57,0.76,0
13/10/2023,15:09,327.01,107,0,26.48,27.36,0.34,0
13/10/2023,16:09,1,83,0,16.04,26.28,0.69,0
13/10/2023,17:09,1,22.8,0,4.72,24.71,1.03,0
13/10/2023,18:09,0,0,0,0,23.09,1.38,0
13/10/2023,19:09,0,0,0,0,21.53,1.45,0
13/10/2023,20:09,0,0,0,0,19.79,1.52,0
13/10/2023,21:09,0,0,0,0,19.64,1.45,0
13/10/2023,22:09,0,0,0,0,19.13,1.38,0
13/10/2023,23:09,0,0,0,0,18.37,1.38,0
14/10/2023,00:09,0,0,0,0,16.85,1.38,0
14/10/2023,01:09,0,0,0,0,15.08,1.31,0
14/10/2023,02:09,0,0,0,0,14.15,1.03,0
14/10/2023,03:09,0,0,0,0,13.58,0.83,0
14/10/2023,04:09,0,0,0,0,13.34,0.83,0
14/10/2023,05:09,0,0,0,0,13.33,1.03,0
14/10/2023,06:09,0,0,0,0,13.26,1.59,0
14/10/2023,07:09,0,20,0,9.16,13.45,2.07,0
14/10/2023,08:09,0,28,0,20.16,13.72,1.93,0
14/10/2023,09:09,0,44,0,30.05,13.72,2.28,0
14/10/2023,10:09,555.01,98,0,38.1,14.28,2,0
14/10/2023,11:09,149,342,0,43.26,15.88,1.31,0
14/10/2023,12:09,660.01,100,0,44.52,18.38,0.41,0
14/10/2023,13:09,487.01,171,0,41.56,20.11,0.14,0
14/10/2023,14:09,0,91,0,35.08,20.92,0.48,0
14/10/2023,15:09,0,38,0,26.17,20.13,0.76,0
14/10/2023,16:09,0,36,0,15.75,19.4,0.76,0
14/10/2023,17:09,6,26.42,0,4.45,18.47,0.69,0
14/10/2023,18:09,0,0,0,0,17.72,0.62,0
14/10/2023,19:09,0,0,0,0,15.79,0.76,0
14/10/2023,20:09,0,0,0,0,15.49,0.76,0
14/10/2023,21:09,0,0,0,0,14.98,0.69,0
14/10/2023,22:09,0,0,0,0,14.32,0.69,0
14/10/2023,23:09,0,0,0,0,13.91,0.83,0
15/10/2023,00:09,0,0,0,0,13.63,0.9,0
15/10/2023,01:09,0,0,0,0,13.51,0.34,0
15/10/2023,02:09,0,0,0,0,13,0.07,0
15/10/2023,03:09,0,0,0,0,12.62,0.07,0
15/10/2023,04:09,0,0,0,0,12.61,0.48,0
15/10/2023,05:09,0,0,0,0,12.4,0.97,0
15/10/2023,06:09,0,0,0,0,11.8,1.52,0
15/10/2023,07:09,68,49,0,8.96,10.98,1.93,0
15/10/2023,08:09,245.01,78,0,19.94,13.94,2.21,0
15/10/2023,09:09,414.01,93,0,29.79,16.14,2.34,0
15/10/2023,10:09,516.01,118,0,37.79,17.94,2.07,0
15/10/2023,11:09,571.01,135,0,42.91,19.65,1.45,0
15/10/2023,12:09,579.01,143,0,44.15,20.66,1.1,0
15/10/2023,13:09,538.01,138,0,41.19,21.56,1.1,0
15/10/2023,14:09,450.01,124,0,34.73,21.93,1.1,0
15/10/2023,15:09,350.01,88,0,25.85,21.91,1.1,0
15/10/2023,16:09,71,115,0,15.46,21.55,0.9,0
15/10/2023,17:09,2,22.54,0,4.18,20.49,0.55,0
15/10/2023,18:09,0,0,0,0,19.34,0.41,0
15/10/2023,19:09,0,0,0,0,18.3,0.62,0
15/10/2023,20:09,0,0,0,0,16.83,0.83,0
15/10/2023,21:09,0,0,0,0,16,0.97,0
15/10/2023,22:09,0,0,0,0,15.34,0.97,0
15/10/2023,23:09,0,0,0,0,15.24,0.97,0
16/10/2023,00:09,0,0,0,0,15.37,0.83,0
16/10/2023,01:09,0,0,0,0,14.91,0.69,0
16/10/2023,02:09,0,0,0,0,14.44,1.17,0
16/10/2023,03:09,0,0,0,0,13.54,1.38,0
16/10/2023,04:09,0,0,0,0,12.78,1.66,0
16/10/2023,05:09,0,0,0,0,12.54,1.86,0
16/10/2023,06:09,0,0,0,0,12.31,2.14,0
16/10/2023,07:09,48,55,0,8.76,12.49,2.14,0
16/10/2023,08:09,167,115,0,19.71,15.16,2.14,0
16/10/2023,09:09,330.01,134,0,29.53,17.27,1.93,0
16/10/2023,10:09,400.01,180,0,37.48,19,1.52,0
16/10/2023,11:09,559.01,136,0,42.56,20.64,0.97,0
16/10/2023,12:09,601.01,125,0,43.77,21.78,0.48,0
16/10/2023,13:09,442.01,190,0,40.83,22.47,0.28,0
16/10/2023,14:09,164,265,0,34.39,22.7,0.83,0
16/10/2023,15:09,245.01,140,0,25.54,22.44,1.1,0
16/10/2023,16:09,124,88,0,15.17,21.73,1.17,0
16/10/2023,17:09,4,22.02,0,3.91,20.66,1.31,0
16/10/2023,18:09,0,0,0,0,19.52,1.38,0
16/10/2023,19:09,0,0,0,0,18.75,1.38,0
16/10/2023,20:09,0,0,0,0,18.15,1.45,0
16/10/2023,21:09,0,0,0,0,16.84,1.52,0
16/10/2023,22:09,0,0,0,0,15.69,1.52,0
16/10/2023,23:09,0,0,0,0,14.82,1.52,0
17/10/2023,00:09,0,0,0,0,14.15,1.52,0
17/10/2023,01:09,0,0,0,0,13.68,1.38,0
17/10/2023,02:09,0,0,0,0,13.37,1.45,0
17/10/2023,03:09,0,0,0,0,13.11,1.72,0
17/10/2023,04:09,0,0,0,0,13.09,2.62,0
17/10/2023,05:09,0,0,0,0,12.97,3.59,0
17/10/2023,06:09,0,0,0,0,12.82,3.86,0
17/10/2023,07:09,0,38,0,8.56,13.06,4,0
17/10/2023,08:09,108,139,0,19.48,15.71,3.93,0
17/10/2023,09:09,0,90,0,29.26,18.4,3.66,0
17/10/2023,10:09,1,203,0,37.17,19.65,2.76,0
17/10/2023,11:09,476.01,183,0,42.21,20.73,2.34,0
17/10/2023,12:09,225,321,0,43.4,22.34,2.07,0
17/10/2023,13:09,262,282,0,40.47,23.15,2,0
17/10/2023,14:09,44,269,0,34.06,23.31,1.79,0
17/10/2023,15:09,260.01,127,0,25.23,23,1.72,0
17/10/2023,16:09,106,94,0,14.89,22.33,1.72,0
17/10/2023,17:09,0,8,0,3.64,21.02,1.59,0
17/10/2023,18:09,0,0,0,0,19.58,1.45,0
17/10/2023,19:09,0,0,0,0,18.63,1.38,0
17/10/2023,20:09,0,0,0,0,17.84,1.45,0
17/10/2023,21:09,0,0,0,0,16.72,1.52,0
17/10/2023,22:09,0,0,0,0,15.6,1.52,0
17/10/2023,23:09,0,0,0,0,14.57,1.93,0
18/10/2023,00:09,0,0,0,0,13.7,1.79,0
18/10/2023,01:09,0,0,0,0,13.06,2.76,0
18/10/2023,02:09,0,0,0,0,12.31,4.07,0
18/10/2023,03:09,0,0,0,0,11.57,4.28,0
18/10/2023,04:09,0,0,0,0,11.22,4.28,0
18/10/2023,05:09,0,0,0,0,11.1,4.07,0
18/10/2023,06:09,0,0,0,0,11.81,4,0
18/10/2023,07:09,38,56,0,8.36,12.02,3.93,0
18/10/2023,08:09,236.01,77,0,19.25,14.37,3.86,0
18/10/2023,09:09,312.01,143,0,29,16.21,3.66,0
18/10/2023,10:09,370.01,196,0,36.87,17.73,3.03,0
18/10/2023,11:09,510.01,166,0,41.86,19,2.62,0
18/10/2023,12:09,618.01,115,0,43.04,19.84,2.14,0
18/10/2023,13:09,602.01,97,0,40.11,20.41,2.07,0
18/10/2023,14:09,493.01,94,0,33.72,20.77,2.07,0
18/10/2023,15:09,229.01,145,0,24.93,20.61,1.93,0
18/10/2023,16:09,124,84,0,14.61,19.8,1.93,0
18/10/2023,17:09,3,18.3,0,3.38,18.52,2.14,0
18/10/2023,18:09,0,0,0,0,17.05,2.34,0
18/10/2023,19:09,0,0,0,0,16.16,2.41,0
18/10/2023,20:09,0,0,0,0,15.23,2.21,0
18/10/2023,21:09,0,0,0,0,14.37,1.93,0
18/10/2023,22:09,0,0,0,0,13.75,2,0
18/10/2023,23:09,0,0,0,0,13.57,2,0
19/10/2023,00:09,0,0,0,0,13.47,1.93,0
19/10/2023,01:09,0,0,0,0,13.1,2.41,0
19/10/2023,02:09,0,0,0,0,12.68,3.1,0
19/10/2023,03:09,0,0,0,0,12.27,3.66,0
19/10/2023,04:09,0,0,0,0,12.53,4.41,0
19/10/2023,05:09,0,0,0,0,12.77,4.69,0
19/10/2023,06:09,0,0,0,0,12.98,4.97,0
19/10/2023,07:09,3,49,0,8.16,13.31,4.97,0
19/10/2023,08:09,89,142,0,19.02,14.36,6.14,0
19/10/2023,09:09,391.01,93,0,28.73,16.19,4.48,0
19/10/2023,10:09,170,281,0,36.56,17.55,3.52,0
19/10/2023,11:09,101,334,0,41.52,18.72,3.17,0
19/10/2023,12:09,453.01,201,0,42.67,19.12,2.41,0
19/10/2023,13:09,244,283,0,39.75,19.16,1.93,0
19/10/2023,14:09,204,240,0,33.39,18.68,3.17,0
19/10/2023,15:09,46,197,0,24.63,18.63,3.52,0
19/10/2023,16:09,0,69,0,14.33,17.45,2.97,0
19/10/2023,17:09,0,11,0,3.12,16.41,3.17,0
19/10/2023,18:09,0,0,0,0,15.41,3.52,0
19/10/2023,19:09,0,0,0,0,14.63,3.59,0
19/10/2023,20:09,0,0,0,0,13.92,3.31,0
19/10/2023,21:09,0,0,0,0,13.63,3.31,0
19/10/2023,22:09,0,0,0,0,11.95,2.9,0
19/10/2023,23:09,0,0,0,0,10.58,2.9,0
20/10/2023,00:09,0,0,0,0,10.08,2.69,0
20/10/2023,01:09,0,0,0,0,9.5,3.72,0
20/10/2023,02:09,0,0,0,0,9.26,5.03,0
20/10/2023,03:09,0,0,0,0,8.62,5.72,0
20/10/2023,04:09,0,0,0,0,8.17,5.52,0
20/10/2023,05:09,0,0,0,0,7.83,5.1,0
20/10/2023,06:09,0,0,0,0,7.52,5.66,0
20/10/2023,07:09,37,53,0,7.95,7.24,5.03,0
20/10/2023,08:09,89,143,0,18.79,7.74,4.62,0
20/10/2023,09:09,292.01,152,0,28.47,8.81,4.28,0
20/10/2023,10:09,423.01,163,0,36.25,10.12,3.72,0
20/10/2023,11:09,0,102,0,41.17,10.58,3.1,0
20/10/2023,12:09,9,282,0,42.31,10.9,2.97,0
20/10/2023,13:09,2,227,0,39.4,11.5,2.97,0
20/10/2023,14:09,0,127,0,33.06,11.58,2.69,0
20/10/2023,15:09,270.01,118,0,24.33,11.41,2.62,0
20/10/2023,16:09,9,99,0,14.06,11.12,2.34,0
20/10/2023,17:09,3,15.3,0,2.86,10.46,2.28,0
20/10/2023,18:09,0,0,0,0,9.58,2.41,0
20/10/2023,19:09,0,0,0,0,9,2.28,0
20/10/2023,20:09,0,0,0,0,8.87,2.07,0
20/10/2023,21:09,0,0,0,0,8.61,1.93,0
20/10/2023,22:09,0,0,0,0,8.61,1.93,0
20/10/2023,23:09,0,0,0,0,8.41,1.59,0
21/10/2023,00:09,0,0,0,0,8.29,1.72,0
21/10/2023,01:09,0,0,0,0,8.05,2,0
21/10/2023,02:09,0,0,0,0,7.84,2,0
21/10/2023,03:09,0,0,0,0,7.67,1.66,0
21/10/2023,04:09,0,0,0,0,7.64,1.45,0
21/10/2023,05:09,0,0,0,0,7.64,1.17,0
21/10/2023,06:09,0,0,0,0,7.43,1.17,0
21/10/2023,07:09,62,41,0,7.75,7.29,1.52,0
21/10/2023,08:09,232.01,74,0,18.56,7.97,1.72,0
21/10/2023,09:09,404.01,89,0,28.2,9.41,1.79,0
21/10/2023,10:09,543.01,93,0,35.95,11.17,1.52,0
21/10/2023,11:09,627.01,95,0,40.83,12.58,0.9,0
21/10/2023,12:09,646.01,95,0,41.95,13.74,0.62,0
21/10/2023,13:09,561.01,115,0,39.04,14.67,0.48,0
21/10/2023,14:09,464.01,105,0,32.74,15.26,0.76,0
21/10/2023,15:09,295.01,101,0,24.03,15.22,0.97,0
21/10/2023,16:09,40,107,0,13.79,14.49,1.17,0
21/10/2023,17:09,4,13.11,0,2.61,13.3,1.38,0
21/10/2023,18:09,0,0,0,0,12,1.38,0
21/10/2023,19:09,0,0,0,0,10.93,1.24,0
21/10/2023,20:09,0,0,0,0,10.56,1.1,0
21/10/2023,21:09,0,0,0,0,9.78,1.03,0
21/10/2023,22:09,0,0,0,0,8.62,1.17,0
21/10/2023,23:09,0,0,0,0,7.49,1.38,0
22/10/2023,00:09,0,0,0,0,6.74,1.31,0
22/10/2023,01:09,0,0,0,0,6.47,1.52,0
22/10/2023,02:09,0,0,0,0,6.45,2.48,0
22/10/2023,03:09,0,0,0,0,6.54,3.17,0
22/10/2023,04:09,0,0,0,0,6.7,3.52,0
22/10/2023,05:09,0,0,0,0,6.68,3.1,0
22/10/2023,06:09,0,0,0,0,6.1,2.83,0
22/10/2023,07:09,36,49,0,7.54,6.48,2.9,0
22/10/2023,08:09,115,127,0,18.33,8.67,2.97,0
22/10/2023,09:09,51,227,0,27.94,10.94,2.9,0
22/10/2023,10:09,472.01,123,0,35.64,12.41,2.62,0
22/10/2023,11:09,141,327,0,40.49,14.59,2.41,0
22/10/2023,12:09,219,313,0,41.59,15.96,3.03,0
22/10/2023,13:09,467.01,159,0,38.7,15.73,2.55,0
22/10/2023,14:09,429.01,114,0,32.42,16.57,2.41,0
22/10/2023,15:09,309.01,88,0,23.74,16.69,2.21,0
22/10/2023,16:09,2,77,0,13.52,16.53,2,0
22/10/2023,17:09,2,11.58,0,2.36,15.55,1.93,0
22/10/2023,18:09,0,0,0,0,14.33,2.14,0
22/10/2023,19:09,0,0,0,0,12.8,2.34,0
22/10/2023,20:09,0,0,0,0,12.28,1.86,0
22/10/2023,21:09,0,0,0,0,12.09,1.59,0
22/10/2023,22:09,0,0,0,0,11.63,1.38,0
22/10/2023,23:09,0,0,0,0,11.5,1.31,0
23/10/2023,00:09,0,0,0,0,10.93,1.24,0
23/10/2023,01:09,0,0,0,0,10.6,0.9,0
23/10/2023,02:09,0,0,0,0,10.1,1.1,0
23/10/2023,03:09,0,0,0,0,9.2,1.52,0
23/10/2023,04:09,0,0,0,0,8.15,1.79,0
23/10/2023,05:09,0,0,0,0,7.54,2.07,0
23/10/2023,06:09,0,0,0,0,7.21,1.86,0
23/10/2023,07:09,0,27,0,7.33,7.47,1.93,0
23/10/2023,08:09,168,99,0,18.1,10.94,1.86,0
23/10/2023,09:09,233.01,172,0,27.67,13.58,1.86,0
23/10/2023,10:09,120,288,0,35.34,14.62,1.24,0
23/10/2023,11:09,9,268,0,40.15,15.04,1.03,0
23/10/2023,12:09,153,330,0,41.24,15,0.97,0
23/10/2023,13:09,0,183,0,38.35,15.75,1.1,0
23/10/2023,14:09,108,262,0,32.1,15.63,1.17,0
23/10/2023,15:09,124,177,0,23.46,15.7,1.17,0
23/10/2023,16:09,0,36,0,13.26,15.21,1.17,0
23/10/2023,17:09,0,3,0,2.12,14.48,1.38,0
23/10/2023,18:09,0,0,0,0,13.58,1.38,0
23/10/2023,19:09,0,0,0,0,12.48,1.45,0
23/10/2023,20:09,0,0,0,0,11.23,1.31,0
23/10/2023,21:09,0,0,0,0,9.96,1.38,0
23/10/2023,22:09,0,0,0,0,9.14,1.38,0
23/10/2023,23:09,0,0,0,0,8.52,1.52,0
24/10/2023,00:09,0,0,0,0,7.63,1.38,0
24/10/2023,01:09,0,0,0,0,7.35,2,0
24/10/2023,02:09,0,0,0,0,7.05,2.55,0
24/10/2023,03:09,0,0,0,0,7.05,2.83,0
24/10/2023,04:09,0,0,0,0,7.44,2.97,0
24/10/2023,05:09,0,0,0,0,7.39,3.24,0
24/10/2023,06:09,0,0,0,0,7.43,3.45,0
24/10/2023,07:09,55,38,0,7.12,7.21,3.52,0
24/10/2023,08:09,191.01,86,0,17.87,8.47,3.24,0
24/10/2023,09:09,326.01,121,0,27.4,9.93,2.76,0
24/10/2023,10:09,416.01,154,0,35.03,11.24,1.93,0
24/10/2023,11:09,501.01,155,0,39.81,12.84,1.72,0
24/10/2023,12:09,537.01,144,0,40.89,14.18,1.86,0
24/10/2023,13:09,449.01,168,0,38.01,14.91,1.79,0
24/10/2023,14:09,372.01,145,0,31.79,14.99,1.79,0
24/10/2023,15:09,249.01,117,0,23.17,14.53,1.66,0
24/10/2023,16:09,43,100,0,13,13.75,1.66,0
24/10/2023,17:09,0,8,0,1.88,12.54,1.86,0
24/10/2023,18:09,0,0,0,0,11.29,1.86,0
24/10/2023,19:09,0,0,0,0,10.54,1.79,0
24/10/2023,20:09,0,0,0,0,9.64,2.07,0
24/10/2023,21:09,0,0,0,0,8.89,2.28,0
24/10/2023,22:09,0,0,0,0,8.25,2.34,0
24/10/2023,23:09,0,0,0,0,7.94,2.62,0
25/10/2023,00:09,0,0,0,0,8.16,2.41,0
25/10/2023,01:09,0,0,0,0,8.23,2.97,0
25/10/2023,02:09,0,0,0,0,8.71,3.59,0
25/10/2023,03:09,0,0,0,0,9.26,3.59,0
25/10/2023,04:09,0,0,0,0,9.76,4.21,0
25/10/2023,05:09,0,0,0,0,10.13,4.28,0
25/10/2023,06:09,0,0,0,0,10.37,4.34,0
25/10/2023,07:09,48,39,0,6.92,10.99,4.07,0
25/10/2023,08:09,123,116,0,17.63,11.8,3.79,0
25/10/2023,09:09,49,219,0,27.14,13.02,3.31,0
25/10/2023,10:09,504.01,96,0,34.73,14.27,2.55,0
25/10/2023,11:09,13,273,0,39.48,15.4,2.28,0
25/10/2023,12:09,100,330,0,40.54,15.96,2.07,0
25/10/2023,13:09,486.01,135,0,37.68,16.63,2,0
25/10/2023,14:09,317.01,168,0,31.48,16.72,1.72,0
25/10/2023,15:09,65,185,0,22.89,16.85,1.66,0
25/10/2023,16:09,129,62,0,12.75,16.08,1.66,0
25/10/2023,17:09,0,6,0,1.64,14.99,1.31,0
25/10/2023,18:09,0,0,0,0,13.81,1.31,0
25/10/2023,19:09,0,0,0,0,13.22,1.31,0
25/10/2023,20:09,0,0,0,0,12.52,1.38,0
25/10/2023,21:09,0,0,0,0,11.83,1.38,0
25/10/2023,22:09,0,0,0,0,11.13,1.38,0
25/10/2023,23:09,0,0,0,0,10.66,1.31,0
26/10/2023,00:09,0,0,0,0,10.75,1.45,0
26/10/2023,01:09,0,0,0,0,10.49,1.86,0
26/10/2023,02:09,0,0,0,0,10.28,2.97,0
26/10/2023,03:09,0,0,0,0,10.1,3.31,0
26/10/2023,04:09,0,0,0,0,10.08,3.52,0
26/10/2023,05:09,0,0,0,0,10.25,3.72,0
26/10/2023,06:09,0,0,0,0,10.12,4.14,0
26/10/2023,07:09,34,41,0,6.71,10.47,4.28,0
26/10/2023,08:09,124,113,0,17.4,12.38,4.28,0
26/10/2023,09:09,229.01,165,0,26.87,13.94,4.14,0
26/10/2023,10:09,430.01,134,0,34.43,15.07,3.52,0
26/10/2023,11:09,453.01,171,0,39.15,16.44,3.79,0
26/10/2023,12:09,374.01,227,0,40.19,17.75,3.59,0
26/10/2023,13:09,308.01,235,0,37.35,18.62,3.52,0
26/10/2023,14:09,277.01,187,0,31.18,18.45,2.76,0
26/10/2023,15:09,112,173,0,22.62,18.08,3.45,0
26/10/2023,16:09,22,94,0,12.5,17.11,3.03,0
26/10/2023,17:09,0,2,0,1.41,15.78,2.69,0
26/10/2023,18:09,0,0,0,0,14.78,2.69,0
26/10/2023,19:09,0,0,0,0,14.53,2.9,0
26/10/2023,20:09,0,0,0,0,14.14,2.69,0
26/10/2023,21:09,0,0,0,0,14,2.41,0
26/10/2023,22:09,0,0,0,0,13.79,2.28,0
26/10/2023,23:09,0,0,0,0,13.47,2.28,0
27/10/2023,00:09,0,0,0,0,13.37,2.41,0
27/10/2023,01:09,0,0,0,0,13.31,2.69,0
27/10/2023,02:09,0,0,0,0,12.92,2.76,0
27/10/2023,03:09,0,0,0,0,12.42,2.83,0
27/10/2023,04:09,0,0,0,0,11.9,2.9,0
27/10/2023,05:09,0,0,0,0,11.45,2.97,0
27/10/2023,06:09,0,0,0,0,11.01,2.9,0
27/10/2023,07:09,0,26,0,6.5,10.79,3.03,0
27/10/2023,08:09,0,73,0,17.16,11.05,2.9,0
27/10/2023,09:09,57,220,0,26.61,11.75,2.83,0
27/10/2023,10:09,504.01,96,0,34.12,12.62,2.07,0
27/10/2023,11:09,400.01,205,0,38.82,13.24,1.38,0
27/10/2023,12:09,532.01,137,0,39.85,14.45,0.41,0
27/10/2023,13:09,428.01,170,0,37.02,15.27,0.55,0
27/10/2023,14:09,366.01,138,0,30.88,15.73,0.83,0
27/10/2023,15:09,229.01,118,0,22.35,15.37,0.97,0
27/10/2023,16:09,93,75,0,12.25,14.36,1.1,0
27/10/2023,17:09,0,0,0,0,12.9,1.17,0
27/10/2023,18:09,0,0,0,0,11.6,1.24,0
27/10/2023,19:09,0,0,0,0,10.85,1.17,0
27/10/2023,20:09,0,0,0,0,10.32,1.1,0
27/10/2023,21:09,0,0,0,0,9.55,0.9,0
27/10/2023,22:09,0,0,0,0,8.46,0.76,0
27/10/2023,23:09,0,0,0,0,7.58,0.76,0
28/10/2023,00:09,0,0,0,0,6.87,0.62,0
28/10/2023,01:09,0,0,0,0,6.64,0.69,0
28/10/2023,02:09,0,0,0,0,6.88,1.17,0
28/10/2023,03:09,0,0,0,0,7.28,1.31,0
28/10/2023,04:09,0,0,0,0,7.49,1.38,0
28/10/2023,05:09,0,0,0,0,7.67,1.59,0
28/10/2023,06:09,0,0,0,0,7.72,1.93,0
28/10/2023,07:09,34,39,0,6.29,8.01,2.28,0
28/10/2023,08:09,176.01,86,0,16.93,9.47,2.41,0
28/10/2023,09:09,312.01,121,0,26.34,11.33,2.34,0
28/10/2023,10:09,400.01,156,0,33.82,13.41,1.79,0
28/10/2023,11:09,522.01,134,0,38.49,15.11,1.31,0
28/10/2023,12:09,527.01,142,0,39.51,16.48,0.69,0
28/10/2023,13:09,449.01,159,0,36.69,17.19,0.55,0
28/10/2023,14:09,377.01,133,0,30.58,17.41,0.9,0
28/10/2023,15:09,240.01,112,0,22.08,16.97,1.1,0
28/10/2023,16:09,97,72,0,12.01,15.96,1.1,0
28/10/2023,17:09,0,0,0,0,14.52,1.17,0
28/10/2023,18:09,0,0,0,0,13.03,1.24,0
28/10/2023,19:09,0,0,0,0,12.18,1.24,0
28/10/2023,20:09,0,0,0,0,11.72,1.1,0
28/10/2023,21:09,0,0,0,0,10.74,1.17,0
28/10/2023,22:09,0,0,0,0,9.2,1.24,0
28/10/2023,23:09,0,0,0,0,8.44,1.24,0
29/10/2023,00:09,0,0,0,0,7.61,1.45,0
29/10/2023,01:09,0,0,0,0,6.99,0.83,0
29/10/2023,02:09,0,0,0,0,6.92,0.69,0
29/10/2023,03:09,0,0,0,0,7,1.03,0
29/10/2023,04:09,0,0,0,0,6.23,1.31,0
29/10/2023,05:09,0,0,0,0,5.49,1.31,0
29/10/2023,06:09,0,0,0,0,5.19,1.45,0
29/10/2023,07:09,32,37,0,6.07,4.47,1.52,0
29/10/2023,08:09,158,94,0,16.69,8.62,1.45,0
29/10/2023,09:09,292.01,130,0,26.08,13.03,1.38,0
29/10/2023,10:09,391.01,159,0,33.53,14.79,1.1,0
29/10/2023,11:09,535.01,124,0,38.16,16.12,0.69,0
29/10/2023,12:09,458.01,182,0,39.18,17.15,0.83,0
29/10/2023,13:09,350.01,214,0,36.37,17.98,1.03,0
29/10/2023,14:09,123,250,0,30.29,18.41,1.17,0
29/10/2023,15:09,44,180,0,21.82,18.32,1.52,0
29/10/2023,16:09,1,64,0,11.78,17.59,1.59,0
29/10/2023,17:09,0,0,0,0,16.24,1.38,0
29/10/2023,18:09,0,0,0,0,14.63,1.03,0
29/10/2023,19:09,0,0,0,0,12.91,0.97,0
29/10/2023,20:09,0,0,0,0,11.69,1.03,0
29/10/2023,21:09,0,0,0,0,10.56,0.9,0
29/10/2023,22:09,0,0,0,0,9.43,1.17,0
29/10/2023,23:09,0,0,0,0,9.24,1.38,0
30/10/2023,00:09,0,0,0,0,9.8,1.24,0
30/10/2023,01:09,0,0,0,0,10.11,1.45,0
30/10/2023,02:09,0,0,0,0,10.04,2.07,0
30/10/2023,03:09,0,0,0,0,9.76,3.45,0
30/10/2023,04:09,0,0,0,0,9.1,4,0
30/10/2023,05:09,0,0,0,0,8.87,3.86,0
30/10/2023,06:09,0,0,0,0,9.06,4,0
30/10/2023,07:09,18,38,0,5.86,8.78,4,0
30/10/2023,08:09,19,124,0,16.46,9.91,4,0
30/10/2023,09:09,198.01,171,0,25.81,11.57,3.52,0
30/10/2023,10:09,166,259,0,33.23,12.82,2.55,0
30/10/2023,11:09,5,238,0,37.84,13.46,2.34,0
30/10/2023,12:09,0,91,0,38.85,13.75,2.41,0
30/10/2023,13:09,0,54,0,36.06,14.16,2,0
30/10/2023,14:09,0,103,0,30,14.95,1.45,0
30/10/2023,15:09,0,103,0,21.56,14.65,1.03,0
30/10/2023,16:09,47,85,0,11.55,13.38,0.9,0
30/10/2023,17:09,0,0,0,0,11.93,0.69,0
30/10/2023,18:09,0,0,0,0,10.96,0.62,0
30/10/2023,19:09,0,0,0,0,9.84,0.76,0
30/10/2023,20:09,0,0,0,0,9.26,0.97,0
30/10/2023,21:09,0,0,0,0,8.47,1.03,0
30/10/2023,22:09,0,0,0,0,7.66,1.03,0
30/10/2023,23:09,0,0,0,0,7.82,1.17,0
31/10/2023,00:09,0,0,0,0,7.93,1.17,0
31/10/2023,01:09,0,0,0,0,7.69,0.97,0
31/10/2023,02:09,0,0,0,0,7.1,1.17,0
31/10/2023,03:09,0,0,0,0,6.18,1.17,0
31/10/2023,04:09,0,0,0,0,5.85,1.1,0
31/10/2023,05:09,0,0,0,0,6.01,0.97,0
31/10/2023,06:09,0,0,0,0,6.26,0.9,0
31/10/2023,07:09,2,29.56,0,5.65,6.14,0.76,0
31/10/2023,08:09,6,109,0,16.22,8.08,0.97,0
31/10/2023,09:09,9,177,0,25.55,11.52,1.17,0
31/10/2023,10:09,0,163,0,32.93,12.99,1.03,0
31/10/2023,11:09,1,209,0,37.52,14.43,0.69,0
31/10/2023,12:09,0,157,0,38.52,15.11,0.34,0
31/10/2023,13:09,0,119,0,35.74,15.65,0.62,0
31/10/2023,14:09,81,246,0,29.71,15.44,0.76,0
31/10/2023,15:09,0,107,0,21.31,14.81,0.55,0
31/10/2023,16:09,1,60,0,11.32,13.75,0.76,0
31/10/2023,17:09,0,0,0,0,12.38,1.24,0
31/10/2023,18:09,0,0,0,0,11.14,1.17,0
31/10/2023,19:09,0,0,0,0,10.37,1.24,0
31/10/2023,20:09,0,0,0,0,10.2,1.45,0
31/10/2023,21:09,0,0,0,0,10.15,1.52,0
31/10/2023,22:09,0,0,0,0,10.13,1.52,0
31/10/2023,23:09,0,0,0,0,10.2,1.52,0
01/11/2023,00:09,0,0,0,0,10.2,1.66,0
01/11/2023,01:09,0,0,0,0,10.05,1.38,0
01/11/2023,02:09,0,0,0,0,9.73,1.93,0
01/11/2023,03:09,0,0,0,0,9.01,2.55,0
01/11/2023,04:09,0,0,0,0,8.25,2.83,0
01/11/2023,05:09,0,0,0,0,7.47,3.1,0
01/11/2023,06:09,0,0,0,0,6.81,3.03,0
01/11/2023,07:09,30,23.94,0,5.44,6.6,3.1,0
01/11/2023,08:09,184.01,67,0,15.99,8.75,3.17,0
01/11/2023,09:09,327.01,92,0,25.28,11.9,2.97,0
01/11/2023,10:09,394.01,136,0,32.64,13.94,2.28,0
01/11/2023,11:09,496.01,124,0,37.2,15.56,1.93,0
01/11/2023,12:09,511.01,126,0,38.2,16.59,1.72,0
01/11/2023,13:09,452.01,132,0,35.44,17.01,1.66,0
01/11/2023,14:09,356.01,123,0,29.44,17.45,1.72,0
01/11/2023,15:09,232.01,98,0,21.06,16.98,1.86,0
01/11/2023,16:09,49,80,0,11.1,15.82,1.93,0
01/11/2023,17:09,0,0,0,0,14.31,1.93,0
01/11/2023,18:09,0,0,0,0,12.78,2.07,0
01/11/2023,19:09,0,0,0,0,12.24,2.21,0
01/11/2023,20:09,0,0,0,0,11.19,2.48,0
01/11/2023,21:09,0,0,0,0,10.11,2.76,0
01/11/2023,22:09,0,0,0,0,9.14,2.97,0
01/11/2023,23:09,0,0,0,0,8.57,3.1,0
02/11/2023,00:09,0,0,0,0,8.44,3.1,0
02/11/2023,01:09,0,0,0,0,8.43,3.1,0
02/11/2023,02:09,0,0,0,0,8.24,4.9,0
02/11/2023,03:09,0,0,0,0,8.16,4.9,0
02/11/2023,04:09,0,0,0,0,9.12,6.55,0
02/11/2023,05:09,0,0,0,0,9.46,6.55,0
02/11/2023,06:09,0,0,0,0,9.82,6.48,0
02/11/2023,07:09,33,20.7,0,5.23,10.75,6.21,0
02/11/2023,08:09,147,84,0,15.76,12.02,5.72,0
02/11/2023,09:09,59,205,0,25.02,13.25,5.38,0
02/11/2023,10:09,100,267,0,32.35,13.4,4,0
02/11/2023,11:09,299.01,235,0,36.89,14.5,4.83,0
02/11/2023,12:09,330.01,229,0,37.88,15.52,5.1,0
02/11/2023,13:09,324.01,204,0,35.13,16.3,4.41,0
02/11/2023,14:09,95,239,0,29.16,16.43,3.93,0
02/11/2023,15:09,172,129,0,20.81,15.39,3.86,0
02/11/2023,16:09,17,80,0,10.88,14.49,3.45,0
02/11/2023,17:09,0,0,0,0,12.88,3.38,0
02/11/2023,18:09,0,0,0,0,11.03,3.45,0
02/11/2023,19:09,0,0,0,0,11.29,3.59,0
02/11/2023,20:09,0,0,0,0,9.82,3.31,0
02/11/2023,21:09,0,0,0,0,8.72,3.59,0
02/11/2023,22:09,0,0,0,0,8.13,3.31,0
02/11/2023,23:09,0,0,0,0,7.51,3.38,0
03/11/2023,00:09,0,0,0,0,6.83,3.72,0
03/11/2023,01:09,0,0,0,0,6.19,4.41,0
03/11/2023,02:09,0,0,0,0,5.74,4.41,0
03/11/2023,03:09,0,0,0,0,5.31,4.76,0
03/11/2023,04:09,0,0,0,0,4.97,4.97,0
03/11/2023,05:09,0,0,0,0,4.82,5.17,0
03/11/2023,06:09,0,0,0,0,4.89,5.31,0
03/11/2023,07:09,10,29.37,0,5.02,5.15,5.52,0
03/11/2023,08:09,13,114,0,15.52,5.79,5.24,0
03/11/2023,09:09,109,196,0,24.76,6.59,4.83,0
03/11/2023,10:09,104,264,0,32.06,7.45,3.93,0
03/11/2023,11:09,31,283,0,36.58,8.53,3.38,0
03/11/2023,12:09,160,300,0,37.57,9.37,3.31,0
03/11/2023,13:09,216.01,256,0,34.84,9.5,2.97,0
03/11/2023,14:09,30,229,0,28.89,9.78,3.1,0
03/11/2023,15:09,20,158,0,20.58,9.61,2.76,0
03/11/2023,16:09,91,57,0,10.67,9.16,2.34,0
03/11/2023,17:09,0,0,0,0,8.38,2.55,0
03/11/2023,18:09,0,0,0,0,7.68,2.55,0
03/11/2023,19:09,0,0,0,0,8.11,2.48,0
03/11/2023,20:09,0,0,0,0,7.97,2.41,0
03/11/2023,21:09,0,0,0,0,8.05,2.34,0
03/11/2023,22:09,0,0,0,0,8.08,2.28,0
03/11/2023,23:09,0,0,0,0,8.06,2.28,0
04/11/2023,00:09,0,0,0,0,8.1,2.21,0
04/11/2023,01:09,0,0,0,0,7.87,2.69,0
04/11/2023,02:09,0,0,0,0,7.78,3.24,0
04/11/2023,03:09,0,0,0,0,7.69,3.79,0
04/11/2023,04:09,0,0,0,0,7.64,4.28,0
04/11/2023,05:09,0,0,0,0,7.64,4.62,0
04/11/2023,06:09,0,0,0,0,7.61,4.97,0
04/11/2023,07:09,15,26.14,0,4.81,8.02,4.83,0
04/11/2023,08:09,141,82,0,15.29,9.17,4.62,0
04/11/2023,09:09,132,185,0,24.5,10.27,4,0
04/11/2023,10:09,281.01,192,0,31.77,11.44,3.72,0
04/11/2023,11:09,473.01,129,0,36.27,12.67,3.79,0
04/11/2023,12:09,426.01,168,0,37.26,13.59,4.28,0
04/11/2023,13:09,91,286,0,34.54,14.37,4.34,0
04/11/2023,14:09,93,235,0,28.63,14.77,4.34,0
04/11/2023,15:09,143,138,0,20.34,14.6,4.28,0
04/11/2023,16:09,68,66,0,10.46,13.92,4,0
04/11/2023,17:09,0,0,0,0,12.9,3.59,0
04/11/2023,18:09,0,0,0,0,11.95,3.66,0
04/11/2023,19:09,0,0,0,0,12.47,3.38,0
04/11/2023,20:09,0,0,0,0,12.35,3.17,0
04/11/2023,21:09,0,0,0,0,12.24,3.1,0
04/11/2023,22:09,0,0,0,0,12.2,2.76,0
04/11/2023,23:09,0,0,0,0,12.19,2.76,0
05/11/2023,00:09,0,0,0,0,11.69,2.48,0
05/11/2023,01:09,0,0,0,0,10.31,2.97,0
05/11/2023,02:09,0,0,0,0,8.94,3.03,0
05/11/2023,03:09,0,0,0,0,7.64,3.1,0
05/11/2023,04:09,0,0,0,0,6.86,3.03,0
05/11/2023,05:09,0,0,0,0,6.16,2.9,0
05/11/2023,06:09,0,0,0,0,5.65,2.83,0
05/11/2023,07:09,19,23.23,0,4.6,6.17,2.76,0
05/11/2023,08:09,147.01,79,0,15.06,6.99,2.83,0
05/11/2023,09:09,277.01,114,0,24.24,8.28,2.69,0
05/11/2023,10:09,368.01,146,0,31.49,10.08,1.93,0
05/11/2023,11:09,455.01,144,0,35.97,11.84,1.66,0
05/11/2023,12:09,497.01,129,0,36.95,13.12,1.17,0
05/11/2023,13:09,439.01,135,0,34.25,13.99,0.97,0
05/11/2023,14:09,337.01,128,0,28.37,14.3,0.9,0
05/11/2023,15:09,210.01,104,0,20.11,13.85,1.03,0
05/11/2023,16:09,83,58,0,10.26,12.64,1.24,0
05/11/2023,17:09,0,0,0,0,10.94,1.31,0
05/11/2023,18:09,0,0,0,0,9.48,1.24,0
05/11/2023,19:09,0,0,0,0,8.22,1.24,0
05/11/2023,20:09,0,0,0,0,7.24,1.24,0
05/11/2023,21:09,0,0,0,0,6.76,1.24,0
05/11/2023,22:09,0,0,0,0,5.87,1.1,0
05/11/2023,23:09,0,0,0,0,4.99,1.03,0
06/11/2023,00:09,0,0,0,0,4.43,1.24,0
06/11/2023,01:09,0,0,0,0,4.26,1.72,0
06/11/2023,02:09,0,0,0,0,4.13,1.93,0
06/11/2023,03:09,0,0,0,0,4.19,2.07,0
06/11/2023,04:09,0,0,0,0,4.31,2.28,0
06/11/2023,05:09,0,0,0,0,4.72,2.62,0
06/11/2023,06:09,0,0,0,0,5.05,2.69,0
06/11/2023,07:09,30,15.8,0,4.39,5.2,2.76,0
06/11/2023,08:09,160.01,70,0,14.82,6.29,2.69,0
06/11/2023,09:09,353.01,70,0,23.99,7.63,2.48,0
06/11/2023,10:09,359.01,150,0,31.2,8.84,1.93,0
06/11/2023,11:09,481.01,126,0,35.66,10.04,1.72,0
06/11/2023,12:09,505.01,123,0,36.65,10.93,1.24,0
06/11/2023,13:09,437.01,135,0,33.97,11.36,0.76,0
06/11/2023,14:09,350.01,119,0,28.11,11.56,0.48,0
06/11/2023,15:09,217.01,98,0,19.89,11.16,0.48,0
06/11/2023,16:09,86,55,0,10.06,10.47,0.62,0
06/11/2023,17:09,0,0,0,0,9.22,0.76,0
06/11/2023,18:09,0,0,0,0,8.16,0.9,0
06/11/2023,19:09,0,0,0,0,7.03,0.83,0
06/11/2023,20:09,0,0,0,0,6.2,0.83,0
06/11/2023,21:09,0,0,0,0,6.05,0.97,0
06/11/2023,22:09,0,0,0,0,5.46,1.03,0
06/11/2023,23:09,0,0,0,0,4.94,0.97,0
07/11/2023,00:09,0,0,0,0,4.53,0.83,0
07/11/2023,01:09,0,0,0,0,3.85,0.55,0
07/11/2023,02:09,0,0,0,0,3.74,0.76,0
07/11/2023,03:09,0,0,0,0,3.44,1.17,0
07/11/2023,04:09,0,0,0,0,2.95,1.72,0
07/11/2023,05:09,0,0,0,0,2.65,2.34,0
07/11/2023,06:09,0,0,0,0,2.44,2.62,0
07/11/2023,07:09,15,22.15,0,4.17,3.04,2.69,0
07/11/2023,08:09,149.01,75,0,14.59,3.95,2.48,0
07/11/2023,09:09,278.01,112,0,23.73,6.54,2.21,0
07/11/2023,10:09,377.01,140,0,30.92,8.67,1.66,0
07/11/2023,11:09,485.01,125,0,35.37,10.29,1.45,0
07/11/2023,12:09,500.01,127,0,36.35,11.39,0.97,0
07/11/2023,13:09,433.01,138,0,33.69,11.85,0.48,0
07/11/2023,14:09,346.01,122,0,27.86,11.88,0.55,0
07/11/2023,15:09,223.01,95,0,19.67,11.48,0.76,0
07/11/2023,16:09,82,56,0,9.87,10.68,0.97,0
07/11/2023,17:09,0,0,0,0,9.31,1.03,0
07/11/2023,18:09,0,0,0,0,7.92,1.1,0
07/11/2023,19:09,0,0,0,0,6.54,1.17,0
07/11/2023,20:09,0,0,0,0,6.63,1.17,0
07/11/2023,21:09,0,0,0,0,5.9,1.17,0
07/11/2023,22:09,0,0,0,0,5.28,1.17,0
07/11/2023,23:09,0,0,0,0,4.35,1.24,0
08/11/2023,00:09,0,0,0,0,3.4,1.31,0
08/11/2023,01:09,0,0,0,0,2.73,0.69,0
08/11/2023,02:09,0,0,0,0,2.34,0.55,0
08/11/2023,03:09,0,0,0,0,2.18,0.62,0
08/11/2023,04:09,0,0,0,0,2.03,0.9,0
08/11/2023,05:09,0,0,0,0,1.7,1.31,0
08/11/2023,06:09,0,0,0,0,1.46,1.38,0
08/11/2023,07:09,0,23,0,3.96,1.25,1.59,0
08/11/2023,08:09,67,107,0,14.36,4.19,2.07,0
08/11/2023,09:09,252.01,118,0,23.48,7.93,2.28,0
08/11/2023,10:09,331.01,155,0,30.65,9.83,1.59,0
08/11/2023,11:09,530.01,88,0,35.07,10.7,1.1,0
08/11/2023,12:09,505.01,111,0,36.06,11.78,0.97,0
08/11/2023,13:09,462.01,108,0,33.42,12.76,1.1,0
08/11/2023,14:09,348.01,110,0,27.62,13.33,1.17,0
08/11/2023,15:09,244.01,76,0,19.46,13.48,1.24,0
08/11/2023,16:09,37,70,0,9.68,12.6,1.38,0
08/11/2023,17:09,0,0,0,0,11.09,1.52,0
08/11/2023,18:09,0,0,0,0,9.67,1.66,0
08/11/2023,19:09,0,0,0,0,8.29,1.66,0
08/11/2023,20:09,0,0,0,0,7.49,1.66,0
08/11/2023,21:09,0,0,0,0,6.89,1.72,0
08/11/2023,22:09,0,0,0,0,6.14,1.86,0
08/11/2023,23:09,0,0,0,0,5.3,1.86,0
09/11/2023,00:09,0,0,0,0,4.62,1.72,0
09/11/2023,01:09,0,0,0,0,4.37,1.66,0
09/11/2023,02:09,0,0,0,0,4.46,2.14,0
09/11/2023,03:09,0,0,0,0,4.64,2.69,0
09/11/2023,04:09,0,0,0,0,4.52,3.52,0
09/11/2023,05:09,0,0,0,0,4.32,3.03,0
09/11/2023,06:09,0,0,0,0,4.42,3.24,0
09/11/2023,07:09,0,21,0,3.76,5.53,3.24,0
09/11/2023,08:09,71,103,0,14.13,7.85,3.03,0
09/11/2023,09:09,44,189,0,23.22,10.15,2.62,0
09/11/2023,10:09,40,245,0,30.37,11.05,1.93,0
09/11/2023,11:09,3,218,0,34.79,11.76,1.66,0
09/11/2023,12:09,421.01,159,0,35.77,12.34,1.72,0
09/11/2023,13:09,293.01,204,0,33.15,13.17,1.59,0
09/11/2023,14:09,324.01,121,0,27.38,13.5,1.59,0
09/11/2023,15:09,201.01,97,0,19.25,13.39,1.59,0
09/11/2023,16:09,67,57,0,9.5,12.82,1.52,0
09/11/2023,17:09,0,0,0,0,11.62,1.45,0
09/11/2023,18:09,0,0,0,0,10.34,1.66,0
09/11/2023,19:09,0,0,0,0,9.56,1.72,0
09/11/2023,20:09,0,0,0,0,8.87,1.86,0
09/11/2023,21:09,0,0,0,0,7.87,2,0
09/11/2023,22:09,0,0,0,0,7.56,1.93,0
09/11/2023,23:09,0,0,0,0,7.7,1.86,0
10/11/2023,00:09,0,0,0,0,7.61,1.66,0
10/11/2023,01:09,0,0,0,0,7.84,1.66,0
10/11/2023,02:09,0,0,0,0,7.61,2.34,0
10/11/2023,03:09,0,0,0,0,7.56,2.76,0
10/11/2023,04:09,0,0,0,0,7.28,3.03,0
10/11/2023,05:09,0,0,0,0,6.91,3.31,0
10/11/2023,06:09,0,0,0,0,6.57,3.59,0
10/11/2023,07:09,0,21,0,3.55,6.37,3.45,0
10/11/2023,08:09,127.01,74,0,13.91,7.55,3.31,0
10/11/2023,09:09,242.01,116,0,22.97,10.23,3.03,0
10/11/2023,10:09,347.01,138,0,30.1,12.23,2.41,0
10/11/2023,11:09,502.01,96,0,34.5,13.68,2.07,0
10/11/2023,12:09,504.01,105,0,35.49,14.53,1.79,0
10/11/2023,13:09,434.01,117,0,32.89,14.77,1.79,0
10/11/2023,14:09,318.01,121,0,27.15,14.56,1.79,0
10/11/2023,15:09,247.01,69,0,19.05,14.23,1.79,0
10/11/2023,16:09,91,44,0,9.32,13.46,1.79,0
10/11/2023,17:09,0,0,0,0,11.98,1.86,0
10/11/2023,18:09,0,0,0,0,10.55,1.86,0
10/11/2023,19:09,0,0,0,0,10.2,1.93,0
10/11/2023,20:09,0,0,0,0,9.26,1.93,0
10/11/2023,21:09,0,0,0,0,8.59,1.86,0
10/11/2023,22:09,0,0,0,0,8.49,1.86,0
10/11/2023,23:09,0,0,0,0,8.44,1.86,0
11/11/2023,00:09,0,0,0,0,8.21,1.79,0
11/11/2023,01:09,0,0,0,0,7.67,1.66,0
11/11/2023,02:09,0,0,0,0,7.1,2.21,0
11/11/2023,03:09,0,0,0,0,6.61,2.83,0
11/11/2023,04:09,0,0,0,0,6.18,3.1,0
11/11/2023,05:09,0,0,0,0,6.07,3.31,0
11/11/2023,06:09,0,0,0,0,5.76,3.38,0
11/11/2023,07:09,0,20,0,3.34,6.52,3.24,0
11/11/2023,08:09,128.01,72,0,13.68,8.87,2.9,0
11/11/2023,09:09,265.01,101,0,22.73,12.7,2.55,0
11/11/2023,10:09,340.01,140,0,29.83,14.91,1.93,0
11/11/2023,11:09,423.01,141,0,34.22,16.67,1.66,0
11/11/2023,12:09,446.01,138,0,35.21,17.78,1.66,0
11/11/2023,13:09,400.01,137,0,32.63,18.14,1.66,0
11/11/2023,14:09,323.01,117,0,26.92,18.03,1.66,0
11/11/2023,15:09,177.01,106,0,18.85,17.45,1.72,0
11/11/2023,16:09,61,56,0,9.15,16.42,1.79,0
11/11/2023,17:09,0,0,0,0,14.44,1.86,0
11/11/2023,18:09,0,0,0,0,12.68,1.93,0
11/11/2023,19:09,0,0,0,0,11.61,1.93,0
11/11/2023,20:09,0,0,0,0,9.87,1.86,0
11/11/2023,21:09,0,0,0,0,8.68,1.79,0
11/11/2023,22:09,0,0,0,0,7.95,1.66,0
11/11/2023,23:09,0,0,0,0,7.37,1.59,0
12/11/2023,00:09,0,0,0,0,6.92,1.52,0
12/11/2023,01:09,0,0,0,0,6.58,1.03,0
12/11/2023,02:09,0,0,0,0,6.24,1.31,0
12/11/2023,03:09,0,0,0,0,6.26,1.79,0
12/11/2023,04:09,0,0,0,0,6.28,2.34,0
12/11/2023,05:09,0,0,0,0,6.33,2.62,0
12/11/2023,06:09,0,0,0,0,6.32,2.69,0
12/11/2023,07:09,0,19,0,3.13,6.75,2.69,0
12/11/2023,08:09,161.01,55,0,13.46,8.98,2.34,0
12/11/2023,09:09,247.01,111,0,22.48,12.73,1.79,0
12/11/2023,10:09,342.01,140,0,29.57,14.72,1.1,0
12/11/2023,11:09,443.01,129,0,33.94,16.31,0.55,0
12/11/2023,12:09,467.01,126,0,34.94,17.39,0.76,0
12/11/2023,13:09,411.01,131,0,32.38,18.03,0.97,0
12/11/2023,14:09,319.01,120,0,26.7,18.15,1.03,0
12/11/2023,15:09,194.01,96,0,18.66,17.46,1.1,0
12/11/2023,16:09,68,52,0,8.99,16.29,1.17,0
12/11/2023,17:09,0,0,0,0,14.71,1.17,0
12/11/2023,18:09,0,0,0,0,13.15,1.17,0
12/11/2023,19:09,0,0,0,0,12.77,1.31,0
12/11/2023,20:09,0,0,0,0,11.49,1.45,0
12/11/2023,21:09,0,0,0,0,10.59,1.59,0
12/11/2023,22:09,0,0,0,0,9.75,1.59,0
12/11/2023,23:09,0,0,0,0,9.23,1.52,0
13/11/2023,00:09,0,0,0,0,9.21,1.52,0
13/11/2023,01:09,0,0,0,0,9.2,0.97,0
13/11/2023,02:09,0,0,0,0,8.23,0.55,0
13/11/2023,03:09,0,0,0,0,7.1,0.83,0
13/11/2023,04:09,0,0,0,0,6.21,1.1,0
13/11/2023,05:09,0,0,0,0,5.81,1.52,0
13/11/2023,06:09,0,0,0,0,5.87,1.79,0
13/11/2023,07:09,0,16,0,2.93,6.36,1.93,0
13/11/2023,08:09,124.01,70,0,13.23,9.16,1.93,0
13/11/2023,09:09,251.01,105,0,22.24,13.32,1.66,0
13/11/2023,10:09,356.01,127,0,29.31,16.45,1.24,0
13/11/2023,11:09,420.01,139,0,33.67,18.48,0.76,0
13/11/2023,12:09,451.01,131,0,34.67,19.97,0.76,0
13/11/2023,13:09,413.01,125,0,32.13,20.75,0.69,0
13/11/2023,14:09,371.01,86,0,26.48,20.85,0.83,0
13/11/2023,15:09,209.01,84,0,18.47,20.4,1.1,0
13/11/2023,16:09,37,62,0,8.83,19.3,1.24,0
13/11/2023,17:09,0,0,0,0,17.53,1.31,0
13/11/2023,18:09,0,0,0,0,15.28,1.45,0
13/11/2023,19:09,0,0,0,0,14.91,1.45,0
13/11/2023,20:09,0,0,0,0,14.11,1.52,0
13/11/2023,21:09,0,0,0,0,13.27,1.45,0
13/11/2023,22:09,0,0,0,0,12.47,1.45,0
13/11/2023,23:09,0,0,0,0,11.38,1.45,0
14/11/2023,00:09,0,0,0,0,10.39,1.59,0
14/11/2023,01:09,0,0,0,0,9.69,1.31,0
14/11/2023,02:09,0,0,0,0,9.29,0.55,0
14/11/2023,03:09,0,0,0,0,9.19,1.38,0
14/11/2023,04:09,0,0,0,0,9.31,1.52,0
14/11/2023,05:09,0,0,0,0,9.66,1.59,0
14/11/2023,06:09,0,0,0,0,10.11,1.72,0
14/11/2023,07:09,0,15,0,2.72,8.97,1.86,0
14/11/2023,08:09,154.01,54,0,13.01,10.13,1.86,0
14/11/2023,09:09,281.01,86,0,22,13.96,1.59,0
14/11/2023,10:09,348.01,131,0,29.05,18.12,1.24,0
14/11/2023,11:09,489.01,97,0,33.4,19.6,0.76,0
14/11/2023,12:09,460.01,125,0,34.41,20.71,0.62,0
14/11/2023,13:09,405.01,130,0,31.89,21.41,0.62,0
14/11/2023,14:09,314.01,118,0,26.27,21.58,0.83,0
14/11/2023,15:09,193.01,92,0,18.29,21.23,1.03,0
14/11/2023,16:09,60,52,0,8.68,20.16,1.24,0
14/11/2023,17:09,0,0,0,0,18.37,1.31,0
14/11/2023,18:09,0,0,0,0,16.56,1.38,0
14/11/2023,19:09,0,0,0,0,15.94,1.38,0
14/11/2023,20:09,0,0,0,0,14.98,1.38,0
14/11/2023,21:09,0,0,0,0,14.18,1.45,0
14/11/2023,22:09,0,0,0,0,13.55,1.52,0
14/11/2023,23:09,0,0,0,0,12.66,1.66,0
15/11/2023,00:09,0,0,0,0,11.41,1.59,0
15/11/2023,01:09,0,0,0,0,10.82,1.31,0
15/11/2023,02:09,0,0,0,0,10.55,0.48,0
15/11/2023,03:09,0,0,0,0,10.36,0.55,0
15/11/2023,04:09,0,0,0,0,10.1,0.69,0
15/11/2023,05:09,0,0,0,0,9.62,0.62,0
15/11/2023,06:09,0,0,0,0,8.92,1.03,0
15/11/2023,07:09,0,13,0,2.52,9.38,1.79,0
15/11/2023,08:09,112.01,72,0,12.79,10.13,2.14,0
15/11/2023,09:09,236.01,109,0,21.76,14.58,1.86,0
15/11/2023,10:09,356.01,122,0,28.79,18.8,1.31,0
15/11/2023,11:09,430.01,127,0,33.14,20.71,0.9,0
15/11/2023,12:09,462.01,119,0,34.16,21.99,1.1,0
15/11/2023,13:09,407.01,124,0,31.66,22.75,1.38,0
15/11/2023,14:09,309.01,117,0,26.07,22.86,1.52,0
15/11/2023,15:09,192.01,90,0,18.12,22.23,1.52,0
15/11/2023,16:09,62,50,0,8.53,20.97,1.52,0
15/11/2023,17:09,0,0,0,0,18.98,1.52,0
15/11/2023,18:09,0,0,0,0,16.86,1.45,0
15/11/2023,19:09,0,0,0,0,15.5,1.45,0
15/11/2023,20:09,0,0,0,0,13.28,1.45,0
15/11/2023,21:09,0,0,0,0,11.97,1.45,0
15/11/2023,22:09,0,0,0,0,11.07,1.45,0
15/11/2023,23:09,0,0,0,0,10.5,1.45,0
16/11/2023,00:09,0,0,0,0,10.26,1.59,0
16/11/2023,01:09,0,0,0,0,10.32,1.24,0
16/11/2023,02:09,0,0,0,0,10.45,0.55,0
16/11/2023,03:09,0,0,0,0,10.55,1.17,0
16/11/2023,04:09,0,0,0,0,10.38,1.38,0
16/11/2023,05:09,0,0,0,0,10.23,1.66,0
16/11/2023,06:09,0,0,0,0,10.12,1.52,0
16/11/2023,07:09,0,8,0,2.32,9.18,1.45,0
16/11/2023,08:09,26,97,0,12.57,11.02,2,0
16/11/2023,09:09,35,175,0,21.52,13.94,1.66,0
16/11/2023,10:09,206.01,200,0,28.54,17.23,1.17,0
16/11/2023,11:09,9,228,0,32.88,18.54,0.62,0
16/11/2023,12:09,55,280,0,33.9,19.58,0.55,0
16/11/2023,13:09,64,263,0,31.43,19.74,0.83,0
16/11/2023,14:09,219.01,164,0,25.87,19.93,1.1,0
16/11/2023,15:09,115,127,0,17.95,19.7,1.31,0
16/11/2023,16:09,59,49,0,8.38,18.52,1.31,0
16/11/2023,17:09,0,0,0,0,16.92,0.97,0
16/11/2023,18:09,0,0,0,0,15.46,0.9,0
16/11/2023,19:09,0,0,0,0,15.06,1.1,0
16/11/2023,20:09,0,0,0,0,14.19,1.31,0
16/11/2023,21:09,0,0,0,0,13.16,1.45,0
16/11/2023,22:09,0,0,0,0,11.73,1.45,0
16/11/2023,23:09,0,0,0,0,11.27,1.24,0
17/11/2023,00:09,0,0,0,0,12.3,1.59,0
17/11/2023,01:09,0,0,0,0,12.34,1.38,0
17/11/2023,02:09,0,0,0,0,12.04,0.55,0
17/11/2023,03:09,0,0,0,0,10.59,0.21,0
17/11/2023,04:09,0,0,0,0,9.32,0.62,0
17/11/2023,05:09,0,0,0,0,9.06,1.31,0
17/11/2023,06:09,0,0,0,0,10.11,2,0
17/11/2023,07:09,0,10,0,2.11,8.57,2.34,0
17/11/2023,08:09,115.01,65,0,12.36,9.48,2.41,0
17/11/2023,09:09,238.01,102,0,21.29,13.85,1.86,0
17/11/2023,10:09,329.01,132,0,28.29,18.09,1.38,0
17/11/2023,11:09,413.01,132,0,32.63,19.83,1.1,0
17/11/2023,12:09,463.01,113,0,33.66,20.93,0.76,0
17/11/2023,13:09,384.01,133,0,31.21,21.49,0.55,0
17/11/2023,14:09,308.01,113,0,25.68,21.47,0.83,0
17/11/2023,15:09,187.01,89,0,17.79,20.86,1.1,0
17/11/2023,16:09,53,51,0,8.25,19.62,1.24,0
17/11/2023,17:09,0,0,0,0,17.71,1.38,0
17/11/2023,18:09,0,0,0,0,15.39,1.52,0
17/11/2023,19:09,0,0,0,0,15.17,1.59,0
17/11/2023,20:09,0,0,0,0,14.35,1.59,0
17/11/2023,21:09,0,0,0,0,13.72,1.59,0
17/11/2023,22:09,0,0,0,0,12.37,1.66,0
17/11/2023,23:09,0,0,0,0,11.11,1.66,0
18/11/2023,00:09,0,0,0,0,9.93,1.72,0
18/11/2023,01:09,0,0,0,0,8.81,1.31,0
18/11/2023,02:09,0,0,0,0,7.95,1.17,0
18/11/2023,03:09,0,0,0,0,7.42,1.31,0
18/11/2023,04:09,0,0,0,0,7,1.17,0
18/11/2023,05:09,0,0,0,0,6.54,1.03,0
18/11/2023,06:09,0,0,0,0,6.17,0.97,0
18/11/2023,07:09,0,8,0,1.91,5.62,1.1,0
18/11/2023,08:09,108.01,65,0,12.14,7.43,1.17,0
18/11/2023,09:09,263.01,83,0,21.06,13.1,1.1,0
18/11/2023,10:09,303.01,142,0,28.05,16.25,0.97,0
18/11/2023,11:09,457.01,101,0,32.38,18.07,0.76,0
18/11/2023,12:09,445.01,119,0,33.42,19.39,0.97,0
18/11/2023,13:09,392.01,123,0,30.99,20.17,1.17,0
18/11/2023,14:09,302.01,112,0,25.49,20.4,1.31,0
18/11/2023,15:09,185.01,87,0,17.63,20.09,1.45,0
18/11/2023,16:09,51,50,0,8.12,19.15,1.52,0
18/11/2023,17:09,0,0,0,0,17.55,1.59,0
18/11/2023,18:09,0,0,0,0,15.6,1.59,0
18/11/2023,19:09,0,0,0,0,14.28,1.59,0
18/11/2023,20:09,0,0,0,0,12.62,1.66,0
18/11/2023,21:09,0,0,0,0,11.17,1.59,0
18/11/2023,22:09,0,0,0,0,10.03,1.59,0
18/11/2023,23:09,0,0,0,0,9.03,1.66,0
19/11/2023,00:09,0,0,0,0,8.14,1.72,0
19/11/2023,01:09,0,0,0,0,7.45,1.24,0
19/11/2023,02:09,0,0,0,0,6.91,0.76,0
19/11/2023,03:09,0,0,0,0,6.45,0.9,0
19/11/2023,04:09,0,0,0,0,6.07,0.83,0
19/11/2023,05:09,0,0,0,0,5.77,0.69,0
19/11/2023,06:09,0,0,0,0,5.54,0.55,0
19/11/2023,07:09,0,7,0,1.72,5.15,0.48,0
19/11/2023,08:09,105.01,66,0,11.93,7.09,0.48,0
19/11/2023,09:09,231.01,101,0,20.83,12.72,0.55,0
19/11/2023,10:09,335.01,123,0,27.81,16.94,0.41,0
19/11/2023,11:09,391.01,140,0,32.14,18.97,0.21,0
19/11/2023,12:09,456.01,112,0,33.19,20.41,0.62,0
19/11/2023,13:09,401.01,118,0,30.78,21.21,0.97,0
19/11/2023,14:09,315.01,105,0,25.31,21.47,1.1,0
19/11/2023,15:09,179.01,90,0,17.48,21.18,1.24,0
19/11/2023,16:09,57,46,0,7.99,20.17,1.31,0
19/11/2023,17:09,0,0,0,0,18.41,1.38,0
19/11/2023,18:09,0,0,0,0,16.98,1.38,0
19/11/2023,19:09,0,0,0,0,15.77,1.38,0
19/11/2023,20:09,0,0,0,0,14.63,1.38,0
19/11/2023,21:09,0,0,0,0,13.3,1.31,0
19/11/2023,22:09,0,0,0,0,11.97,1.31,0
19/11/2023,23:09,0,0,0,0,10.77,1.24,0
20/11/2023,00:09,0,0,0,0,9.96,1.45,0
20/11/2023,01:09,0,0,0,0,9.41,1.24,0
20/11/2023,02:09,0,0,0,0,9.32,0.83,0
20/11/2023,03:09,0,0,0,0,9.57,1.31,0
20/11/2023,04:09,0,0,0,0,10.14,1.79,0
20/11/2023,05:09,0,0,0,0,10.75,2.28,0
20/11/2023,06:09,0,0,0,0,11.23,2.69,0
20/11/2023,07:09,0,6,0,1.52,9.24,3.03,0
20/11/2023,08:09,101.01,66,0,11.72,10.2,2.9,0
20/11/2023,09:09,234.01,97,0,20.61,12.05,2.21,0
20/11/2023,10:09,339.01,118,0,27.58,15.57,1.52,0
20/11/2023,11:09,428.01,115,0,31.9,17.51,1.24,0
20/11/2023,12:09,461.01,107,0,32.96,18.63,1.38,0
20/11/2023,13:09,399.01,117,0,30.57,19.21,1.38,0
20/11/2023,14:09,308.01,107,0,25.13,19.14,1.52,0
20/11/2023,15:09,185.01,85,0,17.34,18.33,1.59,0
20/11/2023,16:09,27,56,0,7.87,16.99,1.66,0
20/11/2023,17:09,0,0,0,0,15.22,1.72,0
20/11/2023,18:09,0,0,0,0,13.5,1.79,0
20/11/2023,19:09,0,0,0,0,11.47,1.79,0
20/11/2023,20:09,0,0,0,0,10.17,1.79,0
20/11/2023,21:09,0,0,0,0,9.08,1.86,0
20/11/2023,22:09,0,0,0,0,8.19,1.79,0
20/11/2023,23:09,0,0,0,0,7.5,1.72,0
21/11/2023,00:09,0,0,0,0,6.93,1.72,0
21/11/2023,01:09,0,0,0,0,6.41,1.52,0
21/11/2023,02:09,0,0,0,0,6.04,1.72,0
21/11/2023,03:09,0,0,0,0,5.74,2.21,0
21/11/2023,04:09,0,0,0,0,5.46,2.62,0
21/11/2023,05:09,0,0,0,0,5.42,2.76,0
21/11/2023,06:09,0,0,0,0,5.48,3.03,0
21/11/2023,07:09,0,0,0,0,5.47,3.03,0
21/11/2023,08:09,102.01,63,0,11.51,6.63,2.9,0
21/11/2023,09:09,237.01,93,0,20.39,10.32,2.55,0
21/11/2023,10:09,294.01,143,0,27.34,12.53,2.21,0
21/11/2023,11:09,7,217,0,31.67,13.87,2,0
21/11/2023,12:09,10,231,0,32.74,13.86,1.72,0
21/11/2023,13:09,334.01,155,0,30.38,13.8,1.45,0
21/11/2023,14:09,319.01,100,0,24.97,12.95,1.24,0
21/11/2023,15:09,228.01,62,0,17.2,12.25,1.03,0
21/11/2023,16:09,68,39,0,7.76,11.14,1.1,0
21/11/2023,17:09,0,0,0,0,9.61,1.03,0
21/11/2023,18:09,0,0,0,0,8.43,1.1,0
21/11/2023,19:09,0,0,0,0,7.84,1.1,0
21/11/2023,20:09,0,0,0,0,6.52,1.17,0
21/11/2023,21:09,0,0,0,0,5.33,1.24,0
21/11/2023,22:09,0,0,0,0,5.02,1.17,0
21/11/2023,23:09,0,0,0,0,4.36,1.17,0
22/11/2023,00:09,0,0,0,0,3.95,1.03,0
22/11/2023,01:09,0,0,0,0,3.34,1.03,0
22/11/2023,02:09,0,0,0,0,2.93,1.38,0
22/11/2023,03:09,0,0,0,0,2.37,1.86,0
22/11/2023,04:09,0,0,0,0,1.88,2,0
22/11/2023,05:09,0,0,0,0,1.58,2.07,0
22/11/2023,06:09,0,0,0,0,1.26,2.41,0
22/11/2023,07:09,0,0,0,0,1.46,2.48,0
22/11/2023,08:09,101.01,63,0,11.31,1.85,2.14,0
22/11/2023,09:09,244.01,89,0,20.17,4.82,1.86,0
22/11/2023,10:09,144,216,0,27.12,6.51,1.38,0
22/11/2023,11:09,415.01,124,0,31.44,7.84,1.17,0
22/11/2023,12:09,458.01,110,0,32.52,8.94,0.83,0
22/11/2023,13:09,396.01,120,0,30.18,9.56,0.55,0
22/11/2023,14:09,317.01,103,0,24.8,9.73,0.21,0
22/11/2023,15:09,180.01,88,0,17.06,9.51,0.07,0
22/11/2023,16:09,52,46,0,7.65,9.07,0.21,0
22/11/2023,17:09,0,0,0,0,8.05,0.41,0
22/11/2023,18:09,0,0,0,0,7.02,0.76,0
22/11/2023,19:09,0,0,0,0,6.48,0.9,0
22/11/2023,20:09,0,0,0,0,6.44,0.97,0
22/11/2023,21:09,0,0,0,0,6.05,0.9,0
22/11/2023,22:09,0,0,0,0,5.59,0.9,0
22/11/2023,23:09,0,0,0,0,5.17,0.9,0
23/11/2023,00:09,0,0,0,0,4.83,0.97,0
23/11/2023,01:09,0,0,0,0,4.49,0.83,0
23/11/2023,02:09,0,0,0,0,4.07,0.48,0
23/11/2023,03:09,0,0,0,0,3.82,0.76,0
23/11/2023,04:09,0,0,0,0,3.74,1.17,0
23/11/2023,05:09,0,0,0,0,3.39,1.31,0
23/11/2023,06:09,0,0,0,0,2.97,1.31,0
23/11/2023,07:09,0,0,0,0,2.48,1.45,0
23/11/2023,08:09,98.01,63,0,11.11,2.66,1.45,0
23/11/2023,09:09,227.01,97,0,19.96,5.45,1.24,0
23/11/2023,10:09,338.01,116,0,26.9,7.85,0.9,0
23/11/2023,11:09,413.01,123,0,31.22,9.45,0.55,0
23/11/2023,12:09,447.01,114,0,32.31,10.48,0.69,0
23/11/2023,13:09,401.01,115,0,30,11.23,0.76,0
23/11/2023,14:09,303.01,110,0,24.65,11.64,0.9,0
23/11/2023,15:09,179.01,87,0,16.94,11.57,0.97,0
23/11/2023,16:09,49,46,0,7.55,10.93,1.1,0
23/11/2023,17:09,0,0,0,0,9.76,1.24,0
23/11/2023,18:09,0,0,0,0,8.29,1.17,0
23/11/2023,19:09,0,0,0,0,7.68,1.17,0
23/11/2023,20:09,0,0,0,0,7.01,1.17,0
23/11/2023,21:09,0,0,0,0,6.27,1.24,0
23/11/2023,22:09,0,0,0,0,5.64,1.31,0
23/11/2023,23:09,0,0,0,0,4.77,1.31,0
24/11/2023,00:09,0,0,0,0,4.19,1.45,0
24/11/2023,01:09,0,0,0,0,4.12,1.17,0
24/11/2023,02:09,0,0,0,0,4.35,0.69,0
24/11/2023,03:09,0,0,0,0,4.16,1.1,0
24/11/2023,04:09,0,0,0,0,3.38,1.45,0
24/11/2023,05:09,0,0,0,0,2.67,1.66,0
24/11/2023,06:09,0,0,0,0,2.32,1.72,0
24/11/2023,07:09,0,0,0,0,1.3,1.72,0
24/11/2023,08:09,95.01,62,0,10.91,2.35,1.66,0
24/11/2023,09:09,230.01,93,0,19.75,6.3,1.31,0
24/11/2023,10:09,343.01,111,0,26.68,10.3,1.03,0
24/11/2023,11:09,403.01,127,0,31,12.33,0.69,0
24/11/2023,12:09,436.01,120,0,32.11,13.72,0.69,0
24/11/2023,13:09,392.01,120,0,29.82,14.62,0.97,0
24/11/2023,14:09,296.01,113,0,24.5,14.99,1.1,0
24/11/2023,15:09,171.01,91,0,16.82,14.77,1.24,0
24/11/2023,16:09,49,45,0,7.46,13.71,1.24,0
24/11/2023,17:09,0,0,0,0,12.01,1.31,0
24/11/2023,18:09,0,0,0,0,10.17,1.38,0
24/11/2023,19:09,0,0,0,0,9.64,1.31,0
24/11/2023,20:09,0,0,0,0,8.82,1.31,0
24/11/2023,21:09,0,0,0,0,7.48,1.38,0
24/11/2023,22:09,0,0,0,0,6.4,1.38,0
24/11/2023,23:09,0,0,0,0,5.67,1.45,0
25/11/2023,00:09,0,0,0,0,5.12,1.72,0
25/11/2023,01:09,0,0,0,0,4.84,1.45,0
25/11/2023,02:09,0,0,0,0,5.16,0.34,0
25/11/2023,03:09,0,0,0,0,5.64,0.9,0
25/11/2023,04:09,0,0,0,0,5.69,1.1,0
25/11/2023,05:09,0,0,0,0,5.38,1.24,0
25/11/2023,06:09,0,0,0,0,5.01,1.31,0
25/11/2023,07:09,0,0,0,0,2.99,1.31,0
25/11/2023,08:09,91.01,62,0,10.71,4.14,1.24,0
25/11/2023,09:09,224.01,95,0,19.54,9.85,0.9,0
25/11/2023,10:09,342.01,111,0,26.47,13.83,0.34,0
25/11/2023,11:09,394.01,132,0,30.79,15.75,0.9,0
25/11/2023,12:09,428.01,124,0,31.91,17.16,1.31,0
25/11/2023,13:09,377.01,128,0,29.65,17.97,1.24,0
25/11/2023,14:09,308.01,105,0,24.36,18.26,1.52,0
25/11/2023,15:09,175.01,88,0,16.7,17.96,1.72,0
25/11/2023,16:09,47,46,0,7.37,16.76,1.59,0
25/11/2023,17:09,0,0,0,0,14.77,1.45,0
25/11/2023,18:09,0,0,0,0,13.1,1.45,0
25/11/2023,19:09,0,0,0,0,10.85,1.45,0
25/11/2023,20:09,0,0,0,0,9.79,1.45,0
25/11/2023,21:09,0,0,0,0,7.57,1.52,0
25/11/2023,22:09,0,0,0,0,5.96,1.59,0
25/11/2023,23:09,0,0,0,0,5.26,1.72,0
26/11/2023,00:09,0,0,0,0,5.04,1.79,0
26/11/2023,01:09,0,0,0,0,4.78,1.52,0
26/11/2023,02:09,0,0,0,0,4.71,0.62,0
26/11/2023,03:09,0,0,0,0,4.86,0.48,0
26/11/2023,04:09,0,0,0,0,4.54,0.69,0
26/11/2023,05:09,0,0,0,0,3.95,0.9,0
26/11/2023,06:09,0,0,0,0,3.11,1.24,0
26/11/2023,07:09,0,0,0,0,1.3,1.79,0
26/11/2023,08:09,96.01,56,0,10.52,2.47,2.14,0
26/11/2023,09:09,239.01,82,0,19.34,7.8,1.79,0
26/11/2023,10:09,359.01,95,0,26.26,13.05,1.45,0
26/11/2023,11:09,393.01,127,0,30.59,14.99,1.17,0
26/11/2023,12:09,451.01,104,0,31.72,16.34,1.1,0
26/11/2023,13:09,391.01,114,0,29.48,17.23,1.1,0
26/11/2023,14:09,279.01,117,0,24.22,17.49,1.1,0
26/11/2023,15:09,183.01,80,0,16.6,16.99,1.17,0
26/11/2023,16:09,61,37,0,7.28,15.66,1.24,0
26/11/2023,17:09,0,0,0,0,13.71,1.31,0
26/11/2023,18:09,0,0,0,0,11.32,1.31,0
26/11/2023,19:09,0,0,0,0,9.84,1.31,0
26/11/2023,20:09,0,0,0,0,9.26,1.31,0
26/11/2023,21:09,0,0,0,0,8.54,1.31,0
26/11/2023,22:09,0,0,0,0,7.83,1.38,0
26/11/2023,23:09,0,0,0,0,7.03,1.38,0
27/11/2023,00:09,0,0,0,0,6.19,1.38,0
27/11/2023,01:09,0,0,0,0,5.7,1.24,0
27/11/2023,02:09,0,0,0,0,5.51,0.9,0
27/11/2023,03:09,0,0,0,0,5.44,1.38,0
27/11/2023,04:09,0,0,0,0,5.35,1.66,0
27/11/2023,05:09,0,0,0,0,4.71,2,0
27/11/2023,06:09,0,0,0,0,4.3,2.55,0
27/11/2023,07:09,0,0,0,0,3.93,3.03,0
27/11/2023,08:09,84,59,0,10.33,4.79,2.76,0
27/11/2023,09:09,209.01,95,0,19.14,7.87,2.07,0
27/11/2023,10:09,331.01,106,0,26.06,11.73,1.66,0
27/11/2023,11:09,399.01,117,0,30.39,13.79,1.52,0
27/11/2023,12:09,409.01,124,0,31.54,15.3,1.38,0
27/11/2023,13:09,375.01,119,0,29.32,16.13,1.38,0
27/11/2023,14:09,288.01,108,0,24.09,15.85,1.38,0
27/11/2023,15:09,171.01,84,0,16.5,14.66,1.45,0
27/11/2023,16:09,49,41,0,7.21,13.16,1.38,0
27/11/2023,17:09,0,0,0,0,11.33,1.38,0
27/11/2023,18:09,0,0,0,0,9.58,1.38,0
27/11/2023,19:09,0,0,0,0,8.1,1.38,0
27/11/2023,20:09,0,0,0,0,6.77,1.45,0
27/11/2023,21:09,0,0,0,0,6.16,1.45,0
27/11/2023,22:09,0,0,0,0,5.74,1.45,0
27/11/2023,23:09,0,0,0,0,5.44,1.38,0
28/11/2023,00:09,0,0,0,0,4.9,1.31,0
28/11/2023,01:09,0,0,0,0,4.66,1.03,0
28/11/2023,02:09,0,0,0,0,4.3,0.9,0
28/11/2023,03:09,0,0,0,0,4.18,1.31,0
28/11/2023,04:09,0,0,0,0,4.16,1.45,0
28/11/2023,05:09,0,0,0,0,4.09,1.72,0
28/11/2023,06:09,0,0,0,0,4.24,1.86,0
28/11/2023,07:09,0,0,0,0,4.3,2.14,0
28/11/2023,08:09,103.01,47,0,10.14,5.84,2.21,0
28/11/2023,09:09,220.01,82,0,18.95,9.09,1.79,0
28/11/2023,10:09,345.01,92,0,25.86,12.49,1.45,0
28/11/2023,11:09,400.01,108,0,30.19,14.35,1.17,0
28/11/2023,12:09,426.01,106,0,31.36,15.65,1.1,0
28/11/2023,13:09,383.01,107,0,29.17,16.23,1.1,0
28/11/2023,14:09,241.01,130,0,23.97,16.23,1.03,0
28/11/2023,15:09,173.01,78,0,16.4,15.27,0.97,0
28/11/2023,16:09,49,40,0,7.14,13.59,1.03,0
28/11/2023,17:09,0,0,0,0,11.87,1.03,0
28/11/2023,18:09,0,0,0,0,10.32,1.03,0
28/11/2023,19:09,0,0,0,0,9.14,1.03,0
28/11/2023,20:09,0,0,0,0,8.07,0.97,0
28/11/2023,21:09,0,0,0,0,7.41,0.97,0
28/11/2023,22:09,0,0,0,0,7.31,1.1,0
28/11/2023,23:09,0,0,0,0,7.11,1.1,0
29/11/2023,00:09,0,0,0,0,7.13,1.24,0
29/11/2023,01:09,0,0,0,0,7.12,0.97,0
29/11/2023,02:09,0,0,0,0,6.95,1.1,0
29/11/2023,03:09,0,0,0,0,7.05,1.38,0
29/11/2023,04:09,0,0,0,0,6.93,1.79,0
29/11/2023,05:09,0,0,0,0,6.19,2.28,0
29/11/2023,06:09,0,0,0,0,6.25,2.69,0
29/11/2023,07:09,0,0,0,0,6.27,3.1,0
29/11/2023,08:09,99.01,46,0,9.96,7.66,3.17,0
29/11/2023,09:09,86,144,0,18.76,11.08,2.34,0
29/11/2023,10:09,76,211,0,25.67,12.72,1.79,0
29/11/2023,11:09,141,238,0,30.01,14.23,1.59,0
29/11/2023,12:09,437.01,98,0,31.19,15.27,1.45,0
29/11/2023,13:09,287.01,160,0,29.03,15.86,1.45,0
29/11/2023,14:09,210.01,144,0,23.85,15.22,1.31,0
29/11/2023,15:09,25,127,0,16.31,14.71,1.17,0
29/11/2023,16:09,12,48,0,7.07,13.85,1.17,0
29/11/2023,17:09,0,0,0,0,13.21,1.17,0
29/11/2023,18:09,0,0,0,0,12.63,1.1,0
29/11/2023,19:09,0,0,0,0,12.37,1.24,0
29/11/2023,20:09,0,0,0,0,11.5,1.03,0
29/11/2023,21:09,0,0,0,0,10.98,0.97,0
29/11/2023,22:09,0,0,0,0,10.81,1.03,0
29/11/2023,23:09,0,0,0,0,10.53,1.1,0
30/11/2023,00:09,0,0,0,0,10.37,1.59,0
30/11/2023,01:09,0,0,0,0,10.66,1.66,0
30/11/2023,02:09,0,0,0,0,10.61,2.14,0
30/11/2023,03:09,0,0,0,0,10.48,3.24,0
30/11/2023,04:09,0,0,0,0,10.42,3.79,0
30/11/2023,05:09,0,0,0,0,10.32,4,0
30/11/2023,06:09,0,0,0,0,10.27,3.86,0
30/11/2023,07:09,0,0,0,0,10.35,3.45,0
30/11/2023,08:09,78,54,0,9.78,10.78,3.1,0
30/11/2023,09:09,115,132,0,18.57,12.3,2.48,0
30/11/2023,10:09,293.01,117,0,25.48,14,2.21,0
30/11/2023,11:09,448.01,78,0,29.83,15.46,2.14,0
30/11/2023,12:09,470.01,79,0,31.02,16.47,1.79,0
30/11/2023,13:09,310.01,146,0,28.89,16.76,1.72,0
30/11/2023,14:09,272.01,108,0,23.74,16.67,1.72,0
30/11/2023,15:09,102,112,0,16.23,16.33,1.86,0
30/11/2023,16:09,8,47,0,7.01,15.34,1.86,0
30/11/2023,17:09,0,0,0,0,14.14,1.93,0
30/11/2023,18:09,0,0,0,0,13.12,1.93,0
30/11/2023,19:09,0,0,0,0,12.56,1.93,0
30/11/2023,20:09,0,0,0,0,11.15,1.93,0
30/11/2023,21:09,0,0,0,0,10.04,1.93,0
30/11/2023,22:09,0,0,0,0,8.81,2,0
30/11/2023,23:09,0,0,0,0,8.24,2.14,0
01/12/2023,00:09,0,0,0,0,7.23,2.55,0
01/12/2023,01:09,0,0,0,0,7.07,2.21,0
01/12/2023,02:09,0,0,0,0,6.92,2.34,0
01/12/2023,03:09,0,0,0,0,6.83,2.62,0
01/12/2023,04:09,0,0,0,0,7.35,3.52,0
01/12/2023,05:09,0,0,0,0,7.48,3.31,0
01/12/2023,06:09,0,0,0,0,7.39,3.45,0
01/12/2023,07:09,0,0,0,0,7.13,2.55,0
01/12/2023,08:09,0,12,0,9.61,7.75,2.07,0
01/12/2023,09:09,0,27,0,18.39,9.9,2.14,0
01/12/2023,10:09,0,38,0,25.3,9.95,2.28,0
01/12/2023,11:09,316.01,154,0,29.65,10.11,2.34,0
01/12/2023,12:09,3,196,0,30.87,9.59,2.07,0
01/12/2023,13:09,0,72,0,28.76,8.61,1.93,0
01/12/2023,14:09,0,67,0,23.64,7.76,2.14,0
01/12/2023,15:09,0,44,0,16.15,6.84,2.21,0
01/12/2023,16:09,0,8,0,6.96,6.14,2.07,0
01/12/2023,17:09,0,0,0,0,5.07,1.93,0
01/12/2023,18:09,0,0,0,0,3.55,2,0
01/12/2023,19:09,0,0,0,0,3.31,1.93,0
01/12/2023,20:09,0,0,0,0,2.98,1.72,0
01/12/2023,21:09,0,0,0,0,2.81,1.52,0
01/12/2023,22:09,0,0,0,0,2.83,1.45,0
01/12/2023,23:09,0,0,0,0,2.99,1.31,0
02/12/2023,00:09,0,0,0,0,3.15,1.03,0
02/12/2023,01:09,0,0,0,0,3.13,1.03,0
02/12/2023,02:09,0,0,0,0,3.08,1.38,0
02/12/2023,03:09,0,0,0,0,2.89,2,0
02/12/2023,04:09,0,0,0,0,2.63,2.48,0
02/12/2023,05:09,0,0,0,0,2.29,2.69,0
02/12/2023,06:09,0,0,0,0,1.72,2.62,0
02/12/2023,07:09,0,0,0,0,1.7,2.48,0
02/12/2023,08:09,107.01,38,0,9.44,2.04,2.21,0
02/12/2023,09:09,228.01,75,0,18.22,3.82,1.93,0
02/12/2023,10:09,361.01,80,0,25.13,5.61,1.45,0
02/12/2023,11:09,405.01,106,0,29.48,6.86,1.24,0
02/12/2023,12:09,458.01,88,0,30.72,7.49,1.31,0
02/12/2023,13:09,399.01,99,0,28.63,7.93,1.17,0
02/12/2023,14:09,303.01,95,0,23.54,8.01,0.97,0
02/12/2023,15:09,186.01,72,0,16.09,7.62,0.34,0
02/12/2023,16:09,48,40,0,6.91,6.77,0.62,0
02/12/2023,17:09,0,0,0,0,5.53,0.83,0
02/12/2023,18:09,0,0,0,0,4.45,0.83,0
02/12/2023,19:09,0,0,0,0,3.38,0.83,0
02/12/2023,20:09,0,0,0,0,2.92,0.9,0
02/12/2023,21:09,0,0,0,0,2.39,0.9,0
02/12/2023,22:09,0,0,0,0,2.49,0.97,0
02/12/2023,23:09,0,0,0,0,1.95,1.03,0
03/12/2023,00:09,0,0,0,0,1.11,1.24,0
03/12/2023,01:09,0,0,0,0,0.93,1.17,0
03/12/2023,02:09,0,0,0,0,0.49,0.9,0
03/12/2023,03:09,0,0,0,0,0.44,1.03,0
03/12/2023,04:09,0,0,0,0,0.35,0.83,0
03/12/2023,05:09,0,0,0,0,-0.06,0.55,0
03/12/2023,06:09,0,0,0,0,-0.59,0.34,0
03/12/2023,07:09,0,0,0,0,-2.17,0.34,0
03/12/2023,08:09,73,54,0,9.27,-1.59,0.55,0
03/12/2023,09:09,222.01,76,0,18.05,3.1,0.34,0
03/12/2023,10:09,327.01,99,0,24.96,6.42,0.48,0
03/12/2023,11:09,381.01,120,0,29.32,8.38,0.62,0
03/12/2023,12:09,463.01,84,0,30.57,9.83,0.97,0
03/12/2023,13:09,391.01,103,0,28.51,10.76,1.17,0
03/12/2023,14:09,327.01,80,0,23.45,11.12,1.45,0
03/12/2023,15:09,155.01,89,0,16.02,10.91,1.59,0
03/12/2023,16:09,4,43,0,6.87,10.19,1.66,0
03/12/2023,17:09,0,0,0,0,8.97,1.59,0
03/12/2023,18:09,0,0,0,0,7.57,1.52,0
03/12/2023,19:09,0,0,0,0,6.29,1.52,0
03/12/2023,20:09,0,0,0,0,4.92,1.59,0
03/12/2023,21:09,0,0,0,0,3.31,1.66,0
03/12/2023,22:09,0,0,0,0,2.08,1.72,0
03/12/2023,23:09,0,0,0,0,1.31,1.79,0
04/12/2023,00:09,0,0,0,0,1.15,1.66,0
04/12/2023,01:09,0,0,0,0,0.95,1.66,0
04/12/2023,02:09,0,0,0,0,1.1,1.66,0
04/12/2023,03:09,0,0,0,0,1.21,1.86,0
04/12/2023,04:09,0,0,0,0,1.61,1.93,0
04/12/2023,05:09,0,0,0,0,2.13,2.69,0
04/12/2023,06:09,0,0,0,0,2.35,2.76,0
04/12/2023,07:09,0,0,0,0,2.28,2.69,0
04/12/2023,08:09,4,57,0,9.1,3.5,2.34,0
04/12/2023,09:09,0,97,0,17.88,6.07,1.86,0
04/12/2023,10:09,0,135,0,24.79,7.58,1.59,0
04/12/2023,11:09,5,191,0,29.17,8.21,1.45,0
04/12/2023,12:09,5,200,0,30.44,8.87,1.45,0
04/12/2023,13:09,3,180,0,28.4,9.09,1.45,0
04/12/2023,14:09,7,161,0,23.37,9.4,1.52,0
04/12/2023,15:09,3,99,0,15.97,9.2,1.52,0
04/12/2023,16:09,8,46,0,6.84,8.69,1.52,0
04/12/2023,17:09,0,0,0,0,8.06,1.59,0
04/12/2023,18:09,0,0,0,0,7.69,1.38,0
04/12/2023,19:09,0,0,0,0,7.45,1.03,0
04/12/2023,20:09,0,0,0,0,7.13,0.76,0
04/12/2023,21:09,0,0,0,0,6.88,0.69,0
04/12/2023,22:09,0,0,0,0,6.53,0.55,0
04/12/2023,23:09,0,0,0,0,6.26,0.55,0
05/12/2023,00:09,0,0,0,0,5.8,0.97,0
05/12/2023,01:09,0,0,0,0,5.03,1.03,0
05/12/2023,02:09,0,0,0,0,4.28,1.38,0
05/12/2023,03:09,0,0,0,0,3.8,1.59,0
05/12/2023,04:09,0,0,0,0,2.97,1.52,0
05/12/2023,05:09,0,0,0,0,2.66,1.31,0
05/12/2023,06:09,0,0,0,0,2.61,1.1,0
05/12/2023,07:09,0,0,0,0,3.25,0.97,0
05/12/2023,08:09,15,66,0,8.95,4.26,1.17,0
05/12/2023,09:09,71,142,0,17.72,6.21,1.52,0
05/12/2023,10:09,111,200,0,24.63,7.95,1.38,0
05/12/2023,11:09,75,246,0,29.02,9.41,1.17,0
05/12/2023,12:09,236.01,207,0,30.31,11.16,1.03,0
05/12/2023,13:09,56,238,0,28.3,11.24,1.03,0
05/12/2023,14:09,2,144,0,23.3,10.97,1.24,0
05/12/2023,15:09,77,121,0,15.92,10.42,1.38,0
05/12/2023,16:09,11,47,0,6.81,9.86,1.24,0
05/12/2023,17:09,0,0,0,0,8.8,1.1,0
05/12/2023,18:09,0,0,0,0,7.86,1.1,0
05/12/2023,19:09,0,0,0,0,7.03,1.17,0
05/12/2023,20:09,0,0,0,0,6.46,1.1,0
05/12/2023,21:09,0,0,0,0,5.85,0.83,0
05/12/2023,22:09,0,0,0,0,5.47,0.76,0
05/12/2023,23:09,0,0,0,0,5.48,0.76,0
06/12/2023,00:09,0,0,0,0,5.47,0.55,0
06/12/2023,01:09,0,0,0,0,5.48,0.48,0
06/12/2023,02:09,0,0,0,0,5.51,0.48,0
06/12/2023,03:09,0,0,0,0,5.52,0.55,0
06/12/2023,04:09,0,0,0,0,5.63,0.55,0
06/12/2023,05:09,0,0,0,0,5.62,0.97,0
06/12/2023,06:09,0,0,0,0,5.74,1.31,0
06/12/2023,07:09,0,0,0,0,5.88,1.66,0
06/12/2023,08:09,0,44,0,8.79,6.09,2.21,0
06/12/2023,09:09,9,124,0,17.56,6.98,1.79,0
06/12/2023,10:09,53,201,0,24.48,7.77,1.17,0
06/12/2023,11:09,44,236,0,28.88,8.66,0.76,0
06/12/2023,12:09,6,202,0,30.19,9.55,0.97,0
06/12/2023,13:09,3,178,0,28.2,10.85,1.1,0
06/12/2023,14:09,0,103,0,23.23,11.33,0.97,0
06/12/2023,15:09,0,66,0,15.87,11.22,0.83,0
06/12/2023,16:09,6,43,0,6.79,10.34,0.97,0
06/12/2023,17:09,0,0,0,0,9.65,1.1,0
06/12/2023,18:09,0,0,0,0,9.07,1.1,0
06/12/2023,19:09,0,0,0,0,9.01,1.1,0
06/12/2023,20:09,0,0,0,0,9,1.1,0
06/12/2023,21:09,0,0,0,0,8.81,0.9,0
06/12/2023,22:09,0,0,0,0,8.6,1.03,0
06/12/2023,23:09,0,0,0,0,8.17,1.1,0
07/12/2023,00:09,0,0,0,0,8.05,0.97,0
07/12/2023,01:09,0,0,0,0,8.08,0.9,0
07/12/2023,02:09,0,0,0,0,8,0.97,0
07/12/2023,03:09,0,0,0,0,7.83,1.1,0
07/12/2023,04:09,0,0,0,0,7.8,1.24,0
07/12/2023,05:09,0,0,0,0,7.47,1.72,0
07/12/2023,06:09,0,0,0,0,7.5,2.21,0
07/12/2023,07:09,0,0,0,0,7.44,2.41,0
07/12/2023,08:09,45,56,0,8.64,7.76,2.41,0
07/12/2023,09:09,233.01,55,0,17.41,9.02,1.93,0
07/12/2023,10:09,361.01,61,0,24.33,10.31,1.52,0
07/12/2023,11:09,443.01,63,0,28.74,11.39,1.59,0
07/12/2023,12:09,468.01,63,0,30.07,12.53,2.14,0
07/12/2023,13:09,431.01,63,0,28.11,13.78,2.21,0
07/12/2023,14:09,224.01,126,0,23.17,14.46,2.07,0
07/12/2023,15:09,162.01,75,0,15.84,14.26,1.79,0
07/12/2023,16:09,27,43,0,6.77,13.41,1.72,0
07/12/2023,17:09,0,0,0,0,11.9,1.86,0
07/12/2023,18:09,0,0,0,0,10.5,1.86,0
07/12/2023,19:09,0,0,0,0,9.19,1.79,0
07/12/2023,20:09,0,0,0,0,8.46,2,0
07/12/2023,21:09,0,0,0,0,7.85,2.28,0
07/12/2023,22:09,0,0,0,0,7.71,2.21,0
07/12/2023,23:09,0,0,0,0,7.36,3.03,0
08/12/2023,00:09,0,0,0,0,7.51,2,0
08/12/2023,01:09,0,0,0,0,7.57,2.97,0
08/12/2023,02:09,0,0,0,0,7.59,3.38,0
08/12/2023,03:09,0,0,0,0,7.75,3.59,0
08/12/2023,04:09,0,0,0,0,7.96,4.28,0
08/12/2023,05:09,0,0,0,0,8.01,4.76,0
08/12/2023,06:09,0,0,0,0,8.31,4.62,0
08/12/2023,07:09,0,0,0,0,7.86,4.28,0
08/12/2023,08:09,0,32,0,8.49,8.16,3.59,0
08/12/2023,09:09,100,125,0,17.27,8.31,2.9,0
08/12/2023,10:09,369.01,59,0,24.19,8.47,2.28,0
08/12/2023,11:09,425.01,76,0,28.61,9.29,2.14,0
08/12/2023,12:09,380.01,118,0,29.96,10.2,2,0
08/12/2023,13:09,431.01,66,0,28.03,10.35,1.79,0
08/12/2023,14:09,260.01,108,0,23.11,10.06,1.79,0
08/12/2023,15:09,171.01,72,0,15.81,9.47,1.79,0
08/12/2023,16:09,58,31,0,6.76,8.79,1.59,0
08/12/2023,17:09,0,0,0,0,7.75,1.59,0
08/12/2023,18:09,0,0,0,0,6.81,1.52,0
08/12/2023,19:09,0,0,0,0,6.36,1.59,0
08/12/2023,20:09,0,0,0,0,5.57,1.66,0
08/12/2023,21:09,0,0,0,0,4.8,1.66,0
08/12/2023,22:09,0,0,0,0,4.49,1.66,0
08/12/2023,23:09,0,0,0,0,4.09,1.59,0
09/12/2023,00:09,0,0,0,0,3.77,1.66,0
09/12/2023,01:09,0,0,0,0,3.21,1.38,0
09/12/2023,02:09,0,0,0,0,2.82,1.38,0
09/12/2023,03:09,0,0,0,0,2.58,1.93,0
09/12/2023,04:09,0,0,0,0,2.53,2.55,0
09/12/2023,05:09,0,0,0,0,2.54,2.97,0
09/12/2023,06:09,0,0,0,0,2.54,3.24,0
09/12/2023,07:09,0,0,0,0,2.63,3.17,0
09/12/2023,08:09,16,60,0,8.35,3.43,2.9,0
09/12/2023,09:09,177.01,85,0,17.13,6.79,2.34,0
09/12/2023,10:09,165.01,170,0,24.06,10.04,2,0
09/12/2023,11:09,331.01,130,0,28.49,11.93,1.86,0
09/12/2023,12:09,429.01,86,0,29.86,13.21,1.72,0
09/12/2023,13:09,60,233,0,27.96,14,1.66,0
09/12/2023,14:09,115,179,0,23.07,14.31,1.45,0
09/12/2023,15:09,136.01,91,0,15.79,14.07,1.31,0
09/12/2023,16:09,38,40,0,6.76,13.07,1.17,0
09/12/2023,17:09,0,0,0,0,11.28,1.1,0
09/12/2023,18:09,0,0,0,0,9.76,1.17,0
09/12/2023,19:09,0,0,0,0,8.64,1.24,0
09/12/2023,20:09,0,0,0,0,7.37,1.31,0
09/12/2023,21:09,0,0,0,0,7.09,1.45,0
09/12/2023,22:09,0,0,0,0,6.91,1.59,0
09/12/2023,23:09,0,0,0,0,6.93,1.66,0
10/12/2023,00:09,0,0,0,0,6.82,1.79,0
10/12/2023,01:09,0,0,0,0,6.35,1.66,0
10/12/2023,02:09,0,0,0,0,5.48,0.9,0
10/12/2023,03:09,0,0,0,0,4.86,0.41,0
10/12/2023,04:09,0,0,0,0,4.32,0.76,0
10/12/2023,05:09,0,0,0,0,3.8,1.17,0
10/12/2023,06:09,0,0,0,0,3.43,1.38,0
10/12/2023,07:09,0,0,0,0,3.03,1.45,0
10/12/2023,08:09,57,49,0,8.21,3.57,1.38,0
10/12/2023,09:09,240.01,52,0,16.99,8.49,1.17,0
10/12/2023,10:09,365.01,61,0,23.93,14.33,1.1,0
10/12/2023,11:09,431.01,74,0,28.38,16.79,1.17,0
10/12/2023,12:09,450.01,78,0,29.77,18.17,1.17,0
10/12/2023,13:09,405.01,82,0,27.89,19.08,1.24,0
10/12/2023,14:09,315.01,78,0,23.03,19.47,1.38,0
10/12/2023,15:09,186.01,65,0,15.77,19.26,1.52,0
10/12/2023,16:09,53,34,0,6.76,18.22,1.52,0
10/12/2023,17:09,0,0,0,0,15.77,1.59,0
10/12/2023,18:09,0,0,0,0,14.05,1.52,0
10/12/2023,19:09,0,0,0,0,12.64,1.52,0
10/12/2023,20:09,0,0,0,0,11.88,1.52,0
10/12/2023,21:09,0,0,0,0,10.32,1.52,0
10/12/2023,22:09,0,0,0,0,9.29,1.52,0
10/12/2023,23:09,0,0,0,0,8.98,1.52,0
11/12/2023,00:09,0,0,0,0,9.14,1.52,0
11/12/2023,01:09,0,0,0,0,9.45,1.59,0
11/12/2023,02:09,0,0,0,0,9.58,1.03,0
11/12/2023,03:09,0,0,0,0,9.84,0.55,0
11/12/2023,04:09,0,0,0,0,10.01,0.62,0
11/12/2023,05:09,0,0,0,0,9.97,1.03,0
11/12/2023,06:09,0,0,0,0,9.57,1.45,0
11/12/2023,07:09,0,0,0,0,9.37,1.66,0
11/12/2023,08:09,44,53,0,8.08,8.8,1.45,0
11/12/2023,09:09,206.01,67,0,16.86,11.41,1.17,0
11/12/2023,10:09,327.01,79,0,23.81,16.42,0.76,0
11/12/2023,11:09,414.01,80,0,28.27,19.72,0.83,0
11/12/2023,12:09,427.01,88,0,29.68,21.1,1.24,0
11/12/2023,13:09,411.01,77,0,27.83,21.72,1.38,0
11/12/2023,14:09,350.01,58,0,22.99,21.74,1.38,0
11/12/2023,15:09,106,107,0,15.76,21.04,1.45,0
11/12/2023,16:09,19,46,0,6.77,19.7,1.52,0
11/12/2023,17:09,0,0,0,0,17.8,1.59,0
11/12/2023,18:09,0,0,0,0,16.84,1.59,0
11/12/2023,19:09,0,0,0,0,14.5,1.66,0
11/12/2023,20:09,0,0,0,0,13.15,1.72,0
11/12/2023,21:09,0,0,0,0,12.32,1.79,0
11/12/2023,22:09,0,0,0,0,11.53,1.86,0
11/12/2023,23:09,0,0,0,0,10.79,1.93,0
12/12/2023,00:09,0,0,0,0,10.01,2,0
12/12/2023,01:09,0,0,0,0,9.6,1.93,0
12/12/2023,02:09,0,0,0,0,9.47,1.24,0
12/12/2023,03:09,0,0,0,0,9.09,1.17,0
12/12/2023,04:09,0,0,0,0,8.58,2.28,0
12/12/2023,05:09,0,0,0,0,7.95,2.83,0
12/12/2023,06:09,0,0,0,0,7.35,3.17,0
12/12/2023,07:09,0,0,0,0,5.92,3.17,0
12/12/2023,08:09,56,46,0,7.95,5.84,2.76,0
12/12/2023,09:09,31,135,0,16.74,10.11,2.55,0
12/12/2023,10:09,140,180,0,23.69,16.12,2.34,0
12/12/2023,11:09,427.01,74,0,28.17,18.41,2.28,0
12/12/2023,12:09,406.01,102,0,29.61,19.05,2.21,0
12/12/2023,13:09,369.01,103,0,27.78,19.25,2.28,0
12/12/2023,14:09,280.01,98,0,22.97,18.96,2.34,0
12/12/2023,15:09,115.01,104,0,15.75,18.18,2.28,0
12/12/2023,16:09,22,46,0,6.79,16.83,2.14,0
12/12/2023,17:09,0,0,0,0,14.88,2,0
12/12/2023,18:09,0,0,0,0,13.13,2,0
12/12/2023,19:09,0,0,0,0,11.6,2,0
12/12/2023,20:09,0,0,0,0,9.93,2.07,0
12/12/2023,21:09,0,0,0,0,8.81,2,0
12/12/2023,22:09,0,0,0,0,7.78,2.07,0
12/12/2023,23:09,0,0,0,0,6.93,2.14,0
13/12/2023,00:09,0,0,0,0,6.21,1.86,0
13/12/2023,01:09,0,0,0,0,5.51,2.07,0
13/12/2023,02:09,0,0,0,0,4.91,2.83,0
13/12/2023,03:09,0,0,0,0,4.63,2.83,0
13/12/2023,04:09,0,0,0,0,5.15,2.97,0
13/12/2023,05:09,0,0,0,0,5.69,3.03,0
13/12/2023,06:09,0,0,0,0,6.47,2.69,0
13/12/2023,07:09,0,0,0,0,7.09,2.69,0
13/12/2023,08:09,55,45,0,7.83,7.93,2.62,0
13/12/2023,09:09,0,33,0,16.62,9.07,2.55,0
13/12/2023,10:09,0,64,0,23.58,9.64,2.34,0
13/12/2023,11:09,0,111,0,28.08,9.31,2.14,0
13/12/2023,12:09,7,205,0,29.53,8.9,2.14,0
13/12/2023,13:09,20,214,0,27.74,8.33,1.93,0
13/12/2023,14:09,17,175,0,22.95,7.95,1.52,0
13/12/2023,15:09,6,108,0,15.76,7.29,1.45,0
13/12/2023,16:09,7,45,0,6.81,6.86,1.03,0
13/12/2023,17:09,0,0,0,0,5.91,0.97,0
13/12/2023,18:09,0,0,0,0,4.71,1.03,0
13/12/2023,19:09,0,0,0,0,4.51,1.17,0
13/12/2023,20:09,0,0,0,0,4.03,1.03,0
13/12/2023,21:09,0,0,0,0,3.67,0.9,0
13/12/2023,22:09,0,0,0,0,3.02,0.97,0
13/12/2023,23:09,0,0,0,0,2.77,1.03,0
14/12/2023,00:09,0,0,0,0,2.75,0.9,0
14/12/2023,01:09,0,0,0,0,2.7,0.76,0
14/12/2023,02:09,0,0,0,0,2.33,1.03,0
14/12/2023,03:09,0,0,0,0,2.4,1.24,0
14/12/2023,04:09,0,0,0,0,2.16,1.31,0
14/12/2023,05:09,0,0,0,0,1.6,1.59,0
14/12/2023,06:09,0,0,0,0,1.26,1.66,0
14/12/2023,07:09,0,0,0,0,1.12,1.66,0
14/12/2023,08:09,78.01,34,0,7.71,1.45,1.72,0
14/12/2023,09:09,239.01,49,0,16.51,3.4,1.59,0
14/12/2023,10:09,374.01,55,0,23.48,5.2,1.1,0
14/12/2023,11:09,462.01,57,0,27.99,6.7,0.9,0
14/12/2023,12:09,480.01,63,0,29.47,7.9,0.76,0
14/12/2023,13:09,406.01,84,0,27.7,8.66,0.34,0
14/12/2023,14:09,327.01,73,0,22.94,9.05,0.28,0
14/12/2023,15:09,192.01,64,0,15.77,8.83,0.34,0
14/12/2023,16:09,55,35,0,6.83,8.06,0.48,0
14/12/2023,17:09,0,0,0,0,6.78,0.62,0
14/12/2023,18:09,0,0,0,0,5.1,0.83,0
14/12/2023,19:09,0,0,0,0,4.48,0.9,0
14/12/2023,20:09,0,0,0,0,4.16,0.9,0
14/12/2023,21:09,0,0,0,0,3.6,0.83,0
14/12/2023,22:09,0,0,0,0,3.19,0.83,0
14/12/2023,23:09,0,0,0,0,2.85,0.83,0
15/12/2023,00:09,0,0,0,0,2.56,0.76,0
15/12/2023,01:09,0,0,0,0,2.28,0.9,0
15/12/2023,02:09,0,0,0,0,1.87,0.62,0
15/12/2023,03:09,0,0,0,0,1.87,1.45,0
15/12/2023,04:09,0,0,0,0,1.76,2,0
15/12/2023,05:09,0,0,0,0,1.61,2.41,0
15/12/2023,06:09,0,0,0,0,1.35,2.55,0
15/12/2023,07:09,0,0,0,0,1.52,2.55,0
15/12/2023,08:09,72.01,36,0,7.6,1.46,2.48,0
15/12/2023,09:09,237.01,49,0,16.4,3.26,2,0
15/12/2023,10:09,350.01,67,0,23.39,7.08,1.66,0
15/12/2023,11:09,416.01,81,0,27.91,8.84,1.45,0
15/12/2023,12:09,429.01,90,0,29.42,10.06,1.17,0
15/12/2023,13:09,398.01,88,0,27.67,10.67,1.17,0
15/12/2023,14:09,317.01,79,0,22.93,10.79,1.24,0
15/12/2023,15:09,188.01,67,0,15.78,10.41,1.38,0
15/12/2023,16:09,52,37,0,6.87,9.49,1.45,0
15/12/2023,17:09,0,0,0,0,7.89,1.59,0
15/12/2023,18:09,0,0,0,0,6.08,1.52,0
15/12/2023,19:09,0,0,0,0,5.17,1.38,0
15/12/2023,20:09,0,0,0,0,4.57,1.17,0
15/12/2023,21:09,0,0,0,0,3.66,1.31,0
15/12/2023,22:09,0,0,0,0,2.63,1.38,0
15/12/2023,23:09,0,0,0,0,1.5,1.59,0
16/12/2023,00:09,0,0,0,0,0.26,1.72,0
16/12/2023,01:09,0,0,0,0,-0.43,1.52,0
16/12/2023,02:09,0,0,0,0,-0.23,0.76,0
16/12/2023,03:09,0,0,0,0,1.24,0.76,0
16/12/2023,04:09,0,0,0,0,1.54,1.38,0
16/12/2023,05:09,0,0,0,0,0.87,1.66,0
16/12/2023,06:09,0,0,0,0,-0.14,1.86,0
16/12/2023,07:09,0,0,0,0,-2.54,1.93,0
16/12/2023,08:09,60,42,0,7.49,-2.07,1.86,0
16/12/2023,09:09,213.01,63,0,16.3,2.92,1.45,0
16/12/2023,10:09,309.01,94,0,23.3,7.49,1.31,0
16/12/2023,11:09,405.01,92,0,27.84,9.65,1.24,0
16/12/2023,12:09,431.01,95,0,29.37,11.04,0.9,0
16/12/2023,13:09,393.01,97,0,27.65,11.82,0.97,0
16/12/2023,14:09,326.01,78,0,22.93,12.04,1.03,0
16/12/2023,15:09,199.01,64,0,15.81,11.71,1.1,0
16/12/2023,16:09,57,36,0,6.9,10.66,1.1,0
16/12/2023,17:09,0,0,0,0,8.86,1.1,0
16/12/2023,18:09,0,0,0,0,6.5,1.03,0
16/12/2023,19:09,0,0,0,0,6.97,1.03,0
16/12/2023,20:09,0,0,0,0,6.07,1.03,0
16/12/2023,21:09,0,0,0,0,5.35,1.1,0
16/12/2023,22:09,0,0,0,0,4.77,1.1,0
16/12/2023,23:09,0,0,0,0,4.4,1.1,0
17/12/2023,00:09,0,0,0,0,4.08,1.38,0
17/12/2023,01:09,0,0,0,0,3.79,1.24,0
17/12/2023,02:09,0,0,0,0,3.39,0.62,0
17/12/2023,03:09,0,0,0,0,2.81,1.03,0
17/12/2023,04:09,0,0,0,0,2.2,1.66,0
17/12/2023,05:09,0,0,0,0,1.62,1.86,0
17/12/2023,06:09,0,0,0,0,1.18,2,0
17/12/2023,07:09,0,0,0,0,-0.99,2,0
17/12/2023,08:09,61,40,0,7.38,-0.58,1.79,0
17/12/2023,09:09,211.01,61,0,16.2,2.32,1.24,0
17/12/2023,10:09,315.01,87,0,23.21,6.78,0.97,0
17/12/2023,11:09,399.01,92,0,27.78,8.66,0.76,0
17/12/2023,12:09,417.01,100,0,29.33,9.71,0.9,0
17/12/2023,13:09,388.01,97,0,27.63,10.47,0.9,0
17/12/2023,14:09,327.01,76,0,22.94,10.62,0.97,0
17/12/2023,15:09,200.01,62,0,15.84,10.29,1.03,0
17/12/2023,16:09,58,35,0,6.95,9.37,0.97,0
17/12/2023,17:09,0,0,0,0,7.88,0.83,0
17/12/2023,18:09,0,0,0,0,6.5,0.83,0
17/12/2023,19:09,0,0,0,0,6.15,0.76,0
17/12/2023,20:09,0,0,0,0,5.18,0.69,0
17/12/2023,21:09,0,0,0,0,4.26,0.69,0
17/12/2023,22:09,0,0,0,0,3.51,0.76,0
17/12/2023,23:09,0,0,0,0,3.12,0.83,0
18/12/2023,00:09,0,0,0,0,2.73,1.1,0
18/12/2023,01:09,0,0,0,0,2.24,1.03,0
18/12/2023,02:09,0,0,0,0,1.85,0.41,0
18/12/2023,03:09,0,0,0,0,1.52,0.62,0
18/12/2023,04:09,0,0,0,0,1.23,1.03,0
18/12/2023,05:09,0,0,0,0,0.92,1.24,0
18/12/2023,06:09,0,0,0,0,0.77,1.31,0
18/12/2023,07:09,0,0,0,0,-0.23,1.45,0
18/12/2023,08:09,58,40,0,7.29,-0.13,1.45,0
18/12/2023,09:09,206.01,63,0,16.11,1.83,1.31,0
18/12/2023,10:09,308.01,91,0,23.14,5.6,1.03,0
18/12/2023,11:09,390.01,98,0,27.72,7.39,0.62,0
18/12/2023,12:09,424.01,96,0,29.29,8.53,0.07,0
18/12/2023,13:09,373.01,107,0,27.62,9.22,0.34,0
18/12/2023,14:09,328.01,75,0,22.96,9.5,0.62,0
18/12/2023,15:09,197.01,64,0,15.87,9.21,0.83,0
18/12/2023,16:09,60.01,35,0,7,8.46,0.83,0
18/12/2023,17:09,0,0,0,0,7,0.9,0
18/12/2023,18:09,0,0,0,0,5.75,0.97,0
18/12/2023,19:09,0,0,0,0,5.29,1.03,0
18/12/2023,20:09,0,0,0,0,4.8,1.1,0
18/12/2023,21:09,0,0,0,0,4.16,1.17,0
18/12/2023,22:09,0,0,0,0,3.59,1.17,0
18/12/2023,23:09,0,0,0,0,3.12,1.1,0
19/12/2023,00:09,0,0,0,0,2.73,1.31,0
19/12/2023,01:09,0,0,0,0,2.37,1.24,0
19/12/2023,02:09,0,0,0,0,2.04,0.55,0
19/12/2023,03:09,0,0,0,0,1.81,0.28,0
19/12/2023,04:09,0,0,0,0,1.54,0.83,0
19/12/2023,05:09,0,0,0,0,1.29,1.24,0
19/12/2023,06:09,0,0,0,0,1.49,1.45,0
19/12/2023,07:09,0,0,0,0,-0.77,1.52,0
19/12/2023,08:09,52,42,0,7.19,0.06,1.45,0
19/12/2023,09:09,194.01,69,0,16.03,3.19,1.17,0
19/12/2023,10:09,296.01,97,0,23.07,6.35,1.03,0
19/12/2023,11:09,375.01,107,0,27.67,8.35,1.1,0
19/12/2023,12:09,408.01,106,0,29.27,9.59,1.31,0
19/12/2023,13:09,367.01,110,0,27.63,10.46,1.17,0
19/12/2023,14:09,305.01,90,0,22.98,10.81,1.24,0
19/12/2023,15:09,187.01,71,0,15.91,10.6,1.38,0
19/12/2023,16:09,58,37,0,7.05,9.68,1.38,0
19/12/2023,17:09,0,0,0,0,7.87,1.45,0
19/12/2023,18:09,0,0,0,0,5.77,1.52,0
19/12/2023,19:09,0,0,0,0,4.7,1.59,0
19/12/2023,20:09,0,0,0,0,4.4,1.66,0
19/12/2023,21:09,0,0,0,0,3.86,1.66,0
19/12/2023,22:09,0,0,0,0,3.19,1.59,0
19/12/2023,23:09,0,0,0,0,2.99,1.59,0
20/12/2023,00:09,0,0,0,0,2.74,1.59,0
20/12/2023,01:09,0,0,0,0,2.44,1.24,0
20/12/2023,02:09,0,0,0,0,2.01,0.69,0
20/12/2023,03:09,0,0,0,0,1.41,1.1,0
20/12/2023,04:09,0,0,0,0,1.08,1.59,0
20/12/2023,05:09,0,0,0,0,0.84,2,0
20/12/2023,06:09,0,0,0,0,0.64,2.34,0
20/12/2023,07:09,0,0,0,0,0.59,2.07,0
20/12/2023,08:09,65.01,33,0,7.11,1.54,1.66,0
20/12/2023,09:09,183.01,73,0,15.95,3.84,1.1,0
20/12/2023,10:09,305.01,87,0,23.01,6.54,0.76,0
20/12/2023,11:09,366.01,107,0,27.63,8.56,1.03,0
20/12/2023,12:09,483.02,58,0,29.25,9.33,0.9,0
20/12/2023,13:09,300.01,146,0,27.63,9.14,0.62,0
20/12/2023,14:09,40,192,0,23.01,8.01,0.69,0
20/12/2023,15:09,0,84,0,15.96,6.61,0.83,0
20/12/2023,16:09,7,48,0,7.12,5.57,0.97,0
20/12/2023,17:09,0,0,0,0,4.73,0.97,0
20/12/2023,18:09,0,0,0,0,3.63,0.97,0
20/12/2023,19:09,0,0,0,0,2.61,1.03,0
20/12/2023,20:09,0,0,0,0,2.42,1.03,0
20/12/2023,21:09,0,0,0,0,2.01,1.17,0
20/12/2023,22:09,0,0,0,0,1.7,1.17,0
20/12/2023,23:09,0,0,0,0,1.38,1.03,0
21/12/2023,00:09,0,0,0,0,1.14,1.03,0
21/12/2023,01:09,0,0,0,0,0.93,1.1,0
21/12/2023,02:09,0,0,0,0,0.39,0.97,0
21/12/2023,03:09,0,0,0,0,-0.4,0.83,0
21/12/2023,04:09,0,0,0,0,-1.24,0.69,0
21/12/2023,05:09,0,0,0,0,-3.15,1.38,0
21/12/2023,06:09,0,0,0,0,-3.17,1.66,0
21/12/2023,07:09,0,0,0,0,-2.48,1.59,0
21/12/2023,08:09,58,36,0,7.02,-1.78,1.24,0
21/12/2023,09:09,224.01,49,0,15.88,0.25,1.17,0
21/12/2023,10:09,333.01,70,0,22.95,3.23,1.24,0
21/12/2023,11:09,412.01,78,0,27.59,5.96,0.97,0
21/12/2023,12:09,414.01,96,0,29.24,7.86,0.55,0
21/12/2023,13:09,372.01,102,0,27.65,8.89,0.83,0
21/12/2023,14:09,315.01,80,0,23.05,9.42,1.17,0
21/12/2023,15:09,197.01,63,0,16.02,9.42,1.03,0
21/12/2023,16:09,61.01,35,0,7.18,8.78,1.03,0
21/12/2023,17:09,0,0,0,0,7.22,1.24,0
21/12/2023,18:09,0,0,0,0,5.11,1.31,0
21/12/2023,19:09,0,0,0,0,5.75,1.31,0
21/12/2023,20:09,0,0,0,0,5.15,1.24,0
21/12/2023,21:09,0,0,0,0,3.94,1.17,0
21/12/2023,22:09,0,0,0,0,3.9,1.17,0
21/12/2023,23:09,0,0,0,0,3.87,1.17,0
22/12/2023,00:09,0,0,0,0,3.36,1.17,0
22/12/2023,01:09,0,0,0,0,2.54,1.1,0
22/12/2023,02:09,0,0,0,0,2.5,0.69,0
22/12/2023,03:09,0,0,0,0,3.37,0.62,0
22/12/2023,04:09,0,0,0,0,4.21,0.83,0
22/12/2023,05:09,0,0,0,0,4.35,0.97,0
22/12/2023,06:09,0,0,0,0,4.36,1.1,0
22/12/2023,07:09,0,0,0,0,4.14,1.17,0
22/12/2023,08:09,53,38,0,6.95,4.61,1.31,0
22/12/2023,09:09,201.01,60,0,15.82,5.86,1.17,0
22/12/2023,10:09,302.01,87,0,22.9,8.8,0.97,0
22/12/2023,11:09,372.01,102,0,27.57,11.33,0.48,0
22/12/2023,12:09,383.01,115,0,29.24,13.14,0.48,0
22/12/2023,13:09,366.01,106,0,27.67,14.43,0.83,0
22/12/2023,14:09,310.01,84,0,23.09,14.99,1.1,0
22/12/2023,15:09,191.01,68,0,16.08,14.76,1.31,0
22/12/2023,16:09,64.01,34,0,7.26,13.45,1.38,0
22/12/2023,17:09,0,0,0,0,10.98,1.38,0
22/12/2023,18:09,0,0,0,0,9.88,1.45,0
22/12/2023,19:09,0,0,0,0,9.07,1.52,0
22/12/2023,20:09,0,0,0,0,8.32,1.52,0
22/12/2023,21:09,0,0,0,0,7.66,1.52,0
22/12/2023,22:09,0,0,0,0,6.32,1.52,0
22/12/2023,23:09,0,0,0,0,5.38,1.52,0
23/12/2023,00:09,0,0,0,0,4.97,1.86,0
23/12/2023,01:09,0,0,0,0,4.59,1.79,0
23/12/2023,02:09,0,0,0,0,4,1.1,0
23/12/2023,03:09,0,0,0,0,3.91,0.62,0
23/12/2023,04:09,0,0,0,0,3.95,0.28,0
23/12/2023,05:09,0,0,0,0,3.86,0.21,0
23/12/2023,06:09,0,0,0,0,3.73,0.83,0
23/12/2023,07:09,0,0,0,0,0.23,1.1,0
23/12/2023,08:09,51,39,0,6.88,0.47,1.24,0
23/12/2023,09:09,195.01,65,0,15.76,4,1.1,0
23/12/2023,10:09,290.01,98,0,22.86,9.52,0.9,0
23/12/2023,11:09,371.01,106,0,27.55,12.69,0.69,0
23/12/2023,12:09,390.01,115,0,29.24,14.17,0.76,0
23/12/2023,13:09,373.01,106,0,27.7,14.98,1.03,0
23/12/2023,14:09,318.01,83,0,23.15,15.22,1.38,0
23/12/2023,15:09,204.01,63,0,16.14,14.83,1.59,0
23/12/2023,16:09,66.01,35,0,7.34,13.68,1.59,0
23/12/2023,17:09,0,0,0,0,11.43,1.66,0
23/12/2023,18:09,0,0,0,0,10.44,1.72,0
23/12/2023,19:09,0,0,0,0,9.44,1.72,0
23/12/2023,20:09,0,0,0,0,8.35,1.72,0
23/12/2023,21:09,0,0,0,0,6.17,1.66,0
23/12/2023,22:09,0,0,0,0,4.41,1.59,0
23/12/2023,23:09,0,0,0,0,3.49,1.59,0
24/12/2023,00:09,0,0,0,0,2.71,1.79,0
24/12/2023,01:09,0,0,0,0,2.08,1.66,0
24/12/2023,02:09,0,0,0,0,1.63,0.97,0
24/12/2023,03:09,0,0,0,0,1.46,0.62,0
24/12/2023,04:09,0,0,0,0,1.62,0.9,0
24/12/2023,05:09,0,0,0,0,2.25,1.1,0
24/12/2023,06:09,0,0,0,0,2.67,1.31,0
24/12/2023,07:09,0,0,0,0,0.3,1.45,0
24/12/2023,08:09,47,40,0,6.81,1.1,1.52,0
24/12/2023,09:09,193.01,65,0,15.71,5.25,1.24,0
24/12/2023,10:09,278.01,103,0,22.83,9.31,0.97,0
24/12/2023,11:09,384.01,97,0,27.54,11.94,0.55,0
24/12/2023,12:09,388.01,116,0,29.26,13.32,0.76,0
24/12/2023,13:09,386.01,98,0,27.74,14.19,1.03,0
24/12/2023,14:09,311.01,87,0,23.2,14.5,1.31,0
24/12/2023,15:09,200.01,66,0,16.22,14.13,1.45,0
24/12/2023,16:09,68.01,34,0,7.42,12.91,1.52,0
24/12/2023,17:09,0,0,0,0,10.9,1.52,0
24/12/2023,18:09,0,0,0,0,9.62,1.52,0
24/12/2023,19:09,0,0,0,0,8.84,1.45,0
24/12/2023,20:09,0,0,0,0,7.86,1.45,0
24/12/2023,21:09,0,0,0,0,6.15,1.45,0
24/12/2023,22:09,0,0,0,0,4.85,1.52,0
24/12/2023,23:09,0,0,0,0,4.19,1.59,0
25/12/2023,00:09,0,0,0,0,3.98,1.66,0
25/12/2023,01:09,0,0,0,0,3.88,1.59,0
25/12/2023,02:09,0,0,0,0,3.83,1.03,0
25/12/2023,03:09,0,0,0,0,3.82,0.48,0
25/12/2023,04:09,0,0,0,0,3.39,0.21,0
25/12/2023,05:09,0,0,0,0,2.67,0.34,0
25/12/2023,06:09,0,0,0,0,2.13,0.83,0
25/12/2023,07:09,0,0,0,0,0.91,1.24,0
25/12/2023,08:09,41,42,0,6.75,1.28,1.45,0
25/12/2023,09:09,191.01,66,0,15.66,4.33,1.24,0
25/12/2023,10:09,291.01,97,0,22.8,9.05,1.03,0
25/12/2023,11:09,365.01,111,0,27.53,12.37,0.69,0
25/12/2023,12:09,370.01,129,0,29.28,14.01,0.76,0
25/12/2023,13:09,368.01,112,0,27.78,14.92,0.97,0
25/12/2023,14:09,315.01,87,0,23.27,15.16,1.17,0
25/12/2023,15:09,200.01,68,0,16.3,14.71,1.38,0
25/12/2023,16:09,67.01,37,0,7.51,13.39,1.45,0
25/12/2023,17:09,0,0,0,0,11.22,1.52,0
25/12/2023,18:09,0,0,0,0,9.82,1.59,0
25/12/2023,19:09,0,0,0,0,8.6,1.59,0
25/12/2023,20:09,0,0,0,0,7.68,1.59,0
25/12/2023,21:09,0,0,0,0,6.81,1.59,0
25/12/2023,22:09,0,0,0,0,5.55,1.52,0
25/12/2023,23:09,0,0,0,0,4.83,1.45,0
26/12/2023,00:09,0,0,0,0,4.05,1.66,0
26/12/2023,01:09,0,0,0,0,3.49,1.52,0
26/12/2023,02:09,0,0,0,0,3.19,0.97,0
26/12/2023,03:09,0,0,0,0,2.96,0.21,0
26/12/2023,04:09,0,0,0,0,3.17,0.28,0
26/12/2023,05:09,0,0,0,0,3.97,0.62,0
26/12/2023,06:09,0,0,0,0,5.58,0.83,0
26/12/2023,07:09,0,0,0,0,2,0.97,0
26/12/2023,08:09,60.01,33,0,6.7,3.22,1.03,0
26/12/2023,09:09,142.01,94,0,15.62,6.14,1.03,0
26/12/2023,10:09,304.01,89,0,22.78,9.33,0.69,0
26/12/2023,11:09,367.01,111,0,27.53,12.45,0.07,0
26/12/2023,12:09,373.01,128,0,29.31,13.81,0.9,0
26/12/2023,13:09,386.01,102,0,27.84,14.66,1.1,0
26/12/2023,14:09,318.01,87,0,23.34,14.88,1.31,0
26/12/2023,15:09,210.01,64,0,16.38,14.58,1.38,0
26/12/2023,16:09,68.01,37,0,7.61,13.5,1.45,0
26/12/2023,17:09,0,0,0,0,11.5,1.52,0
26/12/2023,18:09,0,0,0,0,10.61,1.45,0
26/12/2023,19:09,0,0,0,0,9.4,1.45,0
26/12/2023,20:09,0,0,0,0,8.18,1.45,0
26/12/2023,21:09,0,0,0,0,6.34,1.45,0
26/12/2023,22:09,0,0,0,0,5.11,1.45,0
26/12/2023,23:09,0,0,0,0,4.3,1.45,0
27/12/2023,00:09,0,0,0,0,3.65,1.66,0
27/12/2023,01:09,0,0,0,0,3.33,1.59,0
27/12/2023,02:09,0,0,0,0,3.17,1.03,0
27/12/2023,03:09,0,0,0,0,3.26,0.48,0
27/12/2023,04:09,0,0,0,0,3.27,0.14,0
27/12/2023,05:09,0,0,0,0,3.17,0.55,0
27/12/2023,06:09,0,0,0,0,3.05,0.83,0
27/12/2023,07:09,0,0,0,0,0.86,0.97,0
27/12/2023,08:09,43,40,0,6.65,1.44,0.97,0
27/12/2023,09:09,172.01,76,0,15.59,3.8,1.1,0
27/12/2023,10:09,295.01,93,0,22.76,8.43,0.97,0
27/12/2023,11:09,364.01,111,0,27.54,11.66,0.48,0
27/12/2023,12:09,400.01,111,0,29.34,12.9,0.9,0
27/12/2023,13:09,384.01,102,0,27.9,13.55,1.17,0
27/12/2023,14:09,316.01,88,0,23.42,13.71,1.24,0
27/12/2023,15:09,206.01,66,0,16.48,13.42,1.31,0
27/12/2023,16:09,75.01,34,0,7.71,12.48,1.38,0
27/12/2023,17:09,0,0,0,0,10.73,1.45,0
27/12/2023,18:09,0,0,0,0,9.37,1.45,0
27/12/2023,19:09,0,0,0,0,8.34,1.45,0
27/12/2023,20:09,0,0,0,0,6.53,1.52,0
27/12/2023,21:09,0,0,0,0,5.34,1.52,0
27/12/2023,22:09,0,0,0,0,4.7,1.52,0
27/12/2023,23:09,0,0,0,0,4.3,1.52,0
28/12/2023,00:09,0,0,0,0,3.75,1.72,0
28/12/2023,01:09,0,0,0,0,3.53,1.52,0
28/12/2023,02:09,0,0,0,0,3.38,1.03,0
28/12/2023,03:09,0,0,0,0,3.06,0.83,0
28/12/2023,04:09,0,0,0,0,3.15,0.9,0
28/12/2023,05:09,0,0,0,0,3.29,0.9,0
28/12/2023,06:09,0,0,0,0,3.49,0.48,0
28/12/2023,07:09,0,0,0,0,0.09,0.28,0
28/12/2023,08:09,11,46,0,6.61,1.46,0.83,0
28/12/2023,09:09,199.01,57,0,15.56,4.64,1.1,0
28/12/2023,10:09,274.01,101,0,22.76,8.86,0.97,0
28/12/2023,11:09,277.01,156,0,27.56,11.7,0.76,0
28/12/2023,12:09,457.01,71,0,29.39,13.22,1.03,0
28/12/2023,13:09,425.01,73,0,27.96,14.15,1.38,0
28/12/2023,14:09,320.01,81,0,23.51,14.62,1.59,0
28/12/2023,15:09,218.01,58,0,16.58,14.47,1.66,0
28/12/2023,16:09,80.01,32,0,7.81,13.4,1.72,0
28/12/2023,17:09,0,0,0,0,11.49,1.72,0
28/12/2023,18:09,0,0,0,0,9.71,1.66,0
28/12/2023,19:09,0,0,0,0,8.81,1.59,0
28/12/2023,20:09,0,0,0,0,6.68,1.66,0
28/12/2023,21:09,0,0,0,0,5.11,1.72,0
28/12/2023,22:09,0,0,0,0,4.12,1.66,0
28/12/2023,23:09,0,0,0,0,3.46,1.52,0
29/12/2023,00:09,0,0,0,0,3.09,1.59,0
29/12/2023,01:09,0,0,0,0,2.98,1.52,0
29/12/2023,02:09,0,0,0,0,3.28,0.97,0
29/12/2023,03:09,0,0,0,0,3.33,0.83,0
29/12/2023,04:09,0,0,0,0,2.6,1.38,0
29/12/2023,05:09,0,0,0,0,2.18,1.24,0
29/12/2023,06:09,0,0,0,0,2.74,1.17,0
29/12/2023,07:09,0,0,0,0,2.92,1.24,0
29/12/2023,08:09,0,30,0,6.57,3.29,1.59,0
29/12/2023,09:09,55,123,0,15.54,5.89,1.17,0
29/12/2023,10:09,162.01,161,0,22.76,10.27,0.83,0
29/12/2023,11:09,106,229,0,27.59,12.21,0.48,0
29/12/2023,12:09,82,250,0,29.44,12.41,0.62,0
29/12/2023,13:09,158.01,217,0,28.04,12.66,1.03,0
29/12/2023,14:09,0,92,0,23.6,12.87,1.31,0
29/12/2023,15:09,14,126,0,16.68,12.33,1.38,0
29/12/2023,16:09,0,30,0,7.92,11.21,1.38,0
29/12/2023,17:09,0,0,0,0,10.02,1.38,0
29/12/2023,18:09,0,0,0,0,8.75,1.31,0
29/12/2023,19:09,0,0,0,0,7.65,1.38,0
29/12/2023,20:09,0,0,0,0,6.09,1.03,0
29/12/2023,21:09,0,0,0,0,5.12,0.69,0
29/12/2023,22:09,0,0,0,0,4.44,0.9,0
29/12/2023,23:09,0,0,0,0,3.97,1.17,0
30/12/2023,00:09,0,0,0,0,3.65,1.31,0
30/12/2023,01:09,0,0,0,0,3.58,1.31,0
30/12/2023,02:09,0,0,0,0,3.26,0.76,0
30/12/2023,03:09,0,0,0,0,4.01,0.14,0
30/12/2023,04:09,0,0,0,0,4.74,0.41,0
30/12/2023,05:09,0,0,0,0,3.69,0.69,0
30/12/2023,06:09,0,0,0,0,2.43,0.76,0
30/12/2023,07:09,0,0,0,0,1.77,0.97,0
30/12/2023,08:09,60.01,30,0,6.54,2.09,1.24,0
30/12/2023,09:09,192.01,60,0,15.53,4.93,1.31,0
30/12/2023,10:09,319.01,74,0,22.76,8.54,1.03,0
30/12/2023,11:09,377.01,98,0,27.62,10.42,1.03,0
30/12/2023,12:09,407.01,102,0,29.5,11.6,0.9,0
30/12/2023,13:09,377.01,104,0,28.12,12.39,1.17,0
30/12/2023,14:09,324.01,81,0,23.7,12.79,1.24,0
30/12/2023,15:09,211.01,64,0,16.79,12.78,1.38,0
30/12/2023,16:09,76.01,36,0,8.04,12.02,1.45,0
30/12/2023,17:09,0,0,0,0,10.45,1.52,0
30/12/2023,18:09,0,0,0,0,8.09,1.59,0
30/12/2023,19:09,0,0,0,0,8.2,1.59,0
30/12/2023,20:09,0,0,0,0,6.66,1.59,0
30/12/2023,21:09,0,0,0,0,5.59,1.66,0
30/12/2023,22:09,0,0,0,0,4.51,1.59,0
30/12/2023,23:09,0,0,0,0,3.8,1.59,0
31/12/2023,00:09,0,0,0,0,2.85,1.72,0
31/12/2023,01:09,0,0,0,0,1.84,1.59,0
31/12/2023,02:09,0,0,0,0,1.42,1.03,0
31/12/2023,03:09,0,0,0,0,1.23,1.38,0
31/12/2023,04:09,0,0,0,0,1.02,1.72,0
31/12/2023,05:09,0,0,0,0,1.02,2.07,0
31/12/2023,06:09,0,0,0,0,1.25,2.14,0
31/12/2023,07:09,0,0,0,0,0.49,2.41,0
31/12/2023,08:09,25,45,0,6.52,0.95,2.28,0
31/12/2023,09:09,175.01,72,0,15.52,4.22,1.79,0
31/12/2023,10:09,338.01,67,0,22.78,7.53,1.17,0
31/12/2023,11:09,399.01,88,0,27.66,9.24,0.76,0
31/12/2023,12:09,407.01,106,0,29.56,10.18,0.62,0
31/12/2023,13:09,385.01,103,0,28.21,10.74,0.9,0
31/12/2023,14:09,155.01,178,0,23.8,11.02,1.03,0
31/12/2023,15:09,244.01,50,0,16.91,10.49,0.97,0
31/12/2023,16:09,39,56,0,8.16,9.69,0.9,0
31/12/2023,17:09,0,0,0,0,8.38,,
31/12/2023,18:09,0,0,0,0,6.93,,
31/12/2023,19:09,0,0,0,0,6.12,,
31/12/2023,20:09,0,0,0,0,4.94,,
31/12/2023,21:09,0,0,0,0,3.98,,
31/12/2023,22:09,0,0,0,0,3.71,,
31/12/2023,23:09,0,0,0,0,3.75,,
