Q_solar,Q_design,mode,Q_to_pb,Q_to_storage,Q_from_storage,m_dot_charge,m_dot_discharge,Q_defocus,tank_soc,hour,day_of_year,DNI,T_amb,Q_sg_oil,m_oil_field,T_sg_oil_in,m_steam,m_orc,Q_nuclear_condenser,Q_orc_condenser,T_orc_live,P_turbine,P_pumps,P_net,efficiency,solar_efficiency,ex_nuclear,ex_solar,efficiency_II
0.0,84262200.00000001,shutdown,0.0,0.0,0.0,0.0,0.0,0.0,0.0,23,222,0.0,27.35,0.0,1.0,567.279923475184,1445.0192141534708,11210.61682941886,2545018854.4754777,2259509895.6131067,362.89907080586624,1179588764.8631485,25103923.744471643,1154484841.118677,0.3381619335438421,,1633380620.0090048,0.0,0.7068069909586121
0.0,84262200.00000001,shutdown,0.0,0.0,0.0,0.0,0.0,0.0,0.0,0,223,0.0,26.49,0.0,1.0,567.279923475184,1445.01921434638,11210.616829524635,2545018854.4994907,2259509895.634452,362.89907080586624,1179588764.924609,25103923.827249113,1154484841.09736,0.3381619335375981,,1638476568.9833553,0.0,0.7046086974644359
0.0,84262200.00000001,shutdown,0.0,0.0,0.0,0.0,0.0,0.0,0.0,1,223,0.0,25.36,0.0,1.0,567.279923475184,1445.0192143110876,11210.61682931321,2545018854.4514933,2259509895.591839,362.89907080586624,1179588764.8841846,25103923.744212776,1154484841.1399717,0.3381619335500796,,1645172408.9147692,0.0,0.7017409451338432
0.0,84262200.00000001,shutdown,0.0,0.0,0.0,0.0,0.0,0.0,0.0,2,223,0.0,24.29,0.0,1.0,567.279923475184,1445.0192141986447,11210.616829708228,2545018854.5411696,2259509895.671455,362.89907080586624,1179588764.8880131,25103923.827656988,1154484841.0603561,0.3381619335267593,,1651512717.522391,0.0,0.6990468973150391
0.0,84262200.00000001,shutdown,0.0,0.0,0.0,0.0,0.0,0.0,0.0,3,223,0.0,23.04,0.0,1.0,567.279923475184,1445.0192143463692,11210.616829610619,2545018854.5190105,2259509895.651782,362.89907080586624,1179588764.90733,25103923.827300828,1154484841.0800292,0.3381619335325218,,1658919620.1013885,0.0,0.6959257260514349
0.0,84262200.00000001,shutdown,0.0,0.0,0.0,0.0,0.0,0.0,0.0,4,223,0.0,22.04,0.0,1.0,567.279923475184,1445.0192141603186,11210.616829439874,2545018854.4802485,2259509895.617368,362.89907080586624,1179588764.858222,25103923.74378052,1154484841.1144414,0.3381619335426015,,1664845142.1645865,0.0,0.6934487850403981
0.0,84262200.00000001,shutdown,0.0,0.0,0.0,0.0,0.0,0.0,0.0,5,223,0.0,21.02,0.0,1.0,567.279923475184,1445.0192143042304,11210.616829206077,2545018854.427172,2259509895.570246,362.89907080586624,1179588764.9063792,25103923.744813975,1154484841.1615653,0.3381619335564046,,1670889174.6690485,0.0,0.6909404038662427
74616793.12353167,84262200.00000001,direct_partial,74616793.12353167,0.0,0.0,0.0,0.0,0.0,0.0,6,223,295.48703842435293,20.83,75439962.69554041,311.7978823688864,665.8498495068521,1445.0192143476281,11210.616829609608,2545018854.518781,2337315311.1523776,367.1527563207378,1177223312.1023538,25921830.131134674,1151301481.971219,0.3299387564421243,19.131186291946193,1672015023.8610563,42132393.05403561,0.6716467152184539
173411329.25441748,84262200.00000001,charging,84262200.00000001,89149129.25441746,0.0,631.7124747675167,0.0,0.0,0.07979525997063369,7,223,582.7343139944613,25.06,86171782.71798523,724.6262265759237,665.8879725897145,1445.0192141689301,11210.616829346609,2545018854.4590755,2347016033.018172,367.84827856927006,1178254410.1753705,27008243.193454076,1151246166.9819164,0.32891133305689935,16.759915110724524,1646950065.5337286,47580775.84878066,0.6793893264537189
214102549.8664209,84262200.00000001,charging,84262200.00000001,129840349.86642088,0.0,920.0512604528063,0.0,0.0,0.19601226129098817,8,223,712.7758799170493,29.36,86619251.56311366,894.660824509169,665.8893226695145,1445.019214197386,11210.616829623137,2545018854.5218525,2347420584.324051,367.8772986385663,1178297327.7984324,27455712.12248288,1150841615.6759496,0.32875372411954545,16.66915960982936,1621470320.661977,47268583.369020484,0.6896475014131822
223445875.131732,84262200.00000001,charging,84262200.00000001,139183675.131732,0.0,986.2582461549698,0.0,0.0,0.32059225027898436,9,223,771.1695635197646,31.92,86721997.23905951,933.703363193252,665.8896307067583,1445.0192143476293,11210.616829609644,2545018854.5187893,2347513476.301452,367.8839623112757,1178307181.4967446,27558457.798196983,1150748723.6985476,0.32871754015489296,16.648452956262073,1606300984.1801906,46991269.38609705,0.6960346673229054
224966777.0974966,84262200.00000001,charging,84262200.00000001,140704577.09749657,0.0,997.0353872522209,0.0,0.0,0.4465335623529491,10,223,815.5964308468866,33.72,86738722.13047561,940.0586887488679,665.8896807800285,1445.019214342697,11210.616829613773,2545018854.5197268,2347528597.2435203,367.88504702852845,1178308785.4460738,27575182.689594664,1150733602.756479,0.32871165033880817,16.645086979077394,1595635044.466434,46765867.12392395,0.7006411130411568
219151842.53611672,84262200.00000001,charging,84262200.00000001,134889642.53611672,0.0,955.8306471375168,0.0,0.0,0.567270065149267,11,223,825.3000262252257,35.1,86674777.08252811,915.7600797299739,665.8894892285613,1445.0192143042425,11210.616829206132,2545018854.4271846,2347470784.614517,367.880899791116,1178302652.944651,27511237.55916649,1150791415.3854845,0.32873416945762585,16.657963285653906,1587457824.0192208,46551752.96535554,0.7042745841852228
216226389.28255615,84262200.00000001,charging,84262200.00000001,131964189.28255613,0.0,935.100828124373,0.0,0.0,0.6853880644912932,12,223,817.8287812436515,36.01,86642606.77233802,903.5356180338147,665.889392753721,1445.0192141639989,11210.616829436747,2545018854.4795384,2347441699.615844,367.8788133566417,1178299567.632088,27479067.24793013,1150820500.384158,0.32874549894290334,16.66444845047821,1582065598.9417107,46416063.74397809,0.7066831188545452
232185456.73250136,84262200.00000001,charging,84262200.00000001,147923256.73250133,0.0,1048.1870924334216,0.0,0.0,0.8177906445881464,13,223,845.4780312646234,36.5,86818103.73150976,970.2230650169238,665.8899181811294,1445.0192143061374,11210.616829231161,2545018854.4328666,2347600366.027664,367.89019546828297,1178316398.179745,27654564.207407072,1150661833.972338,0.3286836961754316,16.6291286748918,1579162093.1307435,46446226.80943048,0.7078346117314931
250447810.71138638,84262200.00000001,charging,84262200.00000001,166185610.71138638,0.0,1177.594490167598,0.0,0.0,0.9665394222935272,14,223,858.2632849960625,36.6,87018929.22464594,1046.5351532121429,665.8905168472045,1445.0192143042368,11210.616829292168,2545018854.4467163,2347781933.0921164,367.90322059509657,1178335656.6092362,27855389.70135216,1150480266.9078841,0.3286129810108383,16.588886148126253,1578569540.9244237,46540633.40065093,0.7079398585303244
252519431.10413295,84262200.00000001,charging,84262200.00000001,37382939.38737225,0.0,264.89624017624186,0.0,130874291.7167607,0.9999999999999999,15,223,818.1172209769102,36.46,85602525.84007588,508.31314605892953,665.8862347116601,1445.0192141603252,11210.616829439967,2545018854.4802694,2346501383.272154,367.81136235373503,1178199803.0435393,26438986.315691926,1151760816.7278473,0.3291118943433064,16.876742733357307,1579399114.0132716,45800835.03500569,0.7086886862150853
227435729.8282187,84262200.00000001,charging,84262200.00000001,0.0,0.0,0.0,0.0,143173529.8282187,0.9999999999999999,16,223,725.5211752845889,35.9,85191437.14657795,352.10271607689896,665.8842124693875,1445.01921430246,11210.616829234326,2545018854.433585,2346129735.0357075,367.78470490585073,1178160362.586778,26027897.622485306,1152132464.9642925,0.32925676850186886,16.96208048673734,1582717406.3686626,45652410.45526666,0.7075373499684987
204645567.79672608,84262200.00000001,charging,84262200.00000001,0.0,0.0,0.0,0.0,120383367.79672606,0.9999999999999999,17,223,658.5077342976938,35.12,85191437.14657806,352.102716076899,665.8842124693875,1445.0192141534778,11210.616829418906,2545018854.475488,2346129735.073076,367.7847049057599,1178160362.5497983,26027897.62287386,1152132464.9269245,0.3292567684911898,16.962080486353617,1587339313.577957,45752201.55968095,0.7054916728471412
131275595.24071562,84262200.00000001,charging,84262200.00000001,0.0,0.0,0.0,0.0,47013395.24071561,0.9999999999999999,18,223,459.082031740249,34.05,85191437.14657806,352.102716076899,665.8842124693875,1445.0192143024633,11210.616829234337,2545018854.433588,2346129735.03571,367.78470490585073,1178160362.586779,26027897.622488834,1152132464.9642904,0.32925676850186825,16.962080486737296,1593679622.1855786,45889094.48496717,0.7027045913049093
0.0,84262200.00000001,discharging,84262200.0,0.0,84262200.0,0.0,597.0835984213256,0.0,0.9245789138836219,19,223,0.0,32.53,85326717.5637401,1.0,654.15,1445.0192143061454,11210.616829317225,2545018854.452405,2346252035.8982005,367.79347714959465,1178173342.141513,26163178.03971394,1152010164.1017992,0.3292090899428328,16.933906912483444,1602686415.7216399,45454102.6820095,0.6989756948743725
0.0,84262200.00000001,discharging,84262200.0,0.0,84262200.0,0.0,597.0835984213256,0.0,0.8491578277672439,20,223,0.0,30.58,85326717.56374043,1.0,654.15,1445.0192141584077,11210.616829414792,2545018854.4745545,2346252035.9179482,367.79347714954656,1178173342.122109,26163178.040057518,1152010164.0820515,0.3292090899371895,16.933906912280996,1614241183.7448757,45708458.86828086,0.6940030796768707
0.0,84262200.00000001,discharging,84262200.0,0.0,84262200.0,0.0,597.0835984213256,0.0,0.7737367416508659,21,223,0.0,29.88,85326717.56374043,1.0,654.15,1445.0192142054716,11210.616829643051,2545018854.5263734,2346252035.9641495,367.7934771494339,1178173342.1582565,26163178.12240546,1152010164.035851,0.32920908992398684,16.933906911807476,1618389049.1891143,45799766.217198715,0.6922352520165128
0.0,84262200.00000001,discharging,84262200.0,0.0,84262200.0,0.0,597.0835984213256,0.0,0.6983156555344879,22,223,0.0,28.58,85326717.56374043,1.0,654.15,1445.0192143463823,11210.6168296107,2545018854.519029,2346252035.9576035,367.7934771494499,1178173342.165273,26163178.12287603,1152010164.042397,0.32920908992585746,16.933906911874548,1626092227.8712716,45969337.00804617,0.6889759254322338
0.0,84262200.00000001,discharging,84262200.0,0.0,84262200.0,0.0,597.0835984213256,0.0,0.62289456941811,23,223,0.0,27.37,85326717.56374043,1.0,654.15,1445.0192143395416,11210.616829503677,2545018854.494733,2346252035.9359393,367.79347714950256,1178173342.1875684,26163178.123508137,1152010164.0640602,0.32920908993204817,16.933906912096596,1633262109.5677412,46127168.28260419,0.6859697029497879
0.0,84262200.00000001,discharging,84262200.0,0.0,84262200.0,0.0,597.0835984213256,0.0,0.547473483301732,0,224,0.0,26.4,85326717.56374043,1.0,654.15,1445.0192143061395,11210.616829317196,2545018854.4523983,2346252035.898195,367.79347714959465,1178173342.1415105,26163178.039704893,1152010164.1018057,0.32920908994283465,16.933906912483447,1639009865.9690435,46253694.180390365,0.6835786350235069
0.0,84262200.00000001,discharging,84262200.0,0.0,84262200.0,0.0,597.0835984213256,0.0,0.47205239718535397,1,224,0.0,25.51,85326717.56374043,1.0,654.15,1445.0192141603204,11210.616829439892,2545018854.4802527,2346252035.923032,367.79347714953417,1178173342.1163049,26163178.039337836,1152010164.076967,0.3292090899357365,16.93390691222884,1644283580.6052895,46369784.95258593,0.6813993853180135
0.0,84262200.00000001,discharging,84262200.0,0.0,84262200.0,0.0,597.0835984213256,0.0,0.396631311068976,2,224,0.0,24.82,85326717.56374043,1.0,654.15,1445.0192143395411,11210.616829503679,2545018854.4947333,2346252035.93594,367.79347714950256,1178173342.1875682,26163178.123507697,1152010164.0640604,0.3292090899320482,16.933906912096596,1648372190.828896,46459787.910804965,0.6797193931404989
0.0,84262200.00000001,discharging,84262200.0,0.0,84262200.0,0.0,597.0835984213256,0.0,0.32121022495259804,3,224,0.0,24.16,85326717.56374043,1.0,654.15,1445.0192143061345,11210.616829317196,2545018854.4523983,2346252035.898195,367.79347714959465,1178173342.14151,26163178.03970599,1152010164.101804,0.32920908994283415,16.933906912483426,1652283035.3906069,46545877.69692751,0.6781201775098615
0.0,84262200.00000001,discharging,84262200.0,0.0,84262200.0,0.0,597.0835984213256,0.0,0.24578913883622003,4,224,0.0,23.78,85326717.56374043,1.0,654.15,1445.0192142054789,11210.616829643108,2545018854.5263863,2346252035.9641614,367.79347714943384,1178173342.1582596,26163178.122422677,1152010164.035837,0.3292090899239828,16.93390691180732,1654534733.7746222,46595444.54348294,0.677202825932358
0.0,84262200.00000001,discharging,84262200.0,0.0,84262200.0,0.0,597.0835984213256,0.0,0.17036805271984207,5,224,0.0,23.32,85326717.56374043,1.0,654.15,1445.0192143358447,11210.616829592753,2545018854.5149546,2346252035.953969,367.79347714945857,1178173342.1695766,26163178.123547547,1152010164.046029,0.3292090899268954,16.933906911911787,1657260473.923693,46655446.515628956,0.6760956630706316
86630450.47318651,84262200.00000001,charging,84262200.00000001,2368250.473186493,0.0,16.781469205565465,0.0,0.0,0.17248781725107137,6,224,331.38675910712817,22.73,85217480.06906909,361.998819240113,665.8850460808205,1445.0192142005496,11210.616829733266,2545018854.5468535,2346153279.311029,367.7863936448352,1178162861.3167698,26053940.62779725,1152108920.6889725,0.3292475895685774,16.956649820851432,1660756531.9409797,47351863.24640831,0.6744940332446411
178781173.3308209,84262200.00000001,charging,84262200.00000001,94518973.33082087,0.0,669.7632949941473,0.0,0.0,0.25708949661875313,7,224,598.8100526674673,24.17,86230833.2426051,747.0649557357497,665.8881515543139,1445.0192143426862,11210.616829527671,2545018854.5001802,2347069419.589869,367.8521081319294,1178260074.21177,27067293.80163786,1151192780.4101322,0.3288905318691996,16.747884560647684,1652223780.1699748,47728644.42929334,0.6771911753245119
220477638.19004697,84262200.00000001,charging,84262200.00000001,136215438.19004697,0.0,965.2252610903928,0.0,0.0,0.37901268749332906,8,224,732.7396056931765,28.69,86689356.44980349,921.30012319801,665.8895329267904,1445.0192143005609,11210.616829295273,2545018854.4474216,2347483965.7887664,367.8818453517025,1178304051.1377375,27525816.926504668,1150778234.211233,0.32872903506590645,16.655025837088736,1625440420.4443197,47394076.8922474,0.6879211518195403
221377451.8697555,84262200.00000001,charging,84262200.00000001,137115251.8697555,0.0,971.6013584364046,0.0,0.0,0.5017412801379275,9,224,766.0042253849584,30.95,86699251.42424855,925.0601346929453,665.889562576302,1445.019214204236,11210.616829644185,2545018854.526631,2347492911.8756146,367.88248710174577,1178305000.1073213,27535711.98293743,1150769288.124384,0.3287255503757419,16.65303276134736,1612048740.5814924,47105234.878760375,0.6935880003573256
222859110.42379528,84262200.00000001,charging,84262200.00000001,138596910.42379528,0.0,982.1004199500821,0.0,0.0,0.6257960700263591,10,224,811.274459186228,32.45,86715544.76792903,931.2514755453793,665.8896113833172,1445.0192142042397,11210.616829730243,2545018854.546168,2347507642.6617045,367.8835438273645,1178306562.6649835,27552005.326690957,1150754557.3382926,0.32871981245610715,16.64975189866281,1603160457.4866955,46918752.58487105,0.6973935253013597
216645818.5925656,84262200.00000001,charging,84262200.00000001,132383618.59256558,0.0,938.0729124243773,0.0,0.0,0.7442894905431224,11,224,820.2450952299513,33.79,86647219.10753274,905.2882686797341,665.8894065899399,1445.0192143395295,11210.616829589642,2545018854.514249,2347445869.6382174,367.87911249320763,1178300010.0291286,27483679.6673471,1150816330.3617814,0.32874387458419035,16.663518360653708,1595220257.92201,46707407.526712954,0.7008934404228303
218237615.91327867,84262200.00000001,charging,84262200.00000001,133975415.91327865,0.0,949.3524193943921,0.0,0.0,0.8642076908876773,12,224,829.3091745931756,34.72,86664723.61337373,911.9398415091556,665.8894590871062,1445.019214346386,11210.616829524675,2545018854.4995003,2347461695.3755107,367.8802477633133,1178301688.7969348,27501184.1724448,1150800504.62449,0.32873770997316126,16.659989431866222,1589709522.4032362,46595808.12786951,0.7032920342873707
229540023.64547616,84262200.00000001,charging,84262200.00000001,145277823.64547616,0.0,1029.4415018010407,0.0,0.0,0.9942424069046509,13,224,840.8486964524756,35.13,86789012.71701741,959.1687111650036,665.8898312309125,1445.019214311079,11210.616829313109,2545018854.4514704,2347574064.85243,367.88830871131955,1178313608.3405836,27625473.19301305,1150688135.1475706,0.3286939404138793,16.634973534304738,1587280058.357325,46609217.82370253,0.7042632275775336
242675248.11033934,84262200.00000001,charging,84262200.00000001,6432517.5610746145,0.0,45.58094533818011,0.0,151980530.54926473,1.0,14,224,836.65864838493,35.39,85262173.56494036,378.9819917718929,665.8851845982932,1445.0192141973853,11210.61682962311,2545018854.5218463,2346193684.611228,367.78929178293413,1178167149.5130725,26098634.12430169,1152068515.3887708,0.3292318375262174,16.947337730211625,1585739422.6208935,45755676.58889377,0.7061427986800413
254511406.69166324,84262200.00000001,charging,84262200.00000001,0.0,0.0,0.0,0.0,170249206.6916632,1.0,15,224,826.7394655120816,35.31,85191437.14657795,352.10271607689907,665.8842124693875,1445.0192143476243,11210.616829609604,2545018854.51878,2346129735.111675,367.784704905666,1178160362.594028,26027897.70570185,1152132464.8883262,0.32925676848015917,16.9620804859574,1586213464.3859494,45727893.4701441,0.7059888882293542
234344725.74789625,84262200.00000001,charging,84262200.00000001,0.0,0.0,0.0,0.0,150082525.74789625,1.0,16,224,747.0282654231308,34.82,85191437.14657804,352.10271607689896,665.8842124693875,1445.0192143426968,11210.616829613795,2545018854.5197315,2346129735.1125207,367.7847049056639,1178160362.5931814,26027897.70570221,1152132464.887479,0.3292567684799171,16.962080485948718,1589116970.1969163,45790582.753686436,0.7047080202230185
198434936.5574374,84262200.00000001,charging,84262200.00000001,0.0,0.0,0.0,0.0,114172736.55743738,1.0,17,224,640.3901844724843,33.99,85191437.14657806,352.102716076899,665.8842124693875,1445.019214197392,11210.616829623197,2545018854.521866,2346129735.1144266,367.7847049056594,1178160362.5915375,26027897.70596365,1152132464.8855739,0.3292567684793726,16.96208048592913,1594035153.5093706,45896770.723768264,0.7025489581979638
125339522.99107027,84262200.00000001,charging,84262200.00000001,0.0,0.0,0.0,0.0,41077322.991070256,1.0,18,224,440.65228945622806,32.82,85191437.14657806,352.102716076899,665.8842124693875,1445.0192143513102,11210.616829606546,2545018854.5180864,2346129735.1110525,367.78470490566747,1178160362.594672,26027897.70572388,1152132464.888948,0.32925676848033686,16.962080485963813,1600968014.3233123,46046457.380389646,0.6995278333511915
0.0,84262200.00000001,discharging,84262200.0,0.0,84262200.0,0.0,597.0835984213256,0.0,0.924578913883622,19,224,0.0,31.04,85326717.5637401,1.0,654.15,1445.0192141689324,11210.616829346582,2545018854.4590693,2346252035.9041424,367.7934771495802,1178173342.1351416,26163178.039285045,1152010164.0958567,0.32920908994113457,16.933906912422536,1611515443.5958045,45648456.89613466,0.6951697196359851
0.0,84262200.00000001,discharging,84262200.0,0.0,84262200.0,0.0,597.0835984213256,0.0,0.849157827767244,20,224,0.0,29.59,85326717.56374043,1.0,654.15,1445.0192143042436,11210.616829292212,2545018854.4467263,2346252035.8931375,367.79347714960704,1178173342.147322,26163178.040458787,1152010164.1068633,0.32920908994427994,16.933906912535285,1620107450.587442,45837593.54746469,0.6915055020347806
0.0,84262200.00000001,discharging,84262200.0,0.0,84262200.0,0.0,597.0835984213256,0.0,0.773736741650866,21,224,0.0,27.89,85326717.56374043,1.0,654.15,1445.0192143073962,11210.616829316208,2545018854.4521737,2346252035.8979983,367.7934771495952,1178173342.141727,26163178.039726425,1152010164.1020005,0.32920908994289033,16.933906912485387,1630180838.0948784,46059339.96626521,0.6872584127141588
0.0,84262200.00000001,discharging,84262200.0,0.0,84262200.0,0.0,597.0835984213256,0.0,0.698315655534488,22,224,0.0,27.87,85326717.56374043,1.0,654.15,1445.0192142054846,11210.616829643148,2545018854.5263953,2346252035.96417,367.79347714943384,1178173342.1582644,26163178.122434154,1152010164.0358303,0.3292090899239809,16.933906911807256,1630299348.536142,46061948.74766285,0.6872087573856682
0.0,84262200.00000001,discharging,84262200.0,0.0,84262200.0,0.0,597.0835984213256,0.0,0.6228945694181101,23,224,0.0,27.04,85326717.56374043,1.0,654.15,1445.0192141534687,11210.616829418876,2545018854.4754815,2346252035.9187775,367.7934771495445,1178173342.12125,26163178.040027194,1152010164.0812228,0.3292090899369527,16.933906912272462,1635217531.8485966,46170213.17566546,0.6851543717327377
0.0,84262200.00000001,discharging,84262200.0,0.0,84262200.0,0.0,597.0835984213256,0.0,0.5474734833017321,0,225,0.0,25.5,85326717.56374043,1.0,654.15,1445.0192143073973,11210.616829230215,2545018854.432652,2346252035.8805914,367.7934771496376,1178173342.15908,26163178.039670065,1152010164.11941,0.3292090899478654,16.933906912663847,1644342835.8259215,46371089.34328476,0.6813749783270502
0.0,84262200.00000001,discharging,84262200.0,0.0,84262200.0,0.0,597.0835984213256,0.0,0.47205239718535413,1,225,0.0,24.58,85326717.56374043,1.0,654.15,1445.0192143073898,11210.616829316188,2545018854.4521694,2346252035.897994,367.7934771495952,1178173342.1417258,26163178.03971959,1152010164.1020062,0.32920908994289194,16.933906912485455,1649794316.1240637,46491093.2875768,0.6791369882156699
0.0,84262200.00000001,discharging,84262200.0,0.0,84262200.0,0.0,597.0835984213256,0.0,0.39663131106897614,2,225,0.0,24.08,85326717.56374043,1.0,654.15,1445.0192143042389,11210.616829292143,2545018854.4467106,2346252035.8931255,367.7934771496071,1178173342.147316,26163178.040440686,1152010164.1068752,0.32920908994428333,16.93390691253538,1652757077.1556628,46556312.82251813,0.677926844395469
0.0,84262200.00000001,discharging,84262200.0,0.0,84262200.0,0.0,597.0835984213256,0.0,0.32121022495259816,3,225,0.0,23.42,85326717.56374043,1.0,654.15,1445.019214204252,11210.61682964427,2545018854.52665,2346252035.9643993,367.79347714943333,1178173342.1580539,26163178.12245147,1152010164.0356023,0.32920908992391573,16.933906911804886,1656667921.7173731,46642402.60864068,0.6763360425772347
0.0,84262200.00000001,discharging,84262200.0,0.0,84262200.0,0.0,597.0835984213256,0.0,0.24578913883622017,4,225,0.0,22.77,85326717.56374043,1.0,654.15,1445.0192143073837,11210.616829316139,2545018854.4521585,2346252035.897984,367.79347714959533,1178173342.141723,26163178.03970678,1152010164.1020162,0.32920908994289483,16.93390691248557,1660519511.0584524,46727188.004064426,0.6747766241016064
0.0,84262200.00000001,discharging,84262200.0,0.0,84262200.0,0.0,597.0835984213256,0.0,0.17036805271984218,5,225,0.0,22.47,85326717.56374043,1.0,654.15,1445.0192143395402,11210.616829503691,2545018854.494736,2346252035.935942,367.79347714950256,1178173342.187569,26163178.12351189,1152010164.064057,0.3292090899320473,16.93390691209656,1662297167.6774113,46766319.72502921,0.6740593152656759
91265818.68633026,84262200.00000001,charging,84262200.00000001,7003618.686330244,0.0,49.627779089614315,0.0,0.0,0.17663682481537243,6,225,345.21605224599637,22.02,85268453.78846745,381.3684267018744,665.8852040508342,1445.0192141652358,11210.61682943567,2545018854.4792943,2346199362.237671,367.78969902374,1178167752.0263815,26104914.264053255,1152062837.7623281,0.32922962412759516,16.946029999905306,1664963652.6058505,47471113.71899125,0.6727630508430046
177267730.14750463,84262200.00000001,charging,84262200.00000001,93005530.14750461,0.0,659.039006975312,0.0,0.0,0.2598838572754118,7,225,593.9030859316871,23.4,86214190.37312725,740.7407978633737,665.8881011394658,1445.0192143073928,11210.616829316235,2545018854.4521804,2347054373.012609,367.8510288007814,1178258477.836511,27050650.849120453,1151207826.9873905,0.3288963944416985,16.751273597793233,1656786432.1586375,47819123.527209714,0.6753514460559191
216782158.79366344,84262200.00000001,charging,84262200.00000001,132519958.79366343,0.0,939.0390217578743,0.0,0.0,0.3784993126553538,8,225,722.1782114733606,26.76,86648718.39881551,905.8579874280817,665.8894110872417,1445.019214202326,11210.616829619032,2545018854.5209208,2347447225.14678,367.87920973094947,1178300153.8114305,27485178.958209384,1150814974.8532212,0.32874334657023224,16.66321604588844,1636876678.026292,47622993.25241566,0.6831791032524421
222353768.58314177,84262200.00000001,charging,84262200.00000001,138091568.58314174,0.0,978.5195577764116,0.0,0.0,0.5021017831113216,9,225,771.0964141880625,28.89,86709987.67904243,929.1398260199534,665.8895947390093,1445.0192143426812,11210.616829613668,2545018854.519703,2347502618.487949,367.88318341507556,1178306029.750181,27546448.238131512,1150759581.5120494,0.32872176945882875,16.650870747666335,1624255316.0316806,47379316.52049563,0.688403769043192
214477952.63811052,84262200.00000001,charging,84262200.00000001,130215752.6381105,0.0,922.7113718405672,0.0,0.0,0.618654798501709,10,225,785.9009285320927,30.53,86623379.7520027,896.2295034130434,665.8893350601077,1445.0192143061563,11210.616829231274,2545018854.4328923,2347424316.5187783,367.87756637495,1178297723.7091558,27459840.22793049,1150837883.4812253,0.32875227027785975,16.668326696942234,1614537459.848036,47118635.37775373,0.6925848776938688
212774287.953587,84262200.00000001,charging,84262200.00000001,128512087.95358698,0.0,910.6391705410682,0.0,0.0,0.733682904254265,11,225,810.7638136376465,31.88,86604645.07514566,889.110475394497,665.8892788192687,1445.0192141936905,11210.616829712208,2545018854.5420732,2347407378.696545,367.87635132698347,1178295926.9380085,27441105.634553008,1150854821.3034556,0.32875886824938805,16.672107288517843,1606538005.0627182,46932862.20140216,0.696023645827938
223548133.70686993,84262200.00000001,charging,84262200.00000001,139285933.7068699,0.0,986.9828524198524,0.0,0.0,0.8583544224546674,12,225,852.7811701387106,33.13,86723121.74517828,934.1306665635442,665.8896340740631,1445.0192142005371,11210.61682973321,2545018854.546841,2347514492.989962,367.88403524263134,1178307289.3139305,27559582.3038918,1150747707.0100386,0.3287171441414563,16.648226602210535,1599131102.4837208,46834292.7727199,0.6991323817173888
234982965.68408406,84262200.00000001,charging,84262200.00000001,150720765.68408406,0.0,1068.0102956185615,0.0,0.0,0.9932609861117488,13,225,863.9078800341658,34.05,86848867.07753853,981.9128915358339,665.8900100665786,1445.0192143513098,11210.616829520497,2545018854.4985514,2347628179.260624,367.89219069474166,1178319348.375989,27685327.63661185,1150634020.739377,0.32867286319043837,16.62295207510859,1593679622.1855786,46782232.10346488,0.701408580596376
238628269.7973373,84262200.00000001,charging,84262200.00000001,7528983.8067086255,0.0,53.3505266153207,0.0,146837085.99062866,1.0,14,225,827.0649594808425,34.53,85274231.06720552,383.5637466177714,665.8852219430134,1445.0192143042416,11210.616829292176,2545018854.446718,2346204585.184542,367.79007365137454,1178168306.3593729,26110691.54391589,1152057614.8154569,0.32922758799161145,16.944827167757506,1590835371.595244,45872282.27759388,0.7038872287848205
245629919.26323166,84262200.00000001,charging,84262200.00000001,0.0,0.0,0.0,0.0,161367719.26323164,1.0,15,225,801.8530411916443,34.41,85191437.14657873,352.10271607689907,665.8842124693884,1445.019214306144,11210.616829231181,2545018854.4328713,2346129735.03508,367.78470490585255,1178160362.5874035,26027897.622483492,1152132464.96492,0.3292567685020481,16.96208048674351,1591546434.2428277,45843037.052161016,0.7036398396123278
207908559.12581715,84262200.00000001,charging,84262200.00000001,0.0,0.0,0.0,0.0,123646359.12581713,1.0,16,225,668.8210770893037,33.88,85191437.14657806,352.102716076899,665.8842124693875,1445.0192142054827,11210.616829729137,2545018854.5459166,2346129735.135867,367.7847049056071,1178160362.5694587,26027897.705325704,1152132464.8641331,0.32925676847324525,16.96208048570906,1594686960.9363222,45910843.828236945,0.7022638098857353
200142476.348082,84262200.00000001,charging,84262200.00000001,0.0,0.0,0.0,0.0,115880276.34808199,1.0,17,225,645.8913573843188,32.82,85191437.14657806,352.102716076899,665.8842124693875,1445.019214304231,11210.616829292103,2545018854.4467015,2346129735.047407,367.78470490582237,1178160362.5758617,26027897.6232666,1152132464.952595,0.3292567684985259,16.96208048661717,1600968014.3233123,46046457.380389646,0.6995278333898354
126480858.35141088,84262200.00000001,charging,84262200.00000001,0.0,0.0,0.0,0.0,42218658.351410866,1.0,18,225,443.9610315149826,31.46,85191437.14657806,352.102716076899,665.8842124693875,1445.0192143426827,11210.616829527653,2545018854.500176,2346129735.095087,367.7847049057063,1178160362.6105175,26027897.705605228,1152132464.9049122,0.32925676848489915,16.962080486127647,1609026724.3292618,46220452.126547806,0.6960485909855717
0.0,84262200.00000001,discharging,84262200.0,0.0,84262200.0,0.0,597.0835984213256,0.0,0.924578913883622,19,225,0.0,29.6,85326717.5637401,1.0,654.15,1445.0192142042351,11210.616829730221,2545018854.5461626,2346252035.9817915,367.7934771493907,1178173342.1407025,26163178.122493487,1152010164.018209,0.32920908991894526,16.933906911626746,1620048195.3668098,45836289.156765684,0.6915306401618063
0.0,84262200.00000001,discharging,84262200.0,0.0,84262200.0,0.0,597.0835984213256,0.0,0.849157827767244,20,225,0.0,28.27,85326717.56374043,1.0,654.15,1445.0192143444672,11210.616829499524,2545018854.49379,2346252035.935101,367.7934771495047,1178173342.1884174,26163178.123518594,1152010164.0648987,0.32920908993228776,16.933906912105158,1627929139.710863,46009773.1197098,0.6882032284660193
0.0,84262200.00000001,discharging,84262200.0,0.0,84262200.0,0.0,597.0835984213256,0.0,0.773736741650866,21,225,0.0,26.65,85326717.56374043,1.0,654.15,1445.0192141603204,11210.616829439885,2545018854.480251,2346252035.9230304,367.79347714953417,1178173342.1163046,26163178.039334748,1152010164.0769699,0.32920908993573733,16.933906912228867,1637528485.453244,46221084.4129197,0.6841932937619338
0.0,84262200.00000001,discharging,84262200.0,0.0,84262200.0,0.0,597.0835984213256,0.0,0.698315655534488,22,225,0.0,26.53,85326717.56374043,1.0,654.15,1445.0192143024603,11210.616829320361,2545018854.453117,2346252035.8988385,367.7934771495932,1178173342.1408749,26163178.039713547,1152010164.1011612,0.32920908994265047,16.933906912476793,1638239548.1008277,46236737.10130562,0.6838981196834852
0.0,84262200.00000001,discharging,84262200.0,0.0,84262200.0,0.0,597.0835984213256,0.0,0.6228945694181101,23,225,0.0,25.79,85326717.56374043,1.0,654.15,1445.0192143042293,11210.616829206028,2545018854.427161,2346252035.875695,367.79347714964956,1178173342.1646574,26163178.040352087,1152010164.1243052,0.32920908994926434,16.933906912714026,1642624434.427594,46333262.01301879,0.6820834924119796
0.0,84262200.00000001,discharging,84262200.0,0.0,84262200.0,0.0,597.0835984213256,0.0,0.5474734833017321,0,226,0.0,25.02,85326717.56374043,1.0,654.15,1445.0192142005446,11210.616829733266,2545018854.546854,2346252035.98241,367.79347714938933,1178173342.1400595,26163178.12247034,1152010164.017589,0.3292090899187681,16.933906911620305,1647187086.4162567,46433700.09682844,0.6802054941646103
0.0,84262200.00000001,discharging,84262200.0,0.0,84262200.0,0.0,597.0835984213256,0.0,0.47205239718535413,1,226,0.0,24.26,85326717.56374043,1.0,654.15,1445.0192142054814,11210.616829643113,2545018854.5263877,2346252035.9641623,367.79347714943384,1178173342.1582613,26163178.122424662,1152010164.0358367,0.32920908992398273,16.93390691180732,1651690483.184287,46532833.78993925,0.6783619989910435
0.0,84262200.00000001,discharging,84262200.0,0.0,84262200.0,0.0,597.0835984213256,0.0,0.39663131106897614,2,226,0.0,23.55,85326717.56374043,1.0,654.15,1445.0192142993005,11210.616829296263,2545018854.447646,2346252035.893957,367.793477149605,1178173342.1464617,26163178.040420294,1152010164.1060414,0.3292090899440451,16.93390691252686,1655897603.8491573,46625445.52955593,0.6766487916427529
0.0,84262200.00000001,discharging,84262200.0,0.0,84262200.0,0.0,597.0835984213256,0.0,0.32121022495259816,3,226,0.0,22.88,85326717.56374043,1.0,654.15,1445.019214351313,11210.616829606533,2545018854.518083,2346252035.9567566,367.7934771494518,1178173342.1661284,26163178.122882735,1152010164.0432456,0.3292090899261,16.93390691188329,1659867703.6315002,46712839.70637732,0.6750400199629867
0.0,84262200.00000001,discharging,84262200.0,0.0,84262200.0,0.0,597.0835984213256,0.0,0.24578913883622017,4,226,0.0,22.43,85326717.56374043,1.0,654.15,1445.0192143024658,11210.61682923433,2545018854.433586,2346252035.8814216,367.7934771496356,1178173342.1582286,26163178.039648797,1152010164.1185799,0.3292090899476282,16.93390691265538,1662534188.5599391,46771537.28782452,0.6739637893316117
0.0,84262200.00000001,discharging,84262200.0,0.0,84262200.0,0.0,597.0835984213256,0.0,0.17036805271984218,5,226,0.0,22.02,85326717.56374043,1.0,654.15,1445.0192141973873,11210.61682970917,2545018854.5413837,2346252035.9775333,367.79347714940127,1178173342.145642,26163178.12317467,1152010164.0224674,0.3292090899201622,16.9339069116703,1664963652.6058505,46825017.306476414,0.6729862069255723
68319115.99183398,84262200.00000001,direct_plus_discharge,84262200.00000001,0.0,15943084.00816603,0.0,112.97300532776576,0.0,0.1560977783626507,6,226,273.9574830006258,21.28,85214401.6523371,285.482058392701,663.6242293799717,1445.019214311082,11210.61682922711,2545018854.431947,2346150496.156579,367.78619402653703,1178162565.9716976,26050862.12827466,1152111703.843423,0.3292486745880427,16.957291583397787,1669348538.9326172,47407348.85388962,0.671098152066858
166566421.51986408,84262200.00000001,charging,84262200.00000001,82304221.51986407,0.0,583.2093245885621,0.0,0.0,0.2297663246264691,7,226,561.1851679736993,22.34,86096511.37156904,696.0237143624754,665.8877441096546,1445.0192143061463,11210.616829317281,2545018854.452418,2346947981.6691537,367.84339708854975,1178247190.178402,26932971.847555466,1151314218.3308465,0.32893784916796065,16.77527430124206,1663067485.545627,47890885.31788467,0.6729060378890366
215728876.29290324,84262200.00000001,charging,84262200.00000001,131466676.29290323,0.0,931.575441342123,0.0,0.0,0.34743901195389515,8,226,719.2907003342848,26.12,86637135.77491744,901.4566825806658,665.8893763397567,1445.019214193712,11210.616829712364,2545018854.542109,2347436753.368385,367.87845853086026,1178299042.9659848,27473596.334368955,1150825446.6316159,0.3287474256816577,16.665551819304028,1640669012.1467385,47699894.027828276,0.6816196640573691
224926105.24906868,84262200.00000001,charging,84262200.00000001,140663905.24906868,0.0,996.7471857382113,0.0,0.0,0.4733439196260903,9,226,780.6413912480513,28.63,86738274.87466241,939.8887351006294,665.8896794412234,1445.0192143513204,11210.616829520584,2545018854.4985714,2347528192.861453,367.88501802111773,1178308742.5723085,27574735.43375975,1150734007.1385489,0.328711807848517,16.645176975091477,1625795951.7681117,47428645.36720267,0.687734335909651
220930669.0464534,84262200.00000001,charging,84262200.00000001,136668469.04645336,0.0,968.4354466058318,0.0,0.0,0.5956726076184059,10,226,810.0381367570728,30.73,86694338.29087932,923.1931831348186,665.8895478553285,1445.0192142042374,11210.6168297302,2545018854.546158,2347488469.9437594,367.88216845455713,1178304528.90587,27530798.849625014,1150773730.0562449,0.32872728060516115,16.654022322172104,1613352355.435396,47131207.130940974,0.6930353036905001
219059927.64658085,84262200.00000001,charging,84262200.00000001,134797727.64658082,0.0,955.1793364312618,0.0,0.0,0.7163268395886706,11,226,836.1417860197088,32.43,86673766.32274207,915.3759990597179,665.8894861985025,1445.019214304249,11210.616829206208,2545018854.427202,2347469870.7902913,367.8808342372587,1178302556.0091128,27510226.799401373,1150792329.2097116,0.32873452541638953,16.658166969984702,1603278967.9279594,46898743.49709548,0.6973747865106686
215954641.86316925,84262200.00000001,charging,84262200.00000001,131692441.86316924,0.0,933.175220591823,0.0,0.0,0.8342016042950062,12,226,829.6831732105509,33.45,86639618.44949678,902.400079150982,665.8893837884777,1445.019214307399,11210.616829316234,2545018854.45218,2347438997.862599,367.8786195467526,1178299281.0628908,27476078.925490268,1150823202.1374004,0.3287465513651254,16.665051106734886,1597234935.4234974,46747546.78815644,0.7000215723644421
231844327.29299992,84262200.00000001,charging,84262200.00000001,147582127.29299992,0.0,1045.769842548361,0.0,0.0,0.9662988475642729,13,226,857.1960895966633,34.16,86814352.43592103,968.7976025654065,665.8899069721349,1445.0192141652503,11210.616829435774,2545018854.4793177,2347596974.5206037,367.8899521699012,1178316038.3909333,27650812.911537178,1150665225.479396,0.3286850171528648,16.62988215102045,1593027814.7586272,46749293.08039711,0.7017205082194354
249417846.9452652,84262200.00000001,charging,84262200.00000001,37651715.09712676,0.0,266.80079011617306,0.0,127503931.84813842,1.0,14,226,865.7588440777492,34.41,85605481.4839379,509.4362671905884,665.886243794445,1445.0192141620935,11210.616829325665,2545018854.454321,2346504055.3419228,367.81155402022677,1178200086.6182773,26441941.960199267,1151758144.658078,0.32911085285239006,16.876132139714482,1591546434.2428277,46065962.33849137,0.7033154774979044
248197399.33529735,84262200.00000001,charging,84262200.00000001,0.0,0.0,0.0,0.0,163935199.33529735,1.0,15,226,812.0476342772633,34.26,85191437.14657895,352.102716076899,665.8842124693887,1445.019214342687,11210.616829613715,2545018854.5197134,2346129735.112504,367.784704905664,1178160362.5931747,26027897.70567925,1152132464.8874955,0.3292567684799217,16.96208048594872,1592435262.5523074,45862227.64916389,0.7032498503954925
228817885.22712928,84262200.00000001,charging,84262200.00000001,0.0,0.0,0.0,0.0,144555685.22712928,1.0,16,226,731.8162020293619,33.87,85191437.14657804,352.10271607689896,665.8842124693875,1445.0192143463833,11210.616829524653,2545018854.499495,2346129735.094478,367.7847049057078,1178160362.6111674,26027897.705644034,1152132464.9055233,0.32925676848507374,16.962080486133953,1594746216.1569543,45912123.20137045,0.7022378988157473
185089590.11027348,84262200.00000001,charging,84262200.00000001,0.0,0.0,0.0,0.0,100827390.11027347,1.0,17,226,601.0778335995009,32.92,85191437.14657806,352.102716076899,665.8842124693875,1445.019214295621,11210.61682929936,2545018854.4483495,2346129735.048882,367.78470490581884,1178160362.5743659,26027897.623248238,1152132464.9511175,0.3292567684981037,16.962080486601927,1600375462.1169925,46033663.64905447,0.6997850333312805
105282473.41716293,84262200.00000001,charging,84262200.00000001,0.0,0.0,0.0,0.0,21020273.41716291,1.0,18,226,378.58003173303143,31.72,85191437.14657806,352.102716076899,665.8842124693875,1445.0192142005467,11210.61682973325,2545018854.54685,2346129735.136701,367.784704905605,1178160362.568603,26027897.7053031,1152132464.8632998,0.3292567684730071,16.962080485700486,1607486088.5928297,46187188.425076395,0.6967110618978845
0.0,84262200.00000001,discharging,84262200.0,0.0,84262200.0,0.0,597.0835984213256,0.0,0.924578913883622,19,226,0.0,30.08,85326717.5637401,1.0,654.15,1445.0192143427037,11210.616829527778,2545018854.5002046,2346252035.9408193,367.7934771494906,1178173342.1819844,26163178.122804254,1152010164.0591803,0.3292090899306536,16.933906912046616,1617203944.7764747,45773678.40322202,0.6927394259560024
0.0,84262200.00000001,discharging,84262200.0,0.0,84262200.0,0.0,597.0835984213256,0.0,0.849157827767244,20,226,0.0,28.58,85326717.56374043,1.0,654.15,1445.01921434078,11210.616829588625,2545018854.514018,2346252035.9531355,367.7934771494607,1178173342.1704328,26163178.123567272,1152010164.0468655,0.32920908992713444,16.93390691192034,1626092227.8712716,45969337.00804617,0.6889759254349063
0.0,84262200.00000001,discharging,84262200.0,0.0,84262200.0,0.0,597.0835984213256,0.0,0.773736741650866,21,226,0.0,26.91,85326717.56374043,1.0,654.15,1445.0192141652353,11210.616829349627,2545018854.4597607,2346252035.904758,367.79347714957873,1178173342.1344995,26163178.03925882,1152010164.0952408,0.3292090899409586,16.93390691241617,1635987849.7168124,46187170.25475021,0.684833712555496
0.0,84262200.00000001,discharging,84262200.0,0.0,84262200.0,0.0,597.0835984213256,0.0,0.698315655534488,22,226,0.0,26.67,85326717.56374043,1.0,654.15,1445.019214307396,11210.616829316255,2545018854.4521847,2346252035.8980083,367.7934771495952,1178173342.1417286,26163178.039737694,1152010164.101991,0.32920908994288756,16.93390691248529,1637409975.0119796,46218475.631522045,0.6842425142326859
0.0,84262200.00000001,discharging,84262200.0,0.0,84262200.0,0.0,597.0835984213256,0.0,0.6228945694181101,23,226,0.0,25.96,85326717.56374043,1.0,654.15,1445.0192141571617,11210.616829415809,2545018854.4747853,2346252035.918154,367.793477149546,1178173342.1218932,26163178.040047016,1152010164.0818462,0.3292090899371308,16.933906912278893,1641617095.6768503,46311087.371138744,0.682499513694709
0.0,84262200.00000001,discharging,84262200.0,0.0,84262200.0,0.0,597.0835984213256,0.0,0.5474734833017321,0,227,0.0,25.0,85326717.56374043,1.0,654.15,1445.0192143073841,11210.616829230123,2545018854.432631,2346252035.8805723,367.79347714963774,1178173342.1590729,26163178.039644238,1152010164.1194286,0.32920908994787074,16.933906912664046,1647305596.8575206,46436308.87822608,0.6801568528346741
0.0,84262200.00000001,discharging,84262200.0,0.0,84262200.0,0.0,597.0835984213256,0.0,0.47205239718535413,1,227,0.0,24.02,85326717.56374043,1.0,654.15,1445.0192143463862,11210.616829610692,2545018854.519027,2346252035.9576015,367.7934771494499,1178173342.1652725,26163178.122872945,1152010164.0423996,0.32920908992585823,16.933906911874576,1653112608.4794548,46564139.1667111,0.6777819168484748
0.0,84262200.00000001,discharging,84262200.0,0.0,84262200.0,0.0,597.0835984213256,0.0,0.39663131106897614,2,227,0.0,23.35,85326717.56374043,1.0,654.15,1445.0192141534753,11210.61682933289,2545018854.455961,2346252035.901371,367.7934771495869,1178173342.138603,26163178.039974142,1152010164.0986288,0.32920908994192677,16.93390691245089,1657082708.261797,46651533.343532465,0.6761677590122017
0.0,84262200.00000001,discharging,84262200.0,0.0,84262200.0,0.0,597.0835984213256,0.0,0.32121022495259816,3,227,0.0,22.96,85326717.56374043,1.0,654.15,1445.019214163993,11210.616829436744,2545018854.479538,2346252035.9223957,367.79347714953565,1178173342.1169345,26163178.039331395,1152010164.077603,0.3292090899359183,16.933906912235337,1659393661.8664443,46702404.58078671,0.6752317098277738
0.0,84262200.00000001,discharging,84262200.0,0.0,84262200.0,0.0,597.0835984213256,0.0,0.24578913883622017,4,227,0.0,22.73,85326717.56374043,1.0,654.15,1445.0192143110648,11210.616829313032,2545018854.451453,2346252035.897351,367.7934771495968,1178173342.142363,26163178.039714906,1152010164.1026483,0.3292090899430754,16.933906912492102,1660756531.9409797,46732405.566859715,0.6746808947319222
0.0,84262200.00000001,discharging,84262200.0,0.0,84262200.0,0.0,597.0835984213256,0.0,0.17036805271984218,5,227,0.0,22.43,85326717.56374043,1.0,654.15,1445.0192143358515,11210.616829506731,2545018854.495426,2346252035.936558,367.7934771495011,1178173342.1869278,26163178.123485666,1152010164.0634422,0.32920908993187153,16.933906912090265,1662534188.5599391,46771537.28782452,0.6739637892993544
44316178.79813874,84262200.00000001,direct_plus_discharge,84262200.00000001,0.0,39946021.20186128,0.0,283.05828807961217,0.0,0.13461332159399644,6,227,199.74420760721517,21.37,85252937.64305,185.18204985122787,660.0563760439791,1445.0192143513145,11210.616829606535,2545018854.5180836,2346185334.833197,367.7886928807129,1178166263.368998,26089398.202192098,1152076865.166806,0.3292350926603198,16.94926127586836,1668815241.9469292,47212709.40509398,0.6713625289489652
139674837.35602173,84262200.00000001,charging,84262200.00000001,55412637.35602172,0.0,392.65503286823053,0.0,0.0,0.1842118520615624,7,227,479.16234393412975,22.9,85800792.88658477,583.6530449080889,665.8868426092178,1445.0192141652485,11210.616829349688,2545018854.4597745,2346680630.041932,367.8242196499782,1178218823.3201904,26637253.362117868,1151581569.9580727,0.32904203356336315,16.835876812051936,1659749193.1902366,47654184.320870206,0.6744636827629689
192108058.81733632,84262200.00000001,charging,84262200.00000001,107845858.8173363,0.0,764.1978663919695,0.0,0.0,0.28074210886896905,8,227,646.3029270298064,26.53,86377384.90581723,802.7534207490996,665.8885946544277,1445.019214299304,11210.616829296278,2545018854.4476495,2347201914.757453,367.8616124638553,1178274130.6250458,27213845.382501733,1151060285.242544,0.3288389104003753,16.71809818699067,1638239548.1008277,47503652.99874201,0.6828206600458094
209777472.38874894,84262200.00000001,charging,84262200.00000001,125515272.38874891,0.0,889.4036767934739,0.0,1.4901161193847656e-08,0.3930878364639342,9,227,732.6392208858144,29.0,86571690.01555428,876.5878151748374,665.8891798304286,1445.0192143426968,11210.616829613798,2545018854.5197325,2347377584.211541,367.87421401528155,1178292766.3631384,27408150.574678533,1150884615.78846,0.32877047456878283,16.67876147508971,1623603508.6047287,47289423.64074868,0.6887841785540446
219353337.94925135,84262200.00000001,charging,84262200.00000001,135091137.94925135,0.0,957.2584475787564,0.0,0.0,0.5140046930001981,10,227,807.0450944117049,30.95,86676992.86564846,916.6020596716605,665.8894958707955,1445.0192142054675,11210.616829643035,2545018854.5263696,2347472787.984499,367.8810434977999,1178302865.439811,27513453.424307745,1150789412.0155032,0.3287333891018231,16.657516785493915,1612048740.5814924,47093137.44535196,0.6936051866667932
225857860.29978666,84262200.00000001,charging,84262200.00000001,141595660.29978663,0.0,1003.349620264368,0.0,0.0,0.640743592402013,11,227,863.9786626640154,32.45,86748521.09854203,943.782218585222,665.889710108574,1445.019214339547,11210.616829589791,2545018854.5142827,2347537456.4701576,367.885682555942,1178309725.1882393,27584981.658401415,1150724743.5298378,0.3287081995734838,16.64311548533571,1603160457.4866955,46936600.828153856,0.6973679140456185
129211089.13347593,84262200.00000001,charging,84262200.00000001,44948889.133475915,0.0,318.50870816163143,0.0,0.0,0.6809762713276927,12,227,524.6023195214152,33.56,85685726.263727,539.92864453042,665.8864901503491,1445.0192141603052,11210.616829353734,2545018854.4606934,2346576601.9093766,367.8167577285413,1178207784.8298464,26522186.739271753,1151685598.0905747,0.32908257717189854,16.859570806597585,1596583127.9965458,46218535.5471623,0.7010496906889291
16585844.428419784,84262200.00000001,direct_plus_discharge,84262200.00000001,0.0,67676355.57158023,0.0,479.55598017521794,0.0,0.6204007790950335,13,227,123.5619927125635,34.19,85297457.85735041,69.30653213036815,656.2504679017479,1445.0192143426812,11210.616829613675,2545018854.5197043,2346225583.5480967,367.791579794773,1178170534.8683443,26133918.416440777,1152036616.4519036,0.32921940198742217,16.93999298138492,1592850049.0967312,45350330.99023027,0.7032330296436321
73727533.90628672,84262200.00000001,direct_plus_discharge,84262200.00000001,0.0,10534666.093713297,0.0,74.64885012973154,0.0,0.6109714506575937,14,227,298.74714106228674,34.58,85205718.60072328,308.0819743379026,664.466435746342,1445.0192143395418,11210.616829589693,2545018854.5142603,2346142646.2922883,367.785630978187,1178161732.8682637,26042179.160552677,1152119553.707711,0.3292517349246975,16.95910199941382,1590539095.492084,45744950.720778614,0.7041073072699462
85743995.13348672,84262200.00000001,charging,84262200.00000001,1481795.133486703,0.0,10.500029318311759,0.0,0.0,0.6122977701504331,15,227,317.3682718934737,33.91,85207731.99218021,358.29462764780743,665.8850158495873,1445.0192141640011,11210.61682935077,2545018854.4600205,2346144466.4560432,367.7857615356212,1178161926.0116785,26044192.467721418,1152117733.543957,0.3292510253136728,16.95868217481896,1594509195.2744267,45915833.89752651,0.7023287947060392
0.0,84262200.00000001,discharging,84262200.0,0.0,84262200.0,0.0,597.0835984213256,0.0,0.5368766840340551,16,227,0.0,33.07,85326717.56374048,1.0,654.15,1445.0192142091623,11210.616829726041,2545018854.5452137,2346252035.9809484,367.79347714939286,1178173342.1415489,26163178.122497544,1152010164.0190513,0.329209089919186,16.933906911635265,1599486633.8075128,45383665.58427306,0.7003653506571451
113654841.58698395,84262200.00000001,charging,84262200.00000001,29392641.58698393,0.0,208.27683357264192,0.0,3.725290298461914e-09,0.5631853366958625,17,227,389.96890151098086,32.16,85514658.99126126,474.92444320308203,665.8859644080709,1445.0192143407771,11210.616829502564,2545018854.49448,2346421946.098242,367.80566443014294,1178191373.452772,26351119.551011104,1151840253.9017608,0.32914285726517856,16.894914047303203,1604878858.885023,46306022.78005848,0.6975840602054365
69491067.8697694,84262200.00000001,direct_plus_discharge,84262200.00000001,0.0,14771132.13023062,0.0,104.66853138269543,0.0,0.5499640485212063,18,227,269.71015258647583,31.21,85212520.11899146,290.37924170066685,663.8054838599714,1445.0192143024508,11210.616829320277,2545018854.453098,2346148795.169636,367.78607201934506,1178162385.4253058,26048980.594940823,1152113404.830365,0.3292493377313325,16.957683851708627,1610508104.8450613,46141913.964000374,0.695447675580024
0.0,84262200.00000001,discharging,84262200.0,0.0,84262200.0,0.0,597.0835984213256,0.0,0.47454296240482824,19,227,0.0,29.78,85326717.56374043,1.0,654.15,1445.019214342697,11210.616829613753,2545018854.5197225,2346252035.9582233,367.79347714944834,1178173342.1646318,26163178.122854214,1152010164.0417776,0.3292090899256805,16.93390691186817,1618981601.3954344,45812810.12418698,0.6919834401595719
0.0,84262200.00000001,discharging,84262200.0,0.0,84262200.0,0.0,597.0835984213256,0.0,0.39912187628845025,20,227,0.0,27.96,85326717.56374043,1.0,654.15,1445.019214202336,11210.616829619108,2545018854.520938,2346252035.9593034,367.7934771494457,1178173342.1638522,26163178.123156138,1152010164.0406961,0.3292090899253714,16.93390691185713,1629766051.5504544,46050209.23137343,0.6874322627131225
0.0,84262200.00000001,discharging,84262200.0,0.0,84262200.0,0.0,597.0835984213256,0.0,0.3237007901720723,21,227,0.0,27.17,85326717.56374043,1.0,654.15,1445.0192143463737,11210.616829610633,2545018854.519014,2346252035.957589,367.7934771494499,1178173342.165268,26163178.122856822,1152010164.042411,0.3292090899258615,16.933906911874693,1634447213.9803808,46153256.09658072,0.6854753313199156
0.0,84262200.00000001,discharging,84262200.0,0.0,84262200.0,0.0,597.0835984213256,0.0,0.2482797040556943,22,227,0.0,26.24,85326717.56374043,1.0,654.15,1445.0192143074023,11210.616829230255,2545018854.432661,2346252035.8805966,367.7934771496375,1178173342.1590848,26163178.03968221,1152010164.1194026,0.3292090899478633,16.933906912663804,1639957949.4991548,46274564.431571595,0.6831858326785469
0.0,84262200.00000001,discharging,84262200.0,0.0,84262200.0,0.0,597.0835984213256,0.0,0.1728586179393163,23,227,0.0,25.22,85326717.56374043,1.0,654.15,1445.0192141620887,11210.61682941168,2545018854.473848,2346252035.917319,367.7934771495481,1178173342.1227431,26163178.040063214,1152010164.08268,0.3292090899373691,16.93390691228742,1646001982.0036168,46407612.28285189,0.6806922910221241
0.0,84262200.00000001,discharging,84262200.0,0.0,84262200.0,0.0,597.0835984213256,0.0,0.09743753182293836,0,228,0.0,24.33,85326717.56374043,1.0,654.15,1445.0192143476302,11210.616829609673,2545018854.518796,2346252035.957395,367.7934771494504,1178173342.1654894,26163178.122884102,1152010164.0426054,0.329209089925917,16.93390691187669,1651275696.6398633,46523703.05504747,0.6785313767042314
0.0,84262200.00000001,discharging,84262200.0,0.0,84262200.0,0.0,597.0835984213256,0.0,0.02201644570656039,1,228,0.0,23.03,85326717.56374043,1.0,654.15,1445.0192142091537,11210.616829639908,2545018854.52566,2346252035.963514,367.7934771494354,1178173342.158891,26163178.12240365,1152010164.0364873,0.32920908992416864,16.933906911813995,1658978875.3220208,46693273.84589493,0.6753995277453974
0.0,84262200.00000001,discharging,24597287.667705428,0.0,24597287.667705428,0.0,174.2968618436031,0.0,0.0,2,228,0.0,22.16,24909898.315902755,1.0,654.15,1445.019214295619,11210.61682929938,2545018854.448354,2291687421.177709,363.8912188152476,1172321137.6148539,25411271.124867845,1146909866.489986,0.3335097168587199,57.56595920399422,1664134079.5170026,13664553.8663587,0.683580164907625
0.0,84262200.00000001,shutdown,0.0,0.0,0.0,0.0,0.0,0.0,0.0,3,228,0.0,21.58,0.0,1.0,567.279923475184,1445.0192143427062,11210.61682952778,2545018854.5002046,2259509895.635071,362.89907080586624,1179588764.9239786,25103923.827253334,1154484841.0967252,0.3381619335374122,,1667570882.3136578,0.0,0.6923153032601196
0.0,84262200.00000001,shutdown,0.0,0.0,0.0,0.0,0.0,0.0,0.0,4,228,0.0,21.2,0.0,1.0,567.279923475184,1445.019214200553,11210.616829733332,2545018854.546869,2259509895.6765146,362.89907080586624,1179588764.8822327,25103923.82693709,1154484841.0552955,0.33816193352527696,,1669822580.6976726,0.0,0.691381739833065
0.0,84262200.00000001,shutdown,0.0,0.0,0.0,0.0,0.0,0.0,0.0,5,228,0.0,21.06,0.0,1.0,567.279923475184,1445.0192141620935,11210.616829411698,2545018854.473852,2259509895.611689,362.89907080586624,1179588764.8646395,25103923.744518694,1154484841.1201208,0.338161933544265,,1670652153.7865207,0.0,0.6910384298152608
82919737.58949256,84262200.00000001,direct_partial,82919737.58949256,0.0,0.0,0.0,0.0,0.0,0.0,6,228,317.756588149766,20.64,83834212.08959475,346.4930279727335,665.8799087531569,1445.0192143110858,11210.616829227145,2545018854.4319553,2344902759.98312,367.6967037965164,1178030112.582493,26013134.976050764,1152016977.6064422,0.3293515094639751,17.23375505400129,1673140873.0530639,46846081.27795871,0.6697823926545486
156264286.2434271,84262200.00000001,charging,84262200.00000001,72002086.24342708,0.0,510.20819238125836,0.0,0.0,0.06444735061658001,7,228,528.9911150091872,22.28,85983221.95672512,652.9746388312753,665.8873994766859,1445.019214347626,11210.616829609617,2545018854.518783,2346845559.3149323,367.83605015225896,1178236323.2009218,26819682.51578037,1151416640.6851413,0.3289777600823533,16.798441802114557,1663423016.869419,47835596.27310581,0.6728478278164516
201039732.80908903,84262200.00000001,charging,84262200.00000001,116777532.80908902,0.0,827.4878831126565,0.0,0.0,0.1689721358518629,8,228,674.3641333857715,25.56,86475603.77924463,840.0758105230376,665.8888907816043,1445.0192143042432,11210.616829206132,2545018854.4271846,2347290713.342442,367.8679823581573,1178283550.913443,27312064.25588635,1150971486.6575568,0.3288043160234926,16.69819186646062,1643987304.5021296,47683655.208698265,0.6803755068623407
219090099.04136515,84262200.00000001,charging,84262200.00000001,134827899.04136515,0.0,955.3931315252331,0.0,0.0,0.28965337351820813,9,228,764.5049767023306,27.85,86674098.10829377,915.502074928277,665.8894871931379,1445.0192142054914,11210.616829729206,2545018854.5459323,2347470170.8622584,367.880855755286,1178302587.804803,27510558.66706048,1150792029.1377425,0.32873440854137537,16.65810010827529,1630417858.977406,47495069.1066999,0.6858472867550721
215053158.86541453,84262200.00000001,charging,84262200.00000001,130790958.86541452,0.0,926.7872944254633,0.0,0.0,0.40672124228774037,10,228,795.3201568067241,29.75,86629705.11807281,898.6330921507979,665.8893540431546,1445.019214302455,11210.616829320305,2545018854.453104,2347430035.2682567,367.87797661060705,1178298330.3257742,27466165.594030697,1150832164.7317436,0.3287500426135266,16.667050629101617,1619159367.0573301,47223552.24757101,0.6906168752688552
217337557.6006871,84262200.00000001,charging,84262200.00000001,133075357.60068707,0.0,942.974588574983,0.0,0.0,0.5258338218972118,11,228,837.6189970239043,31.43,86654825.94877556,908.1788077776503,665.8894294059569,1445.0192143358458,11210.616829506711,2545018854.495422,2347452746.9336333,367.87960584131196,1178300739.5748806,27491286.508514527,1150809453.066366,0.3287411956574337,16.661984637566253,1609204489.9911573,47018625.51978892,0.6948396277583291
230368746.96291167,84262200.00000001,charging,84262200.00000001,146106546.96291167,0.0,1035.31385144857,0.0,0.0,0.6566103083959787,12,228,890.2166796901755,32.8,86798125.93260086,962.6316605176825,665.8898584756816,1445.0192142005546,11210.61682973334,2545018854.5468707,2347582304.194757,367.8888997665297,1178314482.2965941,27634586.491353843,1150679895.8052404,0.328690731202532,16.6331421183418,1601086524.7645762,46917826.97464781,0.6982262483657089
244014183.73583812,84262200.00000001,charging,84262200.00000001,159751983.73583812,0.0,1132.0056834967436,0.0,0.0,0.7996004999955673,13,228,908.4710421287689,33.52,86948180.60639481,1019.6512416561171,665.89030625841,1445.0192143513068,11210.61682952048,2545018854.4985476,2347717968.9210787,367.89863194961424,1178328872.2443864,27784641.165465478,1150544231.0789208,0.32863789228655094,16.603041942307968,1596820148.8790736,46904950.81921193,0.6999614663608345
73522968.19648741,84262200.00000001,direct_plus_discharge,84262200.00000001,0.0,10739231.803512603,0.0,76.09840675323036,0.0,0.7899880696688434,14,228,299.675440842685,33.65,85206047.02479105,307.2271646837927,664.4343121272749,1445.019214153483,11210.61682941894,2545018854.475496,2346142943.170405,367.7856522747559,1178161764.330689,26042507.501096845,1152119256.8295922,0.329251619180638,16.95903351661787,1596049831.0108583,45862481.00167086,0.7016935364942928
91400967.18555227,84262200.00000001,charging,84262200.00000001,7138767.185552254,0.0,50.585444000294544,0.0,0.0,0.7963778099636175,15,228,335.6963387901385,33.33,85269939.97497128,381.9331657384743,665.8852086537721,1445.019214342681,11210.616829613673,2545018854.519704,2346200705.86748,367.78979539537136,1178167894.6665816,26106400.53405856,1152061494.132523,0.32922910032507047,16.945720559161625,1597945998.0710814,46023639.165311225,0.700780274792182
195935977.40957928,84262200.00000001,charging,84262200.00000001,111673777.40957926,0.0,791.3225724585132,0.0,0.0,0.8963343454320614,16,228,635.0001287554993,32.61,86419479.34989753,818.7489743097427,665.888721650216,1445.0192143427084,11210.6168295278,2545018854.5002093,2347239971.893175,367.8643424507296,1178278168.0157924,27255939.909001447,1151022228.106791,0.3288240837696859,16.709561236415823,1602212373.9565837,46737744.02850444,0.6980333823034421
189698240.86864772,84262200.00000001,charging,84262200.00000001,105436040.86864771,0.0,747.121849241417,0.0,0.0,0.9907076316520299,17,228,615.2766720445144,31.78,86350884.8785778,792.6836214205262,665.8885146424883,1445.0192141571474,11210.616829415745,2545018854.4747705,2347177956.4475203,367.85989384199786,1178271588.907344,27187345.354864217,1151084243.55248,0.3288482444788987,16.72347678476467,1607130557.2690384,46808266.636901595,0.6959654292618156
115242062.88112846,84262200.00000001,charging,84262200.00000001,10381651.081000376,0.0,73.56458275476251,0.0,20598211.80012807,0.9999999999999999,18,228,408.1714595947483,30.57,85305600.97235547,395.4840607721824,665.8853190531422,1445.0192142054807,11210.61682964311,2545018854.5263867,2346232945.3826385,367.792107836882,1178171316.1484003,26142061.53103775,1152029254.6173625,0.3292165320734625,16.938298780104372,1614300438.9655077,46396472.94988275,0.6937022923036882
0.0,84262200.00000001,discharging,84262200.0,0.0,84262200.0,0.0,597.0835984213256,0.0,0.9245789138836219,19,228,0.0,28.98,85326717.56374043,1.0,654.15,1445.0192143463753,11210.616829610653,2545018854.5190187,2346252035.9575934,367.7934771494499,1178173342.165268,26163178.122861464,1152010164.0424066,0.3292090899258602,16.933906911874644,1623722019.0459924,45917161.38009311,0.6899755213868531
0.0,84262200.00000001,discharging,84262200.0,0.0,84262200.0,0.0,597.0835984213256,0.0,0.8491578277672439,20,228,0.0,27.37,85326717.56374043,1.0,654.15,1445.0192142992923,11210.616829296196,2545018854.447631,2346252035.893943,367.793477149605,1178173342.146458,26163178.040399767,1152010164.1060581,0.32920908994404985,16.933906912527046,1633262109.5677412,46127168.28260419,0.6859697029747958
0.0,84262200.00000001,discharging,84262200.0,0.0,84262200.0,0.0,597.0835984213256,0.0,0.7737367416508659,21,228,0.0,25.43,85326717.56374043,1.0,654.15,1445.0192143061538,11210.616829231263,2545018854.43289,2346252035.8807983,367.79347714963706,1178173342.1588693,26163178.039667513,1152010164.1192017,0.3292090899478059,16.933906912661776,1644757622.3703454,46380220.07817654,0.681204178159279
0.0,84262200.00000001,discharging,84262200.0,0.0,84262200.0,0.0,597.0835984213256,0.0,0.6983156555344879,22,228,0.0,24.28,85326717.56374043,1.0,654.15,1445.0192142042267,11210.616829730117,2545018854.5461392,2346252035.9817753,367.7934771493909,1178173342.1406913,26163178.12246611,1152010164.0182252,0.3292090899189499,16.933906911626796,1651571972.7430232,46530225.00854161,0.6784103839825347
0.0,84262200.00000001,discharging,84262200.0,0.0,84262200.0,0.0,597.0835984213256,0.0,0.62289456941811,23,228,0.0,23.61,85326717.56374043,1.0,654.15,1445.0192143444635,11210.61682949947,2545018854.4937778,2346252035.935088,367.79347714950484,1178173342.1884148,26163178.123503584,1152010164.0649111,0.3292090899322913,16.933906912105314,1655542072.5253658,46617619.18536297,0.6767932348974269
0.0,84262200.00000001,discharging,84262200.0,0.0,84262200.0,0.0,597.0835984213256,0.0,0.547473483301732,0,229,0.0,22.5,85326717.56374043,1.0,654.15,1445.0192143513066,11210.616829606515,2545018854.5180793,2346252035.956753,367.7934771494518,1178173342.166124,26163178.122876994,1152010164.0432472,0.32920908992610043,16.933906911883305,1662119402.0155153,46762406.55293273,0.6741309775006036
0.0,84262200.00000001,discharging,84262200.0,0.0,84262200.0,0.0,597.0835984213256,0.0,0.47205239718535397,1,229,0.0,21.33,85326717.56374043,1.0,654.15,1445.0192142091641,11210.616829726066,2545018854.5452194,2346252035.980954,367.79347714939286,1178173342.1415505,26163178.122503508,1152010164.019047,0.32920908991918474,16.93390691163523,1669052262.8294573,46915020.264695436,0.6713473941891221
0.0,84262200.00000001,discharging,84262200.0,0.0,84262200.0,0.0,597.0835984213256,0.0,0.396631311068976,2,229,0.0,20.72,85326717.56374043,1.0,654.15,1445.0192143407849,11210.61682950263,2545018854.494495,2346252035.935727,367.79347714950325,1178173342.187784,26163178.12351091,1152010164.064273,0.329209089932109,16.933906912098774,1672666831.2880077,46994588.09732386,0.6699052215034531
0.0,84262200.00000001,discharging,84262200.0,0.0,84262200.0,0.0,597.0835984213256,0.0,0.32121022495259804,3,229,0.0,20.13,85326717.56374043,1.0,654.15,1445.0192141689436,11210.616829432707,2545018854.4786215,2346252035.9215736,367.7934771495376,1178173342.1178033,26163178.039376065,1152010164.0784273,0.32920908993615383,16.93390691224386,1676162889.305295,47071547.14855463,0.6685162156166554
0.0,84262200.00000001,discharging,84262200.0,0.0,84262200.0,0.0,597.0835984213256,0.0,0.24578913883622003,4,229,0.0,19.61,85326717.56374043,1.0,654.15,1445.0192143110798,11210.616829227114,2545018854.431948,2346252035.879966,367.7934771496391,1178173342.1597137,26163178.039679077,1152010164.1200347,0.32920908994804393,16.933906912670214,1679244160.7781575,47139375.46489361,0.6672967738252616
0.0,84262200.00000001,discharging,84262200.0,0.0,84262200.0,0.0,597.0835984213256,0.0,0.17036805271984207,5,229,0.0,19.05,85326717.56374043,1.0,654.15,1445.0192143005634,11210.616829295295,2545018854.4474263,2346252035.8937626,367.79347714960556,1178173342.1466842,26163178.040446464,1152010164.1062376,0.32920908994410114,16.933906912528865,1682562453.1335485,47212421.3440279,0.6659884942855154
87854059.59228343,84262200.00000001,charging,84262200.00000001,3591859.592283413,0.0,25.451987372567242,0.0,0.0,0.17358304059848212,6,229,332.9536584115956,18.44,85230935.72243299,367.11186036947447,665.8850877988461,1445.0192141603131,11210.616829439876,2545018854.480249,2346165443.879268,367.787266171644,1178164152.3187568,26067396.19802247,1152096756.1207345,0.32924284715232105,16.953845248190987,1686177021.5920994,47908447.19899005,0.6643829135618753
177143440.8386407,84262200.00000001,charging,84262200.00000001,92881240.83864067,0.0,658.1582905000505,0.0,0.0,0.2567188246616464,7,229,592.0043091499246,21.26,86212823.60180266,740.2214356436558,665.8880969983575,1445.0192142054836,11210.616829643135,2545018854.5263925,2347053137.4044986,367.8509401622139,1178258346.7559938,27049284.1604911,1151209062.5955029,0.328896875879359,16.751551974939094,1669467049.373881,48095431.9394175,0.6702574579500914
212530617.6969363,84262200.00000001,charging,84262200.00000001,128268417.6969363,0.0,908.9125183332071,0.0,0.0,0.37152882697741996,8,229,710.5116058636213,24.32,86601965.50823341,888.0922613056902,665.8892707733194,1445.0192143358418,11210.616829592715,2545018854.514946,2347404956.0913167,367.8761775424891,1178295669.9767137,27438426.068030097,1150857243.9086835,0.32875981195468384,16.672648149722278,1651334951.860495,47914622.416165695,0.677273816236548
221122532.29948217,84262200.00000001,charging,84262200.00000001,136860332.29948217,0.0,969.7949933720362,0.0,0.0,0.4940292471928351,9,229,772.6453662624934,26.89,86696448.1520939,923.9949135964821,665.8895541772031,1445.0192143513102,11210.616829520475,2545018854.4985466,2347490377.420471,367.8823052922136,1178304731.2906923,27532908.711163927,1150771822.5795283,0.328726537597107,16.653597358790794,1636106360.1580765,47632308.85095093,0.6834622520470001
216618813.61434707,84262200.00000001,charging,84262200.00000001,132356613.61434706,0.0,937.881554620166,0.0,0.0,0.6124984961974875,10,229,803.5407585744233,28.93,86646922.14208807,905.1754241755732,665.8894056991385,1445.0192143513207,11210.61682960658,2545018854.518094,2347445601.1565065,367.8790932332656,1178299981.5447373,27483382.7012433,1150816598.843494,0.32874397916694076,16.66357824149943,1624018295.1491523,47339640.75772556,0.6885518500374737
209462628.20884588,84262200.00000001,charging,84262200.00000001,125200428.20884587,0.0,887.1726847723953,0.0,0.0,0.7245624142740007,11,229,813.5744336350119,30.71,86568227.77088632,875.2721897712178,665.8891694263395,1445.0192141620885,11210.616829411634,2545018854.4738374,2347374453.978553,367.87398947080607,1178292434.2686453,27404688.24719824,1150887746.021447,0.3287716939470471,16.679460855564493,1613470865.87666,47065225.02176093,0.6930820427990623
201451235.4791592,84262200.00000001,charging,84262200.00000001,117189035.47915919,0.0,830.4037990869068,0.0,0.0,0.8294555257376099,12,229,790.6973971676783,32.15,86480128.94762145,841.7953384703806,665.888904408695,1445.0192143426964,11210.61682952773,2545018854.500193,2347294804.5694,367.86827583543425,1178283984.9372716,27316589.506667018,1150967395.4306045,0.3288027222073189,16.6972758254808,1604938114.105655,46830296.68145091,0.6968091821553495
212025691.5951915,84262200.00000001,charging,84262200.00000001,127763491.5951915,0.0,905.3346020935808,0.0,0.0,0.9438135807389043,13,229,801.2586938179993,33.12,86596412.99109924,885.9823490099933,665.8892540991674,1445.01921430247,11210.616829320434,2545018854.453133,2347399936.038072,367.8758174317323,1178295137.429021,27432873.46709337,1150862263.9619274,0.3287617674779505,16.673769012452016,1599190357.7043529,46767142.21744263,0.6992053342912005
229694460.66085738,84262200.00000001,charging,84262200.00000001,62772780.675113775,0.0,444.80915248367097,0.0,82659479.98574361,0.9999999999999996,14,229,811.8825106348066,33.65,85881730.12026563,614.40854919551,665.8870899625334,1445.0192141571642,11210.61682932983,2545018854.4552665,2346753803.094066,367.8294683871702,1178226587.5024529,26718190.596519474,1151508396.9059334,0.3290135169414323,16.819248616871462,1596049831.0108583,46312687.26289471,0.7011292477109473
247220179.42697245,84262200.00000001,charging,84262200.00000001,0.0,0.0,0.0,0.0,162957979.42697245,0.9999999999999996,15,229,816.4746575968841,33.66,85191437.14657821,352.10271607689896,665.8842124693875,1445.0192143110683,11210.616829313078,2545018854.451463,2346129735.0516553,367.7847049058121,1178160362.5709083,26027897.6225629,1152132464.9483454,0.32925676849731145,16.96208048657348,1595990575.790226,45938990.037174374,0.7016942071858991
233128897.26030704,84262200.00000001,charging,84262200.00000001,0.0,0.0,0.0,0.0,148866697.260307,0.9999999999999996,16,229,746.7134358885028,33.22,85191437.14657807,352.10271607689907,665.8842124693875,1445.0192141603104,11210.616829439818,2545018854.4802356,2346129735.077306,367.78470490574966,1178160362.5448487,26027897.62215316,1152132464.9226956,0.32925676848998126,16.962080486310242,1598597805.498033,45995282.45504901,0.7005577691906025
198365986.91636077,84262200.00000001,charging,84262200.00000001,0.0,0.0,0.0,0.0,114103786.91636075,0.9999999999999996,17,229,640.9725269367759,32.38,85191437.14657806,352.102716076899,665.8842124693875,1445.019214344472,11210.616829499544,2545018854.4937944,2346129735.089397,367.7847049057202,1178160362.6169631,26027897.706361946,1152132464.9106011,0.3292567684865249,16.96208048618605,1603575244.0311193,46102749.79826435,0.6983983960628376
108618150.58319148,84262200.00000001,charging,84262200.00000001,0.0,0.0,0.0,0.0,24355950.58319147,0.9999999999999996,18,229,387.36533512809854,31.0,85191437.14657806,352.102716076899,665.8842124693875,1445.0192143476386,11210.616829609678,2545018854.5187974,2346129735.1116905,367.78470490566605,1178160362.594035,26027897.705726124,1152132464.8883088,0.32925676848015417,16.962080485957195,1611752464.4783325,46279303.29068955,0.6948796080298086
0.0,84262200.00000001,discharging,84262200.0,0.0,84262200.0,0.0,597.0835984213256,0.0,0.9245789138836217,19,229,0.0,28.84,85326717.5637401,1.0,654.15,1445.0192141639966,11210.616829350733,2545018854.460012,2346252035.9049845,367.79347714957805,1178173342.1342878,26163178.039273486,1152010164.0950143,0.3292090899408939,16.933906912413885,1624551592.1348405,45935422.84987651,0.6896253330682454
0.0,84262200.00000001,discharging,84262200.0,0.0,84262200.0,0.0,597.0835984213256,0.0,0.8491578277672437,20,229,0.0,27.25,85326717.56374043,1.0,654.15,1445.0192141620828,11210.61682941163,2545018854.4738364,2346252035.917309,367.7934771495481,1178173342.122741,26163178.04004887,1152010164.0826921,0.3292090899373726,16.93390691228755,1633973172.215325,46142820.97099011,0.685672994456723
0.0,84262200.00000001,discharging,84262200.0,0.0,84262200.0,0.0,597.0835984213256,0.0,0.7737367416508657,21,229,0.0,25.36,85326717.56374043,1.0,654.15,1445.0192143476306,11210.616829609662,2545018854.5187936,2346252035.9573927,367.7934771494504,1178173342.1654894,26163178.12288145,1152010164.042608,0.3292090899259178,16.93390691187672,1645172408.9147692,46389350.81306833,0.6810334635537988
0.0,84262200.00000001,discharging,84262200.0,0.0,84262200.0,0.0,597.0835984213256,0.0,0.6983156555344877,22,229,0.0,24.6,85326717.56374043,1.0,654.15,1445.0192143476193,11210.616829523524,2545018854.4992385,2346252035.9399595,367.79347714949273,1178173342.1828277,26163178.12278514,1152010164.0600426,0.32920908993090003,16.933906912055388,1649675805.6827996,46488484.50617915,0.6791854838140067
0.0,84262200.00000001,discharging,84262200.0,0.0,84262200.0,0.0,597.0835984213256,0.0,0.6228945694181097,23,229,0.0,23.78,85326717.56374043,1.0,654.15,1445.0192142956134,11210.616829299312,2545018854.448338,2346252035.8945737,367.7934771496035,1178173342.145822,26163178.040396493,1152010164.1054256,0.3292090899438691,16.933906912520563,1654534733.7746222,46595444.54348294,0.6772028259732653
0.0,84262200.00000001,discharging,84262200.0,0.0,84262200.0,0.0,597.0835984213256,0.0,0.5474734833017317,0,230,0.0,22.76,85326717.56374043,1.0,654.15,1445.0192142005426,11210.616829647175,2545018854.5273094,2346252035.9649873,367.79347714943174,1178173342.1574006,26163178.12238881,1152010164.0350118,0.329209089923747,16.933906911798836,1660578766.279084,46728492.394763246,0.6747526891731468
0.0,84262200.00000001,discharging,84262200.0,0.0,84262200.0,0.0,597.0835984213256,0.0,0.47205239718535374,1,230,0.0,21.77,85326717.56374043,1.0,654.15,1445.0192143061333,11210.616829317165,2545018854.4523916,2346252035.8981895,367.79347714959476,1178173342.141507,26163178.03969541,1152010164.1018114,0.32920908994283626,16.933906912483497,1666445033.12165,46857627.07394708,0.6723915107738719
0.0,84262200.00000001,discharging,84262200.0,0.0,84262200.0,0.0,597.0835984213256,0.0,0.39663131106897576,2,230,0.0,20.97,85326717.56374043,1.0,654.15,1445.019214300548,11210.616829295224,2545018854.44741,2346252035.893748,367.79347714960556,1178173342.1466773,26163178.040425938,1152010164.1062512,0.329209089944105,16.933906912529004,1671185450.7722085,46961978.32985319,0.670495525933019
0.0,84262200.00000001,discharging,84262200.0,0.0,84262200.0,0.0,597.0835984213256,0.0,0.32121022495259777,3,230,0.0,20.13,85326717.56374043,1.0,654.15,1445.0192142054777,11210.6168296431,2545018854.5263844,2346252035.96416,367.79347714943384,1178173342.158259,26163178.12242046,1152010164.0358384,0.32920908992398323,16.933906911807334,1676162889.305295,47071547.14855463,0.6685162155919409
0.0,84262200.00000001,discharging,84262200.0,0.0,84262200.0,0.0,597.0835984213256,0.0,0.24578913883621978,4,230,0.0,19.51,85326717.56374043,1.0,654.15,1445.019214351308,11210.616829606526,2545018854.5180817,2346252035.956755,367.7934771494518,1178173342.1661255,26163178.12288097,1152010164.0432446,0.3292090899260997,16.933906911883277,1679836712.9844775,47152419.37188189,0.6670627755899106
0.0,84262200.00000001,discharging,84262200.0,0.0,84262200.0,0.0,597.0835984213256,0.0,0.1703680527198418,5,230,0.0,19.13,85326717.56374043,1.0,654.15,1445.019214197408,11210.616829623266,2545018854.521882,2346252035.960144,367.79347714944356,1178173342.1630034,26163178.12314788,1152010164.0398555,0.3292090899251312,16.93390691184853,1682088411.3684926,47201986.21843729,0.6661750771573026
87733765.32317366,84262200.00000001,charging,84262200.00000001,3471565.323173642,0.0,24.59957982719666,0.0,0.0,0.17347536806643507,6,230,331.80928660590655,18.65,85229612.88333224,366.6091920451009,665.8850836980865,1445.019214306146,11210.616829317274,2545018854.452416,2346164247.9371767,367.7871803926486,1178164025.4221423,26066073.359317224,1152097952.062825,0.3292433133913459,16.95412092967961,1684932661.9588277,47880824.55902064,0.6648712980518218
174625110.87635434,84262200.00000001,charging,84262200.00000001,90362910.87635432,0.0,640.3133550972937,0.0,0.0,0.2543570550260932,7,230,583.7520043491172,21.55,86185130.30135366,729.6982019789892,665.8880130636701,1445.0192143427003,11210.616829613773,2545018854.5197268,2347028100.377264,367.8491441883139,1178255690.4832091,27021590.860421635,1151234099.6227875,0.3289066311540128,16.75719432307397,1667748647.9755535,48042443.54092932,0.6709640266317516
220482530.10613078,84262200.00000001,charging,84262200.00000001,136220330.10613078,0.0,965.2599253035097,0.0,0.0,0.3762846245381155,8,230,735.1376464605407,24.73,86689410.2447007,921.3205648306749,665.8895330879994,1445.0192141534758,11210.616829332888,2545018854.4559608,2347484014.432174,367.881848840613,1178304056.2887614,27525870.72093445,1150778185.567827,0.3287290161189669,16.6550150002547,1648905487.8145835,47909642.36948041,0.6781989181361172
217392450.61342254,84262200.00000001,charging,84262200.00000001,133130250.61342253,0.0,943.3635615376196,0.0,0.0,0.4954463375744464,9,230,761.6129743333809,27.47,86655429.59036101,908.408186774124,665.8894312163529,1445.0192142054777,11210.616829729128,2545018854.5459146,2347453292.728468,367.8796449909007,1178300797.420638,27491890.14910756,1150808907.2715306,0.3287409830581914,16.66186293989203,1632669557.3614213,47534287.21711563,0.6849221961875703
208190035.7303276,84262200.00000001,charging,84262200.00000001,123927835.73032758,0.0,878.1550695618073,0.0,1.4901161193847656e-08,0.6063711884664642,10,230,776.7329209410065,29.62,86554233.46257558,869.954464051437,665.8891273648055,1445.019214347634,11210.61682952365,2545018854.499267,2347361801.845021,367.873081868018,1178291092.176635,27390694.021656465,1150900398.1549785,0.3287766226140038,16.682288302497476,1619929684.925546,47199295.54795319,0.6903487442393923
204951263.1475585,84262200.00000001,charging,84262200.00000001,120689063.1475585,0.0,855.2050636494516,0.0,0.0,0.714397091243237,11,230,800.7133825647724,31.37,86518617.67603569,856.4207487775831,665.8890202561638,1445.0192143444715,11210.616829585568,2545018854.513324,2347329601.9004292,367.87077200833414,1178287676.3354533,27355078.23587951,1150932598.0995739,0.3287891663503473,16.689488335885237,1609560021.3149493,46952490.80917283,0.6947925775844274
237971848.987427,84262200.00000001,charging,84262200.00000001,153709648.98742703,0.0,1089.1895812059474,0.0,-2.9802322387695312e-08,0.8519789330797777,12,230,927.4476503503374,32.77,86881734.90848763,994.4024055663714,665.8901081660924,1445.0192143061383,11210.616829317183,2545018854.4523954,2347657895.0919957,367.8943224207898,1178322500.2924528,27718195.38444952,1150604304.9080033,0.32866128936460054,16.616357774737,1601264290.4264722,46966950.14557149,0.6980842715423041
133641565.69474667,84262200.00000001,charging,84262200.00000001,49379365.69474666,0.0,349.9031517902677,0.0,0.0,0.8961772259374957,13,230,530.813113824069,33.8,85734446.85265951,558.4420803383916,665.8866395008457,1445.0192142091641,11210.616829639988,2545018854.525678,2346620648.6793175,367.8199171827573,1178212458.7320287,26570907.411343876,1151641551.320685,0.329065410193155,16.84953072193927,1595161002.701378,46213923.53783423,0.701632230948827
169630379.75445458,84262200.00000001,charging,84262200.00000001,85368179.75445457,0.0,604.9205926081718,0.0,0.0,0.9725882481616859,14,230,616.7928288138411,34.3,86130204.77845977,708.826940676831,665.8878464324957,1445.0192143042484,11210.616829292236,2545018854.446732,2346978443.189421,367.8455821604395,1178250422.065765,26966665.255185165,1151283756.8105798,0.3289259797360739,16.768395810895868,1592198241.669779,46362649.92517873,0.7026188423732805
152734528.4086848,84262200.00000001,charging,84262200.00000001,30625049.766404446,0.0,217.00970205331623,0.0,37847278.642280325,0.9999999999999994,15,230,525.6862429004099,34.16,85528211.40518524,480.074252575366,665.8860061353039,1445.0192143463678,11210.61682952456,2545018854.499474,2346434198.3267455,367.80654326294695,1178192673.6374784,26364671.96422469,1151828001.6732538,0.32913808150463625,16.89210890380128,1593027814.7586272,46056478.39870006,0.7027265202172832
162529868.94839478,84262200.00000001,charging,84262200.00000001,0.0,0.0,0.0,0.0,78267668.94839476,0.9999999999999994,16,230,536.028744488024,33.56,85191437.14657915,352.102716076899,665.884212469389,1445.019214160306,11210.616829439829,2545018854.4802384,2346129735.077308,367.78470490574955,1178160362.5448482,26027897.62215449,1152132464.9226937,0.3292567684899806,16.96208048631002,1596583127.9965458,45951783.76851013,0.7014356021721454
126188920.70968774,84262200.00000001,charging,84262200.00000001,0.0,0.0,0.0,0.0,41926720.709687725,0.9999999999999994,17,230,426.9355007726764,32.44,85191437.14657806,352.102716076899,665.8842124693875,1445.0192143358431,11210.61682959274,2545018854.5149517,2346129735.108256,367.7847049056742,1178160362.5981236,26027897.70638119,1152132464.8917425,0.32925676848113544,16.96208048599252,1603219712.7073276,46095073.55946325,0.698552195423885
36682337.80276118,84262200.00000001,direct_plus_discharge,84262200.00000001,0.0,47579862.19723883,0.0,337.1518347861575,0.0,0.9574123998164848,18,230,170.15907216314122,30.94,85265193.54420531,153.28285722901273,658.9764971141523,1445.0192141639895,11210.616829350643,2545018854.4599915,2346196414.7817974,367.7894876134019,1178167439.2379153,26101654.019711707,1152065785.2182035,0.329230773175937,16.94670885657337,1612107995.8021245,45918884.80875746,0.6948414399612974
0.0,84262200.00000001,discharging,84262200.0,0.0,84262200.0,0.0,597.0835984213256,0.0,0.8819913137001069,19,230,0.0,29.2,85326717.56373827,1.0,654.149999999998,1445.0192143426825,11210.616829613684,2545018854.5197067,2346252035.958204,367.7934771494482,1178173342.1646278,26163178.122833468,1152010164.0417943,0.3292090899256854,16.93390691186881,1622418404.192089,45888464.78471765,0.6905265364928554
0.0,84262200.00000001,discharging,84262200.0,0.0,84262200.0,0.0,597.0835984213256,0.0,0.8065702275837289,20,230,0.0,27.68,85326717.56374043,1.0,654.15,1445.0192143395436,11210.616829503671,2545018854.494732,2346252035.9359384,367.79347714950256,1178173342.1875687,26163178.123507913,1152010164.0640607,0.3292090899320483,16.933906912096596,1631425197.72815,46086732.17094056,0.686737389780208
0.0,84262200.00000001,discharging,84262200.0,0.0,84262200.0,0.0,597.0835984213256,0.0,0.7311491414673509,21,230,0.0,25.99,85326717.56374043,1.0,654.15,1445.0192141689283,11210.616829432633,2545018854.478605,2346252035.9215593,367.7934771495378,1178173342.1177952,26163178.03935532,1152010164.07844,0.32920908993615744,16.933906912243977,1641439330.0149543,46307174.19904225,0.6825729819034314
0.0,84262200.00000001,discharging,84262200.0,0.0,84262200.0,0.0,597.0835984213256,0.0,0.6557280553509729,22,230,0.0,25.59,85326717.56374043,1.0,654.15,1445.0192142042254,11210.61682973014,2545018854.546144,2346252035.9817796,367.7934771493909,1178173342.140691,26163178.12247163,1152010164.0182195,0.32920908991894826,16.933906911626725,1643809538.840234,46359349.82699532,0.681594704376927
0.0,84262200.00000001,discharging,84262200.0,0.0,84262200.0,0.0,597.0835984213256,0.0,0.5803069692345949,23,230,0.0,24.87,85326717.56374043,1.0,654.15,1445.019214295626,11210.616829213399,2545018854.4288344,2346252035.8771863,367.793477149646,1178173342.163178,26163178.04036331,1152010164.1228147,0.32920908994883835,16.93390691269876,1648075914.7257361,46453265.957310826,0.6798408532914443
0.0,84262200.00000001,discharging,84262200.0,0.0,84262200.0,0.0,597.0835984213256,0.0,0.5048858831182169,0,231,0.0,23.9,85326717.56374043,1.0,654.15,1445.0192143024628,11210.616829320355,2545018854.4531155,2346252035.8988376,367.7934771495932,1178173342.140875,26163178.039713982,1152010164.101161,0.3292090899426504,16.93390691247679,1653823671.1270385,46579791.85509701,0.6774922476814927
0.0,84262200.00000001,discharging,84262200.0,0.0,84262200.0,0.0,597.0835984213256,0.0,0.4294647970018389,1,231,0.0,22.8,85326717.56374043,1.0,654.15,1445.0192143061472,11210.616829231209,2545018854.4328775,2346252035.880789,367.79347714963717,1178173342.158863,26163178.039653387,1152010164.1192098,0.3292090899478082,16.933906912661836,1660341745.396556,46723274.831967935,0.6748484389686521
0.0,84262200.00000001,discharging,84262200.0,0.0,84262200.0,0.0,597.0835984213256,0.0,0.35404371088546094,2,231,0.0,22.08,85326717.56374043,1.0,654.15,1445.0192142023332,11210.616829705126,2545018854.540466,2346252035.976719,367.7934771494032,1178173342.1465,26163178.123219118,1152010164.023281,0.3292090899203947,16.933906911678587,1664608121.2820587,46817190.96228345,0.6731290905780453
0.0,84262200.00000001,discharging,84262200.0,0.0,84262200.0,0.0,597.0835984213256,0.0,0.278622624769083,3,231,0.0,21.53,85326717.56374043,1.0,654.15,1445.0192143463846,11210.616829610708,2545018854.519031,2346252035.957605,367.79347714944987,1178173342.1652718,26163178.122877352,1152010164.0423944,0.32920908992585673,16.93390691187451,1667867158.4168177,46888932.45071891,0.6718215903578244
0.0,84262200.00000001,discharging,84262200.0,0.0,84262200.0,0.0,597.0835984213256,0.0,0.203201538652705,4,231,0.0,21.55,85326717.56374043,1.0,654.15,1445.0192143427012,11210.616829527791,2545018854.5002074,2346252035.9408216,367.79347714949074,1178173342.1819837,26163178.122806467,1152010164.0591772,0.32920908993065273,16.933906912046528,1667748647.9755535,46886323.66932125,0.6718690468292716
0.0,84262200.00000001,discharging,84262200.0,0.0,84262200.0,0.0,597.0835984213256,0.0,0.12778045253632703,5,231,0.0,21.41,85326717.56374043,1.0,654.15,1445.0192141583987,11210.616829414721,2545018854.4745383,2346252035.9179335,367.7934771495465,1178173342.122105,26163178.04003765,1152010164.0820673,0.329209089937194,16.933906912281163,1668578221.064401,46904585.13910483,0.6715369923360256
87845973.76928847,84262200.00000001,charging,84262200.00000001,3583773.76928845,0.0,25.394691072565223,0.0,4.656612873077393e-10,0.13098820298759842,6,231,330.6154697332471,21.14,85230846.80512296,367.07807249972694,665.8850875232092,1445.0192143110737,11210.616829227087,2545018854.431942,2346165363.450196,367.78726040593546,1178164143.8308592,26067307.281051923,1152096836.5498073,0.3292428785033425,16.953863778837274,1670178112.0214648,47562807.11440773,0.6707046584937743
166879381.04048207,84262200.00000001,charging,84262200.00000001,82617181.04048206,0.0,585.4269618770593,0.0,0.0,0.2049368718562796,7,231,559.5751521404138,22.32,86099952.89121589,697.3314644239706,665.8877545647964,1445.0192141603281,11210.616829439947,2545018854.480265,2346951093.100502,367.8436202761893,1178247520.2663248,26936413.36682971,1151311106.8994951,0.3289366367804635,16.774571469833145,1663185995.986891,47895386.27113392,0.6728558435836464
202291723.13673514,84262200.00000001,charging,84262200.00000001,118029523.13673513,0.0,836.3595110789288,0.0,0.0,0.31058228378203906,8,231,679.03276446536,24.97,86489371.53203498,845.3074469491718,665.8889322373907,1445.0192143395402,11210.616829589724,2545018854.5142674,2347303160.7168446,367.86887525889995,1178284871.3750272,27325832.091872357,1150959039.2831547,0.3287994669098002,16.69540512536141,1647483362.5194163,47767881.816782966,0.6789312458129649
251160562.51322764,84262200.00000001,charging,84262200.00000001,166898362.51322764,0.0,1182.6450633857748,0.0,0.0,0.4599690286307685,9,231,873.1128439895463,27.52,87026767.13712083,1049.5134975387448,665.89054015635,1445.0192143463898,11210.616829524683,2545018854.4995017,2347789019.4483557,367.9037289522079,1178336408.2478383,27863227.69619524,1150473180.5516431,0.3286102212501547,16.58731930852956,1632373281.2582617,47731512.89161931,0.6847627508460108
206561891.32477695,84262200.00000001,charging,84262200.00000001,122299691.32477693,0.0,866.6180064372303,0.0,0.0,0.5694365662859976,10,231,773.7647192203569,29.58,86536329.25901435,863.1510092714788,665.8890735318388,1445.0192141652396,11210.616829435692,2545018854.479299,2347345614.770559,367.8719206907931,1178289374.9640496,27372789.734608684,1150916585.229441,0.32878292837859635,16.685907048677745,1620166705.8080738,47194727.18461295,0.6902622085744795
199386219.69024813,84262200.00000001,charging,84262200.00000001,115124019.69024812,0.0,815.7710567891758,0.0,0.0,0.6724813313541042,11,231,784.4662441043206,31.23,86457420.60374174,833.1663486265685,665.8888360104527,1445.0192141571454,11210.616829329687,2545018854.455234,2347274274.1368566,367.86680309934115,1178281806.9430985,27293881.079954665,1150987925.863144,0.32881072030427017,16.701873695213795,1610389594.403797,46937446.307380624,0.6944844907431439
195697253.3430488,84262200.00000001,charging,84262200.00000001,111435053.3430488,0.0,789.6309690506531,0.0,0.0,0.7722241906026076,12,231,778.127984674955,32.6,86416854.17475173,817.7514286462472,665.8887137338671,1445.019214342691,11210.616829613744,2545018854.51972,2347237598.519243,367.8641721975506,1178277916.214618,27253314.733862124,1151024601.4807558,0.32882500840092604,16.710093390908412,1602271629.1772158,46737621.565787144,0.6980097904011955
210240364.5438665,84262200.00000001,charging,84262200.00000001,125978164.54386647,0.0,892.6837396645903,0.0,0.0,0.8849842419286611,13,231,803.5068123389083,33.59,86576780.29829831,878.5220820829833,665.889195125286,1445.0192143024726,11210.61682932043,2545018854.4531326,2347382186.24313,367.8745441469142,1178293254.5311618,27413240.774291623,1150880013.7568703,0.32876868184528124,16.677733330376007,1596405362.3346496,46695427.99057173,0.7004317815032363
223264567.91815847,84262200.00000001,charging,84262200.00000001,128498292.83556534,0.0,910.5414180647621,0.0,10504075.082593128,0.9999999999999994,14,231,797.8568608766709,34.22,86604493.3744729,889.0528303469664,665.8892783637697,1445.0192143407899,11210.61682950262,2545018854.494493,2347407241.5024104,367.8763414884695,1178295912.431831,27440953.934241235,1150854958.4975896,0.3287589216878944,16.672137908288708,1592672283.434835,46628443.311132394,0.7020401685431148
261655300.32425034,84262200.00000001,charging,84262200.00000001,0.0,0.0,0.0,0.0,177393100.32425034,0.9999999999999994,15,231,866.8326431826747,34.45,85191437.1465365,352.10271607689896,665.8842124693875,1445.019214205477,11210.616829729091,2545018854.545906,2346129735.1358185,367.78470490560437,1178160362.5694532,26027897.705314204,1152132464.864139,0.32925676847325086,16.96208048571736,1591309413.3602993,45837919.55960417,0.7037439097245296
222426184.49050012,84262200.00000001,charging,84262200.00000001,0.0,0.0,0.0,0.0,138163984.4905001,0.9999999999999994,16,231,715.4696574671034,34.18,85191437.14657812,352.10271607689907,665.8842124693875,1445.0192143463796,11210.616829524626,2545018854.499489,2346129735.0944724,367.7847049057078,1178160362.6111639,26027897.70563587,1152132464.905528,0.32925676848507507,16.96208048613399,1592909304.3173628,45872462.63423149,0.7030420328929369
169798916.53403568,84262200.00000001,charging,84262200.00000001,0.0,0.0,0.0,0.0,85536716.53403567,0.9999999999999994,17,231,555.7840061602346,33.37,85191437.14657806,352.102716076899,665.8842124693875,1445.019214344473,11210.616829585593,2545018854.5133295,2346129735.106814,367.7847049056778,1178160362.5996177,26027897.706432663,1152132464.8931851,0.3292567684815478,16.962080486007277,1597708977.1885533,45976091.85804625,0.7009447774332258
90095892.42908737,84262200.00000001,charging,84262200.00000001,0.0,0.0,0.0,0.0,5833692.429087356,0.9999999999999994,18,231,330.01602002496844,32.11,85191437.14657806,352.102716076899,665.8842124693875,1445.0192142042224,11210.616829730126,2545018854.546141,2346129735.1360674,367.78470490560653,1178160362.569238,26027897.70530527,1152132464.8639326,0.32925676847318797,16.962080485707002,1605175134.9881825,46137292.87286927,0.697707136108878
0.0,84262200.00000001,discharging,84262200.0,0.0,84262200.0,0.0,597.0835984213256,0.0,0.9245789138836215,19,231,0.0,30.35,85326717.5637401,1.0,654.15,1445.0192143476206,11210.616829523566,2545018854.499248,2346252035.939965,367.7934771494927,1178173342.182832,26163178.122796174,1152010164.060036,0.32920908993089815,16.93390691205541,1615604053.8194113,45738459.85435368,0.6934212268562064
0.0,84262200.00000001,discharging,84262200.0,0.0,84262200.0,0.0,597.0835984213256,0.0,0.8491578277672435,20,231,0.0,28.77,85326717.56374043,1.0,654.15,1445.019214162093,11210.616829411663,2545018854.473844,2346252035.9173155,367.7934771495481,1178173342.1227448,26163178.040060345,1152010164.0826845,0.3292090899373704,16.93390691228747,1624966378.6792643,45944553.58476847,0.6894503721522405
0.0,84262200.00000001,discharging,84262200.0,0.0,84262200.0,0.0,597.0835984213256,0.0,0.7737367416508655,21,231,0.0,28.03,85326717.56374043,1.0,654.15,1445.019214347631,11210.616829523628,2545018854.499262,2346252035.9399776,367.7934771494927,1178173342.182838,26163178.12281493,1152010164.060023,0.3292090899308945,16.933906912055214,1629351265.0060306,46041078.496481635,0.6876062007372398
0.0,84262200.00000001,discharging,84262200.0,0.0,84262200.0,0.0,597.0835984213256,0.0,0.6983156555344875,22,231,0.0,26.35,85326717.56374043,1.0,654.15,1445.0192143110726,11210.616829313061,2545018854.4514594,2346252035.8973584,367.7934771495967,1178173342.142363,26163178.039722633,1152010164.1026404,0.3292090899430732,16.933906912491985,1639306142.072203,46260216.13388449,0.683455835775401
0.0,84262200.00000001,discharging,84262200.0,0.0,84262200.0,0.0,597.0835984213256,0.0,0.6228945694181096,23,231,0.0,24.85,85326717.56374043,1.0,654.15,1445.0192141986302,11210.616829708117,2545018854.5411444,2346252035.977321,367.79347714940184,1178173342.1458554,26163178.1231781,1152010164.0226774,0.32920908992022224,16.933906911672427,1648194425.167,46455874.73870849,0.6797922639772795
0.0,84262200.00000001,discharging,84262200.0,0.0,84262200.0,0.0,597.0835984213256,0.0,0.5474734833017316,0,232,0.0,23.87,85326717.56374043,1.0,654.15,1445.0192142054827,11210.616829643131,2545018854.5263915,2346252035.964166,367.79347714943384,1178173342.1582632,26163178.122428413,1152010164.0358348,0.3292090899239822,16.933906911807302,1654001436.788934,46583705.02719348,0.6774198690255249
0.0,84262200.00000001,discharging,84262200.0,0.0,84262200.0,0.0,597.0835984213256,0.0,0.4720523971853536,1,232,0.0,23.12,85326717.56374043,1.0,654.15,1445.0192143110623,11210.616829313021,2545018854.4514503,2346252035.8973484,367.7934771495968,1178173342.1423614,26163178.039709833,1152010164.1026516,0.3292090899430764,16.933906912492134,1658445578.3363326,46681534.32960548,0.6756154163201961
0.0,84262200.00000001,discharging,84262200.0,0.0,84262200.0,0.0,597.0835984213256,0.0,0.3966313110689756,2,232,0.0,22.55,85326717.56374043,1.0,654.15,1445.0192143005509,11210.616829209192,2545018854.4278793,2346252035.8763337,367.7934771496481,1178173342.1640258,26163178.04035964,1152010164.123666,0.32920908994908166,16.93390691270749,1661823125.9123554,46755884.59943859,0.6742504484932123
0.0,84262200.00000001,discharging,84262200.0,0.0,84262200.0,0.0,597.0835984213256,0.0,0.32121022495259766,3,232,0.0,21.93,85326717.56374043,1.0,654.15,1445.0192143513198,11210.61682960657,2545018854.5180917,2346252035.956764,367.79347714945175,1178173342.166129,26163178.122894645,1152010164.0432343,0.32920908992609677,16.933906911883156,1665496949.5915382,46836756.82276584,0.6727719951595126
0.0,84262200.00000001,discharging,84262200.0,0.0,84262200.0,0.0,597.0835984213256,0.0,0.24578913883621964,4,232,0.0,21.45,85326717.56374043,1.0,654.15,1445.0192141652624,11210.616829435825,2545018854.4793296,2346252035.9222064,367.7934771495361,1178173342.1171653,26163178.039372798,1152010164.0777926,0.3292090899359725,16.933906912237322,1668341200.1818736,46899367.576309524,0.6716318315532079
0.0,84262200.00000001,discharging,84262200.0,0.0,84262200.0,0.0,597.0835984213256,0.0,0.17036805271984165,5,232,0.0,21.07,85326717.56374043,1.0,654.15,1445.0192143395475,11210.616829503728,2545018854.4947443,2346252035.93595,367.7934771495026,1178173342.1875706,26163178.123522487,1152010164.064048,0.3292090899320447,16.93390691209646,1670592898.5658886,46948934.42286493,0.6707319390639793
75916806.08470178,84262200.00000001,direct_plus_discharge,84262200.00000001,0.0,8345393.915298238,0.0,59.13562462396789,0.0,0.16289828960944572,6,232,293.76126970645504,20.69,85202203.79036309,317.23018884276394,664.8115617968036,1445.0192143463732,11210.616829610648,2545018854.519017,2346139468.7227955,367.7854030622127,1178161395.6266875,26038664.34948053,1152122731.277207,0.3292529737290456,16.959834942436782,1672844596.949904,47543689.708424844,0.6696876165758386
167512225.30558953,84262200.00000001,charging,84262200.00000001,83250025.30558951,0.0,589.9113087259507,0.0,0.0,0.23741340229061844,7,232,560.523021031659,23.68,86106912.085074,699.9759026726518,665.8877757038964,1445.019214204237,11210.616829644196,2545018854.5266333,2346957384.8057146,367.8440715905108,1178248187.8380501,26943372.64376296,1151304815.194287,0.3289341851870562,16.773150426367348,1655127285.980942,47723395.152067535,0.6761043865738448
207979808.04282704,84262200.00000001,charging,84262200.00000001,123717608.04282703,0.0,876.6653920534984,0.0,0.0,0.348150083392113,8,232,695.7974576250384,27.6,86551921.65331687,869.0759949423549,665.8891204150852,1445.0192143395427,11210.616829589755,2545018854.514274,2347359711.7683907,367.8729319354349,1178290870.4447722,27388382.213161953,1150902488.2316103,0.3287774368128889,16.682755474419768,1631899239.4932055,47460593.023396,0.6853221483253696
208657408.63377246,84262200.00000001,charging,84262200.00000001,124395208.63377245,0.0,881.4668831032706,0.0,0.0,0.4594932686262103,9,232,734.8611297828256,29.84,86559373.0187308,871.9074544637893,665.8891428139201,1445.0192142091587,11210.61682972598,2545018854.5451994,2347366448.5220485,367.873415194338,1178291585.0554233,27395833.577472642,1150895751.4779506,0.32877481249102997,16.681249786318322,1618626070.0716424,47173501.19010098,0.6908968950005288
204091640.1819064,84262200.00000001,charging,84262200.00000001,119829440.18190639,0.0,849.1137584898762,0.0,0.0,0.5667497433828262,10,232,767.0117938921255,31.58,86509164.66651693,852.8286804360487,665.888991813015,1445.0192143427048,11210.616829527808,2545018854.5002112,2347321055.5022697,367.87015893568184,1178286769.7233167,27345625.225585025,1150941144.4977317,0.32879249570751473,16.691400337537086,1608315661.6816776,46920076.886206746,0.6953336722257639
196569812.45429802,84262200.00000001,charging,84262200.00000001,112307612.454298,0.0,795.8139399911222,0.0,0.0,0.667273609486968,11,232,777.2858159234362,32.92,86426449.43908875,821.3975526853675,665.888742666547,1445.0192143042375,11210.616829292127,2545018854.4467072,2347246273.425724,367.8647944893467,1178278836.4900608,27262909.915784523,1151015926.5742762,0.3288216287928906,16.70814847258581,1600375462.1169925,46701279.62484492,0.6988234958360466
188578500.08612818,84262200.00000001,charging,84262200.00000001,104316300.08612816,0.0,739.1873441403646,0.0,0.0,0.760644642431014,12,232,755.9468586437627,34.01,86338571.43338358,788.0046103001519,665.8884774476435,1445.0192141640093,11210.616829350825,2545018854.460033,2347166824.013892,367.85909527282905,1178270407.8950477,27175031.908941608,1151095375.9861062,0.32885258168461523,16.725977115943806,1593916643.068107,46512449.64324755,0.7017038292606347
207193539.80651796,84262200.00000001,charging,84262200.00000001,122931339.80651794,0.0,871.0938799417826,0.0,0.0,0.8706775535815551,13,232,796.886204239428,34.73,86543275.30320905,865.7904507532684,665.8890944193017,1445.0192141689379,11210.616829432696,2545018854.478619,2347351894.6354785,367.87237117624915,1178290041.1433625,27379735.778840758,1150910305.3645217,0.3287804820138476,16.6845029565205,1589650267.1826038,46529189.138322815,0.703413247806222
224516912.76192573,84262200.00000001,charging,84262200.00000001,140254712.7619257,0.0,993.8476397653991,0.0,0.0,0.9962162028150792,14,232,805.6588998581835,35.1,86733775.11065853,938.1788606121634,665.8896659709687,1445.0192143005452,11210.6168292952,2545018854.447405,2347524124.587349,367.8847261822658,1178308310.9999871,27570235.58733741,1150738075.4126496,0.32871339248762915,16.64608245973051,1587457824.0192208,46583450.59875041,0.7042282794733475
232697990.78415674,84262200.00000001,charging,84262200.00000001,4227346.642333186,0.0,29.95506104728582,0.0,144208444.14182356,0.9999999999999994,15,232,778.4868831083304,35.08,85237923.97818251,369.76734190632277,665.8851094601115,1445.0192143463742,11210.616829524588,2545018854.4994802,2346171761.6540985,367.7877193229201,1178164822.8831303,26074384.537229046,1152090438.3459013,0.32924038415659457,16.952389029229323,1587576334.460485,45782340.82345961,0.7053505490125253
223254240.11238116,84262200.00000001,charging,84262200.00000001,0.0,0.0,0.0,0.0,138992040.11238116,0.9999999999999994,16,232,718.5157659297184,34.61,85191437.14657831,352.10271607689896,665.8842124693878,1445.0192143073916,11210.616829316179,2545018854.4521675,2346129735.0522795,367.78470490581054,1178160362.570276,26027897.622555435,1152132464.9477205,0.32925676849713287,16.962080486567093,1590361329.8301876,45817449.58949043,0.7041604984978234
184383942.35829353,84262200.00000001,charging,84262200.00000001,0.0,0.0,0.0,0.0,100121742.35829352,0.9999999999999994,17,232,599.0854187556287,33.87,85191437.14657806,352.102716076899,665.8842124693875,1445.0192141584105,11210.616829328736,2545018854.455018,2346129735.054826,367.78470490580435,1178160362.567998,26027897.622823752,1152132464.9451742,0.3292567684964052,16.96208048654094,1594746216.1569543,45912123.201370455,0.702237898839915
91064597.98942238,84262200.00000001,charging,84262200.00000001,0.0,0.0,0.0,0.0,6802397.989422366,0.9999999999999994,18,232,332.4509218993097,32.29,85191437.14657806,352.102716076899,665.8842124693875,1445.0192143073932,11210.616829316215,2545018854.4521756,2346129735.052287,367.78470490581054,1178160362.5702786,26027897.622564483,1152132464.947714,0.32925676849713104,16.96208048656708,1604108541.0168068,46114264.156465985,0.698167823966498
0.0,84262200.00000001,discharging,84262200.0,0.0,84262200.0,0.0,597.0835984213256,0.0,0.9245789138836215,19,232,0.0,29.7,85326717.5637401,1.0,654.15,1445.0192143426866,11210.616829613726,2545018854.519716,2346252035.9582176,367.79347714944834,1178173342.1646268,26163178.122843187,1152010164.0417836,0.32920908992568215,16.933906911868295,1619455643.16049,45823245.24977743,0.6917821225377644
0.0,84262200.00000001,discharging,84262200.0,0.0,84262200.0,0.0,597.0835984213256,0.0,0.8491578277672435,20,232,0.0,27.83,85326717.56374043,1.0,654.15,1445.0192141973878,11210.616829623166,2545018854.521859,2346252035.960127,367.7934771494437,1178173342.16299,26163178.123117864,1152010164.0398722,0.3292090899251359,16.93390691184866,1630536369.4186702,46067166.310458176,0.6871094683328823
0.0,84262200.00000001,discharging,84262200.0,0.0,84262200.0,0.0,597.0835984213256,0.0,0.7737367416508655,21,232,0.0,26.63,85326717.56374043,1.0,654.15,1445.019214351299,11210.61682960646,2545018854.518067,2346252035.9567413,367.7934771494518,1178173342.1661212,26163178.1228622,1152010164.0432591,0.3292090899261038,16.93390691188343,1637646995.894508,46223693.194317356,0.6841440803667852
0.0,84262200.00000001,discharging,84262200.0,0.0,84262200.0,0.0,597.0835984213256,0.0,0.6983156555344875,22,232,0.0,25.75,85326717.56374043,1.0,654.15,1445.0192141689301,11210.616829346567,2545018854.4590664,2346252035.9041395,367.7934771495802,1178173342.135141,26163178.039281514,1152010164.0958593,0.32920908994113535,16.933906912422497,1642861455.3101223,46338479.57581409,0.6819856787252654
0.0,84262200.00000001,discharging,84262200.0,0.0,84262200.0,0.0,597.0835984213256,0.0,0.6228945694181096,23,232,0.0,24.92,85326717.56374043,1.0,654.15,1445.0192143444572,11210.616829585475,2545018854.5133023,2346252035.952497,367.7934771494623,1178173342.1710637,26163178.12356127,1152010164.0475023,0.3292090899273164,16.933906911926876,1647779638.6225762,46446744.0038167,0.6799623567788231
0.0,84262200.00000001,discharging,84262200.0,0.0,84262200.0,0.0,597.0835984213256,0.0,0.5474734833017316,0,233,0.0,24.49,85326717.56374043,1.0,654.15,1445.0192143427046,11210.616829613802,2545018854.5197334,2346252035.9582334,367.79347714944834,1178173342.1646335,26163178.12286812,1152010164.0417655,0.329209089925677,16.933906911868043,1650327613.1097515,46502832.80386624,0.6789188435509791
0.0,84262200.00000001,discharging,84262200.0,0.0,84262200.0,0.0,597.0835984213256,0.0,0.4720523971853536,1,233,0.0,24.36,85326717.56374043,1.0,654.15,1445.0192141639907,11210.616829350696,2545018854.4600034,2346252035.904977,367.79347714957805,1178173342.134285,26163178.03926025,1152010164.0950248,0.32920908994089687,16.93390691241393,1651097930.9779673,46519789.882950984,0.678603993077312
0.0,84262200.00000001,discharging,84262200.0,0.0,84262200.0,0.0,597.0835984213256,0.0,0.3966313110689756,2,233,0.0,23.87,85326717.56374043,1.0,654.15,1445.0192142023136,11210.616829705014,2545018854.54044,2346252035.976693,367.7934771494033,1178173342.1464934,26163178.123185787,1152010164.0233076,0.3292090899204023,16.933906911678893,1654001436.788934,46583705.02719348,0.6774198690181584
0.0,84262200.00000001,discharging,84262200.0,0.0,84262200.0,0.0,597.0835984213256,0.0,0.32121022495259766,3,233,0.0,23.41,85326717.56374043,1.0,654.15,1445.0192143073928,11210.616829230175,2545018854.432643,2346252035.8805833,367.7934771496376,1178173342.159078,26163178.03965947,1152010164.1194184,0.3292090899478678,16.933906912663936,1656727176.938005,46643706.999339506,0.6763119969836193
0.0,84262200.00000001,discharging,84262200.0,0.0,84262200.0,0.0,597.0835984213256,0.0,0.24578913883621964,4,233,0.0,23.02,85326717.56374043,1.0,654.15,1445.019214311066,11210.61682931303,2545018854.4514527,2346252035.8973503,367.7934771495968,1178173342.142364,26163178.039712485,1152010164.1026516,0.3292090899430764,16.93390691249214,1659038130.5426528,46694578.23659375,0.6753755486855374
0.0,84262200.00000001,discharging,84262200.0,0.0,84262200.0,0.0,597.0835984213256,0.0,0.17036805271984165,5,233,0.0,22.76,85326717.56374043,1.0,654.15,1445.0192143042423,11210.616829292167,2545018854.4467163,2346252035.8931303,367.7934771496071,1178173342.1473176,26163178.04044819,1152010164.1068695,0.3292090899442817,16.93390691253532,1660578766.279084,46728492.394763246,0.6747526892152351
51552259.130136415,84262200.00000001,direct_plus_discharge,84262200.00000001,0.0,32709940.8698636,0.0,231.78328121894447,0.0,0.14109016456586973,6,233,218.7100803875962,22.6,85241320.33462554,215.41913763966696,661.1037763341927,1445.0192141689347,11210.61682934661,2545018854.459076,2346174832.106831,367.78793955884726,1178165148.703347,26077780.81017668,1152087367.8931704,0.32923918713414096,16.951681380109964,1661526849.8091955,47107941.897801116,0.6742736209545327
161652248.81744415,84262200.00000001,charging,84262200.00000001,77390048.81744413,0.0,548.3874006366033,0.0,0.0,0.2103601520147038,7,233,542.5260267034276,23.56,86042471.72488852,675.4890789530256,665.8875798308227,1445.0192143073916,11210.616829316194,2545018854.452171,2346899125.5915494,367.8398925487833,1178242006.6093216,26878932.200882565,1151363074.408439,0.32895688658344335,16.78631771254148,1655838348.6285257,47703174.58410417,0.6758644029040964
202992852.00994503,84262200.00000001,charging,84262200.00000001,118730652.00994502,0.0,841.3277239973341,0.0,0.0,0.31663312767752494,8,233,680.9709721615098,26.86,86497081.63073786,848.2372230596595,665.8889554473551,1445.019214299292,11210.616829210174,2545018854.4281025,2347310131.270739,367.86937529445436,1178285610.836596,27333542.10733441,1150952068.7292616,0.32879675140111253,16.69384490720833,1636284125.8199723,47526635.81127831,0.683540036063338
204241688.26779673,84262200.00000001,charging,84262200.00000001,119979488.26779671,0.0,850.1770021633101,0.0,0.0,0.4240239068981536,9,233,722.2622662162811,29.0,86510814.69919108,853.4556797143058,665.888996778243,1445.0192142054725,11210.6168297291,2545018854.545908,2347322547.3234982,367.8702659480068,1178286927.934429,27347275.257928163,1150939652.6765008,0.3287919145524492,16.691066565164647,1623603508.6047287,47256159.96269666,0.6888308302176582
204168295.11429292,84262200.00000001,charging,84262200.00000001,119906095.1142929,0.0,849.6569368410952,0.0,0.0,0.5313489936570288,10,233,770.3347972935937,30.65,86510007.6172428,853.148995000515,665.8889943496201,1445.0192143073928,11210.616829316232,2545018854.4521794,2347321817.5640087,367.8702136051279,1178286850.5292256,27346468.09323456,1150940382.435991,0.3287921988314563,16.6912298225945,1613826397.2004519,47041356.63016953,0.6929753315888425
200643025.94081917,84262200.00000001,charging,84262200.00000001,116380825.94081916,0.0,824.6768104795538,0.0,0.0,0.6355186960333935,11,233,796.4030261287461,31.88,86471241.31575622,838.4181091361266,665.8888776431372,1445.0192142023275,11210.616829619044,2545018854.5209236,2347286769.3646827,367.8676994328058,1178283132.510472,27307701.875154,1150975430.635318,0.32880585249507427,16.699075059962567,1606538005.0627182,46860544.05962829,0.6961270355815157
192584016.73456287,84262200.00000001,charging,84262200.00000001,108321816.73456286,0.0,767.5705135091198,0.0,0.0,0.7324749714240191,12,233,775.5953178024838,32.81,86382618.86873187,804.7422849775884,665.888610451624,1445.019214351308,11210.616829606519,2545018854.51808,2347206646.7813272,367.86195190561693,1178274632.646542,27219079.42786953,1151055553.2186725,0.3288370668434742,16.717036261324694,1601027269.5439441,46691857.29953803,0.6985750996431881
206718204.16459745,84262200.00000001,charging,84262200.00000001,122456004.16459744,0.0,867.7256422796304,0.0,0.0,0.8420824209751304,13,233,800.3672827115373,33.37,86538048.1832659,863.8041867989881,665.8890787011306,1445.0192143073953,11210.616829230159,2545018854.432639,2347347168.7951155,367.87203217163324,1178289539.864065,27374508.65918155,1150915031.2048833,0.32878232299237353,16.685559560115195,1597708977.1885533,46703121.65034389,0.6998945288821049
223985180.33370307,84262200.00000001,charging,84262200.00000001,139722980.33370304,0.0,990.079773371684,0.0,0.0,0.967145129190501,14,233,808.6004068130735,33.51,86727927.8125918,935.9569339095214,665.8896484647253,1445.0192141973853,11210.616829709188,2545018854.5413876,2347518838.1404433,367.8843469469811,1178307750.2315874,27564388.372031353,1150743361.859556,0.3287154516399653,16.647259246705747,1596879404.0997057,46787396.518361464,0.7001074435687589
227217305.11096925,84262200.00000001,charging,84262200.00000001,36706229.48670245,0.0,260.10106057519585,0.0,106248875.6242668,0.9999999999999994,15,233,764.7989504338382,33.2,85595084.26930791,505.485408425424,665.8862118407093,1445.0192141652376,11210.616829435674,2545018854.479295,2346494655.6119323,367.81087978597594,1178199089.1329644,26431544.744895954,1151767544.3880684,0.32911451658086605,16.878280242493545,1598716315.939297,46215902.66196264,0.7001914920041231
218079444.26086086,84262200.00000001,charging,84262200.00000001,0.0,0.0,0.0,0.0,133817244.26086085,0.9999999999999994,16,233,704.5092832644384,32.25,85191437.14657775,352.102716076899,665.8842124693875,1445.0192143476227,11210.616829523562,2545018854.499247,2346129735.0942535,367.7847049057083,1178160362.6113794,26027897.70563423,1152132464.9057453,0.3292567684851372,16.962080486136326,1604345561.8993351,46119381.64899988,0.6980653963051013
170799938.95688468,84262200.00000001,charging,84262200.00000001,0.0,0.0,0.0,0.0,86537738.95688467,0.9999999999999994,17,233,559.7097084376079,31.37,85191437.14657806,352.102716076899,665.8842124693875,1445.0192143358543,11210.616829592796,2545018854.5149646,2346129735.108268,367.7847049056742,1178160362.598129,26027897.706397302,1152132464.8917317,0.3292567684811324,16.962080485992402,1609560021.3149493,46231966.48474945,0.6958195675428677
80538193.91942361,84262200.00000001,direct_plus_discharge,84262200.00000001,0.0,3724006.080576405,0.0,26.38837997504761,0.0,0.9966667309505198,18,233,301.19857476258244,29.84,85194784.29177007,336.54137711757886,665.5482220357515,1445.0192143426866,11210.616829527638,2545018854.5001726,2346132761.089592,367.78492194922734,1178160683.7612033,26031244.85079529,1152129438.910408,0.3292555887664301,16.961382328482664,1618626070.0716424,46409964.7431472,0.6919546573288219
0.0,84262200.00000001,discharging,84262200.0,0.0,84262200.0,0.0,597.0835984213256,0.0,0.9212456448341418,19,233,0.0,27.6,85326717.56374024,1.0,654.15,1445.01921416032,11210.61682943989,2545018854.4802523,2346252035.9230313,367.79347714953417,1178173342.1163044,26163178.039337173,1152010164.0769672,0.32920908993573655,16.933906912228878,1631899239.4932055,46097167.29653107,0.6865391126080769
0.0,84262200.00000001,discharging,84262200.0,0.0,84262200.0,0.0,597.0835984213256,0.0,0.8458245587177639,20,233,0.0,26.29,85326717.56374043,1.0,654.15,1445.0192143005504,11210.61682929523,2545018854.4474115,2346252035.8937488,367.79347714960556,1178173342.1466784,26163178.0404266,1152010164.106252,0.32920908994410525,16.93390691252901,1639661673.395995,46268042.47807745,0.6833085349047252
0.0,84262200.00000001,discharging,84262200.0,0.0,84262200.0,0.0,597.0835984213256,0.0,0.7704034726013859,21,233,0.0,25.25,85326717.56374043,1.0,654.15,1445.0192143463782,11210.61682952464,2545018854.499492,2346252035.9401827,367.79347714949233,1178173342.1826193,26163178.12280156,1152010164.0598178,0.3292090899308358,16.933906912053118,1645824216.341721,46403699.11075542,0.6807653706337704
0.0,84262200.00000001,discharging,84262200.0,0.0,84262200.0,0.0,597.0835984213256,0.0,0.6949823864850079,22,233,0.0,23.94,85326717.56374043,1.0,654.15,1445.0192141640034,11210.616829436824,2545018854.479556,2346252035.9224124,367.79347714953553,1178173342.1169426,26163178.039355017,1152010164.0775876,0.32920908993591386,16.933906912235173,1653586650.2445104,46574574.2923017,0.6775887765534934
0.0,84262200.00000001,discharging,84262200.0,0.0,84262200.0,0.0,597.0835984213256,0.0,0.6195613003686299,23,233,0.0,22.64,85326717.56374043,1.0,654.15,1445.0192143444553,11210.61682949944,2545018854.493771,2346252035.935082,367.79347714950484,1178173342.1884127,26163178.123494096,1152010164.0649185,0.3292090899322934,16.933906912105392,1661289828.9266677,46744145.083149165,0.6744656029062671
0.0,84262200.00000001,discharging,84262200.0,0.0,84262200.0,0.0,597.0835984213256,0.0,0.5441402142522519,0,234,0.0,21.96,85326717.56374043,1.0,654.15,1445.0192141652467,11210.616829435707,2545018854.4793024,2346252035.9221807,367.79347714953616,1178173342.1171577,26163178.03933814,1152010164.0778196,0.32920908993598014,16.933906912237635,1665319183.9296424,46832843.65066937,0.6728433839522363
0.0,84262200.00000001,discharging,84262200.0,0.0,84262200.0,0.0,597.0835984213256,0.0,0.46871912813587396,1,234,0.0,21.31,85326717.56374043,1.0,654.15,1445.0192143476163,11210.616829609557,2545018854.5187697,2346252035.9573703,367.7934771494504,1178173342.165482,26163178.12285209,1152010164.04263,0.329209089925924,16.93390691187695,1669170773.2707212,46917629.0460931,0.6713000114022987
0.0,84262200.00000001,discharging,84262200.0,0.0,84262200.0,0.0,597.0835984213256,0.0,0.393298042019496,2,234,0.0,20.76,85326717.56374043,1.0,654.15,1445.0192142956223,11210.61682921333,2545018854.4288187,2346252035.877172,367.7934771496459,1178173342.163173,26163178.040345866,1152010164.122827,0.3292090899488419,16.93390691269889,1672429810.4054801,46989370.53452856,0.669999600384254
0.0,84262200.00000001,discharging,84262200.0,0.0,84262200.0,0.0,597.0835984213256,0.0,0.317876955903118,3,234,0.0,20.26,85326717.56374043,1.0,654.15,1445.0192142091737,11210.616829726132,2545018854.545234,2346252035.9809675,367.79347714939286,1178173342.1415555,26163178.122523148,1152010164.0190325,0.32920908991918063,16.933906911635074,1675392571.4370792,47054590.069469884,0.6688217727453651
0.0,84262200.00000001,discharging,84262200.0,0.0,84262200.0,0.0,597.0835984213256,0.0,0.24245586978674,4,234,0.0,19.81,85326717.56374043,1.0,654.15,1445.0192142054746,11210.616829643064,2545018854.5263762,2346252035.9641523,367.7934771494339,1178173342.158259,26163178.122410536,1152010164.0358484,0.32920908992398606,16.933906911807448,1678059056.365518,47113287.650917076,0.6677652630077598
0.0,84262200.00000001,discharging,84262200.0,0.0,84262200.0,0.0,597.0835984213256,0.0,0.167034783670362,5,234,0.0,19.37,85326717.56374043,1.0,654.15,1445.01921434078,11210.616829588615,2545018854.514015,2346252035.953133,367.7934771494607,1178173342.170432,26163178.1235644,1152010164.0468676,0.32920908992713505,16.933906911920367,1680666286.0733252,47170680.841665454,0.6667354536948892
56156412.62495826,84262200.00000001,direct_plus_discharge,84262200.00000001,0.0,28105787.375041753,0.0,199.15815943987448,0.0,0.1418779635305884,6,234,233.3575153334577,18.96,85233928.50525334,234.65830954310312,661.7826356476106,1445.0192143110783,11210.616829313121,2545018854.451473,2346168149.4894805,367.78746023775074,1178164439.4917715,26070388.981244873,1152094050.5105267,0.3292417923607239,16.95322158054824,1683095750.1192365,47611782.63056588,0.6656780702167764
157451987.5141191,84262200.00000001,charging,84262200.00000001,73189787.51411907,0.0,518.6242668316567,0.0,0.0,0.2073883972356398,7,234,530.4302320195299,20.93,85996282.74244937,657.9376334278871,665.8874392545443,1445.0192143073846,11210.61682923009,2545018854.4326234,2346857367.181462,367.83689715281207,1178237576.036883,26832743.218340673,1151404832.8185425,0.3289731587704288,16.795767780919583,1671422471.654736,48017210.99841524,0.669639560162929
204259581.57413572,84262200.00000001,charging,84262200.00000001,119997381.5741357,0.0,850.3037944822449,0.0,0.0,0.31479519232813385,8,234,685.8668827606504,24.91,86511011.46638098,853.5304496795015,665.8889973703351,1445.0192141534758,11210.616829418896,2545018854.475486,2347322725.1562557,367.8702787094468,1178286946.7864184,27347471.94267349,1150939474.843745,0.3287918452687886,16.691026764182148,1647838893.8432083,47787632.375422835,0.6787694442421955
208475515.58344233,84262200.00000001,charging,84262200.00000001,124213315.58344232,0.0,880.1779853885307,0.0,0.0,0.425975569429843,9,234,738.1251059107104,27.27,86557372.79676804,871.147386045723,665.8891368016226,1445.019214302473,11210.616829234401,2545018854.4336023,2347364640.03604,367.87328546996685,1178291393.2366555,27393833.272696108,1150897559.9639595,0.3287755169813002,16.681653944151787,1633854661.7740612,47506479.03913063,0.6845034847226972
203092862.4724939,84262200.00000001,charging,84262200.00000001,118830662.47249387,0.0,842.0364000924094,0.0,0.0,0.5323380620730946,10,234,769.8863707127,29.23,86498181.41505262,848.6551323416337,665.8889587577357,1445.0192143024697,11210.61682932043,2545018854.4531326,2347311125.5982785,367.86944662050865,1178285716.2927682,27334641.891045116,1150951074.4017231,0.3287963640468052,16.69362237681389,1622240638.530193,47219380.118995294,0.689415177090011
194966695.24937806,84262200.00000001,charging,84262200.00000001,110704495.24937804,0.0,784.4542201000589,0.0,0.0,0.6314270161909968,11,234,780.1483849493192,30.82,86408820.45196001,814.6986779581241,665.8886895047872,1445.0192141986217,11210.616829708066,2545018854.541133,2347230335.3411717,367.86365117869843,1178277145.6702087,27245281.011381105,1151031864.6588275,0.3288278380324189,16.711722124088983,1612819058.4497082,46964256.26764306,0.6934832122076368
190886757.06201142,84262200.00000001,charging,84262200.00000001,106624557.0620114,0.0,755.543698249817,0.0,0.0,0.7268641149172895,12,234,774.3886771357901,31.87,86363954.62582648,797.6500212983449,665.8885541102981,1445.0192143513113,11210.616829520519,2545018854.498556,2347189772.6566615,367.8607414612345,1178272842.5282464,27200415.184904773,1151072427.3433416,0.3288436409083027,16.720823660983445,1606597260.2833505,46803680.947348185,0.6961846934032516
204970708.81811562,84262200.00000001,charging,84262200.00000001,120708508.81811562,0.0,855.3428560516196,0.0,-1.4901161193847656e-08,0.8349074230501257,13,234,799.5025129027582,32.37,86518831.51409401,856.5020055382569,665.889020899509,1445.0192142054748,11210.616829729071,2545018854.5459013,2347329795.258696,367.8707858766867,1178287696.8141272,27355292.07282357,1150932404.7413037,0.32878909102839654,16.689445088727332,1603634499.2517514,46822677.088122316,0.6973415737411993
218012922.9707142,84262200.00000001,charging,84262200.00000001,133750722.9707142,0.0,947.7602408055793,0.0,0.0,0.9546245060992515,14,234,792.9984383754448,32.42,86662252.73415214,911.0009270806154,665.8894516780588,1445.0192143042395,11210.616829206143,2545018854.4271874,2347459461.398929,367.88008751228904,1178301451.8118677,27498713.21079607,1150802738.6010716,0.3287385801650103,16.660487478267456,1603338223.1485915,46893812.940968625,0.6973581371793319
221812576.2983037,84262200.00000001,charging,84262200.00000001,50694562.21120816,0.0,359.2226600475886,0.0,86855814.0870955,0.9999999999999996,15,234,751.1346837734047,32.06,85748909.66447935,563.9378336610082,665.8866838032798,1445.019214351319,11210.61682960656,2545018854.5180893,2346633724.047509,367.8208550772053,1178213846.1761203,26585370.223629422,1151628475.9524908,0.3290603142334852,16.8465524971984,1605471411.0913424,46445788.94547806,0.6971466099673892
219339826.45090282,84262200.00000001,charging,84262200.00000001,0.0,0.0,0.0,0.0,135077626.45090282,0.9999999999999996,16,234,709.43923060597,31.17,85191437.14657821,352.10271607689896,665.8842124693875,1445.0192142054843,11210.616829729184,2545018854.545927,2346129735.1358757,367.784704905607,1178160362.569463,26027897.70533873,1152132464.8641243,0.3292567684732427,16.96208048570895,1610745125.727589,46257553.947419845,0.6953111657550816
176671478.76318336,84262200.00000001,charging,84262200.00000001,0.0,0.0,0.0,0.0,92409278.76318334,0.9999999999999996,17,234,577.805123496345,29.96,85191437.14657806,352.102716076899,665.8842124693875,1445.0192141937184,11210.61682962636,2545018854.5225844,2346129735.115067,367.7847049056577,1178160362.5909061,26027897.705973182,1152132464.884933,0.32925676847918944,16.962080485922538,1617915007.4240587,46412358.096575215,0.6922511092188426
92935775.54861636,84262200.00000001,charging,84262200.00000001,0.0,0.0,0.0,0.0,8673575.54861635,0.9999999999999996,18,234,338.58818241850145,28.33,85191437.14657806,352.102716076899,665.8842124693875,1445.019214346377,11210.616829610664,2545018854.519021,2346129735.111885,367.7847049056654,1178160362.5938175,26027897.705702607,1152132464.888115,0.32925676848009877,16.962080485955266,1627573608.3870711,46620895.91733831,0.6881712142322437
0.0,84262200.00000001,discharging,84262200.0,0.0,84262200.0,0.0,597.0835984213256,0.0,0.9245789138836217,19,234,0.0,26.87,85326717.5637401,1.0,654.15,1445.0192143110783,11210.61682922708,2545018854.43194,2346252035.8799586,367.7934771496391,1178173342.1597114,26163178.039671343,1152010164.12004,0.32920908994804543,16.933906912670327,1636224870.59934,46192387.81754533,0.6847351085806467
0.0,84262200.00000001,discharging,84262200.0,0.0,84262200.0,0.0,597.0835984213256,0.0,0.8491578277672437,20,234,0.0,25.54,85326717.56374043,1.0,654.15,1445.0192142956244,11210.616829299395,2545018854.448357,2346252035.8945923,367.7934771496034,1178173342.145827,26163178.040419456,1152010164.1054077,0.329209089943864,16.93390691252035,1644105814.9433935,46365871.78048945,0.6814726168753479
0.0,84262200.00000001,discharging,84262200.0,0.0,84262200.0,0.0,597.0835984213256,0.0,0.7737367416508657,21,234,0.0,24.43,85326717.56374043,1.0,654.15,1445.0192141640066,11210.616829436809,2545018854.4795527,2346252035.922409,367.79347714953565,1178173342.1169422,26163178.0393517,1152010164.0775905,0.3292090899359147,16.93390691223521,1650683144.4335434,46510659.148059204,0.6787734916581085
0.0,84262200.00000001,discharging,84262200.0,0.0,84262200.0,0.0,597.0835984213256,0.0,0.6983156555344877,22,234,0.0,23.17,85326717.56374043,1.0,654.15,1445.019214311081,11210.6168292271,2545018854.431945,2346252035.879963,367.7934771496391,1178173342.159714,26163178.039676424,1152010164.1200376,0.32920908994804476,16.93390691267025,1658149302.2331727,46675012.37611135,0.6757354140529479
0.0,84262200.00000001,discharging,84262200.0,0.0,84262200.0,0.0,597.0835984213256,0.0,0.6228945694181097,23,234,0.0,21.69,85326717.56374043,1.0,654.15,1445.019214300549,11210.616829295239,2545018854.4474134,2346252035.8937507,367.79347714960556,1178173342.1466792,26163178.04042881,1152010164.1062503,0.32920908994410475,16.933906912528993,1666919074.8867059,46868062.19953769,0.6722014299073813
0.0,84262200.00000001,discharging,84262200.0,0.0,84262200.0,0.0,597.0835984213256,0.0,0.5474734833017317,0,235,0.0,20.98,85326717.56374043,1.0,654.15,1445.0192141603143,11210.616829353843,2545018854.4607177,2346252035.9056134,367.79347714957663,1178173342.1336524,26163178.03926602,1152010164.0943863,0.3292090899407144,16.933906912407387,1671126195.5515761,46960673.93915437,0.6705191597418245
0.0,84262200.00000001,discharging,84262200.0,0.0,84262200.0,0.0,597.0835984213256,0.0,0.47205239718535374,1,235,0.0,20.37,85326717.56374043,1.0,654.15,1445.019214307386,11210.616829316186,2545018854.452169,2346252035.8979936,367.7934771495952,1178173342.1417243,26163178.039718043,1152010164.1020062,0.32920908994289194,16.933906912485455,1674740764.010127,47040241.77178279,0.669080539414387
0.0,84262200.00000001,discharging,84262200.0,0.0,84262200.0,0.0,597.0835984213256,0.0,0.39663131106897576,2,235,0.0,19.77,85326717.56374043,1.0,654.15,1445.0192142023222,11210.616829705037,2545018854.5404453,2346252035.9766984,367.7934771494033,1178173342.1464972,26163178.123193953,1152010164.0233033,0.32920908992040104,16.93390691167885,1678296077.248046,47118505.213712394,0.6676715125356466
0.0,84262200.00000001,discharging,84262200.0,0.0,84262200.0,0.0,597.0835984213256,0.0,0.32121022495259777,3,235,0.0,19.21,85326717.56374043,1.0,654.15,1445.0192143110683,11210.616829227025,2545018854.4319277,2346252035.879947,367.7934771496391,1178173342.159707,26163178.03965413,1152010164.120053,0.3292090899480492,16.933906912670412,1681614369.603437,47191551.09284668,0.6663617646890498
0.0,84262200.00000001,discharging,84262200.0,0.0,84262200.0,0.0,597.0835984213256,0.0,0.24578913883621978,4,235,0.0,18.69,85326717.56374043,1.0,654.15,1445.0192143513107,11210.616829606499,2545018854.5180755,2346252035.9567494,367.7934771494518,1178173342.1661248,26163178.12287478,1152010164.04325,0.32920908992610126,16.933906911883334,1684695641.0763,47259379.409185655,0.6651501629183934
0.0,84262200.00000001,discharging,84262200.0,0.0,84262200.0,0.0,597.0835984213256,0.0,0.1703680527198418,5,235,0.0,18.25,85326717.56374043,1.0,654.15,1445.0192141583952,11210.616829328665,2545018854.455002,2346252035.900518,367.7934771495891,1178173342.1394472,26163178.03996495,1152010164.0994823,0.3292090899421707,16.93390691245961,1687302870.784107,47316772.599934034,0.66412839753852
67473864.344128,84262200.00000001,direct_plus_discharge,84262200.00000001,0.0,16788335.655872017,0.0,118.9624750470924,0.0,0.15534121376652485,6,235,267.4255478091548,17.87,85215758.67832863,281.95004283975135,663.4939252179812,1445.019214205481,11210.616829729159,2545018854.5459213,2346151723.0816355,367.78628202202015,1178162696.1554456,26052219.237080347,1152110476.9183652,0.32924819627399116,16.95700867568738,1689554569.168122,47838641.649834834,0.663125923219164
166364956.6126721,84262200.00000001,charging,84262200.00000001,82102756.61267208,0.0,581.7817403130292,0.0,0.0,0.2288294335955391,7,235,557.2604284314634,19.82,86094295.92391069,695.1818618946254,665.887737378805,1445.0192143024506,11210.616829320288,2545018854.4531,2346945978.7296796,367.84325341350063,1178246977.670183,26930756.399863485,1151316221.2703195,0.32893862962809395,16.775726772264957,1677999801.144886,48215469.7179861,0.6669598170654686
201115181.93058202,84262200.00000001,charging,84262200.00000001,116852981.93058202,0.0,828.0225170642832,0.0,-1.4901161193847656e-08,0.3334217515405012,8,235,676.9170913705867,23.79,86476433.47004214,840.3910864190303,665.8888932802417,1445.0192143005513,11210.616829209192,2545018854.4278793,2347291463.4586067,367.8680361673082,1178283630.488054,27312893.94666147,1150970736.5413926,0.32880402379981993,16.698023903047027,1654475478.5539901,47913975.95839912,0.6760913218127647
203581923.17133138,84262200.00000001,charging,84262200.00000001,119319723.17133136,0.0,845.501893776509,0.0,0.0,0.440221990754376,9,235,723.9529873996906,26.43,86503559.46522787,850.6987485822154,665.8889749446035,1445.019214311084,11210.616829313145,2545018854.4514785,2347315987.844694,367.869795412126,1178286232.09654,27340019.941233262,1150946212.1553068,0.32879446988225225,16.692534264559928,1638832100.3071475,47586056.21816051,0.6824797323854207
202118789.30775934,84262200.00000001,charging,84262200.00000001,117856589.30775933,0.0,835.1340985820601,0.0,0.0,0.5457126137331626,10,235,769.4449120443181,28.66,86487469.83187577,844.5848160318216,665.8889265120059,1445.0192142005685,11210.616829647364,2545018854.5273523,2347301441.4188175,367.8687519249404,1178284688.9717588,27323930.39057529,1150960758.5811834,0.3288001366953794,16.695789996877203,1625618186.1062157,47287563.91560312,0.6880009579536516
189389009.51567882,84262200.00000001,charging,84262200.00000001,105126809.51567881,0.0,744.9306298218507,0.0,0.0,0.6398091143422384,11,235,763.8247392109937,30.45,86347484.35644226,791.391450087752,665.8885043716933,1445.0192143395257,11210.616829589604,2545018854.5142403,2347174882.115847,367.85967330625516,1178271262.800397,27183944.91624633,1151087317.8841505,0.328849442242099,16.724167212913773,1615011501.6130915,46978887.24369976,0.6925956525392014
193124853.36994016,84262200.00000001,charging,84262200.00000001,108862653.36994015,0.0,771.4028924929246,0.0,0.0,0.7372494797097657,12,235,787.7094514294117,31.69,86388566.28296587,807.002255026679,665.8886283998465,1445.0192143110712,11210.61682931309,2545018854.451466,2347212023.7065163,367.86233761790675,1178275203.0524387,27225026.75895478,1151050176.293484,0.3288349720316264,16.71582974005824,1607663854.2547262,46840375.455646165,0.6957070013021242
203363318.6293969,84262200.00000001,charging,84262200.00000001,119101118.62939687,0.0,843.9528577137253,0.0,0.0,0.8438540512104469,13,235,798.5843709685672,32.38,86501155.53827576,849.7852754832235,665.8889677095065,1445.0192141603052,11210.61682935378,2545018854.4607034,2347313814.4835863,367.8696395062133,1178286001.530196,27337616.013782546,1150948385.5164135,0.3287953165493045,16.693020621502498,1603575244.0311193,46811808.91564349,0.6973808861753958
225734313.8056222,84262200.00000001,charging,84262200.00000001,141472113.80562216,0.0,1002.4741673886057,0.0,0.0,0.9704823670911128,14,235,823.435808745144,32.59,86747162.49572597,943.2659603323269,665.8897060426378,1445.0192143395386,11210.616829589728,2545018854.514268,2347536228.159321,367.88559444158636,1178309594.8962421,27583623.05556372,1150725971.8406785,0.3287086780126993,16.643388801508024,1602330884.3978474,46917627.332818665,0.6977274580852252
230419039.76314706,84262200.00000001,charging,84262200.00000001,32977789.312889323,0.0,233.68126052868655,0.0,113179050.45025773,0.9999999999999994,15,235,781.2401627605892,32.34,85554083.75878233,489.9055409174569,665.8860857584347,1445.0192141652485,11210.61682934968,2545018854.4597726,2346457588.5213294,367.8082210104748,1178195155.712987,26390544.234316524,1151804611.4786704,0.3291289644083872,16.886756188070486,1603812264.913647,46304251.683222465,0.6980141098484993
219694774.88891557,84262200.00000001,charging,84262200.00000001,0.0,0.0,0.0,0.0,135432574.88891554,0.9999999999999994,16,235,710.8431502906145,31.74,85191437.14657725,352.10271607689657,665.8842124693875,1445.0192143463785,11210.616829610675,2545018854.5190234,2346129735.1118875,367.78470490566536,1178160362.5938163,26027897.705704816,1152132464.8881114,0.32925676848009783,16.96208048595538,1607367578.1515658,46184629.67880893,0.6967620734514479
178063659.17146933,84262200.00000001,charging,84262200.00000001,0.0,0.0,0.0,0.0,93801459.17146932,0.9999999999999994,17,235,581.8526358046223,30.68,85191437.14657806,352.102716076899,665.8842124693875,1445.0192143407835,11210.616829588605,2545018854.5140133,2346129735.107424,367.78470490567634,1178160362.598976,26027897.70640025,1152132464.8925757,0.3292567684813736,16.962080486001017,1613648631.5385559,46320243.23096205,0.6940687156273012
87019822.4389763,84262200.00000001,charging,84262200.00000001,0.0,0.0,0.0,0.0,2757622.438976288,0.9999999999999994,18,235,320.1291085650519,29.21,85191437.14657806,352.102716076899,665.8842124693875,1445.019214204228,11210.616829644137,2545018854.52662,2346129735.1186614,367.78470490564894,1178160362.586591,26027897.705250233,1152132464.8813407,0.3292567684781629,16.962080485885725,1622359148.9714572,46508311.08158891,0.6903678647103104
0.0,84262200.00000001,discharging,84262200.0,0.0,84262200.0,0.0,597.0835984213256,0.0,0.9245789138836215,19,235,0.0,27.41,85326717.5637401,1.0,654.15,1445.0192142054702,11210.616829729073,2545018854.545902,2346252035.9815617,367.7934771493913,1178173342.1409082,26163178.122469988,1152010164.0184383,0.3292090899190108,16.93390691162907,1633025088.6852133,46121950.719808705,0.6860686628293339
0.0,84262200.00000001,discharging,84262200.0,0.0,84262200.0,0.0,597.0835984213256,0.0,0.8491578277672435,20,235,0.0,26.07,85326717.56374043,1.0,654.15,1445.0192143358545,11210.616829506767,2545018854.4954348,2346252035.9365654,367.79347714950114,1178173342.1869304,26163178.123495597,1152010164.0634348,0.3292090899318694,16.93390691209018,1640965288.249899,46296739.07345164,0.6827689744733769
0.0,84262200.00000001,discharging,84262200.0,0.0,84262200.0,0.0,597.0835984213256,0.0,0.7737367416508655,21,235,0.0,24.7,85326717.56374043,1.0,654.15,1445.0192143513166,11210.616829606564,2545018854.5180902,2346252035.9567633,367.79347714945175,1178173342.1661274,26163178.122892004,1152010164.0432355,0.3292090899260971,16.93390691188317,1649083253.47648,46475440.59919089,0.6794280658454296
0.0,84262200.00000001,discharging,84262200.0,0.0,84262200.0,0.0,597.0835984213256,0.0,0.6983156555344875,22,235,0.0,23.06,85326717.56374043,1.0,654.15,1445.0192143476281,11210.616829609606,2545018854.5187807,2346252035.957381,367.7934771494504,1178173342.1654866,26163178.12286622,1152010164.0426204,0.3292090899259213,16.933906911876843,1658801109.6601245,46689360.67379844,0.6754714752625179
0.0,84262200.00000001,discharging,84262200.0,0.0,84262200.0,0.0,597.0835984213256,0.0,0.6228945694181096,23,235,0.0,22.16,85326717.56374043,1.0,654.15,1445.0192141571652,11210.6168293298,2545018854.4552593,2346252035.900747,367.7934771495885,1178173342.1392407,26163178.03998624,1152010164.0992546,0.3292090899421056,16.933906912457285,1664134079.5170026,46806755.836692825,0.6733196965639695
0.0,84262200.00000001,discharging,84262200.0,0.0,84262200.0,0.0,597.0835984213256,0.0,0.5474734833017316,0,236,0.0,21.34,85326717.56374043,1.0,654.15,1445.0192143061547,11210.61682931732,2545018854.4524264,2346252035.8982205,367.79347714959465,1178173342.1415193,26163178.03974065,1152010164.1017787,0.32920908994282694,16.933906912483152,1668993007.6088252,46913715.873996615,0.6713710881460461
0.0,84262200.00000001,discharging,84262200.0,0.0,84262200.0,0.0,597.0835984213256,0.0,0.4720523971853536,1,236,0.0,20.89,85326717.56374043,1.0,654.15,1445.0192143476158,11210.616829523518,2545018854.4992375,2346252035.939958,367.79347714949273,1178173342.1828263,26163178.12278425,1152010164.0600421,0.3292090899308999,16.93390691205538,1671659492.5372643,46972413.455443814,0.6703065153411215
0.0,84262200.00000001,discharging,84262200.0,0.0,84262200.0,0.0,597.0835984213256,0.0,0.3966313110689756,2,236,0.0,20.36,85326717.56374043,1.0,654.15,1445.0192141986324,11210.616829708142,2545018854.5411506,2346252035.9773264,367.79347714940184,1178173342.1458576,26163178.123183843,1152010164.0226738,0.3292090899202212,16.93390691167239,1674800019.230759,47041546.16248161,0.6690570068562456
0.0,84262200.00000001,discharging,84262200.0,0.0,84262200.0,0.0,597.0835984213256,0.0,0.32121022495259766,3,236,0.0,19.84,85326717.56374043,1.0,654.15,1445.0192143073928,11210.616829316232,2545018854.4521794,2346252035.898003,367.7934771495952,1178173342.1417296,26163178.039731506,1152010164.101998,0.3292090899428896,16.93390691248537,1677881290.703622,47109374.4788206,0.6678355931741558
0.0,84262200.00000001,discharging,84262200.0,0.0,84262200.0,0.0,597.0835984213256,0.0,0.24578913883621964,4,236,0.0,19.32,85326717.56374043,1.0,654.15,1445.0192141652515,11210.6168293497,2545018854.4597774,2346252035.904773,367.7934771495787,1178173342.1345055,26163178.039280456,1152010164.095225,0.3292090899409541,16.933906912416003,1680962562.176485,47177202.795159586,0.6666186308803138
0.0,84262200.00000001,discharging,84262200.0,0.0,84262200.0,0.0,597.0835984213256,0.0,0.17036805271984165,5,236,0.0,18.78,85326717.56374043,1.0,654.15,1445.0192143358524,11210.61682959279,2545018854.514963,2346252035.9539766,367.79347714945857,1178173342.1695824,26163178.12355792,1152010164.0460246,0.3292090899268941,16.93390691191174,1684162344.0906122,47247639.89289622,0.6653595478267713
56951456.672036424,84262200.00000001,direct_plus_discharge,84262200.00000001,0.0,27310743.32796359,0.0,193.52446176128453,0.0,0.1459228575499952,6,236,235.06808764107137,18.31,85232652.08604757,237.98052482322862,661.9008585874275,1445.019214351313,11210.616829520475,2545018854.4985466,2346166995.580132,367.7873774686451,1178164317.0649872,26069112.645111844,1152095204.4198754,0.32924224221932213,16.95348756856806,1686947339.4603148,47701489.44332958,0.6641662480745673
161644668.08196712,84262200.00000001,charging,84262200.00000001,77382468.0819671,0.0,548.3336833966391,0.0,0.0,0.2151860596632549,7,236,542.1112263715934,21.56,86042388.3618835,675.4574016701373,665.8875795772398,1445.0192142005574,11210.61682973336,2545018854.5468755,2346899050.3093624,367.8398871423965,1178241998.6112766,26878848.92063905,1151363149.6906376,0.3289569159273832,16.78633475825962,1667689392.7549217,47961557.525198214,0.6710940529614434
204174115.41011724,84262200.00000001,charging,84262200.00000001,119911915.41011722,0.0,849.698179571224,0.0,0.0,0.32251635603014633,8,236,686.1047987963738,25.51,86510071.62124723,853.1733160124055,665.8889945422189,1445.019214197387,11210.616829709192,2545018854.5413885,2347321875.5090165,367.87021775589386,1178286856.6716719,27346532.18068802,1150940324.490984,0.3287921762664521,16.69121687494554,1644283580.6052895,47709163.058155544,0.6802276953026448
206851683.8081605,84262200.00000001,charging,84262200.00000001,122589483.8081605,0.0,868.6714816464477,0.0,0.0,0.4322432800275924,9,236,735.3790073772941,28.09,86539516.01787417,864.3619522624999,665.8890831151627,1445.019214347627,11210.61682952359,2545018854.4992533,2347348495.912527,367.87212736783704,1178289680.6644108,27375976.576941054,1150913704.0874698,0.32878180601049756,16.685262840462318,1628995733.682239,47390107.40575571,0.6865446342236539
204980443.1509649,84262200.00000001,charging,84262200.00000001,120718243.15096487,0.0,855.4118337247146,0.0,0.0,0.5402953011296616,10,236,781.8499459974581,30.0,86518938.55956048,856.5426819629813,665.889021221561,1445.0192143513113,11210.616829606508,2545018854.5180774,2347329892.0128117,367.87079281916044,1178287707.1058865,27355399.118696734,1150932307.9871898,0.32878905333412956,16.689423440055393,1617677986.5415306,47130669.060514554,0.6913300841597186
196151648.35382563,84262200.00000001,charging,84262200.00000001,111889448.35382561,0.0,792.8508209906608,0.0,0.0,0.6404448785179556,11,236,792.4139400616567,31.54,86421851.01701339,819.6501889143981,665.8887288016865,1445.0192143358506,11210.616829506705,2545018854.4954205,2347242116.0866537,367.86449626291056,1178278395.4900973,27258311.576752327,1151020083.9133449,0.3288232484261653,16.709080498720088,1608552682.5642054,46877896.22781029,0.695299518239693
191353695.06464905,84262200.00000001,charging,84262200.00000001,107091495.06464903,0.0,758.852430075648,0.0,0.0,0.7362999223169849,12,236,785.4683681706401,32.78,86369089.39950877,799.6011944099879,665.8885696129445,1445.0192141652512,11210.616829435745,2545018854.479311,2347194414.922777,367.8610744698601,1178273334.9523404,27205549.875117816,1151067785.0772226,0.32884183229794467,16.719781535568313,1601205035.2058403,46688433.016789466,0.6985086155591909
205656753.76039174,84262200.00000001,charging,84262200.00000001,121394553.76039173,0.0,860.204183940198,0.0,0.0,0.8449572929199574,13,236,811.4789927831578,33.7,86526375.73944509,859.3687510958924,665.88904359476,1445.0192143513104,11210.616829606519,2545018854.5180798,2347336615.906579,367.8712751562024,1178288420.3920038,27362836.298582803,1150925584.093421,0.32878643396889173,16.68791947261389,1595753554.907698,46653939.55650854,0.7007551950247773
219347959.97733396,84262200.00000001,charging,84262200.00000001,135085759.97733396,0.0,957.2203391644895,0.0,0.0,0.9658693357617876,14,236,805.5260770360107,34.33,86676933.7257424,916.5795869790513,665.8894956935167,1445.0192143005513,11210.616829209213,2545018854.427884,2347472734.428515,367.8810396624373,1178302859.7738526,27513394.202368896,1150789465.5714836,0.32873340995414496,16.657528703280644,1592020476.0078835,46653140.3570933,0.7022688679910812
224036051.64747053,84262200.00000001,charging,84262200.00000001,38131575.72055363,0.0,270.20109188584456,0.0,101642275.9269169,0.9999999999999994,15,236,763.1440023811776,34.51,85610758.3637124,511.4414394842972,665.8862600089069,1445.0192141603059,11210.616829439827,2545018854.4802375,2346508826.0057335,367.81189621337353,1178200592.833556,26447218.839288116,1151753373.994268,0.32910899340496513,16.875042116170906,1590953882.0365078,46055946.228337444,0.7035714472252578
222539365.44729838,84262200.00000001,charging,84262200.00000001,0.0,0.0,0.0,0.0,138277165.44729835,0.9999999999999994,16,236,719.7563674115456,34.14,85191437.14657925,352.1027160768991,665.8842124693892,1445.0192143110742,11210.616829227078,2545018854.43194,2346129735.0342526,367.7847049058546,1178160362.5882566,26027897.622508295,1152132464.9657483,0.32925676850228475,16.962080486751884,1593146325.1998909,45877580.12676627,0.7029381702252406
176818919.00647068,84262200.00000001,charging,84262200.00000001,0.0,0.0,0.0,0.0,92556719.00647067,0.9999999999999994,17,236,577.3251001254671,33.51,85191437.14657801,352.102716076899,665.8842124693874,1445.0192141584116,11210.616829414781,2545018854.4745517,2346129735.0722384,367.78470490576194,1178160362.5506523,26027897.622892044,1152132464.9277601,0.3292567684914286,16.962080486362222,1596879404.0997057,45958180.63417701,0.7013063711434322
88592329.9324341,84262200.00000001,charging,84262200.00000001,0.0,0.0,0.0,0.0,4330129.932434082,0.9999999999999994,18,236,323.433857947968,32.4,85191437.14657806,352.102716076899,665.8842124693875,1445.0192143476295,11210.616829609651,2545018854.5187907,2346129735.111685,367.78470490566605,1178160362.5940313,26027897.705716193,1152132464.8883152,0.329256768480156,16.962080485957262,1603456733.5898554,46100191.05199731,0.6984496549814205
0.0,84262200.00000001,discharging,84262200.0,0.0,84262200.0,0.0,597.0835984213256,0.0,0.9245789138836215,19,236,0.0,30.85,85326717.5637401,1.0,654.15,1445.0192143513093,11210.61682952045,2545018854.498541,2346252035.93933,367.7934771494943,1178173342.1834724,26163178.12280407,1152010164.0606682,0.32920908993107884,16.933906912061943,1612641292.7878122,45673240.319412366,0.6946873714615034
0.0,84262200.00000001,discharging,84262200.0,0.0,84262200.0,0.0,597.0835984213256,0.0,0.8491578277672435,20,236,0.0,29.04,85326717.56374043,1.0,654.15,1445.0192141534835,11210.616829418988,2545018854.4755073,2346252035.9187965,367.79347714954446,1178173342.1212618,26163178.040058985,1152010164.0812027,0.329209089936947,16.93390691227231,1623366487.7222004,45909335.035900146,0.6901257110270529
0.0,84262200.00000001,discharging,84262200.0,0.0,84262200.0,0.0,597.0835984213256,0.0,0.7737367416508655,21,236,0.0,28.48,85326717.56374043,1.0,654.15,1445.0192142091566,11210.616829639957,2545018854.525671,2346252035.9635243,367.7934771494354,1178173342.1588924,26163178.122417554,1152010164.036475,0.32920908992416514,16.933906911813857,1626684780.0775914,45982380.91503443,0.688726478824889
0.0,84262200.00000001,discharging,84262200.0,0.0,84262200.0,0.0,597.0835984213256,0.0,0.6983156555344875,22,236,0.0,27.63,85326717.56374043,1.0,654.15,1445.019214346376,11210.616829610653,2545018854.5190187,2346252035.9575934,367.7934771494499,1178173342.1652682,26163178.122861907,1152010164.0424063,0.3292090899258601,16.93390691187464,1631721473.8313098,46093254.1244347,0.6866134531111309
0.0,84262200.00000001,discharging,84262200.0,0.0,84262200.0,0.0,597.0835984213256,0.0,0.6228945694181096,23,236,0.0,26.57,85326717.56374043,1.0,654.15,1445.0192143395375,11210.616829589691,2545018854.51426,2346252035.953352,367.79347714946016,1178173342.1702166,26163178.123569794,1152010164.0466468,0.32920908992707193,16.93390691191809,1638002527.2182999,46231519.53851032,0.6839964827127069
0.0,84262200.00000001,discharging,84262200.0,0.0,84262200.0,0.0,597.0835984213256,0.0,0.5474734833017316,0,237,0.0,25.63,85326717.56374043,1.0,654.15,1445.0192143110683,11210.61682922699,2545018854.43192,2346252035.87994,367.7934771496392,1178173342.159706,26163178.039645296,1152010164.120061,0.3292090899480514,16.933906912670505,1643572517.9577057,46354132.26420002,0.6816924059803362
0.0,84262200.00000001,discharging,84262200.0,0.0,84262200.0,0.0,597.0835984213256,0.0,0.4720523971853536,1,237,0.0,24.6,85326717.56374043,1.0,654.15,1445.0192142042522,11210.616829730307,2545018854.546182,2346252035.9818096,367.7934771493907,1178173342.1407106,26163178.12251975,1152010164.0181909,0.3292090899189401,16.933906911626497,1649675805.6827996,46488484.50617915,0.6791854837893323
0.0,84262200.00000001,discharging,84262200.0,0.0,84262200.0,0.0,597.0835984213256,0.0,0.3966313110689756,2,237,0.0,24.28,85326717.56374043,1.0,654.15,1445.0192142956219,11210.61682921335,2545018854.4288235,2346252035.877176,367.793477149646,1178173342.1631732,26163178.040351387,1152010164.1228218,0.3292090899488404,16.93390691269883,1651571972.7430232,46530225.00854161,0.6784103840441309
0.0,84262200.00000001,discharging,84262200.0,0.0,84262200.0,0.0,597.0835984213256,0.0,0.32121022495259766,3,237,0.0,24.43,85326717.56374043,1.0,654.15,1445.019214346379,11210.616829610684,2545018854.519026,2346252035.9576,367.7934771494499,1178173342.1652694,26163178.12287073,1152010164.0423987,0.32920908992585796,16.933906911874562,1650683144.4335434,46510659.148059204,0.6787734916373733
0.0,84262200.00000001,discharging,84262200.0,0.0,84262200.0,0.0,597.0835984213256,0.0,0.24578913883621964,4,237,0.0,24.6,85326717.56374043,1.0,654.15,1445.01921420917,11210.616829726101,2545018854.5452275,2346252035.9809613,367.79347714939286,1178173342.141553,26163178.1225152,1152010164.0190377,0.32920908991918213,16.933906911635123,1649675805.6827996,46488484.50617915,0.6791854837898316
0.0,84262200.00000001,discharging,84262200.0,0.0,84262200.0,0.0,597.0835984213256,0.0,0.17036805271984165,5,237,0.0,24.4,85326717.56374043,1.0,654.15,1445.01921434446,11210.61682949947,2545018854.4937778,2346252035.935088,367.79347714950484,1178173342.188415,26163178.12350314,1152010164.0649118,0.32920908993229153,16.933906912105325,1650860910.0954394,46514572.32015568,0.6787008390302925
39671198.7209009,84262200.00000001,direct_plus_discharge,84262200.00000001,0.0,44591001.279099114,0.0,315.97270782075987,0.0,0.13045571067932463,6,237,180.9164900308863,24.21,85260395.01827341,165.77227771949472,659.3962864690131,1445.0192141689402,11210.616829432682,2545018854.4786158,2346192076.6697717,367.789176453334,1178166978.8241315,26096855.493901458,1152070123.33023,0.32923246437172154,16.947708112308685,1651986759.287447,46811541.75221065,0.6781676922005206
144820868.68771267,84262200.00000001,charging,84262200.00000001,60558668.687712654,0.0,429.1199116052551,0.0,0.0,0.18466033109262,7,237,490.0059543930489,25.22,85857382.21132427,605.156537683084,665.8870156014913,1445.0192143426984,11210.616829527762,2545018854.5002007,2346731790.8601294,367.8278894325181,1178224251.9102533,26693842.77038199,1151530409.1398714,0.3290220952981509,16.824247489731956,1646001982.0036168,47386490.708427325,0.6800155001029617
197524203.47408423,84262200.00000001,charging,84262200.00000001,113262003.47408421,0.0,802.5767734371389,0.0,0.0,0.28603844984257437,8,237,664.8830487569558,28.16,86436944.5837679,825.3856240894625,665.8887743053073,1445.0192143005534,11210.616829295222,2545018854.44741,2347255761.972848,367.86547514268193,1178279843.0876057,27273405.06045373,1151006438.027152,0.3288179322321764,16.70602164608484,1628580947.1378148,47324833.40618272,0.6867966274652603
205552184.11169818,84262200.00000001,charging,84262200.00000001,121289984.11169817,0.0,859.4632013628667,0.0,0.0,0.3946022226463049,9,237,731.7884191666603,30.26,86525225.81916134,858.9317905450827,665.8890401357164,1445.0192142042415,11210.616829730263,2545018854.546172,2347335576.2979603,367.8712005782268,1178288310.079967,27361686.377926536,1150926623.7020404,0.3287868389614907,16.68815199558102,1616137350.805099,47100310.88071884,0.691979655231886
207897559.04248536,84262200.00000001,charging,84262200.00000001,123635359.04248534,0.0,876.0825740272592,0.0,0.0,0.5052652846286956,10,237,794.3374078886035,31.87,86551017.18634112,868.7323046943536,665.889117695993,1445.0192142091687,11210.61682964005,2545018854.525692,2347358894.0565705,367.8728732761528,1178290783.6884735,27387477.745045193,1150903305.9434283,0.32877775535706855,16.682938256436948,1606597260.2833505,46905090.318633385,0.6960397156523084
203224905.33420593,84262200.00000001,charging,84262200.00000001,118962705.33420591,0.0,842.9720583949088,0.0,0.0,0.6117459656891051,11,237,822.4160734238087,33.19,86499633.4498161,849.2068939885806,665.8889631282711,1445.0192143395327,11210.616829589673,2545018854.5142555,2347312438.4245567,367.86954079157186,1178285855.5850801,27336094.00963694,1150949761.5754433,0.3287958526198039,16.693328580465096,1598775571.159929,46705765.13499879,0.6994608423617834
194021387.77932423,84262200.00000001,charging,84262200.00000001,109759187.77932422,0.0,777.7557528652336,0.0,0.0,0.7099887976299768,12,237,800.0698495007701,34.1,86398425.1962853,810.7485635802212,665.8886581468387,1445.0192143513104,11210.616829520475,2545018854.4985466,2347220937.073935,367.8629770059599,1178276148.6814196,27234885.755354963,1151041262.9260647,0.3288314994775259,16.713830077560313,1593383346.0824187,46533027.55543094,0.7018902191778802
168013884.1734713,84262200.00000001,charging,84262200.00000001,83751684.17347129,0.0,593.4660732824757,0.0,0.0,0.7849529332025,13,237,678.8566215031735,34.33,86112428.67344204,702.0721623231859,665.8877924585458,1445.0192143513218,11210.616829606593,2545018854.518097,2346962372.2330794,367.8444293500386,1178248716.9995224,26948889.232599556,1151299827.766923,0.32893224181466385,16.772024121570706,1592020476.0078835,46349198.4890438,0.7027106554083635
128297113.87041348,84262200.00000001,charging,84262200.00000001,44034913.87041347,0.0,312.0322615587964,0.0,0.0,0.8243675346625584,14,237,499.00704567382553,34.18,85675675.55874927,536.1094566555321,665.8864593193435,1445.0192141937146,11210.616829712335,2545018854.5421023,2346567515.4727488,367.81610595811486,1178206820.645446,26512136.11819522,1151694684.5272508,0.32908611862822806,16.86164342313766,1592909304.3173628,46133340.67423283,0.7026630381134203
99192653.06047145,84262200.00000001,charging,84262200.00000001,14930453.06047143,0.0,105.79748261268962,0.0,0.0,0.8377314272031088,15,237,371.0325803727491,34.34,85355622.74949062,414.4919377545984,665.8854737555976,1445.0192143427055,11210.616829527802,2545018854.50021,2346278167.8694434,367.7953515217929,1178176115.4391153,26192083.308560222,1151984032.1305552,0.32919890297557863,16.927898679902693,1591961220.787251,45940435.79367179,0.7033291818846389
0.0,84262200.00000001,discharging,84262200.0,0.0,84262200.0,0.0,597.0835984213256,0.0,0.7623103410867308,16,237,0.0,33.03,85326717.56374039,1.0,654.15,1445.0192143073814,11210.61682931614,2545018854.452159,2346252035.897984,367.79347714959533,1178173342.1417224,26163178.039707005,1152010164.1020155,0.3292090899428946,16.93390691248557,1599723654.6900408,45388883.14706832,0.7002622237726097
4838460.318954952,84262200.00000001,direct_plus_discharge,84262200.0,0.0,79423739.68104506,0.0,562.7981739004798,0.0,0.6912200454361439,17,237,72.68654097338307,31.9,85316317.92773847,20.218259432276128,654.7308644621584,1445.0192141973807,11210.616829623124,2545018854.5218496,2346242634.104948,367.79280278107,1178172344.382155,26152778.487102743,1152019565.8950522,0.3292127550724729,16.93606957600018,1606419494.6214545,45566026.324736096,0.6973545175112805
94913110.76327711,84262200.00000001,charging,84262200.00000001,10650910.763277099,0.0,75.47256213345862,0.0,0.0,0.7007534217056334,18,237,342.5472571687302,30.79,85308561.93831407,396.6092042583439,665.8853282155646,1445.0192143024542,11210.616829320328,2545018854.4531093,2346235622.1956058,367.7922998416742,1178171600.2186725,26145022.414277047,1152026577.8043954,0.3292154885496215,16.93768282247484,1612996824.111604,46369899.05319734,0.6942567677910345
0.0,84262200.00000001,discharging,84262200.0,0.0,84262200.0,0.0,597.0835984213256,0.0,0.6253323355892554,19,237,0.0,30.2,85326717.56374043,1.0,654.15,1445.0192141603122,11210.616829439823,2545018854.480237,2346252035.923017,367.79347714953417,1178173342.1163006,26163178.039318416,1152010164.0769823,0.3292090899357409,16.933906912229002,1616492882.128891,45758025.71483626,0.6930422829916636
0.0,84262200.00000001,discharging,84262200.0,0.0,84262200.0,0.0,597.0835984213256,0.0,0.5499112494728774,20,237,0.0,28.74,85326717.56374043,1.0,654.15,1445.019214340783,11210.616829502602,2545018854.4944887,2346252035.9357214,367.79347714950325,1178173342.1877816,26163178.123503845,1152010164.0642776,0.3292090899321103,16.933906912098827,1625144144.3411598,45948466.75686494,0.6893754160682491
0.0,84262200.00000001,discharging,84262200.0,0.0,84262200.0,0.0,597.0835984213256,0.0,0.47449016335649946,21,237,0.0,28.44,85326717.56374043,1.0,654.15,1445.0192143073953,11210.616829316199,2545018854.452172,2346252035.8979964,367.7934771495952,1178173342.141727,26163178.039723556,1152010164.1020033,0.3292090899428911,16.93390691248542,1626921800.9601192,45987598.477829754,0.6886267507905968
0.0,84262200.00000001,discharging,84262200.0,0.0,84262200.0,0.0,597.0835984213256,0.0,0.3990690772401215,22,237,0.0,27.47,85326717.56374043,1.0,654.15,1445.0192142091541,11210.616829639946,2545018854.5256686,2346252035.963522,367.7934771494354,1178173342.1588926,26163178.122413807,1152010164.0364788,0.3292090899241662,16.933906911813903,1632669557.3614213,46114124.37561592,0.6862171562476078
0.0,84262200.00000001,discharging,84262200.0,0.0,84262200.0,0.0,597.0835984213256,0.0,0.3236479911237435,23,237,0.0,26.03,85326717.56374043,1.0,654.15,1445.0192142023195,11210.616829705055,2545018854.5404496,2346252035.976704,367.7934771494032,1178173342.1464932,26163178.12319683,1152010164.0232964,0.3292090899203991,16.933906911678744,1641202309.1324267,46301956.63624695,0.6826709640929679
0.0,84262200.00000001,discharging,84262200.0,0.0,84262200.0,0.0,597.0835984213256,0.0,0.2482269050073655,0,238,0.0,24.42,85326717.56374043,1.0,654.15,1445.0192143463805,11210.616829610692,2545018854.519027,2346252035.9576015,367.7934771494499,1178173342.1652706,26163178.122872278,1152010164.0423982,0.3292090899258578,16.93390691187456,1650742399.6541753,46511963.538758025,0.6787492723690497
0.0,84262200.00000001,discharging,84262200.0,0.0,84262200.0,0.0,597.0835984213256,0.0,0.1728058188909875,1,238,0.0,23.26,85326717.56374043,1.0,654.15,1445.019214351318,11210.616829520537,2545018854.4985604,2346252035.9393487,367.7934771494943,1178173342.1834784,26163178.122826595,1152010164.0606518,0.3292090899310741,16.933906912061705,1657616005.247485,46663272.85982191,0.6759515173710383
0.0,84262200.00000001,discharging,84262200.0,0.0,84262200.0,0.0,597.0835984213256,0.0,0.09738473277460956,2,238,0.0,22.63,85326717.56374043,1.0,654.15,1445.0192142993105,11210.616829296307,2545018854.447656,2346252035.893966,367.793477149605,1178173342.1464653,26163178.040433098,1152010164.1060321,0.3292090899440424,16.933906912526766,1661349084.1472998,46745449.473847985,0.6744416901000082
0.0,84262200.00000001,discharging,84262200.0,0.0,84262200.0,0.0,597.0835984213256,0.0,0.021963646658231587,3,238,0.0,22.12,85326717.56374043,1.0,654.15,1445.0192141640027,11210.616829350745,2545018854.460015,2346252035.904987,367.79347714957805,1178173342.1342902,26163178.039276134,1152010164.095014,0.3292090899408938,16.933906912413818,1664371100.3995306,46811973.399488136,0.673224380099449
0.0,84262200.00000001,discharging,24538299.336998727,0.0,24538299.336998727,0.0,173.87886937766672,0.0,0.0,4,238,0.0,21.74,24850166.604671992,1.0,654.15,1445.019214346385,11210.616829610715,2545018854.5190325,2291633531.757538,363.8873772866157,1172315295.4062579,25410527.8268077,1146904767.5794501,0.3335140270772075,57.703888746912426,1666622798.783546,13647742.64984248,0.6825714903036151
0.0,84262200.00000001,shutdown,0.0,0.0,0.0,0.0,0.0,0.0,0.0,5,238,0.0,21.23,0.0,1.0,567.279923475184,1445.0192143042245,11210.61682929208,2545018854.4466963,2259509895.5875654,362.89907080586624,1179588764.8890996,25103923.74486946,1154484841.1442301,0.33816193355132695,,1669644815.0357766,0.0,0.6914553507115178
23833205.67341499,84262200.00000001,direct_partial,23833205.67341499,0.0,0.0,0.0,0.0,0.0,0.0,6,238,134.41643620812755,20.58,24097923.744335923,99.59075896936913,665.2099591358826,1445.0192142005546,11210.616829647304,2545018854.527339,2290954873.908977,363.83900124382524,1172241710.3940654,25363378.62960485,1146878331.7644606,0.33357930960716425,59.50102770230801,1673496404.3768559,13457248.504568644,0.6798517136529028
139262985.09366757,84262200.00000001,charging,84262200.00000001,55000785.09366755,0.0,389.7366396762134,0.0,0.0,0.04922989132752169,7,238,474.05960796639613,22.59,85796263.87384957,581.9320561349816,665.8868287542887,1445.0192143073855,11210.616829316179,2545018854.4521675,2346676535.4890337,367.823925947416,1178218388.8608172,26632724.349826768,1151585664.5109904,0.329043629310103,16.836808204426777,1661586105.0298276,47691610.07626708,0.6737264836097812
195672150.01566744,84262200.00000001,charging,84262200.00000001,111409950.01566742,0.0,789.453086381494,0.0,0.0,0.1489502811862367,8,238,659.8102924825314,27.51,86416578.12117833,817.6465304860653,665.8887129013848,1445.0192141620953,11210.616829325641,2545018854.4543157,2347237348.8840117,367.8641542945165,1178277889.7134237,27253038.59743575,1151024851.115988,0.3288251056489373,16.71014935276615,1632432536.4788935,47398033.61889106,0.6852029434426745
211879879.0132249,84262200.00000001,charging,84262200.00000001,127617679.01322488,0.0,904.3013712838497,0.0,0.0,0.2631778228220914,9,238,754.1861092741051,30.36,86594809.534956,885.3730484440381,665.8892492836083,1445.0192143061483,11210.616829317292,2545018854.45242,2347398486.362322,367.87571343893916,1178294983.6486254,27431270.01094757,1150863713.637678,0.32876233219078754,16.67409272183074,1615544798.5987792,47125197.0277257,0.6921780730180465
205537250.73093265,84262200.00000001,charging,84262200.00000001,121275050.73093264,0.0,859.3573831344787,0.0,0.0,0.3717282291127624,10,238,789.1002322921354,32.17,86525061.60136625,858.8693890895321,665.8890396417298,1445.019214346379,11210.616829610637,2545018854.519015,2347335427.8057604,367.87118992796604,1178288294.3547232,27361522.160481278,1150926772.194242,0.3287868968056277,16.68818520250196,1604819603.664391,46852037.665812664,0.6968254121426474
192108939.03044188,84262200.00000001,charging,84262200.00000001,107846739.03044187,0.0,764.2041035992634,0.0,0.0,0.46825927377793247,11,238,785.3290696938693,33.36,86377394.58525407,802.7570988565451,665.8885946836457,1445.0192141620882,11210.616829325634,2545018854.4543138,2347201923.5144534,367.86161309158786,1178274131.5470536,27213855.061504237,1151060276.4855494,0.32883890698932305,16.71809622293923,1597768232.4091852,46617687.8930192,0.6999939991422501
0.0,84262200.00000001,discharging,84262200.0,0.0,84262200.0,0.0,597.0835984213256,0.0,0.3928381876615545,12,238,14.570854479358768,33.84,85326717.56369242,1.0,654.1499999999944,1445.0192141603168,11210.616829439894,2545018854.4802527,2346252035.922988,367.793477149531,1178173342.1163018,26163178.039336946,1152010164.0769649,0.3292090899357404,16.933906912238307,1594923981.81885,45283227.500437565,0.7023564812613327
72242937.12341464,84262200.00000001,direct_plus_discharge,84262200.00000001,0.0,12019262.87658538,0.0,85.16873199042335,0.0,0.3820800320417115,13,238,334.843175776336,30.87,85208102.07601999,301.87835563902826,664.2337867886669,1445.0192143513207,11210.616829520568,2545018854.4985676,2346144801.065746,367.78578553343425,1178161961.5693705,26044562.635112986,1152117398.9342575,0.32925089486696324,16.958605008083186,1612522782.3465483,46208328.64023489,0.6945775546760319
122451316.35136257,84262200.00000001,charging,84262200.00000001,38189116.351362556,0.0,270.6088259219702,0.0,0.0,0.416262199526592,14,238,483.5038569732454,30.45,85611391.1203416,511.6818819649364,665.8862619530682,1445.019214304243,11210.616829292188,2545018854.446721,2346509398.0288334,367.81193724623586,1178200653.568221,26447851.597054612,1151752801.9711664,0.32910877044621006,16.874911419568217,1615011501.6130915,46578271.15793036,0.6931631506436129
0.0,84262200.00000001,discharging,84262200.0,0.0,84262200.0,0.0,597.0835984213256,0.0,0.340841113410214,15,238,0.0,30.59,85326717.56368716,1.0,654.15,1445.0192143061438,11210.616829317223,2545018854.4524045,2346252035.898154,367.79347714959124,1178173342.141507,26163178.039714202,1152010164.1017928,0.32920908994283593,16.933906912493793,1614181928.5242438,45707154.477553494,0.694028399788292
0.0,84262200.00000001,discharging,84262200.0,0.0,84262200.0,0.0,597.0835984213256,0.0,0.265420027293836,16,238,0.0,30.76,85326717.56374043,1.0,654.15,1445.0192141689438,11210.616829346673,2545018854.45909,2346252035.9041586,367.7934771495801,1178173342.1351519,26163178.039310213,1152010164.0958416,0.3292090899411303,16.933906912422348,1613174589.7735004,45684979.83570199,0.6944591243291526
0.0,84262200.00000001,discharging,84262200.0,0.0,84262200.0,0.0,597.0835984213256,0.0,0.18999894117745803,17,238,0.0,29.06,85326717.56374043,1.0,654.15,1445.0192143407746,11210.61682958857,2545018854.5140057,2346252035.953124,367.7934771494607,1178173342.1704278,26163178.123551156,1152010164.0468767,0.3292090899271376,16.93390691192046,1623247977.2809365,45906726.2545025,0.6901757887431298
12199773.08417881,84262200.00000001,direct_plus_discharge,84262200.00000001,0.0,72062426.91582121,0.0,510.6357675668605,0.0,0.12549758106374934,18,238,96.81490390707636,28.33,85304499.56242417,50.97865043235526,655.6769523663411,1445.0192143110796,11210.616829227107,2545018854.4319468,2346231949.562526,367.79203641588197,1178171210.4758358,26140960.038361885,1152030250.437474,0.3292169202713086,16.938527913926407,1627573608.3870711,46081524.84100885,0.688331919500933
0.0,84262200.00000001,discharging,84262200.0,0.0,84262200.0,0.0,597.0835984213256,0.0,0.05007649494737137,19,238,0.0,26.57,85326717.56374015,1.0,654.1499999999997,1445.0192141652526,11210.616829435796,2545018854.4793224,2346252035.9222007,367.7934771495361,1178173342.117161,26163178.03936155,1152010164.0777996,0.3292090899359744,16.93390691223745,1638002527.2182999,46231519.53851015,0.6839964827312036
0.0,84262200.00000001,discharging,55946630.442890204,0.0,55946630.442890204,0.0,396.43891833335664,0.0,0.0,20,238,0.0,25.66,56654310.600243226,1.0,654.15,1445.0192143005518,11210.616829295268,2545018854.44742,2320342924.752718,365.9375591065131,1175410046.324206,25806340.634072654,1149603705.6901336,0.3312354394325466,25.41280483132844,1643394752.2958097,30775116.913078696,0.6866708849761863
0.0,84262200.00000001,shutdown,0.0,0.0,0.0,0.0,0.0,0.0,0.0,21,238,0.0,23.59,0.0,1.0,567.279923475184,1445.019214165255,11210.616829349727,2545018854.459783,2259509895.5991964,362.89907080586624,1179588764.876348,25103923.743737034,1154484841.132611,0.33816193354792357,,1655660582.9666295,0.0,0.6972956009280558
0.0,84262200.00000001,shutdown,0.0,0.0,0.0,0.0,0.0,0.0,0.0,22,238,0.0,21.82,0.0,1.0,567.279923475184,1445.01921434269,11210.616829613744,2545018854.51972,2259509895.652412,362.89907080586624,1179588764.9066973,25103923.827297784,1154484841.0793996,0.3381619335323373,,1666148757.01849,0.0,0.6929062223383381
0.0,84262200.00000001,shutdown,0.0,0.0,0.0,0.0,0.0,0.0,0.0,23,238,0.0,20.91,0.0,1.0,567.279923475184,1445.019214339539,11210.616829503642,2545018854.494725,2259509895.630221,362.89907080586624,1179588764.9295385,25103923.827946626,1154484841.1015918,0.33816193353883767,,1671540982.096,0.0,0.6906709757447559
0.0,84262200.00000001,shutdown,0.0,0.0,0.0,0.0,0.0,0.0,0.0,0,239,0.0,20.96,0.0,1.0,567.279923475184,1445.0192142042285,11210.616829730172,2545018854.5461516,2259509895.675878,362.89907080586624,1179588764.8828616,25103923.8269291,1154484841.0559325,0.33816193352546353,,1671244705.9928405,0.0,0.6907934169760525
0.0,84262200.00000001,shutdown,0.0,0.0,0.0,0.0,0.0,0.0,0.0,1,239,0.0,20.85,0.0,1.0,567.279923475184,1445.01921420547,11210.616829729075,2545018854.5459027,2259509895.675657,362.89907080586624,1179588764.8830736,25103923.82691885,1154484841.0561547,0.33816193352552865,,1671896513.419792,0.0,0.6905241034893398
0.0,84262200.00000001,shutdown,0.0,0.0,0.0,0.0,0.0,0.0,0.0,2,239,0.0,20.7,0.0,1.0,567.279923475184,1445.0192142993087,11210.616829210292,2545018854.428129,2259509895.571096,362.89907080586624,1179588764.9055333,25103923.744818315,1154484841.160715,0.3381619335561556,,1672785341.7292717,0.0,0.6901571961213181
0.0,84262200.00000001,shutdown,0.0,0.0,0.0,0.0,0.0,0.0,0.0,3,239,0.0,20.56,0.0,1.0,567.279923475184,1445.0192143463735,11210.616829610626,2545018854.5190125,2259509895.6517835,362.89907080586624,1179588764.9073305,25103923.827303473,1154484841.080027,0.3381619335325211,,1673614914.8181198,0.0,0.6898151007488427
0.0,84262200.00000001,shutdown,0.0,0.0,0.0,0.0,0.0,0.0,0.0,4,239,0.0,19.79,0.0,1.0,567.279923475184,1445.0192143110683,11210.616829226992,2545018854.4319205,2259509895.5744615,362.89907080586624,1179588764.901445,25103923.744095042,1154484841.1573498,0.3381619335551698,,1678177566.806782,0.0,0.6879396221188268
0.0,84262200.00000001,shutdown,0.0,0.0,0.0,0.0,0.0,0.0,0.0,5,239,0.0,18.96,0.0,1.0,567.279923475184,1445.019214202324,11210.61682970506,2545018854.540451,2259509895.670817,362.89907080586624,1179588764.8886442,25103923.827647675,1154484841.0609965,0.33816193352694685,,1683095750.1192365,0.0,0.6859293899228305
74560080.91919844,84262200.00000001,direct_partial,74560080.91919844,0.0,0.0,0.0,0.0,0.0,0.0,6,239,286.9034524996441,17.57,75382626.8445285,311.5609015971947,665.8496211672192,1445.0192143513134,11210.616829606543,2545018854.5180855,2337263493.312323,367.1490429171796,1177217794.0914156,25921206.4844757,1151296587.60694,0.3299427751917436,19.14559930083777,1691332225.7870815,42469433.5655049,0.6640301567347918
168965931.55655268,84262200.00000001,charging,84262200.00000001,84703731.55655266,0.0,600.2122996729311,0.0,0.0,0.07581629048500182,7,239,565.2602509334691,15.91,86122898.04586868,706.0504404765792,665.8878242496045,1445.0192143463885,11210.616829524712,2545018854.4995084,2346971837.364976,367.8451083061515,1178249721.2399788,26959358.604949683,1151290362.635029,0.32892855370244245,16.76988701888297,1701168592.4119902,48737194.324385464,0.6579156268648146
200434717.02853686,84262200.00000001,charging,84262200.00000001,116172517.02853684,0.0,823.2007294499965,0.0,0.0,0.17979954052079083,8,239,679.3225543190275,16.39,86468950.60667907,837.5476579279024,665.8888707436602,1445.0192142023204,11210.616829705064,2545018854.5404515,2347284698.3742437,367.8675508701587,1178282912.7918963,27305411.166138943,1150977501.6257575,0.32880665929811415,16.699538856665725,1698324341.8216553,48870755.08390726,0.658757286844635
207329730.86776197,84262200.00000001,charging,84262200.00000001,123067530.86776195,0.0,872.0589324673563,0.0,0.0,0.2899543530429832,9,239,746.1951761281468,17.61,86544772.95444661,866.3595462975269,665.8890989224535,1445.0192143110746,11210.616829227081,2545018854.4319406,2347353248.609096,367.87246830652066,1178290184.8212793,27381233.43037656,1150908951.3909028,0.32877995456105535,16.684200247200852,1691095204.9045534,48755059.58482535,0.6614988512983778
200114013.8699142,84262200.00000001,charging,84262200.00000001,115851813.86991419,0.0,820.928220591036,0.0,0.0,0.39365054932816673,10,239,778.5801620129467,19.09,86465423.93262255,836.2075498698919,665.8888601208188,1445.019214204231,11210.616829730145,2545018854.5461454,2347281509.9478383,367.86732214983317,1178282574.5435157,27301884.491356526,1150980690.052159,0.32880790142445737,16.700252945744303,1682325432.2510207,48518167.260563396,0.6649824919923135
152561700.49910057,84262200.00000001,charging,84262200.00000001,68299500.49910055,0.0,483.97159732812673,0.0,0.0,0.45478380372750904,11,239,646.8238828165563,20.52,85942505.75933313,637.5028080805355,665.8872753942835,1445.0192143444747,11210.6168295856,2545018854.5133314,2346808748.8043675,367.83340968926154,1178232417.5148213,26778966.319198314,1151453451.195623,0.32899210467053325,16.80678311685912,1673851935.7006474,48040091.04296983,0.6687140850365698
189198020.89603466,84262200.00000001,charging,84262200.00000001,104935820.89603464,0.0,743.5772807249288,0.0,0.0,0.5487093549769737,12,239,798.2159442434676,21.47,86345384.11329922,790.5933744178017,665.8884980278035,1445.0192143061458,11210.616829231196,2545018854.4328747,2347172983.2415733,367.85953709842664,1178271061.3476355,27181844.58920721,1151089216.7584283,0.32885018203711347,16.724593665834814,1668222689.7406094,48142175.70407688,0.6706553134086657
194597144.52636534,84262200.00000001,charging,84262200.00000001,110334944.52636532,0.0,781.8355764437619,0.0,0.0,0.6474675330540804,13,239,792.1361163335504,22.16,86404756.61625357,813.1544527503704,665.8886772468647,1445.0192142005553,11210.616829733346,2545018854.546872,2347226661.279497,367.8633876230057,1178276755.8955083,27241217.175004832,1151035538.7205036,0.3288292693994561,16.712546129494196,1664134079.5170026,48085755.93607497,0.6722475203751646
179196917.55694127,84262200.00000001,charging,84262200.00000001,94934717.55694126,0.0,672.7092667175873,0.0,0.0,0.7324413351657757,14,239,685.2924348233955,22.65,86235405.05406573,748.8022076851443,665.8881653999207,1445.019214198637,11210.616829622119,2545018854.521621,2347073552.9072,367.8524046255453,1178260512.7062476,27071865.613447446,1151188647.0928001,0.3288889214224203,16.746953817964762,1661230573.706036,47928022.31259183,0.6735411504669129
222430859.0638662,84262200.00000001,charging,84262200.00000001,138168659.0638662,0.0,979.0658224316779,0.0,0.0,0.856112807472935,15,239,772.6443762800027,22.84,86710835.4193615,929.4619605909318,665.889597278254,1445.0192143476202,11210.616829609588,2545018854.5187764,2347503384.926963,367.88323839638116,1178306111.051518,27547295.978482146,1150758815.0730357,0.3287214709166867,16.650700056736575,1660104724.514028,48167599.00197083,0.6736389738519687
224378518.0095989,84262200.00000001,charging,84262200.00000001,140116318.0095989,0.0,992.8669718416811,0.0,0.0,0.9815275828634631,16,239,734.7142853763509,22.71,86732253.2261059,937.6005566017642,665.8896614148211,1445.0192143427032,11210.61682961382,2545018854.5197372,2347522748.718904,367.88462747802936,1178308165.0663326,27568713.78523909,1150739451.2810936,0.32871392841329916,16.646388728041188,1660875042.3822439,48196432.76456818,0.6733126542775183
153739147.5630858,84262200.00000001,charging,84262200.00000001,20637816.125326786,0.0,146.2399689975787,0.0,48839131.437759,0.9999999999999993,17,239,513.3159360017673,22.16,85418384.86675732,438.3410425343519,665.8856676045192,1445.01921433954,11210.616829503651,2545018854.494727,2346334908.4665456,367.79942138769786,1178182136.9599712,26254845.426518608,1151927291.5334525,0.3291767844950934,16.914866943863633,1664134079.5170026,47536651.61704334,0.672984161369785
26950231.131814443,84262200.00000001,direct_plus_discharge,84262200.00000001,0.0,57311968.86818557,0.0,406.1137331380765,0.0,0.9487014231825581,18,239,142.53321040220257,21.1,85280818.1475308,112.61573493704252,657.6357770946072,1445.0192142005553,11210.616829733306,2545018854.546863,2346210540.355875,367.79050079061506,1178168938.350398,26117278.706272457,1152051659.6441257,0.32922526642317473,16.943455932091165,1670415132.9039924,47123099.82695204,0.6707575049507482
0.0,84262200.00000001,discharging,84262200.0,0.0,84262200.0,0.0,597.0835984213256,0.0,0.8732803370661801,19,239,0.0,19.51,85326717.56373583,1.0,654.1499999999957,1445.0192143110764,11210.61682922707,2545018854.431938,2346252035.8799477,367.79347714963893,1178173342.1597152,26163178.039667375,1152010164.1200478,0.3292090899480481,16.93390691267133,1679836712.9844775,47152419.37187908,0.667062775634384
0.0,84262200.00000001,discharging,84262200.0,0.0,84262200.0,0.0,597.0835984213256,0.0,0.7978592509498021,20,239,0.0,18.72,85326717.56374043,1.0,654.15,1445.0192143358536,11210.616829592802,2545018854.514966,2346252035.9539795,367.79347714945857,1178173342.169581,26163178.123562776,1152010164.0460181,0.3292090899268923,16.933906911911663,1684517875.414404,47255466.23708917,0.665219943244658
0.0,84262200.00000001,discharging,84262200.0,0.0,84262200.0,0.0,597.0835984213256,0.0,0.7224381648334242,21,239,0.0,17.71,85326717.56374043,1.0,654.15,1445.0192142091648,11210.616829726065,2545018854.545219,2346252035.9809537,367.79347714939286,1178173342.14155,26163178.122504383,1152010164.0190456,0.32920908991918435,16.933906911635212,1690502652.698234,47387209.69767066,0.6628786949886751
0.0,84262200.00000001,discharging,84262200.0,0.0,84262200.0,0.0,597.0835984213256,0.0,0.6470170787170462,22,239,0.0,16.84,85326717.56374043,1.0,654.15,1445.0192143476208,11210.616829523566,2545018854.499248,2346252035.939966,367.7934771494927,1178173342.1828308,26163178.122796174,1152010164.0600348,0.3292090899308978,16.933906912055324,1695657856.8932161,47500691.688468575,0.6608751481598528
0.0,84262200.00000001,discharging,84262200.0,0.0,84262200.0,0.0,597.0835984213256,0.0,0.5715959926006682,23,239,0.0,16.56,85326717.56374043,1.0,654.15,1445.0192141620785,11210.616829411558,2545018854.47382,2346252035.9172955,367.7934771495479,1178173342.122734,26163178.040028997,1152010164.082705,0.32920908993737624,16.93390691228766,1697317003.0709114,47537214.62803572,0.6602329022088366
0.0,84262200.00000001,discharging,84262200.0,0.0,84262200.0,0.0,597.0835984213256,0.0,0.4961749064842902,0,240,0.0,16.38,85326717.56374043,1.0,654.15,1445.0192143110737,11210.616829227061,2545018854.4319363,2346252035.879955,367.7934771496391,1178173342.1597097,26163178.039665163,1152010164.1200445,0.3292090899480467,16.93390691267032,1698383597.042287,47560693.6606146,0.6598206885835146
0.0,84262200.00000001,discharging,84262200.0,0.0,84262200.0,0.0,597.0835984213256,0.0,0.4207538203679122,1,240,0.0,15.9,85326717.56374043,1.0,654.15,1445.0192143427264,11210.616829613966,2545018854.5197706,2346252035.9582624,367.7934771494482,1178173342.1646502,26163178.122913603,1152010164.0417366,0.3292090899256687,16.93390691186779,1701227847.6326222,47623304.41415828,0.6587239644114213
0.0,84262200.00000001,discharging,84262200.0,0.0,84262200.0,0.0,597.0835984213256,0.0,0.3453327342515342,2,240,0.0,15.45,85326717.56374043,1.0,654.15,1445.0192141584084,11210.616829414794,2545018854.474555,2346252035.9179487,367.79347714954656,1178173342.1221097,26163178.040058844,1152010164.0820508,0.3292090899371893,16.933906912280985,1703894332.5610614,47682001.99560547,0.6576990915863399
0.0,84262200.00000001,discharging,84262200.0,0.0,84262200.0,0.0,597.0835984213256,0.0,0.2699116481351562,3,240,0.0,15.01,85326717.56374043,1.0,654.15,1445.0192142054843,11210.616829643142,2545018854.5263944,2346252035.9641685,367.79347714943384,1178173342.1582646,26163178.12243216,1152010164.0358324,0.3292090899239815,16.93390691180728,1706501562.2688682,47739395.18635383,0.65670007255274
0.0,84262200.00000001,discharging,84262200.0,0.0,84262200.0,0.0,597.0835984213256,0.0,0.19449056201877823,4,240,0.0,14.63,85326717.56374043,1.0,654.15,1445.0192143426955,11210.616829613771,2545018854.5197268,2346252035.958227,367.79347714944834,1178173342.1646297,26163178.122859515,1152010164.0417702,0.3292090899256784,16.933906911868085,1708753260.6528835,47788962.03290925,0.6558397225888033
0.0,84262200.00000001,discharging,84262200.0,0.0,84262200.0,0.0,597.0835984213256,0.0,0.11906947590240027,5,240,0.0,14.29,85326717.56374043,1.0,654.15,1445.0192143444701,11210.61682949951,2545018854.493787,2346252035.9350977,367.7934771495047,1178173342.1884155,26163178.1235155,1152010164.0649,0.3292090899322881,16.93390691210517,1710767938.1543708,47833311.316669345,0.6550718444055504
62472502.38386269,84262200.00000001,direct_plus_discharge,84262200.00000001,0.0,21789697.616137326,0.0,154.40222378665467,0.0,0.09956603710829653,6,240,251.3616735525493,14.03,85223788.21390377,261.05107354755273,662.730083179199,1445.0192143427053,11210.616829613817,2545018854.519737,2346158982.1852384,367.7868026939405,1178163466.5877972,26060248.773031924,1152103217.8147652,0.3292453662710235,16.95533489885462,1712308573.8908029,48293870.4080584,0.6543801080962242
174951776.9669102,84262200.00000001,charging,84262200.00000001,90689576.9669102,0.0,642.6281174086424,0.0,0.0,0.18074011509675664,7,240,583.6294855751008,14.29,86188722.54794542,731.0632270760666,665.8880239543265,1445.0192141639982,11210.616829436745,2545018854.4795384,2347031348.026517,367.84937715347485,1178256034.9970212,27025183.023481574,1151230851.9735396,0.3289053657471094,16.756462219562447,1710767938.1543708,48984139.317776546,0.6542005926353344
206040811.18802595,84262200.00000001,charging,84262200.00000001,121778611.18802594,0.0,862.9256223893753,0.0,0.0,0.2897412463459409,8,240,696.9614461346141,17.1,86530599.10092296,860.973594826523,665.8890562981516,1445.019214300552,11210.616829209195,2545018854.4278803,2347340434.1336093,367.8715490619879,1178288825.4439342,27367059.577544384,1150921765.8663898,0.32878494653410334,16.68706552845876,1694117221.1567845,48813345.526181184,0.6603371286652862
207312658.33370495,84262200.00000001,charging,84262200.00000001,123050458.33370493,0.0,871.9379561568762,0.0,0.0,0.3998807776499674,9,240,747.2461916851703,18.97,86544585.21303698,866.2882060570419,665.8890983579594,1445.0192143024692,11210.616829320428,2545018854.453132,2347353078.8923917,367.8724561305042,1178290166.7966373,27381045.689029664,1150909121.1076076,0.32878002067714424,16.6842381932899,1683036494.8986044,48578196.67360193,0.6646450429816165
203696488.5297884,84262200.00000001,charging,84262200.00000001,119434288.52978839,0.0,846.3137061488651,0.0,0.0,0.5067835615845608,10,240,793.8924662870717,20.8,86504819.30526094,851.1774777618599,665.8889787361828,1445.019214165248,11210.616829349723,2545018854.4597826,2347317126.862522,367.869877118637,1178286352.9182844,27341279.780804504,1150945073.13748,0.32879402616160547,16.69227938731278,1672192789.5229518,48318135.86886823,0.6689553993244013
185005891.93769306,84262200.00000001,charging,84262200.00000001,100743691.93769304,0.0,713.8717728757052,0.0,0.0,0.5969568381583341,11,240,772.4850433031744,22.56,86299284.55974078,773.075911161719,665.8883587042235,1445.01921429931,11210.616829296356,2545018854.447667,2347131305.297946,367.8565473921632,1178266639.7384973,27135745.0364454,1151130894.7020519,0.32886642001723526,16.733959359352447,1661763870.6917236,47975200.49432718,0.6732786973766174
179942052.25792107,84262200.00000001,charging,84262200.00000001,95679852.25792105,0.0,677.9893057928739,0.0,0.0,0.6825975925742762,12,240,766.9098982964833,24.11,86243599.07132933,751.9158689954131,665.8881902116159,1445.019214160316,11210.616829439856,2545018854.480244,2347080960.945706,367.85293602901834,1178261298.601211,27080059.546915025,1151181239.054296,0.328886035063309,16.745285903690398,1652579311.4937668,47743483.53121723,0.6770368793634746
197340247.87382725,84262200.00000001,charging,84262200.00000001,113078047.87382723,0.0,801.2732604532482,0.0,0.0,0.7838110570525813,13,240,806.5426929627857,25.31,86434921.6805756,824.6169369855411,665.8887682076405,1445.0192143061497,11210.616829231263,2545018854.43289,2347253933.074806,367.8653439490471,1178279649.081695,27271382.1565029,1151008266.925192,0.3288186447336057,16.706431544562776,1645468685.017929,47693666.44928096,0.6797979330970747
211280874.6833371,84262200.00000001,charging,84262200.00000001,127018674.68333708,0.0,900.0568148782565,0.0,0.0,0.8975024441950978,14,240,800.0399377340522,26.09,86588222.4684646,882.870015631041,665.889229499218,1445.0192142993064,11210.616829296272,2545018854.447648,2347392531.031433,367.8752862323084,1178294351.9137144,27424682.945147723,1150869668.9685667,0.3287646520609679,16.675422659605847,1640846777.808635,47676856.2177303,0.6815833937865963
226386716.15069103,84262200.00000001,charging,84262200.00000001,114512664.71311499,0.0,811.4389834554694,0.0,27611851.43757604,0.9999999999999992,15,240,787.5428072262483,26.37,86450697.72098315,830.6117067119767,665.8888157540435,1445.0192142091553,11210.616829639961,2545018854.525672,2347268196.1098013,367.8663670913835,1178281162.16986,27287158.279657185,1150994003.8902028,0.32881308816592486,16.703235372838652,1639187631.630939,47564757.05224376,0.6823728317282912
226176561.3386532,84262200.00000001,charging,84262200.00000001,0.0,0.0,0.0,0.0,141914361.3386532,0.9999999999999992,16,240,740.8449564918305,26.1,85191437.14657791,352.10271607689896,665.8842124693875,1445.0192142042245,11210.61682973014,2545018854.546144,2346129735.1360703,367.7847049056064,1178160362.5692365,26027897.705307268,1152132464.8639293,0.329256768473187,16.96208048570698,1640787522.5880024,46906196.12611229,0.6826667967584548
183973196.4336155,84262200.00000001,charging,84262200.00000001,0.0,0.0,0.0,0.0,99710996.43361549,0.9999999999999992,17,240,602.5738237149125,25.22,85191437.14657806,352.102716076899,665.8842124693875,1445.0192143042382,11210.616829292167,2545018854.4467163,2346129735.0474205,367.7847049058223,1178160362.5758643,26027897.623285364,1152132464.952579,0.32925676849852137,16.962080486616998,1646001982.0036168,47018780.961861774,0.6805188041134919
79148934.05765454,84262200.00000001,direct_plus_discharge,84262200.00000001,0.0,5113265.94234547,0.0,36.232702546822225,0.0,0.9954232375730322,18,240,296.7089972095202,23.83,85197014.70651844,330.73613858042256,665.3256012373005,1445.0192143513013,11210.616829520415,2545018854.498533,2346134777.5000334,367.78506657911885,1178160897.765538,26033475.265572175,1152127422.499966,0.32925480264694273,16.960917132311003,1654238457.6714623,47167801.069634065,0.677161857481615
0.0,84262200.00000001,discharging,84262200.0,0.0,84262200.0,0.0,597.0835984213256,0.0,0.9200021514566542,19,240,0.0,21.99,85326717.56373784,1.0,654.1499999999977,1445.0192143024599,11210.616829320319,2545018854.4531074,2346252035.898825,367.7934771495929,1178173342.1408756,26163178.03970339,1152010164.1011722,0.32920908994265385,16.933906912477454,1665141418.2677464,46828930.478571326,0.6729147878903355
0.0,84262200.00000001,discharging,84262200.0,0.0,84262200.0,0.0,597.0835984213256,0.0,0.8445810653402762,20,240,0.0,20.82,85326717.56374043,1.0,654.15,1445.0192141571672,11210.616829329812,2545018854.4552627,2346252035.9007497,367.7934771495885,1178173342.1392422,26163178.039991092,1152010164.099251,0.3292090899421046,16.93390691245725,1672074279.081688,46981544.190335594,0.6701412185129237
0.0,84262200.00000001,discharging,84262200.0,0.0,84262200.0,0.0,597.0835984213256,0.0,0.7691599792238982,21,240,0.0,19.95,85326717.56374043,1.0,654.15,1445.0192143476363,11210.61682960969,2545018854.5188,2346252035.9573984,367.7934771494504,1178173342.1654906,26163178.12288984,1152010164.0426009,0.32920908992591574,16.933906911876644,1677229483.2766702,47095026.18113351,0.6680935970717244
0.0,84262200.00000001,discharging,84262200.0,0.0,84262200.0,0.0,597.0835984213256,0.0,0.6937388931075202,22,240,0.0,19.47,85326717.56374043,1.0,654.15,1445.0192143426843,11210.616829613698,2545018854.51971,2346252035.958212,367.79347714944845,1178173342.164626,26163178.12283744,1152010164.0417883,0.32920908992568354,16.933906911868284,1680073733.8670053,47157636.93467718,0.6669692222571727
0.0,84262200.00000001,discharging,84262200.0,0.0,84262200.0,0.0,597.0835984213256,0.0,0.6183178069911422,23,240,0.0,18.66,85326717.56374043,1.0,654.15,1445.0192141584043,11210.616829328726,2545018854.455016,2346252035.900529,367.79347714958897,1178173342.1394534,26163178.039982833,1152010164.0994706,0.32920908994216735,16.933906912459502,1684873406.7381954,47263292.58128214,0.6650803972642995
0.0,84262200.00000001,discharging,84262200.0,0.0,84262200.0,0.0,597.0835984213256,0.0,0.5428967208747643,0,241,0.0,18.03,85326717.56374043,1.0,654.15,1445.0192143073932,11210.616829316237,2545018854.452181,2346252035.8980045,367.7934771495952,1178173342.141729,26163178.03973327,1152010164.101996,0.329209089942889,16.933906912485345,1688606485.6380107,47345469.19530822,0.6636186911132622
0.0,84262200.00000001,discharging,84262200.0,0.0,84262200.0,0.0,597.0835984213256,0.0,0.4674756347583863,1,241,0.0,17.56,85326717.56374043,1.0,654.15,1445.0192142005485,11210.616829647219,2545018854.5273194,2346252035.9649963,367.79347714943174,1178173342.1574044,26163178.122399855,1152010164.0350046,0.3292090899237449,16.93390691179876,1691391481.0077133,47406775.558153056,0.6625323896460704
0.0,84262200.00000001,discharging,84262200.0,0.0,84262200.0,0.0,597.0835984213256,0.0,0.39205454864200834,2,241,0.0,17.24,85326717.56374043,1.0,654.15,1445.0192143444729,11210.616829585595,2545018854.51333,2346252035.952522,367.79347714946226,1178173342.171073,26163178.123595268,1152010164.0474777,0.3292090899273094,16.93390691192662,1693287648.067937,47448516.06051551,0.6617948128998994
0.0,84262200.00000001,discharging,84262200.0,0.0,84262200.0,0.0,597.0835984213256,0.0,0.31663346252563035,3,241,0.0,16.96,85326717.56374043,1.0,654.15,1445.0192143476283,11210.61682960961,2545018854.5187817,2346252035.9573817,367.7934771494504,1178173342.1654856,26163178.12286666,1152010164.042619,0.3292090899259209,16.93390691187683,1694946794.2456324,47485039.000082664,0.6611507790790943
0.0,84262200.00000001,discharging,84262200.0,0.0,84262200.0,0.0,597.0835984213256,0.0,0.24121237640925236,4,241,0.0,16.68,85326717.56374043,1.0,654.15,1445.0192142042317,11210.616829644157,2545018854.5266247,2346252035.964376,367.7934771494332,1178173342.1580439,26163178.122418582,1152010164.0356252,0.3292090899239223,16.933906911805128,1696605940.4233277,47521561.93964979,0.6605079975373702
0.0,84262200.00000001,discharging,84262200.0,0.0,84262200.0,0.0,597.0835984213256,0.0,0.16579129029287437,5,241,0.0,16.37,85326717.56374043,1.0,654.15,1445.0192141973837,11210.616829709164,2545018854.5413823,2346252035.977532,367.79347714940127,1178173342.1456428,26163178.12317467,1152010164.022468,0.3292090899201624,16.933906911670302,1698442852.2629192,47561998.05131342,0.6597978028612796
72702824.19539642,84262200.00000001,direct_plus_discharge,84262200.00000001,0.0,11559375.804603593,0.0,81.90996319722389,0.0,0.15544476862585663,6,241,281.2328898620014,15.1,85207363.7412157,303.80006533962285,664.3057356134,1445.019214307399,11210.616829230225,2545018854.432654,2346144133.5133333,367.785737656637,1178161890.7038164,26043824.21714687,1152118066.4866695,0.3292511551115593,16.958758959943836,1705968265.2831805,48234895.67163549,0.6567757327831798
168958699.41627747,84262200.00000001,charging,84262200.00000001,84696499.41627745,0.0,600.1610525853899,0.0,0.0,0.23125458579453748,7,241,564.3500972724893,17.06,86122818.51624571,706.0202198529313,665.8878240081365,1445.0192143476277,11210.616829609628,2545018854.5187855,2346971765.4810214,367.84510314847876,1178249713.5943565,26959279.075375766,1151290434.5189807,0.3289285817138925,16.7699032510551,1694354242.0393124,48588413.68037313,0.6605440693879838
196000057.27323115,84262200.00000001,charging,84262200.00000001,111737857.27323113,0.0,791.776643626553,0.0,0.0,0.3312684776210494,8,241,665.2598632459452,19.93,86420184.0164963,819.0167419926426,665.8887237750921,1445.0192143395502,11210.616829589755,2545018854.514274,2347240608.986898,367.86438815116287,1178278235.5894449,27256644.576343358,1151021591.0131016,0.3288238355694721,16.709418397372794,1677347993.7179341,48383757.46768238,0.6669759597471182
214497778.01024348,84262200.00000001,charging,84262200.00000001,130235578.01024346,0.0,922.8518548155332,0.0,0.0,0.4478392382293273,9,241,771.6614266822957,22.16,86623597.76552606,896.3123468158581,665.8893357144336,1445.019214160327,11210.616829353898,2545018854.46073,2347424513.6485014,367.8775805142911,1178297744.5925667,27460058.24106519,1150837686.3515015,0.3287521934909225,16.668282711946006,1664134079.5170026,48207582.84513121,0.6720841474848827
201679903.47902954,84262200.00000001,charging,84262200.00000001,117417703.47902952,0.0,832.0241450095908,0.0,0.0,0.552937024967381,10,241,788.6274380217541,23.97,86482643.5393235,842.7508632944918,665.8889119805207,1445.0192143061417,11210.616829317225,2545018854.452405,2347297077.9455886,367.86843891814385,1178284226.0697088,27319104.015296146,1150965122.0544126,0.32880183656350787,16.696766832715678,1653408884.5826142,47894040.26617652,0.6765198044649859
191223687.28042758,84262200.00000001,charging,84262200.00000001,106961487.28042756,0.0,757.9311923720783,0.0,0.0,0.6486757018985908,11,241,799.4328965253436,25.66,86367659.74386913,799.05793665105,665.8885652967859,1445.0192143005518,11210.616829209212,2545018854.427884,2347193122.343455,367.86098175163073,1178273197.8770397,27204120.220494237,1151069077.6565454,0.3288423358764468,16.720071678677904,1643394752.2958097,47611144.38523229,0.6807008064937933
185330195.82971886,84262200.00000001,charging,84262200.00000001,101067995.82971884,0.0,716.1697966020357,0.0,0.0,0.7391392551535848,12,241,792.0033372922225,26.94,86302850.82995518,774.4310654446191,665.8883694876198,1445.0192141652394,11210.616829435698,2545018854.4793,2347134529.5385504,367.8567786757395,1178266981.767,27139311.3055493,1151127670.4614506,0.32886516382104114,16.73323447020361,1635810084.0549164,47409511.20684473,0.6838844282123725
207678190.43316677,84262200.00000001,charging,84262200.00000001,123415990.43316676,0.0,874.5281237680372,0.0,0.0,0.8496059655242842,13,241,850.2457895993972,27.87,86548604.85717586,867.8156388208886,665.8891104435462,1445.0192143061547,11210.61682931735,2545018854.4524336,2347356713.022155,367.8727168246008,1178290552.3110282,27385065.33318408,1150905486.9778442,0.3287786049823473,16.68342577908092,1630299348.536142,47423680.563469715,0.6859925428784892
217668329.3707343,84262200.00000001,charging,84262200.00000001,133406129.37073429,0.0,945.3184438115658,0.0,0.0,0.9690146110583767,14,241,826.5237773616437,28.36,86658463.34425606,909.5609890954258,665.8894403145764,1445.0192141534794,11210.616829332872,2545018854.455957,2347456035.452546,367.8798417478912,1178301088.3679407,27494923.820486203,1150806164.5474544,0.3287399146753848,16.661251346124082,1627395842.7251751,47420127.81729052,0.6871239496090505
219472210.54544815,84262200.00000001,charging,84262200.00000001,34617600.65412008,0.0,245.3009957878438,0.0,100592409.89132804,0.9999999999999991,15,241,768.0180655306063,28.4,85572116.26005472,496.7577478038591,665.8861412257286,1445.0192143061472,11210.616829317285,2545018854.4524183,2346473891.038415,367.8093903692596,1178196885.6976285,26408576.736037772,1151788308.9615908,0.32912261004996557,16.883027368372364,1627158821.8426473,46820338.65026646,0.6880541503410589
219313348.9393017,84262200.00000001,charging,84262200.00000001,0.0,0.0,0.0,0.0,135051148.93930167,0.9999999999999991,16,241,721.1281879062215,28.01,85191437.14657795,352.10271607689907,665.8842124693875,1445.0192143476374,11210.616829523635,2545018854.499264,2346129735.094269,367.7847049057083,1178160362.6113873,26027897.705655202,1152132464.9057322,0.32925676848513347,16.96208048613615,1629469775.4472945,46661835.85761077,0.6873758940735994
181657061.93057466,84262200.00000001,charging,84262200.00000001,0.0,0.0,0.0,0.0,97394861.93057464,0.9999999999999991,17,241,595.198637889787,27.2,85191437.14657806,352.102716076899,665.8842124693875,1445.019214153458,11210.616829418805,2545018854.4754653,2346129735.073055,367.78470490575995,1178160362.5497887,26027897.62284362,1152132464.9269452,0.32925676849119573,16.962080486353837,1634269448.318485,46765465.08142562,0.6853709317653286
68440472.32030113,84262200.00000001,direct_plus_discharge,84262200.00000001,0.0,15821727.679698884,0.0,112.11307200900167,0.0,0.985838348798862,18,241,263.8575522275488,25.9,85214206.81841575,285.9891646973833,663.6429667308303,1445.0192141603154,11210.616829439883,2545018854.4802504,2346150320.05946,367.7861813925169,1178162547.2345486,26050667.29400937,1152111879.9405391,0.3292487432451504,16.9573322017938,1641972627.0006425,46815082.85183402,0.6822123782752904
0.0,84262200.00000001,discharging,84262200.0,0.0,84262200.0,0.0,597.0835984213256,0.0,0.910417262682484,19,241,0.0,24.08,85326717.56374042,1.0,654.15,1445.0192143024676,11210.61682923437,2545018854.433595,2346252035.8814297,367.7934771496356,1178173342.158229,26163178.03965983,1152010164.1185694,0.3292090899476252,16.933906912655264,1652757077.1556628,46556312.822518125,0.6779268444023507
0.0,84262200.00000001,discharging,84262200.0,0.0,84262200.0,0.0,597.0835984213256,0.0,0.834996176566106,20,241,0.0,22.74,85326717.56374043,1.0,654.15,1445.0192143444888,11210.61682958569,2545018854.5133514,2346252035.952545,367.7934771494622,1178173342.1710775,26163178.123622417,1152010164.047455,0.3292090899273029,16.933906911926336,1660697276.720348,46731101.17616089,0.6747048244955908
0.0,84262200.00000001,discharging,84262200.0,0.0,84262200.0,0.0,597.0835984213256,0.0,0.759575090449728,21,241,0.0,21.22,85326717.56374043,1.0,654.15,1445.0192143513088,11210.61682952045,2545018854.498541,2346252035.93933,367.7934771494943,1178173342.1834726,26163178.122804288,1152010164.0606682,0.32920908993107884,16.93390691206188,1669704070.256409,46929368.56238252,0.6710868715532897
0.0,84262200.00000001,discharging,84262200.0,0.0,84262200.0,0.0,597.0835984213256,0.0,0.68415400433335,22,241,0.0,21.25,85326717.56374043,1.0,654.15,1445.0192142005565,11210.616829733319,2545018854.546866,2346252035.9824195,367.7934771493892,1178173342.1400647,26163178.12248448,1152010164.0175803,0.32920908991876563,16.933906911620227,1669526304.5945127,46925455.39028606,0.6711579031080854
0.0,84262200.00000001,discharging,84262200.0,0.0,84262200.0,0.0,597.0835984213256,0.0,0.6087329182169721,23,241,0.0,20.29,85326717.56374043,1.0,654.15,1445.0192143042252,11210.616829292063,2545018854.4466925,2346252035.893109,367.79347714960716,1178173342.1473095,26163178.040417507,1152010164.106892,0.3292090899442882,16.93390691253557,1675214805.775183,47050676.89737339,0.6688923256588988
0.0,84262200.00000001,discharging,84262200.0,0.0,84262200.0,0.0,597.0835984213256,0.0,0.5333118321005941,0,242,0.0,19.56,85326717.56374043,1.0,654.15,1445.0192143463692,11210.616829524579,2545018854.499478,2346252035.94017,367.79347714949233,1178173342.1826131,26163178.122783463,1152010164.0598297,0.3292090899308392,16.93390691205324,1679540436.8813176,47145897.41838774,0.6671797541775601
0.0,84262200.00000001,discharging,84262200.0,0.0,84262200.0,0.0,597.0835984213256,0.0,0.45789074598421614,1,242,0.0,18.89,85326717.56374043,1.0,654.15,1445.0192142054857,11210.616829729195,2545018854.5459294,2346252035.9815874,367.79347714939126,1178173342.1409168,26163178.122503545,1152010164.0184133,0.32920908991900366,16.93390691162874,1683510536.6636603,47233291.59520913,0.6656156417887314
0.0,84262200.00000001,discharging,84262200.0,0.0,84262200.0,0.0,597.0835984213256,0.0,0.38246965986783815,2,242,0.0,18.31,85326717.56374043,1.0,654.15,1445.019214339536,11210.616829503668,2545018854.494731,2346252035.9359374,367.79347714950256,1178173342.187566,26163178.123503946,1152010164.064062,0.32920908993204867,16.93390691209661,1686947339.4603148,47308946.25574107,0.6642675442795984
0.0,84262200.00000001,discharging,84262200.0,0.0,84262200.0,0.0,597.0835984213256,0.0,0.30704857375146016,3,242,0.0,17.75,85326717.56374043,1.0,654.15,1445.019214168938,11210.616829432658,2545018854.4786105,2346252035.9215646,367.7934771495378,1178173342.1177988,26163178.03936304,1152010164.0784357,0.3292090899361562,16.933906912243934,1690265631.8157058,47381992.13487535,0.6629711042675698
0.0,84262200.00000001,discharging,84262200.0,0.0,84262200.0,0.0,597.0835984213256,0.0,0.2316274876350822,4,242,0.0,17.16,85326717.56374043,1.0,654.15,1445.0192143110742,11210.616829313101,2545018854.451469,2346252035.897367,367.7934771495967,1178173342.142367,26163178.03973367,1152010164.1026332,0.32920908994307113,16.933906912491917,1693761689.8329926,47458951.186106116,0.6616106752722541
0.0,84262200.00000001,discharging,84262200.0,0.0,84262200.0,0.0,597.0835984213256,0.0,0.1562064015187042,5,242,0.0,16.31,85326717.56374043,1.0,654.15,1445.0192142956262,11210.61682921336,2545018854.428826,2346252035.877178,367.793477149646,1178173342.1631756,26163178.040353816,1152010164.1228218,0.3292090899488404,16.933906912698834,1698798383.586711,47569824.39550638,0.6596605222525629
52475970.17774046,84262200.00000001,direct_plus_discharge,84262200.00000001,0.0,31786229.822259553,0.0,225.23784665629412,0.0,0.1277553050989618,6,242,220.19701286871518,15.79,85239837.34443714,219.2790080054018,661.2391882850213,1445.0192142042197,11210.616829730106,2545018854.546137,2346173491.4815836,367.7878433945387,1178165006.4215744,26076297.903157372,1152088708.518417,0.32923970978586414,16.95199036151645,1701879655.0595737,47992803.23234899,0.6583843885645176
168411209.42055002,84262200.00000001,charging,84262200.00000001,84149009.42055,0.0,596.2815277599211,0.0,0.0,0.20307507702653077,7,242,562.3266553048254,17.64,86116797.93705222,703.7324477021855,665.8878057270896,1445.0192142091598,11210.61682963998,2545018854.5256763,2346966322.4025517,367.84471270386996,1178249136.0931857,26953258.495735053,1151295877.5974505,0.3289307026199861,16.771132164783733,1690917439.242658,48510006.7377872,0.6618820924424998
186169967.55704674,84262200.00000001,charging,84262200.00000001,101907767.55704673,0.0,722.1204354983074,0.0,0.0,0.29429028993158013,8,242,635.1209418612048,20.23,86312085.54150769,777.9401822974515,665.8883974066558,1445.019214335863,11210.616829592864,2545018854.5149803,2347142878.53888,367.85737757571167,1178267867.5624678,27148546.101347733,1151119321.4611201,0.3288619109753006,16.731357678026008,1675570337.0989747,48284332.3102056,0.6677589137230723
191926083.3530224,84262200.00000001,charging,84262200.00000001,107663883.3530224,0.0,762.9083846901275,0.0,-1.4901161193847656e-08,0.3906576648398068,9,242,698.4788887736407,22.18,86375383.77757348,801.9930079513766,665.888588614101,1445.0192143513025,11210.616829606462,2545018854.518067,2347200105.625174,367.8614826831649,1178273938.7115219,27211844.336695757,1151062094.3748262,0.32883961523366967,16.718504231675034,1664015569.0757387,48066810.05036397,0.6723170032053961
196727043.04852986,84262200.00000001,charging,84262200.00000001,112464843.04852985,0.0,796.9280790592437,0.0,0.0,0.4913222642999218,10,242,774.2625367807528,23.76,86428178.45560338,822.0545651925119,665.8887478793836,1445.0192143061483,11210.616829231218,2545018854.43288,2347247836.5982537,367.8649066231564,1178279002.3332644,27264638.931518987,1151014363.4017453,0.32882101980723266,16.70779805438192,1654653244.215886,47891124.710551366,0.6760554288094901
185912781.37103403,84262200.00000001,charging,84262200.00000001,101650581.37103401,0.0,720.2980091504464,0.0,0.0,0.5823072759820834,11,242,784.3006640057805,24.94,86309257.344075,776.8654897943774,665.8883888568813,1445.0192141937132,11210.616829712337,2545018854.5421023,2347140321.6305947,367.8571941580939,1178267596.2729254,27145717.90352036,1151121878.369405,0.32886290717147665,16.731932416248885,1647661128.1813123,47672262.08746452,0.6789944001438603
176233353.74355316,84262200.00000001,charging,84262200.00000001,91971153.74355315,0.0,651.7093955315869,0.0,0.0,0.6646284627860733,12,242,762.8755427365118,25.8,86202815.65376449,736.4184950837505,665.8880666718134,1445.019214351307,11210.616829520453,2545018854.498542,2347044089.3688893,367.8502911232446,1178257386.8439388,27039276.212827444,1151218110.6311114,0.3289004012803435,16.753590617825907,1642565179.2069619,47502119.50148767,0.6811670230593024
185184637.22940496,84262200.00000001,charging,84262200.00000001,100922437.22940494,0.0,715.1383655112667,0.0,0.0,0.754961730008549,13,242,771.6422974928282,26.76,86301250.16677004,773.8228261805259,665.8883646477751,1445.019214347619,11210.61682960959,2545018854.518777,2347133082.4376793,367.8566748676856,1178266828.288211,27137710.725889575,1151129117.5623214,0.32886572763057936,16.73355981717716,1636876678.026292,47431960.19020357,0.6834431002985564
220030889.0074442,84262200.00000001,charging,84262200.00000001,135768689.0074442,0.0,962.0595876384743,0.0,0.0,0.87648504634183,14,242,840.5746288606725,27.74,86684443.68636605,919.4333122127811,665.8895182035734,1445.0192141937123,11210.616829712364,2545018854.5421085,2347479524.2598195,367.8815267287215,1178303579.9860013,27520904.245817587,1150782675.7401836,0.32873076515527394,16.656015548596457,1631069666.404358,47515059.65527993,0.6855672268873593
31050574.609646417,84262200.00000001,direct_plus_discharge,84262200.00000001,0.0,53211625.3903536,0.0,377.0586190002148,0.0,0.8288565892049607,15,242,164.25686699612945,27.19,85274235.1699058,129.74965827862198,658.1958339945064,1445.0192143110828,11210.616829227143,2545018854.431955,2346204588.8804436,367.7900739174463,1178168306.7654076,26110695.64586509,1152057611.1195424,0.3292275865494162,16.944826313765944,1634328703.5391169,46362922.65749134,0.6854663836974303
92550106.60615894,84262200.00000001,charging,84262200.00000001,8287906.606158927,0.0,58.728268426236774,0.0,0.0,0.8362748967956433,16,242,338.45854568529336,26.23,85282576.70794906,386.73502364328385,665.8852477851208,1445.0192141689256,11210.616829432576,2545018854.4785914,2346212130.130336,367.7906148247341,1178169107.0532126,26119037.18354807,1152050069.8696647,0.3292246466569982,16.943089888414175,1640017204.7197871,46939787.31630773,0.6829160881447147
0.0,84262200.00000001,discharging,84262200.0,0.0,84262200.0,0.0,597.0835984213256,0.0,0.7608538106792653,17,242,58.437596625885206,25.38,85326717.56374043,1.0,654.15,1445.0192143042316,11210.616829206083,2545018854.4271736,2346252035.875708,367.7934771496497,1178173342.16466,26163178.04036666,1152010164.1242933,0.3292090899492609,16.93390691271388,1645053898.4735053,46386742.031670675,0.681082230459017
50045582.14538731,84262200.00000001,direct_plus_discharge,84262200.00000001,0.0,34216617.85461271,0.0,242.4596238223015,0.0,0.7302273318806587,18,242,209.42571977814768,24.58,85243739.25901896,209.12325338099922,660.8837411934186,1445.0192143024697,11210.616829320385,2545018854.453122,2346177018.939386,367.78809641343116,1178165380.7956161,26080199.73499951,1152085181.0606167,0.329238334596428,16.951177418380198,1649794316.1240637,46841192.92952778,0.6790410638660197
0.0,84262200.00000001,discharging,84262200.0,0.0,84262200.0,0.0,597.0835984213256,0.0,0.6548062457642807,19,242,0.0,21.85,85326717.56374015,1.0,654.15,1445.0192142091717,11210.616829726112,2545018854.54523,2346252035.9809637,367.79347714939286,1178173342.1415553,26163178.12251785,1152010164.0190375,0.329209089919182,16.93390691163518,1665970991.356594,46847191.9483563,0.6725816991247654
0.0,84262200.00000001,discharging,84262200.0,0.0,84262200.0,0.0,597.0835984213256,0.0,0.5793851596479027,20,242,0.0,20.41,85326717.56374043,1.0,654.15,1445.0192141571597,11210.61682932979,2545018854.4552574,2346252035.900745,367.7934771495885,1178173342.1392388,26163178.039983813,1152010164.099255,0.32920908994210574,16.933906912457292,1674503743.127599,47035024.20898748,0.6691746860174076
0.0,84262200.00000001,discharging,84262200.0,0.0,84262200.0,0.0,597.0835984213256,0.0,0.5039640735315248,21,242,0.0,19.58,85326717.56374043,1.0,654.15,1445.019214302461,11210.616829320365,2545018854.4531174,2346252035.8988395,367.7934771495932,1178173342.1408756,26163178.039715085,1152010164.1011605,0.3292090899426503,16.93390691247679,1679421926.4400537,47143288.63699009,0.6672265571212466
0.0,84262200.00000001,discharging,84262200.0,0.0,84262200.0,0.0,597.0835984213256,0.0,0.4285429874151468,22,242,0.0,18.86,85326717.56374043,1.0,654.15,1445.0192143073946,11210.616829230177,2545018854.4326434,2346252035.880584,367.7934771496376,1178173342.159078,26163178.039661232,1152010164.1194167,0.32920908994786735,16.933906912663915,1683688302.3255558,47237204.76730561,0.6655457784860138
0.0,84262200.00000001,discharging,84262200.0,0.0,84262200.0,0.0,597.0835984213256,0.0,0.3531219012987688,23,242,0.0,18.4,85326717.56374043,1.0,654.15,1445.0192142956262,11210.616829299408,2545018854.44836,2346252035.894595,367.7934771496034,1178173342.145828,26163178.040423427,1152010164.1054046,0.3292090899438631,16.933906912520317,1686414042.4746273,47297206.739451624,0.6644763738065556
0.0,84262200.00000001,discharging,84262200.0,0.0,84262200.0,0.0,597.0835984213256,0.0,0.2777008151823908,0,243,0.0,17.88,85326717.56374043,1.0,654.15,1445.0192141603152,11210.616829439856,2545018854.480244,2346252035.923024,367.79347714953417,1178173342.116304,26163178.0393257,1152010164.0769782,0.3292090899357397,16.933906912228966,1689495313.94749,47365035.0557906,0.6632716123308785
0.0,84262200.00000001,discharging,84262200.0,0.0,84262200.0,0.0,597.0835984213256,0.0,0.20227972906601285,1,243,0.0,17.32,85326717.56374043,1.0,654.15,1445.0192143463746,11210.616829524592,2545018854.4994807,2346252035.940172,367.79347714949233,1178173342.1826177,26163178.1227881,1152010164.0598295,0.32920908993083914,16.93390691205324,1692813606.302881,47438080.9349249,0.6619790530922249
0.0,84262200.00000001,discharging,84262200.0,0.0,84262200.0,0.0,597.0835984213256,0.0,0.1268586429496349,2,243,0.0,16.93,85326717.56374043,1.0,654.15,1445.019214340792,11210.616829588716,2545018854.514038,2346252035.9531546,367.79347714946067,1178173342.1704376,26163178.123591337,1152010164.0468462,0.3292090899271289,16.933906911920133,1695124559.9075282,47488952.17217913,0.6610818497969693
0.0,84262200.00000001,discharging,84262200.0,0.0,84262200.0,0.0,597.0835984213256,0.0,0.05143755683325692,3,243,0.0,16.41,85326717.56374043,1.0,654.15,1445.0192142042388,11210.616829644208,2545018854.526636,2346252035.9643865,367.79347714943333,1178173342.1580482,26163178.122434247,1152010164.035614,0.3292090899239191,16.933906911805003,1698205831.3803911,47556780.48851811,0.6598893550609042
0.0,84262200.00000001,discharging,57467240.58981782,0.0,57467240.58981782,0.0,407.2139915966173,0.0,0.0,4,243,0.0,15.91,58194083.723204166,1.0,654.15,1445.0192143024658,11210.61682932041,2545018854.453128,2321733667.654076,366.0370498654154,1175559076.5451088,25825503.609401036,1149733572.9357078,0.33112595241302245,24.74519304161096,1701168592.4119902,32478908.547740746,0.6631876274151615
0.0,84262200.00000001,shutdown,0.0,0.0,0.0,0.0,0.0,0.0,0.0,5,243,0.0,15.42,0.0,1.0,567.279923475184,1445.0192141937086,11210.61682971229,2545018854.542092,2259509895.6722627,362.89907080586624,1179588764.8871613,25103923.827622462,1154484841.0595388,0.33816193352651985,,1704072098.222957,0.0,0.6774859128692151
46766492.03677662,84262200.00000001,direct_partial,46766492.03677662,0.0,0.0,0.0,0.0,0.0,0.0,6,243,203.1601117214117,14.95,47283400.40849258,195.42106505096845,665.6710570907834,1445.0192143476206,11210.616829523551,2545018854.4992447,2311880576.1833835,365.3325192690216,1174501484.784203,25615568.93076902,1148885915.853434,0.3319248333487646,30.414872329530834,1706857093.5926602,26819317.566704087,0.6626876321661075
162966584.93788344,84262200.00000001,charging,84262200.00000001,78704384.93788342,0.0,557.7008121108707,0.0,0.0,0.07044641837189947,7,243,546.3520183012969,16.27,86056925.07521048,680.9812369770242,665.8876237887102,1445.0192143024583,11210.616829320305,2545018854.453104,2346912192.5457397,367.8408298646695,1178243393.0054293,26893385.551169697,1151350007.4542596,0.3289517948138855,16.78336270238507,1699035404.469239,48653323.67839219,0.6587843641210476
196264778.28287366,84262200.00000001,charging,84262200.00000001,112002578.28287365,0.0,793.65246188213,0.0,0.0,0.17069725566227378,8,243,667.6822497206181,18.92,86423095.07206808,820.1229199288672,665.8887325528244,1445.019214202326,11210.616829619066,2545018854.5209284,2347243240.8457394,367.8645769448558,1178278514.7857337,27259555.63147195,1151018959.1542618,0.3288228102410472,16.708828338651614,1683332771.0017643,48516471.722353235,0.6646184498968069
202346205.60596234,84262200.00000001,charging,84262200.00000001,118084005.60596232,0.0,836.7455749222304,0.0,0.0,0.2763914335471871,9,243,735.3728990094438,21.33,86489970.65899985,845.5351104257186,665.8889340411107,1445.0192142042306,11210.616829730183,2545018854.546154,2347303702.4105015,367.8689141149523,1178284928.8072407,27326431.21774518,1150958497.5894957,0.32879925588611725,16.695283875513887,1669052262.8294573,48240999.610488884,0.6702166268061887
198578423.7497617,84262200.00000001,charging,84262200.00000001,114316223.74976169,0.0,810.0469989443085,0.0,0.0,0.37871315972962605,10,243,784.6513629077735,23.39,86448537.5200884,829.7908475753122,665.8888092445745,1445.0192143513084,11210.616829606515,2545018854.5180793,2347266243.087677,367.86622699317553,1178280954.9915485,27284998.07922627,1150995956.9123223,0.32881384901826083,16.7036729531704,1656845687.3792691,47950444.50469527,0.6751516708571837
179799829.5241854,84262200.00000001,charging,84262200.00000001,95537629.52418537,0.0,676.9815127179694,0.0,0.0,0.46422661396768533,11,243,765.5607504792046,25.04,86242035.09164381,751.3215691689641,665.8881854762086,1445.0192143395343,11210.616829503628,2545018854.494722,2347079546.9903073,367.85283460078574,1178261148.6610894,27078495.65139755,1151182653.009692,0.32888658597563286,16.74560423143613,1647068575.9749925,47622169.16687725,0.6792877439791066
125337188.8122975,84262200.00000001,charging,84262200.00000001,41074988.81229748,0.0,291.05817466387384,0.0,0.0,0.500991857083122,12,243,568.3481502095847,26.38,85643126.17272195,523.7409491593272,665.8863594230539,1445.0192143476343,11210.616829609657,2545018854.518792,2346538088.651602,367.813995194134,1178203698.0802598,26479586.731862035,1151724111.3483977,0.3290975879040403,16.86835896937486,1639128376.4103074,47119006.824877456,0.6830101696814695
43102193.94520567,84262200.00000001,direct_plus_discharge,84262200.00000001,0.0,41160006.05479434,0.0,291.660608508206,0.0,0.46415051706103283,13,243,239.07803625843,27.25,85254886.65907377,180.10922521581668,659.8829458956762,1445.019214165254,11210.616829349723,2545018854.4597826,2346187096.797277,367.78881926449014,1178166450.337344,26091347.134611886,1152075103.202732,0.32923440575735824,16.94885532432931,1633973172.215325,46444112.5487899,0.6855887008829786
157249921.91856444,84262200.00000001,charging,84262200.00000001,72987721.91856442,0.0,517.192426066629,0.0,0.0,0.5294800866694491,14,243,623.0558921870888,27.88,85994060.68920273,657.0932708902311,665.8874324879172,1445.0192143444747,11210.61682958559,2545018854.5133286,2346855358.3479733,367.83675305095676,1178237362.901083,26830521.24905568,1151406841.6520274,0.32897394158014587,16.796222658671905,1630240093.3155103,47118432.728255406,0.6864405097506178
147339741.44003156,84262200.00000001,charging,84262200.00000001,63077541.44003154,0.0,446.9686932288062,0.0,0.0,0.5859392900246667,15,243,540.1247552261415,27.77,85885081.48071872,615.6820394803736,665.887100194644,1445.0192143426946,11210.616829613782,2545018854.5197287,2346756833.025618,367.8296857221093,1178226909.0142214,26721542.03983823,1151505366.974383,0.3290123361671088,16.818560769790114,1630891900.7424622,47072888.375275895,0.6862512100625404
43384409.15017867,84262200.00000001,direct_plus_discharge,84262200.00000003,0.0,40877790.84982135,0.0,289.6608260421122,0.0,0.5493505541035578,16,243,191.01043188489547,27.8,85254433.57107726,181.28850536977885,659.9232052523008,1445.0192142005449,11210.616829647237,2545018854.5273237,2346186687.241395,367.7887898839179,1178166406.8883452,26090894.129740033,1152075512.7586052,0.3292345654279512,16.948949693784346,1630714135.0805662,46375179.774559475,0.6869494084506326
197311164.1118961,84262200.00000001,charging,84262200.00000001,113048964.11189608,0.0,801.0671723469624,0.0,0.0,0.6505379864000161,17,243,642.7838858902203,26.82,86434601.85538709,824.4954059601265,665.8887672435611,1445.0192143444813,11210.616829585664,2545018854.5133457,2347253643.9960313,367.8653232068823,1178279618.4192295,27271062.415261567,1151008556.003968,0.32881875736055227,16.706496351371563,1636521146.7025003,47497486.83858295,0.6834892043823029
93892941.56068723,84262200.00000001,charging,84262200.00000001,9630741.560687214,0.0,68.24362319665205,0.0,0.0,0.659158233540646,18,243,339.361790745553,25.28,85297343.45117883,392.34626848061794,665.8852934976866,1445.019214163992,11210.61682935066,2545018854.4599953,2346225480.0653358,367.7915723762126,1178170523.861354,26133803.926689975,1152036719.9346642,0.32921944232337486,16.94001678680599,1645646450.679825,47069608.95290412,0.6805847403519188
0.0,84262200.00000001,discharging,84262200.0,0.0,84262200.0,0.0,597.0835984213256,0.0,0.583737147424268,19,243,0.0,23.38,85326717.56374043,1.0,654.15,1445.0192143024678,11210.616829320423,2545018854.4531307,2346252035.898852,367.7934771495932,1178173342.1408787,26163178.039730545,1152010164.1011481,0.32920908994264675,16.933906912476658,1656904942.5999014,46647620.17143599,0.6762398703020113
0.0,84262200.00000001,discharging,84262200.0,0.0,84262200.0,0.0,597.0835984213256,0.0,0.50831606130789,20,243,0.0,22.36,85326717.56374043,1.0,654.15,1445.0192143407796,11210.616829588584,2545018854.514008,2346252035.9531264,367.7934771494607,1178173342.1704297,26163178.12355513,1152010164.0468745,0.329209089927137,16.93390691192044,1662948975.1043632,46780668.0227163,0.67379668398324
0.0,84262200.00000001,discharging,84262200.0,0.0,84262200.0,0.0,597.0835984213256,0.0,0.432894975191512,21,243,0.0,21.48,85326717.56374043,1.0,654.15,1445.0192141603,11210.616829353741,2545018854.460695,2346252035.905592,367.7934771495767,1178173342.1336446,26163178.03923732,1152010164.0944073,0.3292090899407204,16.93390691240762,1668163434.519977,46895454.40421303,0.6717029785589649
0.0,84262200.00000001,discharging,84262200.0,0.0,84262200.0,0.0,597.0835984213256,0.0,0.357473889075134,22,243,0.0,20.6,85326717.56374043,1.0,654.15,1445.0192142042301,11210.616829730174,2545018854.546152,2346252035.9817867,367.7934771493909,1178173342.1406934,26163178.122481346,1152010164.018212,0.32920908991894615,16.933906911626654,1673377893.9355915,47010240.785709776,0.6696222444040716
0.0,84262200.00000001,discharging,84262200.0,0.0,84262200.0,0.0,597.0835984213256,0.0,0.282052802958756,23,243,0.0,19.6,85326717.56374043,1.0,654.15,1445.0192143407778,11210.616829502562,2545018854.49448,2346252035.9357133,367.79347714950325,1178173342.1877797,26163178.123492803,1152010164.064287,0.32920908993211295,16.933906912098927,1679303415.9987895,47140679.855592445,0.6672733665865853
0.0,84262200.00000001,discharging,84262200.0,0.0,84262200.0,0.0,597.0835984213256,0.0,0.20663171684237805,0,244,0.0,19.09,85326717.56374043,1.0,654.15,1445.0192143110705,11210.616829313063,2545018854.45146,2346252035.897359,367.7934771495967,1178173342.1423624,26163178.03972241,1152010164.10264,0.329209089943073,16.933906912491985,1682325432.2510207,47207203.7812326,0.6660817726721154
0.0,84262200.00000001,discharging,84262200.0,0.0,84262200.0,0.0,597.0835984213256,0.0,0.1312106307260001,1,244,0.0,18.85,85326717.56374043,1.0,654.15,1445.0192143427096,11210.616829613848,2545018854.5197434,2346252035.9582424,367.7934771494483,1178173342.1646378,26163178.12288005,1152010164.0417578,0.3292090899256748,16.933906911867957,1683747557.546188,47238509.15800443,0.6655224939130745
0.0,84262200.00000001,discharging,84262200.0,0.0,84262200.0,0.0,597.0835984213256,0.0,0.05578954460962211,2,244,0.0,18.38,85326717.56374043,1.0,654.15,1445.0192141534822,11210.616829332897,2545018854.455963,2346252035.9013724,367.7934771495869,1178173342.1386056,26163178.039978113,1152010164.0986276,0.32920908994192644,16.93390691245088,1686532552.915891,47299815.52084929,0.6644299559001221
0.0,84262200.00000001,discharging,62329383.03952735,0.0,62329383.03952735,0.0,441.6672281595084,0.0,0.0,3,244,0.0,17.79,63117499.68176539,1.0,654.15,1445.0192143061572,11210.61682931734,2545018854.4524307,2326181048.279001,366.3553088384134,1176035111.878764,25886777.118243326,1150148334.7605207,0.33077637867163967,22.829082901463327,1690028610.9331777,35045336.78730262,0.6667240765419542
0.0,84262200.00000001,shutdown,0.0,0.0,0.0,0.0,0.0,0.0,0.0,4,244,0.0,17.32,0.0,1.0,567.279923475184,1445.0192143476272,11210.6168295236,2545018854.4992557,2259509895.6341996,362.89907080586624,1179588764.9248183,25103923.82725673,1154484841.0975616,0.33816193353765717,,1692813606.302881,0.0,0.6819917070603928
0.0,84262200.00000001,shutdown,0.0,0.0,0.0,0.0,0.0,0.0,0.0,5,244,0.0,16.83,0.0,1.0,567.279923475184,1445.0192141973953,11210.616829709259,2545018854.541404,2259509895.671663,362.89907080586624,1179588764.8877954,25103923.82764848,1154484841.060147,0.33816193352669804,,1695717112.113848,0.0,0.680823961032621
24258671.09710968,84262200.00000001,direct_partial,24258671.09710968,0.0,0.0,0.0,0.0,0.0,0.0,6,244,135.68730688241658,16.47,24528067.88051339,101.36863245569764,665.2264546440091,1445.0192143073828,11210.61682931616,2545018854.452163,2291342938.7134943,363.86666273686706,1172283789.6430137,25368057.259374913,1146915732.3836389,0.33354845728817634,58.460809678957375,1697850300.056599,13849269.751001474,0.670044996571773
133098295.97806013,84262200.00000001,charging,84262200.00000001,48836095.97806011,0.0,346.05353194468404,0.0,0.0,0.04371202508774956,7,244,456.3774036804013,17.69,85728472.68258336,556.171943280403,665.8866211964468,1445.0192141640075,11210.616829350773,2545018854.4600205,2346615247.562641,367.8195297662656,1178211885.5954955,26564933.158120006,1151646952.4373755,0.3290675152162946,16.850761234467367,1690621163.139498,48284757.48944263,0.662282495433013
186558616.44395676,84262200.00000001,charging,84262200.00000001,102296416.44395675,0.0,724.8744091177795,0.0,0.0,0.13527510834473225,8,244,637.4691425498951,20.7,86316359.39385243,779.5642121552203,665.8884103256528,1445.0192143395448,11210.616829589755,2545018854.514274,2347146742.466911,367.8576547486888,1178268277.4867868,27152819.95369826,1151115457.5330887,0.3288604055584355,16.73048922901825,1672785341.7292717,48225799.752666846,0.6688599682985662
126670208.9002908,84262200.00000001,charging,84262200.00000001,42408008.90029078,0.0,300.5039810979208,0.0,7.450580596923828e-09,0.17323350595710119,9,244,484.79995596110433,22.72,85657784.98481235,529.3111810493978,665.8864044213209,1445.0192143110796,11210.61682922707,2545018854.431938,2346551341.107093,367.81494578858906,1178205104.3536468,26494245.46080589,1151710858.8928409,0.3290924226460728,16.8653339519691,1660815787.1616118,47597886.66704913,0.674140506211113
32339817.617059454,84262200.00000001,direct_plus_discharge,84262200.00000001,0.0,51922382.38294056,0.0,367.9230178159862,0.0,0.12675901949613452,10,244,189.311784644432,24.74,85272165.32920502,135.13696082464236,658.3733687278826,1445.019214165248,11210.616829435752,2545018854.479313,2346202717.6733723,367.78993969852,1178168108.1314433,26108625.804819934,1152059482.3266234,0.3292283160313253,16.945257236470958,1648846232.593952,46689612.4246147,0.6794663089614646
177464855.31794256,84262200.00000001,charging,84262200.00000001,93202655.31794254,0.0,660.4358397912662,0.0,0.0,0.21018249399608394,11,244,760.9837336283263,26.15,86216358.09803449,741.5645160658217,665.8881077070741,1445.0192141986468,11210.616829708228,2545018854.5411696,2347056332.894604,367.85116938278503,1178258685.7629,27052818.657501776,1151205867.1053984,0.3288956308206464,16.750832102656716,1640491246.484843,47464267.94943973,0.6820119708493765
204722532.4651743,84262200.00000001,charging,84262200.00000001,120460332.46517427,0.0,853.5842735572473,0.0,0.0,0.3180036653927889,12,244,886.9111888419293,27.09,86516102.3950264,855.4649620248343,665.8890126885432,1445.0192143463732,11210.616829524597,2545018854.499482,2347327327.8434005,367.8706088803451,1178287435.1106749,27352562.954074677,1150934872.1566002,0.32879005223519453,16.689997045489623,1634921255.745437,47507207.386824325,0.6840914174822311
161683399.29527593,84262200.00000001,charging,84262200.00000001,77421199.29527591,0.0,548.6081335322118,0.0,0.0,0.3873015348915946,13,244,692.9654543567667,27.74,86042814.27712022,675.6192460725264,665.8875808728168,1445.0192143426889,11210.616829613717,2545018854.519714,2346899435.34557,367.8399147635105,1178242039.4906518,26879274.83623343,1151362764.6544185,0.3289567658880809,16.786247665104298,1631069666.404358,47163244.91511475,0.6860565997059286
158734884.11515293,84262200.00000001,charging,84262200.00000001,74472684.11515291,0.0,527.7148972560673,0.0,0.0,0.4539602587555189,14,244,632.5464049938739,28.27,86010390.3620239,663.2984165271871,665.8874822070865,1445.0192143444729,11210.616829499513,2545018854.493788,2346870121.6024294,367.8378120423991,1178238929.3193707,26846850.921800125,1151392078.3975706,0.32896818865685606,16.792880345317226,1627929139.710863,47077008.138060324,0.6873957327716149
203454921.93656936,84262200.00000001,charging,84262200.00000001,119192721.93656933,0.0,844.6019605412545,0.0,1.4901161193847656e-08,0.5606468221923089,15,244,726.6225128505704,28.61,86502162.87171283,850.1680541580865,665.8889707413251,1445.019214168927,11210.616829432587,2545018854.4785943,2347314725.22087,367.86970483644734,1178286098.1264443,27338623.347289313,1150947474.779155,0.32879496175912953,16.692816816644857,1625914462.2093756,47302095.27019051,0.6878652196179996
160075666.8428357,84262200.00000001,charging,84262200.00000001,75813466.84283568,0.0,537.215709906888,0.0,0.0,0.6285056487068632,16,244,545.4091030730305,28.19,86025134.53754388,668.9010858152677,665.8875270826982,1445.01921435131,11210.616829606513,2545018854.518079,2346883451.4920673,367.83876821487013,1178240343.6046135,26861595.096681766,1151378748.5079317,0.3289629943357715,16.789863636815987,1628403181.4759188,47095415.94811,0.6871857429651701
164793944.73041627,84262200.00000001,charging,84262200.00000001,80531744.73041625,0.0,570.6495193667453,0.0,0.0,0.700587693258452,17,244,545.6839920315533,27.32,86077019.98914687,688.6171442545524,665.8876848801806,1445.0192142993014,11210.61682921025,2545018854.4281197,2346930359.8996267,367.8421330450341,1178245320.566138,26913480.465764616,1151331840.1003735,0.328944715651984,16.779255914673087,1633558385.6709013,47236292.36584981,0.6849925545011747
50462440.16377318,84262200.00000001,direct_plus_discharge,84262200.00000001,0.0,33799759.836226836,0.0,239.50575974506853,0.0,0.6703343341327592,18,244,209.80953755849595,26.17,85243070.00602834,210.86515948471,660.9445156284473,1445.0192142091644,11210.616829726066,2545018854.5452194,2346176413.9807515,367.78805301567724,1178165316.58404,26079530.56482335,1152085786.0192165,0.3292385704481032,16.951316847694983,1640372736.0435786,46639291.45747051,0.6829149805919212
0.0,84262200.00000001,discharging,84262200.0,0.0,84262200.0,0.0,597.0835984213256,0.0,0.5949132480163812,19,244,0.0,24.12,85326717.56374043,1.0,654.15,1445.0192143513075,11210.616829520486,2545018854.498549,2346252035.9393377,367.7934771494943,1178173342.183474,26163178.122812245,1152010164.0606618,0.329209089931077,16.93390691206181,1652520056.2731347,46551095.25972282,0.678023497145101
0.0,84262200.00000001,discharging,84262200.0,0.0,84262200.0,0.0,597.0835984213256,0.0,0.5194921619000032,20,244,0.0,22.48,85326717.56374043,1.0,654.15,1445.019214157159,11210.616829415781,2545018854.474779,2346252035.918148,367.793477149546,1178173342.12189,26163178.04003885,1152010164.0818512,0.32920908993713227,16.933906912278943,1662237912.4567792,46765015.33433037,0.674083200998858
0.0,84262200.00000001,discharging,84262200.0,0.0,84262200.0,0.0,597.0835984213256,0.0,0.44407107578362526,21,244,0.0,21.09,85326717.56374043,1.0,654.15,1445.0192143463648,11210.616829610573,2545018854.5190005,2346252035.9575768,367.7934771494499,1178173342.1652632,26163178.122839604,1152010164.0424235,0.32920908992586506,16.933906911874825,1670474388.1246247,46946325.64146729,0.6707792416898286
0.0,84262200.00000001,discharging,84262200.0,0.0,84262200.0,0.0,597.0835984213256,0.0,0.36864998966724727,22,244,0.0,19.71,85326717.56374043,1.0,654.15,1445.0192143513113,11210.616829520466,2545018854.4985447,2346252035.939334,367.7934771494943,1178173342.1834743,26163178.122807607,1152010164.0606668,0.3292090899310784,16.933906912061865,1678651608.571838,47126331.557905346,0.6675309362072731
0.0,84262200.00000001,discharging,84262200.0,0.0,84262200.0,0.0,597.0835984213256,0.0,0.2932289035508693,23,244,0.0,18.66,85326717.56374043,1.0,654.15,1445.0192141534753,11210.616829418928,2545018854.4754934,2346252035.9187837,367.79347714954446,1178173342.1212573,26163178.040041544,1152010164.0812159,0.3292090899369507,16.933906912272445,1684873406.7381954,47263292.58128214,0.6650803972537607
0.0,84262200.00000001,discharging,84262200.0,0.0,84262200.0,0.0,597.0835984213256,0.0,0.2178078174344913,0,245,0.0,17.67,85326717.56374043,1.0,654.15,1445.0192141639882,11210.616829350663,2545018854.459996,2346252035.9049697,367.79347714957805,1178173342.1342835,26163178.039252955,1152010164.0950305,0.32920908994089854,16.933906912413995,1690739673.5807617,47392427.260465965,0.6627863115452942
0.0,84262200.00000001,discharging,84262200.0,0.0,84262200.0,0.0,597.0835984213256,0.0,0.14238673131811333,1,245,0.0,16.92,85326717.56374043,1.0,654.15,1445.0192143476302,11210.616829609664,2545018854.518794,2346252035.957393,367.7934771494504,1178173342.165488,26163178.122881453,1152010164.0426066,0.32920908992591735,16.9339069118767,1695183815.1281602,47490256.56287796,0.6610588765601653
0.0,84262200.00000001,discharging,84262200.0,0.0,84262200.0,0.0,597.0835984213256,0.0,0.06696564520173537,2,245,0.0,16.92,85326717.56374043,1.0,654.15,1445.0192142993099,11210.616829296323,2545018854.44766,2346252035.8939695,367.793477149605,1178173342.1464667,26163178.04043619,1152010164.1060305,0.32920908994404197,16.933906912526755,1695183815.1281602,47490256.56287796,0.6610588765965598
0.0,84262200.00000001,discharging,74815583.80650711,0.0,74815583.80650711,0.0,530.144691180405,0.0,0.0,3,245,0.0,16.83,75761053.57872872,1.0,654.150000000002,1445.0192143024603,11210.61682923428,2545018854.433575,2337605501.9482484,367.17355253250014,1177254212.1063738,26044130.24811645,1151210081.8582573,0.3298822080318933,19.0493058359453,1695717112.113848,42176722.28352168,0.6624168053726077
0.0,84262200.00000001,shutdown,0.0,0.0,0.0,0.0,0.0,0.0,0.0,4,245,0.0,16.56,0.0,1.0,567.279923475184,1445.0192141652426,11210.616829435683,2545018854.479297,2259509896.3709736,362.89907080586624,1179588764.1045861,25103923.743781257,1154484840.3608048,0.3381619333218526,,1697317003.0709114,0.0,0.680182215974992
0.0,84262200.00000001,shutdown,0.0,0.0,0.0,0.0,0.0,0.0,0.0,5,245,0.0,16.06,0.0,1.0,567.279923475184,1445.019214344472,11210.616829499528,2545018854.493791,2259509895.6293917,362.89907080586624,1179588764.9303873,25103923.82796988,1154484841.1024175,0.33816193353907953,,1700279764.1025105,0.0,0.6789969894817928
0.0,84262200.00000001,shutdown,0.0,0.0,0.0,0.0,0.0,0.0,0.0,6,245,51.095291679195526,15.82,0.0,1.0,567.279923475184,1445.0192143110758,11210.61682931313,2545018854.4514756,2259509895.591823,362.89907080586624,1179588764.8841772,25103923.744188935,1154484841.1399882,0.3381619335500844,,1701701889.3976781,0.0,0.6784295465221709
0.0,84262200.00000001,shutdown,0.0,0.0,0.0,0.0,0.0,0.0,0.0,7,245,0.0,15.94,0.0,1.0,567.279923475184,1445.019214160309,11210.616829439847,2545018854.4802423,2259509895.6173625,362.89907080586624,1179588764.8582215,25103923.743772134,1154484841.1144495,0.3381619335426038,,1700990826.7500944,0.0,0.6787131493943463
0.0,84262200.00000001,shutdown,0.0,0.0,0.0,0.0,0.0,0.0,0.0,8,245,0.0,17.23,0.0,1.0,567.279923475184,1445.0192143005593,11210.616829209279,2545018854.427899,2259509895.5708914,362.89907080586624,1179588764.9057515,25103923.744833,1154484841.1609185,0.33816193355621516,,1693346903.2885687,0.0,0.6817769229204295
199725713.653941,84262200.00000001,charging,84262200.00000001,115463513.65394098,0.0,818.1767176606467,0.0,1.4901161193847656e-08,0.1033486380202922,9,245,731.5306608803058,18.8,86461153.91450517,834.5849769878973,665.8888472577628,1445.019214200554,11210.616829733293,2545018854.5468597,2347277649.4674563,367.8670452205214,1178282165.0058625,27297614.473241962,1150984550.5326204,0.3288094053680597,16.701117626849936,1684043833.649348,48553425.03559126,0.6643116539421461
199540027.57001618,84262200.00000001,charging,84262200.00000001,115277827.57001616,0.0,816.8609424356158,0.0,0.0,0.20653107285426472,10,245,796.5072389865691,21.03,86459111.98171729,833.8090587886617,665.8888411061712,1445.0192143110712,11210.616829227043,2545018854.431932,2347275803.2739058,367.8669127925698,1178281969.1837313,27295572.457637012,1150986396.7260942,0.32881012458805314,16.701531150626593,1670829919.4484167,48262734.459412135,0.6695313333517425
183747159.17261803,84262200.00000001,charging,84262200.00000001,99484959.17261802,0.0,704.9523678658453,0.0,0.0,0.29557768774258203,11,245,791.9640943605307,23.01,86285442.66243824,767.8161004114904,665.888316841803,1445.0192143407874,11210.616829588638,2545018854.514021,2347118791.1051145,367.8556497031419,1178265312.1171548,27121903.22226871,1151143408.894886,0.32887129571332513,16.736773464424758,1659097385.7632844,47909192.39256196,0.6743637802137332
173607462.76238927,84262200.00000001,charging,84262200.00000001,89345262.76238926,0.0,633.1022806438266,0.0,0.0,0.3755485021396969,12,245,770.7434784833978,24.19,86173939.53780422,725.4458009624233,665.8879791306993,1445.0192142054811,11210.616829729164,2545018854.5459228,2347017983.036429,367.8484184433381,1178254617.0601304,27010400.096558187,1151244216.9635723,0.3289105732601373,16.759475404162213,1652105269.728711,47694555.6395983,0.6772822304027022
145952360.9846051,84262200.00000001,charging,84262200.00000001,61690160.98460509,0.0,437.13768816716004,0.0,0.0,0.43076589432923296,13,245,639.0649439171543,24.84,85869824.88430995,609.8846543351049,665.8870536079613,1445.0192141640061,11210.616829350793,2545018854.4600253,2346743039.90012,367.82869633561484,1178225445.4597383,26706285.359857842,1151519160.0998805,0.3290177114338659,16.821692528692374,1648253680.3876324,47442363.38219676,0.6790834739107203
126109948.90633254,84262200.00000001,charging,84262200.00000001,41847748.90633252,0.0,296.53396781504773,0.0,0.0,0.4682228165795548,14,245,521.1856406331805,25.36,85651623.97794034,526.9700474737028,665.8863855107018,1445.0192143358452,11210.61682959274,2545018854.5149517,2346545771.2237782,367.8145462593882,1178204513.3139644,26488084.537743807,1151716428.7762206,0.32909459355474413,16.86660522128593,1645172408.9147692,47254884.188695826,0.6805116139815238
123597620.59280336,84262200.00000001,charging,84262200.00000001,39335420.59280335,0.0,278.7315602128515,0.0,-7.450580596923828e-09,0.5034310136590728,15,245,469.43433436892775,23.54,85623996.67572793,516.4718926323799,665.8863006779771,1445.0192143463705,11210.616829524564,2545018854.4994745,2346520794.317049,367.8127546875969,1178201862.9177194,26460457.234766856,1151741405.6829524,0.3291043285727223,16.872308123678053,1655956859.0697894,47473664.48259427,0.6761305434876659
0.0,84262200.00000001,discharging,84262200.0,0.0,84262200.0,0.0,597.0835984213256,0.0,0.42800992754269485,16,245,4.138367276145273,22.36,85326717.56374043,1.0,654.15,1445.0192143513136,11210.61682960653,2545018854.518082,2346252035.956756,367.7934771494518,1178173342.1661272,26163178.122880314,1152010164.043247,0.3292090899261004,16.933906911883305,1662948975.1043632,46780668.0227163,0.6737966839811184
0.0,84262200.00000001,discharging,84262200.0,0.0,84262200.0,0.0,597.0835984213256,0.0,0.35258884142631686,17,245,0.0,21.87,85326717.56374043,1.0,654.15,1445.01921415348,11210.616829418925,2545018854.475493,2346252035.918783,367.79347714954446,1178173342.1212595,26163178.040041324,1152010164.0812182,0.32920908993695136,16.933906912272473,1665852480.9153302,46844583.166958794,0.6726292630731504
0.0,84262200.00000001,discharging,84262200.0,0.0,84262200.0,0.0,597.0835984213256,0.0,0.27716775530993887,18,245,22.15208737249252,20.56,85326717.56374043,1.0,654.15,1445.0192143024565,11210.616829234275,2545018854.4335737,2346252035.88141,367.79347714963563,1178173342.158223,26163178.039633997,1152010164.118589,0.32920908994763076,16.933906912655477,1673614914.8181198,47015458.34850509,0.6695279718900028
0.0,84262200.00000001,discharging,84262200.0,0.0,84262200.0,0.0,597.0835984213256,0.0,0.20174666919356088,19,245,0.0,17.67,85326717.56374043,1.0,654.15,1445.0192143476193,11210.61682960959,2545018854.518777,2346252035.9573774,367.7934771494504,1178173342.1654844,26163178.12285982,1152010164.0426247,0.3292090899259225,16.9339069118769,1690739673.5807617,47392427.260465965,0.6627863115151436
0.0,84262200.00000001,discharging,84262200.0,0.0,84262200.0,0.0,597.0835984213256,0.0,0.12632558307718292,20,245,0.0,16.03,85326717.56374043,1.0,654.15,1445.019214162088,11210.616829325625,2545018854.454312,2346252035.8999033,367.79347714959056,1178173342.1400886,26163178.039992284,1152010164.1000962,0.32920908994234616,16.933906912465893,1700457529.7644067,47606347.33507354,0.6590206337377091
0.0,84262200.00000001,discharging,84262200.0,0.0,84262200.0,0.0,597.0835984213256,0.0,0.05090449696080494,21,245,0.0,14.98,85326717.56374043,1.0,654.15,1445.0192143073832,11210.616829316163,2545018854.4521637,2346252035.897989,367.79347714959533,1178173342.1417234,26163178.03971208,1152010164.1020112,0.3292090899428934,16.93390691248552,1706679327.9307642,47743308.358450316,0.6566320681649616
0.0,84262200.00000001,discharging,56871693.642705254,0.0,56871693.642705254,0.0,402.99393427303914,0.0,0.0,22,245,0.0,14.42,57591031.596741535,1.0,654.15,1445.0192142042297,11210.61682973014,2545018854.546144,2321188974.6149864,365.99808184776043,1175500717.54048,25817998.512793783,1149682719.027686,0.33116882390921926,25.002410666833217,1709997620.2861552,32273515.80330736,0.6598758914230511
0.0,84262200.00000001,shutdown,0.0,0.0,0.0,0.0,0.0,0.0,0.0,23,245,0.0,14.12,0.0,1.0,567.279923475184,1445.0192142993058,11210.616829210236,2545018854.4281163,2259509895.5710845,362.89907080586624,1179588764.9055314,25103923.74480418,1154484841.1607273,0.33816193355615914,,1711775276.9051147,0.0,0.6744371511475694
0.0,84262200.00000001,shutdown,0.0,0.0,0.0,0.0,0.0,0.0,0.0,0,246,0.0,13.96,0.0,1.0,567.279923475184,1445.0192143513204,11210.616829606575,2545018854.5180926,2259509895.650967,362.89907080586624,1179588764.9081888,25103923.827343512,1154484841.0808454,0.3381619335327608,,1712723360.4352264,0.0,0.6740638142446279
0.0,84262200.00000001,shutdown,0.0,0.0,0.0,0.0,0.0,0.0,0.0,1,246,0.0,13.74,0.0,1.0,567.279923475184,1445.0192141689283,11210.616829346593,2545018854.4590716,2259509895.598567,362.89907080586624,1179588764.8769794,25103923.743736997,1154484841.1332424,0.3381619335481085,,1714026975.2891297,0.0,0.6735511504645362
0.0,84262200.00000001,shutdown,0.0,0.0,0.0,0.0,0.0,0.0,0.0,2,246,0.0,13.68,0.0,1.0,567.279923475184,1445.0192141584014,11210.616829414741,2545018854.4745426,2259509895.612303,362.89907080586624,1179588764.8640013,25103923.74449093,1154484841.1195104,0.33816193354408625,,1714382506.6129217,0.0,0.6734114683661862
0.0,84262200.00000001,shutdown,0.0,0.0,0.0,0.0,0.0,0.0,0.0,3,246,0.0,13.57,0.0,1.0,567.279923475184,1445.0192143024508,11210.616829320286,2545018854.4530997,2259509895.593265,362.89907080586624,1179588764.8826869,25103923.744141873,1154484841.138545,0.3381619335496617,,1715034314.0398734,0.0,0.6731555349578294
0.0,84262200.00000001,shutdown,0.0,0.0,0.0,0.0,0.0,0.0,0.0,4,246,0.0,13.46,0.0,1.0,567.279923475184,1445.0192143024658,11210.616829234345,2545018854.4335895,2259509895.5759435,362.89907080586624,1179588764.8999689,25103923.744101185,1154484841.1558676,0.33816193355473567,,1715686121.4668255,0.0,0.672899796012129
0.0,84262200.00000001,shutdown,0.0,0.0,0.0,0.0,0.0,0.0,0.0,5,246,0.0,13.09,0.0,1.0,567.279923475184,1445.0192143444676,11210.61682958552,2545018854.513313,2259509895.6467233,362.89907080586624,1179588764.9131105,25103923.828024477,1154484841.085086,0.338161933534003,,1717878564.6302087,0.0,0.6720410073535092
0.0,84262200.00000001,shutdown,0.0,0.0,0.0,0.0,0.0,0.0,0.0,6,246,0.0,12.77,0.0,1.0,567.279923475184,1445.0192142054775,11210.616829643057,2545018854.526375,2259509895.65832,362.89907080586624,1179588764.9003491,25103923.82685938,1154484841.0734897,0.33816193353060625,,1719774731.690432,0.0,0.6713000370337472
23119002.27526456,84262200.00000001,direct_partial,23119002.27526456,0.0,0.0,0.0,0.0,0.0,0.0,7,246,132.2236013593005,13.15,23375866.47095126,96.60634892168326,665.1809033789907,1445.019214302453,11210.616829320292,2545018854.453101,2290303468.132189,363.79257162975466,1172171058.814738,25355524.671641726,1146815534.1430962,0.3336311124219583,61.33324644325097,1717523033.3064167,13314677.797859952,0.6625783149891196
0.0,84262200.00000001,shutdown,0.0,0.0,0.0,0.0,0.0,0.0,0.0,8,246,8.503475011097073,14.47,0.0,1.0,567.279923475184,1445.0192143358504,11210.616829592786,2545018854.514962,2259509895.6481876,362.89907080586624,1179588764.9116268,25103923.82800568,1154484841.083621,0.3381619335335738,,1709701344.182995,0.0,0.6752552690044868
0.0,84262200.00000001,shutdown,0.0,0.0,0.0,0.0,0.0,0.0,0.0,9,246,0.0,15.75,0.0,1.0,567.279923475184,1445.0192142054782,11210.616829643108,2545018854.5263863,2259509895.65833,362.89907080586624,1179588764.9003515,25103923.826871533,1154484841.07348,0.33816193353060336,,1702116675.942102,0.0,0.6782642208910185
0.0,84262200.00000001,shutdown,0.0,0.0,0.0,0.0,0.0,0.0,0.0,10,246,0.0,15.87,0.0,1.0,567.279923475184,1445.0192143427091,11210.61682961389,2545018854.519753,2259509895.652441,362.89907080586624,1179588764.9067094,25103923.827340167,1154484841.0793693,0.33816193353232843,,1701405613.2945182,0.0,0.678547685547999
0.0,84262200.00000001,shutdown,0.0,0.0,0.0,0.0,0.0,0.0,0.0,11,246,0.0,15.98,0.0,1.0,567.279923475184,1445.0192141986463,11210.616829622155,2545018854.5216293,2259509895.654107,362.89907080586624,1179588764.9052856,25103923.827580754,1154484841.077705,0.33816193353184093,,1700753805.8675663,0.0,0.678807736366519
0.0,84262200.00000001,shutdown,0.0,0.0,0.0,0.0,0.0,0.0,0.0,12,246,3.453364712291276,16.25,0.0,1.0,567.279923475184,1445.0192143426948,11210.616829613775,2545018854.519727,2259509895.652418,362.89907080586624,1179588764.9067006,25103923.82730837,1154484841.0793922,0.33816193353233515,,1699153914.910503,0.0,0.6794468888006538
0.0,84262200.00000001,shutdown,0.0,0.0,0.0,0.0,0.0,0.0,0.0,13,246,18.977357622194443,17.5,0.0,1.0,567.279923475184,1445.0192143476313,11210.616829609626,2545018854.5187855,2259509895.651582,362.89907080586624,1179588764.9075518,25103923.827322144,1154484841.0802295,0.3381619335325804,,1691747012.3315053,0.0,0.6824216816491727
0.0,84262200.00000001,shutdown,0.0,0.0,0.0,0.0,0.0,0.0,0.0,14,246,22.20493702648952,18.15,0.0,1.0,567.279923475184,1445.019214158395,11210.61682932866,2545018854.455001,2259509895.5949526,362.89907080586624,1179588764.8812704,25103923.744412925,1154484841.1368575,0.3381619335491674,,1687895422.9904265,0.0,0.6839788919454909
0.0,84262200.00000001,shutdown,0.0,0.0,0.0,0.0,0.0,0.0,0.0,15,246,0.0,18.51,0.0,1.0,567.279923475184,1445.0192141602922,11210.616829439714,2545018854.4802117,2259509895.617336,362.89907080586624,1179588764.85821,25103923.74373416,1154484841.114476,0.3381619335426116,,1685762235.0476756,0.0,0.6848444087263739
0.0,84262200.00000001,shutdown,0.0,0.0,0.0,0.0,0.0,0.0,0.0,16,246,0.0,19.53,0.0,1.0,567.279923475184,1445.0192143061383,11210.616829231176,2545018854.4328704,2259509895.575305,362.89907080586624,1179588764.9005964,25103923.74409231,1154484841.1565042,0.33816193355492213,,1679718202.5432136,0.0,0.687308644633684
0.0,84262200.00000001,shutdown,0.0,0.0,0.0,0.0,0.0,0.0,0.0,17,246,0.0,19.92,0.0,1.0,567.279923475184,1445.0192142993076,11210.616829296301,2545018854.4476547,2259509895.588431,362.89907080586624,1179588764.888259,25103923.74487931,1154484841.1433797,0.3381619335510778,,1677407248.9385662,0.0,0.6882555454997094
38309965.35875819,84262200.00000001,direct_partial,38309965.35875819,0.0,0.0,0.0,0.0,0.0,0.0,18,246,175.60922881613288,19.69,38733879.90600344,160.08415227267588,665.5653012566316,1445.0192143476208,11210.61682960956,2545018854.51877,2304162362.5406747,364.78120514289,1173670177.9244761,25522575.10635779,1148147602.8181183,0.33253289791606394,37.08765995921378,1678770119.0131018,21691480.955430105,0.675197606837676
0.0,84262200.00000001,shutdown,0.0,0.0,0.0,0.0,0.0,0.0,0.0,19,246,0.0,16.74,0.0,1.0,567.279923475184,1445.0192141689445,11210.616829346678,2545018854.459091,2259509895.5985847,362.89907080586624,1179588764.876986,25103923.74376062,1154484841.1332254,0.33816193354810353,,1696250409.0995357,0.0,0.6806099116852036
0.0,84262200.00000001,shutdown,0.0,0.0,0.0,0.0,0.0,0.0,0.0,20,246,0.0,16.15,0.0,1.0,567.279923475184,1445.0192143358597,11210.61682959283,2545018854.514972,2259509895.648196,362.89907080586624,1179588764.9116328,25103923.828019142,1154484841.0836136,0.33816193353357166,,1699746467.1168227,0.0,0.6792100253880196
0.0,84262200.00000001,shutdown,0.0,0.0,0.0,0.0,0.0,0.0,0.0,21,246,0.0,15.96,0.0,1.0,567.279923475184,1445.0192143513043,11210.616829520452,2545018854.4985414,2259509895.633609,362.89907080586624,1179588764.925454,25103923.82725271,1154484841.0982013,0.3381619335378445,,1700872316.3088305,0.0,0.6787604395864477
0.0,84262200.00000001,shutdown,0.0,0.0,0.0,0.0,0.0,0.0,0.0,22,246,0.0,16.1,0.0,1.0,567.279923475184,1445.0192142005494,11210.61682973331,2545018854.5468636,2259509895.6765103,362.89907080586624,1179588764.8822296,25103923.82693003,1154484841.0552995,0.3381619335252781,,1700042743.2199826,0.0,0.6790916555831039
0.0,84262200.00000001,shutdown,0.0,0.0,0.0,0.0,0.0,0.0,0.0,23,246,0.0,15.99,0.0,1.0,567.279923475184,1445.0192143444644,11210.616829585544,2545018854.5133185,2259509895.646728,362.89907080586624,1179588764.9131098,25103923.828029558,1154484841.0850801,0.3381619335340012,,1700694550.646934,0.0,0.6788313872387731
0.0,84262200.00000001,shutdown,0.0,0.0,0.0,0.0,0.0,0.0,0.0,0,247,0.0,16.22,0.0,1.0,567.279923475184,1445.0192142005565,11210.616829647279,2545018854.5273333,2259509895.6591706,362.89907080586624,1179588764.8995056,25103923.826865714,1154484841.07264,0.33816193353035734,,1699331680.5723984,0.0,0.679375812427487
0.0,84262200.00000001,shutdown,0.0,0.0,0.0,0.0,0.0,0.0,0.0,1,247,0.0,16.37,0.0,1.0,567.279923475184,1445.0192143513095,11210.616829606526,2545018854.5180817,2259509895.650957,362.89907080586624,1179588764.9081833,25103923.82732917,1154484841.0808542,0.33816193353276336,,1698442852.2629192,0.0,0.6797313430608967
0.0,84262200.00000001,shutdown,0.0,0.0,0.0,0.0,0.0,0.0,0.0,2,247,0.0,16.58,0.0,1.0,567.279923475184,1445.0192142993062,11210.616829210232,2545018854.4281154,2259509895.5710835,362.89907080586624,1179588764.9055316,25103923.7448044,1154484841.1607273,0.33816193355615914,,1697198492.6296475,0.0,0.6802297115948783
0.0,84262200.00000001,shutdown,0.0,0.0,0.0,0.0,0.0,0.0,0.0,3,247,0.0,16.69,0.0,1.0,567.279923475184,1445.0192141639964,11210.616829436776,2545018854.479545,2259509895.616744,362.89907080586624,1179588764.8588562,25103923.743789528,1154484841.1150668,0.3381619335427846,,1696546685.2026958,0.0,0.6804910534938413
0.0,84262200.00000001,shutdown,0.0,0.0,0.0,0.0,0.0,0.0,0.0,4,247,0.0,16.45,0.0,1.0,567.279923475184,1445.0192142005435,11210.616829733259,2545018854.546852,2259509895.6765003,362.89907080586624,1179588764.882226,25103923.826915238,1154484841.0553107,0.3381619335252814,,1697968810.4978633,0.0,0.6799211115761326
0.0,84262200.00000001,shutdown,0.0,0.0,0.0,0.0,0.0,0.0,0.0,5,247,0.0,16.25,0.0,1.0,567.279923475184,1445.0192142956123,11210.616829213302,2545018854.4288125,2259509895.5717025,362.89907080586624,1179588764.904893,25103923.74478458,1154484841.1601083,0.33816193355597784,,1699153914.910503,0.0,0.6794468888481576
0.0,84262200.00000001,shutdown,0.0,0.0,0.0,0.0,0.0,0.0,0.0,6,247,0.0,16.05,0.0,1.0,567.279923475184,1445.019214351311,11210.616829606515,2545018854.5180793,2259509895.6509547,362.89907080586624,1179588764.9081829,25103923.827327393,1154484841.0808554,0.33816193353276375,,1700339019.3231425,0.0,0.6789733270606373
4177517.7178240307,84262200.00000001,charging_only,0.0,4177517.7178240307,0.0,29.601972312937665,0.0,0.0,0.0037391965026868632,7,247,75.72625445472606,16.48,0.0,17.456407913693322,583.8231531377685,1445.01921434639,11210.616829524688,2545018854.499503,2259509895.6344624,362.89907080586624,1179588764.924614,25147231.07140828,1154441533.8532057,0.33814924834598875,,1697791044.8359673,0.0,0.6799667941261538
27479933.325170096,84262200.00000001,direct_plus_discharge,31657451.042994127,0.0,4177517.717824031,0.0,29.60197231293767,0.0,0.0,8,247,149.59508427693285,17.12,32012285.179596283,114.82917798733573,664.3664049880291,1445.0192141973912,11210.616829709192,2545018854.5413885,2298095950.6364822,364.34824176651273,1173014995.1025841,25453494.69606697,1147561500.4065173,0.33301143624527435,44.83615192078128,1693998710.7155206,18025717.000778086,0.6702950506011592
210067935.02315915,84262200.00000001,charging,84262200.00000001,125805735.02315913,0.0,891.4619007059825,0.0,0.0,0.11260571377338727,9,247,770.6988346067691,18.97,86574884.14386222,877.8015584962161,665.8891894280899,1445.019214306146,11210.616829317258,2545018854.452412,2347380471.94172,367.8744211713498,1178293072.678133,27411344.619843528,1150881728.0582895,0.3287693496491967,16.6781163052543,1683036494.8986044,48595208.91017057,0.6646226940329697
228933538.1076306,84262200.00000001,charging,84262200.00000001,144671338.1076306,0.0,1025.143933409433,0.0,0.0,0.24209757904615775,10,247,912.9172483284459,20.68,86782343.38198264,956.6344169602859,665.8898112887251,1445.0192143073912,11210.616829230177,2545018854.4326434,2347568035.0920954,367.8878761590057,1178312968.7658064,27618803.85790159,1150694164.9079049,0.32869628901186115,16.63631406480903,1672903852.1705356,48488836.673150204,0.6684669758187847
205523720.23751172,84262200.00000001,charging,84262200.00000001,121261520.23751171,0.0,859.2615057932725,0.0,0.0,0.3506358745147817,11,247,889.3319263601412,22.4,86524912.8106605,858.8128498170782,665.8890391941484,1445.0192141986404,11210.616829708199,2545018854.541163,2347335293.30503,367.8711802781186,1178288280.0650916,27361373.370145336,1150926906.6949463,0.3287869492038089,16.688215289556926,1662711954.2218354,48121460.46950439,0.6727287980300473
196262306.11762834,84262200.00000001,charging,84262200.00000001,112000106.11762832,0.0,793.6349440708151,0.0,0.0,0.45088449902898986,12,247,875.8045464567972,23.67,86423067.88642891,820.1125896016567,665.8887324708545,1445.019214347624,11210.61682952359,2545018854.4992533,2347243216.2481766,367.8645751818047,1178278512.1973162,27259528.445490103,1151018983.751826,0.3288228198218384,16.70883384907756,1655186541.2015736,47899972.72176849,0.6758429324299345
11349271.940952934,84262200.00000001,direct_plus_discharge,84262200.0,0.0,72912928.05904707,0.0,516.6624353141867,0.0,0.3856218756208821,13,247,125.05659338851481,24.28,85305865.01628572,47.42469904541855,655.5665983554684,1445.019214204233,11210.616829730168,2545018854.5461507,2346233184.1106825,367.7921249588358,1178171341.464342,26142325.575061776,1152029015.8892803,0.3292164390105175,16.93824385014916,1651571972.7430232,46602667.66693556,0.678392544839303
0.0,84262200.00000001,discharging,84262200.0,0.0,84262200.0,0.0,597.0835984213256,0.0,0.31020078950450414,14,247,68.27270196124226,24.85,85326717.56374015,1.0,654.15,1445.01921434447,11210.61682958557,2545018854.5133243,2346252035.95252,367.7934771494622,1178173342.171067,26163178.123589084,1152010164.047478,0.32920908992730946,16.933906911926623,1648194425.167,46455874.73870833,0.6797922639919143
15204004.977171876,84262200.00000001,direct_plus_discharge,84262200.0,0.0,69058195.02282813,0.0,489.34772157280366,0.0,0.24838844572688681,15,247,117.73562138631532,24.76,85299676.35885563,63.532300933383034,656.0689782609594,1445.0192143476281,11210.61682952357,2545018854.499249,2346227589.1783333,367.79172365399455,1178170747.7395802,26136136.917914152,1152034610.821666,0.32921862011555364,16.939531383157302,1648727722.152688,46566513.49627795,0.679548474003194
0.0,84262200.00000001,discharging,84262200.0,0.0,84262200.0,0.0,597.0835984213256,0.0,0.17296735961050885,16,247,48.498458814897184,24.33,85326717.56373794,1.0,654.1499999999994,1445.0192142054818,11210.616829729175,2545018854.545925,2346252035.981578,367.7934771493912,1178173342.140917,26163178.122497153,1152010164.01842,0.32920908991900577,16.933906911629336,1651275696.6398633,46523703.05504608,0.6785313766899868
121352152.41391939,84262200.00000001,charging,84262200.00000001,37089952.413919374,0.0,262.82012874786926,0.0,0.0,0.2061656916628713,17,247,418.49830211900684,23.63,85599303.95238893,507.08885439400854,665.8862248099865,1445.0192141583996,11210.616829328686,2545018854.4550066,2346498470.4554076,367.8111534221579,1178199493.9732122,26435764.4286178,1151763729.5445945,0.32911302966708555,16.877408377672566,1655423562.084102,47448399.96839501,0.6763654315832158
38164075.424466066,84262200.00000001,direct_plus_discharge,84262200.00000001,0.0,46098124.57553395,0.0,326.65221299745735,0.0,0.16490435949477142,18,247,174.18807922837436,22.51,85262814.65920623,159.47452847799053,659.1841289461439,1445.019214306155,11210.616829317338,2545018854.4524302,2346194264.1334467,367.78933335478945,1178167211.0017636,26099275.1352109,1152067935.8665526,0.3292316115955276,16.94720422698502,1662060146.7948835,47020383.33361754,0.6740863964905924
0.0,84262200.00000001,discharging,84262200.0,0.0,84262200.0,0.0,597.0835984213256,0.0,0.08948327337839344,19,247,0.0,21.1,85326717.56374039,1.0,654.15,1445.0192143476324,11210.616829609658,2545018854.5187926,2346252035.9573917,367.7934771494504,1178173342.1654906,26163178.122880574,1152010164.0426102,0.3292090899259184,16.93390691187675,1670415132.9039924,46945021.25076842,0.6708028955112209
0.0,84262200.00000001,discharging,84262200.0,0.0,84262200.0,0.0,597.0835984213256,0.0,0.014062187262015483,20,247,0.0,19.27,85326717.56374043,1.0,654.15,1445.0192143395416,11210.616829503666,2545018854.4947305,2346252035.935937,367.79347714950256,1178173342.1875675,26163178.12350461,1152010164.0640628,0.3292090899320489,16.933906912096624,1681258838.279645,47183724.74865372,0.6665018489510558
0.0,84262200.00000001,shutdown,0.0,0.0,0.0,0.0,0.0,0.0,0.014062187262015483,21,247,0.0,17.98,0.0,1.0,567.279923475184,1445.0192142054866,11210.616829729162,2545018854.5459223,2259509895.6756444,362.89907080586624,1179588764.8830752,25103923.82694467,1154484841.0561306,0.3381619335255216,,1688902761.7411702,0.0,0.6835709356445823
0.0,84262200.00000001,shutdown,0.0,0.0,0.0,0.0,0.0,0.0,0.014062187262015483,22,247,0.0,17.91,0.0,1.0,567.279923475184,1445.019214346378,11210.616829524615,2545018854.4994864,2259509895.634448,362.89907080586624,1179588764.9246056,25103923.827244908,1154484841.0973606,0.3381619335375983,,1689317548.285594,0.0,0.6834030950954076
0.0,84262200.00000001,shutdown,0.0,0.0,0.0,0.0,0.0,0.0,0.014062187262015483,23,247,0.0,17.27,0.0,1.0,567.279923475184,1445.0192142956216,11210.616829299415,2545018854.448362,2259509895.5890584,362.89907080586624,1179588764.8876255,25103923.74487229,1154484841.1427531,0.3381619335508943,,1693109882.406041,0.0,0.6818723658396821
0.0,84262200.00000001,shutdown,0.0,0.0,0.0,0.0,0.0,0.0,0.014062187262015483,0,248,0.0,16.77,0.0,1.0,567.279923475184,1445.019214200543,11210.616829733262,2545018854.546853,2259509895.676501,362.89907080586624,1179588764.8822272,25103923.82691766,1154484841.0553095,0.33816193352528107,,1696072643.43764,0.0,0.6806812464797336
0.0,84262200.00000001,shutdown,0.0,0.0,0.0,0.0,0.0,0.0,0.014062187262015483,1,248,0.0,16.18,0.0,1.0,567.279923475184,1445.0192143426987,11210.616829527773,2545018854.500203,2259509895.635084,362.89907080586624,1179588764.9239762,25103923.82725091,1154484841.0967252,0.3381619335374122,,1699568701.4549267,0.0,0.6792810670780305
0.0,84262200.00000001,shutdown,0.0,0.0,0.0,0.0,0.0,0.0,0.014062187262015483,2,248,0.0,15.58,0.0,1.0,567.279923475184,1445.0192141973894,11210.616829709172,2545018854.541384,2259509895.671645,362.89907080586624,1179588764.887791,25103923.827626396,1154484841.0601645,0.3381619335267031,,1703124014.6928456,0.0,0.6778630511345195
0.0,84262200.00000001,shutdown,0.0,0.0,0.0,0.0,0.0,0.0,0.014062187262015483,3,248,0.0,15.44,0.0,1.0,567.279923475184,1445.0192143476315,11210.616829523626,2545018854.499262,2259509895.6342483,362.89907080586624,1179588764.9248266,25103923.82726423,1154484841.0975623,0.3381619335376574,,1703953587.7816935,0.0,0.6775330322233355
0.0,84262200.00000001,shutdown,0.0,0.0,0.0,0.0,0.0,0.0,0.014062187262015483,4,248,0.0,15.67,0.0,1.0,567.279923475184,1445.019214351341,11210.616829606724,2545018854.5181265,2259509895.650997,362.89907080586624,1179588764.9081998,25103923.827385902,1154484841.080814,0.3381619335327516,,1702590717.7071574,0.0,0.6780753759984866
0.0,84262200.00000001,shutdown,0.0,0.0,0.0,0.0,0.0,0.0,0.014062187262015483,5,248,0.0,15.71,0.0,1.0,567.279923475184,1445.0192141973878,11210.6168297092,2545018854.5413904,2259509895.6716514,362.89907080586624,1179588764.8877923,25103923.827632803,1154484841.0601594,0.33816193352670165,,1702353696.82463,0.0,0.6781697852882156
0.0,84262200.00000001,shutdown,0.0,0.0,0.0,0.0,0.0,0.0,0.014062187262015483,6,248,0.0,15.54,0.0,1.0,567.279923475184,1445.019214204231,11210.616829644145,2545018854.526622,2259509895.6585393,362.89907080586624,1179588764.9001365,25103923.826864786,1154484841.0732718,0.3381619335305424,,1703361035.5753732,0.0,0.6777687272171878
176186996.12270635,84262200.00000001,charging,84262200.00000001,91924796.12270632,0.0,651.3809045229322,0.0,1.4901161193847656e-08,0.09634188046491218,7,248,585.8840690171922,15.89,86202305.87325744,736.2247825505978,665.8880651268648,1445.019214302456,11210.61682932032,2545018854.453108,2347043628.44489,367.85025806289957,1178257337.904405,27038766.349219494,1151218571.5551856,0.32890058086741664,16.753694474397715,1701287102.8532543,48784734.07031583,0.6578121807724754
209600096.2508242,84262200.00000001,charging,84262200.00000001,125337896.2508242,0.0,888.146786008446,0.0,0.0,0.20852884290808432,8,248,713.2728089619122,19.29,86569739.46468852,875.8466213782058,665.8891739691006,1445.0192143444642,11210.616829499468,2545018854.4937773,2347375820.7084646,367.8740875119571,1178292579.315987,27406200.024451703,1150886379.2915354,0.3287711615388444,16.679155483459006,1681140327.8383806,48550718.28410349,0.6653710683601689
210138682.42556697,84262200.00000001,charging,84262200.00000001,125876482.42556696,0.0,891.9632181841474,0.0,0.0,0.3211978809945029,9,248,772.2616443259543,21.38,86575662.13129814,878.0971875273027,665.8891917656648,1445.0192143476359,11210.616829609675,2545018854.5187964,2347381175.374218,367.874471627768,1178293147.3162246,27412122.69044313,1150881024.6257815,0.3287690756339992,16.677959168992547,1668755986.7262974,48282309.29894774,0.6702710284854709
200672643.2819959,84262200.00000001,charging,84262200.00000001,116410443.28199588,0.0,824.8866795388172,0.0,0.0,0.42539409314677457,10,248,811.6308244538216,23.08,86471567.00855762,838.5418698054576,665.8888786240747,1445.0192142005667,11210.616829733392,2545018854.5468826,2347287063.8435416,367.86772055536915,1178283163.7237806,27308027.567319494,1150975136.1564612,0.3288057377766575,16.699009119126753,1658682599.2188609,48003478.537288606,0.6743918235213447
183656346.00356305,84262200.00000001,charging,84262200.00000001,99394146.00356303,0.0,704.3088639724815,0.0,0.0,0.5143594233327722,11,248,807.4376375937842,24.51,86284444.01793276,767.4366234517171,665.8883138210575,1445.0192143407846,11210.616829502598,2545018854.4944882,2347117888.2283835,367.8555849381287,1178265216.3493125,27120904.577696018,1151144311.7716165,0.32887164748537756,16.73697652740344,1650209102.6684875,47714270.80224887,0.6779718859859705
176553150.74143732,84262200.00000001,charging,84262200.00000001,92290950.7414373,0.0,653.9754833178185,0.0,0.0,0.5969668528044966,12,248,801.3224736777348,25.57,86206332.36304918,737.7548166080904,665.8880773291075,1445.019214311072,11210.616829313092,2545018854.451467,2347047268.721934,367.85051919014836,1178257724.1171048,27042792.839039177,1151214931.2780657,0.32889916249618945,16.752874202337296,1643928049.281498,47533833.96545039,0.6806035315842774
131958154.79190783,84262200.00000001,charging,84262200.00000001,47695954.79190782,0.0,337.97446918420343,0.0,0.0,0.6396583647014487,13,248,599.2950070898524,26.38,85715934.90041192,551.4076858986189,665.8865827733408,1445.0192142042254,11210.61682964411,2545018854.5266137,2346603912.613287,367.818716709265,1178210682.84579,26552395.459080055,1151658287.38671,0.32907193292517367,16.85334422393566,1639128376.4103074,47159077.554241836,0.6829549046807539
206850474.17963523,84262200.00000001,charging,84262200.00000001,122588274.17963521,0.0,868.662910195042,0.0,0.0,0.7493842059892434,14,248,828.7357766802942,26.51,86539502.71595243,864.3568976414168,665.8890830751603,1445.019214295616,11210.616829299377,2545018854.448353,2347348483.8409815,367.8721265052536,1178289679.3516433,27375963.1926357,1150913716.1590075,0.3287818107083356,16.685265529825426,1638358058.5420916,47595438.241876565,0.6826485536845631
26922229.100907728,84262200.00000001,direct_plus_discharge,84262200.00000001,0.0,57339970.89909229,0.0,406.31215607715103,0.0,0.6980605652216032,15,248,156.43752851485604,26.08,85280863.10394567,112.49872409305881,657.6319761182037,1445.0192141652544,11210.616829435758,2545018854.479314,2346210580.9387236,367.7905037059634,1178168942.6408343,26117323.579559997,1152051619.0612743,0.32922525059602586,16.94344657484414,1640906033.0292668,46477104.17296737,0.6827445371840289
57683297.09897459,84262200.00000001,direct_plus_discharge,84262200.00000001,0.0,26578902.901025422,0.0,188.33862617205898,0.0,0.6742704229682905,16,248,238.48782075489933,25.73,85231477.1383424,241.03863394048173,662.009945390476,1445.0192143061358,11210.616829231161,2545018854.4328666,2346165933.305965,367.78730127968305,1178164204.3082755,26067937.614236172,1152096266.6940393,0.3292426563435635,16.95373241937592,1642979965.751386,46751717.031290896,0.6818220185093227
112982810.34647861,84262200.00000001,charging,84262200.00000001,28720610.346478596,0.0,203.51480704909432,0.0,0.0,0.6999775564902813,17,248,393.5685512267453,24.62,85507268.87028016,472.1162560791943,665.8859416486807,1445.019214339542,11210.616829589704,2545018854.5142627,2346415264.9897423,367.80518520384544,1178190664.4403694,26343729.43011173,1151846935.0102577,0.32914546149295465,16.896444064299068,1649557295.2415357,47270240.786367364,0.6788238112322315
0.0,84262200.00000001,discharging,84262200.0,0.0,84262200.0,0.0,597.0835984213256,0.0,0.6245564703739033,18,248,0.0,23.37,85326717.56374039,1.0,654.15,1445.0192142091587,11210.61682963998,2545018854.5256763,2346252035.9635286,367.7934771494354,1178173342.1588953,26163178.122425053,1152010164.0364702,0.32920908992416376,16.933906911813814,1656964197.820533,46648924.562134795,0.6762158314590067
0.0,84262200.00000001,discharging,84262200.0,0.0,84262200.0,0.0,597.0835984213256,0.0,0.5491353842575253,19,248,0.0,22.6,85326717.56374043,1.0,654.15,1445.0192142091805,11210.61682972618,2545018854.545245,2346252035.9809775,367.79347714939286,1178173342.1415586,26163178.122535735,1152010164.019023,0.32920908991917786,16.933906911634978,1661526849.8091955,46749362.64594446,0.6743699617308083
0.0,84262200.00000001,discharging,84262200.0,0.0,84262200.0,0.0,597.0835984213256,0.0,0.47371429814114735,20,248,0.0,21.32,85326717.56374043,1.0,654.15,1445.0192143395384,11210.616829589706,2545018854.514263,2346252035.953355,367.79347714946016,1178173342.1702173,26163178.12357267,1152010164.0466447,0.3292090899270713,16.93390691191807,1669111518.0500891,46916324.65539427,0.6713237019688384
0.0,84262200.00000001,discharging,84262200.0,0.0,84262200.0,0.0,597.0835984213256,0.0,0.39829321202476936,21,248,0.0,20.15,85326717.56374043,1.0,654.15,1445.0192143426887,11210.61682952768,2545018854.500182,2346252035.9408016,367.79347714949085,1178173342.181973,26163178.122775555,1152010164.0591974,0.3292090899306585,16.9339069120467,1676044378.864031,47068938.36715698,0.6685632062262297
0.0,84262200.00000001,discharging,84262200.0,0.0,84262200.0,0.0,597.0835984213256,0.0,0.32287212590839137,22,248,0.0,19.3,85326717.56374043,1.0,654.15,1445.0192143513134,11210.616829606524,2545018854.518081,2346252035.9567547,367.7934771494518,1178173342.166127,26163178.122880526,1152010164.0432465,0.3292090899261002,16.933906911883298,1681081072.617749,47179811.576557234,0.6665719131751914
0.0,84262200.00000001,discharging,84262200.0,0.0,84262200.0,0.0,597.0835984213256,0.0,0.2474510397920134,23,248,0.0,18.83,85326717.56374043,1.0,654.15,1445.0192142023377,11210.616829619117,2545018854.52094,2346252035.9593053,367.7934771494457,1178173342.1638544,26163178.123158783,1152010164.0406957,0.3292090899253713,16.93390691185712,1683866067.9874523,47241117.93940209,0.6654759297437127
0.0,84262200.00000001,discharging,84262200.0,0.0,84262200.0,0.0,597.0835984213256,0.0,0.17202995367563542,0,249,0.0,18.44,85326717.56374043,1.0,654.15,1445.0192143024622,11210.61682932036,2545018854.4531164,2346252035.8988385,367.7934771495932,1178173342.1408749,26163178.03971332,1152010164.1011615,0.3292090899426505,16.933906912476797,1686177021.5920994,47291989.17665633,0.6645692290687505
0.0,84262200.00000001,discharging,84262200.0,0.0,84262200.0,0.0,597.0835984213256,0.0,0.09660886755925745,1,249,0.0,17.78,85326717.56374043,1.0,654.15,1445.0192143110808,11210.61682931316,2545018854.451482,2346252035.8973794,367.7934771495967,1178173342.1423707,26163178.039748468,1152010164.1026223,0.329209089943068,16.933906912491796,1690087866.1538103,47378078.96277888,0.6630404281249489
0.0,84262200.00000001,discharging,84262200.0,0.0,84262200.0,0.0,597.0835984213256,0.0,0.021187781442879486,2,249,0.0,17.3,85326717.56374043,1.0,654.15,1445.0192141936986,11210.616829626231,2545018854.522555,2346252035.960749,367.7934771494423,1178173342.162348,26163178.12309694,1152010164.039251,0.32920908992495845,16.933906911842264,1692932116.744145,47440689.71632255,0.6619329834176071
0.0,84262200.00000001,discharging,23671484.586437277,0.0,23671484.586437277,0.0,167.7366030894626,0.0,0.0,3,249,0.0,16.96,23972428.113841746,1.0,654.15,1445.0192143073805,11210.616829316146,2545018854.45216,2290841656.0589604,363.8309312758313,1172229432.530833,25399604.003368426,1146829828.5274646,0.33357737809335614,59.80998004782885,1694946794.2456324,13340858.718280137,0.67133297283844
0.0,84262200.00000001,shutdown,0.0,0.0,0.0,0.0,0.0,0.0,0.0,4,249,0.0,16.54,0.0,1.0,567.279923475184,1445.0192141603218,11210.61682935386,2545018854.4607215,2259509895.6000175,362.89907080586624,1179588764.8755012,25103923.74371996,1154484841.131781,0.3381619335476805,,1697435513.5121753,0.0,0.680134727912596
0.0,84262200.00000001,shutdown,0.0,0.0,0.0,0.0,0.0,0.0,0.0,5,249,0.0,16.4,0.0,1.0,567.279923475184,1445.0192143395536,11210.616829589817,2545018854.5142884,2259509895.647589,362.89907080586624,1179588764.912274,25103923.828053094,1154484841.084221,0.3381619335337495,,1698265086.6010232,0.0,0.6798024938467373
0.0,84262200.00000001,shutdown,0.0,0.0,0.0,0.0,0.0,0.0,0.0,6,249,0.0,16.34,0.0,1.0,567.279923475184,1445.0192143024635,11210.616829320345,2545018854.453113,2259509895.593277,362.89907080586624,1179588764.8826923,25103923.744159527,1154484841.1385329,0.3381619335496581,,1698620617.9248152,0.0,0.6796602072032738
176946402.035929,84262200.00000001,charging,84262200.00000001,92684202.03592898,0.0,656.7620696874948,0.0,0.0,0.0829594193289467,7,249,587.629847332103,17.41,86210656.82665537,739.3980783421929,665.8880904330914,1445.0192141652467,11210.61682934971,2545018854.4597797,2347051178.401411,367.85079964181756,1178258138.900859,27047117.30219733,1151211021.598662,0.32889763916162906,16.751993312613894,1692280309.317193,48592671.451273516,0.6612837549414361
207104754.76383978,84262200.00000001,charging,84262200.00000001,122842554.76383977,0.0,870.4647473916204,0.0,0.0,0.19291286110473033,8,249,706.5199267041967,19.26,86542298.96138574,865.4194486351895,665.889091483544,1445.0192141571567,11210.61682941581,2545018854.474786,2347351011.9287834,367.8723078556197,1178289947.508909,27378759.437692072,1150911188.0712168,0.3287808258773771,16.684700303320433,1681318093.500277,48539223.129463695,0.6653214557103025
179256262.95090938,84262200.00000001,charging,84262200.00000001,94994062.95090936,0.0,673.1297893407825,0.0,0.0,0.277939781863566,9,249,670.1345363535861,20.91,86236057.65712118,749.0501916495176,665.8881673761919,1445.019214342699,11210.616829527762,2545018854.5002007,2347074142.895646,367.85244694858255,1178260575.3205335,27072518.21617982,1151188057.1043537,0.32888869154582107,16.74682096740463,1671540982.096,48153724.38098896,0.669414200537203
145523107.69748932,84262200.00000001,charging,84262200.00000001,61260907.69748931,0.0,434.0959909731006,0.0,0.0,0.33277295967069453,10,249,611.2714248110058,22.64,85865104.5178575,608.0909526719819,665.8870391907718,1445.0192143061452,11210.616829317247,2545018854.4524097,2346738772.3402977,367.82839022136795,1178224992.6535382,26701564.993836533,1151523427.6597016,0.32901937453910407,16.82266171517508,1661289828.9266677,47723441.18678805,0.6737943161689176
113156129.16169456,84262200.00000001,charging,84262200.00000001,28893929.16169454,0.0,204.74294756599582,0.0,0.0,0.3586352267316624,11,249,531.4030375555697,24.23,85509174.804016,472.84049572146284,665.8859475187694,1445.0192143395348,11210.61682958965,2545018854.5142503,2346416988.071473,367.80530879765183,1178190847.2923589,26345635.363832306,1151845211.9285266,0.32914478985271806,16.896049443106968,1651868248.8461826,47321376.280904025,0.6778791459737034
49170230.5715466,84262200.00000001,direct_plus_discharge,84262200.00000001,0.0,35091969.428453416,0.0,248.66238220734937,0.0,0.3272252416107341,12,249,285.1990143480154,25.25,85245144.60953356,205.4654606023689,660.7563789976493,1445.01921420055,11210.616829647231,2545018854.5273223,2346178289.518134,367.7881875429076,1178165515.650062,26081605.168195523,1152083910.4818666,0.3292378392684525,16.95088463832159,1645824216.341721,46748125.19358434,0.6806704104811435
85966681.88887283,84262200.00000001,charging,84262200.00000001,1704481.8888728172,0.0,12.07799202551274,0.0,0.0,0.3287508827086936,13,249,421.6530248249281,26.01,85210180.8099782,359.225158911005,665.8850234446336,1445.0192143110805,11210.616829313143,2545018854.451478,2346146680.309089,367.78592032799304,1178162160.9768937,26046641.28598161,1152115519.690912,0.3292501622249586,16.958171583018874,1641320819.5736904,46928079.85620503,0.6824322646263651
172314615.60490224,84262200.00000001,charging,84262200.00000001,88052415.60490222,0.0,623.9411403816314,0.0,0.0,0.4075645004411102,14,249,707.1041144961747,26.42,86159722.4950138,720.0434379144251,665.8879360086736,1445.0192142956075,11210.616829213275,2545018854.4288063,2347005129.569595,367.8474964394238,1178253253.402006,26996182.971602347,1151257070.4304035,0.32891558148945116,16.762374205888662,1638891355.527779,47398143.14798223,0.6827161476926012
210508439.05748016,84262200.00000001,charging,84262200.00000001,126246239.05748014,0.0,894.5833209149433,0.0,0.0,0.5205644988724715,15,249,771.6709619714442,26.48,86579728.23132281,879.6422731574434,665.8892039821693,1445.019214209165,11210.616829726066,2545018854.5452194,2347384851.5323386,367.87473533569437,1178293537.257748,27416188.790085897,1150877348.467662,0.3287676435951784,16.677137955512887,1638535824.2039876,47621469.38764,0.6825444772214676
221105441.3856211,84262200.00000001,charging,84262200.00000001,136843241.38562107,0.0,969.6738868219046,0.0,0.0,0.6430496214183963,16,249,746.2420653095854,25.94,86696260.20856345,923.9234965531277,665.8895536140714,1445.019214347623,11210.616829609617,2545018854.518783,2347490207.5193305,367.8822931028669,1178304713.248361,27532720.76769545,1150771992.4806657,0.3287266037791309,16.653635212960385,1641735606.1181142,47755891.907174766,0.6811351189548516
84595988.2910146,84262200.00000001,charging,84262200.00000001,333788.2910145819,0.0,2.3652303631983402,0.0,0.0,0.6433483873590108,17,249,309.50669028099657,24.64,85195107.71381316,353.4975023969916,665.8849766882795,1445.0192142023113,11210.61682961892,2545018854.5208955,2346133053.498546,367.78494292128556,1178160714.77463,26031568.273176063,1152129146.501454,0.3292554747695088,16.961314870853325,1649438784.8002717,47095057.383389525,0.6791076710963295
27580968.218341168,84262200.00000001,direct_plus_discharge,84262200.00000001,0.0,56681231.78165884,0.0,401.6443177978508,0.0,0.592614368268756,18,249,142.6438189631656,23.12,85279805.51819156,115.25136801209267,657.7214778605232,1445.0192143476258,11210.616829609624,2545018854.518785,2346209624.8582735,367.7904351266683,1178168841.219049,26116266.077319197,1152052575.1417298,0.3292256233196899,16.94366671796442,1658445578.3363326,46865600.06596745,0.6755673625625815
0.0,84262200.00000001,discharging,84262200.0,0.0,84262200.0,0.0,597.0835984213256,0.0,0.517193282152378,19,249,0.0,21.73,85326717.56373803,1.0,654.1499999999976,1445.0192143513107,11210.61682952046,2545018854.4985433,2346252035.939331,367.7934771494941,1178173342.1834738,26163178.122806944,1152010164.0606668,0.3292090899310786,16.933906912062334,1666682054.0041778,46862844.636740915,0.6722964568797539
0.0,84262200.00000001,discharging,84262200.0,0.0,84262200.0,0.0,597.0835984213256,0.0,0.441772196036,20,249,0.0,20.61,85326717.56374043,1.0,654.15,1445.0192141986208,11210.616829708051,2545018854.5411296,2346252035.977308,367.79347714940184,1178173342.1458495,26163178.12315846,1152010164.022691,0.32920908992022613,16.933906911672576,1673318638.7149594,47008936.395010956,0.6696458166980495
0.0,84262200.00000001,discharging,84262200.0,0.0,84262200.0,0.0,597.0835984213256,0.0,0.366351109919622,21,249,0.0,20.0,85326717.56374043,1.0,654.15,1445.0192141652458,11210.616829435732,2545018854.479308,2346252035.9221873,367.7934771495361,1178173342.1171575,26163178.039345644,1152010164.0778117,0.3292090899359779,16.933906912237525,1676933207.1735103,47088504.22763938,0.6682109375186164
0.0,84262200.00000001,discharging,84262200.0,0.0,84262200.0,0.0,597.0835984213256,0.0,0.290930023803244,22,249,0.0,19.19,85326717.56374043,1.0,654.15,1445.0192143073903,11210.616829230159,2545018854.432639,2346252035.88058,367.7934771496376,1178173342.1590753,26163178.039654393,1152010164.1194208,0.3292090899478685,16.933906912663957,1681732880.0447009,47194159.874244325,0.6663150830086091
0.0,84262200.00000001,discharging,84262200.0,0.0,84262200.0,0.0,597.0835984213256,0.0,0.21550893768686605,23,249,0.0,18.42,85326717.56374043,1.0,654.15,1445.0192143407785,11210.616829588591,2545018854.51401,2346252035.9531283,367.7934771494607,1178173342.170429,26163178.12355712,1152010164.046872,0.32920908992713627,16.93390691192041,1686295532.0333633,47294597.95805397,0.6645227981613943
0.0,84262200.00000001,discharging,84262200.0,0.0,84262200.0,0.0,597.0835984213256,0.0,0.1400878515704881,0,250,0.0,17.93,85326717.56374043,1.0,654.15,1445.0192143426991,11210.616829527731,2545018854.5001936,2346252035.9408092,367.79347714949074,1178173342.1819823,26163178.122792106,1152010164.0591903,0.32920908993065645,16.933906912046663,1689199037.84433,47358513.10229647,0.6633872648972735
0.0,84262200.00000001,discharging,84262200.0,0.0,84262200.0,0.0,597.0835984213256,0.0,0.06466676545411011,1,250,0.0,17.63,85326717.56374043,1.0,654.15,1445.0192141603104,11210.616829439818,2545018854.4802356,2346252035.923016,367.79347714953417,1178173342.1162994,26163178.039316423,1152010164.076983,0.32920908993574105,16.933906912229013,1690976694.4632895,47397644.823261276,0.6626939537946593
0.0,84262200.00000001,discharging,72247221.62764047,0.0,72247221.62764047,0.0,511.945226511705,0.0,8.16949626855683e-18,2,250,0.0,17.35,73160324.48254989,1.0,654.1500000000027,1445.0192143395402,11210.616829589708,2545018854.5142636,2335255141.948396,367.0051344379255,1177003843.0939798,26011763.414740816,1150992079.679239,0.33006571897437254,19.720075315198727,1692635840.640985,40670720.77975901,0.664044148506426
0.0,84262200.00000001,shutdown,0.0,0.0,0.0,0.0,0.0,0.0,8.16949626855683e-18,3,250,0.0,16.95,0.0,1.0,567.279923475184,1445.0192143024522,11210.616829234266,2545018854.433572,2259509895.5759277,362.89907080586624,1179588764.899962,25103923.744078886,1154484841.155883,0.3381619335547402,,1695006049.4662642,0.0,0.6811095697973559
0.0,84262200.00000001,shutdown,0.0,0.0,0.0,0.0,0.0,0.0,8.16949626855683e-18,4,250,0.0,16.5,0.0,1.0,567.279923475184,1445.0192142042242,11210.61682973015,2545018854.5461464,2259509895.6758738,362.89907080586624,1179588764.8828595,25103923.8269227,1154484841.0559368,0.3381619335254648,,1697672534.3947034,0.0,0.6800397707250194
0.0,84262200.00000001,shutdown,0.0,0.0,0.0,0.0,0.0,0.0,8.16949626855683e-18,5,250,0.0,16.49,0.0,1.0,567.279923475184,1445.0192143358443,11210.616829506707,2545018854.495421,2259509895.6308384,362.89907080586624,1179588764.928898,25103923.827927236,1154484841.1009707,0.33816193353865576,,1697731789.6153352,0.0,0.6800160356086334
0.0,84262200.00000001,shutdown,0.0,0.0,0.0,0.0,0.0,0.0,8.16949626855683e-18,6,250,0.0,16.41,0.0,1.0,567.279923475184,1445.0192142054807,11210.616829729115,2545018854.545912,2259509895.675665,362.89907080586624,1179588764.8830774,25103923.826931864,1154484841.0561454,0.3381619335255259,,1698205831.3803911,0.0,0.6798262140683614
0.0,84262200.00000001,shutdown,0.0,0.0,0.0,0.0,0.0,0.0,8.16949626855683e-18,7,250,3.709306551524163,17.31,0.0,1.0,567.279923475184,1445.0192143110694,11210.61682931307,2545018854.451462,2259509895.5918107,362.89907080586624,1179588764.8841743,25103923.74417304,1154484841.1400013,0.3381619335500883,,1692872861.5235128,0.0,0.6819678354941637
44521262.671603106,84262200.00000001,direct_plus_discharge,44521262.67160311,0.0,9.127152152359486e-09,0.0,6.467517879274156e-14,0.0,0.0,8,250,202.0181259795036,18.77,45013480.946139514,186.03902473285186,665.6468970463878,1445.0192143444774,11210.61682949954,2545018854.493794,2309831147.9882054,365.1860786892396,1174280993.5177565,25590878.834319886,1148690114.6834366,0.3320860473689848,31.93937158532606,1684221599.311244,25272781.461016975,0.6719472889782288
168091225.48881412,84262200.00000001,charging,84262200.00000001,83829025.4888141,0.0,594.0141153567572,0.0,0.0,0.0750333619398009,9,250,634.460469700664,20.69,86113279.17214489,702.3953450456293,665.8877950414991,1445.0192142042256,11210.61682973015,2545018854.5461464,2346963141.1767097,367.8444845061888,1178248798.554188,26949739.730846856,1151299058.8233411,0.32893194219578203,16.771850490450785,1672844596.949904,48113594.93049859,0.6689872329585043
185343516.3057671,84262200.00000001,charging,84262200.00000001,101081316.30576707,0.0,716.2641857560284,0.0,0.0,0.16550883803529923,10,250,762.9193484088886,22.67,86302997.31113586,774.4867271267971,665.8883699305186,1445.0192141640011,11210.616829350764,2545018854.4600186,2347134661.9528494,367.85678817554134,1178266995.833827,27139457.786675394,1151127538.0471516,0.3288651122292628,16.733204697533047,1661112063.2647717,47963008.48201105,0.6735383114977076
184272827.8101555,84262200.00000001,charging,84262200.00000001,100010627.8101555,0.0,708.6772661200816,0.0,0.0,0.2550259663873095,11,250,821.7368120358894,24.29,86291223.27886404,770.0126886210697,665.8883343259047,1445.019214340781,11210.61682958863,2545018854.5140185,2347124017.2731366,367.8560245934053,1178265866.5655544,27127683.838690516,1151138182.7268639,0.3288692595265106,16.735598135308198,1651512717.522391,47746530.2290179,0.6774352908481379
128815663.75312987,84262200.00000001,charging,84262200.00000001,44553463.75312985,0.0,315.7067161770387,0.0,7.450580596923828e-09,0.2949047094833565,12,250,617.096968637187,25.36,85681377.89241475,538.2762980402312,665.886476812403,1445.019214302452,11210.616829320275,2545018854.4530973,2346572670.6838703,367.81647574435476,1178207367.684495,26517838.36836507,1151689529.31613,0.3290841093681799,16.860467451213363,1645172408.9147692,47271304.996655464,0.6804891175107076
180882411.741987,84262200.00000001,charging,84262200.00000001,96620211.74198698,0.0,684.6527115021445,0.0,0.0,0.38138715725204847,13,250,807.2570808360089,25.95,86253939.9155238,755.8453074438311,665.8882215172472,1445.019214307391,11210.61682923014,2545018854.4326353,2347090309.892194,367.85360666058125,1178262290.49924,27090400.391432516,1151171890.1078074,0.32888239249738266,16.74318144922425,1641676350.8974826,47510870.74101527,0.6814945527418684
194714637.29918444,84262200.00000001,charging,84262200.00000001,110452437.29918443,0.0,782.6681325315844,0.0,0.0,0.48025050030866967,14,250,796.2631425911969,26.4,86406048.64816053,813.6454145865061,665.8886811442007,1445.019214197387,11210.616829709155,2545018854.5413804,2347227829.3856306,367.86347141633917,1178276879.8219616,27242509.207592294,1151034370.6143694,0.3288288143196682,16.712284141715887,1639009865.9690435,47536290.67587953,0.6824802073037497
205122218.39443982,84262200.00000001,charging,84262200.00000001,120860018.3944398,0.0,856.4164558748729,0.0,0.0,0.5884294210507589,15,250,757.9933990448541,26.54,86520497.6183331,857.1351118817347,665.8890259119808,1445.0192143463744,11210.616829524593,2545018854.499481,2347331301.5284333,367.87089393165814,1178287856.648948,27356958.17738166,1150930898.4715662,0.32878850423947836,16.689108141554932,1638180292.8801954,47581084.40946358,0.6827365450275146
138741846.26218867,84262200.00000001,charging,84262200.00000001,54479646.26218866,0.0,386.04383971636776,0.0,0.0,0.6371928534359843,16,250,490.9257685093313,26.23,85790533.07026361,579.7543964250442,665.8868112208148,1445.019214342688,11210.616829613733,2545018854.5197177,2346671354.5004826,367.8235543098177,1178217839.128886,26626993.629415665,1151590845.4994702,0.329045648480343,16.837986885551818,1640017204.7197871,47219458.59067243,0.6825307145945844
155093085.48895675,84262200.00000001,charging,84262200.00000001,70830885.48895673,0.0,501.9090409117628,0.0,0.0,0.7005918901827333,17,250,519.3029172133828,25.45,85970342.62196466,648.0805942096024,665.8873602396545,1445.0192141986345,11210.616829708151,2545018854.5411525,2346833915.4419584,367.835214920371,1178235087.7394524,26806803.181411162,1151428284.558041,0.3289822975172587,16.801079469734187,1644639111.9290814,47419161.386628285,0.6804897341400273
10558392.33856216,84262200.00000001,direct_plus_discharge,84262200.00000001,0.0,73703807.66143785,0.0,522.2666236562134,0.0,0.6346213692998431,18,250,92.47750579476514,23.59,85307134.7496371,44.11988554551457,655.4642276703252,1445.0192143513173,11210.616829520563,2545018854.498566,2346234331.977969,367.7922072951335,1178171463.330762,26143595.308729593,1152027868.0220323,0.32921599152640707,16.937979709264233,1655660582.9666295,46687118.43603995,0.6767288886241074
0.0,84262200.00000001,discharging,84262200.0,0.0,84262200.0,0.0,597.0835984213256,0.0,0.5592002831834652,19,250,0.0,22.85,85326717.5637394,1.0,654.1499999999997,1445.0192142091514,11210.616829725926,2545018854.5451875,2346252035.9809246,367.79347714939286,1178173342.1415424,26163178.122465752,1152010164.0190766,0.3292090899191933,16.933906911635738,1660045469.293396,46716752.87847322,0.6749681643135585
0.0,84262200.00000001,discharging,84262200.0,0.0,84262200.0,0.0,597.0835984213256,0.0,0.48377919706708716,20,250,0.0,21.81,85326717.56374043,1.0,654.15,1445.0192143358545,11210.61682950677,2545018854.4954348,2346252035.9365654,367.79347714950114,1178173342.1869304,26163178.12349582,1152010164.0634346,0.32920908993186937,16.93390691209018,1666208012.2391222,46852409.51115176,0.6724865915041098
0.0,84262200.00000001,discharging,84262200.0,0.0,84262200.0,0.0,597.0835984213256,0.0,0.4083581109507092,21,250,0.0,20.82,85326717.56374043,1.0,654.15,1445.019214302465,11210.616829320355,2545018854.4531155,2346252035.8988376,367.7934771495932,1178173342.1408756,26163178.03971266,1152010164.101163,0.32920908994265097,16.933906912476814,1672074279.081688,46981544.190335594,0.6701412185140359
0.0,84262200.00000001,discharging,84262200.0,0.0,84262200.0,0.0,597.0835984213256,0.0,0.3329370248343312,22,250,0.0,19.87,85326717.56374043,1.0,654.15,1445.0192141603231,11210.616829439952,2545018854.480266,2346252035.923044,367.79347714953417,1178173342.1163092,26163178.039352853,1152010164.0769563,0.32920908993573345,16.933906912228732,1677703525.041726,47105461.30672412,0.6679059381038176
0.0,84262200.00000001,discharging,84262200.0,0.0,84262200.0,0.0,597.0835984213256,0.0,0.2575159387179532,23,250,0.0,19.03,85326717.56374043,1.0,654.15,1445.0192142023132,11210.616829618966,2545018854.5209055,2346252035.959277,367.7934771494457,1178173342.163839,26163178.123115074,1152010164.040724,0.3292090899253794,16.933906911857385,1682680963.5748127,47215030.12542556,0.6659418648496783
0.0,84262200.00000001,discharging,84262200.0,0.0,84262200.0,0.0,597.0835984213256,0.0,0.18209485260157524,0,251,0.0,18.55,85326717.56374043,1.0,654.15,1445.0192143476306,11210.616829609662,2545018854.5187936,2346252035.9573927,367.7934771494504,1178173342.1654894,26163178.12288145,1152010164.042608,0.3292090899259178,16.93390691187672,1685525214.1651475,47277640.87896922,0.6648247148769143
0.0,84262200.00000001,discharging,84262200.0,0.0,84262200.0,0.0,597.0835984213256,0.0,0.10667376648519726,1,251,0.0,18.24,85326717.56374043,1.0,654.15,1445.019214351311,11210.616829520482,2545018854.498548,2346252035.9393373,367.7934771494943,1178173342.1834755,26163178.122812238,1152010164.0606632,0.3292090899310774,16.93390691206183,1687362126.004739,47318076.990632854,0.6641052120566207
0.0,84262200.00000001,discharging,84262200.0,0.0,84262200.0,0.0,597.0835984213256,0.0,0.03125268036881929,2,251,0.0,17.95,85326717.56374043,1.0,654.15,1445.0192143395443,11210.616829589719,2545018854.514266,2346252035.9533577,367.79347714946016,1178173342.1702192,26163178.12357642,1152010164.0466428,0.32920908992707076,16.93390691191805,1689080527.4030662,47355904.32089882,0.6634335372144355
0.0,84262200.00000001,discharging,34916224.883185126,0.0,34916224.883185126,0.0,247.41705291981935,0.0,4.084748134278415e-18,3,251,0.0,17.27,35358876.45409377,1.0,654.15,1445.019214165251,11210.616829435743,2545018854.4793105,2301116156.814766,364.56375512659315,1173341380.114921,25541312.0465176,1147800068.0684035,0.3327575092007621,40.60854807430613,1693109882.406041,19660756.90995571,0.6701423072775132
0.0,84262200.00000001,shutdown,0.0,0.0,0.0,0.0,0.0,0.0,4.084748134278415e-18,4,251,0.0,16.6,0.0,1.0,567.279923475184,1445.0192143110773,11210.616829227076,2545018854.431939,2259509895.5744786,362.89907080586624,1179588764.9014492,25103923.744118,1154484841.1573312,0.3381619335551644,,1697079982.1883836,0.0,0.6802772133748368
0.0,84262200.00000001,shutdown,0.0,0.0,0.0,0.0,0.0,0.0,4.084748134278415e-18,5,251,0.0,16.0,0.0,1.0,567.279923475184,1445.0192142956241,11210.61682929943,2545018854.4483647,2259509895.5890617,362.89907080586624,1179588764.887627,25103923.74487737,1154484841.1427495,0.33816193355089325,,1700635295.4263024,0.0,0.678855039788735
0.0,84262200.00000001,shutdown,0.0,0.0,0.0,0.0,0.0,0.0,4.084748134278415e-18,6,251,0.0,15.65,0.0,1.0,567.279923475184,1445.0192142005494,11210.616829647264,2545018854.52733,2259509895.659168,362.89907080586624,1179588764.899503,25103923.82686152,1154484841.0726414,0.33816193353035773,,1702709228.1484218,0.0,0.678028181199243
173182192.9314859,84262200.00000001,charging,84262200.00000001,88919992.93148588,0.0,630.0888102984544,0.0,0.0,0.0795901655113837,7,251,576.6274471299868,17.09,86169262.97619422,723.668744791018,665.8879649476836,1445.019214306153,11210.61682931734,2545018854.4524307,2347013754.960617,367.8481151588279,1178254168.4916544,27005723.452198934,1151248445.0394554,0.3289122206794504,16.76042883248205,1694176476.3774166,48610742.319982134,0.6605788892002125
195030921.46361834,84262200.00000001,charging,84262200.00000001,110768721.46361832,0.0,784.9093283112327,0.0,0.0,0.17873660698227622,8,251,670.7175598500062,19.13,86409526.72789565,814.9670571895866,665.8886916350402,1445.0192141584012,11210.616829414701,2545018854.4745336,2347230973.817736,367.86369698362194,1178277213.3864532,27245987.204189286,1151031226.1822639,0.3288275892844521,16.711578924239735,1682088411.3684926,48481601.5516689,0.6651168213876625
223568542.92871165,84262200.00000001,charging,84262200.00000001,139306342.92871165,0.0,987.1274725652823,0.0,0.0,0.30342639299052243,9,251,825.5429890788832,21.71,86723346.17911735,934.2159496732124,665.8896347461142,1445.0192143427014,11210.616829527782,2545018854.500205,2347514695.8586164,367.8840497987127,1178307310.8795648,27559806.73818138,1150747504.1413834,0.32871706511666304,16.64818142663308,1666800564.445442,48321718.46174919,0.6709419588385424
197979071.82056493,84262200.00000001,charging,84262200.00000001,113716871.82056491,0.0,805.7999794432086,0.0,0.0,0.4052116535517698,10,251,814.0770392914216,23.83,86441946.63115579,827.2863622645073,665.8887893818302,1445.0192143427018,11210.61682961379,2545018854.51973,2347260284.335285,367.8657995461915,1178280322.8549948,27278407.190278158,1151001915.6647167,0.32881617041883726,16.70500816917617,1654238457.6714623,47889669.25409933,0.6762134397859304
173230988.41138166,84262200.00000001,charging,84262200.00000001,88968788.41138165,0.0,630.434576024045,0.0,0.0,0.4848454947337545,11,251,782.4674664324386,25.57,86169799.56508799,723.8726442976007,665.8879665751219,1445.0192142023236,11210.616829619055,2545018854.520926,2347014240.141641,367.8481499575692,1178254219.982847,27006260.124487754,1151247959.8583593,0.3289120316395528,16.760319430294963,1643928049.281498,47513683.49427871,0.6806311666255741
161854306.69222564,84262200.00000001,charging,84262200.00000001,77592106.69222562,0.0,549.8191866920813,0.0,0.0,0.5542963393685437,12,251,760.3295418261852,26.8,86044693.6932409,676.3334092282904,665.8875865895911,1445.0192141689292,11210.61682943263,2545018854.4786043,2346901134.447005,367.8400366457443,1178242219.7218497,26881154.16885482,1151361065.552995,0.3289561037970863,16.78586336281862,1636639657.1437643,47285740.39082016,0.683736385969764
184935488.54124424,84262200.00000001,charging,84262200.00000001,100673288.54124422,0.0,713.3728930304989,0.0,0.0,0.6444065995408172,13,251,830.3994623993301,27.83,86298510.35525015,772.7817196130688,665.8883563631294,1445.019214302466,11210.6168293204,2545018854.4531255,2347130605.3559914,367.8564971826104,1178266565.4752448,27134970.831214048,1151131594.6440308,0.3288666927230732,16.734116733927596,1630536369.4186702,47291782.878311515,0.686084324588372
195109106.70268795,84262200.00000001,charging,84262200.00000001,110846906.70268793,0.0,785.46335044556,0.0,0.0,0.7436230227549933,14,251,803.4015155192554,28.23,86410386.50693484,815.2937663786836,665.888694228239,1445.0192143407842,11210.616829502596,2545018854.494488,2347231751.1518755,367.8637527436413,1178277295.9148202,27246847.06669946,1151030448.8481207,0.3288272864476145,16.71140460336119,1628166160.593391,47301204.27995175,0.6869906707703215
212096025.67405203,84262200.00000001,charging,84262200.00000001,127833825.67405201,0.0,905.8329907529998,0.0,0.0,0.8580440321132669,15,251,785.9376193245259,27.59,86597186.4333446,886.2762509043132,665.889256421934,1445.0192143061436,11210.616829317223,2545018854.4524045,2347400635.301962,367.8758675936498,1178295211.6073563,27433646.90931751,1150861564.6980388,0.3287614950838196,16.67361287246451,1631958494.7138379,47486722.34821448,0.6852629386216631
216002823.11980885,84262200.00000001,charging,84262200.00000001,131740623.11980884,0.0,933.5166339193985,0.0,0.0,0.975961922713612,16,251,735.3830427705267,26.69,86640148.2839655,902.6014120300999,665.8893853780748,1445.0192142042306,11210.616829644116,2545018854.526615,2347439476.949838,367.87865390940044,1178299331.8927946,27476608.842633404,1150822723.0501611,0.32874636475111596,16.66494425114888,1637291464.5707157,47627389.36047782,0.6830137370503642
146862756.94955164,84262200.00000001,charging,84262200.00000001,26855901.71421731,0.0,190.30144518389406,0.0,35744655.23533432,0.9999999999999986,17,251,495.1872828916612,25.83,85486763.2426334,464.32428086241566,665.8858784768571,1445.0192142992978,11210.616829296234,2545018854.4476395,2346396726.5840325,367.80385548036304,1178188697.1352706,26323223.7193059,1151865473.4159646,0.3291526876211537,16.90069084232272,1642387413.545066,47103560.804483436,0.6817825551624687
41789045.12110693,84262200.00000001,direct_plus_discharge,84262200.00000001,0.0,42473154.878893085,0.0,300.96560677736596,0.0,0.9619832917754892,18,251,183.85719588221832,24.44,85256994.8798452,174.62202849441186,659.6960789417318,1445.0192143426905,11210.616829613748,2545018854.519721,2346189002.7966166,367.78895597165194,1178166652.6423395,26093455.438952077,1152073197.2033875,0.3292336627144319,16.948416232537877,1650623889.2129114,46797422.48554861,0.6787196491898699
0.0,84262200.00000001,discharging,84262200.0,0.0,84262200.0,0.0,597.0835984213256,0.0,0.8865622056591113,19,251,0.0,22.77,85326717.5637362,1.0,654.149999999996,1445.0192142005485,11210.616829647264,2545018854.52733,2346252035.9649973,367.7934771494314,1178173342.157411,26163178.122411344,1152010164.0349998,0.329209089923744,16.933906911799607,1660519511.0584524,46727188.00406186,0.6747766240623533
0.0,84262200.00000001,discharging,84262200.0,0.0,84262200.0,0.0,597.0835984213256,0.0,0.8111411195427333,20,251,0.0,21.19,85326717.56374043,1.0,654.15,1445.0192143005565,11210.616829295299,2545018854.4474273,2346252035.893763,367.79347714960556,1178173342.1466835,26163178.040446684,1152010164.1062367,0.32920908994410086,16.933906912528855,1669881835.918305,46933281.73447901,0.6710158550335088
0.0,84262200.00000001,discharging,84262200.0,0.0,84262200.0,0.0,597.0835984213256,0.0,0.7357200334263553,21,251,0.0,19.96,85326717.56374043,1.0,654.15,1445.019214165245,11210.616829349654,2545018854.459767,2346252035.9047637,367.79347714957873,1178173342.134504,26163178.039267205,1152010164.0952368,0.32920908994095743,16.93390691241613,1677170228.0560384,47093721.79043469,0.6681170618905596
0.0,84262200.00000001,discharging,84262200.0,0.0,84262200.0,0.0,597.0835984213256,0.0,0.6602989473099773,22,251,0.0,18.87,85326717.56374043,1.0,654.15,1445.019214351319,11210.616829606599,2545018854.5180984,2346252035.9567704,367.79347714945175,1178173342.1661294,26163178.122899737,1152010164.0432296,0.3292090899260954,16.933906911883106,1683629047.1049242,47235900.37660678,0.6655690645994332
0.0,84262200.00000001,discharging,84262200.0,0.0,84262200.0,0.0,597.0835984213256,0.0,0.5848778611935993,23,251,0.0,18.07,85326717.56374043,1.0,654.15,1445.0192142992998,11210.616829296228,2545018854.4476385,2346252035.89395,367.793477149605,1178173342.1464608,26163178.040410582,1152010164.1060503,0.32920908994404763,16.933906912526965,1688369464.7554827,47340251.6325129,0.6637113068096309
0.0,84262200.00000001,discharging,84262200.0,0.0,84262200.0,0.0,597.0835984213256,0.0,0.5094567750772213,0,252,0.0,17.48,85326717.56374043,1.0,654.15,1445.0192141603136,11210.616829353841,2545018854.460717,2346252035.905613,367.79347714957663,1178173342.133651,26163178.039264254,1152010164.0943868,0.32920908994071457,16.93390691240739,1691865522.7727692,47417210.68374367,0.6623478414029748
0.0,84262200.00000001,discharging,84262200.0,0.0,84262200.0,0.0,597.0835984213256,0.0,0.4340356889608433,1,252,0.0,17.19,85326717.56374043,1.0,654.15,1445.0192142091648,11210.61682972606,2545018854.5452175,2346252035.9809523,367.79347714939286,1178173342.1415505,26163178.12250218,1152010164.0190485,0.3292090899191852,16.933906911635248,1693583924.1710968,47455038.01400964,0.6616797148371727
0.0,84262200.00000001,discharging,84262200.0,0.0,84262200.0,0.0,597.0835984213256,0.0,0.35861460284446534,2,252,0.0,16.76,85326717.56374043,1.0,654.15,1445.0192143358477,11210.616829506713,2545018854.4954224,2346252035.936554,367.7934771495011,1178173342.1869254,26163178.123481464,1152010164.063444,0.32920908993187203,16.933906912090276,1696131898.658272,47511126.81405919,0.6606915218505683
0.0,84262200.00000001,discharging,84262200.0,0.0,84262200.0,0.0,597.0835984213256,0.0,0.28319351672808735,3,252,0.0,16.15,85326717.56374043,1.0,654.15,1445.0192143463842,11210.616829610704,2545018854.51903,2346252035.9576044,367.7934771494499,1178173342.1652737,26163178.12287581,1152010164.042398,0.32920908992585773,16.93390691187456,1699746467.1168227,47590694.64668761,0.6592947195604338
0.0,84262200.00000001,discharging,84262200.0,0.0,84262200.0,0.0,597.0835984213256,0.0,0.20777243061170936,4,252,0.0,15.73,85326717.56374043,1.0,654.15,1445.0192143110712,11210.61682931305,2545018854.451457,2346252035.8973565,367.7934771495967,1178173342.1423635,26163178.039718445,1152010164.1026452,0.3292090899430745,16.933906912492038,1702235186.3833659,47645479.05603833,0.6583364150796931
0.0,84262200.00000001,discharging,84262200.0,0.0,84262200.0,0.0,597.0835984213256,0.0,0.1323513444953314,5,252,0.0,15.51,85326717.56374043,1.0,654.15,1445.0192141534824,11210.6168293329,2545018854.455963,2346252035.901373,367.7934771495869,1178173342.138605,26163178.03997789,1152010164.0986273,0.3292090899419264,16.933906912450876,1703538801.2372692,47674175.65141252,0.6578355570122392
0.0,84262200.00000001,discharging,84262200.0,0.0,84262200.0,0.0,597.0835984213256,0.0,0.05693025837895343,6,252,0.0,15.44,85326717.56374043,1.0,654.15,1445.0192143073862,11210.616829316159,2545018854.4521627,2346252035.897988,367.79347714959533,1178173342.1417246,26163178.03971185,1152010164.1020126,0.3292090899428938,16.933906912485533,1703953587.7816935,47683306.3863043,0.6576763528660435
141055228.36875188,84262200.00000001,charging,84262200.00000001,56793028.36875187,0.0,402.43651060212994,0.0,0.0,0.10776434392869616,7,252,480.3726998820647,17.49,85815972.62223879,589.421223579313,665.8868890356555,1445.0192143476258,11210.616829523591,2545018854.4992537,2346694353.630539,367.82520404386577,1178220279.550765,26652433.181301553,1151567846.3694634,0.3290366851793784,16.83275581309017,1691806267.5521374,48359830.00461178,0.6617574310787361
185542729.28212276,84262200.00000001,charging,84262200.00000001,101280529.28212275,0.0,717.6758128055793,0.0,0.0,0.1984181308094009,8,252,641.647214966732,20.0,86305187.99500161,775.319169551189,665.8883765540663,1445.0192141974037,11210.616829709323,2545018854.541418,2347136642.5906506,367.8569302480339,1178267205.9638278,27141648.55447873,1151125557.4093492,0.3288643405601789,16.732759444211634,1676933207.1735103,48310282.61512001,0.6672249825735499
202663624.8367113,84262200.00000001,charging,84262200.00000001,118401424.83671127,0.0,838.9948138040032,0.0,0.0,0.30439642307938025,9,252,756.4459456521347,22.28,86493461.22071299,846.8614960800421,665.8889445492296,1445.019214342699,11210.616829613817,2545018854.519737,2347306858.1721597,367.86914049395165,1178285263.6076837,27329921.779843543,1150955341.82784,0.3287980265006614,16.694577499495022,1663423016.869419,48119549.98881372,0.6724666766194275
188044503.74682844,84262200.00000001,charging,84262200.00000001,103782303.74682842,0.0,735.4034356284471,0.0,0.0,0.3972894886324473,10,252,780.9675511042619,24.07,86332699.23978287,785.7732234927512,665.8884597059629,1445.0192141652365,11210.616829349592,2545018854.459753,2347161515.043829,367.8587144413308,1178269844.6714623,27169159.71529267,1151100684.9561696,0.3288546500754544,16.727169757004933,1652816332.3762946,47798009.99260942,0.6768734428951841
174292149.7967758,84262200.00000001,charging,84262200.00000001,90029949.79677577,0.0,637.9539863705216,0.0,0.0,0.4778731500687237,11,252,792.7732266987082,25.74,86181468.83065829,728.3068722906178,665.888001962216,1445.0192142956123,11210.616829299333,2545018854.4483433,2347024790.0446706,367.84890673416726,1178255339.2626495,27017929.307319637,1151237409.95533,0.32890792097700455,16.75794059834211,1642920710.5307539,47498117.96250874,0.6810367883688764
139488106.17431659,84262200.00000001,charging,84262200.00000001,55225906.17431657,0.0,391.3318520598731,0.0,0.0,0.5273045419078656,12,252,672.7363655526445,26.86,85798739.46116869,582.8727596051341,665.8868363276613,1445.0192143061445,11210.616829231189,2545018854.4328732,2346678773.576829,367.82408648714556,1178218626.3602467,26635199.937081255,1151583426.4231653,0.3290427570702148,16.836299087429868,1636284125.8199723,47142802.11346121,0.6840709313334101
178033406.65002018,84262200.00000001,charging,84262200.00000001,93771206.65002017,0.0,664.4646056583352,0.0,0.0,0.6112369131489185,13,252,809.8528167634385,27.48,86222610.2822669,743.9402962881951,665.8881266476156,1445.019214200555,11210.61682973335,2545018854.5468726,2347061985.3922653,367.8515748522365,1178259285.4487534,27059070.841019597,1151200214.6077337,0.3288934284425121,16.74955886245483,1632610302.1407895,47295495.81387032,0.6852766482557281
191896941.67553765,84262200.00000001,charging,84262200.00000001,107634741.67553763,0.0,762.7018861930952,0.0,0.0,0.7075782040364673,14,252,798.3869467075987,26.59,86375063.3155041,801.8712349168081,665.8885876467727,1445.019214202322,11210.616829705074,2545018854.540454,2347199815.919389,367.8614618999734,1178273907.9555783,27211523.874966964,1151062384.0806115,0.32883972810340556,16.718569257600485,1637884016.777036,47494592.98084379,0.6829696172814085
190727681.91798836,84262200.00000001,charging,84262200.00000001,106465481.91798835,0.0,754.4164886657725,0.0,0.0,0.8028729183942491,15,252,718.5692719462171,24.49,86362205.32536407,796.9853010528393,665.8885488284798,1445.0192143426918,11210.616829527715,2545018854.5001903,2347188191.1381083,367.8606280128373,1178272674.746302,27198665.884406548,1151074008.8618953,0.3288442570630776,16.72117871772071,1650327613.1097515,47759879.39820288,0.6778649592205882
206131933.90350842,84262200.00000001,charging,84262200.00000001,121869733.9035084,0.0,863.5713197347828,0.0,1.4901161193847656e-08,0.9119556114133797,16,252,707.7537333566256,24.71,86531601.14941512,861.3543652742171,665.889059312018,1445.0192143426962,11210.616829613766,2545018854.519725,2347341340.159633,367.871614049537,1178288921.548897,27368061.708531395,1150920859.8403656,0.32878459359214346,16.686862930101494,1649023998.255848,47824999.2644191,0.6782694638841127
174053050.53439677,84262200.00000001,charging,84262200.00000001,89790850.53439674,0.0,636.2597243175352,0.0,1.4901161193847656e-08,0.9923252608008578,17,252,578.0495500609569,24.24,86178839.52956514,727.30775881274,665.8879939896838,1445.0192143042366,11210.616829206088,2545018854.427175,2347022412.9228325,367.8487362184093,1178255087.0833626,27015300.00619314,1151239787.0771694,0.3289088471924765,16.758476537246942,1651808993.625551,47690797.51796157,0.6773991930311183
3994420.6016605683,84262200.00000001,direct_plus_discharge,84262200.00000001,0.0,80267779.39833945,0.0,568.7790558571894,0.0,0.9204794853241601,18,252,73.25787535495473,23.33,85317673.00797845,16.69130811915909,654.6236815807298,1445.0192142091614,11210.616829726006,2545018854.5452056,2346243859.194247,367.7928906516673,1178172474.3724794,26154133.566760264,1152018340.8057191,0.3292122774939309,16.935787749183604,1657201218.7030613,46677177.09385988,0.6761153516867666
0.0,84262200.00000001,discharging,84262200.0,0.0,84262200.0,0.0,597.0835984213256,0.0,0.8450583992077823,19,252,0.0,22.93,85326717.56373967,1.0,654.1499999999988,1445.0192143463848,11210.616829610706,2545018854.5190306,2346252035.9576044,367.79347714944987,1178173342.1652725,26163178.12287824,1152010164.0423942,0.3292090899258567,16.933906911874658,1659571427.5283403,46706317.752882704,0.675159813358829
0.0,84262200.00000001,discharging,84262200.0,0.0,84262200.0,0.0,597.0835984213256,0.0,0.7696373130914043,20,252,0.0,21.39,85326717.56374043,1.0,654.15,1445.019214295609,11210.616829213277,2545018854.428807,2346252035.8771605,367.7934771496459,1178173342.163168,26163178.040327992,1152010164.12284,0.32920908994884557,16.933906912699026,1668696731.5056653,46907193.920502484,0.671489582793227
0.0,84262200.00000001,discharging,84262200.0,0.0,84262200.0,0.0,597.0835984213256,0.0,0.6942162269750263,21,252,0.0,20.47,85326717.56374043,1.0,654.15,1445.019214163999,11210.616829436802,2545018854.479551,2346252035.9224076,367.79347714953565,1178173342.11694,26163178.039347075,1152010164.0775928,0.32920908993591536,16.933906912235233,1674148211.8038073,47027197.86479452,0.6693159556000181
0.0,84262200.00000001,discharging,84262200.0,0.0,84262200.0,0.0,597.0835984213256,0.0,0.6187951408586483,22,252,0.0,19.95,85326717.56374043,1.0,654.15,1445.019214346383,11210.616829524686,2545018854.499502,2346252035.940192,367.79347714949233,1178173342.1826224,26163178.122813053,1152010164.0598094,0.3292090899308334,16.933906912053025,1677229483.2766702,47095026.18113351,0.6680935970817043
