Q_solar,Q_design,mode,Q_to_pb,Q_to_storage,Q_from_storage,m_dot_charge,m_dot_discharge,Q_defocus,tank_soc,hour,day_of_year,DNI,T_amb,Q_sg_oil,m_oil_field,T_sg_oil_in,m_steam,m_orc,Q_nuclear_condenser,Q_orc_condenser,T_orc_live,P_turbine,P_pumps,P_net,efficiency,solar_efficiency,ex_nuclear,ex_solar,efficiency_II
0.0,102987133.33333334,shutdown,0.0,0.0,0.0,0.0,0.0,0.0,0.0,23,222,0.0,27.35,0.0,1.0,567.279923475184,1445.0192141534708,11210.61682941886,2545018854.4754777,2259509895.613089,362.89907080586624,1179588764.8631458,25103923.744471643,1154484841.1186743,0.33816193354384133,,1633380620.0090048,0.0,0.7068069909586104
0.0,102987133.33333334,shutdown,0.0,0.0,0.0,0.0,0.0,0.0,0.0,0,223,0.0,26.49,0.0,1.0,567.279923475184,1445.01921434638,11210.616829524635,2545018854.4994907,2259509895.634452,362.89907080586624,1179588764.924609,25103923.827249113,1154484841.09736,0.3381619335375981,,1638476568.9833553,0.0,0.7046086974644359
0.0,102987133.33333334,shutdown,0.0,0.0,0.0,0.0,0.0,0.0,0.0,1,223,0.0,25.36,0.0,1.0,567.279923475184,1445.0192143110876,11210.61682931321,2545018854.4514933,2259509895.591839,362.89907080586624,1179588764.8841846,25103923.744212776,1154484841.1399717,0.3381619335500796,,1645172408.9147692,0.0,0.7017409451338432
0.0,102987133.33333334,shutdown,0.0,0.0,0.0,0.0,0.0,0.0,0.0,2,223,0.0,24.29,0.0,1.0,567.279923475184,1445.0192141986447,11210.616829708228,2545018854.5411696,2259509895.671455,362.89907080586624,1179588764.8880131,25103923.827656988,1154484841.0603561,0.3381619335267593,,1651512717.522391,0.0,0.6990468973150391
0.0,102987133.33333334,shutdown,0.0,0.0,0.0,0.0,0.0,0.0,0.0,3,223,0.0,23.04,0.0,1.0,567.279923475184,1445.0192143463692,11210.616829610619,2545018854.5190105,2259509895.651782,362.89907080586624,1179588764.90733,25103923.827300828,1154484841.0800292,0.3381619335325218,,1658919620.1013885,0.0,0.6959257260514349
0.0,102987133.33333334,shutdown,0.0,0.0,0.0,0.0,0.0,0.0,0.0,4,223,0.0,22.04,0.0,1.0,567.279923475184,1445.0192141603186,11210.616829439874,2545018854.4802485,2259509895.617368,362.89907080586624,1179588764.858222,25103923.74378052,1154484841.1144414,0.3381619335426015,,1664845142.1645865,0.0,0.6934487850403981
0.0,102987133.33333334,shutdown,0.0,0.0,0.0,0.0,0.0,0.0,0.0,5,223,0.0,21.02,0.0,1.0,567.279923475184,1445.0192143042304,11210.616829206077,2545018854.427172,2259509895.570246,362.89907080586624,1179588764.9063792,25103923.744813975,1154484841.1615653,0.3381619335564046,,1670889174.6690485,0.0,0.6909404038662427
74616793.12353167,102987133.33333334,direct_partial,74616793.12353167,0.0,0.0,0.0,0.0,0.0,0.0,6,223,295.48703842435293,20.83,75439962.69554041,311.7978823688864,665.8498495068521,1445.0192143476281,11210.616829609608,2545018854.518781,2337315311.1523776,367.1527563207378,1177223312.1023538,25921830.131134674,1151301481.971219,0.3299387564421243,19.131186291946193,1672015023.8610563,42132393.05403561,0.6716467152184539
173411329.25441748,102987133.33333334,charging,102987133.33333334,70424195.92108414,0.0,499.0272306738888,0.0,0.0,0.06303501861143859,7,223,582.7343139944613,25.06,104896716.05131847,724.6262265759237,665.9346457401779,1445.0192141689301,11210.616829346609,2545018854.4590755,2363950065.276387,369.0639758947243,1180045311.2504983,27008243.193454076,1153037068.0570443,0.32767005146741246,13.802277325204109,1646950065.5337286,57923263.18509169,0.6763183215045833
214102549.8664209,102987133.33333334,charging,102987133.33333334,111115416.53308755,0.0,787.3660163591785,0.0,0.0,0.16249177857259797,8,223,712.7758799170493,29.36,105344184.89644693,894.660824509169,665.9355585318859,1445.019214197386,11210.616829623137,2545018854.5218525,2364354862.586827,369.0930595315565,1180087982.8689897,27455712.12248288,1152632270.746507,0.3275133690228772,13.74021205967333,1621470320.661977,57490201.18174746,0.686515409832723
223445875.131732,102987133.33333334,charging,102987133.33333334,120458741.79839864,0.0,853.5730020613419,0.0,0.0,0.2703115262013991,9,223,771.1695635197646,31.92,105446930.57239307,933.703363193252,665.9357670315096,1445.0192143476293,11210.616829609644,2545018854.5187893,2364447811.032244,369.0997377854592,1180097780.0992856,27558457.798196983,1152539322.3010886,0.327477397738071,13.726035273440074,1606300984.1801906,57140927.64794308,0.6928641836578714
224966777.0974966,102987133.33333334,charging,102987133.33333334,121979643.76416326,0.0,864.3501431585931,0.0,0.0,0.3794925969161687,10,223,815.5964308468866,33.72,105463655.4638089,940.0586887488679,665.9358009326129,1445.019214342697,11210.616829613773,2545018854.5197268,2364462941.165494,369.1008248757046,1180099374.8574326,27575182.689594664,1152524192.1678379,0.3274715425398969,13.723730196657053,1595635044.466434,56864928.81950588,0.6974427901962883
219151842.53611672,102987133.33333334,charging,102987133.33333334,116164709.20278338,0.0,823.1454030438889,0.0,0.0,0.48346885835329156,11,223,825.3000262252257,35.1,105399710.41586135,915.7600797299739,665.9356712590181,1445.0192143042425,11210.616829206132,2545018854.4271846,2364405093.3944273,369.0966685647675,1180093277.4980736,27511237.55916649,1152582039.9389071,0.3274939292992995,13.732547251116722,1587457824.0192208,56612023.95019315,0.7010541804914542
216226389.28255615,102987133.33333334,charging,102987133.33333334,113239255.9492228,0.0,802.4155840307451,0.0,0.0,0.5848266163361225,12,223,817.8287812436515,36.01,105367540.10567136,903.5356180338147,665.9356059617503,1445.0192141639989,11210.616829436747,2545018854.4795384,2364375990.7150164,369.09457756460404,1180090209.866249,27479067.24793013,1152611142.618319,0.3275051921924901,13.736987094786473,1582065598.9417107,56450755.34834693,0.7034480550654781
232185456.73250136,102987133.33333334,charging,102987133.33333334,129198323.39916801,0.0,915.5018483397939,0.0,0.0,0.7004689550737807,13,223,845.4780312646234,36.5,105543037.06484285,970.2230650169238,665.9359616917193,1445.0192143061374,11210.616829231161,2545018854.4328666,2364534753.5714273,369.10598457646626,1180106943.969315,27654564.207407072,1152452379.761908,0.3274437526762017,13.712799537418492,1579162093.1307435,56467144.9263466,0.7045926747622023
250447810.71138638,102987133.33333334,charging,102987133.33333334,147460677.37805304,0.0,1044.90924607397,0.0,0.0,0.8324574914199663,14,223,858.2632849960625,36.6,105743862.5579792,1046.5351532121429,665.9363673166981,1445.0192143042368,11210.616829292168,2545018854.4467163,2364716430.9752135,369.1190381772924,1180126092.059472,27855389.70135216,1152270702.35812,0.32737345311278004,13.685219600773722,1578569540.9244237,56558740.62311238,0.7046974328323495
252519431.10413295,102987133.33333334,charging,102987133.33333334,149532297.7707996,0.0,1059.588788723748,0.0,0.0,0.9663002857850713,15,223,818.1172209769102,36.46,105766643.53065093,1055.1917414209329,665.9364132323705,1445.0192141603252,11210.616829439967,2545018854.4802694,2364737039.955054,369.1205189526696,1180128264.051215,27878170.672937512,1152250093.3782773,0.3273654790427993,13.682097637590896,1579399114.0132716,56593164.12204203,0.7043126723627324
227435729.8282187,102987133.33333334,charging,102987133.33333334,37650108.28323955,0.0,266.78940420151895,0.0,86798488.21164581,1.0,16,223,725.5211752845889,35.9,104536309.48373964,587.6746008857874,665.9339048774059,1445.01921430246,11210.616829234326,2545018854.433585,2363624032.059031,369.0405520154534,1180010937.900616,26647836.62631373,1153363101.2743022,0.3277962765839783,13.852653039278922,1582717406.3686626,56022566.28891428,0.7038109282242445
204645567.79672608,102987133.33333334,charging,102987133.33333334,0.0,0.0,0.0,0.0,101658434.46339273,1.0,17,223,658.5077342976938,35.12,104122282.81601858,430.3477640939877,665.932543281518,1445.0192141534778,11210.616829418906,2545018854.475488,2363249497.417084,369.01364438555265,1179971445.87523,26233809.95898126,1153737635.9162488,0.3279413116342164,13.91095382054296,1587339313.577957,55922541.79491495,0.7021021221565779
131275595.24071562,102987133.33333334,charging,102987133.33333334,0.0,0.0,0.0,0.0,28288461.90738228,1.0,18,223,459.082031740249,34.05,104122282.8160188,430.3477640939877,665.932543281518,1445.0192143024633,11210.616829234337,2545018854.433588,2363249497.379725,369.01364438566395,1179971445.9122045,26233809.958596233,1153737635.9536083,0.3279413116448356,13.910953820856728,1593679622.1855786,56089842.28764087,0.6993326405892736
0.0,102987133.33333334,discharging,102987133.33333334,0.0,102987133.33333334,0.0,729.7688425149536,0.0,0.9078186725244268,19,223,0.0,32.53,104287625.54810001,1.0,654.149999999995,1445.0192143061454,11210.616829317225,2545018854.452405,2363399068.292701,369.0243898733521,1179987217.731372,26399152.690746315,1153588065.0406258,0.3278833875501901,13.88761572899013,1602686415.7216399,55554702.85828353,0.6956696780191592
0.0,102987133.33333334,discharging,102987133.33333334,0.0,102987133.33333334,0.0,729.7688425149536,0.0,0.8156373450488537,20,223,0.0,30.58,104287625.54810615,1.0,654.15,1445.0192141584077,11210.616829414792,2545018854.4745545,2363399068.3124523,369.02438987329356,1179987217.7119708,26399152.69108989,1153588065.020881,0.32788338754457746,13.887615728823777,1614241183.7448757,55865580.898215026,0.6907271375955464
0.0,102987133.33333334,discharging,102987133.33333334,0.0,102987133.33333334,0.0,729.7688425149536,0.0,0.7234560175732806,21,223,0.0,29.88,104287625.54810615,1.0,654.15,1445.0192142054716,11210.616829643051,2545018854.5263734,2363399068.3586564,369.02438987315566,1179987217.748116,26399152.77343783,1153588064.9746783,0.3278833875314453,13.887615728436309,1618389049.1891143,55977178.14331733,0.6889699792933311
0.0,102987133.33333334,discharging,102987133.33333334,0.0,102987133.33333334,0.0,729.7688425149536,0.0,0.6312746900977074,22,223,0.0,28.58,104287625.54810615,1.0,654.15,1445.0192143463823,11210.6168296107,2545018854.519029,2363399068.352102,369.0243898731751,1179987217.7551396,26399152.773908403,1153588064.9812312,0.32788338753330787,13.88761572849132,1626092227.8712716,56184430.169935904,0.6857302926169317
0.0,102987133.33333334,discharging,102987133.33333334,0.0,102987133.33333334,0.0,729.7688425149536,0.0,0.5390933626221344,23,223,0.0,27.37,104287625.54810615,1.0,654.15,1445.0192143395416,11210.616829503677,2545018854.494733,2363399068.330443,369.0243898732398,1179987217.7774308,26399152.77454051,1153588065.0028903,0.327883387539464,13.887615728672914,1633262109.5677412,56377333.97932704,0.6827421491659531
0.0,102987133.33333334,discharging,102987133.33333334,0.0,102987133.33333334,0.0,729.7688425149536,0.0,0.44691203514656125,0,224,0.0,26.4,104287625.54810615,1.0,654.15,1445.0192143061395,11210.616829317196,2545018854.4523983,2363399068.292701,369.02438987335256,1179987217.73137,26399152.690737266,1153588065.0406327,0.3278833875501915,13.88761572898938,1639009865.9690435,56531975.87611166,0.6803654363287508
0.0,102987133.33333334,discharging,102987133.33333334,0.0,102987133.33333334,0.0,729.7688425149536,0.0,0.35473070767098813,1,224,0.0,25.51,104287625.54810615,1.0,654.15,1445.0192141603204,11210.616829439892,2545018854.4802527,2363399068.317533,369.0243898732783,1179987217.7061694,26399152.69037021,1153588065.015799,0.32788338754313306,13.887615728781155,1644283580.6052895,56673863.80202745,0.6781992511386763
0.0,102987133.33333334,discharging,102987133.33333334,0.0,102987133.33333334,0.0,729.7688425149536,0.0,0.26254938019541507,2,224,0.0,24.82,104287625.54810615,1.0,654.15,1445.0192143395411,11210.616829503679,2545018854.4947333,2363399068.3304434,369.0243898732398,1179987217.7774305,26399152.77454007,1153588065.0028903,0.327883387539464,13.887615728672918,1648372190.828896,56783866.800771154,0.6765293181472727
0.0,102987133.33333334,discharging,102987133.33333334,0.0,102987133.33333334,0.0,729.7688425149536,0.0,0.17036805271984198,3,224,0.0,24.16,104287625.54810615,1.0,654.15,1445.0192143061345,11210.616829317196,2545018854.4523983,2363399068.292701,369.02438987335256,1179987217.7313695,26399152.690738365,1153588065.040631,0.32788338755019103,13.887615728989362,1652283035.3906069,56889087.060439035,0.6749396680928325
0.0,102987133.33333334,discharging,102987133.33333334,0.0,102987133.33333334,0.0,729.7688425149536,0.0,0.07818672524426891,4,224,0.0,23.78,104287625.54810615,1.0,654.15,1445.0192142054789,11210.616829643108,2545018854.5263863,2363399068.3586674,369.02438987315554,1179987217.7481198,26399152.77345505,1153588064.9746647,0.3278833875314415,13.887615728436192,1654534733.7746222,56949668.42206602,0.6740277991981907
0.0,102987133.33333334,discharging,87352036.66666616,0.0,87352036.66666616,0.0,618.9782415171288,0.0,0.0,5,224,0.0,23.32,88455492.85391055,1.0,654.15,1445.0192143358447,11210.616829592753,2545018854.5149546,2349080770.3801656,367.99640234604243,1178473383.03355,26202116.74704937,1152271266.2865007,0.32898955279731307,16.341278407832764,1657260473.923693,48366216.7453745,0.6755706114299246
86630450.47318651,102987133.33333334,direct_partial,86630450.47318651,0.0,0.0,0.0,0.0,0.0,0.0,6,224,331.38675910712817,22.73,87585730.54225405,361.998819240113,665.8914794448935,1445.0192142005496,11210.616829733266,2545018854.5468535,2348294386.7480273,367.9399838616471,1178390004.352956,26053940.62779725,1152336063.7251587,0.3290897760046299,16.503341871672013,1660756531.9409797,48668179.0300384,0.6741075265435867
178781173.3308209,102987133.33333334,charging,102987133.33333334,75794039.99748755,0.0,537.0780509005193,0.0,0.0,0.06784143800848665,7,224,598.8100526674673,24.17,104955766.57593766,747.0649557357497,665.934766642169,1445.0192143426862,11210.616829527671,2545018854.5001802,2364003484.319698,369.06781385214435,1180050942.8152752,27067293.80163786,1152983649.0136373,0.3276493725681381,13.794056535951585,1652223780.1699748,58096148.96548542,0.6741333182011464
220477638.19004697,102987133.33333334,charging,102987133.33333334,117490504.85671362,0.0,832.5400169967648,0.0,0.0,0.17300438752386746,8,224,732.7396056931765,28.69,105414289.78313692,921.30012319801,665.9357008382034,1445.0192143005609,11210.616829295273,2545018854.4474216,2364418282.581246,369.097616194293,1180094667.6785905,27525816.926504668,1152568850.752086,0.32748882508603616,13.730536035782478,1625440420.4443197,57634527.88106006,0.6847994807948778
221377451.8697555,102987133.33333334,charging,102987133.33333334,118390318.53642216,0.0,838.9161143427766,0.0,0.0,0.2789727388092708,9,224,766.0042253849584,30.95,105424184.75758244,925.0601346929453,665.9357209088604,1445.019214204236,11210.616829644185,2545018854.526631,2364427234.10612,369.09825934842365,1180095611.2101493,27535711.98293743,1152559899.227212,0.32748536087774827,13.729171346082982,1612048740.5814924,57282159.06623428,0.6904322561035878
222859110.42379528,102987133.33333334,charging,102987133.33333334,119871977.09046194,0.0,849.4151758564542,0.0,0.0,0.3862672873385071,10,224,811.274459186228,32.45,105440478.10126244,931.2514755453793,665.9357539495788,1445.0192142042397,11210.616829730243,2545018854.546168,2364441973.846482,369.09931838599346,1180097164.8135393,27552005.326690957,1152545159.4868484,0.32747965668356643,13.726924768403421,1603160457.4866955,57053512.967407316,0.6942148301351804
216645818.5925656,102987133.33333334,charging,102987133.33333334,113658685.25923225,0.0,805.3876683307493,0.0,0.0,0.4880004664960755,11,224,820.2450952299513,33.79,105372152.44086602,905.2882686797341,665.9356153260208,1445.0192143395295,11210.616829589642,2545018854.514249,2364380163.272363,369.09487735577704,1180090649.7283163,27483679.6673471,1152606970.060969,0.3275035773814306,13.736350376904532,1595220257.92201,56804501.56614092,0.6976935202945039
218237615.91327867,102987133.33333334,charging,102987133.33333334,115250482.57994533,0.0,816.6671753007643,0.0,0.0,0.5911584254814352,12,224,829.3091745931756,34.72,105389656.94670732,911.9398415091556,665.9356508573933,1445.019214346386,11210.616829524675,2545018854.4995003,2364395998.6301274,369.09601511018343,1180092318.8756518,27501184.1724448,1152591134.703207,0.32749744900459604,13.73393444485511,1589709522.4032362,56666760.609188676,0.7000775865127721
229540023.64547616,102987133.33333334,charging,102987133.33333334,126552890.31214282,0.0,896.7562577074127,0.0,0.0,0.7044329001392136,13,224,840.8486964524756,35.13,105513946.05035074,959.1687111650036,665.9359028062697,1445.019214311079,11210.616829313109,2545018854.4514704,2364508436.410571,369.1040936930675,1180104170.1157758,27625473.19301305,1152478696.9227629,0.3274539367051212,13.716803392754882,1587280058.357325,56668645.54721067,0.70104297913038
242675248.11033934,102987133.33333334,charging,102987133.33333334,139688114.777006,0.0,989.832715354523,0.0,0.0,0.8294644010261008,14,224,836.65864838493,35.39,105658390.07622042,1014.056290771973,665.9361948684533,1445.0192141973853,11210.61682962311,2545018854.5218463,2364639107.9592924,369.11348245364934,1180117942.6762896,27769917.302252017,1152348025.3740375,0.32740337204971837,13.696944966901945,1585739422.6208935,56704991.949907884,0.7016054943175448
254511406.69166324,102987133.33333334,charging,102987133.33333334,151524273.3583299,0.0,1073.703966724916,0.0,0.0,0.9650901652439848,15,224,826.7394655120816,35.31,105788548.67388673,1063.5155214163274,665.9364573641747,1445.0192143476243,11210.616829609604,2545018854.51878,2364756856.628925,369.1219428022261,1180130352.6040866,27900075.89967735,1152230276.7044094,0.3273578116328956,13.679096968063279,1586213464.3859494,56787573.63626061,0.701296134353893
234344725.74789625,102987133.33333334,charging,102987133.33333334,39002083.232258186,0.0,276.3695251517853,0.0,92355509.18230473,0.9999999999999999,16,224,747.0282654231308,34.82,104551176.73667865,593.3240386125188,665.9339355397742,1445.0192143426968,11210.616829613795,2545018854.5197315,2363637481.3665433,369.041518262726,1180012355.9292593,26662703.96246849,1153349651.966791,0.3277910691173969,13.850568106530629,1589116970.1969163,56200095.37378602,0.7009892962890619
198434936.5574374,102987133.33333334,charging,102987133.33333334,0.0,0.0,0.0,0.0,95447803.22410405,0.9999999999999999,17,224,640.3901844724843,33.99,104122282.81601955,430.3477640939877,665.932543281518,1445.019214197392,11210.616829623197,2545018854.521866,2363249497.458434,369.0136443854293,1179971445.916971,26233810.042071044,1153737635.8748999,0.3279413116224632,13.910953820195555,1594035153.5093706,56099223.62368197,0.6991779892976997
125339522.99107027,102987133.33333334,charging,102987133.33333334,0.0,0.0,0.0,0.0,22352389.657736927,0.9999999999999999,18,224,440.65228945622806,32.82,104122282.8160188,430.3477640939877,665.932543281518,1445.0192143513102,11210.616829606546,2545018854.5180864,2363249497.4550653,369.0136443854394,1179971445.9201,26233810.04183128,1153737635.8782687,0.3279413116234209,13.910953820223929,1600968014.3233123,56282159.67647519,0.6961759026965211
0.0,102987133.33333334,discharging,102987133.33333334,0.0,102987133.33333334,0.0,729.7688425149536,0.0,0.9078186725244268,19,224,0.0,31.04,104287625.54810001,1.0,654.149999999995,1445.0192141689324,11210.616829346582,2545018854.4590693,2363399068.298644,369.0243898733343,1179987217.7250001,26399152.69031742,1153588065.0346828,0.32788338754850094,13.887615728940288,1611515443.5958045,55792245.56571557,0.6918867300460996
0.0,102987133.33333334,discharging,102987133.33333334,0.0,102987133.33333334,0.0,729.7688425149536,0.0,0.8156373450488537,20,224,0.0,29.59,104287625.54810615,1.0,654.15,1445.0192143042436,11210.616829292212,2545018854.4467263,2363399068.2876453,369.0243898733677,1179987217.7371802,26399152.69149116,1153588065.045689,0.32788338755162866,13.887615729031765,1620107450.587442,56023411.28771686,0.6882446301090842
0.0,102987133.33333334,discharging,102987133.33333334,0.0,102987133.33333334,0.0,729.7688425149536,0.0,0.7234560175732806,21,224,0.0,27.89,104287625.54810615,1.0,654.15,1445.0192143073962,11210.616829316208,2545018854.4521737,2363399068.292499,369.02438987335313,1179987217.7315931,26399152.6907588,1153588065.0408344,0.3278833875502488,13.887615728991094,1630180838.0948784,56294433.16867961,0.6840231129962145
0.0,102987133.33333334,discharging,102987133.33333334,0.0,102987133.33333334,0.0,729.7688425149536,0.0,0.6312746900977074,22,224,0.0,27.87,104287625.54810615,1.0,654.15,1445.0192142054846,11210.616829643148,2545018854.5263953,2363399068.358676,369.02438987315554,1179987217.7481246,26399152.773466527,1153588064.974658,0.3278833875314396,13.88761572843614,1630299348.536142,56297621.6613968,0.6839737562433464
0.0,102987133.33333334,discharging,102987133.33333334,0.0,102987133.33333334,0.0,729.7688425149536,0.0,0.5390933626221344,23,224,0.0,27.04,104287625.54810615,1.0,654.15,1445.0192141534687,11210.616829418876,2545018854.4754815,2363399068.313283,369.02438987329106,1179987217.7111104,26399152.691059567,1153588065.0200508,0.3278833875443415,13.887615728816769,1635217531.8485966,56429944.109160975,0.6819317153338497
0.0,102987133.33333334,discharging,102987133.33333334,0.0,102987133.33333334,0.0,729.7688425149536,0.0,0.44691203514656125,0,225,0.0,25.5,104287625.54810615,1.0,654.15,1445.0192143073973,11210.616829230215,2545018854.432652,2363399068.275094,369.0243898734052,1179987217.748943,26399152.69070244,1153588065.0582407,0.3278833875551962,13.88761572913705,1644342835.8259215,56675458.04838606,0.6781749903646139
0.0,102987133.33333334,discharging,102987133.33333334,0.0,102987133.33333334,0.0,729.7688425149536,0.0,0.35473070767098813,1,225,0.0,24.58,104287625.54810615,1.0,654.15,1445.0192143073898,11210.616829316188,2545018854.4521694,2363399068.292495,369.02438987335313,1179987217.7315912,26399152.690751962,1153588065.0408392,0.3278833875502502,13.887615728991134,1649794316.1240637,56822128.71337766,0.6759503979529042
0.0,102987133.33333334,discharging,102987133.33333334,0.0,102987133.33333334,0.0,729.7688425149536,0.0,0.26254938019541507,2,225,0.0,24.08,104287625.54810615,1.0,654.15,1445.0192143042389,11210.616829292143,2545018854.4467106,2363399068.2876306,369.0243898733677,1179987217.737177,26399152.69147306,1153588065.045704,0.3278833875516329,13.887615729031898,1652757077.1556628,56901841.03130788,0.6747474907270047
0.0,102987133.33333334,discharging,102987133.33333334,0.0,102987133.33333334,0.0,729.7688425149536,0.0,0.17036805271984198,3,225,0.0,23.42,104287625.54810615,1.0,654.15,1445.019214204252,11210.61682964427,2545018854.52665,2363399068.358902,369.02438987315475,1179987217.747917,26399152.773483843,1153588064.9744332,0.32788338753137564,13.88761572843426,1656667921.7173731,57007061.29097576,0.6731661933637582
0.0,102987133.33333334,discharging,102987133.33333334,0.0,102987133.33333334,0.0,729.7688425149536,0.0,0.07818672524426891,4,225,0.0,22.77,104287625.54810615,1.0,654.15,1445.0192143073837,11210.616829316139,2545018854.4521585,2363399068.2924843,369.02438987335313,1179987217.7315874,26399152.690739155,1153588065.0408483,0.32788338755025276,13.88761572899121,1660519511.0584524,57110687.304285064,0.6716160825190778
0.0,102987133.33333334,discharging,87352036.66666616,0.0,87352036.66666616,0.0,618.9782415171288,0.0,0.0,5,225,0.0,22.47,88455492.85391055,1.0,654.15,1445.0192143395402,11210.616829503691,2545018854.494736,2349080770.3621316,367.9964023460876,1178473383.051536,26202116.747013714,1152271266.3045223,0.32898955280245845,16.341278408010858,1662297167.6774113,48481155.47338156,0.6735362791962134
91265818.68633026,102987133.33333334,direct_partial,91265818.68633026,0.0,0.0,0.0,0.0,0.0,0.0,6,225,345.21605224599637,22.02,92272072.47479634,381.3684267018744,665.9046114198803,1445.0192141652358,11210.61682943567,2545018854.4792943,2352531742.98122,368.2440401573742,1178838989.969162,26104914.264053255,1152734075.7051086,0.3287634421625148,15.674344501425612,1664963652.6058505,51371398.16603676,0.6716253188366046
177267730.14750463,102987133.33333334,charging,102987133.33333334,74280596.81417128,0.0,526.3537628816841,0.0,0.0,0.06648679110084431,7,225,593.9030859316871,23.4,104939123.70645952,740.7407978633737,665.93473258075,1445.0192143073928,11210.616829316235,2545018854.4521804,2363988428.59083,369.06673215521096,1180049355.5916238,27050650.849120453,1152998704.7425034,0.327655200675385,13.796372557031306,1656786432.1586375,58208272.14905551,0.6723045277320226
216782158.79366344,102987133.33333334,charging,102987133.33333334,113795025.4603301,0.0,806.3537776642463,0.0,0.0,0.16834200512159123,8,225,722.1782114733606,26.76,105373651.73214895,905.8579874280817,665.9356183698056,1445.019214202326,11210.616829619032,2545018854.5209208,2364381519.604945,369.0949748063059,1180090792.6865988,27485178.958209384,1152605613.7283895,0.32750305247102857,13.736143416652094,1636876678.026292,57917695.00114961,0.680085815761513
222353768.58314177,102987133.33333334,charging,102987133.33333334,119366635.24980843,0.0,845.8343136827838,0.0,0.0,0.2751842342183639,9,225,771.0964141880625,28.89,105434921.01237558,929.1398260199534,665.935742681692,1445.0192143426812,11210.616829613668,2545018854.519703,2364436946.6187563,369.09895718520426,1180096634.9527073,27546448.238131512,1152550186.7145758,0.327481602183751,13.727690919507024,1624255316.0316806,57614145.67099305,0.6852792163476046
214477952.63811052,102987133.33333334,charging,102987133.33333334,111490819.30477718,0.0,790.0261277469393,0.0,0.0,0.3749770082495562,10,225,785.9009285320927,30.53,105348313.08533603,896.2295034130434,665.9355669169574,1445.0192143061563,11210.616829231274,2545018854.4328923,2364358597.0505066,369.09332785394383,1180088376.5107603,27459840.22793049,1152628536.2828298,0.3275119237266815,13.73964192222418,1614537459.848036,57307365.42148452,0.6894351191337467
212774287.953587,102987133.33333334,charging,102987133.33333334,109787154.62025365,0.0,777.9539264474404,0.0,0.0,0.47324487264291715,11,225,810.7638136376465,31.88,105329578.40847965,889.110475394497,665.9355288582964,1445.0192141936905,11210.616829712208,2545018854.5420732,2364341648.9311824,369.0921101466272,1180086590.0367055,27441105.634553008,1152645484.4021525,0.3275184829161141,13.742229698867774,1606538005.0627182,57083644.81634784,0.6928531403074383
223548133.70686993,102987133.33333334,charging,102987133.33333334,120561000.37353659,0.0,854.2976083262246,0.0,0.0,0.5811561494841244,12,225,852.7811701387106,33.13,105448055.0785115,934.1306665635442,665.935769311203,1445.0192142005371,11210.61682973321,2545018854.546841,2364448828.33873,369.09981087635515,1180097887.298496,27559582.3038918,1152538304.994604,0.3274770040522429,13.725880267363031,1599131102.4837208,56949938.89704875,0.6959431792261006
234982965.68408406,102987133.33333334,charging,102987133.33333334,131995832.35075071,0.0,935.3250515249335,0.0,0.0,0.6993024717820108,13,225,863.9078800341658,34.05,105573800.41087164,981.9128915358339,665.9360239270407,1445.0192143513098,11210.616829520497,2545018854.4985514,2364562583.7083616,369.10798416604734,1180109877.2615845,27685327.63661185,1152424549.6249726,0.3274329833602124,13.708567915014225,1593679622.1855786,56872017.77570815,0.6982056917964726
238628269.7973373,102987133.33333334,charging,102987133.33333334,135641136.46400395,0.0,961.1557478191355,0.0,0.0,0.8207116188749541,14,225,827.0649594808425,34.53,105613886.6996966,997.1453620766405,665.9361049687151,1445.0192143042416,11210.616829292176,2545018854.446718,2364598847.7872043,369.11058974920684,1180113699.389202,27725413.843071405,1152388285.5461307,0.32741895066981697,13.703057583448217,1590835371.595244,56817492.545201495,0.6994120610152391
245629919.26323166,102987133.33333334,charging,102987133.33333334,142642785.92989832,0.0,1010.7695729741986,0.0,0.0,0.9483877754611687,15,225,801.8530411916443,34.41,105690881.68666962,1026.4028440075626,665.9362604559245,1445.019214306144,11210.616829231181,2545018854.4328713,2364668501.543309,369.1155944068868,1180121040.619266,27802408.829242513,1152318631.7900236,0.3273919984807931,13.69248543889393,1591546434.2428277,56877970.44904291,0.6990424483586914
207908559.12581715,102987133.33333334,charging,102987133.33333334,57662383.432469636,0.0,408.59677759908,0.0,47259042.36001417,0.9999999999999999,16,225,668.8210770893037,33.88,104756378.32208717,671.2990070242712,665.9343578623718,1445.0192142054827,11210.616829729137,2545018854.5459166,2363823111.729812,369.0548548207928,1180031927.1510224,26867905.54750168,1153164021.6035209,0.32771919894988727,13.82185178684387,1594686960.9363222,56458298.40400972,0.6984025270219015
200142476.348082,102987133.33333334,charging,102987133.33333334,0.0,0.0,0.0,0.0,97155343.01474866,0.9999999999999999,17,225,645.8913573843188,32.82,104122282.81598105,430.3477640939877,665.932543281518,1445.019214304231,11210.616829292103,2545018854.4467015,2363249497.391384,369.01364438562666,1179971445.901287,26233809.959374186,1153737635.941913,0.32794131164151474,13.910953820763494,1600968014.3233123,56282159.67645478,0.6961759027349331
126480858.35141088,102987133.33333334,charging,102987133.33333334,0.0,0.0,0.0,0.0,23493725.018077537,0.9999999999999999,18,225,443.9610315149826,31.46,104122282.8160188,430.3477640939877,665.932543281518,1445.0192143426827,11210.616829527653,2545018854.500176,2363249497.439096,369.0136443854868,1179971445.9359498,26233810.041712627,1153737635.8942373,0.3279413116279598,13.910953820358058,1609026724.3292618,56494803.29339771,0.6927185369624523
0.0,102987133.33333334,discharging,102987133.33333334,0.0,102987133.33333334,0.0,729.7688425149536,0.0,0.9078186725244268,19,225,0.0,29.6,104287625.54810001,1.0,654.149999999995,1445.0192142042351,11210.616829730221,2545018854.5461626,2363399068.3762918,369.02438987310234,1179987217.7305617,26399152.77352586,1153588064.9570358,0.32788338752643137,13.887615728289195,1620048195.3668098,56021817.04135459,0.6882696166728557
0.0,102987133.33333334,discharging,102987133.33333334,0.0,102987133.33333334,0.0,729.7688425149536,0.0,0.8156373450488537,20,225,0.0,28.27,104287625.54810615,1.0,654.15,1445.0192143444672,11210.616829499524,2545018854.49379,2363399068.329605,369.0243898732424,1179987217.7782793,26399152.774550967,1153588065.0037284,0.3278833875397022,13.887615728679911,1627929139.710863,56233851.80705264,0.6849622458239707
0.0,102987133.33333334,discharging,102987133.33333334,0.0,102987133.33333334,0.0,729.7688425149536,0.0,0.7234560175732806,21,225,0.0,26.65,104287625.54810615,1.0,654.15,1445.0192141603204,11210.616829439885,2545018854.480251,2363399068.3175316,369.0243898732783,1179987217.7061691,26399152.69036712,1153588065.015802,0.32788338754313384,13.887615728781181,1637528485.453244,56492119.717146546,0.6809764069544891
0.0,102987133.33333334,discharging,102987133.33333334,0.0,102987133.33333334,0.0,729.7688425149536,0.0,0.6312746900977074,22,225,0.0,26.53,104287625.54810615,1.0,654.15,1445.0192143024603,11210.616829320361,2545018854.453117,2363399068.293338,369.0243898733506,1179987217.730741,26399152.69074592,1153588065.0399952,0.3278833875500103,13.887615728984063,1638239548.1008277,56511250.67344981,0.6806830041763802
0.0,102987133.33333334,discharging,102987133.33333334,0.0,102987133.33333334,0.0,729.7688425149536,0.0,0.5390933626221344,23,225,0.0,25.79,104287625.54810615,1.0,654.15,1445.0192143042293,11210.616829206028,2545018854.427161,2363399068.2701964,369.02438987341964,1179987217.7545218,26399152.69138446,1153588065.0631373,0.32788338755658797,13.88761572917813,1642624434.427594,56629224.90398653,0.6788792589782702
0.0,102987133.33333334,discharging,102987133.33333334,0.0,102987133.33333334,0.0,729.7688425149536,0.0,0.44691203514656125,0,226,0.0,25.02,104287625.54810615,1.0,654.15,1445.0192142005446,11210.616829733266,2545018854.546854,2363399068.3769116,369.02438987310086,1179987217.729923,26399152.773502715,1153588064.9564202,0.32788338752625584,13.887615728283244,1647187086.4162567,56751981.87359907,0.6770125096751313
0.0,102987133.33333334,discharging,102987133.33333334,0.0,102987133.33333334,0.0,729.7688425149536,0.0,0.35473070767098813,1,226,0.0,24.26,104287625.54810615,1.0,654.15,1445.0192142054814,11210.616829643113,2545018854.5263877,2363399068.358669,369.02438987315554,1179987217.7481215,26399152.773457035,1153588064.9746644,0.32788338753144136,13.887615728436192,1651690483.184287,56873144.59685299,0.6751800437615509
0.0,102987133.33333334,discharging,102987133.33333334,0.0,102987133.33333334,0.0,729.7688425149536,0.0,0.26254938019541507,2,226,0.0,23.55,104287625.54810615,1.0,654.15,1445.0192142993005,11210.616829296263,2545018854.447646,2363399068.2884626,369.0243898733652,1179987217.7363217,26399152.691452667,1153588065.044869,0.32788338755139557,13.887615729024912,1655897603.8491573,56986336.0883139,0.6734770746271231
0.0,102987133.33333334,discharging,102987133.33333334,0.0,102987133.33333334,0.0,729.7688425149536,0.0,0.17036805271984198,3,226,0.0,22.88,104287625.54810615,1.0,654.15,1445.019214351313,11210.616829606533,2545018854.518083,2363399068.351262,369.0243898731776,1179987217.755988,26399152.77391511,1153588064.9820728,0.32788338753354707,13.88761572849834,1659867703.6315002,57093150.5943404,0.6718779069090737
0.0,102987133.33333334,discharging,102987133.33333334,0.0,102987133.33333334,0.0,729.7688425149536,0.0,0.07818672524426891,4,226,0.0,22.43,104287625.54810615,1.0,654.15,1445.0192143024658,11210.61682923433,2545018854.433586,2363399068.2759266,369.0243898734027,1179987217.7480884,26399152.69068117,1153588065.0574071,0.32788338755495927,13.887615729130056,1662534188.5599391,57164891.680477604,0.670808095621086
0.0,102987133.33333334,discharging,87352036.66666616,0.0,87352036.66666616,0.0,618.9782415171288,0.0,0.0,5,226,0.0,22.02,88455492.85391055,1.0,654.15,1445.0192141973873,11210.61682970917,2545018854.5413837,2349080770.403729,367.99640234598246,1178473383.00961,26202116.746676493,1152271266.2629335,0.3289895527905843,16.341278407599695,1664963652.6058505,48542005.388208844,0.6724642319604925
68319115.99183398,102987133.33333334,direct_partial,68319115.99183398,0.0,0.0,0.0,0.0,0.0,0.0,6,226,273.9574830006258,21.28,69073031.94423538,285.482058392701,665.8221765299567,1445.019214311082,11210.61682922711,2545018854.431947,2331561740.5099893,366.74056226493565,1176609951.910186,25852576.42834027,1150757375.4818459,0.33038565798877273,20.877880598387698,1669348538.9326172,38528581.01991834,0.6737940113126096
166566421.51986408,102987133.33333334,charging,102987133.33333334,63579288.18653074,0.0,450.52408049493425,0.0,0.0,0.05690830490462328,7,226,561.1851679736993,22.34,104821444.70490135,696.0237143624754,665.9344914300823,1445.0192143061463,11210.616829317281,2545018854.452418,2363881972.5326943,369.05908371056546,1180038132.6481965,26932971.847555466,1153105160.800641,0.3276964116880173,13.812769740522041,1663067485.545627,58309829.68202447,0.6698735661264035
215728876.29290324,102987133.33333334,charging,102987133.33333334,112741742.9595699,0.0,798.8901972484952,0.0,0.0,0.15782075087285424,8,226,719.2907003342848,26.12,105362069.1082506,901.4566825806658,665.9355948531056,1445.019214193712,11210.616829712364,2545018854.542109,2364371041.460639,369.094221962285,1180089688.2070632,27473596.334368955,1152616091.8726943,0.32750710760622265,13.737742419693783,1640669012.1467385,58012585.66611454,0.6785356910657957
224926105.24906868,102987133.33333334,charging,102987133.33333334,121938971.91573533,0.0,864.0619416445834,0.0,0.0,0.26696541718585426,9,226,780.6413912480513,28.63,105463208.2079958,939.8887351006294,665.9358000261717,1445.0192143513204,11210.616829520584,2545018854.4985714,2364462536.537643,369.1007958048478,1180099332.2294521,27574735.43375975,1152524596.7956924,0.327471699123834,13.723791829494534,1625795951.7681117,57670782.91450931,0.6846138228047461
220930669.0464534,102987133.33333334,charging,102987133.33333334,117943535.71312004,0.0,835.750202512204,0.0,0.0,0.37253386381897474,10,226,810.0381367570728,30.73,105419271.62421267,923.1931831348186,665.9357109436841,1445.0192142042374,11210.6168297302,2545018854.546158,2364422789.474139,369.09794000404383,1180095142.708823,27530798.849625014,1152564343.8591979,0.3274870809374437,13.729848920486319,1613352355.435396,57314315.34281748,0.6898828856879761
219059927.64658085,102987133.33333334,charging,102987133.33333334,116072794.3132475,0.0,822.4940923376341,0.0,0.0,0.4764278544300443,11,226,836.1417860197088,32.43,105398699.65607405,915.3759990597179,665.9356692080469,1445.019214304249,11210.616829206208,2545018854.427202,2364404179.0147047,369.09660286746976,1180093181.1180315,27510226.799401373,1152582954.3186302,0.32749428316583284,13.73268670545784,1603278967.9279594,57034066.058348864,0.6941961730863186
215954641.86316925,102987133.33333334,charging,102987133.33333334,112967508.52983591,0.0,800.4899764981951,0.0,0.0,0.5775423777771848,12,226,829.6831732105509,33.45,105364551.7828311,902.400079150982,665.9355998942214,1445.019214307399,11210.616829316234,2545018854.45218,2364373287.3193674,369.0943833305928,1180089924.939456,27476078.925490268,1152613846.0139656,0.3275062384287747,13.737399652829554,1597234935.4234974,56854197.956203766,0.696826925922002
231844327.29299992,102987133.33333334,charging,102987133.33333334,128857193.95966658,0.0,913.0845984547332,0.0,0.0,0.6928793796872562,13,226,857.1960895966633,34.16,105539285.76925468,968.7976025654065,665.9359541002411,1445.0192141652503,11210.616829435774,2545018854.4793177,2364531360.0030403,369.105740745983,1180106586.2418299,27650812.911537178,1152455773.3302927,0.3274450658897544,13.713315711578703,1593027814.7586272,56835986.735684894,0.6985157031062154
249417846.9452652,102987133.33333334,charging,102987133.33333334,146430713.61193186,0.0,1037.6109026682766,0.0,0.0,0.8239460200243017,14,226,865.7588440777492,34.41,105732536.3630383,1042.231289326414,665.9363444810949,1445.0192141620935,11210.616829325665,2545018854.454321,2364706184.6742506,369.11830196992486,1180125012.1650505,27844063.50596687,1152280948.6590836,0.32737741767439604,13.686772272120415,1591546434.2428277,56900393.24107775,0.6990100799416498
248197399.33529735,102987133.33333334,charging,102987133.33333334,145210266.001964,0.0,1028.962787016842,0.0,0.0,0.9539202668053766,15,226,812.0476342772633,34.26,105719115.47581854,1037.1314590549607,665.9363174159031,1445.019214342687,11210.616829613715,2545018854.5197134,2364694043.454146,369.1174296077519,1180123732.5807726,27830642.701586474,1152293089.8791862,0.32738211546844176,13.68861252820653,1592435262.5523074,56916981.6403629,0.6986337175314628
228817885.22712928,102987133.33333334,charging,102987133.33333334,51481354.808398,0.0,364.79788779076847,0.0,74349397.08539793,0.9999999999999999,16,226,731.8162020293619,33.87,104688407.45026375,645.470616990725,665.9342181554224,1445.0192143463833,11210.616829524653,2545018854.499495,2363761623.4507904,369.0504371917624,1180025444.5585394,26799934.675995138,1153225509.8825443,0.32774300430830205,13.831351300496104,1594746216.1569543,56423227.52842576,0.698429536891481
185089590.11027348,102987133.33333334,charging,102987133.33333334,0.0,0.0,0.0,0.0,82102456.77694014,0.9999999999999999,17,226,601.0778335995009,32.92,104122282.816004,430.34776409401496,665.9325432815187,1445.019214295621,11210.61682929936,2545018854.4483495,2363249497.3928785,369.0136443856238,1179971445.8997946,26233809.959355816,1153737635.9404387,0.3279413116410936,13.910953820748015,1600375462.1169925,56266524.116399415,0.696431483403136
105282473.41716293,102987133.33333334,charging,102987133.33333334,0.0,0.0,0.0,0.0,2295340.0838295817,0.9999999999999999,18,226,378.58003173303143,31.72,104122282.8160188,430.3477640939877,665.932543281518,1445.0192142005467,11210.61682973325,2545018854.54685,2363249497.4807086,369.0136443853628,1179971445.8940358,26233810.0414105,1153737635.8526254,0.32794131161613194,13.91095382000857,1607486088.5928297,56454150.83722134,0.6933768464231713
0.0,102987133.33333334,discharging,102987133.33333334,0.0,102987133.33333334,0.0,729.7688425149536,0.0,0.9078186725244268,19,226,0.0,30.08,104287625.54810001,1.0,654.149999999995,1445.0192143427037,11210.616829527778,2545018854.5002046,2363399068.3353195,369.0243898732249,1179987217.7718441,26399152.773836628,1153588064.9980075,0.3278833875380768,13.88761572863274,1617203944.7764747,55945293.21614158,0.6894711116039121
0.0,102987133.33333334,discharging,102987133.33333334,0.0,102987133.33333334,0.0,729.7688425149536,0.0,0.8156373450488537,20,226,0.0,28.58,104287625.54810615,1.0,654.15,1445.01921434078,11210.616829588625,2545018854.514018,2363399068.347636,369.0243898731884,1179987217.7602978,26399152.774599645,1153588064.9856982,0.3278833875345775,13.88761572852876,1626092227.8712716,56184430.169935904,0.6857302926195871
0.0,102987133.33333334,discharging,102987133.33333334,0.0,102987133.33333334,0.0,729.7688425149536,0.0,0.7234560175732806,21,226,0.0,26.91,104287625.54810615,1.0,654.15,1445.0192141652353,11210.616829349627,2545018854.4597607,2363399068.2992625,369.0243898733328,1179987217.7243612,26399152.690291192,1153588065.03407,0.3278833875483262,13.887615728934374,1635987849.7168124,56450669.31182283,0.6816129815434387
0.0,102987133.33333334,discharging,102987133.33333334,0.0,102987133.33333334,0.0,729.7688425149536,0.0,0.6312746900977074,22,226,0.0,26.67,104287625.54810615,1.0,654.15,1445.019214307396,11210.616829316255,2545018854.4521847,2363399068.292506,369.024389873353,1179987217.731596,26399152.690770067,1153588065.0408258,0.3278833875502464,13.887615728991037,1637409975.0119796,56488931.22442934,0.6810253320275923
0.0,102987133.33333334,discharging,102987133.33333334,0.0,102987133.33333334,0.0,729.7688425149536,0.0,0.5390933626221344,23,226,0.0,25.96,104287625.54810615,1.0,654.15,1445.0192141571617,11210.616829415809,2545018854.4747853,2363399068.3126583,369.0243898732929,1179987217.7117543,26399152.69107939,1153588065.020675,0.3278833875445189,13.887615728822047,1641617095.6768503,56602122.71589026,0.6792927865417014
0.0,102987133.33333334,discharging,102987133.33333334,0.0,102987133.33333334,0.0,729.7688425149536,0.0,0.44691203514656125,0,227,0.0,25.0,104287625.54810615,1.0,654.15,1445.0192143073841,11210.616829230123,2545018854.432631,2363399068.2750745,369.0243898734052,1179987217.7489362,26399152.69067661,1153588065.0582595,0.3278833875552015,13.887615729137211,1647305596.8575206,56755170.36631627,0.676964159522094
0.0,102987133.33333334,discharging,102987133.33333334,0.0,102987133.33333334,0.0,729.7688425149536,0.0,0.35473070767098813,1,227,0.0,24.02,104287625.54810615,1.0,654.15,1445.0192143463862,11210.616829610692,2545018854.519027,2363399068.3521,369.0243898731751,1179987217.7551398,26399152.77390532,1153588064.9812346,0.3278833875333088,13.887615728491356,1653112608.4794548,56911406.50945951,0.6746034294662892
0.0,102987133.33333334,discharging,102987133.33333334,0.0,102987133.33333334,0.0,729.7688425149536,0.0,0.26254938019541507,2,227,0.0,23.35,104287625.54810615,1.0,654.15,1445.0192141534753,11210.61682933289,2545018854.455961,2363399068.2958717,369.0243898733429,1179987217.728468,26399152.691006515,1153588065.0374615,0.32788338754929014,13.887615728962846,1657082708.261797,57018221.01548599,0.6729989146694234
0.0,102987133.33333334,discharging,102987133.33333334,0.0,102987133.33333334,0.0,729.7688425149536,0.0,0.17036805271984198,3,227,0.0,22.96,104287625.54810615,1.0,654.15,1445.019214163993,11210.616829436744,2545018854.479538,2363399068.316896,369.02438987328014,1179987217.7068005,26399152.69036377,1153588065.0164366,0.32788338754331425,13.8876157287865,1659393661.8664443,57080396.62347158,0.6720684529490161
0.0,102987133.33333334,discharging,102987133.33333334,0.0,102987133.33333334,0.0,729.7688425149536,0.0,0.07818672524426891,4,227,0.0,22.73,104287625.54810615,1.0,654.15,1445.0192143110648,11210.616829313032,2545018854.451453,2363399068.291862,369.02438987335506,1179987217.7322168,26399152.69074728,1153588065.0414696,0.32788338755042934,13.887615728996348,1660756531.9409797,57117064.28971946,0.6715209242243632
0.0,102987133.33333334,discharging,87352036.66666616,0.0,87352036.66666616,0.0,618.9782415171288,0.0,0.0,5,227,0.0,22.43,88455492.85391055,1.0,654.15,1445.0192143358515,11210.616829506731,2545018854.495426,2349080770.3627462,367.99640234608614,1178473383.0508947,26202116.746987488,1152271266.3039072,0.32898955280228287,16.341278408004783,1662534188.5599391,48486564.354699545,0.6734408477168207
44316178.79813874,102987133.33333334,direct_partial,44316178.79813874,0.0,0.0,0.0,0.0,0.0,0.0,6,227,199.74420760721517,21.37,44806141.82835838,185.18204985122787,665.6445681649891,1445.0192143513145,11210.616829606535,2545018854.5180836,2309643957.0276346,365.17270484041194,1174260845.3598652,25588623.589362554,1148672221.7705026,0.3321007812144405,32.086321084044215,1668815241.9469292,24981290.064500492,0.6781642305090936
139674837.35602173,102987133.33333334,charging,102987133.33333334,36687704.02268839,0.0,259.96978877460265,0.0,0.0,0.03283828910837086,7,227,479.16234393412975,22.9,104525726.21991493,583.6530449080889,665.9338830450766,1445.0192141652485,11210.616829349688,2545018854.4597745,2363614458.242529,369.0398641924493,1180009928.4529226,26637253.362117868,1153372675.0908048,0.3277999835260311,13.854137560677223,1659749193.1902366,58057387.49249329,0.6714217351713748
192108058.81733632,102987133.33333334,charging,102987133.33333334,89120925.48400298,0.0,631.5126222983415,0.0,0.0,0.11260830455658241,8,227,646.3029270298064,26.53,105102318.23915167,802.7534207490996,665.9350661111699,1445.019214299304,11210.616829296278,2545018854.4476495,2364136060.065586,369.07733901033066,1180064918.6502473,27213845.382501733,1152851073.2677455,0.32759805456426627,13.773694075399359,1638239548.1008277,57804819.830123745,0.6797293131394543
209777472.38874894,102987133.33333334,charging,102987133.33333334,106790339.0554156,0.0,756.7184326998461,0.0,0.0,0.20819379079235245,9,227,732.6392208858144,29.0,105296623.34888731,876.5878151748374,665.9354618787683,1445.0192143426968,11210.616829613798,2545018854.5197325,2364311836.332635,369.08996815667524,1180083447.5753782,27408150.574678533,1152675297.0006998,0.3275300210142101,13.746783939056018,1623603508.6047287,57521160.761105485,0.6856572376845318
219353337.94925135,102987133.33333334,charging,102987133.33333334,116366204.61591801,0.0,824.5732034851285,0.0,0.0,0.3123504059694213,10,227,807.0450944117049,30.95,105401926.19898157,916.6020596716605,665.9356757550111,1445.0192142054675,11210.616829643035,2545018854.5263696,2364407097.982175,369.0968125858511,1180093488.775468,27513453.424307745,1152580035.3511603,0.32749315353019876,13.732241548551274,1612048740.5814924,57270061.629974656,0.6904493220972857
225857860.29978666,102987133.33333334,charging,102987133.33333334,122870726.96645331,0.0,870.6643761707403,0.0,0.0,0.4223290640120412,11,227,863.9786626640154,32.45,105473454.43187557,943.782218585222,665.9358207899896,1445.019214339547,11210.616829589791,2545018854.5142827,2364471805.777084,369.1014617933687,1180100309.2146466,27584981.658401415,1152515327.556245,0.3274681120566337,13.722380011861278,1603160457.4866955,57071361.2149286,0.694189398476632
129211089.13347593,102987133.33333334,charging,102987133.33333334,26223955.800142586,0.0,185.82346406800355,0.0,0.0,0.4458015015785258,12,227,524.6023195214152,33.56,104410659.597061,539.92864453042,665.9336453878589,1445.0192141603052,11210.616829353734,2545018854.4606934,2363510366.801027,369.03238588502586,1179998953.2715309,26522186.739271753,1153476766.5322592,0.32784028873547094,13.870297453634489,1596583127.9965458,56322094.57739902,0.6978480984747792
16585844.428419784,102987133.33333334,direct_plus_discharge,102987133.33333334,0.0,86401288.90491356,0.0,612.2412242688458,0.0,0.3684657679866716,13,227,123.5619927125635,34.19,104258365.84171586,69.30653213036815,655.8601277608052,1445.0192143426812,11210.616829613675,2545018854.5197043,2363372599.6351504,369.02248829436326,1179984426.7656558,26369893.06747315,1153614533.6981826,0.32789363763004636,13.891740340299641,1592850049.0967312,55402268.63210004,0.6999016602553773
73727533.90628672,102987133.33333334,direct_plus_discharge,102987133.33333334,0.0,29259599.427046627,0.0,207.33409422335941,0.0,0.3422761981900367,14,227,298.74714106228674,34.58,104166626.58508909,308.0819743379026,662.407310631757,1445.0192143395418,11210.616829589693,2545018854.5142603,2363289611.2462096,369.01652623069367,1179975675.8987083,26278153.811585046,1153697522.0871234,0.32792577627483227,13.904687437580959,1590539095.492084,55774654.629861884,0.7007762171710384
85743995.13348672,102987133.33333334,direct_plus_discharge,102987133.33333334,0.0,17243138.199846625,0.0,122.18521477531611,0.0,0.326842276323681,15,227,317.3682718934737,33.91,104147334.51951683,358.29462764780743,663.9094775807082,1445.0192141640011,11210.61682935077,2545018854.4600205,2363272159.405125,369.01527246221667,1179973835.589933,26258861.661724586,1153714973.9282084,0.32793253500447117,13.907413015775406,1594509195.2744267,55978899.48813826,0.6990144173649304
0.0,102987133.33333334,discharging,102987133.33333334,0.0,102987133.33333334,0.0,729.7688425149536,0.0,0.23466094884810793,16,227,0.0,33.07,104287625.5481035,1.0,654.1499999999978,1445.0192142091623,11210.616829726041,2545018854.5452137,2363399068.375449,369.0243898731052,1179987217.7314112,26399152.773529917,1153588064.9578812,0.32788338752667134,13.887615728295822,1599486633.8075128,55468613.55492096,0.6970509122807999
113654841.58698395,102987133.33333334,charging,102987133.33333334,10667708.253650606,0.0,75.59158947901406,0.0,0.0,0.24420936015072023,17,227,389.96890151098086,32.16,104239592.32459372,474.92444320308203,665.9332910998273,1445.0192143407771,11210.616829502564,2545018854.49448,2363355616.853777,369.021268212967,1179982636.0305696,26351119.5510111,1153631516.4795585,0.3279002143561587,13.894387979639896,1604878858.885023,56448934.674695745,0.6944033085774589
69491067.8697694,102987133.33333334,direct_plus_discharge,102987133.33333334,0.0,33496065.46356395,0.0,237.3537754763233,0.0,0.21422783061686887,18,227,269.71015258647583,31.21,104173428.10335551,290.37924170066685,661.8888087295178,1445.0192143024508,11210.616829320277,2545018854.453098,2363295763.9147434,369.0169682541706,1179976324.664562,26284955.245973192,1153691369.4185889,0.32792339348675686,13.903726762026794,1610508104.8450613,56270783.18872591,0.6921682160130663
0.0,102987133.33333334,discharging,102987133.33333334,0.0,102987133.33333334,0.0,729.7688425149536,0.0,0.12204650314129578,19,227,0.0,29.78,104287625.54810615,1.0,654.15,1445.019214342697,11210.616829613753,2545018854.5197225,2363399068.3527255,369.02438987317316,1179987217.7544959,26399152.773886587,1153588064.9806092,0.32788338753313107,13.88761572848605,1618981601.3954344,55993120.606903374,0.6887196862299867
0.0,102987133.33333334,discharging,102987133.33333334,0.0,102987133.33333334,0.0,729.7688425149536,0.0,0.029865175665722703,20,227,0.0,27.96,104287625.54810615,1.0,654.15,1445.019214202336,11210.616829619108,2545018854.520938,2363399068.3538065,369.02438987317,1179987217.7537155,26399152.77418851,1153588064.979527,0.3278833875328235,13.887615728477005,1629766051.5504544,56283273.44416939,0.6841959175679546
0.0,102987133.33333334,discharging,33366072.202900708,0.0,33366072.202900708,0.0,236.43264068697138,0.0,0.0,21,227,0.0,27.17,33789188.497968026,1.0,654.15,1445.0192143463737,11210.616829610633,2545018854.519014,2299699512.6681647,364.4626573322449,1173188336.3889158,25521776.854183704,1147666559.534732,0.33287028202403346,42.48655104938386,1634447213.9803808,18276585.746749256,0.6944091685036639
0.0,102987133.33333334,shutdown,0.0,0.0,0.0,0.0,0.0,0.0,0.0,22,227,0.0,26.24,0.0,1.0,567.279923475184,1445.0192143074023,11210.616829230255,2545018854.432661,2259509895.575105,362.89907080586624,1179588764.900822,25103923.74413129,1154484841.1566906,0.33816193355497676,,1639957949.4991548,0.0,0.7039722216714591
0.0,102987133.33333334,shutdown,0.0,0.0,0.0,0.0,0.0,0.0,0.0,23,227,0.0,25.22,0.0,1.0,567.279923475184,1445.0192141620887,11210.61682941168,2545018854.473848,2259509895.6116858,362.89907080586624,1179588764.8646362,25103923.744512293,1154484841.1201239,0.33816193354426594,,1646001982.0036168,0.0,0.7013872727630696
0.0,102987133.33333334,shutdown,0.0,0.0,0.0,0.0,0.0,0.0,0.0,0,228,0.0,24.33,0.0,1.0,567.279923475184,1445.0192143476302,11210.616829609673,2545018854.518796,2259509895.6515913,362.89907080586624,1179588764.9075525,25103923.827333182,1154484841.0802193,0.3381619335325774,,1651275696.6398633,0.0,0.6991472371509189
0.0,102987133.33333334,shutdown,0.0,0.0,0.0,0.0,0.0,0.0,0.0,1,228,0.0,23.03,0.0,1.0,567.279923475184,1445.0192142091537,11210.616829639908,2545018854.52566,2259509895.6576853,362.89907080586624,1179588764.9009793,25103923.82685273,1154484841.0741265,0.33816193353079277,,1658978875.3220208,0.0,0.6959008690511698
0.0,102987133.33333334,shutdown,0.0,0.0,0.0,0.0,0.0,0.0,0.0,2,228,0.0,22.16,0.0,1.0,567.279923475184,1445.019214295619,11210.61682929938,2545018854.448354,2259509895.5890517,362.89907080586624,1179588764.8876228,25103923.744863898,1154484841.1427588,0.33816193355089597,,1664134079.5170026,0.0,0.693745086620566
0.0,102987133.33333334,shutdown,0.0,0.0,0.0,0.0,0.0,0.0,0.0,3,228,0.0,21.58,0.0,1.0,567.279923475184,1445.0192143427062,11210.61682952778,2545018854.5002046,2259509895.6350856,362.89907080586624,1179588764.9239786,25103923.827253334,1154484841.0967252,0.3381619335374122,,1667570882.3136578,0.0,0.6923153032601196
0.0,102987133.33333334,shutdown,0.0,0.0,0.0,0.0,0.0,0.0,0.0,4,228,0.0,21.2,0.0,1.0,567.279923475184,1445.019214200553,11210.616829733332,2545018854.546869,2259509895.6765146,362.89907080586624,1179588764.8822327,25103923.82693709,1154484841.0552955,0.33816193352527696,,1669822580.6976726,0.0,0.691381739833065
0.0,102987133.33333334,shutdown,0.0,0.0,0.0,0.0,0.0,0.0,0.0,5,228,0.0,21.06,0.0,1.0,567.279923475184,1445.0192141620935,11210.616829411698,2545018854.473852,2259509895.611689,362.89907080586624,1179588764.8646395,25103923.744518694,1154484841.1201208,0.338161933544265,,1670652153.7865207,0.0,0.6910384298152608
82919737.58949256,102987133.33333334,direct_partial,82919737.58949256,0.0,0.0,0.0,0.0,0.0,0.0,6,228,317.756588149766,20.64,83834212.08959475,346.4930279727335,665.8799087531569,1445.0192143110858,11210.616829227145,2545018854.4319553,2344902759.98312,367.6967037965164,1178030112.582493,26013134.976050764,1152016977.6064422,0.3293515094639751,17.23375505400129,1673140873.0530639,46846081.27795871,0.6697823926545486
156264286.2434271,102987133.33333334,charging,102987133.33333334,53277152.910093755,0.0,377.52294828763047,0.0,0.0,0.047687109257384896,7,228,528.9911150091872,22.28,104708155.29005842,652.9746388312753,665.9342587636735,1445.019214347626,11210.616829609617,2545018854.518783,2363779487.8692255,369.05172065907027,1180027327.9799736,26819682.51578037,1153207645.464193,0.32773608795331605,13.82859009926543,1663423016.869419,58256227.17515455,0.6698156171965427
201039732.80908903,102987133.33333334,charging,102987133.33333334,98052599.47575569,0.0,694.8026390190286,0.0,0.0,0.1354516531334727,8,228,674.3641333857715,25.56,105200537.1125778,840.0758105230376,665.9352663492147,1445.0192143042432,11210.616829206132,2545018854.4271846,2364224912.646304,369.0837228560424,1180074284.942914,27312064.25588635,1152762220.6870277,0.32756366354525573,13.760078907046989,1643987304.5021296,58012087.98121851,0.6772988438057307
219090099.04136515,102987133.33333334,charging,102987133.33333334,116102965.7080318,0.0,822.7078874316051,0.0,0.0,0.23937264944062284,9,228,764.5049767023306,27.85,105399031.44162677,915.502074928277,665.9356698812898,1445.0192142054914,11210.616829729206,2545018854.5459323,2364404479.2690115,369.09662443252466,1180093212.7313826,27510558.66706048,1152582654.0643222,0.32749416697776323,13.732640927893247,1630417858.977406,57759131.825519696,0.6827380424822247
215053158.86541453,102987133.33333334,charging,102987133.33333334,112066025.53208119,0.0,794.1020503318355,0.0,0.0,0.33968027685096,10,228,795.3201568067241,29.75,105354638.45140597,898.6330921507979,665.9355797636066,1445.019214302455,11210.616829320305,2545018854.453104,2364364319.276518,369.09373898740466,1180088979.6508467,27466165.594030697,1152622814.056816,0.3275097091562207,13.738768421713392,1619159367.0573301,57434207.471792385,0.6874789642328997
217337557.6006871,102987133.33333334,charging,102987133.33333334,114350424.26735374,0.0,810.2893444813552,0.0,0.0,0.44203261510123637,11,228,837.6189970239043,31.43,105379759.28210989,908.1788077776503,665.93563076815,1445.0192143358458,11210.616829506711,2545018854.495422,2364387044.7485213,369.09537178349666,1180091375.0933268,27491286.508514527,1152600088.5848122,0.3275009142008369,13.735300399496117,1609204489.9911573,57182057.28331165,0.6916763043184653
230368746.96291167,102987133.33333334,charging,102987133.33333334,127381613.62957832,0.0,902.628607354942,0.0,0.0,0.556048860240808,12,228,890.2166796901755,32.8,105523059.26593524,962.6316605176825,665.9359212565431,1445.0192142005546,11210.61682973334,2545018854.5468707,2364516680.7607017,369.1046860409472,1180105039.063984,27634586.491353843,1152470452.5726302,0.32745074635567245,13.715548884249184,1601086524.7645762,57042749.14616383,0.6950425824486527
244014183.73583812,102987133.33333334,charging,102987133.33333334,141027050.40250477,0.0,999.3204394031155,0.0,0.0,0.6822788104812016,13,228,908.4710421287689,33.52,105673113.93972822,1019.6512416561171,665.9362245949885,1445.0192143513068,11210.61682952048,2545018854.4985476,2364652427.93583,369.11443950312184,1180119346.5629685,27784641.165465478,1152334705.397503,0.32739821798611374,13.694923752109005,1596820148.8790736,57009634.38264944,0.6967674164900094
73522968.19648741,102987133.33333334,direct_plus_discharge,102987133.33333334,0.0,29464165.13684593,0.0,208.78365084685822,0.0,0.6559061387952828,14,228,299.675440842685,33.65,104166955.00917532,307.2271646837927,662.3821430020423,1445.019214153483,11210.61682941894,2545018854.475496,2363289908.3074093,369.01654757471493,1179975707.17807,26278482.152129218,1153697225.025941,0.327925661226311,13.904641046943338,1596049831.0108583,55919244.62861869,0.6983770108283321
91400967.18555227,102987133.33333334,direct_plus_discharge,102987133.33333334,0.0,11586166.147781074,0.0,82.09980009333333,0.0,0.6455356377308618,15,228,335.6963387901385,33.33,104138252.4217432,381.9331657384743,664.6332296394528,1445.019214342681,11210.616829613673,2545018854.519704,2363263943.7068925,369.01468222816715,1179972969.2739413,26249779.64749788,1153723189.6264434,0.3279357168048377,13.908696481171303,1597945998.0710814,56117343.77784398,0.6975084692565656
195935977.40957928,102987133.33333334,charging,102987133.33333334,92948844.07624593,0.0,658.6373283648852,0.0,0.0,0.7287319318401104,16,228,635.0001287554993,32.61,105144412.68323092,818.7489743097427,665.9351519744918,1445.0192143427084,11210.6168295278,2545018854.5002093,2364174140.343456,369.08007497706456,1180068932.8988447,27255939.909001447,1152812992.9898434,0.3275833150907444,13.767855799847597,1602212373.9565837,56868006.90002017,0.6948505969280594
189698240.86864772,102987133.33333334,charging,102987133.33333334,86711107.53531438,0.0,614.436605147789,0.0,0.0,0.8063449767008837,17,228,615.2766720445144,31.78,105075818.21191119,792.6836214205262,665.9350120217858,1445.0192141571474,11210.616829415745,2545018854.4747705,2364112087.1862063,369.07561662341953,1180062391.501991,27187345.354864217,1152875046.147127,0.32760733377234197,13.777371886655189,1607130557.2690384,56961860.13951317,0.6927950840269254
115242062.88112846,102987133.33333334,charging,102987133.33333334,12254929.547795117,0.0,86.83867063519985,0.0,0.0,0.8173140719390142,18,228,408.1714595947483,30.57,104257046.50927831,481.5568943933355,665.9333273013776,1445.0192142054807,11210.61682964311,2545018854.5263867,2363371406.156111,369.0224025515074,1179984300.9118514,26368573.734627225,1153615727.1772242,0.32789409981337525,13.891926375264601,1614300438.9655077,56707316.12693392,0.6903712586979617
0.0,102987133.33333334,discharging,102987133.33333334,0.0,102987133.33333334,0.0,729.7688425149536,0.0,0.7251327444634411,19,228,0.0,28.98,104287625.54810391,1.0,654.15,1445.0192143463753,11210.616829610653,2545018854.5190187,2363399068.352092,369.02438987317487,1179987217.7551334,26399152.773893848,1153588064.9812396,0.3278833875333104,13.887615728491673,1623722019.0459924,56120660.31559052,0.6867238695350065
0.0,102987133.33333334,discharging,102987133.33333334,0.0,102987133.33333334,0.0,729.7688425149536,0.0,0.6329514169878679,20,228,0.0,27.37,104287625.54810615,1.0,654.15,1445.0192142992923,11210.616829296196,2545018854.447631,2363399068.2884483,369.0243898733652,1179987217.7363179,26399152.69143214,1153588065.0448856,0.3278833875514003,13.88761572902506,1633262109.5677412,56377333.97932704,0.6827421491908077
0.0,102987133.33333334,discharging,102987133.33333334,0.0,102987133.33333334,0.0,729.7688425149536,0.0,0.5407700895122949,21,228,0.0,25.43,104287625.54810615,1.0,654.15,1445.0192143061538,11210.616829231263,2545018854.43289,2363399068.275308,369.0243898734045,1179987217.7487254,26399152.690699887,1153588065.0580256,0.3278833875551351,13.88761572913522,1644757622.3703454,56686617.77289628,0.6780052133597437
0.0,102987133.33333334,discharging,102987133.33333334,0.0,102987133.33333334,0.0,729.7688425149536,0.0,0.4485887620367218,22,228,0.0,24.28,104287625.54810615,1.0,654.15,1445.0192142042267,11210.616829730117,2545018854.5461392,2363399068.3762746,369.0243898731029,1179987217.730557,26399152.773498483,1153588064.9570584,0.32788338752643725,13.887615728288594,1651571972.7430232,56869956.1041358,0.6752281394401793
0.0,102987133.33333334,discharging,102987133.33333334,0.0,102987133.33333334,0.0,729.7688425149536,0.0,0.35640743456114876,23,228,0.0,23.61,104287625.54810615,1.0,654.15,1445.0192143444635,11210.61682949947,2545018854.4937778,2363399068.3295927,369.0243898732424,1179987217.778276,26399152.774535958,1153588065.00374,0.32788338753970553,13.88761572868003,1655542072.5253658,56976770.61016227,0.6736206551114986
0.0,102987133.33333334,discharging,102987133.33333334,0.0,102987133.33333334,0.0,729.7688425149536,0.0,0.26422610708557565,0,229,0.0,22.5,104287625.54810615,1.0,654.15,1445.0192143513066,11210.616829606515,2545018854.5180793,2363399068.351259,369.0243898731776,1179987217.7559836,26399152.773909368,1153588064.9820743,0.32788338753354745,13.887615728498348,1662119402.0155153,57153731.955967374,0.6709742868588375
0.0,102987133.33333334,discharging,102987133.33333334,0.0,102987133.33333334,0.0,729.7688425149536,0.0,0.17204477961000259,1,229,0.0,21.33,104287625.54810615,1.0,654.15,1445.0192142091641,11210.616829726066,2545018854.5452194,2363399068.375456,369.0243898731053,1179987217.7314143,26399152.77353588,1153588064.9578784,0.3278833875266703,13.88761572829546,1669052262.8294573,57340258.77992408,0.6682072880404266
0.0,102987133.33333334,discharging,102987133.33333334,0.0,102987133.33333334,0.0,729.7688425149536,0.0,0.0798634521344295,2,229,0.0,20.72,104287625.54810615,1.0,654.15,1445.0192143407849,11210.61682950263,2545018854.494495,2363399068.3302345,369.02438987324035,1179987217.7776423,26399152.77454328,1153588065.003099,0.3278833875395233,13.88761572867462,1672666831.2880077,57437507.80779895,0.6667736962072423
0.0,102987133.33333334,discharging,89225315.133461,0.0,89225315.133461,0.0,632.2523293975668,0.0,0.0,3,229,0.0,20.13,90352378.68018776,1.0,654.15,1445.0192141689436,11210.616829432707,2545018854.4786215,2350795891.3195186,368.11946721723984,1178655147.836301,26225724.022360522,1152429423.8139405,0.32885660438291014,16.001966732091685,1676162889.305295,49844015.73694009,0.6676852916679037
0.0,102987133.33333334,shutdown,0.0,0.0,0.0,0.0,0.0,0.0,0.0,4,229,0.0,19.61,0.0,1.0,567.279923475184,1445.0192143110798,11210.616829227114,2545018854.431948,2259509895.5744863,362.89907080586624,1179588764.9014535,25103923.744128156,1154484841.1573253,0.33816193355516266,,1679244160.7781575,0.0,0.6875026682375599
0.0,102987133.33333334,shutdown,0.0,0.0,0.0,0.0,0.0,0.0,0.0,5,229,0.0,19.05,0.0,1.0,567.279923475184,1445.0192143005634,11210.616829295295,2545018854.4474263,2259509895.588228,362.89907080586624,1179588764.8884778,25103923.744895544,1154484841.1435823,0.33816193355113716,,1682562453.1335485,0.0,0.6861467988861323
87854059.59228343,102987133.33333334,direct_partial,87854059.59228343,0.0,0.0,0.0,0.0,0.0,0.0,6,229,332.9536584115956,18.44,88822795.31471471,367.11186036947447,665.8950805609682,1445.0192141603131,11210.616829439876,2545018854.480249,2349412868.5591836,368.0202297627821,1178508587.2311993,26067396.19802247,1152441191.033177,0.3290035660880854,16.27601292325046,1686177021.5920994,49928020.984802365,0.6638084463614066
177143440.8386407,102987133.33333334,charging,102987133.33333334,74156307.50530735,0.0,525.4730464064227,0.0,0.0,0.06637554270396917,7,229,592.0043091499246,21.26,104937756.93513528,740.2214356436558,665.9347297830267,1445.0192142054836,11210.616829643135,2545018854.5263925,2363987192.2311463,369.06664332231276,1180049225.2626824,27049284.1604911,1152999941.1021914,0.3276556792827196,13.796562788931544,1669467049.373881,58544734.259565815,0.6672407862160566
212530617.6969363,102987133.33333334,charging,102987133.33333334,109543484.36360297,0.0,776.2272742395792,0.0,0.0,0.16442530366054758,8,229,710.5116058636213,24.32,105326898.84156664,888.0922613056902,665.9355234137709,1445.0192143358418,11210.616829592715,2545018854.514946,2364339224.853177,369.0919359817792,1180086334.5481863,27438426.068030097,1152647908.4801562,0.3275194210744008,13.742599896664496,1651334951.860495,58277910.61852312,0.6742157442643261
221122532.29948217,102987133.33333334,charging,102987133.33333334,118135398.96614884,0.0,837.1097492784082,0.0,-1.4901161193847656e-08,0.27016548251676753,9,229,772.6453662624934,26.89,105421381.48542722,923.9949135964821,665.9357152231725,1445.0192143513102,11210.616829520475,2545018854.4985466,2364424698.1103764,369.09807714111776,1180095343.9341207,27532908.711163927,1152562435.2229567,0.32748634229655654,13.729557940285469,1636106360.1580765,57923356.40910686,0.6803673064003463
216618813.61434707,102987133.33333334,charging,102987133.33333334,113631680.28101373,0.0,805.1963105265381,0.0,0.0,0.371874490162225,10,229,803.5407585744233,28.93,105371855.47542113,905.1754241755732,665.9356147231263,1445.0192143513207,11210.61682960658,2545018854.518094,2364379894.627442,369.0948580536856,1180090621.4071352,27483382.7012433,1152607238.7058918,0.32750368134946334,13.736391370295408,1624018295.1491523,57573345.53200961,0.6854263608488239
209462628.20884588,102987133.33333334,charging,102987133.33333334,106475494.87551254,0.0,754.4874406787675,0.0,0.0,0.467178166879543,11,229,813.5744336350119,30.71,105293161.1042197,875.2721897712178,665.935454839499,1445.0192141620885,11210.616829411634,2545018854.4738374,2364308704.1966047,369.08974312069245,1180083117.383926,27404688.24719824,1152678429.1367276,0.3275312332249869,13.747262571383105,1613470865.87666,57248895.40156336,0.6899292483706806
201451235.4791592,102987133.33333334,charging,102987133.33333334,98464102.14582586,0.0,697.718554993279,0.0,0.0,0.5553110369839572,12,229,790.6973971676783,32.15,105205062.2809548,841.7953384703806,665.9352755656503,1445.0192143426964,11210.61682952773,2545018854.500193,2364229006.3608117,369.08401697593433,1180074716.4791925,27316589.506667018,1152758126.9725256,0.32756207909787766,13.759452237000156,1604938114.105655,56973489.79503521,0.69363383965
212025691.5951915,102987133.33333334,charging,102987133.33333334,109038558.26185817,0.0,772.6493579999529,0.0,0.0,0.6529088506260565,13,229,801.2586938179993,33.12,105321346.32443245,885.9823490099933,665.9355121309118,1445.01921430247,11210.616829320434,2545018854.453133,2364334201.748062,369.0915750828558,1180085805.0523639,27432873.46709337,1152652931.5852704,0.32752136510327406,13.74336706927748,1599190357.7043529,56883069.41745953,0.6960155949054347
229694460.66085738,102987133.33333334,charging,102987133.33333334,126707327.32752404,0.0,897.8506014211214,0.0,0.0,0.7663215581739877,14,229,811.8825106348066,33.65,105515644.34673727,959.8140502681665,665.9359062448178,1445.0192141571642,11210.61682932983,2545018854.4552665,2364509972.7765956,369.1042040802496,1180104332.0463958,27627171.489657708,1152477160.5567381,0.32745334216880606,13.71656959207402,1596049831.0108583,56904059.68519776,0.6972228124714549
247220179.42697245,102987133.33333334,charging,102987133.33333334,144233046.0936391,0.0,1022.0381876198219,0.0,0.0,0.895421118715439,15,229,816.4746575968841,33.66,105708369.28886916,1033.0479935873416,665.9362957396933,1445.0192143110683,11210.616829313078,2545018854.451463,2364684321.8007584,369.1167311032689,1180122707.9640965,27819896.43152079,1152302811.5325758,0.3273858770763414,13.690086370265538,1595990575.790226,57006436.40279115,0.6970991496250954
233128897.26030704,102987133.33333334,charging,102987133.33333334,116837970.17956766,0.0,827.9161435027781,0.0,13303793.747406036,1.0000000000000004,16,229,746.7134358885028,33.22,105407114.05987148,918.5734054982888,665.9356862808386,1445.0192141603104,11210.616829439818,2545018854.4802356,2364411791.119158,369.09714978641546,1180093983.4162893,27518641.202113032,1152575342.2141762,0.3274913372794213,13.731525852851751,1598597805.498033,56913576.020367816,0.6962050246716261
198365986.91636077,102987133.33333334,charging,102987133.33333334,0.0,0.0,0.0,0.0,95378853.58302742,1.0000000000000004,17,229,640.9725269367759,32.38,104122282.8160203,430.3477640939877,665.9325432815197,1445.019214344472,11210.616829499544,2545018854.4937944,2363249497.433406,369.013644385504,1179971445.9423966,26233810.042469345,1153737635.8999274,0.327941311629577,13.910953820405668,1603575244.0311193,56350956.140774585,0.6950535727313973
108618150.58319148,102987133.33333334,charging,102987133.33333334,0.0,0.0,0.0,0.0,5631017.249858141,1.0000000000000004,18,229,387.36533512809854,31.0,104122282.8160188,430.3477640939877,665.932543281518,1445.0192143476386,11210.616829609678,2545018854.5187974,2363249497.455698,369.0136443854374,1179971445.919468,26233810.041833524,1153737635.8776343,0.32794131162324053,13.910953820218607,1611752464.4783325,56566726.86970972,0.6915568926263963
0.0,102987133.33333334,discharging,102987133.33333334,0.0,102987133.33333334,0.0,729.7688425149536,0.0,0.9078186725244274,19,229,0.0,28.84,104287625.54810001,1.0,654.149999999995,1445.0192141639966,11210.616829350733,2545018854.460012,2363399068.299481,369.02438987333187,1179987217.7241511,26399152.69030586,1153588065.0338452,0.32788338754826285,13.887615728933296,1624551592.1348405,56142979.76460852,0.6863757902960972
0.0,102987133.33333334,discharging,102987133.33333334,0.0,102987133.33333334,0.0,729.7688425149536,0.0,0.8156373450488542,20,229,0.0,27.25,104287625.54810615,1.0,654.15,1445.0192141620828,11210.61682941163,2545018854.4738364,2363399068.311816,369.0243898732955,1179987217.712599,26399152.691081244,1153588065.0215178,0.3278833875447585,13.887615728829067,1633973172.215325,56396464.935630284,0.6824472231800379
0.0,102987133.33333334,discharging,102987133.33333334,0.0,102987133.33333334,0.0,729.7688425149536,0.0,0.723456017573281,21,229,0.0,25.36,104287625.54810615,1.0,654.15,1445.0192143476306,11210.616829609662,2545018854.5187936,2363399068.3518963,369.0243898731758,1179987217.7553513,26399152.773913823,1153588064.9814374,0.3278833875333665,13.887615728493005,1645172408.9147692,56697777.49740651,0.6778355212940137
0.0,102987133.33333334,discharging,102987133.33333334,0.0,102987133.33333334,0.0,729.7688425149536,0.0,0.631274690097708,22,229,0.0,24.6,104287625.54810615,1.0,654.15,1445.0192143476193,11210.616829523524,2545018854.4992385,2363399068.3344626,369.02438987322785,1179987217.7726893,26399152.773817513,1153588064.9988718,0.3278833875383218,13.887615728639185,1649675805.6827996,56818940.22066044,0.675998603434395
0.0,102987133.33333334,discharging,102987133.33333334,0.0,102987133.33333334,0.0,729.7688425149536,0.0,0.5390933626221348,23,229,0.0,23.78,104287625.54810615,1.0,654.15,1445.0192142956134,11210.616829299312,2545018854.448338,2363399068.2890797,369.02438987336336,1179987217.7356813,26399152.691428866,1153588065.0442524,0.3278833875512203,13.887615729019743,1654534733.7746222,56949668.42206602,0.6740277992388499
0.0,102987133.33333334,discharging,102987133.33333334,0.0,102987133.33333334,0.0,729.7688425149536,0.0,0.44691203514656175,0,230,0.0,22.76,104287625.54810615,1.0,654.15,1445.0192142005426,11210.616829647175,2545018854.5273094,2363399068.3594875,369.0243898731529,1179987217.747266,26399152.773421183,1153588064.9738448,0.32788338753120844,13.887615728429349,1660578766.279084,57112281.55064366,0.6715922903780531
0.0,102987133.33333334,discharging,102987133.33333334,0.0,102987133.33333334,0.0,729.7688425149536,0.0,0.3547307076709887,1,230,0.0,21.77,104287625.54810615,1.0,654.15,1445.0192143061333,11210.616829317165,2545018854.4523916,2363399068.292694,369.02438987335256,1179987217.7313673,26399152.69072778,1153588065.0406396,0.3278833875501935,13.887615728989436,1666445033.12165,57270111.9401455,0.6692451872604991
0.0,102987133.33333334,discharging,102987133.33333334,0.0,102987133.33333334,0.0,729.7688425149536,0.0,0.26254938019541557,2,230,0.0,20.97,104287625.54810615,1.0,654.15,1445.019214300548,11210.616829295224,2545018854.44741,2363399068.288251,369.02438987336586,1179987217.7365398,26399152.69145831,1153588065.0450816,0.327883387551456,13.887615729026713,1671185450.7722085,57397651.64883383,0.6673604893102181
0.0,102987133.33333334,discharging,102987133.33333334,0.0,102987133.33333334,0.0,729.7688425149536,0.0,0.1703680527198425,3,230,0.0,20.13,104287625.54810615,1.0,654.15,1445.0192142054777,11210.6168296431,2545018854.5263844,2363399068.358666,369.02438987315554,1179987217.748119,26399152.773452833,1153588064.9746664,0.3278833875314419,13.887615728436206,1676162889.305295,57531568.34295662,0.6653929473475408
0.0,102987133.33333334,discharging,102987133.33333334,0.0,102987133.33333334,0.0,729.7688425149536,0.0,0.07818672524426942,4,230,0.0,19.51,104287625.54810615,1.0,654.15,1445.019214351308,11210.616829606526,2545018854.5180817,2363399068.3512616,369.0243898731776,1179987217.755985,26399152.773913343,1153588064.9820716,0.32788338753354673,13.887615728498327,1679836712.9844775,57630411.61719009,0.6639481395923066
0.0,102987133.33333334,discharging,87352036.66666676,0.0,87352036.66666676,0.0,618.978241517133,0.0,0.0,5,230,0.0,19.13,88455492.85391115,1.0,654.15,1445.019214197408,11210.616829623266,2545018854.521882,2349080770.386347,367.9964023460269,1178473383.0269704,26202116.74664971,1152271266.2803206,0.32898955279554853,16.341278407771494,1682088411.3684926,48932797.0634332,0.6656598201498205
87733765.32317366,102987133.33333334,direct_partial,87733765.32317366,0.0,0.0,0.0,0.0,0.0,0.0,6,230,331.80928660590655,18.65,88701178.2065043,366.6091920451009,665.8947309843497,1445.019214306146,11210.616829317274,2545018854.452416,2349302907.42402,368.01234017714387,1178496931.2584705,26066073.359317224,1152430857.8991532,0.32901203935679,16.2980808656321,1684932661.9588277,49831665.35963621,0.6643155152265202
174625110.87635434,102987133.33333334,charging,102987133.33333334,71637977.543021,0.0,507.62811100366577,0.0,0.0,0.06412144560046304,7,230,583.7520043491172,21.55,104910063.63468505,729.6982019789892,665.9346730803397,1445.0192143427003,11210.616829613773,2545018854.5197268,2363962139.9754577,369.0648434114278,1180046584.2183557,27021590.860421635,1153024993.357934,0.32766537720687683,13.80041831573972,1667748647.9755535,58483594.18816654,0.6679431453051138
220482530.10613078,102987133.33333334,charging,102987133.33333334,117495396.77279744,0.0,832.5746812098818,0.0,0.0,0.1692887737532902,8,230,735.1376464605407,24.73,105414343.57803424,921.3205648306749,665.9357009473295,1445.0192141534758,11210.616829332888,2545018854.4559608,2364418331.2542186,369.09761969083297,1180094672.8000505,27525870.72093445,1152568802.079116,0.3274888062504598,13.73052861577467,1648905487.8145835,58261405.80888405,0.6751353991130795
217392450.61342254,102987133.33333334,charging,102987133.33333334,114405317.2800892,0.0,810.6783174439918,0.0,0.0,0.271690245430426,9,230,761.6129743333809,27.47,105380362.92369507,908.408186774124,665.9356319934664,1445.0192142054777,11210.616829729128,2545018854.5459146,2364387590.875118,369.09541101873197,1180091432.6073217,27491890.14910756,1152599542.4582143,0.327500702851198,13.735217084548202,1632669557.3614213,57809031.431356445,0.681818480340127
208190035.7303276,102987133.33333334,charging,102987133.33333334,105202902.39699426,0.0,745.4698254681795,0.0,0.0,0.3658548549632487,10,230,776.7329209410065,29.62,105279166.79590884,869.954464051437,665.9354263822358,1445.019214347634,11210.61682952365,2545018854.499267,2364296044.370944,369.0888335310783,1180081782.9840448,27390694.021656465,1152691088.9623883,0.3275361329211754,13.74919751070285,1619929684.925546,57413604.95913493,0.6872123887302981
204951263.1475585,102987133.33333334,charging,102987133.33333334,101964129.81422517,0.0,722.5198195558237,0.0,0.0,0.45712051638082646,11,230,800.7133825647724,31.37,105243551.00936867,856.4207487775831,665.9353539238823,1445.0192143444715,11210.616829585568,2545018854.513324,2364263824.849155,369.0865186144423,1180078386.7200615,27355078.23587951,1152723308.4841821,0.327548602924502,13.754124290061919,1609560021.3149493,57117609.1074522,0.6916294353767962
237971848.987427,102987133.33333334,charging,102987133.33333334,134984715.65409365,0.0,956.5043371123194,0.0,0.0,0.5779421168581721,12,230,927.4476503503374,32.77,105606668.24182157,994.4024055663713,665.9360903798307,1445.0192143061383,11210.616829317183,2545018854.4523954,2364592317.599406,369.11012055319986,1180113011.1183772,27718195.38444952,1152394815.7339277,0.3274214775566365,13.704049536599351,1601264290.4264722,57092715.603947625,0.6949015269591408
133641565.69474667,102987133.33333334,charging,102987133.33333334,30654432.36141333,0.0,217.21790769663983,0.0,0.0,0.605380168356695,13,230,530.813113824069,33.8,104459380.1859932,558.4420803383916,665.9337460785523,1445.0192142091641,11210.616829639988,2545018854.525678,2363554440.3777905,369.03555227808675,1180003600.3668888,26570907.411343876,1153432692.955545,0.3278232227011164,13.863450815652637,1595161002.701378,56310736.36533836,0.6984271457211708
169630379.75445458,102987133.33333334,charging,102987133.33333334,66643246.42112125,0.0,472.2353485145439,0.0,-7.450580596923828e-09,0.6650309492216899,14,230,616.7928288138411,34.3,104855138.11179307,708.826940676831,665.9345605306136,1445.0192143042484,11210.616829292236,2545018854.446732,2363912452.5827456,369.0612735739654,1180041346.0057733,26966665.255185165,1153074680.7505882,0.32768461203814275,13.80807120138546,1592198241.669779,56445408.202620134,0.6994080745343806
152734528.4086848,102987133.33333334,charging,102987133.33333334,49747395.07535145,0.0,352.5110151844857,0.0,0.0,0.7095586564028882,15,230,525.6862429004099,34.16,104669339.62805937,638.224996397224,665.9341789310056,1445.0192143463678,11210.61682952456,2545018854.499474,2363744374.221616,369.04919792336403,1180023625.9654822,26780866.85377692,1153242759.1117053,0.3277496825642641,13.834018408022986,1593027814.7586272,56367366.582114406,0.6991912988215901
162529868.94839478,102987133.33333334,charging,102987133.33333334,59542735.61506143,0.0,421.9209899681055,0.0,0.0,0.7628539393462277,16,230,536.028744488024,33.56,104777055.97704555,679.1563512506467,665.9344003272276,1445.019214160306,11210.616829439829,2545018854.4802384,2363841817.24818,369.05619872999796,1180033899.204443,26888583.11929082,1153145316.0851521,0.32771195723423363,13.818964351927928,1596583127.9965458,56519793.96605989,0.6975641387870205
126188920.70968774,102987133.33333334,charging,102987133.33333334,23201787.376354396,0.0,164.4083194656699,0.0,0.0,0.7836213060155756,17,230,426.9355007726764,32.44,104377425.7399318,527.3000434441229,665.9335766497363,1445.0192143358431,11210.61682959274,2545018854.5149517,2363480302.9455833,369.0302259977501,1179995783.3541503,26488952.966390476,1153506830.38776,0.3278519302530973,13.874971427807703,1603219712.7073276,56479709.43564852,0.6950094788238049
36682337.80276118,102987133.33333334,direct_plus_discharge,102987133.33333334,0.0,66304795.53057216,0.0,469.8370788797854,0.0,0.7242734644728659,18,230,170.15907216314122,30.94,104226101.5285712,153.28285722901276,658.057280405351,1445.0192141639895,11210.616829350643,2545018854.4599915,2363343412.8861804,369.0203914545899,1179981349.1178975,26337628.670744076,1153643720.4471533,0.3279049404885966,13.896291182923358,1612107995.8021245,56062945.892180055,0.6915620525528616
0.0,102987133.33333334,discharging,102987133.33333334,0.0,102987133.33333334,0.0,729.7688425149536,0.0,0.6320921369972927,19,230,0.0,29.2,104287625.54810615,1.0,654.15,1445.0192143426825,11210.616829613684,2545018854.5197067,2363399068.352711,369.02438987317316,1179987217.7544882,26399152.77386584,1153588064.9806223,0.3278833875331348,13.887615728486159,1622418404.192089,56085586.89570243,0.6872715650994754
0.0,102987133.33333334,discharging,102987133.33333334,0.0,102987133.33333334,0.0,729.7688425149536,0.0,0.5399108095217197,20,230,0.0,27.68,104287625.54810615,1.0,654.15,1445.0192143395436,11210.616829503671,2545018854.494732,2363399068.330442,369.0243898732398,1179987217.777431,26399152.774540287,1153588065.0028908,0.32788338753946417,13.88761572867292,1631425197.72815,56327912.34221029,0.6835052224876654
0.0,102987133.33333334,discharging,102987133.33333334,0.0,102987133.33333334,0.0,729.7688425149536,0.0,0.44772948204614654,21,230,0.0,25.99,104287625.54810615,1.0,654.15,1445.0192141689283,11210.616829432633,2545018854.478605,2363399068.3160667,369.02438987328276,1179987217.707654,26399152.690387692,1153588065.0172663,0.32788338754355006,13.887615728793433,1641439330.0149543,56597339.976814434,0.6793658142982615
0.0,102987133.33333334,discharging,102987133.33333334,0.0,102987133.33333334,0.0,729.7688425149536,0.0,0.3555481545705734,22,230,0.0,25.59,104287625.54810615,1.0,654.15,1445.0192142042254,11210.61682973014,2545018854.546144,2363399068.3762794,369.0243898731029,1179987217.7305574,26399152.773504004,1153588064.9570534,0.3278833875264358,13.887615728288552,1643809538.840234,56661109.831158616,0.6783934000027415
0.0,102987133.33333334,discharging,102987133.33333334,0.0,102987133.33333334,0.0,729.7688425149536,0.0,0.26336682709500037,23,230,0.0,24.87,104287625.54810615,1.0,654.15,1445.019214295626,11210.616829213399,2545018854.4288344,2363399068.2716894,369.0243898734153,1179987217.7530403,26399152.691395685,1153588065.0616446,0.3278833875561637,13.887615729165601,1648075914.7257361,56775895.56897812,0.6766500513978551
0.0,102987133.33333334,discharging,102987133.33333334,0.0,102987133.33333334,0.0,729.7688425149536,0.0,0.17118549961942728,0,231,0.0,23.9,104287625.54810615,1.0,654.15,1445.0192143024628,11210.616829320355,2545018854.4531155,2363399068.293337,369.0243898733506,1179987217.730741,26399152.690746356,1153588065.0399947,0.3278833875500102,13.887615728984057,1653823671.1270385,56930537.46576276,0.674315491521655
0.0,102987133.33333334,discharging,102987133.33333334,0.0,102987133.33333334,0.0,729.7688425149536,0.0,0.0790041721438542,1,231,0.0,22.8,104287625.54810615,1.0,654.15,1445.0192143061472,11210.616829231209,2545018854.4328775,2363399068.2752967,369.0243898734045,1179987217.7487211,26399152.69068576,1153588065.0580354,0.32788338755513785,13.887615729135305,1660341745.396556,57105904.56520924,0.6716874689506357
0.0,102987133.33333334,discharging,88265307.4466169,0.0,88265307.4466169,0.0,625.4496961388458,0.0,0.0,2,231,0.0,22.08,89380272.82055677,1.0,654.15,1445.0192142023332,11210.616829705126,2545018854.540466,2349916922.0946116,368.05639610213495,1178562011.285417,26213625.93341659,1152348385.3520005,0.3289247228717908,16.17405650208108,1664608121.2820587,49041301.72094205,0.6724528190442968
0.0,102987133.33333334,shutdown,0.0,0.0,0.0,0.0,0.0,0.0,0.0,3,231,0.0,21.53,0.0,1.0,567.279923475184,1445.0192143463846,11210.616829610708,2545018854.519031,2259509895.6518,362.89907080586624,1179588764.9073367,25103923.827326432,1154484841.0800102,0.33816193353251617,,1667867158.4168177,0.0,0.6921923219447985
0.0,102987133.33333334,shutdown,0.0,0.0,0.0,0.0,0.0,0.0,0.0,4,231,0.0,21.55,0.0,1.0,567.279923475184,1445.0192143427012,11210.616829527791,2545018854.5002074,2259509895.635088,362.89907080586624,1179588764.923977,25103923.827255547,1154484841.0967214,0.3381619335374111,,1667748647.9755535,0.0,0.692241509233497
0.0,102987133.33333334,shutdown,0.0,0.0,0.0,0.0,0.0,0.0,0.0,5,231,0.0,21.41,0.0,1.0,567.279923475184,1445.0192141583987,11210.616829414721,2545018854.4745383,2259509895.6122985,362.89907080586624,1179588764.863999,25103923.74448673,1154484841.119512,0.33816193354408675,,1668578221.064401,0.0,0.6918973450241104
87845973.76928847,102987133.33333334,direct_partial,87845973.76928847,0.0,0.0,0.0,0.0,0.0,0.0,6,231,330.6154697332471,21.14,88814620.57440986,367.07807249972694,665.8950570934858,1445.0192143110737,11210.616829227087,2545018854.431942,2349405477.2435946,368.0196994447966,1178507803.8068228,26067307.281051923,1152440496.525771,0.3290041356333004,16.27749437075762,1670178112.0214648,49563308.50892078,0.6701242889005643
166879381.04048207,102987133.33333334,charging,102987133.33333334,63892247.70714873,0.0,452.7417177834314,0.0,0.0,0.05718842750948607,7,231,559.5751521404138,22.32,104824886.2245506,697.3314644239706,665.934498490197,1445.0192141603281,11210.616829439947,2545018854.480265,2363885085.856751,369.05930738763476,1180038460.8434162,26936413.36682971,1153102047.4765866,0.3276952064283549,13.812289682581602,1663185995.986891,58314892.81981052,0.6698236724558917
202291723.13673514,102987133.33333334,charging,102987133.33333334,99304589.8034018,0.0,703.674266985301,0.0,0.0,0.1460735980760504,8,231,679.03276446536,24.97,105214304.86536811,845.3074469491718,665.9352943876135,1445.0192143395402,11210.616829589724,2545018854.5142674,2364237367.5890107,369.0846177119631,1180075597.836194,27325832.091872357,1152749765.7443216,0.3275588429356596,13.758172441854237,1647483362.5194163,58112899.02186524,0.6758632108530926
251160562.51322764,102987133.33333334,charging,102987133.33333334,148173429.1798943,0.0,1049.959819292147,0.0,0.0,0.2787001015655847,9,231,873.1128439895463,27.52,105751700.47045505,1049.5134975387448,665.9363831164524,1445.0192143463898,11210.616829524683,2545018854.4995017,2364723521.637299,369.1195476452456,1180126839.39223,27863227.69619524,1152263611.696035,0.3273707095707978,13.68414532100645,1632373281.2582617,58004851.69242173,0.6816602683357429
206561891.32477695,102987133.33333334,charging,102987133.33333334,103574757.9914436,0.0,733.9327623436025,0.0,0.0,0.37140739786161875,10,231,773.7647192203569,29.58,105261262.59232788,863.1510092714788,665.935389963237,1445.0192141652396,11210.616829435692,2545018854.479299,2364279847.45503,369.0876698117979,1180080075.612892,27372789.734608684,1152707285.8782833,0.32754240162015874,13.751673806664702,1620166705.8080738,57410160.961680844,0.6871263598775477
199386219.69024813,102987133.33333334,charging,102987133.33333334,96399086.35691479,0.0,683.0858126955479,0.0,0.0,0.45769192157053007,11,231,784.4662441043206,31.23,105182353.93707511,833.1663486265685,665.9352293074651,1445.0192141571454,11210.616829329687,2545018854.455234,2364208463.445011,369.08254101478553,1180072550.9682777,27293881.079954665,1152778669.888323,0.3275700301800659,13.762597553711695,1610389594.403797,57106499.886432484,0.6913231604173585
195697253.3430488,102987133.33333334,charging,102987133.33333334,92710120.00971547,0.0,656.9457249570253,0.0,0.0,0.5406745394598386,12,231,778.127984674955,32.6,105141787.50808515,817.7514286462472,665.9351466217231,1445.019214342691,11210.616829613744,2545018854.51972,2364171765.526321,369.0799043509742,1180068682.5408733,27253314.733862124,1152815367.8070111,0.32758423428665634,13.768219760861566,1602271629.1772158,56868165.529010005,0.6948271456602205
210240364.5438665,102987133.33333334,charging,102987133.33333334,107253231.21053314,0.0,759.9984955709625,0.0,0.0,0.636674349426697,13,231,803.5068123389083,33.59,105301713.63163139,878.5220820829833,665.9354722272479,1445.0192143024726,11210.61682932043,2545018854.4531326,2364316441.1621165,369.0902990109879,1180083932.945509,27413240.774291623,1152670692.1712174,0.32752823882830884,13.74608029941364,1596405362.3346496,56798143.86182001,0.6972346041191084
223264567.91815847,102987133.33333334,charging,102987133.33333334,120277434.58482513,0.0,852.2882555973258,0.0,0.0,0.7443318132916223,14,231,797.8568608766709,34.22,105444936.79269694,932.9457427852451,665.9357629894322,1445.0192143407899,11210.61682950262,2545018854.494493,2364446007.3431644,369.0996081932823,1180097590.0093014,27556464.01913184,1152541125.9901695,0.3274780957478173,13.72631011133559,1592672283.434835,56775662.63256209,0.6987435576479091
261655300.32425034,102987133.33333334,charging,102987133.33333334,158668166.990917,0.0,1124.3257368292368,0.0,0.0,0.8863519063647891,15,231,866.8326431826747,34.45,105867107.87624034,1093.3673927346456,665.9366154857771,1445.019214205477,11210.616829729091,2545018854.545906,2364827925.894066,369.1270492341891,1180137842.5409105,27978635.101642977,1152159207.4392674,0.3273303145056628,13.668345769978522,1591309413.3602993,56966474.35426961,0.6990087133027248
222426184.49050012,102987133.33333334,charging,102987133.33333334,119439051.15716678,0.0,846.3474542196849,0.0,0.0,0.9932589532135915,16,231,715.4696574671034,34.18,105435717.34784904,929.4424271586371,665.9357442964624,1445.0192143463796,11210.616829524626,2545018854.499489,2364437667.0032225,369.09900894562935,1180096710.9036841,27547244.57357373,1152549466.3301103,0.3274813233976725,13.727581124635968,1592909304.3173628,56777030.24471471,0.6986476411808696
169798916.53403568,102987133.33333334,charging,102987133.33333334,7531255.008039681,0.0,53.366620392405636,0.0,59280528.19266266,1.0000000000000004,17,231,555.7840061602346,33.37,104205101.71234901,461.81828520307954,665.9332195276129,1445.019214344473,11210.616829585593,2545018854.5133295,2363324416.257148,369.0190266920739,1179979346.0150545,26316628.938870408,1153662717.076184,0.32791229724346765,13.899254694798504,1597708977.1885533,56240911.249637336,0.6975197526483568
90095892.42908737,102987133.33333334,direct_plus_discharge,102987133.33333334,0.0,12891240.904245973,0.0,91.34758536121022,0.0,0.9884613576385846,18,231,330.01602002496844,32.11,104140347.67984614,376.47970776521123,664.4652963093785,1445.0192142042224,11210.616829730126,2545018854.546141,2363265839.120525,369.0148183961809,1179973169.1180482,26251874.905240674,1153721294.2128074,0.3279349827455482,13.908400362977657,1605175134.9881825,56297544.286923274,0.6943967894291055
0.0,102987133.33333334,discharging,102987133.33333334,0.0,102987133.33333334,0.0,729.7688425149536,0.0,0.8962800301630115,19,231,0.0,30.35,104287625.54810597,1.0,654.15,1445.0192143476206,11210.616829523566,2545018854.499248,2363399068.334471,369.02438987322785,1179987217.7726917,26399152.773828547,1153588064.9988632,0.32788338753831936,13.887615728639139,1615604053.8194113,55902248.56446282,0.6901487977362905
0.0,102987133.33333334,discharging,102987133.33333334,0.0,102987133.33333334,0.0,729.7688425149536,0.0,0.8040987026874383,20,231,0.0,28.77,104287625.54810615,1.0,654.15,1445.019214162093,11210.616829411663,2545018854.473844,2363399068.3118234,369.0243898732955,1179987217.7126026,26399152.69109272,1153588065.02151,0.3278833875447562,13.887615728829001,1624966378.6792643,56154139.48912242,0.6862018829431493
0.0,102987133.33333334,discharging,102987133.33333334,0.0,102987133.33333334,0.0,729.7688425149536,0.0,0.7119173752118653,21,231,0.0,28.03,104287625.54810615,1.0,654.15,1445.019214347631,11210.616829523628,2545018854.499262,2363399068.3344846,369.02438987322773,1179987217.772697,26399152.773847304,1153588064.9988496,0.32788338753831553,13.887615728638993,1629351265.0060306,56272113.71965914,0.6843688095207531
0.0,102987133.33333334,discharging,102987133.33333334,0.0,102987133.33333334,0.0,729.7688425149536,0.0,0.6197360477362921,22,231,0.0,26.35,104287625.54810615,1.0,654.15,1445.0192143110726,11210.616829313061,2545018854.4514594,2363399068.291868,369.02438987335506,1179987217.7322195,26399152.690755006,1153588065.0414646,0.32788338755042795,13.887615728996307,1639306142.072203,56539947.10790467,0.6802433737363459
0.0,102987133.33333334,discharging,102987133.33333334,0.0,102987133.33333334,0.0,729.7688425149536,0.0,0.527554720260719,23,231,0.0,24.85,104287625.54810615,1.0,654.15,1445.0192141986302,11210.616829708117,2545018854.5411444,2363399068.371826,369.0243898731162,1179987217.7357163,26399152.77421047,1153588064.961506,0.32788338752770135,13.887615728325839,1648194425.167,56779084.06169534,0.6766017528819975
0.0,102987133.33333334,discharging,102987133.33333334,0.0,102987133.33333334,0.0,729.7688425149536,0.0,0.4353733927851459,0,232,0.0,23.87,104287625.54810615,1.0,654.15,1445.0192142054827,11210.616829643131,2545018854.5263915,2363399068.3586726,369.02438987315554,1179987217.7481234,26399152.773460787,1153588064.9746625,0.32788338753144086,13.887615728436177,1654001436.788934,56935320.20483856,0.6742435453906502
0.0,102987133.33333334,discharging,102987133.33333334,0.0,102987133.33333334,0.0,729.7688425149536,0.0,0.34319206530957286,1,232,0.0,23.12,104287625.54810615,1.0,654.15,1445.0192143110623,11210.616829313021,2545018854.4514503,2363399068.2918596,369.02438987335506,1179987217.7322152,26399152.690742206,1153588065.041473,0.3278833875504303,13.887615728996375,1658445578.3363326,57054888.6817339,0.6724498694230459
0.0,102987133.33333334,discharging,102987133.33333334,0.0,102987133.33333334,0.0,729.7688425149536,0.0,0.25101073783399974,2,232,0.0,22.55,104287625.54810615,1.0,654.15,1445.0192143005509,11210.616829209192,2545018854.4278793,2363399068.2708373,369.0243898734178,1179987217.7538886,26399152.691392012,1153588065.0624967,0.3278833875564059,13.887615729172753,1661823125.9123554,57145760.72417434,0.6710930453893778
0.0,102987133.33333334,discharging,102987133.33333334,0.0,102987133.33333334,0.0,729.7688425149536,0.0,0.15882941035842668,3,232,0.0,21.93,104287625.54810615,1.0,654.15,1445.0192143513198,11210.61682960657,2545018854.5180917,2363399068.35127,369.0243898731776,1179987217.7559893,26399152.773927018,1153588064.9820623,0.32788338753354407,13.887615728498243,1665496949.5915382,57244603.99840782,0.6696234049606283
0.0,102987133.33333334,discharging,102987133.33333334,0.0,102987133.33333334,0.0,729.7688425149536,0.0,0.06664808288285358,4,232,0.0,21.45,104287625.54810615,1.0,654.15,1445.0192141652624,11210.616829435825,2545018854.4793296,2363399068.316708,369.0243898732808,1179987217.7070296,26399152.69040517,1153588065.0166245,0.32788338754336765,13.887615728788095,1668341200.1818736,57321127.82362083,0.6684900320852062
0.0,102987133.33333334,discharging,74460795.76242098,0.0,74460795.76242098,0.0,527.6306561559242,0.0,8.16949626855683e-18,5,232,0.0,21.07,75401794.4380876,1.0,654.15,1445.0192143395475,11210.616829503728,2545018854.4947443,2337280816.1816897,367.1502843191978,1177219638.8161643,26039659.23544866,1151179979.5807157,0.3299075450169231,19.139210349553977,1670592898.5658886,41487988.79783057,0.6723864439333326
75916806.08470178,102987133.33333334,direct_plus_discharge,75916806.08470179,0.0,9.127152152359486e-09,0.0,6.467517879274156e-14,0.0,0.0,6,232,293.76126970645504,20.69,76754271.4996403,317.23018884276394,665.854990175441,1445.0192143463732,11210.616829610648,2545018854.519017,2338503157.7639174,367.23788596758413,1177349774.2948432,25936125.974057302,1151413648.320786,0.3298466631471412,18.806700663362026,1672844596.949904,42882819.801858686,0.6710935764497237
167512225.30558953,102987133.33333334,charging,102987133.33333334,64525091.97225618,0.0,457.2260646323228,0.0,0.0,0.05775487132197762,7,232,560.523021031659,23.68,104831845.41840713,699.9759026726518,665.9345127652407,1445.019214204237,11210.616829644196,2545018854.5266333,2363891381.389254,369.05975969163035,1180039124.5878644,26943372.64376296,1153095751.9441013,0.32769276924825386,13.811319040257365,1655127285.980942,58104673.18290621,0.6730529078542732
207979808.04282704,102987133.33333334,charging,102987133.33333334,104992674.7094937,0.0,743.9801479598705,0.0,0.0,0.15173131106427704,8,232,695.7974576250384,27.6,105276854.98666957,869.0759949423549,665.935421680472,1445.0192143395427,11210.616829589755,2545018854.514274,2364293953.0236025,369.0886832702648,1180081562.5229125,27388382.213161953,1152693180.3097506,0.32753694233417074,13.749517205115884,1631899239.4932055,57731683.027889326,0.68221595908639
208657408.63377246,102987133.33333334,charging,102987133.33333334,105670275.30043912,0.0,748.7816390096426,0.0,0.0,0.24631425493917927,9,232,734.8611297828256,29.84,105284306.35206427,871.9074544637893,665.9354368343405,1445.0192142091587,11210.61682972598,2545018854.5451994,2364300693.872997,369.0891675870662,1180082273.0378082,27395833.577472642,1152686439.4603355,0.3275343334381415,13.7484868238289,1618626070.0716424,57381626.5768964,0.6877572470373061
204091640.1819064,102987133.33333334,charging,102987133.33333334,101104506.84857306,0.0,716.4285143962484,0.0,0.0,0.3368104883366001,10,232,767.0117938921255,31.58,105234097.9998502,852.8286804360487,665.935334684037,1445.0192143427048,11210.616829527808,2545018854.5002112,2364255273.254754,369.0859041994887,1180077485.3041654,27345625.225585025,1152731860.0785804,0.3275519127112724,13.755432497540012,1608315661.6816776,57079292.2502657,0.6921672587976913
196569812.45429802,102987133.33333334,charging,102987133.33333334,93582679.12096468,0.0,663.1286958974943,0.0,0.0,0.42057411308154674,11,232,777.2858159234362,32.92,105151382.77242216,821.3975526853675,665.9351661853069,1445.0192143042375,11210.616829292127,2545018854.4467072,2364180445.707817,369.08052800577957,1180069597.5413013,27262909.915784523,1152806687.6255167,0.32758087454519336,13.766889536985405,1600375462.1169925,56822828.6437765,0.695635938108709
188578500.08612818,102987133.33333334,charging,102987133.33333334,85591366.75279483,0.0,606.5021000467368,0.0,0.0,0.49718490466639764,12,232,755.9468586437627,34.01,105063504.76671693,788.0046103001519,665.9349868794649,1445.0192141640093,11210.616829350825,2545018854.460033,2364100947.982624,369.07481630467663,1180061217.2596498,27175031.908941608,1152886185.3507082,0.3276116454815539,13.77908144185447,1593916643.068107,56603359.61746391,0.6984987661311831
207193539.80651796,102987133.33333334,charging,102987133.33333334,104206406.47318462,0.0,738.4086358481547,0.0,0.0,0.5904575744577435,13,232,796.886204239428,34.73,105268208.63654225,865.7904507532684,665.9354040936755,1445.0192141689379,11210.616829432696,2545018854.478619,2364286131.138037,369.0881212834846,1180080737.9741368,27379735.778840758,1152701002.195296,0.3275399696353018,13.750713012726482,1589650267.1826038,56599860.51180492,0.7001979728376189
224516912.76192573,102987133.33333334,charging,102987133.33333334,121529779.4285924,0.0,861.1623956717714,0.0,-1.4901161193847656e-08,0.6992359823320725,14,232,805.6588998581835,35.1,105458708.44399215,938.1788606121635,665.9357909061956,1445.0192143005452,11210.6168292952,2545018854.447405,2364458465.790701,369.10050332758976,1180098903.129969,27570235.58733741,1152528667.5426314,0.32747327444912183,13.724411934784712,1587457824.0192208,56643721.59124371,0.7010082014822817
232697990.78415674,102987133.33333334,charging,102987133.33333334,129710857.45082341,0.0,919.1336746613932,0.0,-1.4901161193847656e-08,0.8153370780787748,15,232,778.4868831083304,35.08,105548673.24426365,972.3647683153157,665.9359730966153,1445.0192143463742,11210.616829524588,2545018854.4994802,2364539852.401658,369.10635092235003,1180107481.4016533,27660200.469977688,1152447280.9316757,0.3274417795931114,13.71202407326308,1587576334.460485,56695226.56409851,0.7008862211382888
223254240.11238116,102987133.33333334,charging,102987133.33333334,120267106.77904782,0.0,852.2150725634468,0.0,0.0,0.9229852977709996,16,232,718.5157659297184,34.61,105444823.22099581,932.9025864415311,665.9357627591789,1445.0192143073916,11210.616829316179,2545018854.4521675,2364445904.563101,369.09960081143254,1180097579.133873,27556350.363635417,1152541228.7702377,0.3274781355189515,13.726325767546086,1590361329.8301876,56713848.53953977,0.6997502262835515
184383942.35829353,102987133.33333334,charging,102987133.33333334,81396809.0249602,0.0,576.7793818893485,0.0,-1.4901161193847656e-08,0.9958416407464962,17,232,599.0854187556287,33.87,105017378.5047307,770.4769980527631,665.9348926438373,1445.0192141584105,11210.616829328736,2545018854.455018,2364059220.522782,369.0718183141479,1180056818.4581945,27128905.64763945,1152927912.810555,0.32762779742237214,13.785489011561197,1594746216.1569543,56600579.94876935,0.6981743117372067
91064597.98942238,102987133.33333334,direct_plus_discharge,102987133.33333334,0.0,11922535.343910962,0.0,84.48331880069348,0.0,0.9851700636348297,18,232,332.4509218993097,32.29,104138792.45232676,380.5275947047019,664.5898910045036,1445.0192143073932,11210.616829316215,2545018854.4521756,2363264432.1633863,369.0147173242251,1179973020.7649274,26250319.5949802,1153722701.1699471,0.3279355276275903,13.908620159260327,1604108541.0168068,56277467.449983105,0.6948520978174836
0.0,102987133.33333334,discharging,102987133.33333334,0.0,102987133.33333334,0.0,729.7688425149536,0.0,0.8929887361592567,19,232,0.0,29.7,104287625.54810615,1.0,654.15,1445.0192143426866,11210.616829613726,2545018854.519716,2363399068.35272,369.02438987317316,1179987217.7544906,26399152.77387556,1153588064.9806151,0.32788338753313273,13.887615728486098,1619455643.16049,56005874.577772215,0.6885195826746686
0.0,102987133.33333334,discharging,102987133.33333334,0.0,102987133.33333334,0.0,729.7688425149536,0.0,0.8008074086836835,20,232,0.0,27.83,104287625.54810615,1.0,654.15,1445.0192141973878,11210.616829623166,2545018854.521859,2363399068.354629,369.0243898731676,1179987217.7528536,26399152.774150237,1153588064.9787035,0.3278833875325894,13.887615728470083,1630536369.4186702,56303998.64683124,0.6838750641838497
0.0,102987133.33333334,discharging,102987133.33333334,0.0,102987133.33333334,0.0,729.7688425149536,0.0,0.7086260812081103,21,232,0.0,26.63,104287625.54810615,1.0,654.15,1445.019214351299,11210.61682960646,2545018854.518067,2363399068.351248,369.02438987317765,1179987217.7559814,26399152.773894574,1153588064.982087,0.32788338753355106,13.887615728498462,1637646995.894508,56495308.20986376,0.6809274889053343
0.0,102987133.33333334,discharging,102987133.33333334,0.0,102987133.33333334,0.0,729.7688425149536,0.0,0.6164447537325373,22,232,0.0,25.75,104287625.54810615,1.0,654.15,1445.0192141689301,11210.616829346567,2545018854.4590664,2363399068.298644,369.0243898733348,1179987217.725002,26399152.690313887,1153588065.0346882,0.3278833875485019,13.887615728939544,1642861455.3101223,56635601.88942094,0.6787820315120686
0.0,102987133.33333334,discharging,102987133.33333334,0.0,102987133.33333334,0.0,729.7688425149536,0.0,0.5242634262569641,23,232,0.0,24.92,104287625.54810615,1.0,654.15,1445.0192143444572,11210.616829585475,2545018854.5133023,2363399068.3470016,369.02438987319033,1179987217.760924,26399152.774593644,1153588064.9863305,0.3278833875347572,13.887615728534021,1647779638.6225762,56767924.337185115,0.6767708276695139
0.0,102987133.33333334,discharging,102987133.33333334,0.0,102987133.33333334,0.0,729.7688425149536,0.0,0.4320820987813911,0,233,0.0,24.49,104287625.54810615,1.0,654.15,1445.0192143427046,11210.616829613802,2545018854.5197334,2363399068.352736,369.0243898731733,1179987217.7544968,26399152.773900494,1153588064.9805963,0.3278833875331274,13.887615728485935,1650327613.1097515,56836476.93060509,0.6757335581920106
0.0,102987133.33333334,discharging,102987133.33333334,0.0,102987133.33333334,0.0,729.7688425149536,0.0,0.339900771305818,1,233,0.0,24.36,104287625.54810615,1.0,654.15,1445.0192141639907,11210.616829350696,2545018854.4600034,2363399068.299478,369.02438987333227,1179987217.7241492,26399152.690292623,1153588065.0338566,0.3278833875482655,13.887615728932591,1651097930.9779673,56857202.13326695,0.675420590781249
0.0,102987133.33333334,discharging,102987133.33333334,0.0,102987133.33333334,0.0,729.7688425149536,0.0,0.24771944383024488,2,233,0.0,23.87,104287625.54810615,1.0,654.15,1445.0192142023136,11210.616829705014,2545018854.54044,2363399068.3711925,369.024389873118,1179987217.7363603,26399152.77421816,1153588064.9621422,0.3278833875278822,13.887615728331248,1654001436.788934,56935320.20483856,0.6742435453833324
0.0,102987133.33333334,discharging,102987133.33333334,0.0,102987133.33333334,0.0,729.7688425149536,0.0,0.15553811635467182,3,233,0.0,23.41,104287625.54810615,1.0,654.15,1445.0192143073928,11210.616829230175,2545018854.432643,2363399068.2750854,369.0243898734052,1179987217.748941,26399152.690691844,1153588065.058249,0.3278833875551986,13.88761572913712,1656727176.938005,57008655.53733437,0.6731422913600361
0.0,102987133.33333334,discharging,102987133.33333334,0.0,102987133.33333334,0.0,729.7688425149536,0.0,0.06335678887909874,4,233,0.0,23.02,104287625.54810615,1.0,654.15,1445.019214311066,11210.61682931303,2545018854.4514527,2363399068.2918615,369.02438987335506,1179987217.7322176,26399152.69074486,1153588065.0414727,0.3278833875504302,13.887615728996375,1659038130.5426528,57070831.145319946,0.6722114334201705
0.0,102987133.33333334,discharging,70783685.1838852,0.0,70783685.1838852,0.0,501.5745786261983,0.0,0.0,5,233,0.0,22.76,71678344.31483191,1.0,654.15,1445.0192143042423,11210.616829292167,2545018854.4467163,2333915921.353116,366.9091892186335,1176861083.4383953,25993319.607654445,1150867763.830741,0.3301703858325927,20.124070208092736,1660578766.279084,39254070.27034379,0.6770476126152161
51552259.130136415,102987133.33333334,direct_partial,51552259.130136415,0.0,0.0,0.0,0.0,0.0,0.0,6,233,218.7100803875962,22.6,52121795.111506216,215.41913763966696,665.7155296244399,1445.0192141689347,11210.61682934661,2545018854.459076,2316249522.411414,365.6448163509093,1174970933.1756315,25668196.456921827,1149302736.7187097,0.3315817517836924,27.608505289423828,1661526849.8091955,28966227.57814212,0.6798624330925748
161652248.81744415,102987133.33333334,charging,102987133.33333334,58665115.4841108,0.0,415.70215654297544,0.0,0.0,0.052509746089639,7,233,542.5260267034276,23.56,104767405.05821982,675.4890789530256,665.9343805096113,1445.0192143073916,11210.616829316194,2545018854.452171,2363833086.734306,369.05557148462145,1180032978.7999167,26878932.200882565,1153154046.599034,0.32771533717783613,13.820311868208627,1655838348.6285257,58087825.711323865,0.6728143042935865
202992852.00994503,102987133.33333334,charging,102987133.33333334,100005718.67661169,0.0,708.6424799037062,0.0,0.0,0.14202248039326507,8,233,680.9709721615098,26.86,105222014.96407115,848.2372230596595,665.9353100862393,1445.019214299292,11210.616829210174,2545018854.4281025,2364244342.3811855,369.0851188424613,1180076333.0594826,27333542.10733441,1152742790.9521482,0.32755614338924194,13.757105018467156,1636284125.8199723,57818526.62031154,0.6804444755999116
204241688.26779673,102987133.33333334,charging,102987133.33333334,101254554.93446338,0.0,717.4917580696823,0.0,0.0,0.23265301825469864,9,233,722.2622662162811,29.0,105235748.03252442,853.4556797143058,665.9353380426206,1445.0192142054725,11210.6168297291,2545018854.545908,2364256765.9829955,369.0860114460961,1180077642.608265,27347275.257928163,1152730367.3503368,0.3275513349723121,13.755204131310157,1623603508.6047287,57487897.075270966,0.6857035634442844
204168295.11429292,102987133.33333334,charging,102987133.33333334,101181161.78095958,0.0,716.9716927474674,0.0,0.0,0.3232178636543787,10,233,770.3347972935937,30.65,105234940.9505762,853.148995000515,665.9353363998468,1445.0192143073928,11210.616829316232,2545018854.4521794,2364256035.7798553,369.08595898865707,1180077565.646713,27346468.09323456,1152731097.5534785,0.3275516175803016,13.755315831921406,1613826397.2004519,57226713.55477225,0.6898231361614279
200643025.94081917,102987133.33333334,charging,102987133.33333334,97655892.60748583,0.0,691.9915663859259,0.0,0.0,0.41062732467154833,11,233,796.4030261287461,31.88,105196174.64908972,838.4181091361266,665.9352574634132,1445.0192142023275,11210.616829619044,2545018854.5209236,2364220966.2704124,369.083439311092,1180073868.938076,27307701.875154,1152766167.062922,0.3275651909850885,13.760683094646,1606538005.0627182,57011326.65735419,0.6929558054470125
192584016.73456287,102987133.33333334,charging,102987133.33333334,89596883.40122953,0.0,634.885269415492,0.0,0.0,0.4908233587029789,12,233,775.5953178024838,32.81,105107552.20206511,804.7422849775884,665.9350767910286,1445.019214351308,11210.616829606519,2545018854.51808,2364140794.9669857,369.07767919563935,1180065417.794217,27219079.42786953,1152846338.3663476,0.3275962218446434,13.772967897578809,1601027269.5439441,56816498.325299144,0.6953890111418958
206718204.16459745,102987133.33333334,charging,102987133.33333334,103731070.83126411,0.0,735.0403981860024,0.0,0.0,0.5836705668948949,13,233,800.3672827115373,33.37,105262981.5165991,863.8041867989881,665.9353934602427,1445.0192143073953,11210.616829230159,2545018854.432639,2364281402.4244604,369.0877815367245,1180080239.568053,27374508.65918155,1152705730.9088714,0.3275417997924446,13.75143602936723,1597708977.1885533,56812021.54161434,0.696700574845266
223985180.33370307,102987133.33333334,charging,102987133.33333334,120998047.00036973,0.0,857.3945292780563,0.0,0.0,0.6919730337510706,14,233,808.6004068130735,33.51,105452861.14592545,935.9569339095214,665.9357790539208,1445.0192141973853,11210.616829709188,2545018854.5413876,2364453176.130412,369.10012326262347,1180098345.574952,27564388.372031353,1152533957.2029204,0.3274753214985974,13.725217819454594,1596879404.0997057,56892361.14553266,0.6969123439061803
227217305.11096925,102987133.33333334,charging,102987133.33333334,124230171.7776359,0.0,880.2974287105043,0.0,0.0,0.803168498430292,15,233,764.7989504338382,33.2,105488403.82859413,949.4628702935091,665.9358510774958,1445.0192141652376,11210.616829435674,2545018854.479295,2364485329.692461,369.10243348229926,1180101734.611721,27599930.970850147,1152501803.6408708,0.32746287852153405,13.720320640745802,1598716315.939297,56960647.79833784,0.6960909820470877
218079444.26086086,102987133.33333334,charging,102987133.33333334,115092310.92752752,0.0,815.546367875918,0.0,0.0,0.9061848817409344,16,233,704.5092832644384,32.25,105387917.58166555,911.2788966439258,665.935647327285,1445.0192143476227,11210.616829523562,2545018854.499247,2364394425.1208982,369.09590205518293,1180092153.0198236,27499444.807388477,1152592708.212435,0.32749805795902,13.734174472167556,1604345561.8993351,57056715.97289721,0.6937469170251573
170799938.95688468,102987133.33333334,charging,102987133.33333334,67812805.62355134,0.0,480.5228679141529,0.0,0.0,0.9668825071616695,17,233,559.7097084376079,31.37,104867999.39483798,713.7141258178358,665.9345868956478,1445.0192143358543,11210.616829592796,2545018854.5149646,2363924087.350346,369.0621094799552,1180042572.6043117,26979526.621323444,1153063045.9829884,0.3276801079725889,13.806278493440272,1609560021.3149493,56913735.111039504,0.6919179144206332
80538193.91942361,102987133.33333334,direct_plus_discharge,102987133.33333334,0.0,22448939.413909733,0.0,159.07362406867549,0.0,0.9467889967529947,18,233,301.19857476258244,29.84,104155692.27613579,336.5413771175811,663.2529093784207,1445.0192143426866,11210.616829527638,2545018854.5001726,2363279719.948636,369.01581562253375,1179974632.8865247,26267219.501827665,1153707413.384697,0.3279296069578673,13.906232109954425,1618626070.0716424,56574848.29262179,0.6886979351176722
0.0,102987133.33333334,discharging,102987133.33333334,0.0,102987133.33333334,0.0,729.7688425149536,0.0,0.8546076692774215,19,233,0.0,27.6,104287625.54810138,1.0,654.1499999999962,1445.01921416032,11210.61682943989,2545018854.4802523,2363399068.3175287,369.0243898732781,1179987217.7061682,26399152.690369546,1153588065.0157986,0.32788338754313334,13.88761572878178,1631899239.4932055,56340666.31307629,0.6833081371008463
0.0,102987133.33333334,discharging,102987133.33333334,0.0,102987133.33333334,0.0,729.7688425149536,0.0,0.7624263418018483,20,233,0.0,26.29,104287625.54810615,1.0,654.15,1445.0192143005504,11210.61682929523,2545018854.4474115,2363399068.288252,369.02438987336586,1179987217.736541,26399152.691458974,1153588065.045082,0.32788338755145613,13.887615729026717,1639661673.395995,56549512.5860563,0.6800969564277412
0.0,102987133.33333334,discharging,102987133.33333334,0.0,102987133.33333334,0.0,729.7688425149536,0.0,0.6702450143262751,21,233,0.0,25.25,104287625.54810615,1.0,654.15,1445.0192143463782,11210.61682952464,2545018854.499492,2363399068.334689,369.02438987322716,1179987217.7724786,26399152.773833934,1153588064.9986446,0.32788338753825724,13.887615728637282,1645824216.341721,56715314.20735116,0.6775690339634054
0.0,102987133.33333334,discharging,102987133.33333334,0.0,102987133.33333334,0.0,729.7688425149536,0.0,0.5780636868507021,22,233,0.0,23.94,104287625.54810615,1.0,654.15,1445.0192141640034,11210.616829436824,2545018854.479556,2363399068.3169127,369.02438987328014,1179987217.7068086,26399152.69038739,1153588065.016421,0.32788338754330987,13.887615728786367,1653586650.2445104,56924160.48032834,0.6744114435193669
0.0,102987133.33333334,discharging,102987133.33333334,0.0,102987133.33333334,0.0,729.7688425149536,0.0,0.485882359375129,23,233,0.0,22.64,104287625.54810615,1.0,654.15,1445.0192143444553,11210.61682949944,2545018854.493771,2363399068.3295865,369.0243898732424,1179987217.7782736,26399152.77452647,1153588065.0037472,0.3278833875397076,13.887615728680089,1661289828.9266677,57131412.50694692,0.671306916598256
0.0,102987133.33333334,discharging,102987133.33333334,0.0,102987133.33333334,0.0,729.7688425149536,0.0,0.3937010318995559,0,234,0.0,21.96,104287625.54810615,1.0,654.15,1445.0192141652467,11210.616829435707,2545018854.4793024,2363399068.3166833,369.02438987328094,1179987217.707021,26399152.690370515,1153588065.0166504,0.32788338754337504,13.887615728788328,1665319183.9296424,57239821.259332016,0.6696943684028376
0.0,102987133.33333334,discharging,102987133.33333334,0.0,102987133.33333334,0.0,729.7688425149536,0.0,0.30151970442398285,1,234,0.0,21.31,104287625.54810615,1.0,654.15,1445.0192143476163,11210.616829609557,2545018854.5187697,2363399068.3518744,369.0243898731758,1179987217.7553442,26399152.773884464,1153588064.9814596,0.32788338753337276,13.887615728493197,1669170773.2707212,57343447.2726413,0.6681601873041082
0.0,102987133.33333334,discharging,102987133.33333334,0.0,102987133.33333334,0.0,729.7688425149536,0.0,0.20933837694840976,2,234,0.0,20.76,104287625.54810615,1.0,654.15,1445.0192142956223,11210.61682921333,2545018854.4288187,2363399068.2716765,369.0243898734153,1179987217.753034,26399152.69137824,1153588065.0616558,0.32788338755616686,13.887615729165685,1672429810.4054801,57431130.82236454,0.6668675137799492
0.0,102987133.33333334,discharging,102987133.33333334,0.0,102987133.33333334,0.0,729.7688425149536,0.0,0.11715704947283669,3,234,0.0,20.26,104287625.54810615,1.0,654.15,1445.0192142091737,11210.616829726132,2545018854.545234,2363399068.3754697,369.0243898731053,1179987217.73142,26399152.77355552,1153588064.9578645,0.32788338752666635,13.887615728295346,1675392571.4370792,57510843.14029476,0.6656966887212264
0.0,102987133.33333334,discharging,102987133.33333334,0.0,102987133.33333334,0.0,729.7688425149536,0.0,0.024975721997263597,4,234,0.0,19.81,104287625.54810615,1.0,654.15,1445.0192142054746,11210.616829643064,2545018854.5263762,2363399068.358659,369.02438987315566,1179987217.7481184,26399152.77344291,1153588064.9746754,0.3278833875314445,13.887615728436284,1678059056.365518,57582584.22643194,0.6646464558094135
0.0,102987133.33333334,discharging,27903460.297965966,0.0,27903460.297965966,0.0,197.72446581167014,0.0,0.0,5,234,0.0,19.37,28257735.87061011,1.0,654.15,1445.01921434078,11210.616829588615,2545018854.514015,2294707997.4517317,364.1065838897217,1172648398.9787018,25452936.13246812,1147195462.8462336,0.3332683229648075,50.7675156460001,1680666286.0733252,15621562.367788328,0.6762976365718265
56156412.62495826,102987133.33333334,direct_partial,56156412.62495826,0.0,0.0,0.0,0.0,0.0,0.0,6,234,233.3575153334577,18.96,56776579.06706392,234.65830954310312,665.7511588449437,1445.0192143110783,11210.616829313121,2545018854.451473,2320453356.5440702,365.94545859359107,1175421882.9989955,25718826.918104373,1149703056.0808911,0.3312523955056561,25.360036636004647,1683095750.1192365,31864858.988266792,0.6703961886793526
157451987.5141191,102987133.33333334,charging,102987133.33333334,54464854.180785745,0.0,385.9390227380288,0.0,0.0,0.04875019234585627,7,234,530.4302320195299,20.93,104721216.07577798,657.9376334278871,665.9342856126804,1445.0192143073846,11210.61682923009,2545018854.4326234,2363791302.9196167,369.0525695178785,1180028573.632063,26832743.218340673,1153195830.4137223,0.3277315136945727,13.826764474422045,1671422471.654736,58475789.328856364,0.6666263886282153
204259581.57413572,102987133.33333334,charging,102987133.33333334,101272448.24080238,0.0,717.618550388617,0.0,0.0,0.13939674607915525,8,234,685.8668827606504,24.91,105235944.79971507,853.5304496795015,665.9353384431263,1445.0192141534758,11210.616829418896,2545018854.475486,2364256943.923913,369.0860242355109,1180077661.3520947,27347471.94267349,1152730189.4094212,0.32755126609592095,13.755176899567354,1647838893.8432083,58134336.13552504,0.67570239037326
208475515.58344233,102987133.33333334,charging,102987133.33333334,105488382.25010899,0.0,747.4927412949029,0.0,0.0,0.23381688182166932,9,234,738.1251059107104,27.27,105282306.13010135,871.147386045723,665.9354327666922,1445.019214302473,11210.616829234401,2545018854.4336023,2364298884.287546,369.0890375787684,1180082082.318482,27393833.272696108,1152688249.045786,0.3275350337874183,13.748763402708356,1633854661.7740612,57786845.08187371,0.6814022027563977
203092862.4724939,102987133.33333334,charging,102987133.33333334,100105729.13916054,0.0,709.3511559987815,0.0,0.0,0.3234191331057259,10,234,769.8863707127,29.23,105223114.74838598,848.6551323416337,665.9353123253363,1445.0192143024697,11210.61682932043,2545018854.4531326,2364245337.3132806,369.08519032468007,1180076437.911099,27334641.891045116,1152741796.0200539,0.3275557583118658,13.756952771471683,1622240638.530193,57444652.11285468,0.686284390559103
194966695.24937806,102987133.33333334,charging,102987133.33333334,91979561.91604471,0.0,651.768976006431,0.0,0.0,0.40574784586443297,11,234,780.1483849493192,30.82,105133753.78529339,814.6986779581241,665.935130239193,1445.0192141986217,11210.616829708066,2545018854.541133,2364164497.931646,369.0793821909118,1180067916.4130685,27245281.011381105,1152822635.4016874,0.32758704728448423,13.769333689973056,1612819058.4497082,57144834.614387035,0.6903278808540327
190886757.06201142,102987133.33333334,charging,102987133.33333334,87899623.72867808,0.0,622.8584541561892,0.0,0.0,0.4844247032315305,12,234,774.3886771357901,31.87,105088887.95915985,797.6500212983449,665.9350387019368,1445.0192143513113,11210.616829520519,2545018854.498556,2364123910.581024,369.07646609959966,1180063637.9372168,27200415.184904773,1152863222.752312,0.32760275726393967,13.775557767288932,1606597260.2833505,56954744.62322112,0.6930130343698266
204970708.81811562,102987133.33333334,charging,102987133.33333334,101983575.48478228,0.0,722.6576119579917,0.0,0.0,0.5757077700051716,13,234,799.5025129027582,32.37,105243764.84742731,856.5020055382568,665.9353543590698,1445.0192142054748,11210.616829729071,2545018854.5459013,2364264018.3249674,369.0865325131432,1180078407.0811887,27355292.07282357,1152723115.0083652,0.32754852804529727,13.75409469936719,1603634499.2517514,56959686.18166446,0.6941630442403988
218012922.9707142,102987133.33333334,charging,102987133.33333334,115025789.63738087,0.0,815.0749967119514,0.0,0.0,0.6786646116951023,14,234,792.9984383754448,32.42,105387186.0674855,911.0009270806154,665.9356458426141,1445.0192143042395,11210.616829206143,2545018854.4271874,2364393763.295563,369.0958545085291,1180092083.2485669,27498713.21079607,1152593370.0377707,0.3274983140816804,13.734275421893562,1603338223.1485915,57029416.59278708,0.6941796156767428
221812576.2983037,102987133.33333334,charging,102987133.33333334,118825442.96497035,0.0,841.9994145599389,0.0,0.0,0.785022432481621,15,234,751.1346837734047,32.06,105428969.68717338,926.8783698342494,665.9357306131135,1445.019214351319,11210.61682960656,2545018854.5180893,2364431562.7694545,369.0985703599415,1180096067.4768696,27540496.912991058,1152555570.5638785,0.3274836857032305,13.72851151298315,1605471411.0913424,57109027.74833707,0.6932329670426358
219339826.45090282,102987133.33333334,charging,102987133.33333334,116352693.11756948,0.0,824.477460743377,0.0,0.0,0.889166953838679,16,234,709.43923060597,31.17,105401777.6171872,916.54559977307,665.9356754535332,1445.0192142054843,11210.616829729184,2545018854.545927,2364406963.5856867,369.096802928286,1180093474.590261,27513304.84261458,1152580169.7476463,0.3274932055435857,13.732262047179892,1610745125.727589,57235160.10924659,0.6910034726036286
176671478.76318336,102987133.33333334,charging,102987133.33333334,73684345.42985001,0.0,522.1287139022575,0.0,0.0,0.9551200545421222,17,234,577.805123496345,29.96,104932566.91326524,738.2492686618559,665.9347191586083,1445.0192141937184,11210.61682962636,2545018854.5225844,2363982497.1654463,369.0663059992644,1180048730.3072138,27044094.139327295,1153004636.1678865,0.3276574967673445,13.797285201148595,1617915007.4240587,57170962.89708474,0.6883256481139504
92935775.54861636,102987133.33333334,direct_plus_discharge,102987133.33333334,0.0,10051357.784716979,0.0,71.2241179926351,0.0,0.9461233238483157,18,234,338.58818241850145,28.33,104135788.33326975,388.34660133940105,664.8314700048059,1445.019214346377,11210.616829610664,2545018854.519021,2363261714.6689816,369.01452209032254,1179972734.2234123,26247315.559061464,1153725418.6643507,0.32793658007468,13.909044740361722,1627573608.3870711,56913508.87876797,0.6849119870604949
0.0,102987133.33333334,discharging,102987133.33333334,0.0,102987133.33333334,0.0,729.7688425149536,0.0,0.8539419963727426,19,234,0.0,26.87,104287625.54810603,1.0,654.15,1445.0192143110783,11210.61682922708,2545018854.43194,2363399068.2744575,369.0243898734069,1179987217.7495792,26399152.690703716,1153588065.0588756,0.32788338755537666,13.887615729142409,1636224870.59934,56457046.29725718,0.6815149695542864
0.0,102987133.33333334,discharging,102987133.33333334,0.0,102987133.33333334,0.0,729.7688425149536,0.0,0.7617606688971694,20,234,0.0,25.54,104287625.54810615,1.0,654.15,1445.0192142956244,11210.616829299395,2545018854.448357,2363399068.289094,369.02438987336325,1179987217.7356915,26399152.69145183,1153588065.0442398,0.3278833875512167,13.887615729019666,1644105814.9433935,56669081.06295163,0.6782720439683254
0.0,102987133.33333334,discharging,102987133.33333334,0.0,102987133.33333334,0.0,729.7688425149536,0.0,0.6695793414215964,21,234,0.0,24.43,104287625.54810615,1.0,654.15,1445.0192141640066,11210.616829436809,2545018854.4795527,2363399068.31691,369.02438987328014,1179987217.7068076,26399152.690384075,1153588065.0164235,0.32788338754331053,13.887615728786384,1650683144.4335434,56846042.408756725,0.6755890756688797
0.0,102987133.33333334,discharging,102987133.33333334,0.0,102987133.33333334,0.0,729.7688425149536,0.0,0.5773980139460232,22,234,0.0,23.17,104287625.54810615,1.0,654.15,1445.019214311081,11210.6168292271,2545018854.431945,2363399068.2744617,369.0243898734069,1179987217.749581,26399152.690708797,1153588065.0588722,0.3278833875553757,13.887615729142365,1658149302.2331727,57046917.449940875,0.6725691508765104
0.0,102987133.33333334,discharging,102987133.33333334,0.0,102987133.33333334,0.0,729.7688425149536,0.0,0.48521668647045013,23,234,0.0,21.69,104287625.54810615,1.0,654.15,1445.019214300549,11210.616829295239,2545018854.4474134,2363399068.288254,369.02438987336586,1179987217.7365417,26399152.691461183,1153588065.0450807,0.32788338755145574,13.887615729026708,1666919074.8867059,57282865.911014326,0.6690562385699212
0.0,102987133.33333334,discharging,102987133.33333334,0.0,102987133.33333334,0.0,729.7688425149536,0.0,0.39303535899487707,0,235,0.0,20.98,104287625.54810615,1.0,654.15,1445.0192141603143,11210.616829353843,2545018854.4607177,2363399068.3001146,369.0243898733304,1179987217.7235167,26399152.690298393,1153588065.0332184,0.3278833875480841,13.887615728927242,1671126195.5515761,57396057.40247524,0.6673839825097604
0.0,102987133.33333334,discharging,102987133.33333334,0.0,102987133.33333334,0.0,729.7688425149536,0.0,0.30085403151930395,1,235,0.0,20.37,104287625.54810615,1.0,654.15,1445.019214307386,11210.616829316186,2545018854.452169,2363399068.2924943,369.02438987335313,1179987217.7315896,26399152.690750416,1153588065.0408392,0.3278833875502502,13.887615728991134,1674740764.010127,57493306.43035011,0.66595391738687
0.0,102987133.33333334,discharging,102987133.33333334,0.0,102987133.33333334,0.0,729.7688425149536,0.0,0.2086727040437309,2,235,0.0,19.77,104287625.54810615,1.0,654.15,1445.0192142023222,11210.616829705037,2545018854.5404453,2363399068.371197,369.024389873118,1179987217.7363636,26399152.774226326,1153588064.9621372,0.32788338752788077,13.887615728331198,1678296077.248046,57588961.21186638,0.6645532621132604
0.0,102987133.33333334,discharging,102987133.33333334,0.0,102987133.33333334,0.0,729.7688425149536,0.0,0.11649137656815782,3,235,0.0,19.21,104287625.54810615,1.0,654.15,1445.0192143110683,11210.616829227025,2545018854.4319277,2363399068.274449,369.02438987340713,1179987217.7495716,26399152.6906865,1153588065.058885,0.3278833875553794,13.88761572914245,1681614369.603437,57678239.00794822,0.6632512892582725
0.0,102987133.33333334,discharging,102987133.33333334,0.0,102987133.33333334,0.0,729.7688425149536,0.0,0.024310049092584732,4,235,0.0,18.69,104287625.54810615,1.0,654.15,1445.0192143513107,11210.616829606499,2545018854.5180755,2363399068.351256,369.0243898731776,1179987217.7559843,26399152.773907155,1153588064.9820771,0.3278833875335483,13.887615728498373,1684695641.0763,57761139.81859564,0.6620468740634211
0.0,102987133.33333334,discharging,27159754.972082954,0.0,27159754.972082954,0.0,192.4545553162958,0.0,0.0,5,235,0.0,18.25,27504658.24942318,1.0,654.15,1445.0192141583952,11210.616829328665,2545018854.455002,2294028503.400551,364.05812933396066,1172574815.325091,25443563.753564753,1147131251.571526,0.33332259156523497,52.152520493792466,1687302870.784107,15252334.754992371,0.6737703704640208
67473864.344128,102987133.33333334,direct_partial,67473864.344128,0.0,0.0,0.0,0.0,0.0,0.0,6,235,267.4255478091548,17.87,68218485.32397707,281.95004283975135,665.818069100267,1445.019214205481,11210.616829729159,2545018854.5459213,2330789610.314769,366.6852646929096,1176527535.5679736,25843281.53860202,1150684254.0293715,0.33044573707221436,21.137129751405205,1689554569.168122,38401115.50430325,0.6659223174739639
166364956.6126721,102987133.33333334,charging,102987133.33333334,63377823.279338755,0.0,449.09649621940133,0.0,-7.450580596923828e-09,0.05672797846981912,7,235,557.2604284314634,19.82,104819229.2572976,695.1818618946254,665.9344868849514,1445.0192143024506,11210.616829320288,2545018854.4531,2363879968.374848,369.0589397204418,1180037921.3584018,26930756.39986309,1153107164.9585388,0.3276971875596804,13.81307879007979,1677999801.144886,58705249.27833936,0.6639625794129711
201115181.93058202,102987133.33333334,charging,102987133.33333334,98128048.59724867,0.0,695.3372729706552,0.0,0.0,0.1445600550555861,8,235,676.9170913705867,23.79,105201366.8033754,840.3910864190302,665.9352680391103,1445.0192143005513,11210.616829209192,2545018854.4278793,2364225663.218562,369.08377678302384,1180074364.0614324,27312893.94666147,1152761470.114771,0.32756337303934047,13.759964002989843,1654475478.5539901,58292162.02349031,0.6730401969330198
203581923.17133138,102987133.33333334,charging,102987133.33333334,100594789.83799802,0.0,712.816649682881,0.0,1.4901161193847656e-08,0.2346000529102658,9,235,723.9529873996906,26.43,105228492.79856116,850.6987485822152,665.9353232740618,1445.019214311084,11210.616829313145,2545018854.4514785,2364250202.516016,369.085539880007,1180076950.7585506,27340019.94123326,1152736930.8173175,0.3275538752815217,13.75620831588617,1638832100.3071475,57890033.98606882,0.6793905186470026
202118789.30775934,102987133.33333334,charging,102987133.33333334,99131655.974426,0.0,702.4488544884323,0.0,0.0,0.32333043452985727,10,235,769.4449120443181,28.66,105212403.16520853,844.5848160318216,665.9352905151864,1445.0192142005685,11210.616829647364,2545018854.5273523,2364235647.2456036,369.0844941079343,1180075416.4783068,27323930.39057529,1152751486.0877314,0.3275595087841067,13.758435746537746,1625618186.1062157,57528858.1548132,0.6848786563350066
189389009.51567882,102987133.33333334,charging,102987133.33333334,86401876.18234548,0.0,612.2453857282229,0.0,0.0,0.40066669377973807,11,235,763.8247392109937,30.45,105072417.68977562,791.391450087752,665.9350050789864,1445.0192143395257,11210.616829589604,2545018854.5142403,2364109010.9849396,369.0753956044957,1180062067.2646384,27183944.91624633,1152878122.348392,0.3276085244944295,13.777843962763878,1615011501.6130915,57169865.98830405,0.6894456215608354
193124853.36994016,102987133.33333334,charging,102987133.33333334,90137720.03660682,0.0,638.7176483992966,0.0,0.0,0.4813468177880703,12,235,787.7094514294117,31.69,105113499.61629952,807.002255026679,665.9350889253903,1445.0192143110712,11210.61682931309,2545018854.451466,2364146175.161912,369.078065752884,1180065984.930377,27225026.75895478,1152840958.1714222,0.32759413934706005,13.772142821940548,1607663854.2547262,56996498.79157991,0.692538244250089
203363318.6293969,102987133.33333334,charging,102987133.33333334,100376185.29606354,0.0,711.2676136200973,0.0,0.0,0.5711911479295563,13,235,798.5843709685672,32.38,105226088.87160929,849.7852754832235,665.9353183802447,1445.0192141603052,11210.61682935378,2545018854.4607034,2364248027.8334703,369.0853836327227,1180076721.5136456,27337616.013782546,1152739105.4998631,0.32755471697172855,13.756541069556848,1603575244.0311193,56948536.91485078,0.694202105821796
225734313.8056222,102987133.33333334,charging,102987133.33333334,122747180.47228885,0.0,869.788923294978,0.0,0.0,0.6810592224510271,14,235,823.435808745144,32.59,105472095.82905883,943.2659603323269,665.9358180370327,1445.0192143395386,11210.616829589728,2545018854.514268,2364470576.719642,369.10137348626154,1180100179.6692538,27583623.05556372,1152516556.6136901,0.3274685876838013,13.722567196689996,1602330884.3978474,57048452.43076486,0.6945467688035499
230419039.76314706,102987133.33333334,charging,102987133.33333334,127431906.42981371,0.0,902.9849831217655,0.0,0.0,0.7951204834769343,15,235,781.2401627605892,32.34,105523612.32040052,962.8418168103261,665.9359223761342,1445.0192141652485,11210.61682934968,2545018854.4597726,2364517181.0035167,369.10472198908155,1180105091.7924185,27635139.462601963,1152469952.3298166,0.3274505527667138,13.71547275944697,1603812264.913647,57115939.38283614,0.6938710230512141
219694774.88891557,102987133.33333334,charging,102987133.33333334,116707641.55558223,0.0,826.9926323223613,0.0,0.0,0.8995827107176536,16,235,710.8431502906145,31.74,105405680.87605421,918.0288070604621,665.9356833731064,1445.0192143463785,11210.616829610675,2545018854.5190234,2364410494.629515,369.09705663224895,1180093846.805666,27517208.101847757,1152576638.7038183,0.3274918390246269,13.731723561693018,1607367578.1515658,57147059.443547845,0.6924400739239265
178063659.17146933,102987133.33333334,charging,102987133.33333334,75076525.83813599,0.0,531.9937315238133,0.0,0.0,0.9667819189101353,17,235,581.8526358046223,30.68,104947876.29326558,744.0667111571449,665.9347504952024,1445.0192143407835,11210.616829588605,2545018854.5140133,2363996346.5223074,369.0673010258902,1180050190.3307803,27059403.519769233,1152990786.811011,0.32765213562229023,13.795154455559913,1613648631.5385559,57065837.95471727,0.6901183941746268
87019822.4389763,102987133.33333334,direct_plus_discharge,102987133.33333334,0.0,15967310.89435704,0.0,113.14467751749582,0.0,0.9524899596447675,18,235,320.1291085650519,29.21,104145286.21731064,363.6258705955106,664.071763522766,1445.019214204228,11210.616829644137,2545018854.52662,2363270306.550766,369.0151393454521,1179973640.2252185,26256813.442649446,1153716826.7825692,0.327933252586916,13.907702458141948,1622359148.9714572,56726663.004630536,0.6871101039349379
0.0,102987133.33333334,discharging,102987133.33333334,0.0,102987133.33333334,0.0,729.7688425149536,0.0,0.8603086321691944,19,235,0.0,27.41,104287625.54810609,1.0,654.15,1445.0192142054702,11210.616829729073,2545018854.545902,2363399068.3760657,369.02438987310364,1179987217.7307699,26399152.77350236,1153588064.9572675,0.32788338752649665,13.887615728290333,1633025088.6852133,56370956.99389258,0.6828405144594419
0.0,102987133.33333334,discharging,102987133.33333334,0.0,102987133.33333334,0.0,729.7688425149536,0.0,0.7681273046936212,20,235,0.0,26.07,104287625.54810615,1.0,654.15,1445.0192143358545,11210.616829506767,2545018854.4954348,2363399068.331074,369.02438987323785,1179987217.7767868,26399152.77452797,1153588065.0022588,0.3278833875392845,13.887615728667551,1640965288.249899,56584586.0059456,0.6795606317652125
0.0,102987133.33333334,discharging,102987133.33333334,0.0,102987133.33333334,0.0,729.7688425149536,0.0,0.675945977218048,21,235,0.0,24.7,104287625.54810615,1.0,654.15,1445.0192143513166,11210.616829606564,2545018854.5180902,2363399068.351269,369.0243898731776,1179987217.7559876,26399152.773924377,1153588064.9820633,0.32788338753354435,13.88761572849825,1649083253.47648,56802997.757074416,0.6762397341252295
0.0,102987133.33333334,discharging,102987133.33333334,0.0,102987133.33333334,0.0,729.7688425149536,0.0,0.583764649742475,22,235,0.0,23.06,104287625.54810615,1.0,654.15,1445.0192143476281,11210.616829609606,2545018854.5187807,2363399068.3518844,369.0243898731758,1179987217.7553492,26399152.773898594,1153588064.9814506,0.3278833875333702,13.887615728493122,1658801109.6601245,57064454.159885526,0.6723067874928569
0.0,102987133.33333334,discharging,102987133.33333334,0.0,102987133.33333334,0.0,729.7688425149536,0.0,0.49158332226690193,23,235,0.0,22.16,104287625.54810615,1.0,654.15,1445.0192141571652,11210.6168293298,2545018854.4552593,2363399068.2952514,369.02438987334494,1179987217.7291017,26399152.691018615,1153588065.038083,0.32788338754946683,13.887615728968001,1664134079.5170026,57207936.332159914,0.6701678425417401
0.0,102987133.33333334,discharging,102987133.33333334,0.0,102987133.33333334,0.0,729.7688425149536,0.0,0.3994019947913288,0,236,0.0,21.34,104287625.54810615,1.0,654.15,1445.0192143061547,11210.61682931732,2545018854.4524264,2363399068.292728,369.02438987335256,1179987217.7313776,26399152.690773025,1153588065.0406046,0.3278833875501835,13.887615728989115,1668993007.6088252,57338664.533565484,0.6682308409536349
0.0,102987133.33333334,discharging,102987133.33333334,0.0,102987133.33333334,0.0,729.7688425149536,0.0,0.30722066731575576,1,236,0.0,20.89,104287625.54810615,1.0,654.15,1445.0192143476158,11210.616829523518,2545018854.4992375,2363399068.3344636,369.02438987322785,1179987217.7726867,26399152.773816623,1153588064.9988701,0.32788338753832136,13.887615728639158,1671659492.5372643,57410405.61970268,0.6671726031599367
0.0,102987133.33333334,discharging,102987133.33333334,0.0,102987133.33333334,0.0,729.7688425149536,0.0,0.21503933984018267,2,236,0.0,20.36,104287625.54810615,1.0,654.15,1445.0192141986324,11210.616829708142,2545018854.5411506,2363399068.371832,369.0243898731162,1179987217.7357185,26399152.774216216,1153588064.9615023,0.3278833875277003,13.88761572832581,1674800019.230759,57494900.676708706,0.6659305247071454
0.0,102987133.33333334,discharging,102987133.33333334,0.0,102987133.33333334,0.0,729.7688425149536,0.0,0.1228580123646096,3,236,0.0,19.84,104287625.54810615,1.0,654.15,1445.0192143073928,11210.616829316232,2545018854.4521794,2363399068.2925014,369.024389873353,1179987217.7315967,26399152.69076388,1153588065.0408328,0.3278833875502484,13.887615728991099,1677881290.703622,57577801.48735614,0.6647163682691325
0.0,102987133.33333334,discharging,102987133.33333334,0.0,102987133.33333334,0.0,729.7688425149536,0.0,0.030676684889036507,4,236,0.0,19.32,104287625.54810615,1.0,654.15,1445.0192141652515,11210.6168293497,2545018854.4597774,2363399068.2992764,369.0243898733328,1179987217.7243679,26399152.69031283,1153588065.034055,0.3278833875483219,13.887615728934248,1680962562.176485,57660702.29800357,0.6635066311405509
0.0,102987133.33333334,discharging,34272709.27215744,0.0,34272709.27215744,0.0,242.85708870487233,0.0,4.084748134278415e-18,5,236,0.0,18.78,34707251.15482084,1.0,654.15,1445.0192143358524,11210.61682959279,2545018854.514963,2300528055.225027,364.521783523302,1173277856.48956,25533202.442480892,1147744654.047079,0.33280431491039136,41.367542771965425,1684162344.0906122,19218314.62707209,0.673803972220225
56951456.672036424,102987133.33333334,direct_plus_discharge,56951456.67203643,0.0,4.563576076179743e-09,0.0,3.233758939637078e-14,0.0,0.0,6,236,235.06808764107137,18.31,57580365.96914333,237.98052482322862,665.756727889531,1445.019214351313,11210.616829520475,2545018854.4985466,2321179341.1874914,365.99739268489793,1175499685.3407238,25727569.856177825,1149772115.484546,0.33119559228857715,25.008576494442263,1686947339.4603148,32372399.211425174,0.6687366460253648
161644668.08196712,102987133.33333334,charging,102987133.33333334,58657534.74863377,0.0,415.6484393030113,0.0,0.0,0.05250296075406458,7,236,542.1112263715934,21.56,104767321.69526295,675.4574016701373,665.934380338414,1445.0192142005574,11210.61682973336,2545018854.5468755,2363833011.4062943,369.0555660663341,1180032970.8477242,26878848.92063882,1153154121.9270854,0.32771536634923665,13.82032350819484,1667689392.7549217,58402427.06237073,0.668072294119989
204174115.41011724,102987133.33333334,charging,102987133.33333334,101186982.0767839,0.0,717.0129354775962,0.0,0.0,0.14307301576176096,8,236,686.1047987963738,25.51,105235004.9545803,853.1733160124055,665.9353365301246,1445.019214197387,11210.616829709192,2545018854.5413885,2364256093.760045,369.0859631484683,1180077571.753976,27346532.18068802,1152731039.5732882,0.3275515951479249,13.755306973061666,1644283580.6052895,58039001.29527728,0.6771519404308881
206851683.8081605,102987133.33333334,charging,102987133.33333334,103864550.47482717,0.0,735.9862375528197,0.0,0.0,0.23603969840001185,9,236,735.3790073772941,28.09,105264449.35120696,864.3619522624999,665.9353964463378,1445.019214347627,11210.61682952359,2545018854.4992533,2364282730.3487043,369.0878769413064,1180080379.5615664,27375976.576941054,1152704402.9846253,0.32754128584941433,13.751232990441169,1628995733.682239,57647423.898329094,0.6834311085921342
204980443.1509649,102987133.33333334,charging,102987133.33333334,101993309.81763154,0.0,722.7265896310868,0.0,0.0,0.327331478142886,10,236,781.8499459974581,30.0,105243871.89289412,856.5426819629813,665.9353545769205,1445.0192143513113,11210.616829606508,2545018854.5180774,2364264115.137927,369.0865394708304,1180078417.3141043,27355399.118696734,1152723018.1954076,0.327548490572605,13.754079886895642,1617677986.5415306,57334296.969363585,0.6881877999003404
196151648.35382563,102987133.33333334,charging,102987133.33333334,93164515.0204923,0.0,660.165576897033,0.0,-1.4901161193847656e-08,0.4107208141719849,11,236,792.4139400616567,31.54,105146784.35034667,819.6501889143981,665.9351568101248,1445.0192143358506,11210.616829506705,2545018854.4954205,2364176285.8407607,369.0802291261359,1180069159.0693235,27258311.576752327,1152810847.492571,0.3275824846576799,13.767527001365218,1608552682.5642054,57038235.94877647,0.6921332451318754
191353695.06464905,102987133.33333334,charging,102987133.33333334,88366561.7313157,0.0,626.1671859820202,0.0,0.0,0.48981561661181905,12,236,785.4683681706401,32.78,105094022.73284209,799.6011944099879,665.9350491820827,1445.0192141652512,11210.616829435745,2545018854.479311,2364128555.6701736,369.07679983776046,1180064127.5382774,27205549.875117816,1152858577.6631596,0.32760095928550326,13.774845169241344,1601205035.2058403,56813917.31693478,0.6953229189021128
205656753.76039174,102987133.33333334,charging,102987133.33333334,102669620.4270584,0.0,727.5189398465701,0.0,0.0,0.5817127458555964,13,236,811.4789927831578,33.7,105251309.0727787,859.3687510958924,665.9353697114027,1445.0192143513104,11210.616829606519,2545018854.5180798,2364270843.119811,369.087022863902,1180079126.512106,27362836.298582803,1152716290.2135231,0.32754588660428197,13.753050822733869,1595753554.907698,56753563.40869353,0.697556021052384
219347959.97733396,102987133.33333334,charging,102987133.33333334,116360826.64400062,0.0,824.5350950708615,0.0,0.0,0.6858645473382314,14,236,805.5260770360107,34.33,105401867.05907574,916.5795869790513,665.9356756350141,1445.0192143005513,11210.616829209213,2545018854.427884,2364407044.3936887,369.09680874214337,1180093483.1420114,27513394.202368896,1152580088.9396424,0.3274931742599702,13.732249708384986,1592020476.0078835,56735055.42982869,0.6990606351049475
224036051.64747053,102987133.33333334,charging,102987133.33333334,121048918.31413719,0.0,857.755004403091,0.0,0.0,0.7942125478944114,15,236,763.1440023811776,34.51,105453420.56212573,936.1695076109903,665.9357801878951,1445.0192141603059,11210.616829439827,2545018854.4802375,2364453682.150364,369.10015962390617,1180098398.8873398,27564947.704369124,1152533451.1829708,0.32747512566848763,13.725140716272735,1590953882.0365078,56734309.29738858,0.6994851679127044
222539365.44729838,102987133.33333334,charging,102987133.33333334,119552232.11396503,0.0,847.1494566947908,0.0,0.0,0.9012209003190166,16,236,719.7563674115456,34.14,105436961.96404243,929.9153714005017,665.9357468201858,1445.0192143110742,11210.616829227078,2545018854.43194,2364438792.8813357,369.0990898436303,1180096829.5586362,27548489.106637955,1152548340.4519982,0.3274808876840379,13.727409526581155,1593146325.1998909,56784033.81498621,0.6985436289202834
176818919.00647068,102987133.33333334,charging,102987133.33333334,73831785.67313734,0.0,523.1734783519646,0.0,0.0,0.9673059712687384,17,236,577.3251001254671,33.51,104934188.26829994,738.8653706639459,665.9347224777733,1445.0192141584116,11210.616829414781,2545018854.4745517,2363983963.852946,369.06641137858855,1180048884.8916678,27045715.411280703,1153003169.4803872,0.3276569289997977,13.797059513349616,1596879404.0997057,56612457.792035595,0.6973140878729511
88592329.9324341,102987133.33333334,direct_plus_discharge,102987133.33333334,0.0,14394803.400899246,0.0,102.00185864096187,0.0,0.9544215259667221,18,236,323.433857947968,32.4,104142761.60402136,370.1968378797468,664.2725403320004,1445.0192143476295,11210.616829609651,2545018854.5187907,2363268022.754669,369.01497527406923,1179973399.4084904,26254288.82982848,1153719110.578662,0.3279341370594775,13.908059223613893,1603456733.5898554,56239500.704203315,0.6951387167962028
0.0,102987133.33333334,discharging,102987133.33333334,0.0,102987133.33333334,0.0,729.7688425149536,0.0,0.8622401984911491,19,236,0.0,30.85,104287625.54810615,1.0,654.15,1445.0192143513093,11210.61682952045,2545018854.498541,2363399068.3338394,369.02438987322955,1179987217.7733288,26399152.773836445,1153588064.9994924,0.3278833875384982,13.8876157286444,1612641292.7878122,55822536.24653271,0.6914072962955111
0.0,102987133.33333334,discharging,102987133.33333334,0.0,102987133.33333334,0.0,729.7688425149536,0.0,0.7700588710155759,20,236,0.0,29.04,104287625.54810615,1.0,654.15,1445.0192141534835,11210.616829418988,2545018854.4755073,2363399068.3133,369.02438987329094,1179987217.711123,26399152.69109136,1153588065.0200317,0.3278833875443361,13.88761572881666,1623366487.7222004,56111094.837440096,0.6868731544852676
0.0,102987133.33333334,discharging,102987133.33333334,0.0,102987133.33333334,0.0,729.7688425149536,0.0,0.6778775435400027,21,236,0.0,28.48,104287625.54810615,1.0,654.15,1445.0192142091566,11210.616829639957,2545018854.525671,2363399068.3580256,369.0243898731575,1179987217.7487571,26399152.773449928,1153588064.9753072,0.3278833875316241,13.887615728441629,1626684780.0775914,56200372.63352194,0.6854823474536493
0.0,102987133.33333334,discharging,102987133.33333334,0.0,102987133.33333334,0.0,729.7688425149536,0.0,0.5856962160644297,22,236,0.0,27.63,104287625.54810615,1.0,654.15,1445.019214346376,11210.616829610653,2545018854.5190187,2363399068.3520937,369.0243898731751,1179987217.755134,26399152.77389428,1153588064.9812398,0.3278833875333103,13.887615728491385,1631721473.8313098,56335883.574003324,0.683382030782652
0.0,102987133.33333334,discharging,102987133.33333334,0.0,102987133.33333334,0.0,729.7688425149536,0.0,0.49351488858885656,23,236,0.0,26.57,104287625.54810615,1.0,654.15,1445.0192143395375,11210.616829589691,2545018854.51426,2363399068.347853,369.02438987318783,1179987217.7600806,26399152.774602167,1153588064.9854784,0.327883387534515,13.887615728526892,1638002527.2182999,56504873.688015394,0.6807807769788886
0.0,102987133.33333334,discharging,102987133.33333334,0.0,102987133.33333334,0.0,729.7688425149536,0.0,0.4013335611132835,0,237,0.0,25.63,104287625.54810615,1.0,654.15,1445.0192143110683,11210.61682922699,2545018854.43192,2363399068.2744412,369.02438987340713,1179987217.7495701,26399152.69067767,1153588065.0588925,0.32788338755538143,13.887615729142512,1643572517.9577057,56654732.8457242,0.6784905162023329
0.0,102987133.33333334,discharging,102987133.33333334,0.0,102987133.33333334,0.0,729.7688425149536,0.0,0.30915223363771044,1,237,0.0,24.6,104287625.54810615,1.0,654.15,1445.0192142042522,11210.616829730307,2545018854.546182,2363399068.376312,369.02438987310273,1179987217.7305737,26399152.773552123,1153588064.9570215,0.32788338752642676,13.8876157282883,1649675805.6827996,56818940.22066044,0.675998603409871
0.0,102987133.33333334,discharging,102987133.33333334,0.0,102987133.33333334,0.0,729.7688425149536,0.0,0.21697090616213732,2,237,0.0,24.28,104287625.54810615,1.0,654.15,1445.0192142956219,11210.61682921335,2545018854.4288235,2363399068.2716804,369.0243898734153,1179987217.7530348,26399152.69138376,1153588065.061651,0.32788338755616553,13.887615729165642,1651571972.7430232,56869956.1041358,0.6752281395014004
0.0,102987133.33333334,discharging,102987133.33333334,0.0,102987133.33333334,0.0,729.7688425149536,0.0,0.12478957868656425,3,237,0.0,24.43,104287625.54810615,1.0,654.15,1445.019214346379,11210.616829610684,2545018854.519026,2363399068.3520985,369.0243898731751,1179987217.7551367,26399152.7739031,1153588064.9812336,0.32788338753330853,13.887615728491346,1650683144.4335434,56846042.408756725,0.6755890756482711
0.0,102987133.33333334,discharging,102987133.33333334,0.0,102987133.33333334,0.0,729.7688425149536,0.0,0.03260825121099116,4,237,0.0,24.6,104287625.54810615,1.0,654.15,1445.01921420917,11210.616829726101,2545018854.5452275,2363399068.375463,369.0243898731053,1179987217.7314174,26399152.773547575,1153588064.9578698,0.32788338752666785,13.887615728295387,1649675805.6827996,56818940.22066044,0.675998603410368
0.0,102987133.33333334,discharging,36430700.30775013,0.0,36430700.30775013,0.0,258.1486554203467,0.0,0.0,5,237,0.0,24.4,36892437.54392907,1.0,654.15,1445.01921434446,11210.61682949947,2545018854.4937778,2302500271.6514544,364.6625485656806,1173490826.452237,25560397.795941655,1147930428.6562953,0.3326474091650625,38.928098461507545,1650860910.0954394,20111355.54255921,0.6869835318409673
39671198.7209009,102987133.33333334,direct_partial,39671198.7209009,0.0,0.0,0.0,0.0,0.0,0.0,6,237,180.9164900308863,24.21,40110082.333007656,165.77227771949472,665.5853702197162,1445.0192141689402,11210.616829432682,2545018854.4786158,2305404596.1983094,364.86990381277326,1173804146.610328,25537544.087735124,1148266602.5225928,0.3324348602540831,35.82146561953108,1651986759.287447,22190316.340245686,0.6858692663033136
144820868.68771267,102987133.33333334,charging,102987133.33333334,41833735.354379326,0.0,296.43466751162725,0.0,0.0,0.03744437905410029,7,237,490.0059543930489,25.22,104582315.54465795,605.156537683084,665.9339997325634,1445.0192143426984,11210.616829527762,2545018854.5002007,2363665650.1926675,369.04354203097125,1180015325.9110487,26693842.77038199,1153321483.1406667,0.32778016249483105,13.84620322856666,1646001982.0036168,57724480.53159195,0.6769405233187968
197524203.47408423,102987133.33333334,charging,102987133.33333334,94537070.14075089,0.0,669.891529343511,0.0,0.0,0.12206225644485957,8,237,664.8830487569558,28.16,105161877.91711937,825.3856240894625,665.935187579558,1445.0192143005534,11210.616829295222,2545018854.44741,2364189940.024622,369.08121014985915,1180070598.3691823,27273405.06045373,1152797193.3087287,0.32757719971410715,13.765434836965383,1628580947.1378148,57580182.241334505,0.6836815137193875
205552184.11169818,102987133.33333334,charging,102987133.33333334,102565050.77836484,0.0,726.7779572692389,0.0,0.0,0.21386578788939503,9,237,731.7884191666603,30.26,105250159.1524946,858.9317905450827,665.9353673714821,1445.0192142042415,11210.616829730263,2545018854.546172,2364269802.879092,369.08694812263377,1180079016.8321683,27361686.377926536,1152717330.4542418,0.3275462892162912,13.753209924644846,1616137350.805099,57296630.39713641,0.688833466633743
207897559.04248536,102987133.33333334,charging,102987133.33333334,104910425.70915201,0.0,743.3973299336313,0.0,0.0,0.3077686085125906,10,237,794.3374078886035,31.87,105275950.51967564,868.7323046943536,665.9354198409086,1445.0192142091687,11210.61682964005,2545018854.525692,2364293134.814615,369.0886244825614,1180081476.263763,27387477.745045193,1152693998.5187178,0.32753725900593406,13.74964228541055,1606597260.2833505,57056154.01871341,0.6928690727342967
203224905.33420593,102987133.33333334,charging,102987133.33333334,100237772.00087258,0.0,710.286814301281,0.0,0.0,0.39748904821380504,11,237,822.4160734238087,33.19,105224566.78314945,849.2068939885806,665.9353152815233,1445.0192143395327,11210.616829589673,2545018854.5142555,2364246650.9377475,369.0852847019112,1180076576.4052227,27336094.00963694,1152740482.3955858,0.32755524989110946,13.75675176587815,1598775571.159929,56819724.67814274,0.6962694840299495
194021387.77932423,102987133.33333334,charging,102987133.33333334,91034254.44599089,0.0,645.0705087716058,0.0,0.0,0.47897163879548155,12,237,800.0698495007701,34.1,105123358.52961826,810.7485635802212,665.9351090372691,1445.0192143513104,11210.616829520475,2545018854.4985466,2364155093.9494705,369.07870654148496,1180066925.1392174,27234885.755354963,1152832039.3838625,0.32759068720613016,13.770775314482055,1593383346.0824187,56621407.709035255,0.6986840715063602
168013884.1734713,102987133.33333334,charging,102987133.33333334,65026750.84013796,0.0,460.78082918884775,0.0,0.0,0.5371755330088097,13,237,678.8566215031735,34.33,104837362.00677554,702.0721623231859,665.9345240797971,1445.0192143513218,11210.616829606593,2545018854.518097,2363896371.850474,369.06011823568156,1180039650.7154624,26948889.232599556,1153090761.482863,0.3276908373012332,13.81054969903108,1592020476.0078835,56431113.487993754,0.6994993173172265
128297113.87041348,102987133.33333334,charging,102987133.33333334,25309980.53708014,0.0,179.34701746516853,0.0,0.0,0.5598298931096731,14,237,499.00704567382553,34.18,104400608.8920828,536.1094566555321,665.9336246044301,1445.0192141937146,11210.616829712335,2545018854.5421023,2363501274.83415,369.03173268296416,1179997994.6173787,26512136.11819522,1153485858.4991834,0.3278438093672361,13.871710659742629,1592909304.3173628,56219471.99595023,0.6994516590013321
99192653.06047145,102987133.33333334,direct_plus_discharge,102987133.33333334,0.0,3794480.272861898,0.0,26.887761480938256,0.0,0.5564335442910283,15,237,371.0325803727491,34.34,104125743.10539812,414.4919377545984,665.6480677438913,1445.0192143427055,11210.616829527802,2545018854.50021,2363252627.647698,369.0138692647796,1179971776.0167682,26237270.3311356,1153734505.6856327,0.3279400993402948,13.910464642062319,1591961220.787251,56025814.180497095,0.7000871252049697
0.0,102987133.33333334,discharging,102987133.33333334,0.0,102987133.33333334,0.0,729.7688425149536,0.0,0.4642522168154552,16,237,0.0,33.03,104287625.54810224,1.0,654.1499999999968,1445.0192143073814,11210.61682931614,2545018854.452159,2363399068.2924824,369.0243898733529,1179987217.7315857,26399152.69073938,1153588065.0408463,0.3278833875502526,13.887615728991701,1599723654.6900408,55474990.54035463,0.6969484106122336
4838460.318954952,102987133.33333334,direct_plus_discharge,102987133.33333334,0.0,98148673.0143784,0.0,695.4834179941078,0.0,0.37640167980567313,17,237,72.68654097338307,31.9,104277225.91210347,20.218259432276128,654.6244277656393,1445.0192141973807,11210.616829623124,2545018854.5218496,2363389660.7034373,369.0237140034825,1179986225.7680304,26388753.13813513,1153597472.6298952,0.32788703065626906,13.889081454217536,1606419494.6214545,55684832.44909126,0.6940584016546708
94913110.76327711,102987133.33333334,direct_plus_discharge,102987133.33333334,0.0,8074022.57005623,0.0,57.21268196016925,0.0,0.3691748147159676,18,237,342.5472571687302,30.79,104132613.78130385,396.6092042583439,665.088063993418,1445.0192143024542,11210.616829320328,2545018854.4531093,2363258842.881317,369.0143157806359,1179972431.375951,26244140.923933398,1153728290.4520175,0.3279376922668033,13.90949343689256,1612996824.111604,56544830.52948667,0.6910449267586798
0.0,102987133.33333334,discharging,102987133.33333334,0.0,102987133.33333334,0.0,729.7688425149536,0.0,0.27699348724039446,19,237,0.0,30.2,104287625.54810327,1.0,654.1499999999977,1445.0192141603122,11210.616829439823,2545018854.480237,2363399068.3175154,369.0243898732782,1179987217.706165,26399152.69035079,1153588065.0158143,0.3278833875431376,13.887615728781673,1616492882.128891,55926162.25984028,0.6897721410709302
0.0,102987133.33333334,discharging,102987133.33333334,0.0,102987133.33333334,0.0,729.7688425149536,0.0,0.1848121597648214,20,237,0.0,28.74,104287625.54810615,1.0,654.15,1445.019214340783,11210.616829502602,2545018854.4944887,2363399068.330229,369.0243898732404,1179987217.7776399,26399152.77453622,1153588065.0031037,0.3278833875395247,13.887615728674666,1625144144.3411598,56158922.22819822,0.6861273781870636
0.0,102987133.33333334,discharging,102987133.33333334,0.0,102987133.33333334,0.0,729.7688425149536,0.0,0.09263083228924832,21,237,0.0,28.44,104287625.54810615,1.0,654.15,1445.0192143073953,11210.616829316199,2545018854.452172,2363399068.292497,369.02438987335313,1179987217.731593,26399152.69075593,1153588065.040837,0.3278833875502496,13.887615728991117,1626921800.9601192,56206749.61895637,0.6853832196263014
0.0,102987133.33333334,discharging,102987133.33333334,0.0,102987133.33333334,0.0,729.7688425149536,0.0,0.0004495048136752295,22,237,0.0,27.47,104287625.54810615,1.0,654.15,1445.0192142091541,11210.616829639946,2545018854.5256686,2363399068.358023,369.0243898731575,1179987217.7487566,26399152.77344618,1153588064.9753106,0.32788338753162505,13.887615728441657,1632669557.3614213,56361391.51574098,0.6829881156068782
0.0,102987133.33333334,shutdown,0.0,0.0,0.0,0.0,0.0,0.0,0.0004495048136752295,23,237,0.0,26.03,0.0,1.0,567.279923475184,1445.0192142023195,11210.616829705055,2545018854.5404496,2259509895.670813,362.89907080586624,1179588764.8886418,25103923.82764591,1154484841.0609958,0.3381619335269466,,1641202309.1324267,0.0,0.7034384698564555
0.0,102987133.33333334,shutdown,0.0,0.0,0.0,0.0,0.0,0.0,0.0004495048136752295,0,238,0.0,24.42,0.0,1.0,567.279923475184,1445.0192143463805,11210.616829610692,2545018854.519027,2259509895.651797,362.89907080586624,1179588764.9073348,25103923.827321358,1154484841.0800135,0.3381619335325171,,1650742399.6541753,0.0,0.6993731071073682
0.0,102987133.33333334,shutdown,0.0,0.0,0.0,0.0,0.0,0.0,0.0004495048136752295,1,238,0.0,23.26,0.0,1.0,567.279923475184,1445.019214351318,11210.616829520537,2545018854.4985604,2259509895.633626,362.89907080586624,1179588764.9254608,25103923.827275675,1154484841.098185,0.3381619335378398,,1657616005.247485,0.0,0.6964730296060446
0.0,102987133.33333334,shutdown,0.0,0.0,0.0,0.0,0.0,0.0,0.0004495048136752295,2,238,0.0,22.63,0.0,1.0,567.279923475184,1445.0192142993105,11210.616829296307,2545018854.447656,2259509895.588432,362.89907080586624,1179588764.888259,25103923.744882178,1154484841.1433768,0.338161933551077,,1661349084.1472998,0.0,0.6949080432038912
0.0,102987133.33333334,shutdown,0.0,0.0,0.0,0.0,0.0,0.0,0.0004495048136752295,3,238,0.0,22.12,0.0,1.0,567.279923475184,1445.0192141640027,11210.616829350745,2545018854.460015,2259509895.5994043,362.89907080586624,1179588764.8761325,25103923.743725214,1154484841.1324072,0.33816193354786384,,1664371100.3995306,0.0,0.6936462912960182
0.0,102987133.33333334,shutdown,0.0,0.0,0.0,0.0,0.0,0.0,0.0004495048136752295,4,238,0.0,21.74,0.0,1.0,567.279923475184,1445.019214346385,11210.616829610715,2545018854.5190325,2259509895.6518016,362.89907080586624,1179588764.907336,25103923.82732777,1154484841.0800083,0.3381619335325156,,1666622798.783546,0.0,0.6927091372580869
0.0,102987133.33333334,shutdown,0.0,0.0,0.0,0.0,0.0,0.0,0.0004495048136752295,5,238,0.0,21.23,0.0,1.0,567.279923475184,1445.0192143042245,11210.61682929208,2545018854.4466963,2259509895.58758,362.89907080586624,1179588764.8891022,25103923.74486946,1154484841.1442327,0.3381619335513277,,1669644815.0357766,0.0,0.6914553507115193
23833205.67341499,102987133.33333334,charging_only,0.0,23833205.67341499,0.0,168.8825618770715,0.0,0.0,0.02178203894551584,6,238,134.41643620812755,20.58,0.0,99.59075896936913,620.0702421403822,1445.0192142005546,11210.616829647304,2545018854.527339,2259509895.659176,362.89907080586624,1179588764.8995078,25363378.62960485,1154225386.269903,0.3380859362243418,,1673496404.3768559,0.0,0.6897089131779109
139262985.09366757,102987133.33333334,charging,102987133.33333334,36275851.76033422,0.0,257.0513955825855,0.0,0.0,0.054251688913842425,7,238,474.05960796639613,22.59,104521197.20718294,581.9320561349816,665.9338737007795,1445.0192143073855,11210.616829316179,2545018854.4521675,2363610361.1979685,369.0395698450741,1180009496.4852223,26632724.349826768,1153376772.1353955,0.32780156988989734,13.854772940255678,1661586105.0298276,58103527.10088437,0.6706889142003785
195672150.01566744,102987133.33333334,charging,102987133.33333334,92685016.68233408,0.0,656.7678422878661,0.0,1.4901161193847656e-08,0.13721183741336235,8,238,659.8102924825314,27.51,105141511.45451139,817.6465304860653,665.9351460588293,1445.0192141620953,11210.616829325641,2545018854.4543157,2364171515.739325,369.0798864087584,1180068656.1914434,27253038.59743575,1152815617.5940077,0.32758433096301737,13.768258035193,1632432536.4788935,57671653.43455224,0.6820973668215368
211879879.0132249,102987133.33333334,charging,102987133.33333334,108892745.67989154,0.0,771.6161271902217,0.0,1.4901161193847656e-08,0.23467913769002194,9,238,754.1861092741051,30.36,105319742.86828938,885.3730484440381,665.9355088724263,1445.0192143061483,11210.616829317292,2545018854.45242,2364332751.190993,369.0914708624447,1180085652.1532884,27431270.01094757,1152654382.142341,0.3275219264967704,13.743588628341332,1615544798.5987792,57318705.63259787,0.6890307423330069
205537250.73093265,102987133.33333334,charging,102987133.33333334,102550117.39759932,0.0,726.6721390408509,0.0,-1.4901161193847656e-08,0.32646930262149787,10,238,789.1002322921354,32.17,105249994.9346996,858.8693890895321,665.9353670373189,1445.019214346379,11210.616829610637,2545018854.519015,2364269654.2966275,369.0869374490687,1180079001.1971893,27361522.160481278,1152717479.036708,0.3275463467204174,13.753232646182212,1604819603.664391,56994668.601113155,0.6936500054637521
192108939.03044188,102987133.33333334,charging,102987133.33333334,89121805.69710854,0.0,631.5188595056355,0.0,0.0,0.40624010592747284,11,238,785.3290696938693,33.36,105102327.91858715,802.7570988565451,665.935066130922,1445.0192141620882,11210.616829325634,2545018854.4543138,2364136068.827906,369.077339639435,1180064919.5669336,27213855.061504237,1152851064.5054295,0.32759805117326507,13.773692732326376,1597768232.4091852,56726868.8554467,0.6967993218137878
0.0,102987133.33333334,discharging,102987133.33333334,0.0,102987133.33333334,0.0,729.7688425149536,0.0,0.3140587784518998,12,238,14.570854479358768,33.84,104287625.54810615,1.0,654.15,1445.0192141603168,11210.616829439894,2545018854.4802527,2363399068.3175335,369.0243898732783,1179987217.7061694,26399152.690369107,1153588065.0158002,0.3278833875431334,13.887615728781167,1594923981.81885,55345856.58530999,0.6990299635672553
72242937.12341464,102987133.33333334,direct_plus_discharge,102987133.33333334,0.0,30744196.209918708,0.0,217.85397608405123,0.0,0.2865403814728617,13,238,334.843175776336,30.87,104169010.06038557,301.87835563902826,662.2249637635483,1445.0192143513207,11210.616829520568,2545018854.4985676,2363291767.348223,369.01668113017774,1179975903.271258,26280537.28614535,1153695365.9851127,0.32792494126520394,13.90435077100931,1612522782.3465483,56346194.29310471,0.6913037405178045
122451316.35136257,102987133.33333334,charging,102987133.33333334,19464183.018029228,0.0,137.92358182834235,0.0,0.0,0.3039623075985471,14,238,483.5038569732454,30.45,104336324.45367593,511.6818819649364,665.9334915788505,1445.019214304243,11210.616829292188,2545018854.446721,2363443122.01716,369.02755481336385,1179991862.9132283,26447851.597054612,1153544011.3161736,0.327866327985371,13.880755987286106,1615011501.6130915,56769249.80627427,0.6900091476330245
0.0,102987133.33333334,discharging,102987133.33333334,0.0,102987133.33333334,0.0,729.7688425149536,0.0,0.21178098012297397,15,238,0.0,30.59,104287625.54810615,1.0,654.15,1445.0192143061438,11210.616829317223,2545018854.4524045,2363399068.292708,369.02438987335256,1179987217.7313716,26399152.69074631,1153588065.0406253,0.3278833875501894,13.887615728989298,1614181928.5242438,55863986.651856415,0.690752304806532
0.0,102987133.33333334,discharging,102987133.33333334,0.0,102987133.33333334,0.0,729.7688425149536,0.0,0.1195996526474009,16,238,0.0,30.76,104287625.54810615,1.0,654.15,1445.0192141689438,11210.616829346673,2545018854.45909,2363399068.2986636,369.0243898733347,1179987217.725013,26399152.690342586,1153588065.0346704,0.32788338754849683,13.887615728939418,1613174589.7735004,55836884.46376015,0.691180427960725
0.0,102987133.33333334,discharging,102987133.33333334,0.0,102987133.33333334,0.0,729.7688425149536,0.0,0.027418325171827813,17,238,0.0,29.06,104287625.54810615,1.0,654.15,1445.0192143407746,11210.61682958857,2545018854.5140057,2363399068.347625,369.0243898731885,1179987217.7602928,26399152.77458353,1153588064.9857092,0.32788338753458063,13.887615728528855,1623247977.2809365,56107906.34472289,0.6869229305316515
12199773.08417881,102987133.33333334,direct_plus_discharge,42832166.7324041,0.0,30632393.648225293,0.0,217.06174094363683,0.0,0.0,18,238,96.81490390707636,28.33,43352358.286829,50.97865043235526,657.2146986898152,1445.0192143110796,11210.616829227107,2545018854.4319468,2308331482.237171,365.0789434974172,1174119536.5255895,25618852.030362897,1148500684.4952266,0.33219081119759697,33.15509153202945,1627573608.3870711,23465601.33758771,0.6956229008557345
0.0,102987133.33333334,shutdown,0.0,0.0,0.0,0.0,0.0,0.0,0.0,19,238,0.0,26.57,0.0,1.0,567.279923475184,1445.0192141652526,11210.616829435796,2545018854.4793224,2259509895.616546,362.89907080586624,1179588764.8590753,25103923.74381063,1154484841.1152647,0.33816193354284263,,1638002527.2182999,0.0,0.704812612881521
0.0,102987133.33333334,shutdown,0.0,0.0,0.0,0.0,0.0,0.0,0.0,20,238,0.0,25.66,0.0,1.0,567.279923475184,1445.0192143005518,11210.616829295268,2545018854.44742,2259509895.5882225,362.89907080586624,1179588764.8884742,25103923.744886495,1154484841.1435878,0.33816193355113877,,1643394752.2958097,0.0,0.702500016828447
0.0,102987133.33333334,shutdown,0.0,0.0,0.0,0.0,0.0,0.0,0.0,21,238,0.0,23.59,0.0,1.0,567.279923475184,1445.019214165255,11210.616829349727,2545018854.459783,2259509895.599199,362.89907080586624,1179588764.8763487,25103923.743737034,1154484841.1326118,0.3381619335479238,,1655660582.9666295,0.0,0.6972956009280562
0.0,102987133.33333334,shutdown,0.0,0.0,0.0,0.0,0.0,0.0,0.0,22,238,0.0,21.82,0.0,1.0,567.279923475184,1445.01921434269,11210.616829613744,2545018854.51972,2259509895.652412,362.89907080586624,1179588764.9066973,25103923.827297784,1154484841.0793996,0.3381619335323373,,1666148757.01849,0.0,0.6929062223383381
0.0,102987133.33333334,shutdown,0.0,0.0,0.0,0.0,0.0,0.0,0.0,23,238,0.0,20.91,0.0,1.0,567.279923475184,1445.019214339539,11210.616829503642,2545018854.494725,2259509895.630221,362.89907080586624,1179588764.9295385,25103923.827946626,1154484841.1015918,0.33816193353883767,,1671540982.096,0.0,0.6906709757447559
0.0,102987133.33333334,shutdown,0.0,0.0,0.0,0.0,0.0,0.0,0.0,0,239,0.0,20.96,0.0,1.0,567.279923475184,1445.0192142042285,11210.616829730172,2545018854.5461516,2259509895.675878,362.89907080586624,1179588764.8828616,25103923.8269291,1154484841.0559325,0.33816193352546353,,1671244705.9928405,0.0,0.6907934169760525
0.0,102987133.33333334,shutdown,0.0,0.0,0.0,0.0,0.0,0.0,0.0,1,239,0.0,20.85,0.0,1.0,567.279923475184,1445.01921420547,11210.616829729075,2545018854.5459027,2259509895.675657,362.89907080586624,1179588764.8830736,25103923.82691885,1154484841.0561547,0.33816193352552865,,1671896513.419792,0.0,0.6905241034893398
0.0,102987133.33333334,shutdown,0.0,0.0,0.0,0.0,0.0,0.0,0.0,2,239,0.0,20.7,0.0,1.0,567.279923475184,1445.0192142993087,11210.616829210292,2545018854.428129,2259509895.571096,362.89907080586624,1179588764.9055333,25103923.744818315,1154484841.160715,0.3381619335561556,,1672785341.7292717,0.0,0.6901571961213181
0.0,102987133.33333334,shutdown,0.0,0.0,0.0,0.0,0.0,0.0,0.0,3,239,0.0,20.56,0.0,1.0,567.279923475184,1445.0192143463735,11210.616829610626,2545018854.5190125,2259509895.6517835,362.89907080586624,1179588764.9073305,25103923.827303473,1154484841.080027,0.3381619335325211,,1673614914.8181198,0.0,0.6898151007488427
0.0,102987133.33333334,shutdown,0.0,0.0,0.0,0.0,0.0,0.0,0.0,4,239,0.0,19.79,0.0,1.0,567.279923475184,1445.0192143110683,11210.616829226992,2545018854.4319205,2259509895.5744615,362.89907080586624,1179588764.901445,25103923.744095042,1154484841.1573498,0.3381619335551698,,1678177566.806782,0.0,0.6879396221188268
0.0,102987133.33333334,shutdown,0.0,0.0,0.0,0.0,0.0,0.0,0.0,5,239,0.0,18.96,0.0,1.0,567.279923475184,1445.019214202324,11210.61682970506,2545018854.540451,2259509895.670817,362.89907080586624,1179588764.8886442,25103923.827647675,1154484841.0609965,0.33816193352694685,,1683095750.1192365,0.0,0.6859293899228305
74560080.91919844,102987133.33333334,direct_partial,74560080.91919844,0.0,0.0,0.0,0.0,0.0,0.0,6,239,286.9034524996441,17.57,75382626.8445285,311.5609015971947,665.8496211672192,1445.0192143513134,11210.616829606543,2545018854.5180855,2337263493.312323,367.1490429171796,1177217794.0914156,25921206.4844757,1151296587.60694,0.3299427751917436,19.14559930083777,1691332225.7870815,42469433.5655049,0.6640301567347918
168965931.55655268,102987133.33333334,charging,102987133.33333334,65978798.223219335,0.0,467.52705557930324,0.0,0.0,0.059056049125806725,7,239,565.2602509334691,15.91,104847831.37920193,706.0504404765792,665.9345455492758,1445.0192143463885,11210.616829524712,2545018854.4995084,2363905842.7400117,369.06079868061937,1180040649.1982832,26959358.604949683,1153081290.5933335,0.32768717087188926,13.809089867087188,1701168592.4119902,59336880.879593834,0.6549717158433135
200434717.02853686,102987133.33333334,charging,102987133.33333334,97447583.69520351,0.0,690.5154853563687,0.0,0.0,0.14627905780240066,8,239,679.3225543190275,16.39,105193883.94001204,837.5476579279024,665.9352527972258,1445.0192142023204,11210.616829705064,2545018854.5404515,2364218894.0207257,369.0832904231066,1180073650.478748,27305411.166138943,1152768239.3126092,0.32756599304554235,13.761000370996323,1698324341.8216553,59456949.26347322,0.6558086863019076
207329730.86776197,102987133.33333334,charging,102987133.33333334,104342597.53442863,0.0,739.3736883737284,0.0,0.0,0.23967362896539793,9,239,746.1951761281468,17.61,105269706.28777987,866.3595462975269,665.9354071401256,1445.0192143110746,11210.616829227081,2545018854.4319406,2364287485.934877,369.0882186264184,1180080880.8288314,27381233.43037656,1152699647.398455,0.3275394452829117,13.750505870877095,1691095204.9045534,59306960.54389076,0.6585341758321803
200114013.8699142,102987133.33333334,charging,102987133.33333334,97126880.53658086,0.0,688.2429764974082,0.0,0.0,0.32660958389138633,10,239,778.5801620129467,19.09,105190357.26595537,836.2075498698919,665.9352456129743,1445.019214204231,11210.616829730145,2545018854.5461454,2364215703.6556187,369.0830612019108,1180073314.1690686,27301884.491356526,1152771429.677712,0.3275672278703603,13.761488862776401,1682325432.2510207,59028466.586769685,0.6619972140339144
152561700.49910057,102987133.33333334,charging,102987133.33333334,49574567.16576722,0.0,351.28635323449885,0.0,0.0,0.3709825969315335,11,239,646.8238828165563,20.52,104667439.09267418,637.5028080805355,665.9341750206331,1445.0192143444747,11210.6168295856,2545018854.5133314,2363742654.962679,369.04907440263185,1180023444.6898506,26778966.319198314,1153244478.3706522,0.32775034820228094,13.834284298142666,1673851935.7006474,58510194.140658826,0.6657063546386203
189198020.89603466,102987133.33333334,charging,102987133.33333334,86210887.56270131,0.0,610.8920366313009,0.0,0.0,0.4481479068218031,12,239,798.2159442434676,21.47,105070317.44663216,790.5933744178017,665.9350007907243,1445.0192143061458,11210.616829231196,2545018854.4328747,2364107110.955942,369.075259098291,1180061866.9666004,27181844.58920721,1152880022.3773932,0.3276092599405346,13.77813554421397,1668222689.7406094,58585575.10786014,0.6676363820152091
194597144.52636534,102987133.33333334,charging,102987133.33333334,91610011.19303201,0.0,649.150332350134,0.0,-1.4901161193847656e-08,0.5301458435397148,13,239,792.1361163335504,22.16,105129689.94958714,813.1544527503704,665.9351219511854,1445.0192142005553,11210.616829733346,2545018854.546872,2364160821.635832,369.0791180579308,1180067528.8725064,27241217.175004832,1152826311.6975017,0.32758847023737175,13.769897232694523,1664134079.5170026,58509759.99597777,0.6692191881192484
179196917.55694127,102987133.33333334,charging,102987133.33333334,76209784.22360793,0.0,540.0240226239594,0.0,0.0,0.598359404292215,14,239,685.2924348233955,22.65,104960338.38739915,748.8022076851443,665.934775996985,1445.019214198637,11210.616829622119,2545018854.521621,2364007620.150948,369.06811099561435,1180051378.795833,27071865.613447446,1152979513.1823857,0.32764777158890934,13.7934204513474,1661230573.706036,58338252.840791166,0.6705050099668038
222430859.0638662,102987133.33333334,charging,102987133.33333334,119443725.73053285,0.0,846.38057833805,0.0,0.0,0.7052706352401792,15,239,772.6443762800027,22.84,105435768.75269584,929.4619605909318,665.9357444006978,1445.0192143476202,11210.616829609588,2545018854.5187764,2364437713.523661,369.09901228679996,1180096715.7881541,27547295.978482146,1152549419.8096719,0.3274813053963308,13.727574037089793,1660104724.514028,58572488.84091441,0.670602606966458
224378518.0095989,102987133.33333334,charging,102987133.33333334,121391384.67626557,0.0,860.1817277480532,0.0,0.0,0.8139251692715122,16,239,734.7142853763509,22.71,105457186.55943915,937.6005566017642,665.9357878215136,1445.0192143427032,11210.61682961382,2545018854.5197372,2364457089.085912,369.1004044073895,1180098758.0326579,27568713.78523909,1152530044.2474189,0.327473807224833,13.724621674574392,1660875042.3822439,58604976.80278593,0.6702782419034307
153739147.5630858,102987133.33333334,charging,102987133.33333334,50752014.22975245,0.0,359.6297661754727,0.0,0.0,0.8593520871042034,17,239,513.3159360017673,22.16,104680387.11610724,642.4229538786036,665.9342016585296,1445.01921433954,11210.616829503651,2545018854.494727,2363754368.0502625,369.04991592863576,1180024679.625604,26791914.34253461,1153232765.2830694,0.3277458133184563,13.832473024675902,1664134079.5170026,58259637.07463551,0.6695523527368331
26950231.131814443,102987133.33333334,direct_plus_discharge,102987133.33333334,0.0,76036902.2015189,0.0,538.7989772317043,0.0,0.7912932689275671,18,239,142.53321040220257,21.1,104241726.13189721,112.61573493704252,656.9797966956686,1445.0192142005553,11210.616829733306,2545018854.546863,2363357547.1687913,369.02140688776376,1179982839.5218482,26353253.357304826,1153629586.1645434,0.3278994668262582,13.894086999237187,1670415132.9039924,57553642.1625215,0.6676217781308792
0.0,102987133.33333334,discharging,102987133.33333334,0.0,102987133.33333334,0.0,729.7688425149536,0.0,0.699111941451994,19,239,0.0,19.51,104287625.54810552,1.0,654.1499999999997,1445.0192143110764,11210.61682922707,2545018854.431938,2363399068.2744555,369.024389873407,1179987217.749577,26399152.69069975,1153588065.0588772,0.32788338755537716,13.88761572914248,1679836712.9844775,57630411.61718973,0.6639481396365123
0.0,102987133.33333334,discharging,102987133.33333334,0.0,102987133.33333334,0.0,729.7688425149536,0.0,0.6069306139764208,20,239,0.0,18.72,104287625.54810615,1.0,654.15,1445.0192143358536,11210.616829592802,2545018854.514966,2363399068.3484855,369.024389873186,1179987217.759441,26399152.77459515,1153588064.9848456,0.32788338753433516,13.887615728521562,1684517875.414404,57756357.07951983,0.6621162406411637
0.0,102987133.33333334,discharging,102987133.33333334,0.0,102987133.33333334,0.0,729.7688425149536,0.0,0.5147492865008477,21,239,0.0,17.71,104287625.54810615,1.0,654.15,1445.0192142091648,11210.616829726065,2545018854.545219,2363399068.3754554,369.0243898731053,1179987217.7314138,26399152.773536757,1153588064.9578772,0.32788338752666996,13.887615728295449,1690502652.698234,57917375.96173888,0.6597888642593577
0.0,102987133.33333334,discharging,102987133.33333334,0.0,102987133.33333334,0.0,729.7688425149536,0.0,0.4225679590252746,22,239,0.0,16.84,104287625.54810615,1.0,654.15,1445.0192143476208,11210.616829523566,2545018854.499248,2363399068.334471,369.02438987322785,1179987217.7726912,26399152.773828547,1153588064.9988627,0.32788338753831925,13.88761572863911,1695657856.8932161,58056075.394937456,0.6577971719103136
0.0,102987133.33333334,discharging,102987133.33333334,0.0,102987133.33333334,0.0,729.7688425149536,0.0,0.33038663154970155,23,239,0.0,16.56,104287625.54810615,1.0,654.15,1445.0192141620785,11210.616829411558,2545018854.47382,2363399068.311802,369.0243898732955,1179987217.7125938,26399152.69106137,1153588065.0215325,0.32788338754476265,13.887615728829196,1697317003.0709114,58100714.292978376,0.6571587227420009
0.0,102987133.33333334,discharging,102987133.33333334,0.0,102987133.33333334,0.0,729.7688425149536,0.0,0.23820530407412846,0,240,0.0,16.38,104287625.54810615,1.0,654.15,1445.0192143110737,11210.616829227061,2545018854.4319363,2363399068.2744536,369.0243898734069,1179987217.749577,26399152.690697536,1153588065.0588796,0.32788338755537777,13.887615729142425,1698383597.042287,58129410.727433264,0.6567489451863573
0.0,102987133.33333334,discharging,102987133.33333334,0.0,102987133.33333334,0.0,729.7688425149536,0.0,0.14602397659855537,1,240,0.0,15.9,104287625.54810615,1.0,654.15,1445.0192143427264,11210.616829613966,2545018854.5197706,2363399068.3527703,369.0243898731731,1179987217.7545083,26399152.773945976,1153588064.9805622,0.3278833875331177,13.887615728485628,1701227847.6326222,58205934.55264628,0.6556586992138869
0.0,102987133.33333334,discharging,102987133.33333334,0.0,102987133.33333334,0.0,729.7688425149536,0.0,0.053842649122982304,2,240,0.0,15.45,104287625.54810615,1.0,654.15,1445.0192141584084,11210.616829414794,2545018854.474555,2363399068.312453,369.02438987329356,1179987217.7119713,26399152.691091217,1153588065.02088,0.3278833875445772,13.887615728823768,1703894332.5610614,58277675.63878347,0.6546398760466825
0.0,102987133.33333334,discharging,60154265.90290583,0.0,60154265.90290583,0.0,426.2543055569432,0.0,0.0,3,240,0.0,15.01,60914971.36572166,1.0,654.15,1445.0192142054843,11210.616829643142,2545018854.5263944,2324191386.3838644,366.2129073932292,1175822245.5405254,25859366.021507554,1149962879.519018,0.33093266712855884,23.647984705292195,1706501562.2688682,34081281.61758079,0.6606769011645149
0.0,102987133.33333334,shutdown,0.0,0.0,0.0,0.0,0.0,0.0,0.0,4,240,0.0,14.63,0.0,1.0,567.279923475184,1445.0192143426955,11210.616829613771,2545018854.5197268,2259509895.652415,362.89907080586624,1179588764.9066985,25103923.827308595,1154484841.0793898,0.3381619335323344,,1708753260.6528835,0.0,0.6756299271893018
0.0,102987133.33333334,shutdown,0.0,0.0,0.0,0.0,0.0,0.0,0.0,5,240,0.0,14.29,0.0,1.0,567.279923475184,1445.0192143444701,11210.61682949951,2545018854.493787,2259509895.629388,362.89907080586624,1179588764.9303856,25103923.82796458,1154484841.102421,0.3381619335390806,,1710767938.1543708,0.0,0.6748342749209545
62472502.38386269,102987133.33333334,direct_partial,62472502.38386269,0.0,0.0,0.0,0.0,0.0,0.0,6,240,251.3616735525493,14.03,63162124.92357721,261.05107354755273,665.7914904392317,1445.0192143427053,11210.616829613817,2545018854.519737,2326221362.2455697,366.3581944516378,1176039423.2371943,25788283.09884595,1150251140.1383483,0.33080169943575155,22.814649621625883,1712308573.8908029,35918011.26933627,0.657953122268178
174951776.9669102,102987133.33333334,charging,102987133.33333334,71964643.63357687,0.0,509.94287331501454,0.0,0.0,0.06441383662926499,7,240,583.6294855751008,14.29,104913655.88127545,731.0632270760666,665.9346804373056,1445.0192141639982,11210.616829436745,2545018854.4795384,2363965389.6000934,369.0650768873188,1180046926.7567744,27025183.02348185,1153021743.7332926,0.32766411923924577,13.799918080110496,1710767938.1543708,59629362.79308437,0.651278525513022
206040811.18802595,102987133.33333334,charging,102987133.33333334,103053677.85469261,0.0,730.2403782957475,0.0,0.0,0.15665472651925416,8,240,696.9614461346141,17.1,105255532.43425608,860.973594826523,665.9353783048921,1445.019214300552,11210.616829209195,2545018854.4278803,2364274663.6683493,369.0872973694072,1180079529.2425268,27367059.577544384,1152712469.6649823,0.3275444079127881,13.752466512059328,1694117221.1567845,59379582.17793014,0.6573792820567508
207312658.33370495,102987133.33333334,charging,102987133.33333334,104325525.0003716,0.0,739.2527120632483,0.0,0.0,0.2500340164640855,9,240,747.2461916851703,18.97,105269518.54637028,866.2882060570419,665.9354067582358,1445.0192143024692,11210.616829320428,2545018854.453132,2364287316.1149664,369.08820642373564,1180080862.9073966,27381045.689029664,1152699817.2183669,0.3275395110103667,13.750531837168861,1683036494.8986044,59091869.11417874,0.6616618161036432
203696488.5297884,102987133.33333334,charging,102987133.33333334,100709355.19645506,0.0,713.6284620552373,0.0,0.0,0.34017655903948385,10,240,793.8924662870717,20.8,105229752.63859433,851.1774777618599,665.9353258387042,1445.019214165248,11210.616829349723,2545018854.4597826,2364251342.2263746,369.0856217654151,1180077070.8877654,27341279.780804504,1152735791.106961,0.3275534341691333,13.75603393370024,1672192789.5229518,58780368.45979663,0.665946658843828
185005891.93769306,102987133.33333334,charging,102987133.33333334,82018758.60435972,0.0,581.1865287820774,0.0,0.0,0.41358959425406205,11,240,772.4850433031744,22.56,105024217.89307413,773.075911161719,665.9349066218747,1445.01921429931,11210.616829296356,2545018854.447667,2364065407.666013,369.07226284132565,1180057470.7037635,27135745.0364454,1152921725.667318,0.3276254024638684,13.78453857155452,1661763870.6917236,58387960.85902846,0.6702441636375409
179942052.25792107,102987133.33333334,charging,102987133.33333334,76954918.92458773,0.0,545.304061699246,0.0,0.0,0.48247010731080886,12,240,766.9098982964833,24.11,104968532.40466267,751.9158689954131,665.9347927615039,1445.019214160316,11210.616829439856,2545018854.480244,2364015032.6951056,369.06864356382573,1180052160.1851451,27080059.546915025,1152972100.63823,0.3276449021981889,13.792280541746592,1652579311.4937668,58112674.621324174,0.6739799508014187
197340247.87382725,102987133.33333334,charging,102987133.33333334,94353114.5404939,0.0,668.5880163596203,0.0,0.0,0.5669233304299188,13,240,806.5426929627857,25.31,105159855.01390915,824.6169369855411,665.9351834562214,1445.0192143061497,11210.616829231263,2545018854.43289,2364188110.01448,369.08107866889884,1180070405.475355,27271382.1565029,1152799023.318852,0.32757790802722586,13.765715202935866,1645468685.017929,58029126.51784578,0.6767246870012443
211280874.6833371,102987133.33333334,charging,102987133.33333334,108293741.35000375,0.0,767.3715707846287,0.0,0.0,0.6638544762132403,14,240,800.0399377340522,26.09,105313155.80179822,882.870015631041,665.9354954853893,1445.0192142993064,11210.616829296272,2545018854.447648,2364326792.239577,369.0910427207357,1180085024.0389047,27424682.945147723,1152660341.093757,0.32752423273090303,13.744498873248006,1640846777.808635,57990391.12597908,0.6784996008867764
226386716.15069103,102987133.33333334,charging,102987133.33333334,123399582.81735769,0.0,874.4118590812761,0.0,0.0,0.7743065005182436,15,240,787.5428072262483,26.37,105479270.09710458,945.9921250618698,665.9358325735566,1445.0192142091553,11210.616829639961,2545018854.525672,2364477066.9182267,369.1018398028444,1180100863.7375557,27590797.322453734,1152510066.415102,0.32746607607758504,13.721578798752347,1639187631.630939,58037535.57233697,0.67905548932805
226176561.3386532,102987133.33333334,charging,102987133.33333334,123189428.00531986,0.0,872.9226979699225,0.0,0.0,0.8845704202618128,16,240,740.8449564918305,26.1,105476959.08923976,945.1139604742472,665.9358278912009,1445.0192142042245,11210.61682973014,2545018854.546144,2364474976.2872996,369.10168959071893,1180100643.36067,27588486.314635552,1152512157.0460346,0.32746688512041816,13.72189717113765,1640787522.5880024,58079028.70996025,0.6784006408069521
183973196.4336155,102987133.33333334,charging,102987133.33333334,80986063.10028216,0.0,573.8688282277582,0.0,0.0,0.95705911435374,17,240,602.5738237149125,25.22,105012861.65805027,768.7606322838103,665.9348834115101,1445.0192143042382,11210.616829292167,2545018854.4467163,2364055134.4187202,369.0715247411731,1180056387.7160366,27124388.801424436,1152931998.914612,0.32762937910132733,13.786116766031903,1646001982.0036168,57962184.011613436,0.6766175145635703
79148934.05765454,102987133.33333334,direct_plus_discharge,102987133.33333334,0.0,23838199.275678795,0.0,168.91794664045008,0.0,0.9357221105675779,18,240,296.7089972095202,23.83,104157922.69088382,330.7361385804256,663.0792009186165,1445.0192143513013,11210.616829520415,2545018854.498533,2363281737.602337,369.0159605745629,1179974845.6475992,26269449.916604552,1153705395.7309947,0.32792882556237735,13.905916996532037,1654238457.6714623,57507658.53256762,0.6739932895477824
0.0,102987133.33333334,discharging,102987133.33333334,0.0,102987133.33333334,0.0,729.7688425149536,0.0,0.843540783092005,19,240,0.0,21.99,104287625.54810338,1.0,654.15,1445.0192143024599,11210.616829320319,2545018854.4531074,2363399068.293328,369.0243898733504,1179987217.7307384,26399152.690735776,1153588065.0400026,0.3278833875500127,13.887615728984485,1665141418.2677464,57235038.52025467,0.6697653468808371
0.0,102987133.33333334,discharging,102987133.33333334,0.0,102987133.33333334,0.0,729.7688425149536,0.0,0.7513594556164318,20,240,0.0,20.82,104287625.54810615,1.0,654.15,1445.0192141571672,11210.616829329812,2545018854.4552627,2363399068.295254,369.02438987334494,1179987217.729103,26399152.691023465,1153588065.0380797,0.3278833875494659,13.887615728967972,1672074279.081688,57421565.34421291,0.667008289586847
0.0,102987133.33333334,discharging,102987133.33333334,0.0,102987133.33333334,0.0,729.7688425149536,0.0,0.6591781281408586,21,240,0.0,19.95,104287625.54810615,1.0,654.15,1445.0192143476363,11210.61682960969,2545018854.5188,2363399068.351902,369.0243898731758,1179987217.7553525,26399152.773922212,1153588064.9814303,0.32788338753336443,13.887615728492944,1677229483.2766702,57560264.77741149,0.6649728396627966
0.0,102987133.33333334,discharging,102987133.33333334,0.0,102987133.33333334,0.0,729.7688425149536,0.0,0.5669968006652856,22,240,0.0,19.47,104287625.54810615,1.0,654.15,1445.0192143426843,11210.616829613698,2545018854.51971,2363399068.352714,369.02438987317316,1179987217.7544892,26399152.773869812,1153588064.9806194,0.32788338753313395,13.887615728486136,1680073733.8670053,57636788.602624506,0.6638551416153843
0.0,102987133.33333334,discharging,102987133.33333334,0.0,102987133.33333334,0.0,729.7688425149536,0.0,0.4748154731897125,23,240,0.0,18.66,104287625.54810615,1.0,654.15,1445.0192141584043,11210.616829328726,2545018854.455016,2363399068.2950315,369.0243898733455,1179987217.729316,26399152.691015206,1153588065.0383008,0.32788338754952867,13.887615728969848,1684873406.7381954,57765922.55767146,0.6619775220523807
0.0,102987133.33333334,discharging,102987133.33333334,0.0,102987133.33333334,0.0,729.7688425149536,0.0,0.3826341457141394,0,241,0.0,18.03,104287625.54810615,1.0,654.15,1445.0192143073932,11210.616829316237,2545018854.452181,2363399068.2925024,369.024389873353,1179987217.7315965,26399152.69076564,1153588065.0408309,0.3278833875502478,13.887615728991081,1688606485.6380107,57866360.07826354,0.6605244781619918
0.0,102987133.33333334,discharging,102987133.33333334,0.0,102987133.33333334,0.0,729.7688425149536,0.0,0.29045281823856633,1,241,0.0,17.56,104287625.54810615,1.0,654.15,1445.0192142005485,11210.616829647219,2545018854.5273194,2363399068.3594995,369.02438987315304,1179987217.7472665,26399152.77343223,1153588064.9738343,0.32788338753120544,13.887615728429228,1691391481.0077133,57941289.65711794,0.65944460900679
0.0,102987133.33333334,discharging,102987133.33333334,0.0,102987133.33333334,0.0,729.7688425149536,0.0,0.19827149076299325,2,241,0.0,17.24,104287625.54810615,1.0,654.15,1445.0192143444729,11210.616829585595,2545018854.51333,2363399068.347027,369.02438987319033,1179987217.7609336,26399152.77462764,1153588064.986306,0.32788338753475027,13.88761572853381,1693287648.067937,57992305.54059328,0.6587113971180484
0.0,102987133.33333334,discharging,102987133.33333334,0.0,102987133.33333334,0.0,729.7688425149536,0.0,0.10609016328742016,3,241,0.0,16.96,104287625.54810615,1.0,654.15,1445.0192143476283,11210.61682960961,2545018854.5187817,2363399068.3518853,369.0243898731758,1179987217.7553482,26399152.773899034,1153588064.9814491,0.3278833875333698,13.88761572849311,1694946794.2456324,58036944.43863421,0.6580711728947899
0.0,102987133.33333334,discharging,102987133.33333334,0.0,102987133.33333334,0.0,729.7688425149536,0.0,0.01390883581184707,4,241,0.0,16.68,104287625.54810615,1.0,654.15,1445.0192142042317,11210.616829644157,2545018854.5266247,2363399068.358878,369.02438987315475,1179987217.7479067,26399152.773450956,1153588064.9744558,0.3278833875313821,13.887615728434454,1696605940.4233277,58081583.336675115,0.6574321919737076
0.0,102987133.33333334,shutdown,0.0,0.0,0.0,0.0,0.0,0.0,0.01390883581184707,5,241,0.0,16.37,0.0,1.0,567.279923475184,1445.0192141973837,11210.616829709164,2545018854.5413823,2259509895.6716413,362.89907080586624,1179588764.8877919,25103923.82762375,1154484841.060168,0.33816193352670415,,1698442852.2629192,0.0,0.6797313430487172
72702824.19539642,102987133.33333334,direct_plus_discharge,88242100.6138849,0.0,15539276.418488467,0.0,110.11161684378929,0.0,0.0,6,241,281.2328898620014,15.1,89237419.7090216,303.80006533962285,663.7953533947665,1445.019214307399,11210.616829230225,2545018854.432654,2349787757.869009,368.0471282800752,1178548322.3160229,26093979.57106918,1152454342.7449536,0.3289683811497641,16.20098223238818,1705968265.2831805,50486491.27968698,0.6561252650766497
168958699.41627747,102987133.33333334,charging,102987133.33333334,65971566.082944125,0.0,467.47580849176205,0.0,0.0,0.059049575809485735,7,241,564.3500972724893,17.06,104847751.84957841,706.0202198529313,665.9345453862009,1445.0192143476277,11210.616829609628,2545018854.5187855,2363905770.8123198,369.06079351162805,1180040641.5963995,26959279.075375766,1153081362.5210238,0.3276871987186546,13.80910095532511,1694354242.0393124,59155774.64989752,0.6575847024233992
196000057.27323115,102987133.33333334,charging,102987133.33333334,93012923.9398978,0.0,659.0913995329252,0.0,0.0,0.1423032262768026,8,241,665.2598632459452,19.93,105145117.34982951,819.0167419926426,665.9351534112709,1445.0192143395502,11210.616829589755,2545018854.514274,2364174777.824573,369.08012077758707,1180069000.085103,27256644.576343358,1152812355.5087597,0.32758306834954015,13.767758106013938,1677347993.7179341,58870445.05623968,0.6639788691120471
214497778.01024348,102987133.33333334,charging,102987133.33333334,111510644.67691013,0.0,790.1666107219054,0.0,0.0,0.24211374552588538,9,241,771.6614266822957,22.16,105348531.09885949,896.3123468158581,665.9355673597626,1445.019214160327,11210.616829353898,2545018854.46073,2364358794.3000507,369.0933420242165,1180088397.2743504,27460058.24106519,1152628339.0332851,0.32751184739108397,13.73961181373245,1664134079.5170026,58631586.93240203,0.6690569480693422
201679903.47902954,102987133.33333334,charging,102987133.33333334,98692770.1456962,0.0,699.338900915963,0.0,0.0,0.3304512909047439,10,241,788.6274380217541,23.97,105207576.87265696,842.7508632944918,665.9352806867909,1445.0192143061417,11210.616829317225,2545018854.452405,2364231281.1193066,369.08418041577704,1180074956.2293243,27319104.015296146,1152755852.2140281,0.32756119866007577,13.759104026550354,1653408884.5826142,58267166.67518913,0.6734661335986679
191223687.28042758,102987133.33333334,charging,102987133.33333334,88236553.94709423,0.0,625.2459482784504,0.0,0.0,0.40942972647675874,11,241,799.4328965253436,25.66,105092593.07720247,799.05793665105,665.935046264238,1445.0192143005518,11210.616829209212,2545018854.427884,2364127262.304847,369.0767069164381,1180063991.248981,27204120.220494237,1152859871.0284867,0.32760145990372785,13.775043568651608,1643394752.2958097,57936766.22357491,0.6776221203682775
185330195.82971886,102987133.33333334,charging,102987133.33333334,82343062.49638551,0.0,583.4845525084079,0.0,0.0,0.4831330383725576,12,241,792.0033372922225,26.94,105027784.16328843,774.4310654446191,665.9349139097384,1445.0192141652394,11210.616829435698,2545018854.4793,2364068633.8674593,369.0724946316897,1180057810.7714243,27139311.3055493,1152918499.465875,0.32762415365242753,13.784043031344165,1635810084.0549164,57699153.254723124,0.6807866612510697
207678190.43316677,102987133.33333334,charging,102987133.33333334,104691057.09983343,0.0,741.8428796744092,0.0,0.0,0.576839507384062,13,241,850.2457895993972,27.87,105273538.19050956,867.8156388208886,665.9354149344034,1445.0192143061547,11210.61682931735,2545018854.4524336,2364290952.454215,369.08846768854454,1180081246.2123017,27385065.33318408,1152696180.8791177,0.32753810363709174,13.749975901833382,1630299348.536142,57687181.0822475,0.6828823338653731
217668329.3707343,102987133.33333334,charging,102987133.33333334,114681196.03740096,0.0,812.6331997179379,0.0,0.0,0.6794879115589593,14,241,826.5237773616437,28.36,105383396.6775895,909.5609890954258,665.9356381513921,1445.0192141534794,11210.616829332872,2545018854.455957,2364390335.2665443,369.0956082063241,1180091721.8872757,27494923.820486203,1152596798.0667894,0.3274996407481145,13.734798381138196,1627395842.7251751,57669854.83972716,0.684007038854576
219472210.54544815,102987133.33333334,charging,102987133.33333334,116485077.21211481,0.0,825.415537028412,0.0,0.0,0.7837509267625482,15,241,768.0180655306063,28.4,105403233.40438305,917.0987873145214,665.9356784073419,1445.0192143061472,11210.616829317285,2545018854.4524183,2364408280.4744368,369.0968975517326,1180093613.4059348,27514760.547038175,1152578852.8588967,0.32749269589776053,13.732061205756805,1627158821.8426473,57674382.00974469,0.6840907754094061
219313348.9393017,102987133.33333334,charging,102987133.33333334,116326215.60596836,0.0,824.2898405779406,0.0,0.0,0.887871748730288,16,241,721.1281879062215,28.01,105401486.45213115,916.434959370261,665.9356748627462,1445.0192143476374,11210.616829523635,2545018854.499264,2364406700.142769,369.09678400327925,1180093446.8684402,27513013.67787476,1152580433.1905653,0.32749330749202715,13.732302217664644,1629469775.4472945,57735153.414084785,0.6831300771320005
181657061.93057466,102987133.33333334,charging,102987133.33333334,78669928.59724131,0.0,557.4566538066842,0.0,0.0,0.9582873260532375,17,241,595.198637889787,27.2,104987391.83886488,759.0823038124423,665.9348313369716,1445.019214153458,11210.616829418805,2545018854.4754653,2364032093.5708456,369.06986932991254,1180053958.7442846,27098918.981797215,1152955039.7624874,0.32763829800481464,13.789657589365087,1634269448.318485,57635966.962206066,0.681453602163221
68440472.32030113,102987133.33333334,direct_plus_discharge,102987133.33333334,0.0,34546661.01303221,0.0,244.79831610262954,0.0,0.9273654334929055,18,241,263.8575522275488,25.9,104175114.80278148,285.98916469738333,661.7611011889944,1445.0192141603154,11210.616829439883,2545018854.4802504,2363297289.7447333,369.0170778709221,1179976485.5336416,26286641.945041742,1153689843.5886,0.3279228025729675,13.903488544470697,1641972627.0006425,57098355.49221186,0.6790121516264856
0.0,102987133.33333334,discharging,102987133.33333334,0.0,102987133.33333334,0.0,729.7688425149536,0.0,0.8351841060173323,19,241,0.0,24.08,104287625.54810597,1.0,654.15,1445.0192143024676,11210.61682923437,2545018854.433595,2363399068.275935,369.0243898734027,1179987217.7480898,26399152.690692205,1153588065.0573976,0.32788338755495655,13.887615729129998,1652757077.1556628,56901841.03130778,0.6747474907338445
0.0,102987133.33333334,discharging,102987133.33333334,0.0,102987133.33333334,0.0,729.7688425149536,0.0,0.7430027785417592,20,241,0.0,22.74,104287625.54810615,1.0,654.15,1445.0192143444888,11210.61682958569,2545018854.5133514,2363399068.347047,369.0243898731902,1179987217.7609408,26399152.77465479,1153588064.986286,0.32788338753474455,13.887615728533628,1660697276.720348,57115470.04336086,0.6715447112379391
0.0,102987133.33333334,discharging,102987133.33333334,0.0,102987133.33333334,0.0,729.7688425149536,0.0,0.650821451066186,21,241,0.0,21.22,104287625.54810615,1.0,654.15,1445.0192143513088,11210.61682952045,2545018854.498541,2363399068.3338394,369.02438987322955,1179987217.7733293,26399152.77383666,1153588064.9994926,0.32788338753849827,13.887615728644402,1669704070.256409,57357795.48986872,0.6679483160847963
0.0,102987133.33333334,discharging,102987133.33333334,0.0,102987133.33333334,0.0,729.7688425149536,0.0,0.558640123590613,22,241,0.0,21.25,104287625.54810615,1.0,654.15,1445.0192142005565,11210.616829733319,2545018854.546866,2363399068.3769226,369.02438987310086,1179987217.7299278,26399152.773516852,1153588064.956411,0.3278833875262532,13.887615728283167,1669526304.5945127,57353012.75079293,0.66801892487183
0.0,102987133.33333334,discharging,102987133.33333334,0.0,102987133.33333334,0.0,729.7688425149536,0.0,0.4664587961150399,23,241,0.0,20.29,104287625.54810615,1.0,654.15,1445.0192143042252,11210.616829292063,2545018854.4466925,2363399068.287614,369.0243898733678,1179987217.7371697,26399152.69144988,1153588065.0457199,0.32788338755163743,13.887615729032035,1675214805.775183,57506060.40121893,0.6657668223222502
0.0,102987133.33333334,discharging,102987133.33333334,0.0,102987133.33333334,0.0,729.7688425149536,0.0,0.37427746863946676,0,242,0.0,19.56,104287625.54810615,1.0,654.15,1445.0192143463692,11210.616829524579,2545018854.499478,2363399068.334676,369.02438987322716,1179987217.7724724,26399152.773815837,1153588064.9986565,0.32788338753826063,13.887615728637382,1679540436.8813176,57622440.38539706,0.6640644237192854
0.0,102987133.33333334,discharging,102987133.33333334,0.0,102987133.33333334,0.0,729.7688425149536,0.0,0.2820961411638937,1,242,0.0,18.89,104287625.54810615,1.0,654.15,1445.0192142054857,11210.616829729195,2545018854.5459294,2363399068.3760886,369.0243898731035,1179987217.730781,26399152.77353592,1153588064.957245,0.3278833875264903,13.887615728290159,1683510536.6636603,57729254.89142356,0.6625095926202027
0.0,102987133.33333334,discharging,102987133.33333334,0.0,102987133.33333334,0.0,729.7688425149536,0.0,0.1899148136883206,2,242,0.0,18.31,104287625.54810615,1.0,654.15,1445.019214339536,11210.616829503668,2545018854.494731,2363399068.330441,369.0243898732398,1179987217.7774284,26399152.77453632,1153588065.002892,0.3278833875394645,13.88761572867293,1686947339.4603148,57821721.180222616,0.6611694871408301
0.0,102987133.33333334,discharging,102987133.33333334,0.0,102987133.33333334,0.0,729.7688425149536,0.0,0.09773348621274754,3,242,0.0,17.75,104287625.54810615,1.0,654.15,1445.019214168938,11210.616829432658,2545018854.4786105,2363399068.316072,369.02438987328276,1179987217.7076569,26399152.690395415,1153588065.0172615,0.32788338754354873,13.887615728793387,1690265631.8157058,57910998.97630445,0.6598807264084231
0.0,102987133.33333334,discharging,102987133.33333334,0.0,102987133.33333334,0.0,729.7688425149536,0.0,0.005552158737174448,4,242,0.0,17.16,104287625.54810615,1.0,654.15,1445.0192143110742,11210.616829313101,2545018854.451469,2363399068.291876,369.024389873355,1179987217.7322233,26399152.690766044,1153588065.0414572,0.32788338755042584,13.887615728996247,1693761689.8329926,58005059.51146211,0.6585283488644549
0.0,102987133.33333334,shutdown,0.0,0.0,0.0,0.0,0.0,0.0,0.005552158737174448,5,242,0.0,16.31,0.0,1.0,567.279923475184,1445.0192142956262,11210.61682921336,2545018854.428826,2259509895.571688,362.89907080586624,1179588764.904893,25103923.744802896,1154484841.16009,0.33816193355597246,,1698798383.586711,0.0,0.679589086211985
52475970.17774046,102987133.33333334,direct_plus_discharge,58678971.67286144,0.0,6203001.49512098,0.0,43.95459000263104,0.0,0.0,6,242,220.19701286871518,15.79,59334205.01887949,219.2790080054018,664.7209778783767,1445.0192142042197,11210.616829730106,2545018854.546137,2322763486.888118,366.11073085155147,1175669378.6895335,25753893.904739324,1149915484.784794,0.3310696342215487,24.27463297361399,1701879655.0595737,33542894.425862726,0.6626141196135495
168411209.42055002,102987133.33333334,charging,102987133.33333334,65424076.08721668,0.0,463.59628366629323,0.0,-7.450580596923828e-09,0.05855953056837388,7,242,562.3266553048254,17.64,104841731.27038614,703.7324477021855,665.9345330403403,1445.0192142091598,11210.61682963998,2545018854.5256763,2363900324.4228315,369.06040221085516,1180040067.4062395,26953258.495735053,1153086808.9105043,0.3276893071556851,13.809940420598064,1690917439.242658,59061064.36770011,0.658914841828963
186169967.55704674,102987133.33333334,charging,102987133.33333334,83182834.2237134,0.0,589.4351914046796,0.0,0.0,0.13301450211422813,8,242,635.1209418612048,20.23,105037018.87484084,777.9401822974515,665.9349327790704,1445.019214335863,11210.616829592864,2545018854.5149803,2364076987.945277,369.073094843959,1180058691.4894035,27148546.101347733,1152910145.3880558,0.32762091992902126,13.782760006833898,1675570337.0989747,58762587.12382742,0.6647571116743365
191926083.3530224,102987133.33333334,charging,102987133.33333334,88938950.01968905,0.0,630.2231405964995,0.0,0.0,0.21262163566325964,9,242,698.4788887736407,22.18,105100317.11090682,801.9930079513766,665.9350620276036,1445.0192143513025,11210.616829606462,2545018854.518067,2364134249.8331275,369.07720894530524,1180064727.8369024,27211844.336695757,1152852883.5002067,0.32759875525420373,13.773971737126642,1664015569.0757387,58490251.92248234,0.6692882366180389
196727043.04852986,102987133.33333334,charging,102987133.33333334,93739909.71519652,0.0,664.2428349656159,0.0,0.0,0.2965259937641796,10,242,774.2625367807528,23.76,105153111.7889367,822.0545651925119,665.9351697101836,1445.0192143061483,11210.616829231218,2545018854.43288,2364182009.830872,369.0806403851915,1180069762.4339802,27264638.931518987,1152805123.5024612,0.3275802691393671,13.766649863404611,1654653244.215886,58270154.04570677,0.6730044815036195
185912781.37103403,102987133.33333334,charging,102987133.33333334,82925648.03770068,0.0,587.6127650568186,0.0,0.0,0.37075076408714613,11,242,784.3006640057805,24.94,105034190.67740837,776.8654897943774,665.9349270005523,1445.0192141937132,11210.616829712337,2545018854.5421023,2364074429.4819827,369.07291102442724,1180058421.7548707,27145717.90352036,1152912703.8513503,0.3276219102689129,13.783152918157057,1647661128.1813123,58018122.54587052,0.6759258537968545
176233353.74355316,102987133.33333334,charging,102987133.33333334,73246220.41021982,0.0,519.0241514379591,0.0,0.0,0.43631170953194093,12,242,762.8755427365118,25.8,104927748.98709762,736.4184950837505,665.934709294963,1445.019214351307,11210.616829520453,2545018854.498542,2363978138.6922536,369.0659928606343,1180048270.8539069,27039276.212827444,1153008994.6410794,0.3276591839582288,13.797955884530104,1642565179.2069619,57823806.03013288,0.6780854290704013
185184637.22940496,102987133.33333334,charging,102987133.33333334,82197503.89607161,0.0,582.4531214176388,0.0,0.0,0.5098847353952216,13,242,771.6422974928282,26.76,105026183.50010343,773.8228261805259,665.9349106387587,1445.019214347619,11210.61682960959,2545018854.518777,2364067185.886498,369.07239059614716,1180057658.1727257,27137710.725889575,1152919947.446836,0.32762471414751326,13.784265442059219,1636876678.026292,57726661.894751586,0.6803479730545992
220030889.0074442,102987133.33333334,charging,102987133.33333334,117043755.67411086,0.0,829.3743435448464,0.0,0.0,0.6146478103693074,14,242,840.5746288606725,27.74,105409377.01969913,919.4333122127811,665.9356908719102,1445.0192141937123,11210.616829712364,2545018854.5421085,2364413838.352346,369.09729687411163,1180094199.226807,27520904.245817587,1152573294.9809895,0.3274905450064493,13.731213685786852,1631069666.404358,57782214.38792808,0.6824596686598036
31050574.609646417,102987133.33333334,direct_plus_discharge,102987133.33333334,0.0,71936558.72368693,0.0,509.7438630938427,0.0,0.5502591118732431,15,242,164.25686699612945,27.19,104235143.15423363,129.74965827862198,657.4306246268322,1445.0192143110828,11210.616829227143,2545018854.431955,2363351592.024257,369.0209790641625,1179982211.6059225,26346670.296897657,1153635541.3090248,0.3279017730107562,13.895015588746338,1634328703.5391169,56616456.524427965,0.6822430251171906
92550106.60615894,102987133.33333334,direct_plus_discharge,102987133.33333334,0.0,10437026.727174403,0.0,73.9569756673911,0.0,0.5409171781047305,16,242,338.45854568529336,26.23,104136407.51310909,386.73502364328385,664.7815798128789,1445.0192141689256,11210.616829432576,2545018854.4785914,2363262274.748751,369.0145623301037,1179972793.2399569,26247934.655374147,1153724858.5845828,0.3279363631611216,13.908957228025045,1640017204.7197871,57239263.20587656,0.6797587049378759
0.0,102987133.33333334,discharging,102987133.33333334,0.0,102987133.33333334,0.0,729.7688425149536,0.0,0.4487358506291574,17,242,58.437596625885206,25.38,104287625.54809909,1.0,654.1499999999943,1445.0192143042316,11210.616829206083,2545018854.4271736,2363399068.270201,369.0243898734192,1179987217.7545252,26399152.691399034,1153588065.063126,0.3278833875565854,13.887615729178965,1645053898.4735053,56694589.00468506,0.6778839961083911
50045582.14538731,102987133.33333334,direct_plus_discharge,102987133.33333334,0.0,52941551.18794604,0.0,375.14486791592935,0.0,0.40134913047135584,18,242,209.42571977814768,24.58,104204647.24338458,209.12325338099922,659.5797379176066,1445.0192143024697,11210.616829320385,2545018854.453122,2363324005.0857277,369.0189971566714,1179979302.6336398,26316174.38603188,1153663128.247608,0.3279124564716656,13.89931884350519,1649794316.1240637,57167347.82341901,0.6758576672305994
0.0,102987133.33333334,discharging,102987133.33333334,0.0,102987133.33333334,0.0,729.7688425149536,0.0,0.3091678029957827,19,242,0.0,21.85,104287625.54810597,1.0,654.15,1445.0192142091717,11210.616829726112,2545018854.54523,2363399068.3754654,369.0243898731053,1179987217.7314196,26399152.773550224,1153588064.9578693,0.32788338752666774,13.88761572829541,1665970991.356594,57257357.969276555,0.6694342426580636
0.0,102987133.33333334,discharging,102987133.33333334,0.0,102987133.33333334,0.0,729.7688425149536,0.0,0.21698647552020967,20,242,0.0,20.41,104287625.54810615,1.0,654.15,1445.0192141571597,11210.61682932979,2545018854.4552574,2363399068.2952495,369.02438987334494,1179987217.7291005,26399152.691016186,1153588065.0380843,0.32788338754946716,13.887615728968017,1674503743.127599,57486929.44491568,0.6660475043579
0.0,102987133.33333334,discharging,102987133.33333334,0.0,102987133.33333334,0.0,729.7688425149536,0.0,0.12480514804463658,21,242,0.0,19.58,104287625.54810615,1.0,654.15,1445.019214302461,11210.616829320365,2545018854.4531174,2363399068.293339,369.0243898733506,1179987217.7307415,26399152.69074746,1153588065.039994,0.32788338755000995,13.887615728984052,1679421926.4400537,57619251.892679855,0.6641109487958391
0.0,102987133.33333334,discharging,102987133.33333334,0.0,102987133.33333334,0.0,729.7688425149536,0.0,0.03262382056906349,22,242,0.0,18.86,104287625.54810615,1.0,654.15,1445.0192143073946,11210.616829230177,2545018854.4326434,2363399068.275086,369.0243898734052,1179987217.748941,26399152.690693606,1153588065.0582473,0.3278833875551981,13.887615729137105,1683688302.3255558,57734037.63049938,0.6624401436628854
0.0,102987133.33333334,discharging,36448094.75844442,0.0,36448094.75844442,0.0,258.27191283841927,0.0,0.0,23,242,0.0,18.4,36910051.20231608,1.0,654.15,1445.0192142956262,11210.616829299408,2545018854.44836,2302516169.2407656,364.6636833824349,1173492542.438206,25560616.920554668,1147931925.5176513,0.3326461450705461,38.909608827359186,1686414042.4746273,20459504.037238877,0.6725348388365049
0.0,102987133.33333334,shutdown,0.0,0.0,0.0,0.0,0.0,0.0,0.0,0,243,0.0,17.88,0.0,1.0,567.279923475184,1445.0192141603152,11210.616829439856,2545018854.480244,2259509895.617359,362.89907080586624,1179588764.8582227,25103923.74377478,1154484841.1144478,0.3381619335426033,,1689495313.94749,0.0,0.6833311886595322
0.0,102987133.33333334,shutdown,0.0,0.0,0.0,0.0,0.0,0.0,0.0,1,243,0.0,17.32,0.0,1.0,567.279923475184,1445.0192143463746,11210.616829524592,2545018854.4994807,2259509895.6344433,362.89907080586624,1179588764.9246066,25103923.82723718,1154484841.0973694,0.3381619335376009,,1692813606.302881,0.0,0.6819917070602793
0.0,102987133.33333334,shutdown,0.0,0.0,0.0,0.0,0.0,0.0,0.0,2,243,0.0,16.93,0.0,1.0,567.279923475184,1445.019214340792,11210.616829588716,2545018854.514038,2259509895.6473675,362.89907080586624,1179588764.9124842,25103923.828040417,1154484841.0844438,0.3381619335338148,,1695124559.9075282,0.0,0.6810619516641437
0.0,102987133.33333334,shutdown,0.0,0.0,0.0,0.0,0.0,0.0,0.0,3,243,0.0,16.41,0.0,1.0,567.279923475184,1445.0192142042388,11210.616829644208,2545018854.526636,2259509895.658552,362.89907080586624,1179588764.900143,25103923.826883327,1154484841.0732596,0.33816193353053886,,1698205831.3803911,0.0,0.6798262140784392
0.0,102987133.33333334,shutdown,0.0,0.0,0.0,0.0,0.0,0.0,0.0,4,243,0.0,15.91,0.0,1.0,567.279923475184,1445.0192143024658,11210.61682932041,2545018854.453128,2259509895.5932903,362.89907080586624,1179588764.8826966,25103923.744176976,1154484841.1385198,0.3381619335496543,,1701168592.4119902,0.0,0.6786422264601308
0.0,102987133.33333334,shutdown,0.0,0.0,0.0,0.0,0.0,0.0,0.0,5,243,0.0,15.42,0.0,1.0,567.279923475184,1445.0192141937086,11210.61682971229,2545018854.542092,2259509895.6722736,362.89907080586624,1179588764.8871586,25103923.827622462,1154484841.0595362,0.3381619335265191,,1704072098.222957,0.0,0.6774859128692137
46766492.03677662,102987133.33333334,direct_partial,46766492.03677662,0.0,0.0,0.0,0.0,0.0,0.0,6,243,203.1601117214117,14.95,47283400.40849258,195.42106505096845,665.6710570907834,1445.0192143476206,11210.616829523551,2545018854.4992447,2311880576.1833835,365.3325192690216,1174501484.784203,25615568.93076902,1148885915.853434,0.3319248333487646,30.414872329530834,1706857093.5926602,26819317.566704087,0.6626876321661075
162966584.93788344,102987133.33333334,charging,102987133.33333334,59979451.60455009,0.0,425.01556801724286,0.0,0.0,0.05368617701270436,7,243,546.3520183012969,16.27,104781858.40854412,680.9812369770242,665.934410187392,1445.0192143024583,11210.616829320305,2545018854.453104,2363846161.6377373,369.05651085639,1180034357.246765,26893385.551169697,1153140971.6955953,0.327710275344301,13.81829390185582,1699035404.469239,59242890.91162922,0.6558352990678352
196264778.28287366,102987133.33333334,charging,102987133.33333334,93277644.9495403,0.0,660.967217788502,0.0,1.4901161193847656e-08,0.13717677294388356,8,243,667.6822497206181,18.92,105148028.40540133,820.1229199288671,665.9351593465625,1445.019214202326,11210.616829619066,2545018854.5209284,2364177411.2837663,369.08030998478205,1180069277.6810393,27259555.631471947,1152809722.0495675,0.3275820490483685,13.767354536249233,1683332771.0017643,59031549.60812653,0.6616352897114205
202346205.60596234,102987133.33333334,charging,102987133.33333334,99359072.272629,0.0,704.0603308286026,0.0,0.0,0.22611070946960177,9,243,735.3728990094438,21.33,105214903.99233304,845.5351104257186,665.935295607586,1445.0192142042306,11210.616829730183,2545018854.546154,2364237909.612011,369.0846566530827,1180075654.939065,27326431.21774518,1152749223.72132,0.32755863315241046,13.758089489926263,1669052262.8294573,58688334.32103588,0.6672004035921318
198578423.7497617,102987133.33333334,charging,102987133.33333334,95591290.41642836,0.0,677.3617548506805,0.0,0.0,0.31167219429284565,10,243,784.6513629077735,23.39,105173470.85342176,829.7908475753122,665.9352112066957,1445.0192143513084,11210.616829606515,2545018854.5180793,2364200427.5125084,369.0819636469249,1180071703.9000506,27284998.07922627,1152786705.8208244,0.32757314050258124,13.76382831227391,1656845687.3792691,58339874.248190776,0.6721061158694681
179799829.5241854,102987133.33333334,charging,102987133.33333334,76812696.19085205,0.0,544.2962686243415,0.0,0.0,0.3804254071717098,11,243,765.5607504792046,25.04,104966968.42497678,751.3215691689641,665.9347895618871,1445.0192143395343,11210.616829503628,2545018854.494722,2364013617.879726,369.0685419132809,1180052011.1050036,27078495.65139755,1152973515.4536061,0.3276454498718001,13.792498100779959,1647068575.9749925,57965218.69624448,0.6762173976005686
125337188.8122975,102987133.33333334,charging,102987133.33333334,22350055.47896415,0.0,158.37293057024596,0.0,0.0,0.4004304089279514,12,243,568.3481502095847,26.38,104368059.50605415,523.7409491593272,665.9335572695135,1445.0192143476343,11210.616829609657,2545018854.518792,2363471830.1027575,369.0296172823797,1179994889.9624357,26479586.731862035,1153515303.2305737,0.32785521120053496,13.876289222578482,1639128376.4103074,57424389.942340545,0.6799171390999355
43102193.94520567,102987133.33333334,direct_plus_discharge,102987133.33333334,0.0,59884939.38812767,0.0,424.3458526018338,0.0,0.3468288275466671,13,243,239.07803625843,27.25,104215794.64342402,180.10922521581668,658.7823573728012,1445.019214165254,11210.616829349723,2545018854.4597826,2363334089.156903,369.0197216174168,1179980365.9620678,26327321.785644256,1153653044.1764235,0.3279085512414817,13.897745550285846,1633973172.215325,56694144.49521211,0.6823654972055883
157249921.91856444,102987133.33333334,charging,102987133.33333334,54262788.585231096,0.0,384.5071819730011,0.0,0.0,0.3953981557958883,14,243,623.0558921870888,27.88,104718994.0225358,657.0932708902311,665.9342810452858,1445.0192143444747,11210.61682958559,2545018854.5133286,2363789292.8639297,369.05242509984964,1180028361.7184596,26830521.24905568,1153197840.469404,0.32773229190180064,13.827075038386475,1630240093.3155103,57381652.08374435,0.6833271991269481
147339741.44003156,102987133.33333334,charging,102987133.33333334,44352608.106698215,0.0,314.2834491351784,0.0,0.0,0.43509711779191085,15,243,540.1247552261415,27.77,104610014.81405209,615.6820394803736,665.9340568026817,1445.0192143426946,11210.616829613782,2545018854.5197287,2363690707.5958166,369.045342263178,1180017967.7773566,26721542.03983823,1153296425.7375183,0.3277704607449844,13.842322670559453,1630891900.7424622,57339199.72917056,0.6831389526086373
43384409.15017867,102987133.33333334,direct_plus_discharge,102987133.33333334,0.0,59602724.18315467,0.0,422.34607013574004,0.0,0.3817481405116068,16,243,191.01043188489547,27.8,104215341.55538243,181.28850536977885,658.814497889744,1445.0192142005449,11210.616829647237,2545018854.5273237,2363333679.3484373,369.01969217138355,1179980322.7656074,26326868.78077271,1153653453.9848347,0.3279087099525896,13.897809489997833,1630714135.0805662,56609213.97082948,0.6837180642544967
197311164.1118961,102987133.33333334,charging,102987133.33333334,94324030.77856275,0.0,668.3819282533344,0.0,0.0,0.46617533144887013,17,243,642.7838858902203,26.82,105159535.18872042,824.4954059601265,665.9351828042986,1445.0192143444813,11210.616829585664,2545018854.5133457,2364187820.7598786,369.08105788126716,1180070374.9887142,27271062.415261567,1152799312.5734527,0.3275780199921036,13.765759529750373,1636521146.7025003,57790502.00785806,0.6803939012347091
93892941.56068723,102987133.33333334,direct_plus_discharge,102987133.33333334,0.0,9094191.772646114,0.0,64.44162089697582,0.0,0.45803533723030476,18,243,339.361790745553,25.28,104134251.63214648,392.34626848061794,664.9555104517059,1445.019214163992,11210.61682935066,2545018854.4599953,2363260324.502358,369.0144222223316,1179972587.6053002,26245778.77432573,1153726808.8309746,0.327937118458664,13.90926193707862,1645646450.679825,57399117.888430394,0.6774491711345744
0.0,102987133.33333334,discharging,102987133.33333334,0.0,102987133.33333334,0.0,729.7688425149536,0.0,0.36585400975473165,19,243,0.0,23.38,104287625.54810487,1.0,654.15,1445.0192143024678,11210.616829320423,2545018854.4531307,2363399068.2933497,369.0243898733505,1179987217.7307446,26399152.690762922,1153588065.0399816,0.32788338755000657,13.887615728984118,1656904942.5999014,57013438.276409484,0.6730705953746541
0.0,102987133.33333334,discharging,102987133.33333334,0.0,102987133.33333334,0.0,729.7688425149536,0.0,0.2736726822791586,20,243,0.0,22.36,104287625.54810615,1.0,654.15,1445.0192143407796,11210.616829588584,2545018854.514008,2363399068.3476276,369.0243898731885,1179987217.7602947,26399152.774587505,1153588064.9857073,0.3278833875345801,13.887615728528841,1662948975.1043632,57176051.40498783,0.6706419866041267
0.0,102987133.33333334,discharging,102987133.33333334,0.0,102987133.33333334,0.0,729.7688425149536,0.0,0.1814913548035855,21,243,0.0,21.48,104287625.54810615,1.0,654.15,1445.0192141603,11210.616829353741,2545018854.460695,2363399068.300098,369.0243898733304,1179987217.7235043,26399152.690269694,1153588065.0332346,0.3278833875480887,13.887615728927338,1668163434.519977,57316345.08454501,0.6685607554889085
0.0,102987133.33333334,discharging,102987133.33333334,0.0,102987133.33333334,0.0,729.7688425149536,0.0,0.08931002732801241,22,243,0.0,20.6,104287625.54810615,1.0,654.15,1445.0192142042301,11210.616829730174,2545018854.546152,2363399068.3762865,369.0243898731029,1179987217.7305598,26399152.77351372,1153588064.957046,0.3278833875264337,13.887615728288491,1673377893.9355915,57456638.7641022,0.6664924018806816
0.0,102987133.33333334,discharging,99779249.70619412,0.0,99779249.70619412,0.0,707.0377163467649,0.0,0.0,23,243,0.0,19.6,101039315.65049729,1.0,654.15,1445.0192143407778,11210.616829502562,2545018854.49448,2360460756.37178,368.8133218445513,1179677219.83847,26358726.504055142,1153318493.334415,0.32810969942763796,14.32835218587538,1679303415.9987895,55821460.943345904,0.6646890426508921
0.0,102987133.33333334,shutdown,0.0,0.0,0.0,0.0,0.0,0.0,0.0,0,244,0.0,19.09,0.0,1.0,567.279923475184,1445.0192143110705,11210.616829313063,2545018854.45146,2259509895.59176,362.89907080586624,1179588764.8841658,25103923.74417149,1154484841.1399944,0.3381619335500862,,1682325432.2510207,0.0,0.686243469312145
0.0,102987133.33333334,shutdown,0.0,0.0,0.0,0.0,0.0,0.0,0.0,1,244,0.0,18.85,0.0,1.0,567.279923475184,1445.0192143427096,11210.616829613848,2545018854.5197434,2259509895.652433,362.89907080586624,1179588764.9067078,25103923.82732913,1154484841.0793786,0.33816193353233115,,1683747557.546188,0.0,0.6856638549557089
0.0,102987133.33333334,shutdown,0.0,0.0,0.0,0.0,0.0,0.0,0.0,2,244,0.0,18.38,0.0,1.0,567.279923475184,1445.0192141534822,11210.616829332897,2545018854.455963,2259509895.595807,362.89907080586624,1179588764.8804305,25103923.744427193,1154484841.1360033,0.33816193354891716,,1686532552.915891,0.0,0.6845316084412268
0.0,102987133.33333334,shutdown,0.0,0.0,0.0,0.0,0.0,0.0,0.0,3,244,0.0,17.79,0.0,1.0,567.279923475184,1445.0192143061572,11210.61682931734,2545018854.4524307,2259509895.5926714,362.89907080586624,1179588764.8833344,25103923.74419481,1154484841.1391397,0.33816193354983587,,1690028610.9331777,0.0,0.6831155600979273
0.0,102987133.33333334,shutdown,0.0,0.0,0.0,0.0,0.0,0.0,0.0,4,244,0.0,17.32,0.0,1.0,567.279923475184,1445.0192143476272,11210.6168295236,2545018854.4992557,2259509895.6342435,362.89907080586624,1179588764.9248235,25103923.82725673,1154484841.0975668,0.3381619335376587,,1692813606.302881,0.0,0.6819917070603959
0.0,102987133.33333334,shutdown,0.0,0.0,0.0,0.0,0.0,0.0,0.0,5,244,0.0,16.83,0.0,1.0,567.279923475184,1445.0192141973953,11210.616829709259,2545018854.541404,2259509895.671663,362.89907080586624,1179588764.8877954,25103923.82764848,1154484841.060147,0.33816193352669804,,1695717112.113848,0.0,0.680823961032621
24258671.09710968,102987133.33333334,charging_only,0.0,24258671.09710968,0.0,171.89741819679114,0.0,0.0,0.021713358088015722,6,244,135.68730688241658,16.47,0.0,101.36863245569764,620.5051128569876,1445.0192143073828,11210.61682931616,2545018854.452163,2259509895.5924335,362.89907080586624,1179588764.883538,25368057.259374913,1154220707.6241632,0.33808456579500973,,1697850300.056599,0.0,0.6798130009375305
133098295.97806013,102987133.33333334,charging,102987133.33333334,30111162.644726783,0.0,213.36828785105618,0.0,0.0,0.04866514181657019,7,244,456.3774036804013,17.69,104453406.01591013,556.171943280403,665.9337337367931,1445.0192141640075,11210.616829350773,2545018854.4600205,2363549035.974129,369.035164010843,1180003030.517355,26564933.158120006,1153438097.359235,0.3278253153465291,13.86429001456311,1690621163.139498,58834409.61036908,0.6593125972020044
186558616.44395676,102987133.33333334,charging,102987133.33333334,83571483.11062342,0.0,592.1891650241516,0.0,0.0,0.12346798371435777,8,244,637.4691425498951,20.7,105041292.72718549,779.5642121552203,665.9349415107336,1445.0192143395448,11210.616829589755,2545018854.514274,2364080854.2231617,369.0733726242644,1180059099.063869,27152819.95369826,1152906279.1101708,0.3276194233619498,13.782166295697213,1672785341.7292717,58690843.24054304,0.6658516525482964
126670208.9002908,102987133.33333334,charging,102987133.33333334,23683075.566957455,0.0,167.81873700429296,0.0,3.725290298461914e-09,0.1446661399675316,9,244,484.79995596110433,22.72,104382718.31814593,529.3111810493979,665.9335875993856,1445.0192143110796,11210.61682922707,2545018854.431938,2363485090.6243205,369.0305699650735,1179996288.1697526,26494245.46080589,1153502042.7089467,0.32785007631584284,13.874226886609787,1660815787.1616118,58006149.47721677,0.6711003729476657
32339817.617059454,102987133.33333334,direct_plus_discharge,102987133.33333334,0.0,70647315.71627389,0.0,500.60826190961404,0.0,0.08143141214736986,10,244,189.311784644432,24.74,104233073.31357399,135.13696082464236,657.5733148153757,1445.019214165248,11210.616829435752,2545018854.479313,2363349719.663571,369.0208445463561,1179982014.1256137,26344600.455852307,1153637413.6697614,0.32790249810915234,13.895307582405833,1648846232.593952,57014018.784120746,0.6762789699436398
177464855.31794256,102987133.33333334,charging,102987133.33333334,74477721.98460922,0.0,527.7505956976383,0.0,0.0,0.14809464528812416,11,244,760.9837336283263,26.15,104941291.43136927,741.5645160658217,665.9347370178458,1445.0192141986468,11210.616829708228,2545018854.5411696,2363990389.6648297,369.06687304532534,1180049562.3260093,27052818.657501776,1152996743.6685076,0.3276544415435567,13.796070854300055,1640491246.484843,57776116.25810433,0.6789253382378209
204722532.4651743,102987133.33333334,charging,102987133.33333334,101735399.13184094,0.0,720.8990294636194,0.0,0.0,0.23915557532563397,12,244,886.9111888419293,27.09,105241035.72838375,855.4649620248343,665.9353488048318,1445.0192143463732,11210.616829524597,2545018854.499482,2364261549.409532,369.08635512930164,1180078146.8779006,27352562.954074677,1152725583.923826,0.3275494836020075,13.75447235839315,1634921255.745437,57792633.08119172,0.6809925714751967
161683399.29527593,102987133.33333334,charging,102987133.33333334,58696265.96194258,0.0,415.9228894385839,0.0,0.0,0.2916932034652446,13,244,692.9654543567667,27.74,104767747.61046405,675.6192460725264,665.9343812130852,1445.0192143426889,11210.616829613717,2545018854.519714,2363833396.6767178,369.0555937480435,1180033011.4928484,26879274.83623343,1153153736.656615,0.32771521719207025,13.82026403436862,1631069666.404358,57430399.565618716,0.682945627244719
158734884.11515293,102987133.33333334,charging,102987133.33333334,55747750.781819575,0.0,395.0296531624394,0.0,7.450580596923828e-09,0.34159168596997375,14,244,632.5464049938739,28.27,104735323.69535755,663.2984165271871,665.9343146061528,1445.0192143444729,11210.616829499513,2545018854.493788,2363804065.1001177,369.053486414486,1180029919.1550162,26846850.921800125,1153183068.233216,0.3277265728023412,13.824793034357759,1627929139.710863,57329264.9057224,0.6842767050288514
203454921.93656936,102987133.33333334,charging,102987133.33333334,100467788.60323602,0.0,711.9167164476266,0.0,0.0,0.4315180080475687,15,244,726.6225128505704,28.61,105227096.20503524,850.1680541580866,665.9353204309606,1445.019214168927,11210.616829432587,2545018854.4785943,2364248939.1244726,369.085449105993,1180076817.556163,27338623.347289313,1152738194.2088737,0.3275543642670662,13.756401631571881,1625914462.2093756,57544794.97151267,0.6847437437477655
160075666.8428357,102987133.33333334,charging,102987133.33333334,57088533.50950235,0.0,404.53046581326015,0.0,0.0,0.4826165932029279,16,244,545.4091030730305,28.19,104750067.87087712,668.9010858152677,665.934344899524,1445.01921435131,11210.616829606513,2545018854.518079,2363817403.0992737,369.054444684444,1180031325.3307405,26861595.096681766,1153169730.2340586,0.3277214090206235,13.822733207783656,1628403181.4759188,57349921.4540818,0.6840679861301985
164793944.73041627,102987133.33333334,charging,102987133.33333334,61806811.397082925,0.0,437.9642752731174,0.0,0.0,0.5379383963953216,17,244,545.6839920315533,27.32,104801953.32248025,688.6171442545524,665.9344514357025,1445.0192142993014,11210.61682921025,2545018854.4281197,2363864340.043487,369.05781689493676,1180036273.7556105,26913480.465764616,1153122793.289846,0.3277032378025874,13.815489189347918,1633558385.6709013,57515252.88685028,0.6818879834667033
50462440.16377318,102987133.33333334,direct_plus_discharge,102987133.33333334,0.0,52524693.169560164,0.0,372.1910038386964,0.0,0.49092479591043364,18,244,209.80953755849595,26.17,104203977.99042557,210.86515948471,659.6280532073852,1445.0192142091644,11210.616829726066,2545018854.5452194,2363323399.754094,369.0189536622317,1179979238.7950945,26315505.215855572,1153663733.579239,0.32791269090605824,13.899413308833443,1640372736.0435786,56919247.5420557,0.6797084678041387
0.0,102987133.33333334,discharging,102987133.33333334,0.0,102987133.33333334,0.0,729.7688425149536,0.0,0.3987434684348606,19,244,0.0,24.12,104287625.54810557,1.0,654.1499999999995,1445.0192143513075,11210.616829520486,2545018854.498549,2363399068.333847,369.02438987322955,1179987217.7733302,26399152.77384462,1153588064.9994855,0.3278833875384963,13.887615728644413,1652520056.2731347,56895464.045873106,0.6748435657026239
0.0,102987133.33333334,discharging,102987133.33333334,0.0,102987133.33333334,0.0,729.7688425149536,0.0,0.30656214095928747,20,244,0.0,22.48,104287625.54810615,1.0,654.15,1445.019214157159,11210.616829415781,2545018854.474779,2363399068.312652,369.0243898732929,1179987217.7117512,26399152.691071223,1153588065.02068,0.32788338754452034,13.887615728822087,1662237912.4567792,57156920.448684566,0.6709267952558207
0.0,102987133.33333334,discharging,102987133.33333334,0.0,102987133.33333334,0.0,729.7688425149536,0.0,0.2143808134837144,21,244,0.0,21.09,104287625.54810615,1.0,654.15,1445.0192143463648,11210.616829610573,2545018854.5190005,2363399068.352077,369.0243898731751,1179987217.755129,26399152.773871977,1153588064.9812572,0.32788338753331525,13.887615728491538,1670474388.1246247,57378520.6925306,0.6676425169611079
0.0,102987133.33333334,discharging,102987133.33333334,0.0,102987133.33333334,0.0,729.7688425149536,0.0,0.12219948600814132,22,244,0.0,19.71,104287625.54810615,1.0,654.15,1445.0192143513113,11210.616829520466,2545018854.4985447,2363399068.3338428,369.02438987322955,1179987217.773331,26399152.77383998,1153588064.999491,0.32788338753849783,13.887615728644391,1678651608.571838,57598526.690018,0.6644135205930511
0.0,102987133.33333334,discharging,102987133.33333334,0.0,102987133.33333334,0.0,729.7688425149536,0.0,0.030018158532568236,23,244,0.0,18.66,104287625.54810615,1.0,654.15,1445.0192141534753,11210.616829418928,2545018854.4754934,2363399068.3132944,369.02438987329106,1179987217.711113,26399152.691073917,1153588065.020039,0.32788338754433816,13.887615728816664,1684873406.7381954,57765922.55767146,0.6619775220419014
0.0,102987133.33333334,discharging,33536988.236950137,0.0,33536988.236950137,0.0,237.64375504949854,0.0,0.0,0,245,0.0,17.67,33962258.44363746,1.0,654.15,1445.0192141639882,11210.616829350663,2545018854.459996,2299855704.507991,364.4738029834522,1173205214.4111214,25523930.682199854,1147681283.7289214,0.33285784405510543,42.27097225172609,1690739673.5807617,18863421.784494072,0.6713144628950967
0.0,102987133.33333334,shutdown,0.0,0.0,0.0,0.0,0.0,0.0,0.0,1,245,0.0,16.92,0.0,1.0,567.279923475184,1445.0192143476302,11210.616829609664,2545018854.518794,2259509895.6515894,362.89907080586624,1179588764.907551,25103923.827330533,1154484841.0802205,0.33816193353257773,,1695183815.1281602,0.0,0.6810381451128581
0.0,102987133.33333334,shutdown,0.0,0.0,0.0,0.0,0.0,0.0,0.0,2,245,0.0,16.92,0.0,1.0,567.279923475184,1445.0192142993099,11210.616829296323,2545018854.44766,2259509895.588435,362.89907080586624,1179588764.8882604,25103923.74488527,1154484841.1433752,0.3381619335510765,,1695183815.1281602,0.0,0.6810381451501135
0.0,102987133.33333334,shutdown,0.0,0.0,0.0,0.0,0.0,0.0,0.0,3,245,0.0,16.83,0.0,1.0,567.279923475184,1445.0192143024603,11210.61682923428,2545018854.433575,2259509895.5759306,362.89907080586624,1179588764.8999655,25103923.744085725,1154484841.1558797,0.3381619335547392,,1695717112.113848,0.0,0.6808239610890766
0.0,102987133.33333334,shutdown,0.0,0.0,0.0,0.0,0.0,0.0,0.0,4,245,0.0,16.56,0.0,1.0,567.279923475184,1445.0192141652426,11210.616829435683,2545018854.479297,2259509895.6165233,362.89907080586624,1179588764.8590684,25103923.743781257,1154484841.115287,0.3381619335428492,,1697317003.0709114,0.0,0.6801822164195066
0.0,102987133.33333334,shutdown,0.0,0.0,0.0,0.0,0.0,0.0,0.0,5,245,0.0,16.06,0.0,1.0,567.279923475184,1445.019214344472,11210.616829499528,2545018854.493791,2259509895.6293917,362.89907080586624,1179588764.9303873,25103923.82796988,1154484841.1024175,0.33816193353907953,,1700279764.1025105,0.0,0.6789969894817928
0.0,102987133.33333334,shutdown,0.0,0.0,0.0,0.0,0.0,0.0,0.0,6,245,51.095291679195526,15.82,0.0,1.0,567.279923475184,1445.0192143110758,11210.61682931313,2545018854.4514756,2259509895.591823,362.89907080586624,1179588764.8841772,25103923.744188935,1154484841.1399882,0.3381619335500844,,1701701889.3976781,0.0,0.6784295465221709
0.0,102987133.33333334,shutdown,0.0,0.0,0.0,0.0,0.0,0.0,0.0,7,245,0.0,15.94,0.0,1.0,567.279923475184,1445.019214160309,11210.616829439847,2545018854.4802423,2259509895.6173625,362.89907080586624,1179588764.8582215,25103923.743772134,1154484841.1144495,0.3381619335426038,,1700990826.7500944,0.0,0.6787131493943463
0.0,102987133.33333334,shutdown,0.0,0.0,0.0,0.0,0.0,0.0,0.0,8,245,0.0,17.23,0.0,1.0,567.279923475184,1445.0192143005593,11210.616829209279,2545018854.427899,2259509895.5708914,362.89907080586624,1179588764.9057515,25103923.744833,1154484841.1609185,0.33816193355621516,,1693346903.2885687,0.0,0.6817769229204295
199725713.653941,102987133.33333334,charging,102987133.33333334,96738580.32060766,0.0,685.4914735670188,0.0,0.0,0.08658839666109712,9,245,731.5306608803058,18.8,105186087.24783854,834.5849769878974,665.9352369137998,1445.019214200554,11210.616829733293,2545018854.5468597,2364211840.8278685,369.0827836661517,1180072906.9787397,27297614.473241962,1152775292.5054977,0.3275687229733906,13.76208036158155,1684043833.649348,59071876.03065751,0.6613303328653494
199540027.57001618,102987133.33333334,charging,102987133.33333334,96552894.23668283,0.0,684.1756983419879,0.0,0.0,0.17301059013587453,10,245,796.5072389865691,21.03,105184045.3150506,833.8090587886617,665.9352327535848,1445.0192143110712,11210.616829227043,2545018854.431932,2364209993.511855,369.08265094824725,1180072712.2791157,27295572.457637012,1152777139.8214786,0.32756943796563437,13.762363235537215,1670829919.4484167,58718501.92754313,0.6665191477578726
183747159.17261803,102987133.33333334,charging,102987133.33333334,80760025.83928469,0.0,572.2671237722174,0.0,0.0,0.2452969636649967,11,245,791.9640943605307,23.01,105010375.99577169,767.8161004114904,665.9348783305377,1445.0192143407874,11210.616829588638,2545018854.514021,2364052885.8624034,369.07136318513574,1180056150.6932,27121903.22226871,1152934247.4709313,0.3276302494972571,13.786462247589938,1659097385.7632844,58309303.61332881,0.6713227883661179
173607462.76238927,102987133.33333334,charging,102987133.33333334,70620329.42905593,0.0,500.4170365501987,0.0,0.0,0.30850753670291653,12,245,770.7434784833978,24.19,104898872.8711377,725.4458009624233,665.9346501585121,1445.0192142054811,11210.616829729164,2545018854.5459228,2363952016.4807043,369.0641160754021,1180045516.9491885,27010400.096558187,1153035116.8526304,0.3276692961374723,13.801976897504534,1652105269.728711,58061497.984458074,0.6742237883586443
145952360.9846051,102987133.33333334,charging,102987133.33333334,42965227.65127176,0.0,304.45244407353215,0.0,0.0,0.34696468753325743,13,245,639.0649439171543,24.84,104594758.21764342,609.8846543351049,665.9340253725239,1445.0192141640061,11210.616829350793,2545018854.4600253,2363676906.0775657,369.04435070518764,1180016512.6156266,26706285.359857842,1153310227.2557688,0.3277758044066382,13.84445980548222,1648253680.3876324,57791034.70488245,0.6760140675405613
126109948.90633254,102987133.33333334,charging,102987133.33333334,23122815.572999194,0.0,163.84872372141984,0.0,0.0,0.3676613684243841,14,245,521.1856406331805,25.36,104376557.31127366,526.9700474737028,665.9335748529656,1445.0192143358452,11210.61682959274,2545018854.5149517,2363479517.350901,369.03016955819027,1179995700.5201752,26488084.537743807,1153507615.9824314,0.32785223445893363,13.87509360259333,1645172408.9147692,57588938.69650763,0.6774335214976734
123597620.59280336,102987133.33333334,charging,102987133.33333334,20610487.259470016,0.0,146.0463161192236,0.0,0.0,0.3861093241447071,15,245,469.43433436892775,23.54,104348930.00906129,516.4718926323799,665.9335176767661,1445.0192143463705,11210.616829524564,2545018854.4994745,2363454525.2419,369.02837405062076,1179993065.3262012,26460457.234766856,1153532608.0914342,0.32786191223178746,13.878981407714187,1655956859.0697894,57858877.74018667,0.6730785482449653
0.0,102987133.33333334,discharging,102987133.33333334,0.0,102987133.33333334,0.0,729.7688425149536,0.0,0.29392799666913405,16,245,4.138367276145273,22.36,104287625.54810615,1.0,654.15,1445.0192143513136,11210.61682960653,2545018854.518082,2363399068.3512616,369.0243898731776,1179987217.7559867,26399152.773912687,1153588064.982074,0.3278833875335474,13.88761572849835,1662948975.1043632,57176051.40498783,0.6706419866020145
0.0,102987133.33333334,discharging,102987133.33333334,0.0,102987133.33333334,0.0,729.7688425149536,0.0,0.20174666919356093,17,245,0.0,21.87,104287625.54810615,1.0,654.15,1445.01921415348,11210.616829418925,2545018854.475493,2363399068.3132935,369.02438987329106,1179987217.7111154,26399152.691073697,1153588065.0200417,0.32788338754433893,13.887615728816689,1665852480.9153302,57254169.47655944,0.6694815232462128
0.0,102987133.33333334,discharging,102987133.33333334,0.0,102987133.33333334,0.0,729.7688425149536,0.0,0.10956534171798786,18,245,22.15208737249252,20.56,104287625.54810615,1.0,654.15,1445.0192143024565,11210.616829234275,2545018854.4335737,2363399068.275915,369.0243898734027,1179987217.7480829,26399152.69066637,1153588065.0574164,0.32788338755496194,13.887615729130138,1673614914.8181198,57463015.74953662,0.666398689907121
0.0,102987133.33333334,discharging,102987133.33333334,0.0,102987133.33333334,0.0,729.7688425149536,0.0,0.01738401424241478,19,245,0.0,17.67,104287625.54810615,1.0,654.15,1445.0192143476193,11210.61682960959,2545018854.518777,2363399068.351881,369.0243898731758,1179987217.7553463,26399152.773892194,1153588064.9814541,0.3278833875333712,13.887615728493154,1690739673.5807617,57923752.94717329,0.6596970277304679
0.0,102987133.33333334,shutdown,0.0,0.0,0.0,0.0,0.0,0.0,0.01738401424241478,20,245,0.0,16.03,0.0,1.0,567.279923475184,1445.019214162088,11210.616829325625,2545018854.454312,2259509895.5943303,362.89907080586624,1179588764.8819127,25103923.744441364,1154484841.1374714,0.3381619335493472,,1700457529.7644067,0.0,0.6789260072243156
0.0,102987133.33333334,shutdown,0.0,0.0,0.0,0.0,0.0,0.0,0.01738401424241478,21,245,0.0,14.98,0.0,1.0,567.279923475184,1445.0192143073832,11210.616829316163,2545018854.4521637,2259509895.592434,362.89907080586624,1179588764.8835373,25103923.74416116,1154484841.1393762,0.33816193354990515,,1706679327.9307642,0.0,0.6764509432121104
0.0,102987133.33333334,shutdown,0.0,0.0,0.0,0.0,0.0,0.0,0.01738401424241478,22,245,0.0,14.42,0.0,1.0,567.279923475184,1445.0192142042297,11210.61682973014,2545018854.546144,2259509895.6758714,362.89907080586624,1179588764.8828611,25103923.826921593,1154484841.0559394,0.3381619335254656,,1709997620.2861552,0.0,0.6751382735039977
0.0,102987133.33333334,shutdown,0.0,0.0,0.0,0.0,0.0,0.0,0.01738401424241478,23,245,0.0,14.12,0.0,1.0,567.279923475184,1445.0192142993058,11210.616829210236,2545018854.4281163,2259509895.5710845,362.89907080586624,1179588764.9055314,25103923.74480418,1154484841.1607273,0.33816193355615914,,1711775276.9051147,0.0,0.6744371511475694
0.0,102987133.33333334,shutdown,0.0,0.0,0.0,0.0,0.0,0.0,0.01738401424241478,0,246,0.0,13.96,0.0,1.0,567.279923475184,1445.0192143513204,11210.616829606575,2545018854.5180926,2259509895.650967,362.89907080586624,1179588764.9081888,25103923.827343512,1154484841.0808454,0.3381619335327608,,1712723360.4352264,0.0,0.6740638142446279
0.0,102987133.33333334,shutdown,0.0,0.0,0.0,0.0,0.0,0.0,0.01738401424241478,1,246,0.0,13.74,0.0,1.0,567.279923475184,1445.0192141689283,11210.616829346593,2545018854.4590716,2259509895.598567,362.89907080586624,1179588764.8769794,25103923.743736997,1154484841.1332424,0.3381619335481085,,1714026975.2891297,0.0,0.6735511504645362
0.0,102987133.33333334,shutdown,0.0,0.0,0.0,0.0,0.0,0.0,0.01738401424241478,2,246,0.0,13.68,0.0,1.0,567.279923475184,1445.0192141584014,11210.616829414741,2545018854.4745426,2259509895.612303,362.89907080586624,1179588764.8640013,25103923.74449093,1154484841.1195104,0.33816193354408625,,1714382506.6129217,0.0,0.6734114683661862
0.0,102987133.33333334,shutdown,0.0,0.0,0.0,0.0,0.0,0.0,0.01738401424241478,3,246,0.0,13.57,0.0,1.0,567.279923475184,1445.0192143024508,11210.616829320286,2545018854.4530997,2259509895.593265,362.89907080586624,1179588764.8826869,25103923.744141873,1154484841.138545,0.3381619335496617,,1715034314.0398734,0.0,0.6731555349578294
0.0,102987133.33333334,shutdown,0.0,0.0,0.0,0.0,0.0,0.0,0.01738401424241478,4,246,0.0,13.46,0.0,1.0,567.279923475184,1445.0192143024658,11210.616829234345,2545018854.4335895,2259509895.5759435,362.89907080586624,1179588764.8999689,25103923.744101185,1154484841.1558676,0.33816193355473567,,1715686121.4668255,0.0,0.672899796012129
0.0,102987133.33333334,shutdown,0.0,0.0,0.0,0.0,0.0,0.0,0.01738401424241478,5,246,0.0,13.09,0.0,1.0,567.279923475184,1445.0192143444676,11210.61682958552,2545018854.513313,2259509895.6467233,362.89907080586624,1179588764.9131105,25103923.828024477,1154484841.085086,0.338161933534003,,1717878564.6302087,0.0,0.6720410073535092
0.0,102987133.33333334,shutdown,0.0,0.0,0.0,0.0,0.0,0.0,0.01738401424241478,6,246,0.0,12.77,0.0,1.0,567.279923475184,1445.0192142054775,11210.616829643057,2545018854.526375,2259509895.65832,362.89907080586624,1179588764.9003491,25103923.82685938,1154484841.0734897,0.33816193353060625,,1719774731.690432,0.0,0.6713000370337472
23119002.27526456,102987133.33333334,direct_plus_discharge,42540829.251303196,0.0,19421826.976038635,0.0,137.62344608578366,0.0,0.0,7,246,132.2236013593005,13.15,43039818.83079722,96.60634892168326,660.2526951090032,1445.019214302453,11210.616829320292,2545018854.453101,2308049330.4932485,365.05878888434756,1174089148.8135407,25597650.055449046,1148491498.7580917,0.3322181863518489,33.394932245223764,1717523033.3064167,24376812.647652578,0.6593326828897229
0.0,102987133.33333334,shutdown,0.0,0.0,0.0,0.0,0.0,0.0,0.0,8,246,8.503475011097073,14.47,0.0,1.0,567.279923475184,1445.0192143358504,11210.616829592786,2545018854.514962,2259509895.6481676,362.89907080586624,1179588764.9116268,25103923.82800568,1154484841.083621,0.3381619335335738,,1709701344.182995,0.0,0.6752552690044868
0.0,102987133.33333334,shutdown,0.0,0.0,0.0,0.0,0.0,0.0,0.0,9,246,0.0,15.75,0.0,1.0,567.279923475184,1445.0192142054782,11210.616829643108,2545018854.5263863,2259509895.65833,362.89907080586624,1179588764.9003515,25103923.826871533,1154484841.07348,0.33816193353060336,,1702116675.942102,0.0,0.6782642208910185
0.0,102987133.33333334,shutdown,0.0,0.0,0.0,0.0,0.0,0.0,0.0,10,246,0.0,15.87,0.0,1.0,567.279923475184,1445.0192143427091,11210.61682961389,2545018854.519753,2259509895.652441,362.89907080586624,1179588764.9067094,25103923.827340167,1154484841.0793693,0.33816193353232843,,1701405613.2945182,0.0,0.678547685547999
0.0,102987133.33333334,shutdown,0.0,0.0,0.0,0.0,0.0,0.0,0.0,11,246,0.0,15.98,0.0,1.0,567.279923475184,1445.0192141986463,11210.616829622155,2545018854.5216293,2259509895.654107,362.89907080586624,1179588764.9052856,25103923.827580754,1154484841.077705,0.33816193353184093,,1700753805.8675663,0.0,0.678807736366519
0.0,102987133.33333334,shutdown,0.0,0.0,0.0,0.0,0.0,0.0,0.0,12,246,3.453364712291276,16.25,0.0,1.0,567.279923475184,1445.0192143426948,11210.616829613775,2545018854.519727,2259509895.652418,362.89907080586624,1179588764.9067006,25103923.82730837,1154484841.0793922,0.33816193353233515,,1699153914.910503,0.0,0.6794468888006538
0.0,102987133.33333334,shutdown,0.0,0.0,0.0,0.0,0.0,0.0,0.0,13,246,18.977357622194443,17.5,0.0,1.0,567.279923475184,1445.0192143476313,11210.616829609626,2545018854.5187855,2259509895.651582,362.89907080586624,1179588764.9075518,25103923.827322144,1154484841.0802295,0.3381619335325804,,1691747012.3315053,0.0,0.6824216816491727
0.0,102987133.33333334,shutdown,0.0,0.0,0.0,0.0,0.0,0.0,0.0,14,246,22.20493702648952,18.15,0.0,1.0,567.279923475184,1445.019214158395,11210.61682932866,2545018854.455001,2259509895.5949526,362.89907080586624,1179588764.8812704,25103923.744412925,1154484841.1368575,0.3381619335491674,,1687895422.9904265,0.0,0.6839788919454909
0.0,102987133.33333334,shutdown,0.0,0.0,0.0,0.0,0.0,0.0,0.0,15,246,0.0,18.51,0.0,1.0,567.279923475184,1445.0192141602922,11210.616829439714,2545018854.4802117,2259509895.617336,362.89907080586624,1179588764.85821,25103923.74373416,1154484841.114476,0.3381619335426116,,1685762235.0476756,0.0,0.6848444087263739
0.0,102987133.33333334,shutdown,0.0,0.0,0.0,0.0,0.0,0.0,0.0,16,246,0.0,19.53,0.0,1.0,567.279923475184,1445.0192143061383,11210.616829231176,2545018854.4328704,2259509895.575305,362.89907080586624,1179588764.9005964,25103923.74409231,1154484841.1565042,0.33816193355492213,,1679718202.5432136,0.0,0.687308644633684
0.0,102987133.33333334,shutdown,0.0,0.0,0.0,0.0,0.0,0.0,0.0,17,246,0.0,19.92,0.0,1.0,567.279923475184,1445.0192142993076,11210.616829296301,2545018854.4476547,2259509895.588431,362.89907080586624,1179588764.888259,25103923.74487931,1154484841.1433797,0.3381619335510778,,1677407248.9385662,0.0,0.6882555454997094
38309965.35875819,102987133.33333334,direct_partial,38309965.35875819,0.0,0.0,0.0,0.0,0.0,0.0,18,246,175.60922881613288,19.69,38733879.90600344,160.08415227267588,665.5653012566316,1445.0192143476208,11210.61682960956,2545018854.51877,2304162362.5406747,364.78120514289,1173670177.9244761,25522575.10635779,1148147602.8181183,0.33253289791606394,37.08765995921378,1678770119.0131018,21691480.955430105,0.675197606837676
0.0,102987133.33333334,shutdown,0.0,0.0,0.0,0.0,0.0,0.0,0.0,19,246,0.0,16.74,0.0,1.0,567.279923475184,1445.0192141689445,11210.616829346678,2545018854.459091,2259509895.5985847,362.89907080586624,1179588764.876986,25103923.74376062,1154484841.1332254,0.33816193354810353,,1696250409.0995357,0.0,0.6806099116852036
0.0,102987133.33333334,shutdown,0.0,0.0,0.0,0.0,0.0,0.0,0.0,20,246,0.0,16.15,0.0,1.0,567.279923475184,1445.0192143358597,11210.61682959283,2545018854.514972,2259509895.648196,362.89907080586624,1179588764.9116328,25103923.828019142,1154484841.0836136,0.33816193353357166,,1699746467.1168227,0.0,0.6792100253880196
0.0,102987133.33333334,shutdown,0.0,0.0,0.0,0.0,0.0,0.0,0.0,21,246,0.0,15.96,0.0,1.0,567.279923475184,1445.0192143513043,11210.616829520452,2545018854.4985414,2259509895.633609,362.89907080586624,1179588764.925454,25103923.82725271,1154484841.0982013,0.3381619335378445,,1700872316.3088305,0.0,0.6787604395864477
0.0,102987133.33333334,shutdown,0.0,0.0,0.0,0.0,0.0,0.0,0.0,22,246,0.0,16.1,0.0,1.0,567.279923475184,1445.0192142005494,11210.61682973331,2545018854.5468636,2259509895.6765103,362.89907080586624,1179588764.8822296,25103923.82693003,1154484841.0552995,0.3381619335252781,,1700042743.2199826,0.0,0.6790916555831039
0.0,102987133.33333334,shutdown,0.0,0.0,0.0,0.0,0.0,0.0,0.0,23,246,0.0,15.99,0.0,1.0,567.279923475184,1445.0192143444644,11210.616829585544,2545018854.5133185,2259509895.646728,362.89907080586624,1179588764.9131098,25103923.828029558,1154484841.0850801,0.3381619335340012,,1700694550.646934,0.0,0.6788313872387731
0.0,102987133.33333334,shutdown,0.0,0.0,0.0,0.0,0.0,0.0,0.0,0,247,0.0,16.22,0.0,1.0,567.279923475184,1445.0192142005565,11210.616829647279,2545018854.5273333,2259509895.6591706,362.89907080586624,1179588764.8995056,25103923.826865714,1154484841.07264,0.33816193353035734,,1699331680.5723984,0.0,0.679375812427487
0.0,102987133.33333334,shutdown,0.0,0.0,0.0,0.0,0.0,0.0,0.0,1,247,0.0,16.37,0.0,1.0,567.279923475184,1445.0192143513095,11210.616829606526,2545018854.5180817,2259509895.650957,362.89907080586624,1179588764.9081833,25103923.82732917,1154484841.0808542,0.33816193353276336,,1698442852.2629192,0.0,0.6797313430608967
0.0,102987133.33333334,shutdown,0.0,0.0,0.0,0.0,0.0,0.0,0.0,2,247,0.0,16.58,0.0,1.0,567.279923475184,1445.0192142993062,11210.616829210232,2545018854.4281154,2259509895.5710835,362.89907080586624,1179588764.9055316,25103923.7448044,1154484841.1607273,0.33816193355615914,,1697198492.6296475,0.0,0.6802297115948783
0.0,102987133.33333334,shutdown,0.0,0.0,0.0,0.0,0.0,0.0,0.0,3,247,0.0,16.69,0.0,1.0,567.279923475184,1445.0192141639964,11210.616829436776,2545018854.479545,2259509895.616744,362.89907080586624,1179588764.8588562,25103923.743789528,1154484841.1150668,0.3381619335427846,,1696546685.2026958,0.0,0.6804910534938413
0.0,102987133.33333334,shutdown,0.0,0.0,0.0,0.0,0.0,0.0,0.0,4,247,0.0,16.45,0.0,1.0,567.279923475184,1445.0192142005435,11210.616829733259,2545018854.546852,2259509895.6765003,362.89907080586624,1179588764.882226,25103923.826915238,1154484841.0553107,0.3381619335252814,,1697968810.4978633,0.0,0.6799211115761326
0.0,102987133.33333334,shutdown,0.0,0.0,0.0,0.0,0.0,0.0,0.0,5,247,0.0,16.25,0.0,1.0,567.279923475184,1445.0192142956123,11210.616829213302,2545018854.4288125,2259509895.5717025,362.89907080586624,1179588764.904893,25103923.74478458,1154484841.1601083,0.33816193355597784,,1699153914.910503,0.0,0.6794468888481576
0.0,102987133.33333334,shutdown,0.0,0.0,0.0,0.0,0.0,0.0,0.0,6,247,0.0,16.05,0.0,1.0,567.279923475184,1445.019214351311,11210.616829606515,2545018854.5180793,2259509895.6509547,362.89907080586624,1179588764.9081829,25103923.827327393,1154484841.0808554,0.33816193353276375,,1700339019.3231425,0.0,0.6789733270606373
4177517.7178240307,102987133.33333334,charging_only,0.0,4177517.7178240307,0.0,29.601972312937665,0.0,0.0,0.0037391965026868632,7,247,75.72625445472606,16.48,0.0,17.456407913693322,583.8231531377685,1445.01921434639,11210.616829524688,2545018854.499503,2259509895.6344624,362.89907080586624,1179588764.924614,25147231.07140828,1154441533.8532057,0.33814924834598875,,1697791044.8359673,0.0,0.6799667941261538
27479933.325170096,102987133.33333334,direct_plus_discharge,31657451.042994127,0.0,4177517.717824031,0.0,29.60197231293767,0.0,0.0,8,247,149.59508427693285,17.12,32012285.179596283,114.82917798733573,664.3664049880291,1445.0192141973912,11210.616829709192,2545018854.5413885,2298095950.6364822,364.34824176651273,1173014995.1025841,25453494.69606697,1147561500.4065173,0.33301143624527435,44.83615192078128,1693998710.7155206,18025717.000778086,0.6702950506011592
210067935.02315915,102987133.33333334,charging,102987133.33333334,107080801.6898258,0.0,758.7766566123547,0.0,0.0,0.09584547241419217,9,247,770.6988346067691,18.97,105299817.4771945,877.8015584962161,665.935468372507,1445.019214306146,11210.616829317258,2545018854.452412,2364314725.818479,369.09017576623546,1180083752.1347091,27411344.619843528,1152672407.5148656,0.32752890270689056,13.746342400753871,1683036494.8986044,59108881.35448957,0.6616396215991843
228933538.1076306,102987133.33333334,charging,102987133.33333334,125946404.77429727,0.0,892.4586893158051,0.0,0.0,0.20857709632776755,10,247,912.9172483284459,20.68,105507276.71531545,956.6344169602859,665.9358893017694,1445.0192143073912,11210.616829230177,2545018854.4326434,2364502402.985329,369.10366019468535,1180103534.2059057,27618803.85790159,1152484730.348004,0.32745627149934314,13.717721618085038,1672903852.1705356,58954442.403042905,0.6654613336201223
205523720.23751172,102987133.33333334,charging,102987133.33333334,102536586.90417838,0.0,726.5762616996446,0.0,0.0,0.30035515043719635,11,247,889.3319263601412,22.4,105249846.14402315,858.8128498170782,665.9353667345471,1445.0192141986404,11210.616829708199,2545018854.541163,2364269519.7141366,369.08692777808517,1180078986.9893475,27361373.370145336,1152717613.6192021,0.3275463988105913,13.753253232904202,1662711954.2218354,58538718.33533051,0.6696976983060079
196262306.11762834,102987133.33333334,charging,102987133.33333334,93275172.784295,0.0,660.9496999771873,0.0,0.0,0.38384353359220946,12,247,875.8045464567972,23.67,105148001.21976249,820.1125896016567,665.9351592911365,1445.019214347624,11210.61682952359,2545018854.4992533,2364177386.6712646,369.08030821788,1180069275.1075616,27259528.445490103,1152809746.6620715,0.32758205857284184,13.76735830514584,1655186541.2015736,58281531.884712175,0.6727932459141998
11349271.940952934,102987133.33333334,direct_plus_discharge,102987133.33333334,0.0,91637861.39238042,0.0,649.3476794078147,0.0,0.30182066882490655,13,247,125.05659338851481,24.28,104266773.00068782,47.42469904541855,655.3049974106187,1445.019214204233,11210.616829730168,2545018854.5461507,2363380204.8834295,369.02303467217837,1179985228.6759977,26378300.22609397,1153606928.4499037,0.3278906924576405,13.890554983000005,1651571972.7430232,56942143.37610678,0.6752106509194719
0.0,102987133.33333334,discharging,102987133.33333334,0.0,102987133.33333334,0.0,729.7688425149536,0.0,0.20963934134933346,14,247,68.27270196124226,24.85,104287625.54810382,1.0,654.1499999999999,1445.01921434447,11210.61682958557,2545018854.5133243,2363399068.347018,369.0243898731901,1179987217.7609334,26399152.774621468,1153588064.986312,0.32788338753475216,13.88761572853419,1648194425.167,56779084.06169406,0.6766017528965472
15204004.977171876,102987133.33333334,direct_plus_discharge,102987133.33333334,0.0,87783128.35616148,0.0,622.0329656664317,0.0,0.13106675621252104,15,247,117.73562138631532,24.76,104260584.34322137,63.532300933383034,655.7129586484533,1445.0192143476281,11210.61682952357,2545018854.499249,2363374606.5018578,369.0226324738893,1179984638.4004216,26372111.568946525,1153612526.831475,0.32789286045644855,13.89142752698193,1648727722.152688,56891883.95073549,0.6763597948237489
0.0,102987133.33333334,discharging,102987133.33333334,0.0,102987133.33333334,0.0,729.7688425149536,0.0,0.038885428736947954,16,247,48.498458814897184,24.33,104287625.54810402,1.0,654.1499999999976,1445.0192142054818,11210.616829729175,2545018854.545925,2363399068.3760843,369.0243898731034,1179987217.7307768,26399152.77352952,1153588064.9572473,0.32788338752649115,13.88761572829044,1651275696.6398633,56861984.87234144,0.6753484086458313
121352152.41391939,102987133.33333334,charging,102987133.33333334,18365019.080586046,0.0,130.1348846542414,0.0,0.0,0.055323519430115285,17,247,418.49830211900684,23.63,104324237.28572041,507.08885439400854,665.9334665482635,1445.0192141583996,11210.616829328686,2545018854.4550066,2363432187.7923546,369.0267692671363,1179990709.9695969,26435764.4286178,1153554945.5409791,0.32787056216027194,13.882457991763284,1655423562.084102,57831083.3943291,0.6733120196611787
38164075.424466066,102987133.33333334,direct_plus_discharge,99972804.24243996,0.0,61808728.81797388,0.0,437.9778621550794,0.0,0.0,18,247,174.18807922837436,22.51,101171406.48790818,159.47452847799053,658.3526948184829,1445.019214306155,11210.616829317338,2545018854.4524302,2360580235.269323,368.8219032921743,1179689831.694589,26297262.721474715,1153392568.9731143,0.32811844305637894,14.310501722337596,1662060146.7948835,55736279.87927148,0.6714372850374422
0.0,102987133.33333334,shutdown,0.0,0.0,0.0,0.0,0.0,0.0,0.0,19,247,0.0,21.1,0.0,1.0,567.279923475184,1445.0192143476324,11210.616829609658,2545018854.5187926,2259509895.6515193,362.89907080586624,1179588764.9075477,25103923.827329654,1154484841.080218,0.33816193353257706,,1670415132.9039924,0.0,0.6911364835836724
0.0,102987133.33333334,shutdown,0.0,0.0,0.0,0.0,0.0,0.0,0.0,20,247,0.0,19.27,0.0,1.0,567.279923475184,1445.0192143395416,11210.616829503666,2545018854.4947305,2259509895.6302257,362.89907080586624,1179588764.9295387,25103923.82795369,1154484841.1015851,0.3381619335388357,,1681258838.279645,0.0,0.6866788235194745
0.0,102987133.33333334,shutdown,0.0,0.0,0.0,0.0,0.0,0.0,0.0,21,247,0.0,17.98,0.0,1.0,567.279923475184,1445.0192142054866,11210.616829729162,2545018854.5459223,2259509895.6756744,362.89907080586624,1179588764.8830812,25103923.82694467,1154484841.0561366,0.3381619335255233,,1688902761.7411702,0.0,0.6835709356445858
0.0,102987133.33333334,shutdown,0.0,0.0,0.0,0.0,0.0,0.0,0.0,22,247,0.0,17.91,0.0,1.0,567.279923475184,1445.019214346378,11210.616829524615,2545018854.4994864,2259509895.634448,362.89907080586624,1179588764.9246056,25103923.827244908,1154484841.0973606,0.3381619335375983,,1689317548.285594,0.0,0.6834030950954076
0.0,102987133.33333334,shutdown,0.0,0.0,0.0,0.0,0.0,0.0,0.0,23,247,0.0,17.27,0.0,1.0,567.279923475184,1445.0192142956216,11210.616829299415,2545018854.448362,2259509895.5890584,362.89907080586624,1179588764.8876255,25103923.74487229,1154484841.1427531,0.3381619335508943,,1693109882.406041,0.0,0.6818723658396821
0.0,102987133.33333334,shutdown,0.0,0.0,0.0,0.0,0.0,0.0,0.0,0,248,0.0,16.77,0.0,1.0,567.279923475184,1445.019214200543,11210.616829733262,2545018854.546853,2259509895.676501,362.89907080586624,1179588764.8822272,25103923.82691766,1154484841.0553095,0.33816193352528107,,1696072643.43764,0.0,0.6806812464797336
0.0,102987133.33333334,shutdown,0.0,0.0,0.0,0.0,0.0,0.0,0.0,1,248,0.0,16.18,0.0,1.0,567.279923475184,1445.0192143426987,11210.616829527773,2545018854.500203,2259509895.635084,362.89907080586624,1179588764.9239762,25103923.82725091,1154484841.0967252,0.3381619335374122,,1699568701.4549267,0.0,0.6792810670780305
0.0,102987133.33333334,shutdown,0.0,0.0,0.0,0.0,0.0,0.0,0.0,2,248,0.0,15.58,0.0,1.0,567.279923475184,1445.0192141973894,11210.616829709172,2545018854.541384,2259509895.671645,362.89907080586624,1179588764.887791,25103923.827626396,1154484841.0601645,0.3381619335267031,,1703124014.6928456,0.0,0.6778630511345195
0.0,102987133.33333334,shutdown,0.0,0.0,0.0,0.0,0.0,0.0,0.0,3,248,0.0,15.44,0.0,1.0,567.279923475184,1445.0192143476315,11210.616829523626,2545018854.499262,2259509895.6342483,362.89907080586624,1179588764.9248266,25103923.82726423,1154484841.0975623,0.3381619335376574,,1703953587.7816935,0.0,0.6775330322233355
0.0,102987133.33333334,shutdown,0.0,0.0,0.0,0.0,0.0,0.0,0.0,4,248,0.0,15.67,0.0,1.0,567.279923475184,1445.019214351341,11210.616829606724,2545018854.5181265,2259509895.650997,362.89907080586624,1179588764.9081998,25103923.827385902,1154484841.080814,0.3381619335327516,,1702590717.7071574,0.0,0.6780753759984866
0.0,102987133.33333334,shutdown,0.0,0.0,0.0,0.0,0.0,0.0,0.0,5,248,0.0,15.71,0.0,1.0,567.279923475184,1445.0192141973878,11210.6168297092,2545018854.5413904,2259509895.6716514,362.89907080586624,1179588764.8877923,25103923.827632803,1154484841.0601594,0.33816193352670165,,1702353696.82463,0.0,0.6781697852882156
0.0,102987133.33333334,shutdown,0.0,0.0,0.0,0.0,0.0,0.0,0.0,6,248,0.0,15.54,0.0,1.0,567.279923475184,1445.019214204231,11210.616829644145,2545018854.526622,2259509895.6585393,362.89907080586624,1179588764.9001365,25103923.826864786,1154484841.0732718,0.3381619335305424,,1703361035.5753732,0.0,0.6777687272171878
176186996.12270635,102987133.33333334,charging,102987133.33333334,73199862.78937301,0.0,518.6956604293043,0.0,0.0,0.0655194518437016,7,248,585.8840690171922,15.89,104927239.2065908,736.2247825505978,665.9347082512467,1445.019214302456,11210.61682932032,2545018854.453108,2363977677.4878907,369.0659597278401,1180048222.194695,27038766.349219494,1153009455.8454754,0.3276593624895306,13.79802685286677,1701287102.8532543,59384982.81945163,0.654868936259043
209600096.2508242,102987133.33333334,charging,102987133.33333334,106612962.91749087,0.0,755.4615419148182,0.0,0.0,0.1609461729276786,8,248,713.2728089619122,19.29,105294672.79803628,875.8466213782058,665.9354579130589,1445.0192143444642,11210.616829499468,2545018854.4937773,2364310071.7574425,369.08984137644853,1180083261.6003568,27406200.024451703,1152677061.575905,0.3275307039462718,13.74705358588485,1681140327.8383806,59055395.78227805,0.6623835732555647
210138682.42556697,102987133.33333334,charging,102987133.33333334,107151549.09223363,0.0,759.2779740905196,0.0,0.0,0.2568549696549022,9,248,772.2616443259543,21.38,105300595.46463194,878.0971875273027,665.9354699541144,1445.0192143476359,11210.616829609675,2545018854.5187964,2364315429.678599,369.09022633306915,1180083826.3451784,27412122.69044313,1152671703.6547353,0.32752863030233853,13.746234859596498,1668755986.7262974,58728238.5599381,0.6672545466884037
200672643.2819959,102987133.33333334,charging,102987133.33333334,97685509.94866255,0.0,692.2014354451893,0.0,0.0,0.3442909404479787,10,248,811.6308244538216,23.08,105196500.34189093,838.5418698054576,665.9352581268348,1445.0192142005667,11210.616829733392,2545018854.5468826,2364221260.928311,369.08346047989755,1180073899.9723449,27308027.567319494,1152765872.4050255,0.3275650769410103,13.760637985233112,1658682599.2188609,58401622.137164414,0.6713508039195986
183656346.00356305,102987133.33333334,charging,102987133.33333334,80669212.6702297,0.0,571.6236198788537,0.0,0.0,0.41649602927478124,11,248,807.4376375937842,24.51,105009377.35126616,767.4366234517171,665.9348762891289,1445.0192143407846,11210.616829502598,2545018854.4944882,2364051982.436577,369.07129827820586,1180056055.4744525,27120904.577696018,1152935150.8967564,0.32763059920134757,13.78660105388217,1650209102.6684875,58072218.21559267,0.6749094173201416
176553150.74143732,102987133.33333334,charging,102987133.33333334,73566017.40810397,0.0,521.2902392241907,0.0,0.0,0.48234321738731056,12,248,801.3224736777348,25.57,104931265.6963825,737.7548166080904,665.9347164947418,1445.019214311072,11210.616829313092,2545018854.451467,2363981319.9791117,369.06622142749956,1180048606.1932602,27042792.839039177,1153005813.354221,0.32765795245677976,13.797466332527662,1643928049.281498,57861985.61167186,0.6775253055390004
131958154.79190783,102987133.33333334,charging,102987133.33333334,28971021.45857449,0.0,205.28922509057557,0.0,0.0,0.5082744879250675,13,248,599.2950070898524,26.38,104440868.23374788,551.4076858986189,665.9337078309974,1445.0192142042254,11210.61682964411,2545018854.5266137,2363537694.1263795,369.0343491682353,1180001834.6660335,26552395.459080055,1153449439.2069535,0.32782970707874465,13.866051522593908,1639128376.4103074,57464460.68119066,0.6798622592232172
206850474.17963523,102987133.33333334,charging,102987133.33333334,103863340.84630188,0.0,735.9776661014141,0.0,0.0,0.6012400878536671,14,248,828.7357766802942,26.51,105264436.04928708,864.3568976414168,665.9353964192774,1445.019214295616,11210.616829299377,2545018854.448353,2364282718.269844,369.08787607685883,1180080378.2561152,27375963.1926357,1152704415.0634794,0.32754129051964653,13.75123483078274,1638358058.5420916,57897167.2779642,0.6795583574436469
26922229.100907728,102987133.33333334,direct_plus_discharge,102987133.33333334,0.0,76064904.23242562,0.0,538.9974001707789,0.0,0.5331562057268319,15,248,156.43752851485604,26.08,104241771.08827451,112.49872409305881,656.9767334312412,1445.0192141652544,11210.616829435758,2545018854.479314,2363357587.7766566,369.0214098096335,1179982843.7872303,26353298.23059256,1153629545.5566378,0.3278994510942303,13.89408065864083,1640906033.0292668,56763278.204920456,0.679537256120841
57683297.09897459,102987133.33333334,direct_plus_discharge,102987133.33333334,0.0,45303836.23435875,0.0,321.02387026568687,0.0,0.4926058221143241,16,248,238.48782075489933,25.73,104192385.12270674,241.03863394048173,660.4730899527593,1445.0192143061358,11210.616829231161,2545018854.4328666,2363312912.617605,369.01820025219945,1179978132.980999,26303912.265268534,1153674220.7157304,0.32791675224875255,13.901049852158344,1642979965.751386,57042818.336114466,0.6786227993614647
112982810.34647861,102987133.33333334,charging,102987133.33333334,9995677.013145268,0.0,70.82956295546644,0.0,0.0,0.5015527142771199,17,248,393.5685512267453,24.62,104232202.2036134,472.1162560791943,665.9332757684062,1445.019214339542,11210.616829589704,2545018854.5142627,2363348931.678157,369.02078793336824,1179981931.0852878,26343729.43011173,1153638201.6551762,0.32790280326938204,13.895430473762904,1649557295.2415357,57625096.08722844,0.6757556822954671
0.0,102987133.33333334,discharging,102987133.33333334,0.0,102987133.33333334,0.0,729.7688425149536,0.0,0.4093713868015468,18,248,0.0,23.37,104287625.54810615,1.0,654.15,1445.0192142091587,11210.61682963998,2545018854.5256763,2363399068.3580303,369.0243898731575,1179987217.7487602,26399152.773457427,1153588064.9753027,0.32788338753162277,13.887615728441592,1656964197.820533,57015032.52276879,0.673046700072465
0.0,102987133.33333334,discharging,102987133.33333334,0.0,102987133.33333334,0.0,729.7688425149536,0.0,0.3171900593259737,19,248,0.0,22.6,104287625.54810615,1.0,654.15,1445.0192142091805,11210.61682972618,2545018854.545245,2363399068.3754797,369.0243898731053,1179987217.7314224,26399152.77356811,1153588064.9578543,0.32788338752666346,13.887615728295252,1661526849.8091955,57137789.49238132,0.6712118458587966
0.0,102987133.33333334,discharging,102987133.33333334,0.0,102987133.33333334,0.0,729.7688425149536,0.0,0.22500873185040063,20,248,0.0,21.32,104287625.54810615,1.0,654.15,1445.0192143395384,11210.616829589706,2545018854.514263,2363399068.3478565,369.02438987318783,1179987217.7600813,26399152.774605043,1153588064.9854763,0.3278833875345144,13.887615728526876,1669111518.0500891,57341853.02628269,0.6681837368513822
0.0,102987133.33333334,discharging,102987133.33333334,0.0,102987133.33333334,0.0,729.7688425149536,0.0,0.13282740437482754,21,248,0.0,20.15,104287625.54810615,1.0,654.15,1445.0192143426887,11210.61682952768,2545018854.500182,2363399068.3353024,369.02438987322535,1179987217.7718377,26399152.773807928,1153588064.9980297,0.3278833875380825,13.88761572863214,1676044378.864031,57528379.85023941,0.6654396587620615
0.0,102987133.33333334,discharging,102987133.33333334,0.0,102987133.33333334,0.0,729.7688425149536,0.0,0.040646076899254466,22,248,0.0,19.3,104287625.54810615,1.0,654.15,1445.0192143513134,11210.616829606524,2545018854.518081,2363399068.351261,369.0243898731776,1179987217.7559862,26399152.7739129,1153588064.9820733,0.3278833875335472,13.887615728498343,1681081072.617749,57663890.790720776,0.6634601906887422
0.0,102987133.33333334,discharging,45410747.01066422,0.0,45410747.01066422,0.0,321.78144211909785,0.0,0.0,23,248,0.0,18.83,45985652.25386629,1.0,654.15,1445.0192142023377,11210.616829619117,2545018854.52094,2310708868.7016892,365.2487911905795,1174375444.1115928,25673565.802620437,1148701878.3089724,0.3319961392211836,31.266458951092396,1683866067.9874523,25459946.001349475,0.6720203570929202
0.0,102987133.33333334,shutdown,0.0,0.0,0.0,0.0,0.0,0.0,0.0,0,249,0.0,18.44,0.0,1.0,567.279923475184,1445.0192143024622,11210.61682932036,2545018854.4531164,2259509895.5932655,362.89907080586624,1179588764.8826911,25103923.7441624,1154484841.1385288,0.33816193354965696,,1686177021.5920994,0.0,0.6846759422972427
0.0,102987133.33333334,shutdown,0.0,0.0,0.0,0.0,0.0,0.0,0.0,1,249,0.0,17.78,0.0,1.0,567.279923475184,1445.0192143110808,11210.61682931316,2545018854.451482,2259509895.591829,362.89907080586624,1179588764.8841808,25103923.744197547,1154484841.1399832,0.33816193355008295,,1690087866.1538103,0.0,0.683091609767771
0.0,102987133.33333334,shutdown,0.0,0.0,0.0,0.0,0.0,0.0,0.0,2,249,0.0,17.3,0.0,1.0,567.279923475184,1445.0192141936986,11210.616829626231,2545018854.522555,2259509895.6549287,362.89907080586624,1179588764.9044287,25103923.82754602,1154484841.0768826,0.33816193353160007,,1692932116.744145,0.0,0.681943965536665
0.0,102987133.33333334,shutdown,0.0,0.0,0.0,0.0,0.0,0.0,0.0,3,249,0.0,16.96,0.0,1.0,567.279923475184,1445.0192143073805,11210.616829316146,2545018854.45216,2259509895.5924306,362.89907080586624,1179588764.8835368,25103923.744156744,1154484841.13938,0.33816193354990626,,1694946794.2456324,0.0,0.681133381330241
0.0,102987133.33333334,shutdown,0.0,0.0,0.0,0.0,0.0,0.0,0.0,4,249,0.0,16.54,0.0,1.0,567.279923475184,1445.0192141603218,11210.61682935386,2545018854.4607215,2259509895.600032,362.89907080586624,1179588764.8754992,25103923.74371996,1154484841.1317792,0.3381619335476799,,1697435513.5121753,0.0,0.6801347279125949
0.0,102987133.33333334,shutdown,0.0,0.0,0.0,0.0,0.0,0.0,0.0,5,249,0.0,16.4,0.0,1.0,567.279923475184,1445.0192143395536,11210.616829589817,2545018854.5142884,2259509895.647589,362.89907080586624,1179588764.912274,25103923.828053094,1154484841.084221,0.3381619335337495,,1698265086.6010232,0.0,0.6798024938467373
0.0,102987133.33333334,shutdown,0.0,0.0,0.0,0.0,0.0,0.0,0.0,6,249,0.0,16.34,0.0,1.0,567.279923475184,1445.0192143024635,11210.616829320345,2545018854.453113,2259509895.593277,362.89907080586624,1179588764.8826923,25103923.744159527,1154484841.1385329,0.3381619335496581,,1698620617.9248152,0.0,0.6796602072032738
176946402.035929,102987133.33333334,charging,102987133.33333334,73959268.70259565,0.0,524.0768255938669,0.0,0.0,0.06619917796975161,7,249,587.629847332103,17.41,104935590.15998863,739.3980783421929,665.9347253475803,1445.0192141652467,11210.61682934971,2545018854.4597797,2363985232.036534,369.0665024939261,1180049018.599027,27047117.30219733,1153001901.2968297,0.32765643807774514,13.796864379617785,1692280309.317193,59150194.20999938,0.6583200983280856
207104754.76383978,102987133.33333334,charging,102987133.33333334,104117621.43050644,0.0,737.7795032979925,0.0,0.0,0.15939237838634016,8,249,706.5199267041967,19.26,105267232.29471903,865.4194486351895,665.9354021076014,1445.0192141571567,11210.61682941581,2545018854.474786,2364285247.8946753,369.0880578242335,1180080644.8763502,27378759.437692072,1152701885.438658,0.32754031147758134,13.750848055103473,1681318093.500277,59044743.900378965,0.6623342332224771
179256262.95090938,102987133.33333334,charging,102987133.33333334,76269129.61757603,0.0,540.4445452471547,0.0,0.0,0.22765905778598072,9,249,670.1345363535861,20.91,104960990.99045451,749.0501916495176,665.9347773322714,1445.019214342699,11210.616829527762,2545018854.5002007,2364008210.4982524,369.068153411426,1180051441.0512612,27072518.21617982,1152978922.8350813,0.3276475430637159,13.793329658174729,1671540982.096,58612864.925771005,0.6664025426523663
145523107.69748932,102987133.33333334,charging,102987133.33333334,42535974.36415598,0.0,301.41074687947275,0.0,0.0,0.26573199423391414,10,249,611.2714248110058,22.64,104590037.85119103,608.0909526719819,665.9340156462303,1445.0192143061452,11210.616829317247,2545018854.4524097,2363672635.9210067,369.04404391905337,1180016062.406163,26701564.993836533,1153314497.4123263,0.32777745773322814,13.845121157787473,1661289828.9266677,58133952.759964,0.67075639507615
113156129.16169456,102987133.33333334,charging,102987133.33333334,10168995.828361213,0.0,72.05770347236793,0.0,0.0,0.2748340199356869,11,249,531.4030375555697,24.23,104234108.13734877,472.84049572146284,665.9332797226319,1445.0192143395348,11210.61682958965,2545018854.5142503,2363350655.8088136,369.02091179882433,1179982112.888351,26345635.363832306,1153636477.5245187,0.3279021355788305,13.8951615973097,1651868248.8461826,57687194.1720407,0.6748166502794267
49170230.5715466,102987133.33333334,direct_plus_discharge,102987133.33333334,0.0,53816902.761786744,0.0,381.34762630097725,0.0,0.22666379345556345,12,249,285.1990143480154,25.25,104206052.59389573,205.4654606023689,659.4784462774596,1445.01921420055,11210.616829647231,2545018854.5273223,2363325276.44779,369.0190884890483,1179979436.7047684,26317579.819227904,1153661856.8855405,0.3279119641201717,13.899120479653106,1645824216.341721,57055025.491281405,0.6774771977628449
85966681.88887283,102987133.33333334,direct_plus_discharge,102987133.33333334,0.0,17020451.44446051,0.0,120.60725206811513,0.0,0.21142919319432785,13,249,421.6530248249281,26.01,104146977.00265852,359.225158911005,663.9377641704311,1445.0192143110805,11210.616829313143,2545018854.451478,2363271835.9843354,369.0152492276658,1179973801.4943285,26258504.145326264,1153715297.3490021,0.32793266025853424,13.907463535251956,1641320819.5736904,57219973.717878506,0.6792390868124161
172314615.60490224,102987133.33333334,charging,102987133.33333334,69327482.2715689,0.0,491.2558962880035,0.0,0.0,0.2734825695675493,14,249,707.1041144961747,26.42,104884655.82834911,720.0434379144251,665.9346210309767,1445.0192142956075,11210.616829213275,2545018854.4288063,2363939155.195662,369.063192050153,1180044161.109274,26996182.971602347,1153047978.1376715,0.32767427492341117,13.803957441791503,1638891355.527779,57702401.964066245,0.6796252627041824
210508439.05748016,102987133.33333334,charging,102987133.33333334,107521305.72414681,0.0,761.8980768213155,0.0,0.0,0.3697223266397155,15,249,771.6709619714442,26.48,105304661.56466728,879.6422731574434,665.9354782199015,1445.019214209165,11210.616829726066,2545018854.5452194,2364319108.071662,369.09049061822463,1180084214.051769,27416188.790085897,1152668025.2616832,0.32752720668099594,13.745672831052511,1638535824.2039876,57924041.70497243,0.6794549334322659
221105441.3856211,102987133.33333334,charging,102987133.33333334,118118308.05228776,0.0,836.9886427282769,0.0,0.0,0.47544720782644523,16,249,746.2420653095854,25.94,105421193.54189697,923.9234965531277,665.9357148419684,1445.019214347623,11210.616829609617,2545018854.518783,2364424528.1059465,369.0980649250918,1180095325.9950793,27532720.76769545,1152562605.2273839,0.32748640808958157,13.729583859810095,1641735606.1181142,58073643.20976263,0.678054084999902
84595988.2910146,102987133.33333334,direct_plus_discharge,102987133.33333334,0.0,18391145.042318746,0.0,130.32001373042954,0.0,0.45898573240786467,17,249,309.50669028099657,24.64,104149177.6098285,353.4975023969916,663.7639157968346,1445.0192142023113,11210.61682961892,2545018854.5208955,2363273826.7366004,369.01539224220534,1179974011.4325914,26260704.83585888,1153713306.5967326,0.3279318892840542,13.907152580404086,1649438784.8002717,57423854.24964181,0.6759262756134383
27580968.218341168,102987133.33333334,direct_plus_discharge,102987133.33333334,0.0,75406165.11499217,0.0,534.3295618914786,0.0,0.3914914719584147,18,249,142.6438189631656,23.12,104240713.50255384,115.25136801209267,657.0488513447134,1445.0192143476258,11210.616829609624,2545018854.518785,2363356631.1067905,369.02134107762294,1179982742.9548929,26352240.728351567,1153630502.2265413,0.3278998215781701,13.89422983236039,1658445578.3363326,57237517.12500018,0.6724030243570942
0.0,102987133.33333334,discharging,102987133.33333334,0.0,102987133.33333334,0.0,729.7688425149536,0.0,0.2993101444828416,19,249,0.0,21.73,104287625.54810615,1.0,654.15,1445.0192143513107,11210.61682952046,2545018854.4985433,2363399068.333842,369.02438987322955,1179987217.7733312,26399152.773839317,1153588064.999492,0.3278833875384981,13.887615728644397,1666682054.0041778,57276488.925579906,0.6691506995516509
0.0,102987133.33333334,discharging,102987133.33333334,0.0,102987133.33333334,0.0,729.7688425149536,0.0,0.20712881700726854,20,249,0.0,20.61,104287625.54810615,1.0,654.15,1445.0192141986208,11210.616829708051,2545018854.5411296,2363399068.371814,369.02438987311643,1179987217.7357092,26399152.774190832,1153588064.9615183,0.32788338752770485,13.887615728325935,1673318638.7149594,57455044.5177436,0.6665158340094879
0.0,102987133.33333334,discharging,102987133.33333334,0.0,102987133.33333334,0.0,729.7688425149536,0.0,0.11494748953169545,21,249,0.0,20.0,104287625.54810615,1.0,654.15,1445.0192141652458,11210.616829435732,2545018854.479308,2363399068.3166885,369.02438987328094,1179987217.707022,26399152.690378018,1153588065.016644,0.3278833875433732,13.887615728788266,1676933207.1735103,57552293.545618474,0.6650894830417199
0.0,102987133.33333334,discharging,102987133.33333334,0.0,102987133.33333334,0.0,729.7688425149536,0.0,0.022766162056122367,22,249,0.0,19.19,104287625.54810615,1.0,654.15,1445.0192143073903,11210.616829230159,2545018854.432639,2363399068.275082,369.0243898734052,1179987217.748939,26399152.690686766,1153588065.0582523,0.3278833875551995,13.887615729137153,1681732880.0447009,57681427.500665426,0.6632048845718519
0.0,102987133.33333334,shutdown,0.0,0.0,0.0,0.0,0.0,0.0,0.022766162056122367,23,249,0.0,18.42,0.0,1.0,567.279923475184,1445.0192143407785,11210.616829588591,2545018854.51401,2259509895.6473045,362.89907080586624,1179588764.9124691,25103923.8280062,1154484841.084463,0.3381619335338204,,1686295532.0333633,0.0,0.6846278242179564
0.0,102987133.33333334,shutdown,0.0,0.0,0.0,0.0,0.0,0.0,0.022766162056122367,0,250,0.0,17.93,0.0,1.0,567.279923475184,1445.0192143426991,11210.616829527731,2545018854.5001936,2259509895.635076,362.89907080586624,1179588764.9239755,25103923.827241186,1154484841.0967343,0.33816193353741486,,1689199037.84433,0.0,0.6834510411336897
0.0,102987133.33333334,shutdown,0.0,0.0,0.0,0.0,0.0,0.0,0.022766162056122367,1,250,0.0,17.63,0.0,1.0,567.279923475184,1445.0192141603104,11210.616829439818,2545018854.4802356,2259509895.617357,362.89907080586624,1179588764.8582182,25103923.743765503,1154484841.1144526,0.33816193354260476,,1690976694.4632895,0.0,0.6827325562170934
0.0,102987133.33333334,shutdown,0.0,0.0,0.0,0.0,0.0,0.0,0.022766162056122367,2,250,0.0,17.35,0.0,1.0,567.279923475184,1445.0192143395402,11210.616829589708,2545018854.5142636,2259509895.6475673,362.89907080586624,1179588764.912265,25103923.82802263,1154484841.0842423,0.3381619335337558,,1692635840.640985,0.0,0.6820633318546829
0.0,102987133.33333334,shutdown,0.0,0.0,0.0,0.0,0.0,0.0,0.022766162056122367,3,250,0.0,16.95,0.0,1.0,567.279923475184,1445.0192143024522,11210.616829234266,2545018854.433572,2259509895.5759277,362.89907080586624,1179588764.899962,25103923.744078886,1154484841.155883,0.3381619335547402,,1695006049.4662642,0.0,0.6811095697973559
0.0,102987133.33333334,shutdown,0.0,0.0,0.0,0.0,0.0,0.0,0.022766162056122367,4,250,0.0,16.5,0.0,1.0,567.279923475184,1445.0192142042242,11210.61682973015,2545018854.5461464,2259509895.6758738,362.89907080586624,1179588764.8828595,25103923.8269227,1154484841.0559368,0.3381619335254648,,1697672534.3947034,0.0,0.6800397707250194
0.0,102987133.33333334,shutdown,0.0,0.0,0.0,0.0,0.0,0.0,0.022766162056122367,5,250,0.0,16.49,0.0,1.0,567.279923475184,1445.0192143358443,11210.616829506707,2545018854.495421,2259509895.6308384,362.89907080586624,1179588764.928898,25103923.827927236,1154484841.1009707,0.33816193353865576,,1697731789.6153352,0.0,0.6800160356086334
0.0,102987133.33333334,shutdown,0.0,0.0,0.0,0.0,0.0,0.0,0.022766162056122367,6,250,0.0,16.41,0.0,1.0,567.279923475184,1445.0192142054807,11210.616829729115,2545018854.545912,2259509895.675665,362.89907080586624,1179588764.8830774,25103923.826931864,1154484841.0561454,0.3381619335255259,,1698205831.3803911,0.0,0.6798262140683614
0.0,102987133.33333334,shutdown,0.0,0.0,0.0,0.0,0.0,0.0,0.022766162056122367,7,250,3.709306551524163,17.31,0.0,1.0,567.279923475184,1445.0192143110694,11210.61682931307,2545018854.451462,2259509895.5918107,362.89907080586624,1179588764.8841743,25103923.74417304,1154484841.1400013,0.3381619335500883,,1692872861.5235128,0.0,0.6819678354941637
44521262.671603106,102987133.33333334,direct_plus_discharge,69956150.96591027,0.0,25434888.29430716,0.0,180.2321162776354,0.0,0.0,8,250,202.0181259795036,18.77,70766272.19958396,186.03902473285186,661.4056762244891,1445.0192143444774,11210.61682949954,2545018854.493794,2333091742.4651775,366.8501495872779,1176773190.2942493,25908781.793457143,1150864408.5007923,0.33025583887276516,20.38215014086997,1684221599.311244,39532657.30467498,0.6676499298456693
168091225.48881412,102987133.33333334,charging,102987133.33333334,65104092.15548077,0.0,461.3288712631293,0.0,0.0,0.05827312058060581,9,250,634.460469700664,20.69,104838212.50548582,702.3953450456293,665.9345258240722,1445.0192142042256,11210.61682973015,2545018854.5461464,2363897141.261825,369.0601735127675,1180039731.8023944,26949739.730846647,1153089992.0715477,0.3276905394438478,13.810431095802164,1672844596.949904,58578919.484913036,0.6659780123847926
185343516.3057671,102987133.33333334,charging,102987133.33333334,82356382.97243375,0.0,583.5789416624006,0.0,0.0,0.13198835531690903,10,250,762.9193484088886,22.67,105027930.644469,774.4867271267971,665.9349142090699,1445.0192141640011,11210.616829350764,2545018854.4600186,2364068766.362298,369.07250415231715,1180057824.7577114,27139457.786675394,1152918366.971036,0.32762410236394246,13.784022678370164,1661112063.2647717,58372676.83464606,0.6705022383067942
184272827.8101555,102987133.33333334,charging,102987133.33333334,81285694.47682217,0.0,575.9920220264537,0.0,0.0,0.2047452423097242,11,250,821.7368120358894,24.29,105016156.61219807,770.0126886210697,665.9348901463957,1445.019214340781,11210.61682958863,2545018854.5140185,2364058115.20883,369.0717388969217,1180056701.9631953,27127683.838690516,1152929018.1245048,0.32762822528056945,13.785658825247314,1651512717.522391,58110661.66829233,0.6743760246600562
128815663.75312987,102987133.33333334,charging,102987133.33333334,25828530.419796523,0.0,183.02147208341083,0.0,3.725290298461914e-09,0.22786374404657614,12,250,617.096968637187,25.36,104406311.22574854,538.2762980402312,665.9336363965352,1445.019214302452,11210.616829320275,2545018854.4530973,2363506433.182905,369.03210328147907,1179998538.5187943,26517838.36836507,1153480700.1504292,0.3278418119221079,13.870908834882904,1645172408.9147692,57605359.50833151,0.677411181623917
180882411.741987,102987133.33333334,charging,102987133.33333334,77895278.40865363,0.0,551.9674674085165,0.0,1.4901161193847656e-08,0.29758595045607295,13,250,807.2570808360089,25.95,104978873.24885674,755.8453074438311,665.9348139145881,1445.019214307391,11210.61682923014,2545018854.4326353,2364024387.3276653,369.0693156652351,1180053146.3971026,27090400.391432516,1152962746.00567,0.32764128104617196,13.790842230511295,1641676350.8974826,57828340.89545996,0.6784110403304142
194714637.29918444,102987133.33333334,charging,102987133.33333334,91727503.9658511,0.0,649.9828884379566,0.0,0.0,0.379689052153499,14,250,796.2631425911969,26.4,105130981.98149386,813.6454145865061,665.9351245862948,1445.019214197387,11210.616829709155,2545018854.5413804,2364161990.4522753,369.07920203480637,1180067652.0886502,27242509.207592294,1152825142.881058,0.3275880178327276,13.769718058556576,1639009865.9690435,57841111.707538046,0.6793909176747903
205122218.39443982,102987133.33333334,charging,102987133.33333334,102135085.06110647,0.0,723.7312117812451,0.0,0.0,0.4711077315363932,15,250,757.9933990448541,26.54,105245430.95166652,857.1351118817347,665.9353577497445,1445.0192143463744,11210.616829524593,2545018854.499481,2364265525.5105467,369.08664080471533,1180078566.0001683,27356958.17738166,1152721607.8227866,0.3275479447055985,13.75386415188627,1638180292.8801954,57881970.166996926,0.67964580837485
138741846.26218867,102987133.33333334,charging,102987133.33333334,35754712.92885533,0.0,253.3585956227399,0.0,0.0,0.5031109225624235,16,250,490.9257685093313,26.23,104515466.40359682,579.7543964250442,665.9338618757793,1445.019214342688,11210.616829613733,2545018854.5197177,2363605177.0565553,369.0391973915014,1180008949.906147,26626993.629415665,1153381956.2767313,0.3278035771875248,13.855576998566445,1640017204.7197871,57529058.10807527,0.6794406618146397
155093085.48895675,102987133.33333334,charging,102987133.33333334,52105952.155623406,0.0,369.22379681813493,0.0,0.0,0.5497497179499774,17,250,519.3029172133828,25.45,104695275.95529832,648.0805942096024,665.9342322811293,1445.0192141986345,11210.616829708151,2545018854.5411525,2363767836.912072,369.0508835946858,1180026099.6026719,26806803.181411162,1153219296.4212606,0.3277405987104611,13.830390807476212,1644639111.9290814,57750686.107190646,0.6774120108987457
10558392.33856216,102987133.33333334,direct_plus_discharge,102987133.33333334,0.0,92428740.99477118,0.0,654.9518677498412,0.0,0.4670189557078922,18,250,92.47750579476514,23.59,104268042.73400292,44.11988554551457,655.2217612055982,1445.0192143513173,11210.616829520563,2545018854.498566,2363381353.4583545,369.02311719180847,1179985349.8347428,26379569.959761966,1153605779.874981,0.32789024766246294,13.890375975470759,1655660582.9666295,57046627.27924457,0.6735569121060515
0.0,102987133.33333334,discharging,102987133.33333334,0.0,102987133.33333334,0.0,729.7688425149536,0.0,0.3748376282323191,19,250,0.0,22.85,104287625.54810487,1.0,654.1499999999985,1445.0192142091514,11210.616829725926,2545018854.5451875,2363399068.3754263,369.0243898731053,1179987217.7314062,26399152.77349812,1153588064.9579082,0.3278833875266789,13.887615728295883,1660045469.293396,57097933.3334154,0.6718064799906631
0.0,102987133.33333334,discharging,102987133.33333334,0.0,102987133.33333334,0.0,729.7688425149536,0.0,0.282656300756746,20,250,0.0,21.81,104287625.54810615,1.0,654.15,1445.0192143358545,11210.61682950677,2545018854.4954348,2363399068.3310747,369.02438987323785,1179987217.7767868,26399152.774528194,1153588065.0022585,0.3278833875392844,13.887615728667551,1666208012.2391222,57263734.954711065,0.6693397016113188
0.0,102987133.33333334,discharging,102987133.33333334,0.0,102987133.33333334,0.0,729.7688425149536,0.0,0.19047497328117294,21,250,0.0,20.82,104287625.54810615,1.0,654.15,1445.019214302465,11210.616829320355,2545018854.4531155,2363399068.293337,369.02438987335063,1179987217.7307422,26399152.690745033,1153588065.039997,0.32788338755001084,13.887615728984088,1672074279.081688,57421565.34421291,0.6670082895879555
0.0,102987133.33333334,discharging,102987133.33333334,0.0,102987133.33333334,0.0,729.7688425149536,0.0,0.09829364580559985,22,250,0.0,19.87,104287625.54810615,1.0,654.15,1445.0192141603231,11210.616829439952,2545018854.480266,2363399068.317546,369.02438987327827,1179987217.706173,26399152.690385226,1153588065.0157876,0.3278833875431298,13.887615728781055,1677703525.041726,57573018.748280324,0.6647862953856584
0.0,102987133.33333334,discharging,102987133.33333334,0.0,102987133.33333334,0.0,729.7688425149536,0.0,0.006112318330026771,23,250,0.0,19.03,104287625.54810615,1.0,654.15,1445.0192142023132,11210.616829618966,2545018854.5209055,2363399068.3537784,369.0243898731701,1179987217.7537038,26399152.774147447,1153588064.9795563,0.3278833875328318,13.887615728477241,1682680963.5748127,57706935.44240311,0.6628338806716474
0.0,102987133.33333334,shutdown,0.0,0.0,0.0,0.0,0.0,0.0,0.006112318330026771,0,251,0.0,18.55,0.0,1.0,567.279923475184,1445.0192143476306,11210.616829609662,2545018854.5187936,2259509895.651583,362.89907080586624,1179588764.9075515,25103923.82733053,1154484841.080221,0.3381619335325779,,1685525214.1651475,0.0,0.6849407124722517
0.0,102987133.33333334,shutdown,0.0,0.0,0.0,0.0,0.0,0.0,0.006112318330026771,1,251,0.0,18.24,0.0,1.0,567.279923475184,1445.019214351311,11210.616829520482,2545018854.498548,2259509895.633615,362.89907080586624,1179588764.9254572,25103923.827261318,1154484841.098196,0.338161933537843,,1687362126.004739,0.0,0.6841950659588015
0.0,102987133.33333334,shutdown,0.0,0.0,0.0,0.0,0.0,0.0,0.006112318330026771,2,251,0.0,17.95,0.0,1.0,567.279923475184,1445.0192143395443,11210.616829589719,2545018854.514266,2259509895.6475697,362.89907080586624,1179588764.9122665,25103923.8280255,1154484841.084241,0.3381619335337554,,1689080527.4030662,0.0,0.6834989938929925
0.0,102987133.33333334,shutdown,0.0,0.0,0.0,0.0,0.0,0.0,0.006112318330026771,3,251,0.0,17.27,0.0,1.0,567.279923475184,1445.019214165251,11210.616829435743,2545018854.4793105,2259509895.6165357,362.89907080586624,1179588764.8590722,25103923.743798476,1154484841.1152737,0.33816193354284524,,1693109882.406041,0.0,0.681872365823452
0.0,102987133.33333334,shutdown,0.0,0.0,0.0,0.0,0.0,0.0,0.006112318330026771,4,251,0.0,16.6,0.0,1.0,567.279923475184,1445.0192143110773,11210.616829227076,2545018854.431939,2259509895.5744786,362.89907080586624,1179588764.9014492,25103923.744118,1154484841.1573312,0.3381619335551644,,1697079982.1883836,0.0,0.6802772133748368
0.0,102987133.33333334,shutdown,0.0,0.0,0.0,0.0,0.0,0.0,0.006112318330026771,5,251,0.0,16.0,0.0,1.0,567.279923475184,1445.0192142956241,11210.61682929943,2545018854.4483647,2259509895.5890617,362.89907080586624,1179588764.887627,25103923.74487737,1154484841.1427495,0.33816193355089325,,1700635295.4263024,0.0,0.678855039788735
0.0,102987133.33333334,shutdown,0.0,0.0,0.0,0.0,0.0,0.0,0.006112318330026771,6,251,0.0,15.65,0.0,1.0,567.279923475184,1445.0192142005494,11210.616829647264,2545018854.52733,2259509895.659168,362.89907080586624,1179588764.899503,25103923.82686152,1154484841.0726414,0.33816193353035773,,1702709228.1484218,0.0,0.678028181199243
173182192.9314859,102987133.33333334,charging,102987133.33333334,70195059.59815255,0.0,497.4035662048265,0.0,0.0,0.0689422424822154,7,251,576.6274471299868,17.09,104894196.30952765,723.668744791018,665.934640578154,1445.019214306153,11210.61682931734,2545018854.4524307,2363947785.8331394,369.0638121260317,1180045070.9524236,27005723.452198934,1153039347.5002246,0.3276709338716364,13.802628319961352,1694176476.3774166,59177260.01913454,0.6576193517401242
195030921.46361834,102987133.33333334,charging,102987133.33333334,92043788.130285,0.0,652.2240842176049,0.0,0.0,0.15132844259391284,8,251,670.7175598500062,19.13,105134460.06122907,814.9670571895866,665.9351316795451,1445.0192141584012,11210.616829414701,2545018854.4745336,2364165136.796495,369.07942809619624,1180067983.7410278,27245987.204189286,1152821996.5368385,0.32758679999876467,13.76923575377191,1682088411.3684926,58990776.50274848,0.6621307086820991
223568542.92871165,102987133.33333334,charging,102987133.33333334,120581409.59537831,0.0,854.4422284716544,0.0,0.0,0.2592579872429639,9,251,825.5429890788832,21.71,105448279.51244995,934.2159496732124,665.9357697661884,1445.0192143427014,11210.616829527782,2545018854.500205,2364449031.330727,369.0998254643034,1180097908.7407868,27559806.73818138,1152538102.0026054,0.32747692549193164,13.725849331341728,1666800564.445442,58758371.70353674,0.667921609548026
197979071.82056493,102987133.33333334,charging,102987133.33333334,94991938.48723158,0.0,673.1147353495808,0.0,0.0,0.34428300644501625,10,251,814.0770392914216,23.83,105166879.96448788,827.2863622645073,665.9351977746849,1445.0192143427018,11210.61682961379,2545018854.51973,2364194465.136865,369.0815352638091,1180071075.3867474,27278407.190278158,1152792668.1964693,0.3275754482572597,13.7647416200354,1654238457.6714623,58266730.94665369,0.6731615622879955
173230988.41138166,102987133.33333334,charging,102987133.33333334,70243855.07804832,0.0,497.7493319304171,0.0,0.0,0.4071566062678058,11,251,782.4674664324386,25.57,104894732.89842094,723.8726442976007,665.934641677448,1445.0192142023236,11210.616829619055,2545018854.520926,2363948271.3092794,369.0638470010314,1180045122.1485417,27006260.124487754,1153038862.024054,0.32767074594309514,13.802553572340056,1643928049.281498,57841835.13583044,0.6775527482194484
161854306.69222564,102987133.33333334,charging,102987133.33333334,58867173.35889229,0.0,417.1339425984534,0.0,0.0,0.4598472095433999,12,251,760.3295418261852,26.8,104769627.02657434,676.3334092282904,665.9343850726207,1445.0192141689292,11210.61682943263,2545018854.4786043,2363835096.8118205,369.05571589763565,1180033190.6903677,26881154.16885482,1153152036.521513,0.32771455899372076,13.820001602182865,1636639657.1437643,57579317.69423077,0.6806393114749408
184935488.54124424,102987133.33333334,charging,102987133.33333334,81948355.2079109,0.0,580.687648936871,0.0,0.0,0.5331972283564784,13,251,830.3994623993301,27.83,105023443.68856406,772.7817196130688,665.9349050396808,1445.019214302466,11210.6168293204,2545018854.4531255,2364064707.298347,369.07221252174577,1180057396.8662024,27134970.831214048,1152922426.0349884,0.32762567356656197,13.784646153136674,1630536369.4186702,57556407.73329982,0.6829733777903588
195109106.70268795,102987133.33333334,charging,102987133.33333334,92121973.3693546,0.0,652.7781063519321,0.0,0.0,0.6156534102114594,14,251,803.4015155192554,28.23,105135319.84026816,815.2937663786836,665.9351334329199,1445.0192143407842,11210.616829502596,2545018854.494488,2364165914.6033072,369.0794839783399,1180068065.796722,27246847.06669946,1152821218.7300224,0.32758649894211755,13.769116532991768,1628166160.593391,57554585.46735834,0.68387437327563
212096025.67405203,102987133.33333334,charging,102987133.33333334,109108892.34071869,0.0,773.1477466593718,0.0,0.0,0.7133141782105378,15,251,785.9376193245259,27.59,105322119.7666783,886.2762509043132,665.9355137026379,1445.0192143061436,11210.616829317223,2545018854.4524045,2364334901.437065,369.091625354567,1180085878.805586,27433646.90931751,1152652231.8962686,0.32752109431025495,13.743260200585443,1631958494.7138379,57758093.45049872,0.6821571380490971
216002823.11980885,102987133.33333334,charging,102987133.33333334,113015689.78647551,0.0,800.8313898257707,0.0,0.0,0.8144718274516878,16,251,735.3830427705267,26.69,105365081.6172988,902.6014120300999,665.935600970029,1445.0192142042306,11210.616829644116,2545018854.526615,2364373766.6978035,369.0944177684047,1180089975.4781625,27476608.842633404,1152613366.635529,0.3275060529116388,13.737326503400665,1637291464.5707157,57924058.752457656,0.6799214322766655
146862756.94955164,102987133.33333334,charging,102987133.33333334,43875623.6162183,0.0,310.903527699862,0.0,0.0,0.8537438520032493,17,251,495.1872828916612,25.83,104604769.56222236,613.6888855557842,665.9340459979555,1445.0192142992978,11210.616829296234,2545018854.4476395,2363685962.556363,369.0450013632774,1180017467.4825294,26716296.70556635,1153301170.776963,0.32777229791581686,13.84305735238482,1642387413.545066,57641058.67874359,0.6784010912877995
41789045.12110693,102987133.33333334,direct_plus_discharge,102987133.33333334,0.0,61198088.21222641,0.0,433.6508508709938,0.0,0.7989669024195447,18,251,183.85719588221832,24.44,104217902.86420117,174.6220284944119,658.6331042365521,1445.0192143426905,11210.616829613748,2545018854.519721,2363335996.3313117,369.0198586289705,1179980567.0920007,26329430.089984447,1153651137.0020163,0.32790781266357105,13.897448043015357,1650623889.2129114,57129158.745717436,0.6755374486850069
0.0,102987133.33333334,discharging,102987133.33333334,0.0,102987133.33333334,0.0,729.7688425149536,0.0,0.7067855749439718,19,251,0.0,22.77,104287625.5480955,1.0,654.1499999999978,1445.0192142005485,11210.616829647264,2545018854.52733,2363399068.3594975,369.02438987315236,1179987217.7472699,26399152.773443617,1153588064.9738262,0.3278833875312041,13.887615728430587,1660519511.0584524,57110687.30427907,0.6716160824800601
0.0,102987133.33333334,discharging,102987133.33333334,0.0,102987133.33333334,0.0,729.7688425149536,0.0,0.6146042474683986,20,251,0.0,21.19,104287625.54810615,1.0,654.15,1445.0192143005565,11210.616829295299,2545018854.4474273,2363399068.288267,369.02438987336575,1179987217.7365446,26399152.691479057,1153588065.0450656,0.32788338755145147,13.887615729026566,1669881835.918305,57362578.22894455,0.6678777222241583
0.0,102987133.33333334,discharging,102987133.33333334,0.0,102987133.33333334,0.0,729.7688425149536,0.0,0.5224229199928255,21,251,0.0,19.96,104287625.54810615,1.0,654.15,1445.019214165245,11210.616829349654,2545018854.459767,2363399068.2992682,369.0243898733328,1179987217.7243657,26399152.690299578,1153588065.0340662,0.3278833875483251,13.887615728934344,1677170228.0560384,57558670.531052895,0.6649961650916435
0.0,102987133.33333334,discharging,102987133.33333334,0.0,102987133.33333334,0.0,729.7688425149536,0.0,0.4302415925172524,22,251,0.0,18.87,104287625.54810615,1.0,654.15,1445.019214351319,11210.616829606599,2545018854.5180984,2363399068.351276,369.0243898731776,1179987217.7559896,26399152.77393211,1153588064.9820573,0.3278833875335427,13.887615728498202,1683629047.1049242,57732443.38414077,0.6624632916730402
0.0,102987133.33333334,discharging,102987133.33333334,0.0,102987133.33333334,0.0,729.7688425149536,0.0,0.33806026504167935,23,251,0.0,18.07,104287625.54810615,1.0,654.15,1445.0192142992998,11210.616829296228,2545018854.4476385,2363399068.2884555,369.0243898733652,1179987217.736321,26399152.691442955,1153588065.044878,0.3278833875513981,13.887615729024994,1688369464.7554827,57859983.09282911,0.6606165452462841
0.0,102987133.33333334,discharging,102987133.33333334,0.0,102987133.33333334,0.0,729.7688425149536,0.0,0.24587893756610626,0,252,0.0,17.48,104287625.54810615,1.0,654.15,1445.0192141603136,11210.616829353841,2545018854.460717,2363399068.300114,369.0243898733304,1179987217.7235153,26399152.690296628,1153588065.0332186,0.3278833875480842,13.887615728927242,1691865522.7727692,57954043.627986774,0.6592611530833778
0.0,102987133.33333334,discharging,102987133.33333334,0.0,102987133.33333334,0.0,729.7688425149536,0.0,0.15369761009053318,1,252,0.0,17.19,104287625.54810615,1.0,654.15,1445.0192142091648,11210.61682972606,2545018854.5452175,2363399068.3754544,369.0243898731053,1179987217.7314143,26399152.773534555,1153588064.9578798,0.3278833875266707,13.887615728295474,1693583924.1710968,58000276.772386305,0.6585969800004503
0.0,102987133.33333334,discharging,102987133.33333334,0.0,102987133.33333334,0.0,729.7688425149536,0.0,0.06151628261496009,2,252,0.0,16.76,104287625.54810615,1.0,654.15,1445.0192143358477,11210.616829506713,2545018854.4954224,2363399068.331059,369.02438987323796,1179987217.7767856,26399152.774513837,1153588065.002272,0.32788338753928825,13.887615728667708,1696131898.658272,58068829.3658063,0.6576146313094208
0.0,102987133.33333334,discharging,68727428.57295813,0.0,68727428.57295813,0.0,487.00390403510073,0.0,0.0,3,252,0.0,16.15,69596174.42413189,1.0,654.15,1445.0192143463842,11210.616829610704,2545018854.51903,2332034439.775765,366.77441774423176,1176660395.2074928,25967406.410309114,1150692988.7971838,0.33031756012517816,20.720744811760326,1699746467.1168227,38817036.21286329,0.6618642267558152
0.0,102987133.33333334,shutdown,0.0,0.0,0.0,0.0,0.0,0.0,0.0,4,252,0.0,15.73,0.0,1.0,567.279923475184,1445.0192143110712,11210.61682931305,2545018854.451457,2259509895.5917697,362.89907080586624,1179588764.884169,25103923.744167525,1154484841.1400015,0.33816193355008833,,1702235186.3833659,0.0,0.6782169998452824
0.0,102987133.33333334,shutdown,0.0,0.0,0.0,0.0,0.0,0.0,0.0,5,252,0.0,15.51,0.0,1.0,567.279923475184,1445.0192141534824,11210.6168293329,2545018854.455963,2259509895.595807,362.89907080586624,1179588764.88043,25103923.74442697,1154484841.136003,0.3381619335489171,,1703538801.2372692,0.0,0.6776980015351034
0.0,102987133.33333334,shutdown,0.0,0.0,0.0,0.0,0.0,0.0,0.0,6,252,0.0,15.44,0.0,1.0,567.279923475184,1445.0192143073862,11210.616829316159,2545018854.4521627,2259509895.5924335,362.89907080586624,1179588764.8835382,25103923.74416093,1154484841.1393774,0.3381619335499055,,1703953587.7816935,0.0,0.6775330322478755
141055228.36875188,102987133.33333334,charging,102987133.33333334,38068095.03541854,0.0,269.75126650850206,0.0,0.0,0.034073844190547625,7,252,480.3726998820647,17.49,104540905.9555708,589.421223579313,665.9339143581435,1445.0192143476258,11210.616829523591,2545018854.4992537,2363628190.1823244,369.0408507474585,1180011376.3323426,26652433.181301553,1153358943.151041,0.32779466659001655,13.85200838216923,1691806267.5521374,58915103.97758877,0.6587906916011836
185542729.28212276,102987133.33333334,charging,102987133.33333334,82555595.94878942,0.0,584.9905687119515,0.0,0.0,0.10796738971205729,8,252,641.647214966732,20.0,105030121.32833472,775.319169551189,665.9349186855918,1445.0192141974037,11210.616829709323,2545018854.541418,2364070748.2046037,369.07264653608513,1180058033.6832082,27141648.55447873,1152916385.1287296,0.3276233352312245,13.783718295639316,1676933207.1735103,58795002.544996046,0.6642263337505502
202663624.8367113,102987133.33333334,charging,102987133.33333334,99676491.50337794,0.0,706.3095697103753,0.0,0.0,0.19718544062284152,9,252,756.4459456521347,22.28,105218394.55404624,846.8614960800421,665.9353027149645,1445.019214342699,11210.616829613817,2545018854.519737,2364241067.292459,369.0848835277882,1180075987.8207178,27329921.779843543,1152746066.0408742,0.327557410993514,13.757606225699268,1663423016.869419,58540180.95525941,0.6694371096299359
188044503.74682844,102987133.33333334,charging,102987133.33333334,85057370.4134951,0.0,602.7181915348192,0.0,0.0,0.2733182648167134,10,252,780.9675511042619,24.07,105057632.57311596,785.7732234927512,665.9349748872015,1445.0192141652365,11210.616829349592,2545018854.459753,2364095635.783984,369.0744346387877,1180060657.2646408,27169159.71529267,1152891497.549348,0.3276137017131942,13.779896857499864,1652816332.3762946,58168325.46220687,0.673817554276497
174292149.7967758,102987133.33333334,charging,102987133.33333334,71305016.46344244,0.0,505.26874227689376,0.0,0.0,0.33714168489379476,11,252,792.7732266987082,25.74,104906402.16399144,728.3068722906178,665.9346655811563,1445.0192142956123,11210.616829299333,2545018854.4483433,2363958827.629392,369.06460543675655,1180046235.0112615,27017929.307319637,1153028305.7039418,0.3276666594470583,13.800928227202318,1642920710.5307539,57821491.04071825,0.6779559563104584
139488106.17431659,102987133.33333334,charging,102987133.33333334,36500972.84098324,0.0,258.64660796624526,0.0,0.0,0.3698128353737415,12,252,672.7363655526445,26.86,104523672.79450794,582.8727596051341,665.9338788085322,1445.0192143061445,11210.616829231189,2545018854.4328732,2363612600.647733,369.03973073727474,1180009732.622682,26635199.937081255,1153374532.6856008,0.3278007027787194,13.854425631067832,1636284125.8199723,57434692.83273555,0.68097167014007
178033406.65002018,102987133.33333334,charging,102987133.33333334,75046273.31668684,0.0,531.7793615647074,0.0,0.0,0.43698496525559927,13,252,809.8528167634385,27.48,104947543.61559992,743.9402962881951,665.9347498143445,1445.019214200555,11210.61682973335,2545018854.5468726,2363996045.6004615,369.06727940354125,1180050158.5738904,27059070.841019597,1152991087.7328708,0.32765225211291765,13.795200750486194,1632610302.1407895,57569958.88082866,0.6821704846061527
191896941.67553765,102987133.33333334,charging,102987133.33333334,88909808.3422043,0.0,630.0166420994674,0.0,0.0,0.516566014783953,14,252,798.3869467075987,26.59,105099996.64883746,801.8712349168081,665.9350613736441,1445.019214202322,11210.616829705074,2545018854.540454,2364133959.9511523,369.07718811657446,1180064697.2571483,27211523.874966964,1152853173.3821814,0.3275988674604355,13.774016202968497,1637884016.777036,57794073.25963936,0.6798773777617465
190727681.91798836,102987133.33333334,charging,102987133.33333334,87740548.58465502,0.0,621.7312445721446,0.0,0.0,0.5951004877825398,15,252,718.5692719462171,24.49,105087138.65869735,796.9853010528393,665.9350351313565,1445.0192143426918,11210.616829527715,2545018854.5001903,2364122328.100718,369.0763524026656,1180063471.1170259,27198665.884406548,1152864805.2326193,0.32760336979664406,13.775800549152535,1650327613.1097515,58118389.00550479,0.6748031859392908
206131933.90350842,102987133.33333334,charging,102987133.33333334,103144800.57017508,0.0,730.886075641155,0.0,0.0,0.6874229394424751,16,252,707.7537333566256,24.71,105256534.48274836,861.3543652742171,665.93538034371,1445.0192143426962,11210.616829613766,2545018854.519725,2364275570.245174,369.0873624991917,1180079624.796689,27368061.708531395,1152711563.0881577,0.3275440570454408,13.75232788264882,1649023998.255848,58177324.868071,0.6752054063423936
174053050.53439677,102987133.33333334,charging,102987133.33333334,71065917.20106342,0.0,503.57448022390736,0.0,0.0,0.7510323474707581,17,252,578.0495500609569,24.24,104903772.86289865,727.30775881274,665.9346601956726,1445.0192143042366,11210.616829206088,2545018854.427175,2363956449.0616693,369.0644345471909,1180045984.277859,27015300.00619314,1153030684.2716658,0.32766758021734327,13.801294416212805,1651808993.625551,58056334.4031995,0.6743400578810252
3994420.6016605683,102987133.33333334,direct_plus_discharge,102987133.33333334,0.0,98992712.73167278,0.0,701.4642999508172,0.0,0.6624263306348654,18,252,73.25787535495473,23.33,104278580.99237734,16.69130811915909,654.5369719464965,1445.0192142091614,11210.616829726006,2545018854.5452056,2363390886.5479975,369.0238020696959,1179986355.0031276,26390108.217792466,1153596246.785335,0.3278865559474679,13.888890452330847,1657201218.7030613,57044406.27390595,0.6729468811103629
0.0,102987133.33333334,discharging,102987133.33333334,0.0,102987133.33333334,0.0,729.7688425149536,0.0,0.5702450031592924,19,252,0.0,22.93,104287625.54810528,1.0,654.15,1445.0192143463848,11210.616829610706,2545018854.5190306,2363399068.3521028,369.024389873175,1179987217.755139,26399152.773910612,1153588064.9812286,0.3278833875333072,13.887615728491406,1659571427.5283403,57085179.362546906,0.6719969855069284
0.0,102987133.33333334,discharging,102987133.33333334,0.0,102987133.33333334,0.0,729.7688425149536,0.0,0.47806367568371927,20,252,0.0,21.39,104287625.54810615,1.0,654.15,1445.019214295609,11210.616829213277,2545018854.428807,2363399068.271665,369.0243898734153,1179987217.7530296,26399152.691360366,1153588065.061669,0.32788338755617064,13.887615729165805,1668696731.5056653,57330693.30177246,0.6683486302023086
0.0,102987133.33333334,discharging,102987133.33333334,0.0,102987133.33333334,0.0,729.7688425149536,0.0,0.3858823482081462,21,252,0.0,20.47,104287625.54810615,1.0,654.15,1445.019214163999,11210.616829436802,2545018854.479551,2363399068.3169084,369.02438987328014,1179987217.7068052,26399152.69037945,1153588065.0164258,0.3278833875433112,13.887615728786404,1674148211.8038073,57477363.966764055,0.6661879341341332
0.0,102987133.33333334,discharging,102987133.33333334,0.0,102987133.33333334,0.0,729.7688425149536,0.0,0.2937010207325731,22,252,0.0,19.95,104287625.54810615,1.0,654.15,1445.019214346383,11210.616829524686,2545018854.499502,2363399068.3346987,369.02438987322716,1179987217.7724817,26399152.773845427,1153588064.9986362,0.32788338753825486,13.887615728637208,1677229483.2766702,57560264.77741149,0.6649728396727148
