Q_solar,Q_design,mode,Q_to_pb,Q_to_storage,Q_from_storage,m_dot_charge,m_dot_discharge,Q_defocus,tank_soc,hour,day_of_year,DNI,T_amb,Q_sg_oil,m_oil_field,T_sg_oil_in,m_steam,m_orc,Q_nuclear_condenser,Q_orc_condenser,T_orc_live,P_turbine,P_pumps,P_net,efficiency,solar_efficiency,ex_nuclear,ex_solar,efficiency_II
0.0,121712066.66666667,shutdown,0.0,0.0,0.0,0.0,0.0,0.0,0.0,23,222,0.0,27.35,0.0,1.0,567.279923475184,1445.0192141534708,11210.61682941886,2545018854.4754777,2259509895.6131325,362.89907080586624,1179588764.8631504,25103923.744471643,1154484841.1186788,0.33816193354384266,,1633380620.0090048,0.0,0.7068069909586132
0.0,121712066.66666667,shutdown,0.0,0.0,0.0,0.0,0.0,0.0,0.0,0,223,0.0,26.49,0.0,1.0,567.279923475184,1445.01921434638,11210.616829524635,2545018854.4994907,2259509895.634452,362.89907080586624,1179588764.924609,25103923.827249113,1154484841.09736,0.3381619335375981,,1638476568.9833553,0.0,0.7046086974644359
0.0,121712066.66666667,shutdown,0.0,0.0,0.0,0.0,0.0,0.0,0.0,1,223,0.0,25.36,0.0,1.0,567.279923475184,1445.0192143110876,11210.61682931321,2545018854.4514933,2259509895.591839,362.89907080586624,1179588764.8841846,25103923.744212776,1154484841.1399717,0.3381619335500796,,1645172408.9147692,0.0,0.7017409451338432
0.0,121712066.66666667,shutdown,0.0,0.0,0.0,0.0,0.0,0.0,0.0,2,223,0.0,24.29,0.0,1.0,567.279923475184,1445.0192141986447,11210.616829708228,2545018854.5411696,2259509895.671455,362.89907080586624,1179588764.8880131,25103923.827656988,1154484841.0603561,0.3381619335267593,,1651512717.522391,0.0,0.6990468973150391
0.0,121712066.66666667,shutdown,0.0,0.0,0.0,0.0,0.0,0.0,0.0,3,223,0.0,23.04,0.0,1.0,567.279923475184,1445.0192143463692,11210.616829610619,2545018854.5190105,2259509895.651782,362.89907080586624,1179588764.90733,25103923.827300828,1154484841.0800292,0.3381619335325218,,1658919620.1013885,0.0,0.6959257260514349
0.0,121712066.66666667,shutdown,0.0,0.0,0.0,0.0,0.0,0.0,0.0,4,223,0.0,22.04,0.0,1.0,567.279923475184,1445.0192141603186,11210.616829439874,2545018854.4802485,2259509895.617368,362.89907080586624,1179588764.858222,25103923.74378052,1154484841.1144414,0.3381619335426015,,1664845142.1645865,0.0,0.6934487850403981
0.0,121712066.66666667,shutdown,0.0,0.0,0.0,0.0,0.0,0.0,0.0,5,223,0.0,21.02,0.0,1.0,567.279923475184,1445.0192143042304,11210.616829206077,2545018854.427172,2259509895.570246,362.89907080586624,1179588764.9063792,25103923.744813975,1154484841.1615653,0.3381619335564046,,1670889174.6690485,0.0,0.6909404038662427
74616793.12353167,121712066.66666667,direct_partial,74616793.12353167,0.0,0.0,0.0,0.0,0.0,0.0,6,223,295.48703842435293,20.83,75439962.69554041,311.7978823688864,665.8498495068521,1445.0192143476281,11210.616829609608,2545018854.518781,2337315311.1523776,367.1527563207378,1177223312.1023538,25921830.131134674,1151301481.971219,0.3299387564421243,19.131186291946193,1672015023.8610563,42132393.05403561,0.6716467152184539
173411329.25441748,121712066.66666667,charging,121712066.66666667,51699262.58775081,0.0,366.34198658026094,0.0,0.0,0.046274777252243486,7,223,582.7343139944613,25.06,123621649.38462515,724.6262265759237,665.9672056477871,1445.0192141689301,11210.616829346609,2545018854.4590755,2380894281.846386,370.282244566279,1181826028.0138147,27008243.193454076,1154817784.8203607,0.3264390314383233,11.74045975114313,1646950065.5337286,68265752.35193233,0.6732784135840699
214102549.8664209,121712066.66666667,charging,121712066.66666667,92390483.19975422,0.0,654.6807722655506,0.0,0.0,0.12897129585420777,8,223,712.7758799170493,29.36,124069118.22978008,894.660824509169,665.9678637126451,1445.019214197386,11210.616829623137,2545018854.5218525,2381299319.803682,370.3113874627393,1181868458.985468,27455712.12248288,1154412746.8629851,0.32628326589633677,11.69519387794996,1621470320.661977,67711820.82738571,0.6834151975139472
223445875.131732,121712066.66666667,charging,121712066.66666667,101733808.46506532,0.0,720.887757967714,0.0,0.0,0.22003080212381373,9,223,771.1695635197646,31.92,124171863.90572618,933.703363193252,665.9680141460573,1445.0192143476293,11210.616829609644,2545018854.5187893,2381392323.4875307,370.31807930939215,1181878200.9773314,27558457.798196983,1154319743.1791344,0.32624750509007244,11.684846185206018,1606300984.1801906,67290587.75270668,0.6897260732772242
224966777.0974966,121712066.66666667,charging,121712066.66666667,103254710.43082993,0.0,731.6648990649652,0.0,0.0,0.31245163147938826,10,223,815.5964308468866,33.72,124188588.79714221,940.0586887488679,665.9680386100215,1445.019214342697,11210.616829613773,2545018854.5197268,2381407462.6118407,370.3191686117575,1181879786.7444189,27575182.689594664,1154304604.054824,0.32624168415150717,11.683163412723072,1595635044.466434,66963992.36798025,0.694277200023295
219151842.53611672,121712066.66666667,charging,121712066.66666667,97439775.86945005,0.0,690.460158950261,0.0,0.0,0.399667651557316,11,223,825.3000262252257,35.1,124124643.74919471,915.7600797299739,665.9679450403034,1445.0192143042425,11210.616829206132,2545018854.4271846,2381349580.4638996,370.31500384240695,1181873723.7619348,27511237.55916649,1154362486.2027683,0.3262639399214442,11.689599681747094,1587457824.0192208,66672296.799712405,0.6978667951655835
216226389.28255615,121712066.66666667,charging,121712066.66666667,94514322.61588947,0.0,669.7303399371173,0.0,0.0,0.48426516818095183,12,223,817.8287812436515,36.01,124092473.43900473,903.5356180338147,665.9678979296324,1445.0192141639989,11210.616829436747,2545018854.4795384,2381320460.48875,370.31290858605144,1181870673.4258494,27479067.24793013,1154391606.1779194,0.3262751369117997,11.69284023074463,1582065598.9417107,66485448.824649565,0.700246199680633
232185456.73250136,121712066.66666667,charging,121712066.66666667,110473390.06583469,0.0,782.8166042461661,0.0,0.0,0.5831472655594149,13,223,845.4780312646234,36.5,124267970.39817637,970.2230650169238,665.9681546340606,1445.0192143061374,11210.616829231161,2545018854.4328666,2381479317.689764,370.32433881006955,1181887313.1843119,27654564.207407072,1154232748.9769049,0.3262140568869955,11.675182620442996,1579162093.1307435,66488064.908642486,0.7013840355668596
250447810.71138638,121712066.66666667,charging,121712066.66666667,128735744.04471971,0.0,912.2240019803421,0.0,0.0,0.6983755605464055,14,223,858.2632849960625,36.6,124468795.89131266,1046.5351532121429,665.9684475007347,1445.0192143042368,11210.616829292168,2545018854.4467163,2381661103.030695,370.33741895417404,1181906353.3373249,27855389.70135216,1154050963.6359727,0.3261441686234445,11.655037655883167,1578569540.9244237,66576849.700736456,0.701488311442868
252519431.10413295,121712066.66666667,charging,121712066.66666667,130807364.43746628,0.0,926.90354463012,0.0,0.0,0.8154581135523153,15,223,818.1172209769102,36.46,124491576.86398438,1055.1917414209329,665.9684806629882,1445.0192141603252,11210.616829439967,2545018854.4802694,2381681724.2529674,370.338902739241,1181908513.0866346,27878170.672937512,1154030342.4136972,0.326136241204922,11.652756581615428,1579399114.0132716,66615208.48918255,0.7011058935740073
227435729.8282187,121712066.66666667,charging,121712066.66666667,105723663.16155203,0.0,749.1599464384223,0.0,0.0,0.9100888436287475,16,223,725.5211752845889,35.9,124215739.1114035,950.3755919670693,665.9680783095392,1445.01921430246,11210.616829234326,2545018854.433585,2381432038.613451,370.3209369326008,1181882360.97386,27602332.92064413,1154280028.053216,0.326232234878675,11.680432653029943,1582717406.3686626,66572024.01048801,0.6998650490277268
204645567.79672608,121712066.66666667,charging,121712066.66666667,82933501.13005939,0.0,587.668412222977,0.0,1.4901161193847656e-08,0.9843206430674394,17,223,658.5077342976938,35.12,123965122.70489542,855.143353180031,665.9677111958156,1445.0192141534778,11210.616829418906,2545018854.475488,2381205185.0384946,370.30461428662323,1181858598.1426964,27351716.514520988,1154506881.6281755,0.3263194637559105,11.705684907656991,1587339313.577957,66582868.67996752,0.6980418389770006
131275595.24071562,121712066.66666667,charging,121712066.66666667,9563528.574048951,0.0,67.76735065780761,0.0,0.0,0.9928807294663204,18,223,459.082031740249,34.05,123158295.66950569,548.5555045900487,665.9665191917795,1445.0192143024633,11210.616829234337,2545018854.433588,2380474871.321107,370.25206855592035,1181782084.8243093,26544889.478749447,1155237195.3455598,0.32660036639013323,11.787679087210163,1593679622.1855786,66347288.90059489,0.6959147394723111
0.0,121712066.66666667,discharging,121712066.66666667,0.0,121712066.66666667,0.0,862.4540866085814,0.0,0.8839391606315522,19,223,0.0,32.53,123248533.53246994,1.0,654.15,1445.0192143061454,11210.616829317225,2545018854.452405,2380556550.8075643,370.2579452010136,1181790643.2008789,26635127.341778696,1155155515.8591,0.32656894332089953,11.778455317736999,1602686415.7216399,65655303.03456364,0.6923974284598611
0.0,121712066.66666667,discharging,121712066.66666667,0.0,121712066.66666667,0.0,862.4540866085814,0.0,0.7749975917967841,20,223,0.0,30.58,123248533.53247185,1.0,654.15,1445.0192141584077,11210.616829414792,2545018854.4745545,2380556550.8273153,370.25794520094394,1181790643.1814735,26635127.34212226,1155155515.8393512,0.3265689433153162,11.778455317596684,1614241183.7448757,66022702.928149186,0.6874845820358583
0.0,121712066.66666667,discharging,121712066.66666667,0.0,121712066.66666667,0.0,862.4540866085814,0.0,0.6660560229620158,21,223,0.0,29.88,123248533.53247185,1.0,654.15,1445.0192142054716,11210.616829643051,2545018854.5263734,2380556550.8735156,370.25794520078045,1181790643.217622,26635127.4244702,1155155515.7931519,0.32656894330225544,11.77845531726888,1618389049.1891143,66154590.06943593,0.6857379582648225
0.0,121712066.66666667,discharging,121712066.66666667,0.0,121712066.66666667,0.0,862.4540866085814,0.0,0.5571144541272477,22,223,0.0,28.58,123248533.53247185,1.0,654.15,1445.0192143463823,11210.6168296107,2545018854.519029,2380556550.866967,370.25794520080365,1181790643.2246406,26635127.424940772,1155155515.7996998,0.3265689433041066,11.778455317315347,1626092227.8712716,66399523.33182563,0.6825176636628005
0.0,121712066.66666667,discharging,121712066.66666667,0.0,121712066.66666667,0.0,862.4540866085814,0.0,0.44817288529247945,23,223,0.0,27.37,123248533.53247185,1.0,654.15,1445.0192143395416,11210.616829503677,2545018854.494733,2380556550.8453045,370.2579452008803,1181790643.2469347,26635127.42557288,1155155515.8213618,0.3265689433102305,11.778455317469051,1633262109.5677412,66627499.67604987,0.6795473715115192
0.0,121712066.66666667,discharging,121712066.66666667,0.0,121712066.66666667,0.0,862.4540866085814,0.0,0.3392313164577113,0,224,0.0,26.4,123248533.53247185,1.0,654.15,1445.0192143061395,11210.616829317196,2545018854.4523983,2380556550.807566,370.25794520101374,1181790643.20087,26635127.341769636,1155155515.8591003,0.3265689433208994,11.778455317736768,1639009865.9690435,66810257.57183295,0.6771848332175098
0.0,121712066.66666667,discharging,121712066.66666667,0.0,121712066.66666667,0.0,862.4540866085814,0.0,0.2302897476229431,1,224,0.0,25.51,123248533.53247185,1.0,654.15,1445.0192141603204,11210.616829439892,2545018854.4802527,2380556550.8323965,370.257945200926,1181790643.1756716,26635127.34140258,1155155515.834269,0.3265689433138795,11.778455317560613,1644283580.6052895,66977942.651468955,0.6750315484426099
0.0,121712066.66666667,discharging,121712066.66666667,0.0,121712066.66666667,0.0,862.4540866085814,0.0,0.12134817878817493,2,224,0.0,24.82,123248533.53247185,1.0,654.15,1445.0192143395411,11210.616829503679,2545018854.4947333,2380556550.8453045,370.2579452008803,1181790643.2469344,26635127.42557244,1155155515.821362,0.32656894331023056,11.778455317469055,1648372190.828896,67107945.69073733,0.67337154842547
0.0,121712066.66666667,discharging,121712066.66666667,0.0,121712066.66666667,0.0,862.4540866085814,0.0,0.012406609953406741,3,224,0.0,24.16,123248533.53247185,1.0,654.15,1445.0192143061345,11210.616829317196,2545018854.4523983,2380556550.807566,370.25794520101374,1181790643.2008696,26635127.341770735,1155155515.859099,0.32656894332089903,11.778455317736755,1652283035.3906069,67232296.42395055,0.6717913440411694
0.0,121712066.66666667,shutdown,0.0,0.0,0.0,0.0,0.0,0.0,0.012406609953406741,4,224,0.0,23.78,0.0,1.0,567.279923475184,1445.0192142054789,11210.616829643108,2545018854.5263863,2259509896.412807,362.89907080586624,1179588764.1458688,25103923.826871756,1154484840.318997,0.3381619333096066,,1654534733.7746222,0.0,0.6977700840919662
0.0,121712066.66666667,shutdown,0.0,0.0,0.0,0.0,0.0,0.0,0.012406609953406741,5,224,0.0,23.32,0.0,1.0,567.279923475184,1445.0192143358447,11210.616829592753,2545018854.5149546,2259509895.648181,362.89907080586624,1179588764.9116244,25103923.827996626,1154484841.0836277,0.33816193353357576,,1657260473.923693,0.0,0.6966224436345212
86630450.47318651,121712066.66666667,direct_plus_discharge,100491405.05560713,0.0,13860954.582420621,0.0,98.21899546447003,0.0,0.0,6,224,331.38675910712817,22.73,101618731.49142171,361.998819240113,664.296700658088,1445.0192142005496,11210.616829733266,2545018854.5468535,2360984853.988656,368.85096528689803,1179732538.0615237,26225986.994544275,1153506551.0669794,0.32810911511375135,14.24904891074717,1660756531.9409797,56357404.370730124,0.6717705369887476
178781173.3308209,121712066.66666667,charging,121712066.66666667,57069106.66415422,0.0,404.3928068068915,0.0,0.0,0.05108119664929155,7,224,598.8100526674673,24.17,123680699.90927188,747.0649557357497,665.9672927619831,1445.0192143426862,11210.616829527671,2545018854.5001802,2380947732.654039,370.28609034967405,1181831627.8142686,27067293.80163786,1154764334.0126307,0.32641847356157555,11.734467455191105,1652223780.1699748,68463655.32361938,0.6711063904998972
220477638.19004697,121712066.66666667,charging,121712066.66666667,98765571.5233803,0.0,699.854772903137,0.0,0.0,0.1394839048054773,8,224,732.7396056931765,28.69,124139223.11646996,921.30012319801,665.9679663825157,1445.0192143005609,11210.616829295273,2545018854.4474216,2381362777.4888167,370.31595340061773,1181875106.1043532,27525816.926504668,1154349289.1778486,0.32625886557428135,11.688131639457637,1625440420.4443197,67874980.6950059,0.6817095553499126
221377451.8697555,121712066.66666667,charging,121712066.66666667,99665385.20308883,0.0,706.2308702491487,0.0,0.0,0.22869201473168552,9,224,766.0042253849584,30.95,124149118.09091584,925.0601346929453,665.9679808645631,1445.019214204236,11210.616829644185,2545018854.526631,2381371734.3333006,370.3165978636491,1181876044.3163028,27535711.98293743,1154340332.3333654,0.32625542163587906,11.68713547934928,1612048740.5814924,67459085.09197888,0.6873086952545058
222859110.42379528,121712066.66666667,charging,121712066.66666667,101147043.75712861,0.0,716.7299317628264,0.0,0.0,0.31922632190172673,10,224,811.274459186228,32.45,124165411.43459582,931.2514755453793,665.96800470609,1445.0192142042397,11210.616829730243,2545018854.546168,2381386482.8329654,370.3176590564386,1181877589.1603892,27552005.326690957,1154325583.8336983,0.32624975081808333,11.685495520614436,1603160457.4866955,67188275.19640878,0.6910686141447177
216645818.5925656,121712066.66666667,charging,121712066.66666667,94933751.92589892,0.0,672.7024242371215,0.0,0.0,0.4041992597001,11,224,820.2450952299513,33.79,124097085.7741995,905.2882686797341,665.9679046855006,1445.0192143395295,11210.616829589642,2545018854.514249,2381324635.525862,370.3132089874564,1181871110.8081503,27483679.6673471,1154387431.140803,0.3262735315495737,11.692375521985618,1595220257.92201,66901597.463812016,0.6945263534079693
218237615.91327867,121712066.66666667,charging,121712066.66666667,96525549.246612,0.0,683.9819312071363,0.0,0.0,0.4905969773262646,12,224,829.3091745931756,34.72,124114590.28004067,911.9398415091556,665.9679303204754,1445.019214346386,11210.616829524675,2545018854.4995003,2381340480.2946205,370.31434905775876,1181872770.5444918,27501184.1724448,1154371586.372047,0.32626743903189376,11.690612197451406,1589709522.4032362,66737714.95343411,0.6968960799585582
229540023.64547616,121712066.66666667,charging,121712066.66666667,107827956.97880949,0.0,764.0710136137848,0.0,0.0,0.587111210624848,13,224,840.8486964524756,35.13,124238879.38368417,959.1687111650036,665.9681121318539,1445.019214311079,11210.616829313109,2545018854.4514704,2381452984.891346,370.32244408000133,1181884554.9683344,27625473.19301305,1154259081.7753215,0.3262241813295485,11.678106161846642,1587280058.357325,66728075.12941211,0.6978557471432029
242675248.11033934,121712066.66666667,charging,121712066.66666667,120963181.44367267,0.0,857.1474712608951,0.0,0.0,0.69538247015254,14,224,836.65864838493,35.39,124383323.40955383,1014.056290771973,665.9683229703844,1445.0192141973853,11210.61682962311,2545018854.5218463,2381583734.079199,370.33185193598916,1181898249.8897164,27769917.302252017,1154128332.5874643,0.32617391251871397,11.663603518740452,1585739422.6208935,66757113.15136657,0.6984149785512902
254511406.69166324,121712066.66666667,charging,121712066.66666667,132799340.02499656,0.0,941.018722631288,0.0,0.0,0.8142479930112289,15,224,826.7394655120816,35.31,124513482.007219,1063.5155214163274,665.9685125388739,1445.0192143476243,11210.616829609604,2545018854.51878,2381701552.6982865,370.3403294825292,1181910589.8680577,27900075.89967735,1154010513.9683805,0.32612861865196824,11.650563991653652,1586213464.3859494,66841943.58338872,0.6981075821203119
234344725.74789625,121712066.66666667,charging,121712066.66666667,112632659.08122958,0.0,798.1172267515321,0.0,0.0,0.9150628006008961,16,224,747.0282654231308,34.82,124291715.21581234,979.2459066358375,665.9681893107108,1445.0192143426968,11210.616829613795,2545018854.5197315,2381500811.2908726,370.32588534035085,1181889564.4840639,27678309.108269628,1154211255.3757942,0.32620579315501547,11.672797365890093,1589116970.1969163,66814315.92046121,0.6970163949749665
198434936.5574374,121712066.66666667,charging,121712066.66666667,76722869.89077072,0.0,543.6597577038406,0.0,0.0,0.9837356121003286,17,224,640.3901844724843,33.99,123896826.30219524,829.1912640118682,665.9676108952549,1445.019214197392,11210.616829623197,2545018854.521866,2381143364.6732764,370.3001662162243,1181852122.1883051,27283420.19492577,1154568701.9933794,0.3263432368659922,11.712584200965047,1594035153.5093706,66756402.94241502,0.6951918183279236
125339522.99107027,121712066.66666667,charging,121712066.66666667,3627456.324403599,0.0,25.704226513087672,0.0,0.0,0.9869824617651396,18,224,440.65228945622806,32.82,123093018.50763518,523.7507028885879,665.9664220694665,1445.0192143513102,11210.616829606546,2545018854.5180864,2380415785.434446,370.2478174844225,1181775893.6323352,26479612.40011333,1155296281.2322218,0.3266230984560487,11.794359896098165,1600968014.3233123,66539460.212991074,0.6928282474736637
0.0,121712066.66666667,discharging,121712066.66666667,0.0,121712066.66666667,0.0,862.4540866085814,0.0,0.8780408929303715,19,224,0.0,31.04,123248533.53247185,1.0,654.15,1445.0192141689324,11210.616829346582,2545018854.4590693,2380556550.813506,370.2579452009928,1181790643.1945095,26635127.341349788,1155155515.8531597,0.32656894331922,11.778455317694686,1611515443.5958045,65936034.235303596,0.6886372161099642
0.0,121712066.66666667,discharging,121712066.66666667,0.0,121712066.66666667,0.0,862.4540866085814,0.0,0.7690993240956032,20,224,0.0,29.59,123248533.53247185,1.0,654.15,1445.0192143042436,11210.616829292212,2545018854.4467263,2380556550.802505,370.2579452010316,1181790643.2066853,26635127.34252353,1155155515.8641617,0.32656894332233033,11.778455317772714,1620107450.587442,66209229.02796902,0.6850169543051734
0.0,121712066.66666667,discharging,121712066.66666667,0.0,121712066.66666667,0.0,862.4540866085814,0.0,0.6601577552608351,21,224,0.0,27.89,123248533.53247185,1.0,654.15,1445.0192143073962,11210.616829316208,2545018854.4521737,2380556550.807359,370.2579452010144,1181790643.2010982,26635127.341791168,1155155515.859307,0.32656894332095787,11.7784553177383,1630180838.0948784,66529526.371094,0.680820686931375
0.0,121712066.66666667,discharging,121712066.66666667,0.0,121712066.66666667,0.0,862.4540866085814,0.0,0.551216186426067,22,224,0.0,27.87,123248533.53247185,1.0,654.15,1445.0192142054846,11210.616829643148,2545018854.5263953,2380556550.873536,370.25794520078045,1181790643.2176294,26635127.424498897,1155155515.7931306,0.3265689433022494,11.778455317268717,1630299348.536142,66533294.575130746,0.6807716249936496
0.0,121712066.66666667,discharging,121712066.66666667,0.0,121712066.66666667,0.0,862.4540866085814,0.0,0.4422746175912987,23,224,0.0,27.04,123248533.53247185,1.0,654.15,1445.0192141534687,11210.616829418876,2545018854.4754815,2380556550.8281426,370.257945200941,1181790643.1806164,26635127.342091937,1155155515.8385243,0.32656894331508246,11.778455317590808,1635217531.8485966,66689675.04265648,0.6787417734416678
0.0,121712066.66666667,discharging,121712066.66666667,0.0,121712066.66666667,0.0,862.4540866085814,0.0,0.3333330487565305,0,225,0.0,25.5,123248533.53247185,1.0,654.15,1445.0192143073973,11210.616829230215,2545018854.432652,2380556550.7899575,370.25794520107604,1181790643.2184448,26635127.341734808,1155155515.87671,0.32656894332587777,11.778455317861747,1644342835.8259215,66979826.75348735,0.6750074320500085
0.0,121712066.66666667,discharging,121712066.66666667,0.0,121712066.66666667,0.0,862.4540866085814,0.0,0.22439147992176237,1,225,0.0,24.58,123248533.53247185,1.0,654.15,1445.0192143073898,11210.616829316188,2545018854.4521694,2380556550.807355,370.2579452010144,1181790643.2010963,26635127.341784332,1155155515.859312,0.32656894332095926,11.778455317738338,1649794316.1240637,67153164.13917851,0.6727960692671879
0.0,121712066.66666667,discharging,121712066.66666667,0.0,121712066.66666667,0.0,862.4540866085814,0.0,0.11544991108699418,2,225,0.0,24.08,123248533.53247185,1.0,654.15,1445.0192143042389,11210.616829292143,2545018854.4467106,2380556550.8024907,370.2579452010316,1181790643.2066827,26635127.34250543,1155155515.8641772,0.3265689433223347,11.778455317772837,1652757077.1556628,67247369.24009761,0.6716003079438462
0.0,121712066.66666667,discharging,121712066.66666667,0.0,121712066.66666667,0.0,862.4540866085814,0.0,0.006508342252225991,3,225,0.0,23.42,123248533.53247185,1.0,654.15,1445.019214204252,11210.61682964427,2545018854.52665,2380556550.8737593,370.25794520077955,1181790643.217425,26635127.424516212,1155155515.792909,0.3265689433021867,11.778455317267182,1656667921.7173731,67371719.97331083,0.6700283960176825
0.0,121712066.66666667,shutdown,0.0,0.0,0.0,0.0,0.0,0.0,0.006508342252225991,4,225,0.0,22.77,0.0,1.0,567.279923475184,1445.0192143073837,11210.616829316139,2545018854.4521585,2259509895.5924034,362.89907080586624,1179588764.8835347,25103923.74415586,1154484841.1393788,0.3381619335499059,,1660519511.0584524,0.0,0.6952552098610899
0.0,121712066.66666667,shutdown,0.0,0.0,0.0,0.0,0.0,0.0,0.006508342252225991,5,225,0.0,22.47,0.0,1.0,567.279923475184,1445.0192143395402,11210.616829503691,2545018854.494736,2259509895.6302304,362.89907080586624,1179588764.9295402,25103923.82796097,1154484841.1015792,0.33816193353883395,,1662297167.6774113,0.0,0.6945117055782777
91265818.68633026,121712066.66666667,direct_plus_discharge,98537090.75047557,0.0,7271272.064145312,0.0,51.52437616345576,0.0,0.0,6,225,345.21605224599637,22.02,99632346.65634555,381.3684267018744,665.1497192224402,1445.0192141652358,11210.61682943567,2545018854.4792943,2359188154.97625,368.721924398901,1179542852.1557107,26193916.381457295,1153348935.7742534,0.32824974897325476,14.529648479317078,1664963652.6058505,55419023.08021593,0.6704025517545465
177267730.14750463,121712066.66666667,charging,121712066.66666667,55555663.480837956,0.0,393.66851878805625,0.0,0.0,0.04972654974164921,7,225,593.9030859316871,23.4,123664057.03979397,740.7407978633737,665.9672682180195,1445.0192143073928,11210.616829316235,2545018854.4521804,2380932667.9729023,370.2850064472538,1181830049.5428839,27050650.849120453,1154779398.6937635,0.3264242675603422,11.736155752177883,1656786432.1586375,68597422.58900698,0.6692883995154006
216782158.79366344,121712066.66666667,charging,121712066.66666667,95070092.12699677,0.0,673.6685335706185,0.0,0.0,0.13482152240320103,8,225,722.1782114733606,26.76,124098585.06548199,905.8579874280817,665.9679068814631,1445.019214202326,11210.616829619032,2545018854.5209208,2381325992.66452,370.313306636348,1181871252.9603574,27485178.958209384,1154386074.0021482,0.3262730097106051,11.692224470658028,1636876678.026292,68212398.56548706,0.6770239102754649
222353768.58314177,121712066.66666667,charging,121712066.66666667,100641701.9164751,0.0,713.1490695891559,0.0,0.0,0.22490351014077858,9,225,771.0964141880625,28.89,124159854.34570903,929.1398260199534,665.9679965752821,1445.0192143426812,11210.616829613668,2545018854.519703,2381381452.6177673,370.31729712060394,1181877062.287029,27546448.238131512,1154330614.0488975,0.326251684934784,11.686054804874347,1624255316.0316806,67848976.64674029,0.6821864462158624
214477952.63811052,121712066.66666667,charging,121712066.66666667,92765885.97144385,0.0,657.3408836533114,0.0,0.0,0.3079360428127758,10,225,785.9009285320927,30.53,124073246.41866921,896.2295034130434,665.9678697616612,1445.0192143061563,11210.616829231274,2545018854.4328923,2381303056.486894,370.31165633141075,1181868850.407706,27459840.22793049,1154409010.1797755,0.3262818290571849,11.694777791180936,1614537459.848036,67496097.304995,0.6863174668962609
212774287.953587,121712066.66666667,charging,121712066.66666667,91062221.28692032,0.0,645.2686823538126,0.0,0.0,0.3894436658469416,11,225,810.7638136376465,31.88,124054511.74181294,889.110475394497,665.9678423065996,1445.0192141936905,11210.616829712208,2545018854.5420732,2381286098.294716,370.3104361450039,1181867074.006505,27441105.634553008,1154425968.371952,0.3262883498659321,11.696666313384535,1606538005.0627182,67234429.28025742,0.6897150082562518
223548133.70686993,121712066.66666667,charging,121712066.66666667,101836067.04020326,0.0,721.6123642325967,0.0,0.0,0.4805947013289539,12,225,852.7811701387106,33.13,124172988.41184504,934.1306665635442,665.9680157911102,1445.0192142005371,11210.61682973321,2545018854.546841,2381393341.398541,370.318152549012,1181878307.5720186,27559582.3038918,1154318725.2681267,0.3262471137077607,11.684733028802507,1599131102.4837208,67065586.871544875,0.6927865915486785
234982965.68408406,121712066.66666667,charging,121712066.66666667,113270899.01741739,0.0,802.6398074313057,0.0,0.0,0.5819807822676452,13,225,863.9078800341658,34.05,124298733.74420519,981.9128915358339,665.968199557954,1445.0192143513098,11210.616829520497,2545018854.4985514,2381507164.362635,370.32634246694806,1181890229.940645,27685327.63661185,1154204902.304033,0.32620335058104627,11.672092503551742,1593679622.1855786,66961805.29692288,0.6950355948025361
238628269.7973373,121712066.66666667,charging,121712066.66666667,116916203.13067062,0.0,828.4705037255076,0.0,0.0,0.6866296880013935,14,225,827.0649594808425,34.53,124338820.03302997,997.1453620766405,665.9682580628998,1445.0192143042416,11210.616829292176,2545018854.446718,2381543449.9878006,370.3289533493694,1181894030.5219395,27725413.843071405,1154168616.678868,0.32618939999310015,11.668068210216221,1590835371.595244,66893787.65410032,0.696234731855414
245629919.26323166,121712066.66666667,charging,121712066.66666667,123917852.596565,0.0,878.0843288805708,0.0,0.0,0.797545603228413,15,225,801.8530411916443,34.41,124415815.02000287,1026.4028440075626,665.9683703296212,1445.019214306144,11210.616829231181,2545018854.4328713,2381613145.125761,370.3339681832075,1181901330.3701477,27802408.829242513,1154098921.5409052,0.32616260549196674,11.660345895633188,1591546434.2428277,66957638.667554416,0.6958674026743059
207908559.12581715,121712066.66666667,charging,121712066.66666667,86196492.45915048,0.0,610.7900326457916,0.0,0.0,0.8746980284047235,16,225,668.8210770893037,33.88,124001004.8175447,868.7782702544529,665.9677638483382,1445.0192142054827,11210.616829729137,2545018854.5459166,2381237664.856153,370.30695126202716,1181862000.5201392,27387598.70962503,1154474401.8105142,0.32630697397725883,11.702063145420853,1594686960.9363222,66833029.7655256,0.6948302808700177
200142476.348082,121712066.66666667,charging,121712066.66666667,78430409.68141533,0.0,555.7594180811591,0.0,0.0,0.9448992180570804,17,225,645.8913573843188,32.82,123915603.5924125,836.3264847644152,665.9676384827104,1445.019214304231,11210.616829292103,2545018854.4467015,2381160361.384537,370.30138915773216,1181853902.684566,27302197.402434718,1154551705.2821312,0.3263367006578097,11.710686564237829,1600968014.3233123,66984222.78605404,0.6921971022881442
126480858.35141088,121712066.66666667,charging,121712066.66666667,4768791.684744209,0.0,33.79175121523967,0.0,0.0,0.9491676497895317,18,225,443.9610315149826,31.46,123105569.42179124,528.5199503131745,665.9664407512684,1445.0192143426827,11210.616829527653,2545018854.500176,2380427145.934181,370.2486348405155,1181777084.046637,26492163.314123534,1155284920.7325134,0.3266187276738159,11.79307481937431,1609026724.3292618,66797645.768356904,0.6893830531090898
0.0,121712066.66666667,discharging,121712066.66666667,0.0,121712066.66666667,0.0,862.4540866085814,0.0,0.8402260809547636,19,225,0.0,29.6,123248533.53247136,1.0,654.1499999999995,1445.0192142042351,11210.616829730221,2545018854.5461626,2380556550.8911567,370.257945200718,1181790643.200069,26635127.42455823,1155155515.7755108,0.3265689432972682,11.778455317143775,1620048195.3668098,66207344.925950326,0.6850417912192347
0.0,121712066.66666667,discharging,121712066.66666667,0.0,121712066.66666667,0.0,862.4540866085814,0.0,0.7312845121199953,20,225,0.0,28.27,123248533.53247185,1.0,654.15,1445.0192143444672,11210.616829499524,2545018854.49379,2380556550.8444657,370.2579452008832,1181790643.2477846,26635127.425583337,1155155515.8222013,0.3265689433104678,11.778455317474993,1627929139.710863,66457930.49439547,0.6817542084302292
0.0,121712066.66666667,discharging,121712066.66666667,0.0,121712066.66666667,0.0,862.4540866085814,0.0,0.6223429432852272,21,225,0.0,26.65,123248533.53247185,1.0,654.15,1445.0192141603204,11210.616829439885,2545018854.480251,2380556550.832395,370.257945200926,1181790643.1756713,26635127.34139949,1155155515.834272,0.3265689433138803,11.778455317560635,1637528485.453244,66763155.02137338,0.6777921620929738
0.0,121712066.66666667,discharging,121712066.66666667,0.0,121712066.66666667,0.0,862.4540866085814,0.0,0.5134013744504591,22,225,0.0,26.53,123248533.53247185,1.0,654.15,1445.0192143024603,11210.616829320361,2545018854.453117,2380556550.808202,370.25794520101147,1181790643.2002435,26635127.34177829,1155155515.8584652,0.32656894332071984,11.778455317732307,1638239548.1008277,66785764.24559398,0.6775005083465672
0.0,121712066.66666667,discharging,121712066.66666667,0.0,121712066.66666667,0.0,862.4540866085814,0.0,0.40445980561569084,23,225,0.0,25.79,123248533.53247185,1.0,654.15,1445.0192143042293,11210.616829206028,2545018854.427161,2380556550.785062,370.2579452010934,1181790643.2240217,26635127.34241683,1155155515.881605,0.3265689433272616,11.77845531789648,1642624434.427594,66925187.79495426,0.6757075084956073
0.0,121712066.66666667,discharging,121712066.66666667,0.0,121712066.66666667,0.0,862.4540866085814,0.0,0.29551823678092265,0,226,0.0,25.02,123248533.53247185,1.0,654.15,1445.0192142005446,11210.616829733266,2545018854.546854,2380556550.8917727,370.2579452007159,1181790643.199428,26635127.424535085,1155155515.774893,0.3265689432970936,11.778455317139347,1647187086.4162567,67070263.6503697,0.6738518669498467
0.0,121712066.66666667,discharging,121712066.66666667,0.0,121712066.66666667,0.0,862.4540866085814,0.0,0.1865766679461545,1,226,0.0,24.26,123248533.53247185,1.0,654.15,1445.0192142054814,11210.616829643113,2545018854.5263877,2380556550.8735285,370.25794520078045,1181790643.217627,26635127.424489405,1155155515.7931376,0.3265689433022514,11.778455317268772,1651690483.184287,67213455.40376672,0.6720302920138796
0.0,121712066.66666667,discharging,121712066.66666667,0.0,121712066.66666667,0.0,862.4540866085814,0.0,0.0776350991113863,2,226,0.0,23.55,123248533.53247185,1.0,654.15,1445.0192142993005,11210.616829296263,2545018854.447646,2380556550.803327,370.25794520102875,1181790643.2058237,26635127.342485037,1155155515.8633387,0.3265689433220976,11.778455317766863,1655897603.8491573,67347226.64707187,0.6703374328595535
0.0,121712066.66666667,discharging,86735747.059507,0.0,86735747.059507,0.0,614.6112012984748,0.0,0.0,3,226,0.0,22.88,87831436.66502665,1.0,654.15,1445.019214351313,11210.616829606533,2545018854.518083,2348516536.270256,367.9559213727244,1178413560.9539125,26194350.16466193,1152219210.7892506,0.32903331631706634,16.456111988320146,1659867703.6315002,48084069.55358762,0.6746204599445599
0.0,121712066.66666667,shutdown,0.0,0.0,0.0,0.0,0.0,0.0,0.0,4,226,0.0,22.43,0.0,1.0,567.279923475184,1445.0192143024658,11210.61682923433,2545018854.433586,2259509895.5759406,362.89907080586624,1179588764.8999686,25103923.744097877,1154484841.1558707,0.33816193355473656,,1662534188.5599391,0.0,0.6944126918411628
0.0,121712066.66666667,shutdown,0.0,0.0,0.0,0.0,0.0,0.0,0.0,5,226,0.0,22.02,0.0,1.0,567.279923475184,1445.0192141973873,11210.61682970917,2545018854.5413837,2259509895.671645,362.89907080586624,1179588764.88779,25103923.82762375,1154484841.0601661,0.3381619335267036,,1664963652.6058505,0.0,0.6933994260194635
68319115.99183398,121712066.66666667,direct_partial,68319115.99183398,0.0,0.0,0.0,0.0,0.0,0.0,6,226,273.9574830006258,21.28,69073031.94423538,285.482058392701,665.8221765299567,1445.019214311082,11210.61682922711,2545018854.431947,2331561740.5100436,366.7405622649372,1176609951.9101899,25852576.42834027,1150757375.4818497,0.33038565798877384,20.877880598387815,1669348538.9326172,38528581.01991834,0.6737940113126119
166566421.51986408,121712066.66666667,charging,121712066.66666667,44854354.85319741,0.0,317.83883640130637,0.0,0.0,0.04014806354542817,7,226,561.1851679736993,22.34,123546378.03823474,696.0237143624754,665.9670944833418,1445.0192143061463,11210.616829317281,2545018854.452418,2380826148.6097355,370.2773424038427,1181818889.9044895,26932971.847555466,1154885918.056934,0.3264652373822396,11.74810639645839,1663067485.545627,68728775.86400127,0.6668717006681218
215728876.29290324,121712066.66666667,charging,121712066.66666667,94016809.62623657,0.0,666.2049531548672,0.0,0.0,0.12430026815446404,8,226,719.2907003342848,26.12,124087002.44158365,901.4566825806658,665.9678899153976,1445.019214193712,11210.616829712364,2545018854.542109,2381315508.292931,370.31255225983193,1181870154.7081048,27473596.334368955,1154396558.373736,0.3262770411177292,11.693391496827322,1640669012.1467385,68325279.11673939,0.6754829809994731
224926105.24906868,121712066.66666667,charging,121712066.66666667,103214038.582402,0.0,731.3766975509556,0.0,0.0,0.21668469310826893,9,226,780.6413912480513,28.63,124188141.54132894,939.8887351006294,665.9680379558932,1445.0192143513204,11210.616829520584,2545018854.4985714,2381407057.743553,370.31913948175634,1181879744.3568757,27574735.43375975,1154305008.923116,0.32624183981925564,11.68320840753677,1625795951.7681117,67912922.2839982,0.6815250404643046
220930669.0464534,121712066.66666667,charging,121712066.66666667,99218602.37978671,0.0,703.0649584185762,0.0,0.0,0.30549289838219434,10,226,810.0381367570728,30.73,124144204.95754604,923.1931831348186,665.9679736741068,1445.0192142042374,11210.6168297302,2545018854.546158,2381367287.0599937,370.3162778693411,1181875578.456302,27530798.849625014,1154344779.6066768,0.3262571316311082,11.687630080673475,1613352355.435396,67497425.391897,0.686762608279321
219059927.64658085,121712066.66666667,charging,121712066.66666667,97347860.97991417,0.0,689.8088482440063,0.0,0.0,0.3926266476340688,11,226,836.1417860197088,32.43,124123632.98940739,915.3759990597179,665.9679435605029,1445.019214304249,11210.616829206208,2545018854.427202,2381348665.540767,370.3149380113924,1181873627.9253018,27510226.799401373,1154363401.1259005,0.3262642917174049,11.689701471095976,1603278967.9279594,67169390.46818729,0.6910500377480949
215954641.86316925,121712066.66666667,charging,121712066.66666667,94242575.19650258,0.0,667.8047324045673,0.0,0.0,0.4769809296220141,12,226,829.6831732105509,33.45,124089485.11616348,902.400079150982,665.9678935522513,1445.019214307399,11210.616829316234,2545018854.45218,2381317755.486451,370.31271395666886,1181870390.1057043,27476078.925490268,1154394311.180214,0.32627617702617623,11.693141333096724,1597234935.4234974,66960850.98084435,0.6936649645498719
231844327.29299992,121712066.66666667,charging,121712066.66666667,110132260.62633325,0.0,780.3993543611053,0.0,0.0,0.5755576901728906,13,226,857.1960895966633,34.16,124264219.10258809,968.7976025654065,665.9681491545031,1445.0192141652503,11210.616829435774,2545018854.4793177,2381475922.1049457,370.32409448355975,1181886957.4732578,27650812.911537178,1154236144.5617206,0.32621536241701876,11.675559534908414,1593027814.7586272,66922682.242456816,0.69534371455474
249417846.9452652,121712066.66666667,charging,121712066.66666667,127705780.27859853,0.0,904.9256585746488,0.0,0.0,0.6898640891507409,14,226,865.7588440777492,34.41,124457469.69637181,1042.231289326414,665.9684310086868,1445.0192141620935,11210.616829325665,2545018854.454321,2381650850.6429415,370.3366812503467,1181905279.5296924,27844063.50596687,1154061216.0237255,0.3261481099906376,11.656172066032052,1591546434.2428277,66980061.46271215,0.6958352604025093
248197399.33529735,121712066.66666667,charging,121712066.66666667,126485332.66863067,0.0,896.2775429232141,0.0,0.0,0.8030780945726206,15,226,812.0476342772633,34.26,124444048.80915186,1037.1314590549607,665.9684114626829,1445.019214342687,11210.616829613715,2545018854.5197134,2381638702.210242,370.33580711484535,1181904007.1580102,27830642.701586474,1154073364.4564238,0.32615278030037587,11.657516543458765,1592435262.5523074,67000866.24077717,0.6954611536002814
228817885.22712928,121712066.66666667,charging,121712066.66666667,107105818.56046261,0.0,758.9539266473296,0.0,0.0,0.8989459589912305,16,226,731.8162020293619,33.87,124230938.24947178,956.1511434005325,665.9681005263405,1445.0192143463833,11210.616829524653,2545018854.499495,2381445796.7250056,370.32192686597983,1181883802.083533,27617532.14187116,1154266269.9416618,0.326226945071237,11.67890445457818,1594746216.1569543,66958851.74681767,0.6946276401490187
185089590.11027348,121712066.66666667,charging,121712066.66666667,63377523.44360681,0.0,449.09437157753626,0.0,0.0,0.9556736690852352,17,226,601.0778335995009,32.92,123750071.62946825,773.4256570014459,665.9673949964955,1445.019214295621,11210.61682929936,2545018854.4483495,2381010525.9433355,370.2906083522819,1181838206.162802,27136665.439487107,1154701540.7233148,0.3263943233252386,11.727435094789817,1600375462.1169925,66876139.49975691,0.6925778566375885
105282473.41716293,121712066.66666667,direct_plus_discharge,121712066.66666667,0.0,16429593.249503747,0.0,116.42041933408358,0.0,0.9409679319061931,18,226,378.58003173303143,31.72,123076874.06710897,439.9391998485321,664.3362756625685,1445.0192142005467,11210.61682973325,2545018854.54685,2380401172.2546086,370.2467661078456,1181774362.371226,26463467.95916877,1155310894.4120574,0.32662872070507837,11.796013295986974,1607486088.5928297,66595769.58517035,0.6901161306827905
0.0,121712066.66666667,discharging,121712066.66666667,0.0,121712066.66666667,0.0,862.4540866085814,0.0,0.832026363071425,19,226,0.0,30.08,123248533.53247185,1.0,654.15,1445.0192143427037,11210.616829527778,2545018854.5002046,2380556550.8501835,370.25794520086305,1181790643.241352,26635127.424868997,1155155515.816483,0.3265689433088513,11.778455317434426,1617203944.7764747,66116908.0290683,0.686236087369332
0.0,121712066.66666667,discharging,121712066.66666667,0.0,121712066.66666667,0.0,862.4540866085814,0.0,0.7230847942366567,20,226,0.0,28.58,123248533.53247185,1.0,654.15,1445.01921434078,11210.616829588625,2545018854.514018,2380556550.8625007,370.25794520081945,1181790643.2297993,26635127.425632015,1155155515.8041673,0.32656894330536956,11.77845531734703,1626092227.8712716,66399523.33182563,0.6825176636654401
0.0,121712066.66666667,discharging,121712066.66666667,0.0,121712066.66666667,0.0,862.4540866085814,0.0,0.6141432254018886,21,226,0.0,26.91,123248533.53247185,1.0,654.15,1445.0192141652353,11210.616829349627,2545018854.4597607,2380556550.8141274,370.25794520099055,1181790643.1938612,26635127.341323562,1155155515.8525376,0.3265689433190441,11.778455317690224,1635987849.7168124,66714168.36889545,0.6784249408192052
0.0,121712066.66666667,discharging,121712066.66666667,0.0,121712066.66666667,0.0,862.4540866085814,0.0,0.5052016565671203,22,226,0.0,26.67,123248533.53247185,1.0,654.15,1445.019214307396,11210.616829316255,2545018854.4521847,2380556550.807368,370.2579452010144,1181790643.2010999,26635127.341802437,1155155515.8592975,0.32656894332095515,11.778455317738233,1637409975.0119796,66759386.81733662,0.6778407954825055
0.0,121712066.66666667,discharging,121712066.66666667,0.0,121712066.66666667,0.0,862.4540866085814,0.0,0.39626008773235216,23,226,0.0,25.96,123248533.53247185,1.0,654.15,1445.0192141571617,11210.616829415809,2545018854.4747853,2380556550.8275266,370.25794520094325,1181790643.181252,26635127.34211176,1155155515.8391402,0.3265689433152566,11.778455317595137,1641617095.6768503,66893158.06064177,0.676118573659217
0.0,121712066.66666667,discharging,121712066.66666667,0.0,121712066.66666667,0.0,862.4540866085814,0.0,0.28731851889758403,0,227,0.0,25.0,123248533.53247185,1.0,654.15,1445.0192143073841,11210.616829230123,2545018854.432631,2380556550.7899404,370.25794520107615,1181790643.2184358,26635127.34170898,1155155515.8767269,0.32656894332588254,11.778455317861852,1647305596.8575206,67074031.85440644,0.6738038043211207
0.0,121712066.66666667,discharging,121712066.66666667,0.0,121712066.66666667,0.0,862.4540866085814,0.0,0.17837695006281581,1,227,0.0,24.02,123248533.53247185,1.0,654.15,1445.0192143463862,11210.616829610692,2545018854.519027,2380556550.866965,370.25794520080365,1181790643.2246401,26635127.424937688,1155155515.7997024,0.3265689433041073,11.778455317315366,1653112608.4794548,67258673.85220791,0.6714571021169866
0.0,121712066.66666667,discharging,121712066.66666667,0.0,121712066.66666667,0.0,862.4540866085814,0.0,0.06943538122804764,2,227,0.0,23.35,123248533.53247185,1.0,654.15,1445.0192141534753,11210.61682933289,2545018854.455961,2380556550.81074,370.2579452010025,1181790643.1979659,26635127.342038885,1155155515.855927,0.3265689433200023,11.77845531771428,1657082708.261797,67384908.6874395,0.6698621096170643
0.0,121712066.66666667,discharging,77574830.61283411,0.0,77574830.61283411,0.0,549.6967680553771,0.0,0.0,3,227,0.0,22.96,78555072.8614442,1.0,654.15,1445.019214163993,11210.616829436744,2545018854.479538,2340130771.024396,367.3545492296628,1177522962.3126376,26078902.72420107,1151444059.5884366,0.32968529788853423,18.37816649478404,1659393661.8664443,42996038.04526712,0.6763692588413523
0.0,121712066.66666667,shutdown,0.0,0.0,0.0,0.0,0.0,0.0,0.0,4,227,0.0,22.73,0.0,1.0,567.279923475184,1445.0192143110648,11210.616829313032,2545018854.451453,2259509896.346261,362.89907080586624,1179588764.1296885,25103923.744163986,1154484840.3855245,0.3381619333290933,,1660756531.9409797,0.0,0.6951559835421757
0.0,121712066.66666667,shutdown,0.0,0.0,0.0,0.0,0.0,0.0,0.0,5,227,0.0,22.43,0.0,1.0,567.279923475184,1445.0192143358515,11210.616829506731,2545018854.495426,2259509895.630843,362.89907080586624,1179588764.9289012,25103923.827934746,1154484841.1009665,0.3381619335386545,,1662534188.5599391,0.0,0.6944126918081384
44316178.79813874,121712066.66666667,direct_partial,44316178.79813874,0.0,0.0,0.0,0.0,0.0,0.0,6,227,199.74420760721517,21.37,44806141.82835836,185.18204985122787,665.6445681649892,1445.0192143513145,11210.616829606535,2545018854.5180836,2309643957.027672,365.1727048404132,1174260845.3598711,25588623.589362554,1148672221.7705085,0.3321007812144422,32.0863210840445,1668815241.9469292,24981290.06450048,0.6781642305090971
139674837.35602173,121712066.66666667,charging,121712066.66666667,17962770.68935506,0.0,127.2845446809748,0.0,0.0,0.016078047749175765,7,227,479.16234393412975,22.9,123250659.55324827,583.6530449080889,665.9666564394979,1445.0192141652485,11210.616829349688,2545018854.4597745,2380558475.2003756,370.2580836565111,1181790844.82841,26637253.362117868,1155153591.4662921,0.3265682030043602,11.778238166783938,1659749193.1902366,68460592.50121403,0.6684105141807881
192108058.81733632,121712066.66666667,charging,121712066.66666667,70395992.15066965,0.0,498.8273782047137,0.0,0.0,0.07908782183819223,8,227,646.3029270298064,26.53,123827251.57248507,802.7534207490996,665.967508603776,1445.019214299304,11210.616829296278,2545018854.4476495,2381080387.223203,370.2956349228851,1181845524.8259637,27213845.382501733,1154631679.443462,0.3263674558813616,11.719620454817868,1638239548.1008277,68105988.49008381,0.6766693232311479
209777472.38874894,121712066.66666667,charging,121712066.66666667,88065405.72208227,0.0,624.0331886062182,0.0,0.0,0.15791306671476718,9,227,732.6392208858144,29.0,124021556.68222113,876.5878151748374,665.9677939919363,1445.0192143426968,11210.616829613798,2545018854.5197325,2381256267.9770627,370.3082897939081,1181863949.2642848,27408150.574678533,1154455798.6896064,0.32629982044886047,11.699989686350557,1623603508.6047287,67752899.71472393,0.6825621099202175
219353337.94925135,121712066.66666667,charging,121712066.66666667,97641271.2825847,0.0,691.8879593915007,0.0,-1.4901161193847656e-08,0.24530944053264092,10,227,807.0450944117049,30.95,124126859.53231479,916.6020596716605,665.9679482842312,1445.0192142054675,11210.616829643035,2545018854.5263696,2381351586.2428927,370.31514815657385,1181873933.848084,27513453.424307745,1154360480.4237761,0.32626316869157274,11.68937654476372,1612048740.5814924,67446987.65405627,0.6873256424632462
225857860.29978666,121712066.66666667,charging,121712066.66666667,104145793.63311999,0.0,737.9791320771124,0.0,0.0,0.33852785721606565,11,227,863.9786626640154,32.45,124198387.76520947,943.782218585222,665.9680529401892,1445.019214339547,11210.616829589791,2545018854.5142827,2381416332.4911313,370.3198068254212,1181880715.8339336,27584981.658401415,1154295734.175532,0.3262382737403841,11.682177701528376,1603160457.4866955,67206123.44640324,0.6910433597939444
129211089.13347593,121712066.66666667,charging,121712066.66666667,7499022.466809258,0.0,53.138219974375666,0.0,0.0,0.34524005342335523,12,227,524.6023195214152,33.56,123135592.93039472,539.92864453042,665.9664854252752,1445.0192141603052,11210.616829353734,2545018854.4606934,2380454321.829349,370.2505900727909,1181779931.576541,26522186.739271753,1155257744.8372693,0.326608272282878,11.790001802095345,1596583127.9965458,66425655.51730698,0.6946792802839372
16585844.428419784,121712066.66666667,direct_plus_discharge,121712066.66666667,0.0,105126222.23824689,0.0,744.9264683624737,0.0,0.25114407847230596,13,227,123.5619927125635,34.19,123219273.82608302,69.30653213036815,655.5921298411166,1445.0192143426812,11210.616829613675,2545018854.5197043,2380530066.202364,370.25603968734254,1181787868.1828098,26605867.718505524,1155182000.4643042,0.326579132091742,11.781444652963554,1592850049.0967312,65454377.18693905,0.6966043038630221
73727533.90628672,121712066.66666667,direct_plus_discharge,121712066.66666667,0.0,47984532.760379955,0.0,340.0193383169873,0.0,0.20819426731647597,14,227,298.74714106228674,34.58,123127534.56945387,308.0819743379026,661.0334137297937,1445.0192143395418,11210.616829589693,2545018854.5142603,2380447027.808509,370.25006528437086,1181779167.320773,26514128.462617423,1155265038.8581555,0.32661107850010745,11.79082645780626,1590539095.492084,65808138.26349633,0.6974775670912448
85743995.13348672,121712066.66666667,direct_plus_discharge,121712066.66666667,0.0,35968071.53317995,0.0,254.87045886894398,0.0,0.17600010409092515,15,227,317.3682718934737,33.91,123108242.50388296,358.29462764780743,662.2642794358454,1445.0192141640011,11210.61682935077,2545018854.4600205,2380429565.4510922,370.2488089205141,1181777337.5283318,26494836.31275696,1155282501.2155747,0.32661779680165004,11.792801158988341,1594509195.2744267,66028888.963263385,0.6957277958162188
0.0,121712066.66666667,discharging,121712066.66666667,0.0,121712066.66666667,0.0,862.4540866085814,0.0,0.06705853525615696,16,227,0.0,33.07,123248533.53247178,1.0,654.15,1445.0192142091623,11210.616829726041,2545018854.5452137,2380556550.8903084,370.2579452007209,1181790643.2009203,26635127.424562287,1155155515.7763581,0.32656894329750774,11.778455317149765,1599486633.8075128,65553561.52557197,0.6937703480156968
113654841.58698395,121712066.66666667,direct_plus_discharge,121712066.66666667,0.0,8057225.079682723,0.0,57.09365461461381,0.0,0.05984670519957416,17,227,389.96890151098086,32.16,123063432.48288101,474.92444320308203,665.2521228326909,1445.0192143407771,11210.616829502564,2545018854.49448,2380389005.5093765,370.2458907513453,1181773087.5332572,26450026.375965644,1155323061.1572917,0.32663340174996514,11.797390219712737,1604878858.885023,66584850.48097469,0.6912043944977524
69491067.8697694,121712066.66666667,direct_plus_discharge,121712066.66666667,0.0,52220998.79689728,0.0,370.03901956995117,0.0,0.013104934306527701,18,227,269.71015258647583,31.21,123134336.08772965,290.37924170066685,660.6070502315936,1445.0192143024508,11210.616829320277,2545018854.453098,2380453184.184579,370.25050822285743,1181779812.3791008,26520929.897005565,1155258882.4820952,0.3266087099648799,11.790130414609939,1610508104.8450613,66402930.45328667,0.6889207943440823
0.0,121712066.66666667,shutdown,0.0,0.0,0.0,0.0,0.0,0.0,0.013104934306527701,19,227,0.0,29.78,0.0,1.0,567.279923475184,1445.019214342697,11210.616829613753,2545018854.5197225,2259509896.4068756,362.89907080586624,1179588764.1522195,25103923.827303294,1154484840.3249161,0.3381619333113404,,1618981601.3954344,0.0,0.7130932428940769
0.0,121712066.66666667,shutdown,0.0,0.0,0.0,0.0,0.0,0.0,0.013104934306527701,20,227,0.0,27.96,0.0,1.0,567.279923475184,1445.019214202336,11210.616829619108,2545018854.520938,2259509895.653493,362.89907080586624,1179588764.9059227,25103923.827605218,1154484841.0783174,0.33816193353202034,,1629766051.5504544,0.0,0.7083745792716782
0.0,121712066.66666667,shutdown,0.0,0.0,0.0,0.0,0.0,0.0,0.013104934306527701,21,227,0.0,27.17,0.0,1.0,567.279923475184,1445.0192143463737,11210.616829610633,2545018854.519014,2259509895.651785,362.89907080586624,1179588764.9073324,25103923.8273059,1154484841.0800266,0.338161933532521,,1634447213.9803808,0.0,0.7063457487063786
0.0,121712066.66666667,shutdown,0.0,0.0,0.0,0.0,0.0,0.0,0.013104934306527701,22,227,0.0,26.24,0.0,1.0,567.279923475184,1445.0192143074023,11210.616829230255,2545018854.432661,2259509895.5751195,362.89907080586624,1179588764.900822,25103923.74413129,1154484841.1566906,0.33816193355497676,,1639957949.4991548,0.0,0.7039722216714591
0.0,121712066.66666667,shutdown,0.0,0.0,0.0,0.0,0.0,0.0,0.013104934306527701,23,227,0.0,25.22,0.0,1.0,567.279923475184,1445.0192141620887,11210.61682941168,2545018854.473848,2259509895.6116858,362.89907080586624,1179588764.8646362,25103923.744512293,1154484841.1201239,0.33816193354426594,,1646001982.0036168,0.0,0.7013872727630696
0.0,121712066.66666667,shutdown,0.0,0.0,0.0,0.0,0.0,0.0,0.013104934306527701,0,228,0.0,24.33,0.0,1.0,567.279923475184,1445.0192143476302,11210.616829609673,2545018854.518796,2259509895.6515913,362.89907080586624,1179588764.9075525,25103923.827333182,1154484841.0802193,0.3381619335325774,,1651275696.6398633,0.0,0.6991472371509189
0.0,121712066.66666667,shutdown,0.0,0.0,0.0,0.0,0.0,0.0,0.013104934306527701,1,228,0.0,23.03,0.0,1.0,567.279923475184,1445.0192142091537,11210.616829639908,2545018854.52566,2259509895.6576853,362.89907080586624,1179588764.9009793,25103923.82685273,1154484841.0741265,0.33816193353079277,,1658978875.3220208,0.0,0.6959008690511698
0.0,121712066.66666667,shutdown,0.0,0.0,0.0,0.0,0.0,0.0,0.013104934306527701,2,228,0.0,22.16,0.0,1.0,567.279923475184,1445.019214295619,11210.61682929938,2545018854.448354,2259509895.5890517,362.89907080586624,1179588764.8876228,25103923.744863898,1154484841.1427588,0.33816193355089597,,1664134079.5170026,0.0,0.693745086620566
0.0,121712066.66666667,shutdown,0.0,0.0,0.0,0.0,0.0,0.0,0.013104934306527701,3,228,0.0,21.58,0.0,1.0,567.279923475184,1445.0192143427062,11210.61682952778,2545018854.5002046,2259509895.6350856,362.89907080586624,1179588764.9239786,25103923.827253334,1154484841.0967252,0.3381619335374122,,1667570882.3136578,0.0,0.6923153032601196
0.0,121712066.66666667,shutdown,0.0,0.0,0.0,0.0,0.0,0.0,0.013104934306527701,4,228,0.0,21.2,0.0,1.0,567.279923475184,1445.019214200553,11210.616829733332,2545018854.546869,2259509895.6765146,362.89907080586624,1179588764.8822327,25103923.82693709,1154484841.0552955,0.33816193352527696,,1669822580.6976726,0.0,0.691381739833065
0.0,121712066.66666667,shutdown,0.0,0.0,0.0,0.0,0.0,0.0,0.013104934306527701,5,228,0.0,21.06,0.0,1.0,567.279923475184,1445.0192141620935,11210.616829411698,2545018854.473852,2259509895.611689,362.89907080586624,1179588764.8646395,25103923.744518694,1154484841.1201208,0.338161933544265,,1670652153.7865207,0.0,0.6910384298152608
82919737.58949256,121712066.66666667,direct_plus_discharge,97560876.45906004,0.0,14641138.86956749,0.0,103.74739659334429,0.0,0.0,6,228,317.756588149766,20.64,98657229.33500768,346.4930279727335,664.1367684598454,1445.0192143110858,11210.616829227145,2545018854.4319553,2358306196.6902857,368.6585889444251,1179449693.1206973,26195013.3518962,1153254679.768801,0.3283140381981214,14.671358285187747,1673140873.0530639,55014852.06752419,0.6673326153453727
156264286.2434271,121712066.66666667,charging,121712066.66666667,34552219.576760426,0.0,244.8377041940026,0.0,0.0,0.0309268678981898,7,228,528.9911150091872,22.28,123433088.62329136,652.9746388312753,665.9669269168128,1445.019214347626,11210.616829609617,2545018854.518783,2380723602.9942927,370.2699643288312,1181808146.188139,26819682.515780736,1154988463.6723583,0.32650468142758854,11.759632786980927,1663423016.869419,68676859.90063892,0.6668140094935685
201039732.80908903,121712066.66666667,charging,121712066.66666667,79327666.14242236,0.0,562.1173949254007,0.0,0.0,0.10193117041508253,8,228,674.3641333857715,25.56,123925470.44591112,840.0758105230376,665.9676529756736,1445.0192143042432,11210.616829206132,2545018854.4271846,2381169292.6237,370.3020317745033,1181854838.2988513,27312064.25588635,1154542774.042965,0.3263332661152552,11.709689648328059,1643987304.5021296,68340522.57119763,0.6742533501988833
219090099.04136515,121712066.66666667,charging,121712066.66666667,97378032.37469848,0.0,690.0226433379772,0.0,0.0,0.18909192536303754,9,228,764.5049767023306,27.85,124123964.77496031,915.502074928277,665.9679440462554,1445.0192142054914,11210.616829729206,2545018854.5459323,2381348965.973451,370.31495962028293,1181873659.3602762,27510558.66706048,1154363100.6932158,0.3262641762091674,11.689668057445777,1630417858.977406,68023196.3652002,0.6796603844814384
215053158.86541453,121712066.66666667,charging,121712066.66666667,93341092.19874786,0.0,661.4168062382075,0.0,0.0,0.2726393114141795,10,228,795.3201568067241,29.75,124079571.78473902,898.6330921507979,665.9678790294114,1445.019214302455,11210.616829320305,2545018854.453104,2381308782.1137486,370.31206830181657,1181869450.146949,27466165.594030697,1154403284.5529184,0.3262796274450646,11.6941403001189,1619159367.0573301,67644864.53073102,0.6843730072138201
217337557.6006871,121712066.66666667,charging,121712066.66666667,95625490.93402041,0.0,677.6041003877273,0.0,0.0,0.3582314083052609,11,228,837.6189970239043,31.43,124104692.61544238,908.1788077776503,665.9679158264438,1445.0192143358458,11210.616829506711,2545018854.495422,2381331521.0917287,370.31370442160767,1181871832.0834515,27491286.508514527,1154380545.5749369,0.32627088395216314,11.691609182278993,1609204489.9911573,67345490.89038156,0.6885452618406028
230368746.96291167,121712066.66666667,charging,121712066.66666667,108656680.296245,0.0,769.9433632613142,0.0,0.0,0.4554874120856375,12,228,890.2166796901755,32.8,124247992.59926888,962.6316605176825,665.968125448472,1445.0192142005546,11210.61682973334,2545018854.5468707,2381461234.1402435,370.3230376329069,1181885419.0177763,27634586.491353843,1154250832.5264225,0.32622100964677897,11.677190168894372,1601086524.7645762,67167673.16183726,0.6918914599232655
244014183.73583812,121712066.66666667,charging,121712066.66666667,122302117.06917144,0.0,866.6351953094877,0.0,0.0,0.5649571209668359,13,228,908.4710421287689,33.52,124398047.27306162,1019.6512416561171,665.9683444347054,1445.0192143513068,11210.61682952048,2545018854.4985476,2381597061.9691224,370.33281093137487,1181899645.86301,27784641.165465478,1154115004.6975443,0.32616878860957615,11.662127086835286,1596820148.8790736,67114319.78656678,0.6936060442470816
73522968.19648741,121712066.66666667,direct_plus_discharge,121712066.66666667,0.0,48189098.47017926,0.0,341.4688949404861,0.0,0.5218242079217218,14,228,299.675440842685,33.65,123127862.99352317,307.2271646837927,661.0127363166696,1445.019214153483,11210.61682941894,2545018854.475496,2380447325.0487156,370.25008667259215,1181779198.4211116,26514456.80316159,1155264741.61795,0.3266109641397675,11.790792846515146,1596049831.0108583,65979753.29610906,0.6950927664140659
91400967.18555227,121712066.66666667,direct_plus_discharge,121712066.66666667,0.0,30311099.4811144,0.0,214.7850441869612,0.0,0.49469346549810567,15,228,335.6963387901385,33.33,123099160.4061077,381.9331657384743,662.8550115470354,1445.019214342681,11210.616829613673,2545018854.519704,2380421344.8020153,370.2482174645336,1181776476.1631832,26485754.298530255,1155290721.8646529,0.3266209595695953,11.79373099988298,1597945998.0710814,66182594.90679594,0.6942316397540627
195935977.40957928,121712066.66666667,charging,121712066.66666667,74223910.7429126,0.0,525.9520842712574,0.0,0.0,0.5611295182481593,16,228,635.0001287554993,32.61,123869346.0165644,818.7489743097427,665.9675705063729,1445.0192143427084,11210.6168295278,2545018854.5002093,2381118490.1392083,370.2983764642265,1181849516.4364257,27255939.909001447,1154593576.5274243,0.32635280266283145,11.71536240179628,1602212373.9565837,66998271.634929344,0.6917003432591184
189698240.86864772,121712066.66666667,charging,121712066.66666667,67986174.20198105,0.0,481.7513610541612,0.0,0.0,0.6219823217497376,17,228,615.2766720445144,31.78,123800751.54524432,792.6836214205262,665.9674696122229,1445.0192141571474,11210.616829415745,2545018854.4747705,2381056400.0916996,370.29390902606514,1181843011.9298317,27187345.354864217,1154655666.5749676,0.3263766807869652,11.722302542932384,1607130557.2690384,67115455.50417402,0.6896571099861256
115242062.88112846,121712066.66666667,direct_plus_discharge,121712066.66666667,0.0,6470003.785538211,0.0,45.846573458428026,0.0,0.616191175628673,18,228,408.1714595947483,30.57,123060884.24703199,481.5568943933355,665.4277041120397,1445.0192142054807,11210.61682964311,2545018854.5263867,2380386698.9935107,370.2457248025497,1181772845.8122056,26447478.13904817,1155325367.6731575,0.326634289168902,11.797651288538784,1614300438.9655077,66892420.66707943,0.6872057307724027
0.0,121712066.66666667,discharging,121712066.66666667,0.0,121712066.66666667,0.0,862.4540866085814,0.0,0.5072496067939047,19,228,0.0,28.98,123248533.53247185,1.0,654.15,1445.0192143463753,11210.616829610653,2545018854.5190187,2380556550.8669567,370.25794520080365,1181790643.2246363,26635127.424926206,1155155515.79971,0.32656894330410946,11.778455317315423,1623722019.0459924,66324159.25109033,0.6835052974491284
0.0,121712066.66666667,discharging,121712066.66666667,0.0,121712066.66666667,0.0,862.4540866085814,0.0,0.3983080379591366,20,228,0.0,27.37,123248533.53247185,1.0,654.15,1445.0192142992923,11210.616829296196,2545018854.447631,2380556550.803313,370.25794520102875,1181790643.2058198,26635127.34246451,1155155515.8633554,0.32656894332210235,11.77845531776699,1633262109.5677412,66627499.67604987,0.679547371536223
0.0,121712066.66666667,discharging,121712066.66666667,0.0,121712066.66666667,0.0,862.4540866085814,0.0,0.2893664691243684,21,228,0.0,25.43,123248533.53247185,1.0,654.15,1445.0192143061538,11210.616829231263,2545018854.43289,2380556550.79017,370.25794520107524,1181790643.2182286,26635127.341732256,1155155515.8764963,0.3265689433258174,11.778455317860221,1644757622.3703454,66993015.467616014,0.6748386653651396
0.0,121712066.66666667,discharging,121712066.66666667,0.0,121712066.66666667,0.0,862.4540866085814,0.0,0.18042490028960023,22,228,0.0,24.28,123248533.53247185,1.0,654.15,1445.0192142042267,11210.616829730117,2545018854.5461392,2380556550.8911347,370.257945200718,1181790643.2000628,26635127.424530853,1155155515.775532,0.3265689432972742,11.778455317143887,1651571972.7430232,67209687.19972998,0.6720781020051182
0.0,121712066.66666667,discharging,121712066.66666667,0.0,121712066.66666667,0.0,862.4540866085814,0.0,0.07148333145483204,23,228,0.0,23.61,123248533.53247185,1.0,654.15,1445.0192143444635,11210.61682949947,2545018854.4937778,2380556550.844454,370.2579452008832,1181790643.2477798,26635127.425568327,1155155515.8222115,0.32656894331047076,11.77845531747507,1655542072.5253658,67335922.03496157,0.6704801613749808
0.0,121712066.66666667,discharging,79862848.46679446,0.0,79862848.46679446,0.0,565.9097073507537,0.0,-8.16949626855683e-18,0,229,0.0,22.5,80871924.6880032,1.0,654.15,1445.0192143513066,11210.616829606515,2545018854.5180793,2342224947.7266045,367.5046828690338,1177745637.5205145,26107736.780345276,1151637900.7401693,0.32952220440609686,17.856811618414167,1662119402.0155153,44321004.35779125,0.6748773039122664
0.0,121712066.66666667,shutdown,0.0,0.0,0.0,0.0,0.0,0.0,-8.16949626855683e-18,1,229,0.0,21.33,0.0,1.0,567.279923475184,1445.0192142091641,11210.616829726066,2545018854.5452194,2259509896.429506,362.89907080586624,1179588764.1292315,25103923.826952588,1154484840.3022788,0.33816193330470967,,1669052262.8294573,0.0,0.6917008328697514
0.0,121712066.66666667,shutdown,0.0,0.0,0.0,0.0,0.0,0.0,-8.16949626855683e-18,2,229,0.0,20.72,0.0,1.0,567.279923475184,1445.0192143407849,11210.61682950263,2545018854.494495,2259509895.6300163,362.89907080586624,1179588764.9297543,25103923.82795999,1154484841.1017942,0.33816193353889695,,1672666831.2880077,0.0,0.6902060945471152
0.0,121712066.66666667,shutdown,0.0,0.0,0.0,0.0,0.0,0.0,-8.16949626855683e-18,3,229,0.0,20.13,0.0,1.0,567.279923475184,1445.0192141689436,11210.616829432707,2545018854.4786215,2259509895.615924,362.89907080586624,1179588764.8597126,25103923.743825145,1154484841.1158874,0.33816193354302504,,1676162889.305295,0.0,0.6887664966704858
0.0,121712066.66666667,shutdown,0.0,0.0,0.0,0.0,0.0,0.0,-8.16949626855683e-18,4,229,0.0,19.61,0.0,1.0,567.279923475184,1445.0192143110798,11210.616829227114,2545018854.431948,2259509895.5744863,362.89907080586624,1179588764.9014535,25103923.744128156,1154484841.1573253,0.33816193355516266,,1679244160.7781575,0.0,0.6875026682375599
0.0,121712066.66666667,shutdown,0.0,0.0,0.0,0.0,0.0,0.0,-8.16949626855683e-18,5,229,0.0,19.05,0.0,1.0,567.279923475184,1445.0192143005634,11210.616829295295,2545018854.4474263,2259509895.588228,362.89907080586624,1179588764.8884778,25103923.744895544,1154484841.1435823,0.33816193355113716,,1682562453.1335485,0.0,0.6861467988861323
87854059.59228343,121712066.66666667,direct_partial,87854059.59228341,0.0,-9.127152152359486e-09,0.0,-6.467517879274156e-14,0.0,0.0,6,229,332.9536584115956,18.44,88822795.31471471,367.11186036947447,665.8950805609682,1445.0192141603131,11210.616829439876,2545018854.480249,2349412868.5591836,368.0202297627821,1178508587.2311993,26067396.19802247,1152441191.033177,0.3290035660880854,16.27601292325046,1686177021.5920994,49928020.984802365,0.6638084463614066
177143440.8386407,121712066.66666667,charging,121712066.66666667,55431374.17197402,0.0,392.7878023127947,0.0,0.0,0.049615301344774064,7,229,592.0043091499246,21.26,123662690.26846877,740.2214356436558,665.9672662020891,1445.0192142054836,11210.616829643135,2545018854.5263925,2380931430.8780217,370.28491743318966,1181829919.9491465,27049284.1604911,1154780635.7886555,0.3264247433666494,11.736294420793612,1669467049.373881,68994038.384771,0.6642545202305798
212530617.6969363,121712066.66666667,charging,121712066.66666667,90818551.03026964,0.0,643.5420301459513,0.0,0.0,0.13090482094215738,8,229,710.5116058636213,24.32,124051832.17489985,888.0922613056902,665.9678383791039,1445.0192143358418,11210.616829592715,2545018854.514946,2381283672.775998,370.3102616255851,1181866819.9586985,27438426.068030097,1154428393.8906684,0.32628928253462636,11.696936470163033,1651334951.860495,68641200.6241596,0.6711886046925688
221122532.29948217,121712066.66666667,charging,121712066.66666667,99410465.6328155,0.0,704.4245051847803,0.0,0.0,0.21988475843918226,9,229,772.6453662624934,26.89,124146314.8187606,923.9949135964821,665.967976761995,1445.0192143513102,11210.616829520475,2545018854.4985466,2381369196.830505,370.3164152855359,1181875778.5473251,27532908.711163927,1154342869.8361611,0.32625639731218736,11.687417678033698,1636106360.1580765,68214405.78113882,0.6773037640012718
216618813.61434707,121712066.66666667,charging,121712066.66666667,94906746.9476804,0.0,672.5110664329103,0.0,0.0,0.3048335247254446,10,229,803.5407585744233,28.93,124096788.80875431,905.1754241755732,665.9679042505386,1445.0192143513207,11210.61682960658,2545018854.518094,2381324366.721284,370.3131896460726,1181871082.6466265,27483382.7012433,1154387699.945383,0.3262736349092516,11.692405441205208,1624018295.1491523,67807052.13512965,0.6823326661930005
209462628.20884588,121712066.66666667,charging,121712066.66666667,87750561.54217921,0.0,621.8021965851395,0.0,0.0,0.38337696008356753,11,229,813.5744336350119,30.71,124018094.43755305,875.2721897712178,665.9677889145305,1445.0192141620885,11210.616829411634,2545018854.4738374,2381253133.9794364,370.30806429973484,1181863620.9344285,27404688.24719824,1154458932.68723,0.3263010255663368,11.700338941284945,1613470865.87666,67432567.62518765,0.6868085992793357
201451235.4791592,121712066.66666667,charging,121712066.66666667,79739168.81249253,0.0,565.0333108996512,0.0,0.0,0.45474958882878663,12,229,790.6973971676783,32.15,123929995.61428799,841.7953384703806,665.9676596217134,1445.0192143426964,11210.61682952773,2545018854.500193,2381173388.7715907,370.30232649345476,1181855267.4017472,27316589.506667018,1154538677.89508,0.3263316909396955,11.709232492083071,1604938114.105655,67116684.76592962,0.6904909328774635
212025691.5951915,121712066.66666667,charging,121712066.66666667,90313624.92852485,0.0,639.9641139063251,0.0,-1.4901161193847656e-08,0.5355871611116908,13,229,801.2586938179993,33.12,124046279.65776569,885.9823490099934,665.9678302401292,1445.01921430247,11210.616829320434,2545018854.453133,2381278646.685475,370.30989999192207,1181866293.448284,27432873.46709337,1154433419.9811904,0.32629121518807785,11.697496318005655,1599190357.7043529,66998998.47440105,0.6928584771593868
229694460.66085738,121712066.66666667,charging,121712066.66666667,107982393.99419071,0.0,765.1653573274936,0.0,0.0,0.6322396273004269,14,229,811.8825106348066,33.65,124240577.68007061,959.8140502681665,665.9681146136246,1445.0192141571642,11210.61682932983,2545018854.4552665,2381454522.170279,370.3225546917563,1181884715.9860463,27627171.489657708,1154257544.4963887,0.32622359027186454,11.677935451571782,1596049831.0108583,67005090.8814871,0.6940585841765166
247220179.42697245,121712066.66666667,charging,121712066.66666667,125508112.76030576,0.0,889.3529435261939,0.0,1.4901161193847656e-08,0.744578946482683,15,229,816.4746575968841,33.66,124433302.62220244,1033.0479935873416,665.968395809043,1445.0192143110683,11210.616829313078,2545018854.451463,2381628974.781609,370.33510719044057,1181902988.3165786,27819896.43152079,1154083091.885058,0.32615651990099953,11.658593284581512,1595990575.790226,67107186.52154479,0.6939358094504544
233128897.26030704,121712066.66666667,charging,121712066.66666667,111416830.59364037,0.0,789.5018422916804,0.0,0.0,0.8443054949826847,16,229,746.7134358885028,33.22,124278345.12366113,974.1653780860984,665.9681697868137,1445.0192141603104,11210.616829439818,2545018854.4802356,2381488708.8068976,370.3250145286805,1181888296.7923393,27664938.932569712,1154223357.8597696,0.3262104462331185,11.674140328837053,1598597805.498033,67105707.867252186,0.6929344559812133
198365986.91636077,121712066.66666667,charging,121712066.66666667,76653920.2496941,0.0,543.1711791976552,0.0,0.0,0.9129165913023884,17,229,640.9725269367759,32.38,123896068.08419791,828.9031472062827,665.967609781111,1445.019214344472,11210.616829499544,2545018854.4937944,2381142678.3266854,370.3001168345803,1181852050.3172948,27282661.977315217,1154569388.3399796,0.326343500804191,11.71266083890286,1603575244.0311193,67055517.39404234,0.6910978864983028
108618150.58319148,121712066.66666667,direct_plus_discharge,121712066.66666667,0.0,13093916.083475187,0.0,92.78374564808698,0.0,0.9011965392205249,18,229,387.36533512809854,31.0,123071518.73816563,453.8778460043926,664.6990992579533,1445.0192143476386,11210.616829609678,2545018854.5187974,2380396324.8336353,370.24641735254954,1181773854.4636776,26458112.630647864,1155315741.8330297,0.3266305857013554,11.796561847081204,1611752464.4783325,66757011.2173926,0.688298611691878
0.0,121712066.66666667,discharging,121712066.66666667,0.0,121712066.66666667,0.0,862.4540866085814,0.0,0.7922549703857567,19,229,0.0,28.84,123248533.53247185,1.0,654.15,1445.0192141639966,11210.616829350733,2545018854.460012,2380556550.8143497,370.25794520098975,1181790643.1936538,26635127.34133823,1155155515.8523157,0.32656894331898134,11.778455317688664,1624551592.1348405,66350536.679347694,0.6831593006878606
0.0,121712066.66666667,discharging,121712066.66666667,0.0,121712066.66666667,0.0,862.4540866085814,0.0,0.6833134015509885,20,229,0.0,27.25,123248533.53247185,1.0,654.15,1445.0192141620828,11210.61682941163,2545018854.4738364,2380556550.8266745,370.25794520094604,1181790643.182107,26635127.342113614,1155155515.8399935,0.3265689433154978,11.77845531760125,1633973172.215325,66650108.900270455,0.679254205600561
0.0,121712066.66666667,discharging,121712066.66666667,0.0,121712066.66666667,0.0,862.4540866085814,0.0,0.5743718327162203,21,229,0.0,25.36,123248533.53247185,1.0,654.15,1445.0192143476306,11210.616829609662,2545018854.5187936,2380556550.866754,370.25794520080433,1181790643.2248588,26635127.424946193,1155155515.7999125,0.3265689433041667,11.778455317316874,1645172408.9147692,67006204.18174469,0.6746699830053289
0.0,121712066.66666667,discharging,121712066.66666667,0.0,121712066.66666667,0.0,862.4540866085814,0.0,0.46543026388145214,22,229,0.0,24.6,123248533.53247185,1.0,654.15,1445.0192143476193,11210.616829523524,2545018854.4992385,2380556550.8493237,370.257945200866,1181790643.242194,26635127.424849883,1155155515.817344,0.32656894330909464,11.778455317440521,1649675805.6827996,67149395.93514173,0.6728439882689989
0.0,121712066.66666667,discharging,121712066.66666667,0.0,121712066.66666667,0.0,862.4540866085814,0.0,0.35648869504668396,23,229,0.0,23.78,123248533.53247185,1.0,654.15,1445.0192142956134,11210.616829299312,2545018854.448338,2380556550.8039427,370.2579452010266,1181790643.2051837,26635127.342461236,1155155515.8627224,0.3265689433219234,11.778455317762496,1654534733.7746222,67303892.30064909,0.6708848891929923
0.0,121712066.66666667,discharging,121712066.66666667,0.0,121712066.66666667,0.0,862.4540866085814,0.0,0.24754712621191574,0,230,0.0,22.76,123248533.53247185,1.0,654.15,1445.0192142005426,11210.616829647175,2545018854.5273094,2380556550.8743534,370.2579452007776,1181790643.2167664,26635127.424453553,1155155515.7923129,0.32656894330201824,11.7784553172629,1660578766.279084,67496070.70652407,0.6684638252168088
0.0,121712066.66666667,discharging,121712066.66666667,0.0,121712066.66666667,0.0,862.4540866085814,0.0,0.13860555737714758,1,230,0.0,21.77,123248533.53247185,1.0,654.15,1445.0192143061333,11210.616829317165,2545018854.4523916,2380556550.80756,370.25794520101374,1181790643.2008674,26635127.34176015,1155155515.8591073,0.32656894332090136,11.778455317736816,1666445033.12165,67682596.80634391,0.6661306214854975
0.0,121712066.66666667,discharging,121712066.66666667,0.0,121712066.66666667,0.0,862.4540866085814,0.0,0.029663988542379387,2,230,0.0,20.97,123248533.53247185,1.0,654.15,1445.019214300548,11210.616829295224,2545018854.44741,2380556550.8031163,370.25794520102943,1181790643.206041,26635127.34249068,1155155515.8635504,0.32656894332215747,11.778455317768376,1671185450.7722085,67833324.96781448,0.6642570695488811
0.0,121712066.66666667,discharging,33141301.246958483,0.0,33141301.246958483,0.0,234.8399092938368,0.0,0.0,3,230,0.0,20.13,33561584.94193338,1.0,654.15,1445.0192142054777,11210.6168296431,2545018854.5263844,2299494106.818307,364.4480001658238,1173166138.682299,25518944.253654916,1147647194.428644,0.33288664064516593,42.77344236617583,1676162889.305295,18514666.60245433,0.677206817561179
0.0,121712066.66666667,shutdown,0.0,0.0,0.0,0.0,0.0,0.0,0.0,4,230,0.0,19.51,0.0,1.0,567.279923475184,1445.019214351308,11210.616829606526,2545018854.5180817,2259509895.650946,362.89907080586624,1179588764.908184,25103923.82733005,1154484841.080854,0.3381619335327633,,1679836712.9844775,0.0,0.6872601557979653
0.0,121712066.66666667,shutdown,0.0,0.0,0.0,0.0,0.0,0.0,0.0,5,230,0.0,19.13,0.0,1.0,567.279923475184,1445.019214197408,11210.616829623266,2545018854.521882,2259509895.654331,362.89907080586624,1179588764.9050758,25103923.82759696,1154484841.077479,0.3381619335317747,,1682088411.3684926,0.0,0.6863401669465325
87733765.32317366,121712066.66666667,direct_partial,87733765.32317366,0.0,0.0,0.0,0.0,0.0,0.0,6,230,331.80928660590655,18.65,88701178.20650433,366.6091920451009,665.8947309843497,1445.019214306146,11210.616829317274,2545018854.452416,2349302907.424087,368.0123401771457,1178496931.2584777,26066073.359317224,1152430857.8991604,0.3290120393567921,16.298080865632258,1684932661.9588277,49831665.35963623,0.6643155152265243
174625110.87635434,121712066.66666667,charging,121712066.66666667,52913044.209687665,0.0,374.94286691003794,0.0,0.0,0.047361204241267954,7,230,583.7520043491172,21.55,123634996.96801835,729.6982019789892,665.9672253460545,1445.0192143427003,11210.616829613773,2545018854.5197268,2380906363.7255697,370.28311385206916,1181827293.8015869,27021590.860421635,1154805702.9411652,0.3264343845339918,11.739104771696846,1667748647.9755535,68924746.64369905,0.6649527231309628
220482530.10613078,121712066.66666667,charging,121712066.66666667,98770463.43946412,0.0,699.8894371162539,0.0,-1.4901161193847656e-08,0.13576829103490004,8,230,735.1376464605407,24.73,124139276.91136722,921.3205648306749,665.9679664612543,1445.0192141534758,11210.616829332888,2545018854.4559608,2381362826.190706,370.31595690427,1181875111.1968966,27525870.72093445,1154349240.4759622,0.32625884684891654,11.688126223265705,1648905487.8145835,68613171.04947294,0.6721028819794208
217392450.61342254,121712066.66666667,charging,121712066.66666667,95680383.94675587,0.0,677.9930733503638,0.0,0.0,0.22140952135284075,9,230,761.6129743333809,27.47,124105296.25702779,908.408186774124,665.9679167104761,1445.0192142054777,11210.616829729128,2545018854.5459146,2381332067.542861,370.313743736682,1181871889.272911,27491890.14910756,1154379999.1238036,0.3262706738391946,11.691548373016673,1632669557.3614213,68083777.4651439,0.6787462799486569
208190035.7303276,121712066.66666667,charging,121712066.66666667,86477969.06366093,0.0,612.7845813745516,0.0,0.0,0.29881388952646837,10,230,776.7329209410065,29.62,124004100.12924244,869.954464051437,665.9677683888963,1445.019214347634,11210.61682952365,2545018854.499267,2381240466.6291504,370.30715285796276,1181862294.059172,27390694.021656465,1154471600.0375154,0.3263058965916243,11.701750818538027,1619929684.925546,67627916.20827189,0.6841079671958229
204951263.1475585,121712066.66666667,charging,121712066.66666667,83239196.48089184,0.0,589.8345754621959,0.0,0.0,0.373319309584851,11,230,800.7133825647724,31.37,123968484.342702,856.4207487775831,665.9677161298908,1445.0192143444715,11210.616829585568,2545018854.513324,2381208227.9564943,370.3048332271303,1181858916.9460547,27355078.23587951,1154503838.7101753,0.3263182936251236,11.705345511451679,1609560021.3149493,67282729.25622472,0.6884985716859394
237971848.987427,121712066.66666667,charging,121712066.66666667,116259782.32076032,0.0,823.8190930186914,0.0,0.0,0.4773806687030015,12,230,927.4476503503374,32.77,124331601.57515424,994.4024055663713,665.9682475305184,1445.0192143061383,11210.616829317183,2545018854.4523954,2381536915.9201646,370.3284831991695,1181893346.1309507,27718195.38444952,1154175150.7465012,0.32619191209571724,11.66879268525568,1601264290.4264722,67218482.90183765,0.6917513139462259
133641565.69474667,121712066.66666667,charging,121712066.66666667,11929499.028080001,0.0,84.53266360301195,0.0,0.0,0.4880584788423294,13,230,530.813113824069,33.8,123184313.519325,558.4420803383916,665.9665578736764,1445.0192142091641,11210.616829639988,2545018854.525678,2380498421.6288295,370.2537629347995,1181784552.4491816,26570907.411343876,1155213645.0378377,0.32659130614781473,11.785018255420292,1595161002.701378,66407551.1012802,0.6952548797303735
169630379.75445458,121712066.66666667,charging,121712066.66666667,47918313.08778791,0.0,339.550104420916,0.0,0.0,0.5309490183481294,14,230,616.7928288138411,34.3,123580071.44512625,708.826940676831,665.9671442601414,1445.0192143042484,11210.616829292236,2545018854.446732,2380856646.7859306,370.2795367341349,1181822085.1359212,26966665.255185165,1154855419.880736,0.3264535067919946,11.744682408470005,1592198241.669779,66528168.36961582,0.6962301998032986
152734528.4086848,121712066.66666667,charging,121712066.66666667,31022461.74201812,0.0,219.82577109085784,0.0,0.0,0.5587164841701324,15,230,525.6862429004099,34.16,123394272.96140443,638.224996397224,665.9668694338716,1445.0192143463678,11210.61682952456,2545018854.499474,2380688468.461356,370.2674364442569,1181804465.0590868,26780866.85377692,1155023598.2053099,0.32651819646848623,11.763586870935367,1593027814.7586272,66454062.02267612,0.6960145900752889
162529868.94839478,121712066.66666667,charging,121712066.66666667,40817802.281728104,0.0,289.23574587447763,0.0,0.0,0.595251525754277,16,230,536.028744488024,33.56,123501989.31037891,679.1563512506467,665.9670288644744,1445.019214160306,11210.616829439829,2545018854.4802384,2380785969.444189,370.2744515375741,1181814680.3417666,26888583.11929082,1154926097.2224758,0.3264806919437588,11.752620114269023,1596583127.9965458,66623354.93417945,0.6943973036873858
126188920.70968774,121712066.66666667,charging,121712066.66666667,4476854.043021068,0.0,31.72307537204202,0.0,0.0,0.5992586510644297,17,230,426.9355007726764,32.44,123102359.07326531,527.3000434441229,665.9664359730848,1445.0192143358431,11210.61682959274,2545018854.5149517,2380424240.0856986,370.2484257721094,1181776779.547368,26488952.966390476,1155287826.5809777,0.3266198456534539,11.793403499051243,1603219712.7073276,66614752.67575683,0.6918576963950362
36682337.80276118,121712066.66666667,direct_plus_discharge,121712066.66666667,0.0,85029728.86390549,0.0,602.5223229734132,0.0,0.5231505681625248,18,230,170.15907216314122,30.94,123187009.51293682,153.28285722901276,657.4321825422555,1445.0192141639895,11210.616829350643,2545018854.4599915,2380500861.8674817,370.2539385084049,1181784808.120962,26573603.32177645,1155211204.7991855,0.326590367343415,11.784742602300106,1612107995.8021245,66207843.11750215,0.688315737723612
0.0,121712066.66666667,discharging,121712066.66666667,0.0,121712066.66666667,0.0,862.4540866085814,0.0,0.4142089993277566,19,230,0.0,29.2,123248533.53247172,1.0,654.15,1445.0192143426825,11210.616829613684,2545018854.5197067,2380556550.8675685,370.2579452008015,1181790643.2239969,26635127.42489821,1155155515.7990987,0.32656894330393665,11.778455317311117,1622418404.192089,66282709.00668585,0.6840497153525159
0.0,121712066.66666667,discharging,121712066.66666667,0.0,121712066.66666667,0.0,862.4540866085814,0.0,0.30526743049298843,20,230,0.0,27.68,123248533.53247185,1.0,654.15,1445.0192143395436,11210.616829503671,2545018854.494732,2380556550.8453035,370.2579452008803,1181790643.246935,26635127.425572656,1155155515.8213623,0.3265689433102307,11.778455317469055,1631425197.72815,66569092.513480015,0.6803058894014185
0.0,121712066.66666667,discharging,121712066.66666667,0.0,121712066.66666667,0.0,862.4540866085814,0.0,0.19632586165822022,21,230,0.0,25.99,123248533.53247185,1.0,654.15,1445.0192141689283,11210.616829432633,2545018854.478605,2380556550.830927,370.2579452009311,1181790643.1771595,26635127.341420062,1155155515.8357394,0.32656894331429515,11.778455317571053,1641439330.0149543,66887505.75458661,0.6761911664961832
0.0,121712066.66666667,discharging,121712066.66666667,0.0,121712066.66666667,0.0,862.4540866085814,0.0,0.08738429282345204,22,230,0.0,25.59,123248533.53247185,1.0,654.15,1445.0192142042254,11210.61682973014,2545018854.546144,2380556550.8911395,370.257945200718,1181790643.2000632,26635127.424536373,1155155515.7755268,0.3265689432972727,11.778455317143852,1643809538.840234,66962869.8353219,0.6752245418020413
0.0,121712066.66666667,discharging,97627774.1132839,0.0,97627774.1132839,0.0,691.792318185662,0.0,0.0,23,230,0.0,24.87,98860726.81273802,1.0,654.15,1445.019214295626,11210.616829213399,2545018854.4288344,2358490250.4779115,368.67180584797995,1179469136.8114374,26331613.176076986,1153137523.6353605,0.3282616685693704,14.64016999685701,1648075914.7257361,53821402.79724893,0.677559986588196
0.0,121712066.66666667,shutdown,0.0,0.0,0.0,0.0,0.0,0.0,0.0,0,231,0.0,23.9,0.0,1.0,567.279923475184,1445.0192143024628,11210.616829320355,2545018854.4531155,2259509895.5932317,362.89907080586624,1179588764.88269,25103923.744163062,1154484841.138527,0.3381619335496564,,1653823671.1270385,0.0,0.6980700913246544
0.0,121712066.66666667,shutdown,0.0,0.0,0.0,0.0,0.0,0.0,0.0,1,231,0.0,22.8,0.0,1.0,567.279923475184,1445.0192143061472,11210.616829231209,2545018854.4328775,2259509895.5753117,362.89907080586624,1179588764.9006002,25103923.744102467,1154484841.1564977,0.33816193355492025,,1660341745.396556,0.0,0.6953296478615977
0.0,121712066.66666667,shutdown,0.0,0.0,0.0,0.0,0.0,0.0,0.0,2,231,0.0,22.08,0.0,1.0,567.279923475184,1445.0192142023332,11210.616829705126,2545018854.540466,2259509895.6708302,362.89907080586624,1179588764.888648,25103923.827668197,1154484841.0609798,0.33816193352694196,,1664608121.2820587,0.0,0.6935475240693955
0.0,121712066.66666667,shutdown,0.0,0.0,0.0,0.0,0.0,0.0,0.0,3,231,0.0,21.53,0.0,1.0,567.279923475184,1445.0192143463846,11210.616829610708,2545018854.519031,2259509895.6518,362.89907080586624,1179588764.9073367,25103923.827326432,1154484841.0800102,0.33816193353251617,,1667867158.4168177,0.0,0.6921923219447985
0.0,121712066.66666667,shutdown,0.0,0.0,0.0,0.0,0.0,0.0,0.0,4,231,0.0,21.55,0.0,1.0,567.279923475184,1445.0192143427012,11210.616829527791,2545018854.5002074,2259509895.635088,362.89907080586624,1179588764.923977,25103923.827255547,1154484841.0967214,0.3381619335374111,,1667748647.9755535,0.0,0.692241509233497
0.0,121712066.66666667,shutdown,0.0,0.0,0.0,0.0,0.0,0.0,0.0,5,231,0.0,21.41,0.0,1.0,567.279923475184,1445.0192141583987,11210.616829414721,2545018854.4745383,2259509895.6122985,362.89907080586624,1179588764.863999,25103923.74448673,1154484841.119512,0.33816193354408675,,1668578221.064401,0.0,0.6918973450241104
87845973.76928847,121712066.66666667,direct_partial,87845973.76928847,0.0,0.0,0.0,0.0,0.0,0.0,6,231,330.6154697332471,21.14,88814620.57440986,367.07807249972694,665.8950570934858,1445.0192143110737,11210.616829227087,2545018854.431942,2349405477.2435946,368.0196994447966,1178507803.8068228,26067307.281051923,1152440496.525771,0.3290041356333004,16.27749437075762,1670178112.0214648,49563308.50892078,0.6701242889005643
166879381.04048207,121712066.66666667,charging,121712066.66666667,45167314.3738154,0.0,320.0564736898035,0.0,0.0,0.04042818615029097,7,231,559.5751521404138,22.32,123549819.55788407,697.3314644239706,665.9670995688978,1445.0192141603281,11210.616829439947,2545018854.480265,2380829263.785277,370.2775665371829,1181819216.2482312,26936413.36682971,1154882802.8814015,0.3264640391766232,11.747756576906797,1663185995.986891,68734401.18601698,0.6668221038141066
202291723.13673514,121712066.66666667,charging,121712066.66666667,80579656.47006847,0.0,570.989022891673,0.0,0.0,0.11255311535766019,8,231,679.03276446536,24.97,123939238.19870196,845.3074469491718,665.9676731946383,1445.0192143395402,11210.616829589724,2545018854.5142674,2381181754.969894,370.30292845308645,1181856143.788645,27325832.091872357,1154530311.6967726,0.3263284737147118,11.708298862269896,1647483362.5194163,68457918.04009084,0.6728262352429225
251160562.51322764,121712066.66666667,charging,121712066.66666667,129448495.84656097,0.0,917.274575198519,0.0,0.0,0.22841937748799943,9,231,873.1128439895463,27.52,124476633.80378836,1049.5134975387448,665.9684589117483,1445.0192143463898,11210.616829524683,2545018854.4995017,2381668197.904888,370.33792945763577,1181907096.4579737,27863227.69619524,1154043868.7617786,0.3261414411323117,11.654252745936565,1632373281.2582617,68278192.29359569,0.6785892857585488
206561891.32477695,121712066.66666667,charging,121712066.66666667,84849824.65811028,0.0,601.2475182499745,0.0,0.0,0.30436643242483835,10,231,773.7647192203569,29.58,123986195.925682,863.1510092714788,665.9677421218246,1445.0192141652396,11210.616829435692,2545018854.479299,2381224260.086136,370.3059867689302,1181860596.3151402,27372789.734608684,1154487806.5805316,0.32631212860865055,11.70355762767052,1620166705.8080738,67625596.57743968,0.6840224386310962
199386219.69024813,121712066.66666667,charging,121712066.66666667,77674153.02358146,0.0,550.40056860192,0.0,0.0,0.37389071477455454,11,231,784.4662441043206,31.23,123907287.27040851,833.1663486265685,665.9676262654615,1445.0192141571454,11210.616829329687,2545018854.455234,2381152833.6443834,370.3008475258271,1181853114.1022391,27293881.079954665,1154559233.0222845,0.3263395954937695,11.711526942632954,1610389594.403797,67275555.31842111,0.6881940852222224
195697253.3430488,121712066.66666667,charging,121712066.66666667,73985186.67638214,0.0,524.2604808633973,0.0,0.0,0.44011309130466786,12,231,778.127984674955,32.6,123866720.8414184,817.7514286462472,665.9675666471112,1445.019214342691,11210.616829613744,2545018854.51972,2381116113.910302,370.29820549049657,1181849267.4902258,27253314.733862124,1154595952.7563636,0.32635371647967665,11.715627866000533,1602271629.1772158,66998711.35570758,0.6916770308084146
210240364.5438665,121712066.66666667,charging,121712066.66666667,88528297.87719981,0.0,627.3132514773346,0.0,0.0,0.5193526599123311,13,231,803.5068123389083,33.59,124026646.96496491,878.5220820829833,665.9678014563576,1445.0192143024726,11210.61682932043,2545018854.4531326,2381260875.5435085,370.3086213219185,1181864431.8974504,27413240.774291623,1154451191.123159,0.3262980486914888,11.699476238844383,1596405362.3346496,66900861.59390379,0.6940701444599103
223264567.91815847,121712066.66666667,charging,121712066.66666667,101552501.2514918,0.0,719.6030115036979,0.0,0.0,0.6102498824180614,14,231,797.8568608766709,34.22,124169870.1260302,932.9457427852451,665.9680112292617,1445.0192143407899,11210.61682950262,2545018854.494493,2381390518.726614,370.3179494535102,1181878011.9591856,27556464.01913184,1154321547.9400537,0.32624819901565005,11.685046819440478,1592672283.434835,66860671.58030742,0.6955701267948132
261655300.32425034,121712066.66666667,charging,121712066.66666667,139943233.65758365,0.0,991.6404927356087,0.0,0.0,0.735509734132033,15,231,866.8326431826747,34.45,124592041.2095734,1093.3673927346456,665.9686267644962,1445.019214205477,11210.616829729091,2545018854.545906,2381772664.177336,370.3454462904658,1181918037.5909727,27978635.101642977,1153939402.4893296,0.3261012823888244,11.642706966973854,1591309413.3602993,67045018.218027405,0.6958340029827497
222426184.49050012,121712066.66666667,charging,121712066.66666667,100714117.82383345,0.0,713.6622101260571,0.0,0.0,0.8256565396216402,16,231,715.4696574671034,34.18,124160650.68116152,929.4424271586371,665.9679977404783,1445.0192143463796,11210.616829524626,2545018854.499489,2381382173.4303303,370.31734898637296,1181877137.8098884,27547244.57357373,1154329893.2363145,0.32625140777993916,11.685974656053732,1592909304.3173628,66863163.559698805,0.6954747807768884
169798916.53403568,121712066.66666667,charging,121712066.66666667,48086849.86736901,0.0,340.7443593397126,0.0,0.0,0.8686979323803408,17,231,555.7840061602346,33.37,123581924.79228583,709.531197838991,665.9671469973894,1445.019214344473,11210.616829585593,2545018854.5133295,2380858324.436097,370.2796574359768,1181822260.9160416,26968518.685473777,1154853742.230568,0.3264528615258505,11.744494121548856,1597708977.1885533,66701744.20361793,0.6938514198374112
90095892.42908737,121712066.66666667,direct_plus_discharge,121712066.66666667,0.0,31616174.2375793,0.0,224.0328294548381,0.0,0.8403990486597296,18,231,330.01602002496844,32.11,123101255.6642127,376.47970776521123,662.7180761589306,1445.0192142042224,11210.616829730126,2545018854.546141,2380423241.357823,370.24835391443344,1181776674.865117,26487849.556273047,1155288825.308844,0.32662022990119316,11.793516471303997,1605175134.9881825,66398578.22729037,0.6911384261280988
0.0,121712066.66666667,discharging,121712066.66666667,0.0,121712066.66666667,0.0,862.4540866085814,0.0,0.7314574798249615,19,231,0.0,30.35,123248533.53247236,1.0,654.15,1445.0192143476206,11210.616829523566,2545018854.499248,2380556550.8493323,370.257945200866,1181790643.2421963,26635127.424860924,1155155515.8173354,0.3265689433090922,11.778455317440413,1615604053.8194113,66066037.27457223,0.6869097107304011
0.0,121712066.66666667,discharging,121712066.66666667,0.0,121712066.66666667,0.0,862.4540866085814,0.0,0.6225159109901932,20,231,0.0,28.77,123248533.53247185,1.0,654.15,1445.019214162093,11210.616829411663,2545018854.473844,2380556550.8266816,370.25794520094604,1181790643.1821108,26635127.342125088,1155155515.8399856,0.3265689433154956,11.778455317601193,1624966378.6792643,66363725.39347636,0.6829864336112501
0.0,121712066.66666667,discharging,121712066.66666667,0.0,121712066.66666667,0.0,862.4540866085814,0.0,0.5135743421554251,21,231,0.0,28.03,123248533.53247185,1.0,654.15,1445.019214347631,11210.616829523628,2545018854.499262,2380556550.8493457,370.25794520086595,1181790643.2422016,26635127.424879674,1155155515.8173218,0.32656894330908837,11.778455317440358,1629351265.0060306,66503148.94283665,0.6811643183022381
0.0,121712066.66666667,discharging,121712066.66666667,0.0,121712066.66666667,0.0,862.4540866085814,0.0,0.40463277332065684,22,231,0.0,26.35,123248533.53247185,1.0,654.15,1445.0192143110726,11210.616829313061,2545018854.4514594,2380556550.806727,370.2579452010167,1181790643.2017267,26635127.341787376,1155155515.8599393,0.3265689433211366,11.778455317742745,1639306142.072203,66819678.08192484,0.6770634980224289
0.0,121712066.66666667,discharging,121712066.66666667,0.0,121712066.66666667,0.0,862.4540866085814,0.0,0.29569120448588865,23,231,0.0,24.85,123248533.53247185,1.0,654.15,1445.0192141986302,11210.616829708117,2545018854.5411444,2380556550.8866835,370.25794520073396,1181790643.2052252,26635127.42524284,1155155515.7799823,0.3265689432985323,11.77845531717545,1648194425.167,67102293.384682186,0.6734435525273683
0.0,121712066.66666667,discharging,121712066.66666667,0.0,121712066.66666667,0.0,862.4540866085814,0.0,0.1867496356511205,0,232,0.0,23.87,123248533.53247185,1.0,654.15,1445.0192142054827,11210.616829643131,2545018854.5263915,2380556550.873533,370.25794520078045,1181790643.217629,26635127.424493156,1155155515.793136,0.3265689433022509,11.778455317268763,1654001436.788934,67286935.38248363,0.671099354686222
0.0,121712066.66666667,discharging,121712066.66666667,0.0,121712066.66666667,0.0,862.4540866085814,0.0,0.07780806681635231,1,232,0.0,23.12,123248533.53247185,1.0,654.15,1445.0192143110623,11210.616829313021,2545018854.4514503,2380556550.8067183,370.2579452010167,1181790643.201723,26635127.341774575,1155155515.8599486,0.3265689433211392,11.778455317742818,1658445578.3363326,67428243.03386231,0.6693163205539875
0.0,121712066.66666667,discharging,86928990.6217503,0.0,86928990.6217503,0.0,615.9805289627891,0.0,0.0,2,232,0.0,22.55,88027115.5140265,1.0,654.15,1445.0192143005509,11210.616829209192,2545018854.4278793,2348693456.0069714,367.9686142462747,1178432319.9836726,26196785.36889542,1152235534.614777,0.3290195925412337,16.4199296121626,1661823125.9123554,48235602.77612595,0.6737988089441097
0.0,121712066.66666667,shutdown,0.0,0.0,0.0,0.0,0.0,0.0,0.0,3,232,0.0,21.93,0.0,1.0,567.279923475184,1445.0192143513198,11210.61682960657,2545018854.5180917,2259509895.650911,362.89907080586624,1179588764.908185,25103923.827343725,1154484841.0808413,0.3381619335327596,,1665496949.5915382,0.0,0.693177397511282
0.0,121712066.66666667,shutdown,0.0,0.0,0.0,0.0,0.0,0.0,0.0,4,232,0.0,21.45,0.0,1.0,567.279923475184,1445.0192141652624,11210.616829435825,2545018854.4793296,2259509895.616552,362.89907080586624,1179588764.8590796,25103923.743821878,1154484841.1152577,0.3381619335428406,,1668341200.1818736,0.0,0.6919956427314761
0.0,121712066.66666667,shutdown,0.0,0.0,0.0,0.0,0.0,0.0,0.0,5,232,0.0,21.07,0.0,1.0,567.279923475184,1445.0192143395475,11210.616829503728,2545018854.4947443,2259509895.630238,362.89907080586624,1179588764.9295425,25103923.827971566,1154484841.101571,0.3381619335388316,,1670592898.5658886,0.0,0.6910629406437871
75916806.08470178,121712066.66666667,direct_partial,75916806.08470178,0.0,0.0,0.0,0.0,0.0,0.0,6,232,293.76126970645504,20.69,76754271.49964026,317.23018884276394,665.854990175441,1445.0192143463732,11210.616829610648,2545018854.519017,2338503157.763975,367.2378859675857,1177349774.2948492,25936125.974057302,1151413648.320792,0.32984666314714284,18.806700663362193,1672844596.949904,42882819.801858656,0.6710935764497272
167512225.30558953,121712066.66666667,charging,121712066.66666667,45800158.638922855,0.0,324.5408205386949,0.0,0.0,0.04099462996278251,7,232,560.523021031659,23.68,123556778.7517404,699.9759026726518,665.9671098516795,1445.019214204237,11210.616829644196,2545018854.5266333,2380835563.061689,370.2780197638029,1181819876.2487772,26943372.64376296,1154876503.605014,0.32646161626062237,11.747049256526074,1655127285.980942,68485953.03927056,0.6700322772303045
207979808.04282704,121712066.66666667,charging,121712066.66666667,86267741.37616037,0.0,611.2949038662426,0.0,0.0,0.11821082834588684,8,232,695.7974576250384,27.6,124001788.31998438,869.0759949423549,665.9677649976901,1445.0192143395427,11210.616829589755,2545018854.514274,2381238374.0387383,370.3070022911636,1181862074.8410919,27388382.213161953,1154473692.62793,0.3263067012682688,11.701984086161804,1631899239.4932055,68002774.85817719,0.6791413169002172
208657408.63377246,121712066.66666667,charging,121712066.66666667,86945341.96710579,0.0,616.0963949160148,0.0,0.0,0.19603353086159397,9,232,734.8611297828256,29.84,124009239.68539765,871.9074544637893,665.9677759276873,1445.0192142091587,11210.61682972598,2545018854.5451994,2381245118.894716,370.3074875941598,1181862781.349423,27395833.577472642,1154466947.7719502,0.3263041076383979,11.701232254481889,1618626070.0716424,67589753.80270763,0.6846495753547005
204091640.1819064,121712066.66666667,charging,121712066.66666667,82379573.51523972,0.0,583.7432703026204,0.0,1.4901161193847656e-08,0.2697695228998197,10,232,767.0117938921255,31.58,123959031.33318363,852.8286804360487,665.9677022544663,1445.0192143427048,11210.616829527808,2545018854.5002112,2381199671.2790112,370.30421756085354,1181858020.6132424,27345625.225585025,1154512395.3876574,0.326321584044067,11.706299948361618,1608315661.6816776,67238509.4666028,0.6890331660219938
196569812.45429802,121712066.66666667,charging,121712066.66666667,74857745.78763135,0.0,530.4434518038664,0.0,0.0,0.3367729062855712,11,232,777.2858159234362,32.92,123876316.10575552,821.3975526853675,665.9675807522866,1445.0192143042375,11210.616829292127,2545018854.4467072,2381124799.2519383,370.29883041594155,1181850177.3305135,27262909.915784523,1154587267.4147289,0.3263503763991436,11.714657623728016,1600375462.1169925,66944379.5276124,0.692480973702005
188578500.08612818,121712066.66666667,charging,121712066.66666667,66866433.4194615,0.0,473.8168559531089,0.0,0.0,0.3966234565112271,12,232,755.9468586437627,34.01,123788438.10005036,788.0046103001519,665.9674514888221,1445.0192141640093,11210.616829350825,2545018854.460033,2381045254.265609,370.29310707630873,1181841844.3099983,27175031.908941608,1154666812.4010568,0.3263809672635948,11.723549187000884,1593916643.068107,66694271.4680199,0.695326522482601
207193539.80651796,121712066.66666667,charging,121712066.66666667,85481473.13985129,0.0,605.7233917545269,0.0,0.0,0.4731358849433779,13,232,796.886204239428,34.73,123993141.96987575,865.7904507532684,665.9677523131921,1445.0192141689379,11210.616829432696,2545018854.478619,2381230547.504047,370.30643915999894,1181861254.9414608,27379735.778840758,1154481519.16262,0.3263097108548465,11.702856603247424,1589650267.1826038,66670533.75485762,0.6970156496912886
224516912.76192573,121712066.66666667,charging,121712066.66666667,102804846.09525906,0.0,728.4771515781434,0.0,0.0,0.5651540514585118,14,232,805.6588998581835,35.1,124183641.77732512,938.1788606121634,665.9680313745625,1445.0192143005452,11210.6168292952,2545018854.447405,2381402984.577617,370.3188464093739,1181879317.6763852,27570235.58733741,1154309082.0890477,0.32624340592711776,11.6836611096508,1587457824.0192208,66703994.44522857,0.6978211376929176
232697990.78415674,121712066.66666667,charging,121712066.66666667,110985924.11749007,0.0,786.4484305677653,0.0,0.0,0.6644949058460191,15,232,778.4868831083304,35.08,124273606.57759708,972.3647683153157,665.9681628662674,1445.0192143463742,11210.616829524588,2545018854.4994802,2381484419.5496078,370.32470590113553,1181887847.5870364,27660200.469977688,1154227647.1170588,0.32621209534824186,11.674616362655991,1587576334.460485,66756061.608852506,0.6976999603341396
223254240.11238116,121712066.66666667,charging,121712066.66666667,101542173.44571449,0.0,719.529828469819,0.0,0.0,0.7553828841790489,16,232,718.5157659297184,34.61,124169756.55432843,932.9025864415311,665.9680110631097,1445.0192143073916,11210.616829316179,2545018854.4521675,2381390415.8854914,370.31794205665847,1181878001.1448147,27556350.363635417,1154321650.7811794,0.3262482385540833,11.685058248622315,1590361329.8301876,66787894.89980706,0.6965707333745139
184383942.35829353,121712066.66666667,charging,121712066.66666667,62671875.69162686,0.0,444.0941377957206,0.0,0.0,0.8114789857953505,17,232,599.0854187556287,33.87,123742311.83804911,770.4769980527631,665.9673835664175,1445.0192141584105,11210.616829328736,2545018854.455018,2381003501.9969254,370.29010297529,1181837470.3173685,27128905.64763945,1154708564.669729,0.3263970246803519,11.728221329965711,1594746216.1569543,66695427.08362643,0.695003986066891
91064597.98942238,121712066.66666667,direct_plus_discharge,121712066.66666667,0.0,30647468.67724429,0.0,217.16856289432135,0.0,0.7840471673244888,18,232,332.4509218993097,32.29,123099700.43669274,380.5275947047019,662.8196802575828,1445.0192143073932,11210.616829316215,2545018854.4521756,2380421833.5528965,370.24825263328125,1181776527.3597844,26486294.246012572,1155290233.1137717,0.3266207715239519,11.793675707186352,1604108541.0168068,66373001.42441899,0.6915911392983376
0.0,121712066.66666667,discharging,121712066.66666667,0.0,121712066.66666667,0.0,862.4540866085814,0.0,0.6751055984897205,19,232,0.0,29.7,123248533.53247172,1.0,654.15,1445.0192143426866,11210.616829613726,2545018854.519716,2380556550.8675776,370.25794520080143,1181790643.2239985,26635127.42490793,1155155515.7990906,0.3265689433039343,11.778455317311055,1619455643.16049,66188503.905766755,0.6852902599932236
0.0,121712066.66666667,discharging,121712066.66666667,0.0,121712066.66666667,0.0,862.4540866085814,0.0,0.5661640296549524,20,232,0.0,27.83,123248533.53247185,1.0,654.15,1445.0192141973878,11210.616829623166,2545018854.521859,2380556550.8694873,370.25794520079467,1181790643.222361,26635127.425182607,1155155515.7971785,0.32656894330339375,11.77845531729748,1630536369.4186702,66540830.9832043,0.6806735224087821
0.0,121712066.66666667,discharging,121712066.66666667,0.0,121712066.66666667,0.0,862.4540866085814,0.0,0.4572224608201842,21,232,0.0,26.63,123248533.53247185,1.0,654.15,1445.019214351299,11210.61682960646,2545018854.518067,2380556550.866109,370.2579452008067,1181790643.2254856,26635127.424926944,1155155515.8005586,0.3265689433043493,11.77845531732144,1637646995.894508,66766923.225410156,0.6777435356764913
0.0,121712066.66666667,discharging,121712066.66666667,0.0,121712066.66666667,0.0,862.4540866085814,0.0,0.348280891985416,22,232,0.0,25.75,123248533.53247185,1.0,654.15,1445.0192141689301,11210.616829346567,2545018854.4590664,2380556550.8135033,370.2579452009928,1181790643.1945088,26635127.341346256,1155155515.8531625,0.32656894331922076,11.778455317694707,1642861455.3101223,66932724.203027785,0.6756108598884596
0.0,121712066.66666667,discharging,121712066.66666667,0.0,121712066.66666667,0.0,862.4540866085814,0.0,0.23933932315064785,23,232,0.0,24.92,123248533.53247185,1.0,654.15,1445.0192143444572,11210.616829585475,2545018854.5133023,2380556550.8618617,370.2579452008217,1181790643.2304301,26635127.425626013,1155155515.804804,0.3265689433055496,11.77845531735156,1647779638.6225762,67089104.67055351,0.6736116220688201
0.0,121712066.66666667,discharging,121712066.66666667,0.0,121712066.66666667,0.0,862.4540866085814,0.0,0.13039775431587966,0,233,0.0,24.49,123248533.53247185,1.0,654.15,1445.0192143427046,11210.616829613802,2545018854.5197334,2380556550.867594,370.2579452008014,1181790643.2240047,26635127.424932864,1155155515.7990718,0.326568943303929,11.7784553173109,1650327613.1097515,67170121.05734394,0.6725805180519013
0.0,121712066.66666667,discharging,121712066.66666667,0.0,121712066.66666667,0.0,862.4540866085814,0.0,0.02145618548111147,1,233,0.0,24.36,123248533.53247185,1.0,654.15,1445.0192141639907,11210.616829350696,2545018854.4600034,2380556550.814342,370.25794520098987,1181790643.1936517,26635127.341324992,1155155515.8523266,0.32656894331898445,11.778455317688755,1651097930.9779673,67194614.3835829,0.6722694101016818
0.0,121712066.66666667,shutdown,0.0,0.0,0.0,0.0,0.0,0.0,0.02145618548111147,2,233,0.0,23.87,0.0,1.0,567.279923475184,1445.0192142023136,11210.616829705014,2545018854.54044,2259509895.6708074,362.89907080586624,1179588764.8886387,25103923.827634867,1154484841.061004,0.338161933526949,,1654001436.788934,0.0,0.6979950654107726
0.0,121712066.66666667,shutdown,0.0,0.0,0.0,0.0,0.0,0.0,0.02145618548111147,3,233,0.0,23.41,0.0,1.0,567.279923475184,1445.0192143073928,11210.616829230175,2545018854.432643,2259509895.5751033,362.89907080586624,1179588764.9008174,25103923.74410855,1154484841.156709,0.33816193355498214,,1656727176.938005,0.0,0.69684668497468
0.0,121712066.66666667,shutdown,0.0,0.0,0.0,0.0,0.0,0.0,0.02145618548111147,4,233,0.0,23.02,0.0,1.0,567.279923475184,1445.019214311066,11210.61682931303,2545018854.4514527,2259509895.5918026,362.89907080586624,1179588764.8841708,25103923.744161565,1154484841.1400092,0.33816193355009055,,1659038130.5426528,0.0,0.6958760138697898
0.0,121712066.66666667,shutdown,0.0,0.0,0.0,0.0,0.0,0.0,0.02145618548111147,5,233,0.0,22.76,0.0,1.0,567.279923475184,1445.0192143042423,11210.616829292167,2545018854.4467163,2259509895.587598,362.89907080586624,1179588764.88911,25103923.74489727,1154484841.1442127,0.33816193355132185,,1660578766.279084,0.0,0.6952304007422103
51552259.130136415,121712066.66666667,direct_plus_discharge,75523610.98068884,0.0,23971351.85055243,0.0,169.86146839213248,0.0,0.0,6,233,218.7100803875962,22.6,76392606.19723476,215.41913763966696,661.9838503963288,1445.0192141689347,11210.61682934661,2545018854.459076,2338176286.5012865,367.21445898858224,1177314980.1715658,25967655.69209808,1151347324.4794676,0.3298618391625161,18.894413512484984,1661526849.8091955,42263203.69095653,0.6757565711304728
161652248.81744415,121712066.66666667,charging,121712066.66666667,39940182.150777474,0.0,283.01691244934756,0.0,0.0,0.0357495047304439,7,233,542.5260267034276,23.56,123492338.39155366,675.4890789530256,665.9670145915053,1445.0192143073916,11210.616829316194,2545018854.452171,2380777233.7379823,370.2738230124255,1181813765.1295738,26878932.200882565,1154934832.9286911,0.32648405210506354,11.753601908360372,1655838348.6285257,68472478.66676953,0.6697950361654279
202992852.00994503,121712066.66666667,charging,121712066.66666667,81280785.34327836,0.0,575.9572358100784,0.0,0.0,0.10850199767487487,8,233,680.9709721615098,26.86,123946948.29741794,848.2372230596595,665.9676845155307,1445.019214299292,11210.616829210174,2545018854.4281025,2381188733.908072,370.3034306043211,1181856874.8659425,27333542.10733441,1154523332.758608,0.32632578996533695,11.707520141975118,1636284125.8199723,68110419.25358087,0.6773803261079931
204241688.26779673,121712066.66666667,charging,121712066.66666667,82529621.60113005,0.0,584.8065139760545,0.0,0.0,0.18237229417711334,9,233,722.2622662162811,29.0,123960681.3658577,853.4556797143058,665.9677046765883,1445.0192142054725,11210.6168297291,2545018854.545908,2381201164.8945117,370.3043250258629,1181858177.030082,27347275.257928163,1154510901.7721539,0.32632100968585265,11.706133339646218,1623603508.6047287,67719636.02435286,0.6826081139126999
204168295.11429292,121712066.66666667,charging,121712066.66666667,82456228.44762625,0.0,584.2864486538394,0.0,0.0,0.2561768982175983,10,233,770.3347972935937,30.65,123959874.28390957,853.148995000515,665.9677034918616,1445.0192143073928,11210.616829316232,2545018854.4521794,2381200434.257389,370.3042724616315,1181858100.5025125,27346468.09323456,1154511632.409278,0.3263212906401188,11.706214833010138,1613826397.2004519,67412072.32595481,0.6867030783173168
200643025.94081917,121712066.66666667,charging,121712066.66666667,78930959.2741525,0.0,559.3063222922981,0.0,0.0,0.3268261178755728,11,233,796.4030261287461,31.88,123921107.98242284,838.4181091361266,665.9676465681378,1445.0192142023275,11210.616829619044,2545018854.5209236,2381165343.901909,370.30174765194363,1181854424.6399124,27307701.875154,1154546722.7647583,0.32633478461682375,11.710130397838768,1606538005.0627182,67162111.11122723,0.6898169580127864
192584016.73456287,121712066.66666667,charging,121712066.66666667,70871950.0678962,0.0,502.2000253218641,0.0,0.0,0.3902619105478083,12,233,775.5953178024838,32.81,123832485.53539827,804.7422849775884,665.9675163029431,1445.019214351308,11210.616829606519,2545018854.51808,2381085124.9394555,370.29597580134987,1181846021.15508,27219079.42786953,1154626941.7272105,0.3263656338868387,11.719090856647806,1601027269.5439441,66941141.217673905,0.6922354969540409
206718204.16459745,121712066.66666667,charging,121712066.66666667,85006137.49793078,0.0,602.3551540923746,0.0,0.0,0.46634887738052927,13,233,800.3672827115373,33.37,123987914.84993248,863.8041867989881,665.9677446439679,1445.0192143073953,11210.616829230159,2545018854.432639,2381225815.979824,370.30609872139837,1181860759.3460233,27374508.65918155,1154486250.6868417,0.3263115303026156,11.703384139480175,1597708977.1885533,66920923.294479616,0.6935392968442051
223985180.33370307,121712066.66666667,charging,121712066.66666667,102273113.6670364,0.0,724.7092851844285,0.0,0.0,0.5578911028775096,14,233,808.6004068130735,33.51,124177794.47925837,935.9569339095214,665.9680228216247,1445.0192141973853,11210.616829709188,2545018854.5413876,2381397691.7739096,370.3184655709698,1181878763.2647877,27564388.372031353,1154314374.8927562,0.3262454409990004,11.684249429430386,1596879404.0997057,66997327.624907695,0.6937499352468892
227217305.11096925,121712066.66666667,charging,121712066.66666667,105505238.44430257,0.0,747.6121846168763,0.0,0.0,0.6523263261975363,15,233,764.7989504338382,33.2,124213337.16192745,949.4628702935091,665.9680747980782,1445.0192141652376,11210.616829435674,2545018854.479295,2381429864.4428415,370.3207804914608,1181882133.1946745,27599930.970850147,1154282202.2238243,0.3262330708271247,11.680674191075584,1598716315.939297,67074328.131961435,0.6929335365953988
218079444.26086086,121712066.66666667,charging,121712066.66666667,96367377.59419419,0.0,682.8611237822902,0.0,0.0,0.7385824681489833,16,233,704.5092832644384,32.25,124112850.91499881,911.2788966439258,665.9679277735354,1445.0192143476227,11210.616829523562,2545018854.499247,2381338905.850257,370.3142357726431,1181872605.6237977,27499444.807388477,1154373160.816409,0.32626804442313767,11.690787390958317,1604345561.8993351,67197100.03768323,0.6906034689408989
170799938.95688468,121712066.66666667,charging,121712066.66666667,49087872.29021801,0.0,347.83762382052504,0.0,0.0,0.7825198522105234,17,233,559.7097084376079,31.37,123592932.72817092,713.7141258178358,665.967163253555,1445.0192143358543,11210.616829592796,2545018854.5149646,2380868288.4723616,370.2803743450206,1181823304.8156285,26979526.621323444,1154843778.1943052,0.3264490290870455,11.743375912196242,1609560021.3149493,67078855.23145029,0.6887850415189546
80538193.91942361,121712066.66666667,direct_plus_discharge,121712066.66666667,0.0,41173872.74724306,0.0,291.7588681623034,0.0,0.7456661004426536,18,233,301.19857476258244,29.84,123116600.26050249,336.5413771175811,661.7270881951331,1445.0192143426866,11210.616829527638,2545018854.5001726,2380437130.550543,370.24935320522314,1181778130.2689846,26503194.152860038,1155274936.1161246,0.3266148862695227,11.791945597969631,1618626070.0716424,66744268.85923827,0.6854724504342331
0.0,121712066.66666667,discharging,121712066.66666667,0.0,121712066.66666667,0.0,862.4540866085814,0.0,0.6367245316078853,19,233,0.0,27.6,123248533.53247185,1.0,654.15,1445.01921416032,11210.61682943989,2545018854.4802523,2380556550.832396,370.257945200926,1181790643.175671,26635127.341401916,1155155515.8342693,0.32656894331387953,11.778455317560615,1631899239.4932055,66584165.329627074,0.6801099807947565
0.0,121712066.66666667,discharging,121712066.66666667,0.0,121712066.66666667,0.0,862.4540866085814,0.0,0.5277829627731172,20,233,0.0,26.29,123248533.53247185,1.0,654.15,1445.0192143005504,11210.61682929523,2545018854.4474115,2380556550.8031154,370.2579452010294,1181790643.2060435,26635127.342491344,1155155515.863552,0.32656894332215797,11.7784553177684,1639661673.395995,66830982.694035135,0.6769179531720231
0.0,121712066.66666667,discharging,121712066.66666667,0.0,121712066.66666667,0.0,862.4540866085814,0.0,0.418841393938349,21,233,0.0,25.25,123248533.53247185,1.0,654.15,1445.0192143463782,11210.61682952464,2545018854.499492,2380556550.84955,370.25794520086515,1181790643.2419827,26635127.424866304,1155155515.8171165,0.32656894330903036,11.778455317438905,1645824216.341721,67026929.30394689,0.674405081115017
0.0,121712066.66666667,discharging,121712066.66666667,0.0,121712066.66666667,0.0,862.4540866085814,0.0,0.30989982510358083,22,233,0.0,23.94,123248533.53247185,1.0,654.15,1445.0192141640034,11210.616829436824,2545018854.479556,2380556550.831776,370.257945200928,1181790643.176311,26635127.34141976,1155155515.8348913,0.3265689433140554,11.778455317565026,1653586650.2445104,67273746.66835496,0.6712662560584116
0.0,121712066.66666667,discharging,121712066.66666667,0.0,121712066.66666667,0.0,862.4540866085814,0.0,0.20095825626881264,23,233,0.0,22.64,123248533.53247185,1.0,654.15,1445.0192143444553,11210.61682949944,2545018854.493771,2380556550.8444476,370.2579452008832,1181790643.2477775,26635127.42555884,1155155515.8222187,0.32656894331047276,11.778455317475123,1661289828.9266677,67518679.93074466,0.6681801425107938
0.0,121712066.66666667,discharging,121712066.66666667,0.0,121712066.66666667,0.0,862.4540866085814,0.0,0.09201668743404445,0,234,0.0,21.96,123248533.53247185,1.0,654.15,1445.0192141652467,11210.616829435707,2545018854.4793024,2380556550.831548,370.25794520092893,1181790643.1765218,26635127.341402885,1155155515.835119,0.3265689433141198,11.778455317566658,1665319183.9296424,67646798.86799465,0.6665771442150746
0.0,121712066.66666667,discharging,102803193.63129978,0.0,102803193.63129978,0.0,728.4654421861852,0.0,0.0,1,234,0.0,21.31,104101367.80807343,1.0,654.15,1445.0192143476163,11210.616829609557,2545018854.5187697,2363230577.560731,369.0122851506467,1179969450.8064547,26396834.735885303,1153572616.0705693,0.3278963552972591,13.912144321287098,1669170773.2707212,57241031.85337604,0.6681908758076689
0.0,121712066.66666667,shutdown,0.0,0.0,0.0,0.0,0.0,0.0,0.0,2,234,0.0,20.76,0.0,1.0,567.279923475184,1445.0192142956223,11210.61682921333,2545018854.4288187,2259509895.571693,362.89907080586624,1179588764.9048967,25103923.744794946,1154484841.160102,0.33816193355597596,,1672429810.4054801,0.0,0.6903039122940516
0.0,121712066.66666667,shutdown,0.0,0.0,0.0,0.0,0.0,0.0,0.0,3,234,0.0,20.26,0.0,1.0,567.279923475184,1445.0192142091737,11210.616829726132,2545018854.545234,2259509895.6750636,362.89907080586624,1179588764.8837192,25103923.826972228,1154484841.056747,0.3381619335257021,,1675392571.4370792,0.0,0.689083180108934
0.0,121712066.66666667,shutdown,0.0,0.0,0.0,0.0,0.0,0.0,0.0,4,234,0.0,19.81,0.0,1.0,567.279923475184,1445.0192142054746,11210.616829643064,2545018854.5263762,2259509895.6583214,362.89907080586624,1179588764.9003494,25103923.826859616,1154484841.0734897,0.33816193353060625,,1678059056.365518,0.0,0.6879882067881272
0.0,121712066.66666667,shutdown,0.0,0.0,0.0,0.0,0.0,0.0,0.0,5,234,0.0,19.37,0.0,1.0,567.279923475184,1445.01921434078,11210.616829588615,2545018854.514015,2259509895.647347,362.89907080586624,1179588764.9124773,25103923.82801348,1154484841.0844638,0.3381619335338207,,1680666286.0733252,0.0,0.6869209257370057
56156412.62495826,121712066.66666667,direct_partial,56156412.62495826,0.0,0.0,0.0,0.0,0.0,0.0,6,234,233.3575153334577,18.96,56776579.06706387,234.65830954310312,665.7511588449437,1445.0192143110783,11210.616829313121,2545018854.451473,2320453356.5441136,365.945458593592,1175421882.9989967,25718826.918104373,1149703056.0808923,0.33125239550565644,25.36003663600471,1683095750.1192365,31864858.988266762,0.6703961886793532
157451987.5141191,121712066.66666667,charging,121712066.66666667,35739920.84745242,0.0,253.25377864440094,0.0,0.0,0.03198995098666117,7,234,530.4302320195299,20.93,123446149.40911144,657.9376334278871,665.9669462506939,1445.0192143073846,11210.61682923009,2545018854.4326234,2380735425.0721397,370.27081492002634,1181809384.8128765,26832743.218340673,1154976641.5945358,0.32650013394195726,11.758302866993544,1671422471.654736,68934369.47376655,0.6636435783167389
204259581.57413572,121712066.66666667,charging,121712066.66666667,82547514.90746905,0.0,584.9333062949892,0.0,0.0,0.10587626336076505,8,234,685.8668827606504,24.91,123960878.13304846,853.5304496795015,665.9677049654232,1445.0192141534758,11210.616829418896,2545018854.475486,2381201342.9412403,370.3043378413588,1181858195.6681015,27347471.94267349,1154510723.725428,0.32632094121251376,11.706113472249845,1647838893.8432083,68481041.70726451,0.6726663833541872
208475515.58344233,121712066.66666667,charging,121712066.66666667,86763448.91677566,0.0,614.8074972012749,0.0,0.0,0.18353615774408402,9,234,738.1251059107104,27.27,124007239.46343471,871.147386045723,665.9677729938006,1445.019214302473,11210.616829234401,2545018854.4336023,2381243308.233759,370.307357321184,1181862591.7056026,27393833.272696108,1154468758.4329066,0.326304803889545,11.701434065681164,1633854661.7740612,68067212.94813989,0.6783324050179135
203092862.4724939,121712066.66666667,charging,121712066.66666667,81380795.80582722,0.0,576.6659119051536,0.0,0.0,0.25637816766894556,10,234,769.8863707127,29.23,123948048.08171928,848.6551323416337,665.9676861302513,1445.0192143024697,11210.61682932043,2545018854.4531326,2381189729.4315424,370.3035022321182,1181856979.1261706,27334641.891045116,1154522337.2351255,0.3263254071413257,11.707409071372497,1622240638.530193,67669925.94529481,0.6831854664412164
194966695.24937806,121712066.66666667,charging,121712066.66666667,73254628.58271138,0.0,519.0837319128032,0.0,0.0,0.3219466390684575,11,234,780.1483849493192,30.82,123858687.1186267,814.6986779581241,665.9675548357466,1445.0192141986217,11210.616829708066,2545018854.541133,2381108841.995214,370.29768226656347,1181848505.682833,27245281.011381105,1154603224.6714518,0.326356513016015,11.716440326053341,1612819058.4497082,67325414.81419028,0.6872047273580499
190886757.06201142,121712066.66666667,charging,121712066.66666667,69174690.39534475,0.0,490.1732100625613,0.0,0.0,0.38386325507636004,12,234,774.3886771357901,31.87,123813821.29249325,797.6500212983449,665.9674888448417,1445.0192143513113,11210.616829520519,2545018854.498556,2381068230.5156856,370.2947602333493,1181844251.3358886,27200415.184904773,1154643836.1509838,0.32637213106063057,11.72097960009325,1606597260.2833505,67105810.16098439,0.6898737634773228
204970708.81811562,121712066.66666667,charging,121712066.66666667,83258642.15144895,0.0,589.9723678643638,0.0,0.0,0.458386080490806,13,234,799.5025129027582,32.37,123968698.1807605,856.5020055382568,665.9677164437443,1445.0192142054748,11210.616829729071,2545018854.5459013,2381208421.5472903,370.3048471541214,1181858937.1922,27355292.07282357,1154503645.1193764,0.32631821918408366,11.705323922459918,1603634499.2517514,67096697.131764725,0.6910169916132698
218012922.9707142,121712066.66666667,charging,121712066.66666667,96300856.30404754,0.0,682.3897526183235,0.0,0.0,0.5445826808215416,14,234,792.9984383754448,32.42,124112119.40081877,911.0009270806154,665.967926702363,1445.0192143042395,11210.616829206143,2545018854.4271874,2381338243.631641,370.3141881292455,1181872536.2458231,27498713.21079607,1154373823.035027,0.3262682990471542,11.690861072944744,1603338223.1485915,67165022.09374717,0.691033571064726
221812576.2983037,121712066.66666667,charging,121712066.66666667,100100509.63163702,0.0,709.314170466311,0.0,0.0,0.6341802602488651,15,234,751.1346837734047,32.06,124153903.0205067,926.8783698342494,665.9679878668447,1445.019214351319,11210.61682960656,2545018854.5180893,2381376065.569031,370.31690950811935,1181876498.0106268,27540496.912991058,1154336001.0976357,0.3262537562631699,11.68665382175034,1605471411.0913424,67254752.5639456,0.6900926321228505
219339826.45090282,121712066.66666667,charging,121712066.66666667,97627759.78423615,0.0,691.7922166497492,0.0,0.0,0.7215645402467281,16,234,709.43923060597,31.17,124126710.95052017,916.54559977307,665.9679480667096,1445.0192142054843,11210.616829729184,2545018854.545927,2381351451.766519,370.315138479343,1181873919.7427614,27513304.84261458,1154360614.9001467,0.32626322040061334,11.689391507047862,1610745125.727589,67405902.10961409,0.6878764758067597
176671478.76318336,121712066.66666667,charging,121712066.66666667,54959412.09651668,0.0,389.44346980862963,0.0,0.0,0.770757399590976,17,234,577.805123496345,29.96,123657500.2465997,738.2492686618559,665.9672585466216,1445.0192141937184,11210.61682962636,2545018854.5225844,2380926733.020534,370.2845794223299,1181829427.7854602,27044094.139327295,1154785333.646133,0.3264265502145519,11.736821014925304,1617915007.4240587,67375716.99265182,0.6852143175746792
92935775.54861636,121712066.66666667,direct_plus_discharge,121712066.66666667,0.0,28776291.118050307,0.0,203.90936208626297,0.0,0.7450004275379745,18,234,338.58818241850145,28.33,123096696.31763336,388.34660133940105,663.0165563921947,1445.019214346377,11210.616829610664,2545018854.519021,2380419114.4208717,370.2480569951646,1181776242.4558856,26483290.210093837,1155292952.245792,0.3266218176756472,11.793983301290547,1627573608.3870711,67123445.50202675,0.6817106040248035
0.0,121712066.66666667,discharging,121712066.66666667,0.0,121712066.66666667,0.0,862.4540866085814,0.0,0.6360588587032062,19,234,0.0,26.87,123248533.53247009,1.0,654.1499999999988,1445.0192143110783,11210.61682922708,2545018854.43194,2380556550.789324,370.2579452010782,1181790643.219077,26635127.341736086,1155155515.877341,0.3265689433260563,11.778455317866372,1636224870.59934,66721704.776967935,0.6783275133702189
0.0,121712066.66666667,discharging,121712066.66666667,0.0,121712066.66666667,0.0,862.4540866085814,0.0,0.5271172898684381,20,234,0.0,25.54,123248533.53247185,1.0,654.15,1445.0192142956244,11210.616829299395,2545018854.448357,2380556550.803961,370.2579452010266,1181790643.205191,26635127.3424842,1155155515.8627067,0.32656894332191894,11.778455317762381,1644105814.9433935,66972290.34541381,0.6751039080520125
0.0,121712066.66666667,discharging,121712066.66666667,0.0,121712066.66666667,0.0,862.4540866085814,0.0,0.4181757210336699,21,234,0.0,24.43,123248533.53247185,1.0,654.15,1445.0192141640066,11210.616829436809,2545018854.4795527,2380556550.8317733,370.257945200928,1181790643.1763098,26635127.341416445,1155155515.8348935,0.326568943314056,11.77845531756504,1650683144.4335434,67181425.66945423,0.6724368940012739
0.0,121712066.66666667,discharging,121712066.66666667,0.0,121712066.66666667,0.0,862.4540866085814,0.0,0.3092341521989017,22,234,0.0,23.17,123248533.53247185,1.0,654.15,1445.019214311081,11210.6168292271,2545018854.431945,2380556550.7893286,370.2579452010783,1181790643.21908,26635127.341741167,1155155515.877339,0.32656894332605557,11.778455317866197,1658149302.2331727,67418822.52377039,0.6694348946901472
0.0,121712066.66666667,discharging,121712066.66666667,0.0,121712066.66666667,0.0,862.4540866085814,0.0,0.2002925833641335,23,234,0.0,21.69,123248533.53247185,1.0,654.15,1445.019214300549,11210.616829295239,2545018854.4474134,2380556550.8031173,370.2579452010294,1181790643.2060442,26635127.342493553,1155155515.8635507,0.3265689433221576,11.77845531776839,1666919074.8867059,67697669.62249096,0.665942790832679
0.0,121712066.66666667,discharging,121712066.66666667,0.0,121712066.66666667,0.0,862.4540866085814,0.0,0.09135101452936532,0,235,0.0,20.98,123248533.53247185,1.0,654.15,1445.0192141603143,11210.616829353843,2545018854.4607177,2380556550.8149796,370.2579452009875,1181790643.1930182,26635127.341330763,1155155515.8516874,0.32656894331880376,11.778455317684209,1671126195.5515761,67831440.8657961,0.664280423893222
0.0,121712066.66666667,discharging,102059488.30541648,0.0,102059488.30541648,0.0,723.1955316908088,0.0,0.0,1,235,0.0,20.37,103348290.18688619,1.0,654.15,1445.019214307386,11210.616829316186,2545018854.452169,2362549345.5238824,368.96334591817015,1179897605.1389813,26387462.357447337,1153510142.781534,0.32794879767799306,14.012219567739466,1674740764.010127,56975455.00282316,0.6661080667356779
0.0,121712066.66666667,shutdown,0.0,0.0,0.0,0.0,0.0,0.0,0.0,2,235,0.0,19.77,0.0,1.0,567.279923475184,1445.0192142023222,11210.616829705037,2545018854.5404453,2259509896.425218,362.89907080586624,1179588764.134159,25103923.827643033,1154484840.3065162,0.33816193330595085,,1678296077.248046,0.0,0.687891043754068
0.0,121712066.66666667,shutdown,0.0,0.0,0.0,0.0,0.0,0.0,0.0,3,235,0.0,19.21,0.0,1.0,567.279923475184,1445.0192143110683,11210.616829227025,2545018854.4319277,2259509895.574468,362.89907080586624,1179588764.9014456,25103923.74410321,1154484841.1573424,0.33816193355516766,,1681614369.603437,0.0,0.686533644113422
0.0,121712066.66666667,shutdown,0.0,0.0,0.0,0.0,0.0,0.0,0.0,4,235,0.0,18.69,0.0,1.0,567.279923475184,1445.0192143513107,11210.616829606499,2545018854.5180755,2259509895.6509514,362.89907080586624,1179588764.9081821,25103923.82732386,1154484841.0808582,0.3381619335327646,,1684695641.0763,0.0,0.6852779890516566
0.0,121712066.66666667,shutdown,0.0,0.0,0.0,0.0,0.0,0.0,0.0,5,235,0.0,18.25,0.0,1.0,567.279923475184,1445.0192141583952,11210.616829328665,2545018854.455002,2259509895.594954,362.89907080586624,1179588764.881271,25103923.74441403,1154484841.1368568,0.3381619335491672,,1687302870.784107,0.0,0.6842190937542564
67473864.344128,121712066.66666667,direct_partial,67473864.344128,0.0,0.0,0.0,0.0,0.0,0.0,6,235,267.4255478091548,17.87,68218485.32397704,281.95004283975135,665.818069100267,1445.019214205481,11210.616829729159,2545018854.5459213,2330789610.3148084,366.6852646929102,1176527535.5679796,25843281.53860202,1150684254.0293775,0.3304457370722161,21.137129751405386,1689554569.168122,38401115.50430323,0.6659223174739674
166364956.6126721,121712066.66666667,charging,121712066.66666667,44652889.94600542,0.0,316.41125212577344,0.0,0.0,0.03996773711062401,7,235,557.2604284314634,19.82,123544162.59063518,695.1818618946254,665.9670912094109,1445.0192143024506,11210.616829320288,2545018854.4531,2380824143.2600203,370.27719811998674,1181818679.8065667,26930756.39986309,1154887923.4067037,0.32646600871293413,11.748331599868234,1677999801.144886,69195030.64111504,0.6609955011291815
201115181.93058202,121712066.66666667,charging,121712066.66666667,79403115.26391535,0.0,562.6520288770274,0.0,0.0,0.1110395723371959,8,235,676.9170913705867,23.79,123926300.13670862,840.3910864190302,665.9676541942632,1445.0192143005513,11210.616829209192,2545018854.4278793,2381170043.6421204,370.3020858113292,1181854916.9712071,27312893.94666147,1154542023.0245457,0.3263329773093162,11.709605826192838,1654475478.5539901,68670349.89522728,0.6700199158788557
203581923.17133138,121712066.66666667,charging,121712066.66666667,81869856.5046647,0.0,580.1314055892532,0.0,0.0,0.1843193288326805,9,235,723.9529873996906,26.43,123953426.13189459,850.6987485822153,665.9676940259781,1445.019214311084,11210.616829313145,2545018854.4514785,2381194597.5262117,370.30385249939326,1181857489.0816886,27340019.94123326,1154517469.1404555,0.32632353512994355,11.706865954684774,1638832100.3071475,68194013.57524818,0.6763326347214833
202118789.30775934,121712066.66666667,charging,121712066.66666667,80406722.64109267,0.0,569.7636103948043,0.0,0.0,0.25628946909307687,10,235,769.4449120443181,28.66,123937336.49854192,844.5848160318216,665.9676704021177,1445.0192142005685,11210.616829647364,2545018854.5273523,2381180033.60387,370.3028045972919,1181855963.453373,27323930.39057529,1154532033.0627975,0.3263291356667796,11.708490949009143,1625618186.1062157,67770154.2297103,0.6817881082337954
189389009.51567882,121712066.66666667,charging,121712066.66666667,67676942.84901215,0.0,479.560141634595,0.0,0.0,0.31686548698376255,11,235,763.8247392109937,30.45,123797351.02310877,791.391450087752,665.9674646075637,1445.0192143395257,11210.616829589604,2545018854.5142403,2381053322.061542,370.29368755670157,1181842689.5213687,27183944.91624633,1154658744.6051223,0.32637786454082857,11.722646795266598,1615011501.6130915,67360846.5870196,0.6863277001910046
193124853.36994016,121712066.66666667,charging,121712066.66666667,71412786.70327349,0.0,506.0324043056688,0.0,0.0,0.3807853696328997,12,235,787.7094514294117,31.69,123838432.94963321,807.002255026679,665.9675250508097,1445.0192143110712,11210.61682931309,2545018854.451466,2381090508.3329196,370.29636314629056,1181846585.0927022,27225026.75895478,1154621558.3337474,0.32636356357604906,11.718489123199284,1607663854.2547262,67152623.98697247,0.6894018379529699
203363318.6293969,121712066.66666667,charging,121712066.66666667,81651251.96273021,0.0,578.5823695264695,0.0,0.0,0.45386945841519055,13,235,798.5843709685672,32.38,123951022.20494244,849.7852754832235,665.9676904967628,1445.0192141603052,11210.61682935378,2545018854.4607034,2381192421.5510025,370.3036959338738,1181857261.129446,27337616.013782546,1154519645.1156635,0.32632437189481983,11.70710871575911,1603575244.0311193,67085266.771631144,0.6910558055633446
225734313.8056222,121712066.66666667,charging,121712066.66666667,104022247.13895552,0.0,737.1036792013501,0.0,0.0,0.5469772915774663,14,235,823.435808745144,32.59,124197029.16239238,943.2659603323269,665.9680509534815,1445.0192143395386,11210.616829589728,2545018854.514268,2381415102.703336,370.3197183386299,1181880587.018894,27583623.05556372,1154296963.9633303,0.32623874658461016,11.682314358680411,1602330884.3978474,67179279.374329,0.6913985844538093
230419039.76314706,121712066.66666667,charging,121712066.66666667,108706973.09648038,0.0,770.2997390281377,0.0,0.0,0.6442783112441784,15,235,781.2401627605892,32.34,124248545.65373391,962.8418168103261,665.9681262565562,1445.0192141652485,11210.61682934968,2545018854.4597726,2381461734.6803493,370.3230736542147,1181885471.4489198,27635139.462601963,1154250331.9863179,0.3262208171905166,11.67713458486101,1603812264.913647,67253793.62991585,0.6907269321191996
219694774.88891557,121712066.66666667,charging,121712066.66666667,97982708.2222489,0.0,694.3073882287333,0.0,0.0,0.7319802971257028,16,235,710.8431502906145,31.74,124130614.20938766,918.0288070604621,665.9679537808507,1445.0192143463785,11210.616829610675,2545018854.5190234,2381354984.908811,370.315392699685,1181874289.8597035,27517208.101847757,1154357081.757856,0.3262618618775335,11.688998455147834,1607367578.1515658,67301779.20097794,0.6893044747548013
178063659.17146933,121712066.66666667,charging,121712066.66666667,56351592.50480266,0.0,399.30848743018544,0.0,0.0,0.7824192639589894,17,235,581.8526358046223,30.68,123672809.62661374,744.0667111571449,665.9672811266615,1445.0192143407835,11210.616829588605,2545018854.5140133,2380940590.612466,370.28557647781247,1181830879.5739691,27059403.519769233,1154771476.0542,0.3264212204452229,11.73526780960794,1613648631.5385559,67250353.4283377,0.686996355153932
87019822.4389763,121712066.66666667,direct_plus_discharge,121712066.66666667,0.0,34692244.22769037,0.0,245.8299216111237,0.0,0.7513670633344265,18,235,320.1291085650519,29.21,123106194.20167634,363.6258705955106,662.3968685272004,1445.019214204228,11210.616829644137,2545018854.52662,2380427711.4801645,370.2486755281428,1181777143.2801852,26492788.09368182,1155284355.1865034,0.3266185100917646,11.793010855399507,1622359148.9714572,66912708.623188324,0.6838948686634211
0.0,121712066.66666667,discharging,121712066.66666667,0.0,121712066.66666667,0.0,862.4540866085814,0.0,0.6424254944996582,19,235,0.0,27.41,123248533.53244264,1.0,654.15,1445.0192142054702,11210.616829729073,2545018854.545902,2380556550.8909006,370.257945200717,1181790643.2002716,26635127.42453437,1155155515.7757373,0.3265689432973349,11.77845531714808,1633025088.6852133,66619963.26796055,0.6796451497024465
0.0,121712066.66666667,discharging,121712066.66666667,0.0,121712066.66666667,0.0,862.4540866085814,0.0,0.5334839256648901,20,235,0.0,26.07,123248533.53247185,1.0,654.15,1445.0192143358545,11210.616829506767,2545018854.4954348,2380556550.8459296,370.2579452008781,1181790643.2462978,26635127.42556034,1155155515.8207376,0.32656894331005404,11.77845531746463,1640965288.249899,66872432.93843955,0.6763848236218623
0.0,121712066.66666667,discharging,121712066.66666667,0.0,121712066.66666667,0.0,862.4540866085814,0.0,0.4245423568301219,21,235,0.0,24.7,123248533.53247185,1.0,654.15,1445.0192143513166,11210.616829606564,2545018854.5180902,2380556550.866129,370.2579452008065,1181790643.2254932,26635127.424956746,1155155515.8005364,0.32656894330434305,11.778455317321283,1649083253.47648,67130554.91495793,0.6730836858160658
0.0,121712066.66666667,discharging,121712066.66666667,0.0,121712066.66666667,0.0,862.4540866085814,0.0,0.31560078799535374,22,235,0.0,23.06,123248533.53247185,1.0,654.15,1445.0192143476281,11210.616829609606,2545018854.5187807,2380556550.866743,370.25794520080433,1181790643.2248564,26635127.424930964,1155155515.7999253,0.3265689433041703,11.778455317316974,1658801109.6601245,67439547.6459726,0.6691740870028026
0.0,121712066.66666667,discharging,121712066.66666667,0.0,121712066.66666667,0.0,862.4540866085814,0.0,0.20665921916058555,23,235,0.0,22.16,123248533.53247185,1.0,654.15,1445.0192141571652,11210.6168293298,2545018854.4552593,2380556550.8101134,370.25794520100476,1181790643.1986058,26635127.342050985,1155155515.8565547,0.32656894332017977,11.778455317718741,1664134079.5170026,67609116.82762699,0.6670478153428647
0.0,121712066.66666667,discharging,121712066.66666667,0.0,121712066.66666667,0.0,862.4540866085814,0.0,0.09771765032581736,0,236,0.0,21.34,123248533.53247185,1.0,654.15,1445.0192143061547,11210.61682931732,2545018854.4524264,2380556550.8075857,370.2579452010137,1181790643.2008862,26635127.341805395,1155155515.8590808,0.3265689433208939,11.778455317736682,1668993007.6088252,67763613.19313434,0.6651222756391046
0.0,121712066.66666667,discharging,109172442.60549128,0.0,109172442.60549128,0.0,773.5980650793875,0.0,0.0,1,236,0.0,20.89,110550883.09228417,1.0,654.15,1445.0192143476158,11210.616829523518,2545018854.4992375,2369065465.341459,369.4315806275085,1180584078.309869,26477101.045836713,1154106977.2640324,0.3274479545182421,13.110906047278926,1671659492.5372643,60858332.9669991,0.6661443595410743
0.0,121712066.66666667,shutdown,0.0,0.0,0.0,0.0,0.0,0.0,0.0,2,236,0.0,20.36,0.0,1.0,567.279923475184,1445.0192141986324,11210.616829708142,2545018854.5411506,2259509895.6714377,362.89907080586624,1179588764.888006,25103923.827632923,1154484841.060373,0.3381619335267642,,1674800019.230759,0.0,0.6893269810151016
0.0,121712066.66666667,shutdown,0.0,0.0,0.0,0.0,0.0,0.0,0.0,3,236,0.0,19.84,0.0,1.0,567.279923475184,1445.0192143073928,11210.616829316232,2545018854.4521794,2259509895.5924478,362.89907080586624,1179588764.8835444,25103923.744180586,1154484841.1393638,0.33816193354990154,,1677881290.703622,0.0,0.6880610967747478
0.0,121712066.66666667,shutdown,0.0,0.0,0.0,0.0,0.0,0.0,0.0,4,236,0.0,19.32,0.0,1.0,567.279923475184,1445.0192141652515,11210.6168293497,2545018854.4597774,2259509895.5991936,362.89907080586624,1179588764.8763452,25103923.743729535,1154484841.1326156,0.3381619335479249,,1680962562.176485,0.0,0.6867998533160703
0.0,121712066.66666667,shutdown,0.0,0.0,0.0,0.0,0.0,0.0,0.0,5,236,0.0,18.78,0.0,1.0,567.279923475184,1445.0192143358524,11210.61682959279,2545018854.514963,2259509895.6481886,362.89907080586624,1179588764.9116302,25103923.828007,1154484841.0836232,0.33816193353357443,,1684162344.0906122,0.0,0.6854949851684304
56951456.672036424,121712066.66666667,direct_partial,56951456.672036424,0.0,0.0,0.0,0.0,0.0,0.0,6,236,235.06808764107137,18.31,57580365.96914333,237.98052482322862,665.756727889531,1445.019214351313,11210.616829520475,2545018854.4985466,2321179341.1875424,365.9973926848993,1175499685.3407226,25727569.856177825,1149772115.4845448,0.3311955922885768,25.008576494442224,1686947339.4603148,32372399.211425174,0.6687366460253641
161644668.08196712,121712066.66666667,charging,121712066.66666667,39932601.415300444,0.0,282.9631952093834,0.0,0.0,0.035742719394869484,7,236,542.1112263715934,21.56,123492255.02859622,675.4574016701373,665.9670144682075,1445.0192142005574,11210.61682973336,2545018854.5468755,2380777158.3651166,370.27381758303636,1181813757.2222347,26878848.92063882,1154934908.301596,0.3264840811057153,11.753610388996183,1667689392.7549217,68843298.41542298,0.6650810054852593
204174115.41011724,121712066.66666667,charging,121712066.66666667,82462048.74345057,0.0,584.3276913839683,0.0,0.0,0.10955253304337073,8,236,686.1047987963738,25.51,123959938.28791341,853.1733160124055,665.9677035858143,1445.019214197387,11210.616829709192,2545018854.5413885,2381200492.271998,370.3042766298721,1181858106.5753562,27346532.18068802,1154511574.3946683,0.3263212683389961,11.706208369790435,1644283580.6052895,68368841.34773318,0.6741073434375676
206851683.8081605,121712066.66666667,charging,121712066.66666667,85139617.14149384,0.0,603.3009934591919,0.0,0.0,0.18575897432242655,9,236,735.3790073772941,28.09,123989382.68454072,864.3619522624999,665.9677467976383,1445.019214347627,11210.61682952359,2545018854.4992533,2381227144.6933274,370.30619432023207,1181860898.5502765,27375976.576941054,1154484921.9733355,0.3263110193669774,11.703235996490568,1628995733.682239,67904742.22035256,0.6803492239927966
204980443.1509649,121712066.66666667,charging,121712066.66666667,83268376.48429821,0.0,590.0413455374588,0.0,0.0,0.26029051270610554,10,236,781.8499459974581,30.0,123968805.2262272,856.5426819629813,665.9677166008565,1445.0192143513113,11210.616829606508,2545018854.5180774,2381208518.4178114,370.3048541259918,1181858947.3675525,27355399.118696734,1154503548.2488558,0.3263181819306724,11.705313115504444,1617677986.5415306,67537926.72036293,0.6850775257718792
196151648.35382563,121712066.66666667,charging,121712066.66666667,74439581.68715896,0.0,527.4803328034051,0.0,0.0,0.32691960737600934,11,236,792.4139400616567,31.54,123871717.68368012,819.6501889143981,665.9675739928127,1445.0192143358506,11210.616829506705,2545018854.4954205,2381120636.9119487,370.2985309273573,1181849741.331469,27258311.576752327,1154591429.7547166,0.32635197708939323,11.715122582542536,1608552682.5642054,67198577.52648708,0.68899929079703
191353695.06464905,121712066.66666667,charging,121712066.66666667,69641628.39798237,0.0,493.4819418883923,0.0,0.0,0.3892541684566484,12,236,785.4683681706401,32.78,123818956.06617545,799.6011944099879,665.967496399743,1445.0192141652512,11210.616829435745,2545018854.479311,2381072878.366389,370.295094651608,1181844738.1753953,27205549.875117816,1154639188.3002775,0.3263703436040608,11.720459925831218,1601205035.2058403,66939403.48424607,0.692169791488176
205656753.76039174,121712066.66666667,charging,121712066.66666667,83944687.09372507,0.0,594.8336957529423,0.0,0.0,0.4643910563412306,13,236,811.4789927831578,33.7,123976242.40611221,859.3687510958924,665.967727515842,1445.0192143513104,11210.616829606519,2545018854.5180798,2381215250.3987904,370.30533850351765,1181859652.5664601,27362836.298582803,1154496816.2678773,0.32631559319989256,11.70456231600034,1595753554.907698,66853189.12510981,0.694389590570009
219347959.97733396,121712066.66666667,charging,121712066.66666667,97635893.31066729,0.0,691.8498509772337,0.0,0.0,0.5517826164646706,14,236,805.5260770360107,34.33,124126800.39240792,916.5795869790513,665.9679481976509,1445.0192143005513,11210.616829209213,2545018854.427884,2381351532.6226144,370.31514430509014,1181873928.2464182,27513394.202368896,1154360534.0440493,0.32626318930006154,11.689382500854235,1592020476.0078835,66816972.3624706,0.6958852630063879
224036051.64747053,121712066.66666667,charging,121712066.66666667,102323984.98080386,0.0,725.0697603094632,0.0,0.0,0.6433703756616554,15,236,763.1440023811776,34.51,124178353.8954591,936.1695076109903,665.9680236399271,1445.0192141603059,11210.616829439827,2545018854.4802375,2381398198.0945935,370.318502006274,1181878816.2764432,27564947.704369124,1154313868.5720742,0.3262452463147312,11.684193142285869,1590953882.0365078,66811166.57816935,0.696307278004615
222539365.44729838,121712066.66666667,charging,121712066.66666667,100827298.7806317,0.0,714.4642126011629,0.0,0.0,0.7336184867270655,16,236,719.7563674115456,34.14,124161895.29737568,929.9153714005017,665.9679995615678,1445.0192143110742,11210.616829227078,2545018854.43194,2381383299.9775577,370.3174300490391,1181877255.7957473,27548489.106637955,1154328766.6891093,0.32625097461575886,11.685849391378133,1593146325.1998909,66871291.49802104,0.695371395506806
176818919.00647068,121712066.66666667,charging,121712066.66666667,55106852.339804016,0.0,390.4882342583368,0.0,-7.450580596923828e-09,0.7829433163175923,17,236,577.3251001254671,33.51,123659121.60163409,738.8653706639459,665.9672609382473,1445.0192141584116,11210.616829414781,2545018854.4745517,2380928200.580187,370.2846850165504,1181829581.4977603,27045715.411280703,1154783866.0864797,0.32642598576984,11.736656503273865,1596879404.0997057,66717424.23210917,0.694148874546995
88592329.9324341,121712066.66666667,direct_plus_discharge,121712066.66666667,0.0,33119736.73423257,0.0,234.68710273458973,0.0,0.753298629656381,18,236,323.433857947968,32.4,123103669.58838779,370.1968378797468,662.5608009179308,1445.0192143476295,11210.616829609651,2545018854.5187907,2380425426.30784,370.2485111171047,1181776903.839686,26490263.480860848,1155286640.358825,0.32661938927372897,11.793269324667934,1603456733.5898554,66332538.258825414,0.6918757114062469
0.0,121712066.66666667,discharging,121712066.66666667,0.0,121712066.66666667,0.0,862.4540866085814,0.0,0.6443570608216128,19,236,0.0,30.85,123248533.53247185,1.0,654.15,1445.0192143513093,11210.61682952045,2545018854.498541,2380556550.8487015,370.2579452008682,1181790643.2428324,26635127.424868815,1155155515.8179636,0.32656894330926983,11.778455317444916,1612641292.7878122,65971832.173652865,0.6881606599164901
0.0,121712066.66666667,discharging,121712066.66666667,0.0,121712066.66666667,0.0,862.4540866085814,0.0,0.5354154919868446,20,236,0.0,29.04,123248533.53247185,1.0,654.15,1445.0192141534835,11210.616829418988,2545018854.4755073,2380556550.828164,370.25794520094087,1181790643.1806257,26635127.34212373,1155155515.838502,0.32656894331507613,11.77845531759066,1623366487.7222004,66312854.63898004,0.6836536891220272
0.0,121712066.66666667,discharging,121712066.66666667,0.0,121712066.66666667,0.0,862.4540866085814,0.0,0.42647392315207644,21,236,0.0,28.48,123248533.53247185,1.0,654.15,1445.0192142091566,11210.616829639957,2545018854.525671,2380556550.8728886,370.2579452007826,1181790643.2182596,26635127.424482297,1155155515.7937772,0.3265689433024322,11.778455317273322,1626684780.0775914,66418364.35200943,0.682271201015898
0.0,121712066.66666667,discharging,121712066.66666667,0.0,121712066.66666667,0.0,862.4540866085814,0.0,0.31753235431730825,22,236,0.0,27.63,123248533.53247185,1.0,654.15,1445.019214346376,11210.616829610653,2545018854.5190187,2380556550.8669567,370.25794520080365,1181790643.2246363,26635127.42492665,1155155515.7997096,0.3265689433041093,11.77845531731542,1631721473.8313098,66578513.02357194,0.680183433280811
0.0,121712066.66666667,discharging,121712066.66666667,0.0,121712066.66666667,0.0,862.4540866085814,0.0,0.20859078548254006,23,236,0.0,26.57,123248533.53247185,1.0,654.15,1445.0192143395375,11210.616829589691,2545018854.51426,2380556550.8627133,370.25794520081865,1181790643.2295866,26635127.425634537,1155155515.803952,0.32656894330530867,11.778455317345527,1638002527.2182999,66778227.83752046,0.6775976983422295
0.0,121712066.66666667,discharging,121712066.66666667,0.0,121712066.66666667,0.0,862.4540866085814,0.0,0.09964921664777189,0,237,0.0,25.63,123248533.53247185,1.0,654.15,1445.0192143110683,11210.61682922699,2545018854.43192,2380556550.7893066,370.2579452010784,1181790643.21907,26635127.34171004,1155155515.8773599,0.3265689433260615,11.778455317866339,1643572517.9577057,66955333.42724838,0.6753210799473807
0.0,121712066.66666667,discharging,111330433.6410838,0.0,111330433.6410838,0.0,788.8896317948607,0.0,0.0,1,237,0.0,24.6,112736069.48139226,1.0,654.15,1445.0192142042522,11210.616829730307,2545018854.546182,2371042679.9990406,369.5737119033178,1180792050.0411294,26504296.399087757,1154287753.6420417,0.3272963246755746,12.860222965841427,1649675805.6827996,61421898.89653474,0.6745890375242004
0.0,121712066.66666667,shutdown,0.0,0.0,0.0,0.0,0.0,0.0,0.0,2,237,0.0,24.28,0.0,1.0,567.279923475184,1445.0192142956219,11210.61682921335,2545018854.4288235,2259509895.571673,362.89907080586624,1179588764.9048924,25103923.744800467,1154484841.1600919,0.338161933555973,,1651571972.7430232,0.0,0.6990218169194642
0.0,121712066.66666667,shutdown,0.0,0.0,0.0,0.0,0.0,0.0,0.0,3,237,0.0,24.43,0.0,1.0,567.279923475184,1445.019214346379,11210.616829610684,2545018854.519026,2259509895.6517954,362.89907080586624,1179588764.9073336,25103923.82731981,1154484841.0800138,0.3381619335325172,,1650683144.4335434,0.0,0.699398212778257
0.0,121712066.66666667,shutdown,0.0,0.0,0.0,0.0,0.0,0.0,0.0,4,237,0.0,24.6,0.0,1.0,567.279923475184,1445.01921420917,11210.616829726101,2545018854.5452275,2259509895.6750574,362.89907080586624,1179588764.8837166,25103923.82696428,1154484841.0567522,0.3381619335257036,,1649675805.6827996,0.0,0.6998252851134662
0.0,121712066.66666667,shutdown,0.0,0.0,0.0,0.0,0.0,0.0,0.0,5,237,0.0,24.4,0.0,1.0,567.279923475184,1445.01921434446,11210.61682949947,2545018854.4937778,2259509895.6293797,362.89907080586624,1179588764.9303825,25103923.82795222,1154484841.1024303,0.3381619335390833,,1650860910.0954394,0.0,0.699322901185956
39671198.7209009,121712066.66666667,direct_partial,39671198.7209009,0.0,0.0,0.0,0.0,0.0,0.0,6,237,180.9164900308863,24.21,40110082.333007246,165.77227771949472,665.5853702197162,1445.0192141689402,11210.616829432682,2545018854.4786158,2305404596.1983433,364.86990381277417,1173804146.6103287,25537544.087735124,1148266602.5225935,0.3324348602540833,35.82146561953148,1651986759.287447,22190316.34024546,0.6858692663033141
144820868.68771267,121712066.66666667,charging,121712066.66666667,23108802.021045998,0.0,163.74942341799937,0.0,0.0,0.02068413769490518,7,237,490.0059543930489,25.22,123307248.87799123,605.156537683084,665.9667404267724,1445.0192143426984,11210.616829527762,2545018854.5002007,2380609697.6041584,370.2617690053976,1181796211.8328934,26693842.77038199,1155102369.0625114,0.32654849799346714,11.772460907188457,1646001982.0036168,68062472.20318417,0.673896694040625
197524203.47408423,121712066.66666667,charging,121712066.66666667,75812136.80741756,0.0,537.2062852498831,0.0,0.0,0.08854177372646936,8,237,664.8830487569558,28.16,123886811.25044471,825.3856240894625,665.9675961778006,1445.0192143005534,11210.616829295222,2545018854.44741,2381134299.212735,370.2995139497334,1181851172.5143952,27273405.06045373,1154577767.4539416,0.3263467230727664,11.713596559990819,1628580947.1378148,67835532.91181284,0.6805980612851422
205552184.11169818,121712066.66666667,charging,121712066.66666667,83840117.44503151,0.0,594.0927131756109,0.0,0.0,0.16358506381180968,9,237,731.7884191666603,30.26,123975092.48582797,858.9317905450827,665.9677258282766,1445.0192142042415,11210.616829730263,2545018854.546172,2381214209.539739,370.3052636100233,1181859543.5048552,27361686.377926536,1154497857.1269286,0.3263159934559526,11.704678396894854,1616137350.805099,67492951.75694771,0.6857193383666732
207897559.04248536,121712066.66666667,charging,121712066.66666667,86185492.37581868,0.0,610.7120858400035,0.0,0.0,0.24072764307581013,10,237,794.3374078886035,31.87,124000883.85300897,868.7323046943536,665.9677636708881,1445.0192142091687,11210.61682964005,2545018854.525692,2381237555.343435,370.30694338374514,1181861989.068277,27387477.745045193,1154474511.3232317,0.3263070160869965,11.702075351585792,1606597260.2833505,67207219.57057944,0.6897308050125309
203224905.33420593,121712066.66666667,charging,121712066.66666667,81512838.66753925,0.0,577.6015702076531,0.0,0.0,0.31368784141782946,11,237,822.4160734238087,33.19,123949500.11648284,849.2068939885806,665.9676882621081,1445.0192143395327,11210.616829589673,2545018854.5142555,2381191043.8368034,370.30359680154174,1181857116.8395007,27336094.00963694,1154521022.8298638,0.32632490169570044,11.707262428752962,1598775571.159929,66933686.083867125,0.6931107681662395
194021387.77932423,121712066.66666667,charging,121712066.66666667,72309321.11265756,0.0,512.3852646779778,0.0,0.0,0.37841019064031084,12,237,800.0698495007701,34.1,123848291.8629516,810.7485635802212,665.9675395501315,1445.0192143513104,11210.616829520475,2545018854.4985466,2381099432.4225674,370.2970052405245,1181847519.9994538,27234885.755354963,1154612634.244099,0.3263601316369916,11.717491767601041,1593383346.0824187,66709789.73626133,0.6955107573977758
168013884.1734713,121712066.66666667,charging,121712066.66666667,46301817.50680463,0.0,328.0955850952199,0.0,0.0,0.41985384349444393,13,237,678.8566215031735,34.33,123562295.34010887,702.0721623231859,665.967118002072,1445.0192143513218,11210.616829606593,2545018854.518097,2380840556.4906874,370.2783790392275,1181820399.4085822,26948889.232599556,1154871510.1759827,0.32645969562069604,11.746488616944523,1592020476.0078835,66513030.377662994,0.6963208796985972
128297113.87041348,121712066.66666667,charging,121712066.66666667,6585047.203746811,0.0,46.66177337154066,0.0,0.0,0.4257479622361122,14,237,499.00704567382553,34.18,123125542.22541632,536.1094566555321,665.966470472573,1445.0192141937146,11210.616829712335,2545018854.5421023,2380445224.452727,370.2499355360379,1181778978.332135,26512136.11819522,1155266842.2139397,0.326611772305682,11.791030361706328,1592909304.3173628,66305605.23176312,0.6962731805055147
99192653.06047145,121712066.66666667,direct_plus_discharge,121712066.66666667,0.0,22519413.606195226,0.0,159.57300557456614,0.0,0.4055913720582723,15,237,371.0325803727491,34.34,123086651.089765,414.4919377545984,663.6808192092216,1445.0192143427055,11210.616829527802,2545018854.50021,2380410021.923648,370.2474028180892,1181775289.7251856,26473244.982167974,1155302044.7430177,0.32662531589014726,11.795011950590224,1591961220.787251,66059367.419449225,0.6967959583617606
0.0,121712066.66666667,discharging,121712066.66666667,0.0,121712066.66666667,0.0,862.4540866085814,0.0,0.2966498032235041,16,237,0.0,33.03,123248533.53247185,1.0,654.15,1445.0192143073814,11210.61682931614,2545018854.452159,2380556550.80735,370.25794520101454,1181790643.2010877,26635127.341771748,1155155515.8593159,0.32656894332096037,11.77845531773832,1599723654.6900408,65561097.93364555,0.6936684636302275
4838460.318954952,121712066.66666667,direct_plus_discharge,121712066.66666666,0.0,116873606.3477117,0.0,828.1686620877355,0.0,0.192039024854527,17,237,72.68654097338307,31.9,123238133.89646906,20.218259432276128,654.5509570276809,1445.0192141973807,11210.616829623124,2545018854.5218496,2380547137.550163,370.2572679326863,1181789656.905671,26624727.7891675,1155164929.1165035,0.3265725646364735,11.77951763986334,1606419494.6214545,65803655.58506076,0.6907959197753264
94913110.76327711,121712066.66666667,direct_plus_discharge,121712066.66666667,0.0,26798955.90338956,0.0,189.8979260537971,0.0,0.16805191840562633,18,237,342.5472571687302,30.79,123093521.76567693,396.6092042583439,663.2254872415449,1445.0192143024542,11210.616829320328,2545018854.4531093,2380416240.9026775,370.24785025839424,1181775941.3389637,26480115.57496577,1155295825.763998,0.32662292321501507,11.7943083633287,1612996824.111604,66682775.00582854,0.6878072617962582
0.0,121712066.66666667,discharging,121712066.66666667,0.0,121712066.66666667,0.0,862.4540866085814,0.0,0.059110349570858145,19,237,0.0,30.2,123248533.53246832,1.0,654.1499999999977,1445.0192141603122,11210.616829439823,2545018854.480237,2380556550.83238,370.25794520092575,1181790643.1756654,26635127.34138316,1155155515.8342822,0.3265689433138835,11.778455317561033,1616492882.128891,66094298.804845616,0.6865353123594101
0.0,121712066.66666667,discharging,66039463.94943219,0.0,66039463.94943219,0.0,467.956934102627,0.0,0.0,20,237,0.0,28.74,66874335.633860864,1.0,654.15,1445.019214340783,11210.616829502602,2545018854.4944887,2329575141.271236,366.5982973915277,1176397854.922387,25933532.244192068,1150464322.6781948,0.33051015685939644,21.55675043383789,1625144144.3411598,36011852.74078395,0.6925685033188627
0.0,121712066.66666667,shutdown,0.0,0.0,0.0,0.0,0.0,0.0,0.0,21,237,0.0,28.44,0.0,1.0,567.279923475184,1445.0192143073953,11210.616829316199,2545018854.452172,2259509895.5924387,362.89907080586624,1179588764.8835413,25103923.744172636,1154484841.1393688,0.338161933549903,,1626921800.9601192,0.0,0.7096129884411505
0.0,121712066.66666667,shutdown,0.0,0.0,0.0,0.0,0.0,0.0,0.0,22,237,0.0,27.47,0.0,1.0,567.279923475184,1445.0192142091541,11210.616829639946,2545018854.5256686,2259509895.657693,362.89907080586624,1179588764.9009807,25103923.826862887,1154484841.074118,0.33816193353079027,,1632669557.3614213,0.0,0.7071148205518671
0.0,121712066.66666667,shutdown,0.0,0.0,0.0,0.0,0.0,0.0,0.0,23,237,0.0,26.03,0.0,1.0,567.279923475184,1445.0192142023195,11210.616829705055,2545018854.5404496,2259509895.670816,362.89907080586624,1179588764.888641,25103923.82764591,1154484841.060995,0.3381619335269464,,1641202309.1324267,0.0,0.7034384698564551
0.0,121712066.66666667,shutdown,0.0,0.0,0.0,0.0,0.0,0.0,0.0,0,238,0.0,24.42,0.0,1.0,567.279923475184,1445.0192143463805,11210.616829610692,2545018854.519027,2259509895.651797,362.89907080586624,1179588764.9073348,25103923.827321358,1154484841.0800135,0.3381619335325171,,1650742399.6541753,0.0,0.6993731071073682
0.0,121712066.66666667,shutdown,0.0,0.0,0.0,0.0,0.0,0.0,0.0,1,238,0.0,23.26,0.0,1.0,567.279923475184,1445.019214351318,11210.616829520537,2545018854.4985604,2259509895.633626,362.89907080586624,1179588764.9254608,25103923.827275675,1154484841.098185,0.3381619335378398,,1657616005.247485,0.0,0.6964730296060446
0.0,121712066.66666667,shutdown,0.0,0.0,0.0,0.0,0.0,0.0,0.0,2,238,0.0,22.63,0.0,1.0,567.279923475184,1445.0192142993105,11210.616829296307,2545018854.447656,2259509895.588432,362.89907080586624,1179588764.888259,25103923.744882178,1154484841.1433768,0.338161933551077,,1661349084.1472998,0.0,0.6949080432038912
0.0,121712066.66666667,shutdown,0.0,0.0,0.0,0.0,0.0,0.0,0.0,3,238,0.0,22.12,0.0,1.0,567.279923475184,1445.0192141640027,11210.616829350745,2545018854.460015,2259509895.5994043,362.89907080586624,1179588764.8761325,25103923.743725214,1154484841.1324072,0.33816193354786384,,1664371100.3995306,0.0,0.6936462912960182
0.0,121712066.66666667,shutdown,0.0,0.0,0.0,0.0,0.0,0.0,0.0,4,238,0.0,21.74,0.0,1.0,567.279923475184,1445.019214346385,11210.616829610715,2545018854.5190325,2259509895.6518016,362.89907080586624,1179588764.907336,25103923.82732777,1154484841.0800083,0.3381619335325156,,1666622798.783546,0.0,0.6927091372580869
0.0,121712066.66666667,shutdown,0.0,0.0,0.0,0.0,0.0,0.0,0.0,5,238,0.0,21.23,0.0,1.0,567.279923475184,1445.0192143042245,11210.61682929208,2545018854.4466963,2259509895.58758,362.89907080586624,1179588764.8891022,25103923.74486946,1154484841.1442327,0.3381619335513277,,1669644815.0357766,0.0,0.6914553507115193
23833205.67341499,121712066.66666667,charging_only,0.0,23833205.67341499,0.0,168.8825618770715,0.0,0.0,0.02133253413184061,6,238,134.41643620812755,20.58,0.0,99.59075896936913,620.0702421403822,1445.0192142005546,11210.616829647304,2545018854.527339,2259509895.659176,362.89907080586624,1179588764.8995078,25363378.62960485,1154225386.269903,0.3380859362243418,,1673496404.3768559,0.0,0.6897089131779109
139262985.09366757,121712066.66666667,charging,121712066.66666667,17550918.427000895,0.0,124.36615148895763,0.0,0.0,0.037041942740972104,7,238,474.05960796639613,22.59,123246130.5405163,581.9320561349816,665.9666497144183,1445.0192143073855,11210.616829316179,2545018854.4521675,2380554375.718432,370.25778870799206,1181790415.2980983,26632724.349826768,1155157690.9482715,0.32656978008249465,11.778700767386187,1661586105.0298276,68515445.96091706,0.6676820157098693
195672150.01566744,121712066.66666667,charging,121712066.66666667,73960083.34900077,0.0,524.0825981942382,0.0,0.0,0.10324184988129695,8,238,659.8102924825314,27.51,123866444.78784569,817.6465304860653,665.9675662412762,1445.0192141620953,11210.616829325641,2545018854.4543157,2381115863.974852,370.29818751175685,1181849241.2892513,27253038.59743575,1154596202.6918156,0.32635381259030344,11.715655782298878,1632432536.4788935,67945275.08268136,0.6790233293102489
211879879.0132249,121712066.66666667,charging,121712066.66666667,90167812.34655823,0.0,638.9308830965939,0.0,0.0,0.18394890879876144,9,238,754.1861092741051,30.36,124044676.20162262,885.3730484440381,665.9678278896204,1445.0192143061483,11210.616829317292,2545018854.45242,2381277195.2662764,370.30979555932174,1181866141.4113376,27431270.01094757,1154434871.4003901,0.32629177329659087,11.69765800010668,1615544798.5987792,67512216.07774633,0.6859154867206125
205537250.73093265,121712066.66666667,charging,121712066.66666667,83825184.06426598,0.0,593.9868949472229,0.0,0.0,0.25897883237104224,10,238,789.1002322921354,32.17,123974928.2680329,858.8693890895321,665.9677255872763,1445.019214346379,11210.616829610637,2545018854.519015,2381214060.8689723,370.3052529147342,1181859527.9581778,27361522.160481278,1154498005.7976966,0.326316050623588,11.704694974544825,1604819603.664391,67137301.3914205,0.6905070353826842
192108939.03044188,121712066.66666667,charging,121712066.66666667,70396872.36377521,0.0,498.83361541200765,0.0,0.0,0.3219893943178221,11,238,785.3290696938693,33.36,123827261.25192024,802.7570988565451,665.9675086180151,1445.0192141620882,11210.616829325634,2545018854.4543138,2381080395.990731,370.2956355532683,1181845525.737443,27213855.061504237,1154631670.6759388,0.3263674525102033,11.719619475322457,1597768232.4091852,66836051.688127756,0.6936373297285344
0.0,121712066.66666667,discharging,121712066.66666667,0.0,121712066.66666667,0.0,862.4540866085814,0.0,0.21304782548305393,12,238,14.570854479358768,33.84,123248533.53247185,1.0,654.15,1445.0192141603168,11210.616829439894,2545018854.4802527,2380556550.832397,370.257945200926,1181790643.1756716,26635127.341401476,1155155515.83427,0.32656894331387976,11.77845531756062,1594923981.81885,65408485.670156576,0.6957374733394585
72242937.12341464,121712066.66666667,direct_plus_discharge,121712066.66666667,0.0,49469129.543252036,0.0,350.5392201776791,0.0,0.16876918714482075,13,238,334.843175776336,30.87,123129918.04475011,301.87835563902826,660.8835585054851,1445.0192143513207,11210.616829520568,2545018854.4985676,2380449185.209763,370.2502205045041,1181779393.3940837,26516511.93717773,1155262881.456906,0.3266102484851647,11.790582532633442,1612522782.3465483,66487628.79092502,0.6880617736457358
122451316.35136257,121712066.66666667,charging,121712066.66666667,739249.6846958995,0.0,5.238337734714475,0.0,0.0,0.169430871911311,14,238,483.5038569732454,30.45,123061257.78700635,511.6818819649364,665.9663747772348,1445.019214304243,11210.616829292188,2545018854.446721,2380387037.033451,370.24574912883156,1181772881.2302682,26447851.597054612,1155325029.6332135,0.3266341591030439,11.797613018864835,1615011501.6130915,66960230.349048264,0.6868873047500297
0.0,121712066.66666667,discharging,121712066.66666667,0.0,121712066.66666667,0.0,862.4540866085814,0.0,0.060489303076542815,15,238,0.0,30.59,123248533.53247185,1.0,654.15,1445.0192143061438,11210.616829317223,2545018854.4524045,2380556550.8075724,370.25794520101374,1181790643.2008739,26635127.34177868,1155155515.859095,0.3265689433208979,11.77845531773673,1614181928.5242438,66020818.8261308,0.6875095982795755
0.0,121712066.66666667,discharging,67580063.03212653,0.0,67580063.03212653,0.0,478.87364935596395,0.0,0.0,16,238,0.0,30.76,68434349.59640808,1.0,654.15,1445.0192141689438,11210.616829346673,2545018854.45909,2330984653.496769,366.6992326571712,1176548356.575207,25952947.0398513,1150595409.5353558,0.3303997416832,21.069462349682098,1613174589.7735004,36640597.11479931,0.6974086665461496
0.0,121712066.66666667,shutdown,0.0,0.0,0.0,0.0,0.0,0.0,0.0,17,238,0.0,29.06,0.0,1.0,567.279923475184,1445.0192143407746,11210.61682958857,2545018854.5140057,2259509895.6473017,362.89907080586624,1179588764.9124715,25103923.828000236,1154484841.0844712,0.33816193353382284,,1623247977.2809365,0.0,0.7112190233671635
12199773.08417881,121712066.66666667,charging_only,0.0,12199773.08417881,0.0,86.4478308544652,0.0,0.0,0.01091972600266929,18,238,96.81490390707636,28.33,0.0,50.97865043235526,603.8345401018316,1445.0192143110796,11210.616829227107,2545018854.4319468,2259509895.574485,362.89907080586624,1179588764.9014528,25235449.26461504,1154353315.6368377,0.33812340821231335,,1627573608.3870711,0.0,0.7092479932632997
0.0,121712066.66666667,shutdown,0.0,0.0,0.0,0.0,0.0,0.0,0.01091972600266929,19,238,0.0,26.57,0.0,1.0,567.279923475184,1445.0192141652526,11210.616829435796,2545018854.4793224,2259509895.616546,362.89907080586624,1179588764.8590753,25103923.74381063,1154484841.1152647,0.33816193354284263,,1638002527.2182999,0.0,0.704812612881521
0.0,121712066.66666667,shutdown,0.0,0.0,0.0,0.0,0.0,0.0,0.01091972600266929,20,238,0.0,25.66,0.0,1.0,567.279923475184,1445.0192143005518,11210.616829295268,2545018854.44742,2259509895.5882225,362.89907080586624,1179588764.8884742,25103923.744886495,1154484841.1435878,0.33816193355113877,,1643394752.2958097,0.0,0.702500016828447
0.0,121712066.66666667,shutdown,0.0,0.0,0.0,0.0,0.0,0.0,0.01091972600266929,21,238,0.0,23.59,0.0,1.0,567.279923475184,1445.019214165255,11210.616829349727,2545018854.459783,2259509895.599199,362.89907080586624,1179588764.8763487,25103923.743737034,1154484841.1326118,0.3381619335479238,,1655660582.9666295,0.0,0.6972956009280562
0.0,121712066.66666667,shutdown,0.0,0.0,0.0,0.0,0.0,0.0,0.01091972600266929,22,238,0.0,21.82,0.0,1.0,567.279923475184,1445.01921434269,11210.616829613744,2545018854.51972,2259509895.652412,362.89907080586624,1179588764.9066973,25103923.827297784,1154484841.0793996,0.3381619335323373,,1666148757.01849,0.0,0.6929062223383381
0.0,121712066.66666667,shutdown,0.0,0.0,0.0,0.0,0.0,0.0,0.01091972600266929,23,238,0.0,20.91,0.0,1.0,567.279923475184,1445.019214339539,11210.616829503642,2545018854.494725,2259509895.630221,362.89907080586624,1179588764.9295385,25103923.827946626,1154484841.1015918,0.33816193353883767,,1671540982.096,0.0,0.6906709757447559
0.0,121712066.66666667,shutdown,0.0,0.0,0.0,0.0,0.0,0.0,0.01091972600266929,0,239,0.0,20.96,0.0,1.0,567.279923475184,1445.0192142042285,11210.616829730172,2545018854.5461516,2259509895.675878,362.89907080586624,1179588764.8828616,25103923.8269291,1154484841.0559325,0.33816193352546353,,1671244705.9928405,0.0,0.6907934169760525
0.0,121712066.66666667,shutdown,0.0,0.0,0.0,0.0,0.0,0.0,0.01091972600266929,1,239,0.0,20.85,0.0,1.0,567.279923475184,1445.01921420547,11210.616829729075,2545018854.5459027,2259509895.675657,362.89907080586624,1179588764.8830736,25103923.82691885,1154484841.0561547,0.33816193352552865,,1671896513.419792,0.0,0.6905241034893398
0.0,121712066.66666667,shutdown,0.0,0.0,0.0,0.0,0.0,0.0,0.01091972600266929,2,239,0.0,20.7,0.0,1.0,567.279923475184,1445.0192142993087,11210.616829210292,2545018854.428129,2259509895.571096,362.89907080586624,1179588764.9055333,25103923.744818315,1154484841.160715,0.3381619335561556,,1672785341.7292717,0.0,0.6901571961213181
0.0,121712066.66666667,shutdown,0.0,0.0,0.0,0.0,0.0,0.0,0.01091972600266929,3,239,0.0,20.56,0.0,1.0,567.279923475184,1445.0192143463735,11210.616829610626,2545018854.5190125,2259509895.6517835,362.89907080586624,1179588764.9073305,25103923.827303473,1154484841.080027,0.3381619335325211,,1673614914.8181198,0.0,0.6898151007488427
0.0,121712066.66666667,shutdown,0.0,0.0,0.0,0.0,0.0,0.0,0.01091972600266929,4,239,0.0,19.79,0.0,1.0,567.279923475184,1445.0192143110683,11210.616829226992,2545018854.4319205,2259509895.5744615,362.89907080586624,1179588764.901445,25103923.744095042,1154484841.1573498,0.3381619335551698,,1678177566.806782,0.0,0.6879396221188268
0.0,121712066.66666667,shutdown,0.0,0.0,0.0,0.0,0.0,0.0,0.01091972600266929,5,239,0.0,18.96,0.0,1.0,567.279923475184,1445.019214202324,11210.61682970506,2545018854.540451,2259509895.670817,362.89907080586624,1179588764.8886442,25103923.827647675,1154484841.0609965,0.33816193352694685,,1683095750.1192365,0.0,0.6859293899228305
74560080.91919844,121712066.66666667,direct_plus_discharge,86759854.00337724,0.0,12199773.08417881,0.0,86.4478308544652,0.0,0.0,6,239,286.9034524996441,17.57,87733511.81641662,311.5609015971947,664.2606318424658,1445.0192143513134,11210.616829606543,2545018854.5180855,2348427999.552984,367.94956950721996,1178404172.8226533,26072318.37218502,1152331854.4504683,0.3290746855984285,16.47565660439242,1691332225.7870815,49336103.73199842,0.6620054118919024
168965931.55655268,121712066.66666667,charging,121712066.66666667,47253864.88988601,0.0,334.84181148567535,0.0,0.0,0.04229580776661162,7,239,565.2602509334691,15.91,123572764.71261555,706.0504404765792,665.9671334678762,1445.0192143463885,11210.616829524712,2545018854.4995084,2380850033.012491,370.27906087212955,1181821392.2592058,26959358.60494929,1154862033.6542566,0.3264560506497666,11.745424773670004,1701168592.4119902,69936569.21175808,0.6520572909377553
200434717.02853686,121712066.66666667,charging,121712066.66666667,78722650.36187018,0.0,557.8302412627409,0.0,0.0,0.11275857508401047,8,239,679.3225543190275,16.39,123918817.27334519,837.5476579279024,665.9676432033901,1445.0192142023204,11210.616829705064,2545018854.5404515,2381163270.420393,370.30159846066874,1181854207.4124134,27305411.166138943,1154548796.2462745,0.32633558198378304,11.710361845944751,1698324341.8216553,70043145.20504534,0.6528896310955766
207329730.86776197,121712066.66666667,charging,121712066.66666667,85617664.2010953,0.0,606.6884442801005,0.0,0.0,0.18939290488781263,9,239,746.1951761281468,17.61,123994639.62111317,866.3595462975269,665.9677545104254,1445.0192143110746,11210.616829227081,2545018854.4319406,2381231903.1061754,370.30653670118215,1181861396.9908662,27381233.43037656,1154480163.5604897,0.32630918957076877,11.702705464475683,1691095204.9045534,69858863.26849025,0.6555992483996137
200114013.8699142,121712066.66666667,charging,121712066.66666667,78401947.20324753,0.0,555.5577324037804,0.0,0.0,0.25956861845460594,10,239,778.5801620129467,19.09,123915290.59928882,836.2075498698919,665.9676380229317,1445.019214204231,11210.616829730145,2545018854.5461454,2381160078.158818,370.3013687725489,1181853872.999203,27301884.491356526,1154551988.5078464,0.3263368095826501,11.710718190056141,1682325432.2510207,69538767.69159581,0.6590419443160404
152561700.49910057,121712066.66666667,charging,121712066.66666667,30849633.832433894,0.0,218.601109140871,0.0,0.0,0.28718139013555805,11,239,646.8238828165563,20.52,123392372.42600778,637.5028080805355,665.9668666184015,1445.0192143444747,11210.6168295856,2545018854.5133314,2380686748.1797647,370.26731267139235,1181804284.8060982,26778966.319198314,1155025318.4868999,0.3265188582104514,11.763780538943037,1673851935.7006474,68980299.0531304,0.662728916446785
189198020.89603466,121712066.66666667,charging,121712066.66666667,67485954.22936799,0.0,478.20679253767304,0.0,0.0,0.34758645866663257,12,239,798.2159442434676,21.47,123795250.77996527,790.5933744178017,665.96746151643,1445.0192143061458,11210.616829231196,2545018854.4328747,2381051420.902986,370.2935507723431,1181842490.3528893,27181844.58920721,1154660645.7636821,0.3263785956830368,11.722859423785989,1668222689.7406094,69028976.31102328,0.6646478851207299
194597144.52636534,121712066.66666667,charging,121712066.66666667,72885077.85969867,0.0,516.4650882565061,0.0,0.0,0.4128241540253491,13,239,792.1361163335504,22.16,123854623.2829205,813.1544527503704,665.9675488604188,1445.0192142005553,11210.616829733346,2545018854.546872,2381105163.5139112,370.2974175954165,1181848120.3277607,27241217.175004832,1154606903.152756,0.3263579276418512,11.716851346811854,1664134079.5170026,68933765.85635965,0.6662214097590703
179196917.55694127,121712066.66666667,charging,121712066.66666667,57484850.8902746,0.0,407.3387785303315,0.0,0.0,0.4642774734186541,14,239,685.2924348233955,22.65,123685271.72073239,748.8022076851443,665.9672995030774,1445.019214198637,11210.616829622119,2545018854.521621,2380951870.9444585,370.2863880989647,1181832061.3356557,27071865.613447446,1154760195.7222083,0.3264168819518906,11.734003757938677,1661230573.706036,68748485.18137532,0.6674995224883593
222430859.0638662,121712066.66666667,charging,121712066.66666667,100718792.39719953,0.0,713.695334244422,0.0,0.0,0.5544284630074232,15,239,772.6443762800027,22.84,124160702.08602923,929.4619605909318,665.9679978156931,1445.0192143476202,11210.616829609588,2545018854.5187764,2381382219.978411,370.3173523343351,1181877142.6667373,27547295.978482146,1154329846.688255,0.3262513898839262,11.685969482211386,1660104724.514028,68977380.46850242,0.6675968962734234
224378518.0095989,121712066.66666667,charging,121712066.66666667,102666451.34293224,0.0,727.4964836544253,0.0,0.0,0.6463227556795611,16,239,734.7142853763509,22.71,124182119.89277254,937.6005566017642,665.9680291485552,1445.0192143427032,11210.61682961382,2545018854.5197372,2381401607.054686,370.3187472878484,1181879173.397217,27568713.78523909,1154310459.611978,0.32624393558547526,11.68381422684085,1660875042.3822439,69013522.62775263,0.6672744608872004
153739147.5630858,121712066.66666667,charging,121712066.66666667,32027080.896419123,0.0,226.9445220818448,0.0,0.0,0.6749894321530574,17,239,513.3159360017673,22.16,123405320.44944103,642.4229538786036,665.9668857980066,1445.01921433954,11210.616829503651,2545018854.494727,2380698468.2343726,370.26815591505283,1181805512.7748282,26791914.34253461,1155013598.4322937,0.3265143498697358,11.76246122945186,1664134079.5170026,68683642.90198134,0.6665522769584296
26950231.131814443,121712066.66666667,direct_plus_discharge,121712066.66666669,0.0,94761835.53485224,0.0,671.4842213253323,0.0,0.5901703726172259,18,239,142.53321040220257,21.1,123202634.11626188,112.61573493704252,656.5316077076495,1445.0192142005553,11210.616829733306,2545018854.546863,2380515004.6664805,370.25495604293843,1181786290.0085235,26589228.0083372,1155197062.0001862,0.32658492642132775,11.783145292004257,1670415132.9039924,67984614.65899749,0.6645175044575461
0.0,121712066.66666667,discharging,121712066.66666667,0.0,121712066.66666667,0.0,862.4540866085814,0.0,0.4812288037824577,19,239,0.0,19.51,123248533.53247009,1.0,654.1499999999988,1445.0192143110764,11210.61682922707,2545018854.431938,2380556550.789322,370.2579452010782,1181790643.2190757,26635127.34173212,1155155515.8773437,0.326568943326057,11.778455317866392,1679836712.9844775,68108403.86249721,0.6608648662614003
0.0,121712066.66666667,discharging,121712066.66666667,0.0,121712066.66666667,0.0,862.4540866085814,0.0,0.3722872349476895,20,239,0.0,18.72,123248533.53247185,1.0,654.15,1445.0192143358536,11210.616829592802,2545018854.514966,2380556550.863345,370.2579452008165,1181790643.2289474,26635127.42562752,1155155515.80332,0.32656894330513,11.778455317341026,1684517875.414404,68257247.92195047,0.6590437646128365
0.0,121712066.66666667,discharging,121712066.66666667,0.0,121712066.66666667,0.0,862.4540866085814,0.0,0.2633456661129214,21,239,0.0,17.71,123248533.53247185,1.0,654.15,1445.0192142091648,11210.616829726065,2545018854.545219,2380556550.890313,370.2579452007209,1181790643.2009215,26635127.424569126,1155155515.7763524,0.32656894329750613,11.778455317149717,1690502652.698234,68447542.22580709,0.6567300877022483
0.0,121712066.66666667,discharging,121712066.66666667,0.0,121712066.66666667,0.0,862.4540866085814,0.0,0.15440409727815316,22,239,0.0,16.84,123248533.53247185,1.0,654.15,1445.0192143476208,11210.616829523566,2545018854.499248,2380556550.8493323,370.257945200866,1181790643.2421958,26635127.424860917,1155155515.817335,0.3265689433090921,11.778455317440457,1695657856.8932161,68611459.10140634,0.6547501026883221
0.0,121712066.66666667,discharging,121712066.66666667,0.0,121712066.66666667,0.0,862.4540866085814,0.0,0.045462528443384984,23,239,0.0,16.56,123248533.53247185,1.0,654.15,1445.0192141620785,11210.616829411558,2545018854.47382,2380556550.8266606,370.2579452009461,1181790643.1821008,26635127.34209374,1155155515.840007,0.3265689433155016,11.778455317601338,1697317003.0709114,68664213.95792103,0.6541154032110792
0.0,121712066.66666667,discharging,50791799.236239426,0.0,50791799.236239426,0.0,359.9116835101311,0.0,0.0,0,240,0.0,16.38,51434517.373539075,1.0,654.15,1445.0192143110737,11210.616829227061,2545018854.4319363,2315628883.9893675,365.6004428356273,1174904293.8600965,25741378.613224372,1149162915.2468722,0.33160716484056535,27.973401301039686,1698383597.042287,28669347.588075858,0.6653895115490074
0.0,121712066.66666667,shutdown,0.0,0.0,0.0,0.0,0.0,0.0,0.0,1,240,0.0,15.9,0.0,1.0,567.279923475184,1445.0192143427264,11210.616829613966,2545018854.5197706,2259509895.6524568,362.89907080586624,1179588764.9067163,25103923.827362683,1154484841.0793536,0.3381619335323238,,1701227847.6326222,0.0,0.678618588736306
0.0,121712066.66666667,shutdown,0.0,0.0,0.0,0.0,0.0,0.0,0.0,2,240,0.0,15.45,0.0,1.0,567.279923475184,1445.0192141584084,11210.616829414794,2545018854.474555,2259509895.6123133,362.89907080586624,1179588764.8640044,25103923.744507924,1154484841.1194963,0.33816193354408214,,1703894332.5610614,0.0,0.6775565943600694
0.0,121712066.66666667,shutdown,0.0,0.0,0.0,0.0,0.0,0.0,0.0,3,240,0.0,15.01,0.0,1.0,567.279923475184,1445.0192142054843,11210.616829643142,2545018854.5263944,2259509895.658337,362.89907080586624,1179588764.9003558,25103923.82688124,1154484841.0734746,0.3381619335306018,,1706501562.2688682,0.0,0.676521408828092
0.0,121712066.66666667,shutdown,0.0,0.0,0.0,0.0,0.0,0.0,0.0,4,240,0.0,14.63,0.0,1.0,567.279923475184,1445.0192143426955,11210.616829613771,2545018854.5197268,2259509895.652417,362.89907080586624,1179588764.9066992,25103923.827308595,1154484841.0793905,0.33816193353233465,,1708753260.6528835,0.0,0.6756299271893023
0.0,121712066.66666667,shutdown,0.0,0.0,0.0,0.0,0.0,0.0,0.0,5,240,0.0,14.29,0.0,1.0,567.279923475184,1445.0192143444701,11210.61682949951,2545018854.493787,2259509895.629388,362.89907080586624,1179588764.9303856,25103923.82796458,1154484841.102421,0.3381619335390806,,1710767938.1543708,0.0,0.6748342749209545
62472502.38386269,121712066.66666667,direct_partial,62472502.38386269,0.0,0.0,0.0,0.0,0.0,0.0,6,240,251.3616735525493,14.03,63162124.92357721,261.05107354755273,665.7914904392317,1445.0192143427053,11210.616829613817,2545018854.519737,2326221362.2455697,366.3581944516378,1176039423.2371943,25788283.09884595,1150251140.1383483,0.33080169943575155,22.814649621625883,1712308573.8908029,35918011.26933627,0.657953122268178
174951776.9669102,121712066.66666667,charging,121712066.66666667,53239710.30024354,0.0,377.25762922138665,0.0,0.0,0.0476535952700699,7,240,583.6294855751008,14.29,123638589.2146019,731.0632270760666,665.9672306467929,1445.0192141639982,11210.616829436745,2545018854.4795384,2380909615.28256,370.28334780408716,1181827634.4076343,27025183.02348185,1154802451.3841524,0.3264331339286222,11.738740155220208,1710767938.1543708,70274588.03194654,0.6483856698564574
206040811.18802595,121712066.66666667,charging,121712066.66666667,84328744.52135928,0.0,597.5551342021196,0.0,0.0,0.12313424380086395,8,240,696.9614461346141,17.1,123980465.76758946,860.973594826523,665.9677337135678,1445.019214300552,11210.616829209195,2545018854.4278803,2381219073.218283,370.3056135680975,1181860053.0259268,27367059.577544384,1154492993.4483824,0.3263141231611936,11.704135999118167,1694117221.1567845,69945820.59284276,0.6544510973390933
207312658.33370495,121712066.66666667,charging,121712066.66666667,85600591.66703828,0.0,606.5674679696205,0.0,0.0,0.1997532923865002,9,240,747.2461916851703,18.97,123994451.87970375,866.2882060570419,665.9677542349891,1445.0192143024692,11210.616829320428,2545018854.453132,2381231733.1853223,370.3065244736402,1181861379.1703744,27381045.689029664,1154480333.4813447,0.3263092549136079,11.702724410516787,1683036494.8986044,69605543.3285575,0.6587085715741067
203696488.5297884,121712066.66666667,charging,121712066.66666667,81984421.86312173,0.0,580.9432179616094,0.0,0.0,0.2731355936027035,10,240,793.8924662870717,20.8,123954685.97192761,851.1774777618599,665.9676958754998,1445.019214165248,11210.616829349723,2545018854.4597826,2381195737.91402,370.3039345515732,1181857608.5334532,27341279.780804504,1154516328.7526488,0.32632309659881537,11.706738733147995,1672192789.5229518,69242602.83770335,0.6629682236948277
185005891.93769306,121712066.66666667,charging,121712066.66666667,63293825.271026395,0.0,448.5012846884495,0.0,-7.450580596923828e-09,0.3297883874580866,11,240,772.4850433031744,22.56,123749151.22640756,773.075911161719,665.967393640828,1445.01921429931,11210.616829296356,2545018854.447667,2381009692.8187943,370.2905484085752,1181838118.884316,27135745.0364454,1154702373.8478706,0.32639464373769345,11.72752834643957,1661763870.6917236,68800723.03219344,0.6672402625336991
179942052.25792107,121712066.66666667,charging,121712066.66666667,58229985.5912544,0.0,412.6188176056181,0.0,0.0,0.3819086591556383,12,240,766.9098982964833,24.11,123693465.73799601,751.9158689954131,665.9673115838373,1445.019214160316,11210.616829439856,2545018854.480244,2380959287.8961263,370.2869217529958,1181832838.3174572,27080059.546915025,1154752778.7705421,0.32641402935391123,11.733172763703521,1652579311.4937668,68481867.53232658,0.6709539398384365
197340247.87382725,121712066.66666667,charging,121712066.66666667,75628181.20716058,0.0,535.9027722659924,0.0,0.0,0.44960164091555316,13,240,806.5426929627857,25.31,123884788.3472426,824.6169369855411,665.9675932047892,1445.0192143061497,11210.616829231263,2545018854.43289,2381132468.1147537,370.29938220092265,1181850980.708415,27271382.1565029,1154579598.551912,0.32634742724092075,11.713801062500833,1645468685.017929,68364588.40449841,0.6736825667098191
211280874.6833371,121712066.66666667,charging,121712066.66666667,89568808.01667042,0.0,634.6863266910008,0.0,0.0,0.5297725453396795,14,240,800.0399377340522,26.09,124038089.13513139,882.870015631041,665.9678182329924,1445.0192142993064,11210.616829296272,2545018854.447648,2381271232.7731767,370.30936654591727,1181865516.8386378,27424682.945147723,1154440833.89349,0.3262940660358158,11.698322240958285,1640846777.808635,68303927.84896083,0.6754470685774423
226386716.15069103,121712066.66666667,charging,121712066.66666667,104674649.48402436,0.0,741.7266149876483,0.0,0.0,0.6234643282854877,15,240,787.5428072262483,26.37,124204203.4304379,945.9921250618698,665.9680614440437,1445.0192142091553,11210.616829639961,2545018854.525672,2381421596.7586093,370.3201856040397,1181881267.2305062,27590797.322453734,1154290469.9080524,0.326236249674035,11.681592757613874,1639187631.630939,68343201.73191945,0.6759997812951705
226176561.3386532,121712066.66666667,charging,121712066.66666667,104464494.67198655,0.0,740.2374538762947,0.0,-1.4901161193847656e-08,0.7169680066698618,16,240,740.8449564918305,26.1,124201892.42257313,945.1139604742472,665.9680580649082,1445.0192142042245,11210.61682973014,2545018854.546144,2381419504.885346,370.32003508626497,1181881048.0959573,27588486.314635552,1154292561.7813218,0.3262370539830865,11.68182519378199,1640787522.5880024,68392284.35300335,0.675348817657289
183973196.4336155,121712066.66666667,charging,121712066.66666667,62261129.766948834,0.0,441.18358413413034,0.0,0.0,0.7726964594025941,17,240,602.5738237149125,25.22,123737794.99138376,768.7606322838103,665.9673769124975,1445.0192143042382,11210.616829292167,2545018854.4467163,2380999413.4634395,370.2898088039019,1181837042.0046513,27124388.801424436,1154712653.2032268,0.3263985971029374,11.72867902997077,1646001982.0036168,68300175.71528204,0.6735759200931776
79148934.05765454,121712066.66666667,direct_plus_discharge,121712066.66666666,0.0,42563132.60901212,0.0,301.60319073407794,0.0,0.7345992142572368,18,240,296.7089972095202,23.83,123118830.6752475,330.7361385804256,661.5847566822688,1445.0192143513013,11210.616829520415,2545018854.498533,2380439149.4200616,370.249498457316,1181778341.8142383,26505424.567636926,1155272917.2466013,0.32661410954804027,11.791717296132113,1654238457.6714623,67851792.0008739,0.6708550364688589
0.0,121712066.66666667,discharging,121712066.66666667,0.0,121712066.66666667,0.0,862.4540866085814,0.0,0.6256576454224687,19,240,0.0,21.99,123248533.53247178,1.0,654.15,1445.0192143024599,11210.616829320319,2545018854.4531074,2380556550.808193,370.25794520101147,1181790643.2002416,26635127.341768134,1155155515.8584735,0.3265689433207222,11.778455317732375,1665141418.2677464,67641146.56193945,0.6666477025477302
0.0,121712066.66666667,discharging,121712066.66666667,0.0,121712066.66666667,0.0,862.4540866085814,0.0,0.5167160765877006,20,240,0.0,20.82,123248533.53247185,1.0,654.15,1445.0192141571672,11210.616829329812,2545018854.4552627,2380556550.8101163,370.25794520100476,1181790643.1986065,26635127.342055835,1155155515.8565507,0.3265689433201786,11.778455317718707,1672074279.081688,67861586.49809021,0.6639069512321547
0.0,121712066.66666667,discharging,121712066.66666667,0.0,121712066.66666667,0.0,862.4540866085814,0.0,0.40777450775293234,21,240,0.0,19.95,123248533.53247185,1.0,654.15,1445.0192143476363,11210.61682960969,2545018854.5188,2380556550.8667603,370.25794520080433,1181790643.22486,26635127.424954582,1155155515.7999053,0.32656894330416464,11.778455317316824,1677229483.2766702,68025503.37368947,0.661883521110561
0.0,121712066.66666667,discharging,121712066.66666667,0.0,121712066.66666667,0.0,862.4540866085814,0.0,0.29883293891816415,22,240,0.0,19.47,123248533.53247185,1.0,654.15,1445.0192143426843,11210.616829613698,2545018854.51971,2380556550.8675714,370.2579452008015,1181790643.2239976,26635127.424902182,1155155515.7990954,0.3265689433039357,11.778455317311078,1680073733.8670053,68115940.27057181,0.660772416682395
0.0,121712066.66666667,discharging,121712066.66666667,0.0,121712066.66666667,0.0,862.4540866085814,0.0,0.189891370083396,23,240,0.0,18.66,123248533.53247185,1.0,654.15,1445.0192141584043,11210.616829328726,2545018854.455016,2380556550.8098955,370.25794520100544,1181790643.198818,26635127.342047576,1155155515.8567703,0.3265689433202407,11.778455317720272,1684873406.7381954,68268552.53406078,0.6589058631260443
0.0,121712066.66666667,discharging,121712066.66666667,0.0,121712066.66666667,0.0,862.4540866085814,0.0,0.0809498012486278,0,241,0.0,18.03,123248533.53247185,1.0,654.15,1445.0192143073932,11210.616829316237,2545018854.452181,2380556550.807364,370.2579452010144,1181790643.201101,26635127.34179801,1155155515.859303,0.3265689433209567,11.77845531773828,1688606485.6380107,68387250.96121886,0.6574613738209325
0.0,121712066.66666667,discharging,90439009.75182214,0.0,90439009.75182214,0.0,640.8525932183034,0.0,0.0,1,241,0.0,17.56,91581368.47524698,1.0,654.15,1445.0192142005485,11210.616829647219,2545018854.5273194,2351907172.7234764,368.1992156600885,1178772856.310429,26241019.282084245,1152531837.0283449,0.32877052787670386,15.789629523290328,1691391481.0077133,50881804.72161394,0.6615103649172279
0.0,121712066.66666667,shutdown,0.0,0.0,0.0,0.0,0.0,0.0,0.0,2,241,0.0,17.24,0.0,1.0,567.279923475184,1445.0192143444729,11210.616829585595,2545018854.51333,2259509895.6466966,362.89907080586624,1179588764.9131134,25103923.828044347,1154484841.085069,0.3381619335339979,,1693287648.067937,0.0,0.68180078110317
0.0,121712066.66666667,shutdown,0.0,0.0,0.0,0.0,0.0,0.0,0.0,3,241,0.0,16.96,0.0,1.0,567.279923475184,1445.0192143476283,11210.61682960961,2545018854.5187817,2259509895.6515784,362.89907080586624,1179588764.9075487,25103923.82731574,1154484841.0802329,0.3381619335325814,,1694946794.2456324,0.0,0.681133381295345
0.0,121712066.66666667,shutdown,0.0,0.0,0.0,0.0,0.0,0.0,0.0,4,241,0.0,16.68,0.0,1.0,567.279923475184,1445.0192142042317,11210.616829644157,2545018854.5266247,2259509895.6585417,362.89907080586624,1179588764.900138,25103923.826867662,1154484841.0732703,0.33816193353054197,,1696605940.4233277,0.0,0.6804672868145267
0.0,121712066.66666667,shutdown,0.0,0.0,0.0,0.0,0.0,0.0,0.0,5,241,0.0,16.37,0.0,1.0,567.279923475184,1445.0192141973837,11210.616829709164,2545018854.5413823,2259509895.6716437,362.89907080586624,1179588764.8877907,25103923.82762375,1154484841.0601668,0.3381619335267038,,1698442852.2629192,0.0,0.6797313430487165
72702824.19539642,121712066.66666667,direct_partial,72702824.19539642,0.0,0.0,0.0,0.0,0.0,0.0,6,241,281.2328898620014,15.1,73504946.43942727,303.80006533962285,665.8419464231021,1445.019214307399,11210.616829230225,2545018854.432654,2335566575.784667,367.0274482849694,1177037031.1307569,25900782.71996336,1151136248.4107935,0.3300744417828131,19.63003220252183,1705968265.2831805,41683880.00619095,0.6586758420510459
168958699.41627747,121712066.66666667,charging,121712066.66666667,47246632.7496108,0.0,334.79056439813417,0.0,0.0,0.04228933445029063,7,241,564.3500972724893,17.06,123572685.18291186,706.0202198529313,665.9671333503999,1445.0192143476277,11210.616829609628,2545018854.5187855,2380849961.041965,370.27905569258184,1181821384.7001002,26959279.075375766,1154862105.6247244,0.32645607833355705,11.745432854264887,1694354242.0393124,69723137.4034061,0.6546550163176807
196000057.27323115,121712066.66666667,charging,121712066.66666667,74287990.60656448,0.0,526.4061554392972,0.0,0.0,0.10878274355841239,8,241,665.2598632459452,19.93,123870050.68316324,819.0167419926426,665.9675715422732,1445.0192143395502,11210.616829589755,2545018854.514274,2381119127.999276,370.2984223580545,1181849583.2437332,27256644.576343358,1154592938.6673899,0.3263525573655363,11.715291145960673,1677347993.7179341,69357134.43087836,0.6610119361652341
214497778.01024348,121712066.66666667,charging,121712066.66666667,92785711.3435768,0.0,657.4813666282776,0.0,0.0,0.19183302144830008,9,241,771.6614266822957,22.16,124073464.43219276,896.3123468158581,665.9678700811041,1445.019214160327,11210.616829353898,2545018854.46073,2381303253.8536615,370.3116705305174,1181868871.0540729,27460058.24106519,1154408812.8130076,0.3262817531682522,11.694755817813762,1664134079.5170026,69055592.8087334,0.6660602882914293
201679903.47902954,121712066.66666667,charging,121712066.66666667,79967836.81236288,0.0,566.6536568223352,0.0,-1.4901161193847656e-08,0.26341032546796345,10,241,788.6274380217541,23.97,123932510.20599043,842.7508632944918,665.9676633146435,1445.0192143061417,11210.616829317225,2545018854.452405,2381175664.882291,370.3024902662272,1181855505.7996738,27319104.015296146,1154536401.7843776,0.326330815654015,11.708978469821531,1653408884.5826142,68640294.89161631,0.6704433389857519
191223687.28042758,121712066.66666667,charging,121712066.66666667,69511620.6137609,0.0,492.5607041848225,0.0,0.0,0.32562851968078316,11,241,799.4328965253436,25.66,123817526.41053596,799.05793665105,665.9674942963233,1445.0192143005518,11210.616829209212,2545018854.427884,2381071584.2321725,370.2950015409574,1181844602.6549892,27204120.220494237,1154640482.434495,0.3263708412926518,11.72060461280195,1643394752.2958097,68262389.88570437,0.6745746294511417
185330195.82971886,121712066.66666667,charging,121712066.66666667,63618129.16305219,0.0,450.79930841478,0.0,0.0,0.38257159021738696,12,241,792.0033372922225,26.94,123752717.49662185,774.4310654446191,665.9673988934986,1445.0192141652394,11210.616829435698,2545018854.4793,2381012920.938379,370.29078067138477,1181838457.033838,27139311.3055493,1154699145.7282887,0.3263934022345617,11.727167033386063,1635810084.0549164,67988797.13766119,0.6777203333529921
207678190.43316677,121712066.66666667,charging,121712066.66666667,85966123.7665001,0.0,609.1576355807814,0.0,0.0,0.4595178178696962,13,241,850.2457895993972,27.87,123998471.52384295,867.8156388208886,665.9677601320429,1445.0192143061547,11210.61682931735,2545018854.4524336,2381235371.685933,370.3067862704786,1181861760.3139179,27385065.33318408,1154476694.9807339,0.32630785577572397,11.702318775312138,1630299348.536142,67950683.42865576,0.6798037233922833
217668329.3707343,121712066.66666667,charging,121712066.66666667,95956262.70406763,0.0,679.9479556243101,0.0,0.0,0.5454059806853985,14,241,826.5237773616437,28.36,124108330.01092261,909.5609890954258,665.967921153274,1445.0192141534794,11210.616829332872,2545018854.455957,2381334813.5653343,370.31394132568937,1181872176.9218185,27494923.820486203,1154377253.1013322,0.3262696179508355,11.691242771759054,1627395842.7251751,67919583.68693712,0.6809218126118295
219472210.54544815,121712066.66666667,charging,121712066.66666667,97760143.87878148,0.0,692.7302929347842,0.0,0.0,0.6329087545297922,15,241,768.0180655306063,28.4,124128166.73771623,917.0987873145214,665.9679501979382,1445.0192143061472,11210.616829317285,2545018854.4524183,2381352769.437935,370.31523329542347,1181874057.775771,27514760.547038175,1154359297.2287328,0.3262627137368781,11.68924490924956,1627158821.8426473,67922986.49047886,0.6810050650970542
219313348.9393017,121712066.66666667,charging,121712066.66666667,97601282.27263503,0.0,691.6045964843128,0.0,0.0,0.720269335138337,16,241,721.1281879062215,28.01,124126419.78546453,916.434959370261,665.9679476404468,1445.0192143476374,11210.616829523635,2545018854.499264,2381351188.167076,370.31511951584037,1181873892.1774662,27513013.67787476,1154360878.4995914,0.3262633217525298,11.689420828197557,1629469775.4472945,67994720.4821629,0.6800500872140561
181657061.93057466,121712066.66666667,charging,121712066.66666667,59944995.263907984,0.0,424.77140971305636,0.0,0.0,0.7739246711020915,17,241,595.198637889787,27.2,123712325.17219697,759.0823038124423,665.9673393829701,1445.019214153458,11210.616829418805,2545018854.4754653,2380976358.9160743,370.2881500180448,1181834626.7323878,27098918.981797215,1154735707.7505906,0.3264074638104963,11.73126055641237,1634269448.318485,67918302.4504582,0.6783832789473149
68440472.32030113,121712066.66666667,direct_plus_discharge,121712066.66666667,0.0,53271594.34636554,0.0,377.48356019625743,0.0,0.7262425371825643,18,241,263.8575522275488,25.9,123136022.78714712,285.98916469738333,660.5019173776961,1445.0192141603154,11210.616829439883,2545018854.4802504,2380454710.9339805,370.2506180664959,1181779972.3287601,26522616.596074115,1155257355.732686,0.3266081225856791,11.789957815416233,1641972627.0006425,67384742.36589848,0.6758430837436907
0.0,121712066.66666667,discharging,121712066.66666667,0.0,121712066.66666667,0.0,862.4540866085814,0.0,0.6173009683477961,19,241,0.0,24.08,123248533.53246377,1.0,654.1499999999936,1445.0192143024676,11210.61682923437,2545018854.433595,2380556550.790791,370.25794520107246,1181790643.2175915,26635127.341724575,1155155515.875867,0.3265689433256402,11.778455317856533,1652757077.1556628,67247369.24009266,0.6716003079506443
0.0,121712066.66666667,discharging,121712066.66666667,0.0,121712066.66666667,0.0,862.4540866085814,0.0,0.5083593995130279,20,241,0.0,22.74,123248533.53247185,1.0,654.15,1445.0192143444888,11210.61682958569,2545018854.5133514,2380556550.8619046,370.2579452008215,1181790643.2304487,26635127.42568716,1155155515.8047616,0.3265689433055376,11.778455317351261,1660697276.720348,67499838.91056082,0.668416528043476
0.0,121712066.66666667,discharging,121712066.66666667,0.0,121712066.66666667,0.0,862.4540866085814,0.0,0.3994178306782597,21,241,0.0,21.22,123248533.53247185,1.0,654.15,1445.0192143513088,11210.61682952045,2545018854.498541,2380556550.8487015,370.2579452008682,1181790643.2428327,26635127.42486903,1155155515.8179636,0.32656894330926983,11.778455317444916,1669704070.256409,67786222.41735491,0.6648414213816036
0.0,121712066.66666667,discharging,121712066.66666667,0.0,121712066.66666667,0.0,862.4540866085814,0.0,0.29047626184349157,22,241,0.0,21.25,123248533.53247185,1.0,654.15,1445.0192142005565,11210.616829733319,2545018854.546866,2380556550.8917837,370.25794520071577,1181790643.1994321,26635127.424549222,1155155515.7748828,0.32656894329709063,11.778455317139272,1669526304.5945127,67780570.11129978,0.6649116126766559
0.0,121712066.66666667,discharging,121712066.66666667,0.0,121712066.66666667,0.0,862.4540866085814,0.0,0.18153469300872335,23,241,0.0,20.29,123248533.53247185,1.0,654.15,1445.0192143042252,11210.616829292063,2545018854.4466925,2380556550.802474,370.2579452010317,1181790643.2066755,26635127.34248225,1155155515.8641932,0.3265689433223392,11.778455317772952,1675214805.775183,67961443.90506446,0.6626728169776778
0.0,121712066.66666667,discharging,121712066.66666667,0.0,121712066.66666667,0.0,862.4540866085814,0.0,0.07259312417395518,0,242,0.0,19.56,123248533.53247185,1.0,654.15,1445.0192143463692,11210.616829524579,2545018854.499478,2380556550.8495374,370.25794520086527,1181790643.2419772,26635127.424848206,1155155515.817129,0.32656894330903385,11.778455317438999,1679540436.8813176,68098983.35240637,0.6609804645300584
0.0,121712066.66666667,discharging,81102734.82845466,0.0,81102734.82845466,0.0,574.6955663771452,0.0,0.0,1,242,0.0,18.89,82127436.29896621,1.0,654.15,1445.0192142054857,11210.616829729195,2545018854.5459294,2343359857.816102,367.586058903505,1177866239.041609,26123362.029274676,1151742877.0123343,0.3294338945011628,17.58657480718184,1683510536.6636603,45462303.68909067,0.666142839338848
0.0,121712066.66666667,shutdown,0.0,0.0,0.0,0.0,0.0,0.0,0.0,2,242,0.0,18.31,0.0,1.0,567.279923475184,1445.019214339536,11210.616829503668,2545018854.494731,2259509895.6302233,362.89907080586624,1179588764.9295352,25103923.827953026,1154484841.101582,0.33816193353883484,,1686947339.4603148,0.0,0.6843632958162896
0.0,121712066.66666667,shutdown,0.0,0.0,0.0,0.0,0.0,0.0,0.0,3,242,0.0,17.75,0.0,1.0,567.279923475184,1445.019214168938,11210.616829432658,2545018854.4786105,2259509895.615914,362.89907080586624,1179588764.8597088,25103923.74381212,1154484841.1158967,0.33816193354302776,,1690265631.8157058,0.0,0.6830197688370044
0.0,121712066.66666667,shutdown,0.0,0.0,0.0,0.0,0.0,0.0,0.0,4,242,0.0,17.16,0.0,1.0,567.279923475184,1445.0192143110742,11210.616829313101,2545018854.451469,2259509895.591817,362.89907080586624,1179588764.8841763,25103923.74418275,1154484841.1399934,0.33816193355008595,,1693761689.8329926,0.0,0.6816099620566027
0.0,121712066.66666667,shutdown,0.0,0.0,0.0,0.0,0.0,0.0,0.0,5,242,0.0,16.31,0.0,1.0,567.279923475184,1445.0192142956262,11210.61682921336,2545018854.428826,2259509895.5717144,362.89907080586624,1179588764.9048994,25103923.744802896,1154484841.1600964,0.33816193355597435,,1698798383.586711,0.0,0.6795890862119888
52475970.17774046,121712066.66666667,direct_partial,52475970.17774046,0.0,0.0,0.0,0.0,0.0,0.0,6,242,220.19701286871518,15.79,53055663.92556598,219.2790080054018,665.7231792162229,1445.0192142042197,11210.616829730106,2545018854.546137,2317092865.5915756,365.7051175399316,1175061458.8927577,25678354.306546766,1149383104.586211,0.33151561901513416,27.125770240820774,1701879655.0595737,30028219.46629175,0.6636514109625323
168411209.42055002,121712066.66666667,charging,121712066.66666667,46699142.75388335,0.0,330.91103957266535,0.0,0.0,0.04179928920917878,7,242,562.3266553048254,17.64,123566664.60371882,703.7324477021855,665.9671244568519,1445.0192142091598,11210.61682963998,2545018854.5256763,2380844511.4135838,370.27866359364805,1181820813.7488203,26953258.495735053,1154867555.2530851,0.3264581744306024,11.746044613053883,1690917439.242658,69612123.78547543,0.6559773715283134
186169967.55704674,121712066.66666667,charging,121712066.66666667,64457900.89038008,0.0,456.7499473110517,0.0,-7.450580596923828e-09,0.09949401939583795,8,242,635.1209418612048,20.23,123761952.20817406,777.9401822974515,665.9674124936718,1445.019214335863,11210.616829592864,2545018854.5149803,2381021279.983091,370.29138210702536,1181839332.7849224,27148546.101347733,1154690786.6835747,0.3263901874355476,11.726231524977516,1675570337.0989747,69240843.73099445,0.6617855269212071
191926083.3530224,121712066.66666667,charging,121712066.66666667,70214016.68635572,0.0,497.5378965028717,0.0,0.0,0.16234091158567437,9,242,698.4788887736407,22.18,123825250.44423959,801.9930079513766,665.9675056599417,1445.0192143513025,11210.616829606462,2545018854.518067,2381078575.9145145,370.29550459279085,1181845335.0888479,27211844.336695757,1154633490.7521522,0.32636815247083406,11.719822950053889,1664015569.0757387,68913695.59674166,0.6662900294262012
196727043.04852986,121712066.66666667,charging,121712066.66666667,75014976.38186319,0.0,531.5575908719879,0.0,0.0,0.22948502832739917,10,242,774.2625367807528,23.76,123878045.12226991,822.0545651925119,665.9675832937334,1445.0192143061483,11210.616829231218,2545018854.43288,2381126364.30481,370.29894302431137,1181850341.293375,27264638.931518987,1154585702.361856,0.32634977453609576,11.714482807120472,1654653244.215886,68649185.18986297,0.6699843757314233
185912781.37103403,121712066.66666667,charging,121712066.66666667,64200714.704367355,0.0,454.9275209631907,0.0,0.0,0.28694955729117066,11,242,784.3006640057805,24.94,123759124.0107417,776.8654897943774,665.9674083287354,1445.0192141937132,11210.616829712337,2545018854.5421023,2381018719.998649,370.29119791281335,1181839064.5715382,27145717.90352036,1154693346.6680179,0.32639117197977774,11.726518016150132,1647661128.1813123,68363984.82676582,0.6728883732033019
176233353.74355316,121712066.66666667,charging,121712066.66666667,54521287.07688649,0.0,386.3389073443312,0.0,0.0,0.3357502613767704,12,242,762.8755427365118,25.8,123652682.32043089,736.4184950837505,665.967251439432,1445.019214351307,11210.616829520453,2545018854.498542,2380922371.955709,370.28426564519896,1181828970.9237854,27039276.212827444,1154789694.710958,0.3264282275312295,11.737309894869743,1642565179.2069619,68145494.3922047,0.6750350673158508
185184637.22940496,121712066.66666667,charging,121712066.66666667,63472570.562738284,0.0,449.76787732401095,0.0,0.0,0.39256304588085594,13,242,771.6422974928282,26.76,123751116.83343613,773.8228261805259,665.967396535959,1445.019214347619,11210.61682960959,2545018854.518777,2381011472.096487,370.2906764237672,1181838305.2960691,27137710.725889575,1154700594.5701795,0.32639395944950667,11.727329200041742,1636876678.026292,68021365.4333436,0.6772842511022082
220030889.0074442,121712066.66666667,charging,121712066.66666667,98318822.34077753,0.0,696.6890994512186,0.0,0.0,0.48056587949574675,14,242,840.5746288606725,27.74,124134310.35303229,919.4333122127811,665.9679591914561,1445.0192141937123,11210.616829712364,2545018854.5421085,2381358330.6187496,370.31563343049606,1181874640.2937365,27520904.245817587,1154353736.0479188,0.3262605754309927,11.688626281892212,1631069666.404358,68049370.94022477,0.6793836751143498
31050574.609646417,121712066.66666667,direct_plus_discharge,121712066.66666666,0.0,90661492.05702023,0.0,642.4291071874704,0.0,0.3994169396404873,15,242,164.25686699612945,27.19,123196051.13864955,129.74965827862198,656.9088328748546,1445.0192143110828,11210.616829227143,2545018854.431955,2380509045.9338775,370.25452733404654,1181785665.680718,26582644.94792979,1155203020.732788,0.326587218811612,11.783818223913851,1634328703.5391169,66870576.2062233,0.6790521454404304
92550106.60615894,121712066.66666667,direct_plus_discharge,121712066.66666667,0.0,29161960.06050773,0.0,206.64221976101896,0.0,0.3733147645127796,16,242,338.45854568529336,26.23,123097315.49747722,386.73502364328385,662.9759117167483,1445.0192141689256,11210.616829432576,2545018854.4785914,2380419674.8381743,370.24809731827213,1181776301.134902,26483909.30640652,1155292391.8284955,0.3266216020595997,11.793919901922083,1640017204.7197871,67510266.76412919,0.676587879915335
0.0,121712066.66666667,discharging,121712066.66666667,0.0,121712066.66666667,0.0,862.4540866085814,0.0,0.26437319567801143,17,242,58.437596625885206,25.38,123248533.53247172,1.0,654.15,1445.0192143042316,11210.616829206083,2545018854.4271736,2380556550.7850733,370.2579452010934,1181790643.2240262,26635127.342431404,1155155515.881595,0.3265689433272588,11.778455317896423,1645053898.4735053,67002435.977707855,0.6747181693947422
50045582.14538731,121712066.66666667,direct_plus_discharge,121712066.66666667,0.0,71666484.52127936,0.0,507.83011200955724,0.0,0.2002262341610147,18,242,209.42571977814768,24.58,123165555.22774953,209.12325338099922,658.6988464643578,1445.0192143024697,11210.616829320385,2545018854.453122,2380481442.3728456,370.252541324832,1181782773.3308868,26552149.037064254,1155230624.2938225,0.3265978383698922,11.786936543011388,1649794316.1240637,67495075.53162016,0.6727058525529201
0.0,121712066.66666667,discharging,121712066.66666667,0.0,121712066.66666667,0.0,862.4540866085814,0.0,0.09128466532624653,19,242,0.0,21.85,123248533.53247009,1.0,654.1499999999988,1445.0192142091717,11210.616829726112,2545018854.54523,2380556550.890323,370.2579452007209,1181790643.2009256,26635127.424582593,1155155515.776343,0.32656894329750363,11.778455317149804,1665970991.356594,67667523.99019577,0.6663185580791452
0.0,121712066.66666667,discharging,101985361.4251113,0.0,101985361.4251113,0.0,722.6702671661184,0.0,0.0,20,242,0.0,20.41,103273229.14759624,1.0,654.15,1445.0192141571597,11210.61682932979,2545018854.4552574,2362481446.4178047,368.95846825733565,1179890443.2060242,26386528.19872836,1153503915.0072958,0.32795402570611354,14.022274274731023,1674503743.127599,56927759.22698422,0.6662140046768465
0.0,121712066.66666667,shutdown,0.0,0.0,0.0,0.0,0.0,0.0,0.0,21,242,0.0,19.58,0.0,1.0,567.279923475184,1445.019214302461,11210.616829320365,2545018854.4531174,2259509895.5932674,362.89907080586624,1179588764.8826962,25103923.744164165,1154484841.138532,0.33816193354965784,,1679421926.4400537,0.0,0.6874298965393083
0.0,121712066.66666667,shutdown,0.0,0.0,0.0,0.0,0.0,0.0,0.0,22,242,0.0,18.86,0.0,1.0,567.279923475184,1445.0192143073946,11210.616829230177,2545018854.4326434,2259509895.5751038,362.89907080586624,1179588764.9008174,25103923.744110312,1154484841.156707,0.3381619335549816,,1683688302.3255558,0.0,0.685687986049497
0.0,121712066.66666667,shutdown,0.0,0.0,0.0,0.0,0.0,0.0,0.0,23,242,0.0,18.4,0.0,1.0,567.279923475184,1445.0192142956262,11210.616829299408,2545018854.44836,2259509895.589057,362.89907080586624,1179588764.887626,25103923.744872507,1154484841.1427534,0.33816193355089436,,1686414042.4746273,0.0,0.6845797129681592
0.0,121712066.66666667,shutdown,0.0,0.0,0.0,0.0,0.0,0.0,0.0,0,243,0.0,17.88,0.0,1.0,567.279923475184,1445.0192141603152,11210.616829439856,2545018854.480244,2259509895.6173644,362.89907080586624,1179588764.8582227,25103923.74377478,1154484841.1144478,0.3381619335426033,,1689495313.94749,0.0,0.6833311886595322
0.0,121712066.66666667,shutdown,0.0,0.0,0.0,0.0,0.0,0.0,0.0,1,243,0.0,17.32,0.0,1.0,567.279923475184,1445.0192143463746,11210.616829524592,2545018854.4994807,2259509895.6344433,362.89907080586624,1179588764.9246066,25103923.82723718,1154484841.0973694,0.3381619335376009,,1692813606.302881,0.0,0.6819917070602793
0.0,121712066.66666667,shutdown,0.0,0.0,0.0,0.0,0.0,0.0,0.0,2,243,0.0,16.93,0.0,1.0,567.279923475184,1445.019214340792,11210.616829588716,2545018854.514038,2259509895.6473675,362.89907080586624,1179588764.9124842,25103923.828040417,1154484841.0844438,0.3381619335338148,,1695124559.9075282,0.0,0.6810619516641437
0.0,121712066.66666667,shutdown,0.0,0.0,0.0,0.0,0.0,0.0,0.0,3,243,0.0,16.41,0.0,1.0,567.279923475184,1445.0192142042388,11210.616829644208,2545018854.526636,2259509895.658552,362.89907080586624,1179588764.900143,25103923.826883327,1154484841.0732596,0.33816193353053886,,1698205831.3803911,0.0,0.6798262140784392
0.0,121712066.66666667,shutdown,0.0,0.0,0.0,0.0,0.0,0.0,0.0,4,243,0.0,15.91,0.0,1.0,567.279923475184,1445.0192143024658,11210.61682932041,2545018854.453128,2259509895.5932903,362.89907080586624,1179588764.8826966,25103923.744176976,1154484841.1385198,0.3381619335496543,,1701168592.4119902,0.0,0.6786422264601308
0.0,121712066.66666667,shutdown,0.0,0.0,0.0,0.0,0.0,0.0,0.0,5,243,0.0,15.42,0.0,1.0,567.279923475184,1445.0192141937086,11210.61682971229,2545018854.542092,2259509895.6722736,362.89907080586624,1179588764.8871586,25103923.827622462,1154484841.0595362,0.3381619335265191,,1704072098.222957,0.0,0.6774859128692137
46766492.03677662,121712066.66666667,direct_partial,46766492.03677662,0.0,0.0,0.0,0.0,0.0,0.0,6,243,203.1601117214117,14.95,47283400.40849258,195.42106505096845,665.6710570907834,1445.0192143476206,11210.616829523551,2545018854.4992447,2311880576.1833835,365.3325192690216,1174501484.784203,25615568.93076902,1148885915.853434,0.3319248333487646,30.414872329530834,1706857093.5926602,26819317.566704087,0.6626876321661075
162966584.93788344,121712066.66666667,charging,121712066.66666667,41254518.271216765,0.0,292.33032392361497,0.0,0.0,0.03692593565350926,7,243,546.3520183012969,16.27,123506791.74187711,680.9812369770242,665.9670359660732,1445.0192143024583,11210.616829320305,2545018854.453104,2380790316.4175096,370.2747643008015,1181815135.8003266,26893385.551169697,1154921750.249157,0.32647901989764677,11.752131617284034,1699035404.469239,69832459.92741917,0.6529157850030185
196264778.28287366,121712066.66666667,charging,121712066.66666667,74552711.61620699,0.0,528.2819736948742,0.0,0.0,0.10365629022549337,8,243,667.6822497206181,18.92,123872961.73873517,820.1229199288672,665.9675758215672,1445.019214202326,11210.616829619066,2545018854.5209284,2381121763.023981,370.2986119507282,1181849859.2741582,27259555.63147195,1154590303.6426864,0.32635154402922584,11.7149967891437,1683332771.0017643,69546629.27367537,0.6586821109662531
202346205.60596234,121712066.66666667,charging,121712066.66666667,80634138.93929566,0.0,571.3750867349747,0.0,0.0,0.1758299853920165,9,243,735.3728990094438,21.33,123939837.32566628,845.5351104257186,665.9676740743986,1445.0192142042306,11210.616829730183,2545018854.546154,2381182297.3150644,370.3029674735063,1181856200.5693443,27326431.21774518,1154529769.3515992,0.3263282651590565,11.70823834670767,1669052262.8294573,69135670.82255633,0.6642145805982432
198578423.7497617,121712066.66666667,charging,121712066.66666667,76866357.08309503,0.0,544.6765107570527,0.0,0.0,0.24463122885606525,10,243,784.6513629077735,23.39,123898404.18675494,829.7908475753122,665.9676132137921,1445.0192143513084,11210.616829606515,2545018854.5180793,2381144792.934921,370.30026898177846,1181852271.8109715,27284998.07922627,1154567273.7317452,0.32634268761517526,11.712424717488128,1656845687.3792691,68729305.79736286,0.6690913337856667
179799829.5241854,121712066.66666667,charging,121712066.66666667,58087762.85751872,0.0,411.6110245307136,0.0,0.0,0.29662420037573434,11,243,765.5607504792046,25.04,123691901.7583102,751.3215691689641,665.9673092781243,1445.0192143395343,11210.616829503628,2545018854.494722,2380957872.239494,370.2868198952016,1181832690.078569,27078495.65139755,1154754194.4271715,0.3264145738223369,11.733331365775905,1647068575.9749925,68308270.05228755,0.6731781398947524
125337188.8122975,121712066.66666667,charging,121712066.66666667,3625122.1456308216,0.0,25.687686476618076,0.0,0.0,0.2998689607727808,12,243,568.3481502095847,26.38,123092992.83938736,523.7409491593272,665.9664220312545,1445.0192143476343,11210.616829609657,2545018854.518792,2380415762.201348,370.2478158128223,1181775891.1971788,26479586.731862035,1155296304.4653168,0.32662310739472733,11.794362524511033,1639128376.4103074,67729774.92710146,0.6768554865324247
43102193.94520567,121712066.66666667,direct_plus_discharge,121712066.66666667,0.0,78609872.721461,0.0,557.0310966954618,0.0,0.2295071380323014,13,243,239.07803625843,27.25,123176702.62779534,180.10922521581668,658.0362849943252,1445.019214165254,11210.616829349723,2545018854.4597826,2380491532.5202255,370.25326728495827,1181783830.583117,26563296.43667663,1155220534.1464403,0.3265939564987574,11.78579650125027,1633973172.215325,66945333.152920835,0.679174534523826
157249921.91856444,121712066.66666667,charging,121712066.66666667,35537855.25189777,0.0,251.82193787937322,0.0,0.0,0.2613162249223275,14,243,623.0558921870888,27.88,123443927.35586904,657.0932708902311,665.9669429616766,1445.0192143444747,11210.61682958559,2545018854.5133286,2380733413.820879,370.27067020723894,1181809174.0948434,26830521.24905568,1154978652.8457878,0.32650090759434286,11.758529108217838,1630240093.3155103,67644873.29670134,0.6802455263799854
147339741.44003156,121712066.66666667,charging,121712066.66666667,25627674.773364887,0.0,181.5982050415505,0.0,0.0,0.2842549455591549,15,243,540.1247552261415,27.77,123334948.14738543,615.6820394803736,665.966781508711,1445.0192143426946,11210.616829613782,2545018854.5197287,2380634769.91298,370.26357291318163,1181798838.7935262,26721542.03983823,1155077296.7536879,0.326538853030765,11.769634993690351,1630891900.7424622,67605512.94578032,0.6800583194562939
43384409.15017867,121712066.66666667,direct_plus_discharge,121712066.66666667,0.0,78327657.516488,0.0,555.0313142293679,0.0,0.21414572691965583,16,243,191.01043188489547,27.8,123176249.53980719,181.28850536977885,658.0630273136887,1445.0192142005449,11210.616829647237,2545018854.5273237,2380491122.464842,370.2532377779541,1181783787.6336281,26562843.431804776,1155220944.2018232,0.32659411426052615,11.785842833992179,1630714135.0805662,66844423.01198995,0.6805190540819253
197311164.1118961,121712066.66666667,charging,121712066.66666667,75599097.44522943,0.0,535.6966841597066,0.0,0.0,0.281812676497724,17,243,642.7838858902203,26.82,123884468.52205774,824.4954059601265,665.9675927347439,1445.0192143444813,11210.616829585664,2545018854.5133457,2381132178.688158,370.29936137090306,1181850950.3937733,27271062.415261567,1154579887.9785118,0.32634753855058324,11.713833394861643,1636521146.7025003,68083519.0044388,0.6773300057228698
93892941.56068723,121712066.66666667,direct_plus_discharge,121712066.66666667,0.0,27819125.105979443,0.0,197.12686499060368,0.0,0.25691244091996357,18,243,339.361790745553,25.28,123095159.61651282,392.34626848061794,663.1175793103367,1445.019214163992,11210.61682935066,2545018854.4599953,2380417723.4165497,370.2479569204496,1181776096.6754742,26481753.4253581,1155294343.250116,0.3266223528392071,11.794140651715297,1645646450.679825,67697309.17411952,0.674292205872685
0.0,121712066.66666667,discharging,121712066.66666667,0.0,121712066.66666667,0.0,862.4540866085814,0.0,0.14797087208519538,19,243,0.0,23.38,123248533.53247164,1.0,654.15,1445.0192143024678,11210.616829320423,2545018854.4531307,2380556550.808213,370.25794520101135,1181790643.2002485,26635127.341795288,1155155515.8584533,0.3265689433207165,11.778455317732256,1656904942.5999014,67379256.38138425,0.669933365126772
0.0,121712066.66666667,discharging,121712066.66666667,0.0,121712066.66666667,0.0,862.4540866085814,0.0,0.03902930325042721,20,243,0.0,22.36,123248533.53247185,1.0,654.15,1445.0192143407796,11210.616829588584,2545018854.514008,2380556550.8624916,370.25794520081956,1181790643.2297962,26635127.425619874,1155155515.8041763,0.3265689433053721,11.7784553173471,1662948975.1043632,67571434.78725934,0.667519151580836
0.0,121712066.66666667,discharging,43604449.706194244,0.0,43604449.706194244,0.0,308.9819840658821,0.0,0.0,21,243,0.0,21.48,44156591.69739991,1.0,654.15,1445.0192141603,11210.616829353741,2545018854.460695,2309057535.4339333,365.1308099067331,1174197716.7389376,25650802.466702547,1148546914.2722352,0.33212692479853345,32.55404826078189,1668163434.519977,24268406.095007583,0.6786370279200631
0.0,121712066.66666667,shutdown,0.0,0.0,0.0,0.0,0.0,0.0,0.0,22,243,0.0,20.6,0.0,1.0,567.279923475184,1445.0192142042301,11210.616829730174,2545018854.546152,2259509895.675862,362.89907080586624,1179588764.882857,25103923.826930426,1154484841.0559266,0.3381619335254618,,1673377893.9355915,0.0,0.689912807644848
0.0,121712066.66666667,shutdown,0.0,0.0,0.0,0.0,0.0,0.0,0.0,23,243,0.0,19.6,0.0,1.0,567.279923475184,1445.0192143407778,11210.616829502562,2545018854.49448,2259509895.630003,362.89907080586624,1179588764.9297493,25103923.827941883,1154484841.1018074,0.3381619335389008,,1679303415.9987895,0.0,0.6874784092636178
0.0,121712066.66666667,shutdown,0.0,0.0,0.0,0.0,0.0,0.0,0.0,0,244,0.0,19.09,0.0,1.0,567.279923475184,1445.0192143110705,11210.616829313063,2545018854.45146,2259509895.5918093,362.89907080586624,1179588764.8841717,25103923.74417149,1154484841.1400003,0.338161933550088,,1682325432.2510207,0.0,0.6862434693121485
0.0,121712066.66666667,shutdown,0.0,0.0,0.0,0.0,0.0,0.0,0.0,1,244,0.0,18.85,0.0,1.0,567.279923475184,1445.0192143427096,11210.616829613848,2545018854.5197434,2259509895.652433,362.89907080586624,1179588764.9067078,25103923.82732913,1154484841.0793786,0.33816193353233115,,1683747557.546188,0.0,0.6856638549557089
0.0,121712066.66666667,shutdown,0.0,0.0,0.0,0.0,0.0,0.0,0.0,2,244,0.0,18.38,0.0,1.0,567.279923475184,1445.0192141534822,11210.616829332897,2545018854.455963,2259509895.595807,362.89907080586624,1179588764.8804305,25103923.744427193,1154484841.1360033,0.33816193354891716,,1686532552.915891,0.0,0.6845316084412268
0.0,121712066.66666667,shutdown,0.0,0.0,0.0,0.0,0.0,0.0,0.0,3,244,0.0,17.79,0.0,1.0,567.279923475184,1445.0192143061572,11210.61682931734,2545018854.4524307,2259509895.5926714,362.89907080586624,1179588764.8833344,25103923.74419481,1154484841.1391397,0.33816193354983587,,1690028610.9331777,0.0,0.6831155600979273
0.0,121712066.66666667,shutdown,0.0,0.0,0.0,0.0,0.0,0.0,0.0,4,244,0.0,17.32,0.0,1.0,567.279923475184,1445.0192143476272,11210.6168295236,2545018854.4992557,2259509895.6342435,362.89907080586624,1179588764.9248235,25103923.82725673,1154484841.0975668,0.3381619335376587,,1692813606.302881,0.0,0.6819917070603959
0.0,121712066.66666667,shutdown,0.0,0.0,0.0,0.0,0.0,0.0,0.0,5,244,0.0,16.83,0.0,1.0,567.279923475184,1445.0192141973953,11210.616829709259,2545018854.541404,2259509895.671663,362.89907080586624,1179588764.8877954,25103923.82764848,1154484841.060147,0.33816193352669804,,1695717112.113848,0.0,0.680823961032621
24258671.09710968,121712066.66666667,charging_only,0.0,24258671.09710968,0.0,171.89741819679114,0.0,0.0,0.021713358088015722,6,244,135.68730688241658,16.47,0.0,101.36863245569764,620.5051128569876,1445.0192143073828,11210.61682931616,2545018854.452163,2259509895.5924335,362.89907080586624,1179588764.883538,25368057.259374913,1154220707.6241632,0.33808456579500973,,1697850300.056599,0.0,0.6798130009375305
133098295.97806013,121712066.66666667,charging,121712066.66666667,11386229.311393455,0.0,80.68304375742831,0.0,0.0,0.03190490045737509,7,244,456.3774036804013,17.69,123178339.34924106,556.171943280403,665.9665489930541,1445.0192141640075,11210.616829350773,2545018854.4600205,2380493014.009798,370.25337387441914,1181783985.8150225,26564933.158120006,1155219052.6569026,0.3265933865436471,11.785629131537474,1690621163.139498,69384063.5398912,0.6563725125046703
186558616.44395676,121712066.66666667,charging,121712066.66666667,64846549.77729009,0.0,459.50392093052375,0.0,0.0,0.08994750099596757,8,244,637.4691425498951,20.7,123766226.06051846,779.5642121552203,665.9674187871871,1445.0192143395448,11210.616829589755,2545018854.514274,2381025148.559653,370.2916604535045,1181839738.060711,27152819.95369826,1154686918.1070127,0.32638869962666106,11.725798616216489,1672785341.7292717,69155888.52461398,0.662873636637396
126670208.9002908,121712066.66666667,charging,121712066.66666667,4958142.2336241305,0.0,35.1334929106651,0.0,0.0,0.09438541588994633,9,244,484.79995596110433,22.72,123107651.65147884,529.3111810493979,665.9664438502587,1445.0192143110796,11210.61682922707,2545018854.431938,2380429030.6132293,370.248770442352,1181777281.514177,26494245.46080589,1155283036.0533712,0.3266180025688414,11.79286164751113,1660815787.1616118,68414414.13107175,0.6680909431200895
32339817.617059454,121712066.66666667,direct_plus_discharge,121712066.66666667,0.0,89372249.04960722,0.0,633.293506003242,0.0,0.01439044671058944,10,244,189.311784644432,24.74,123193981.29793979,135.13696082464236,657.028102062229,1445.019214165248,11210.616829435752,2545018854.479313,2380507172.444957,370.25439253783446,1181785469.3285937,26580575.106884677,1155204894.221709,0.3265879395728864,11.784029823628833,1648846232.593952,67339056.71608761,0.6731236431272161
177464855.31794256,121712066.66666667,charging,121712066.66666667,55752788.65127589,0.0,395.06535160401046,0.0,0.0,0.06429343849214866,11,244,760.9837336283263,26.15,123666224.76469962,741.5645160658217,665.9672714152308,1445.0192141986468,11210.616829708228,2545018854.5411696,2380934630.2129307,370.28514762459906,1181830255.1112385,27052818.657501776,1154777436.4537368,0.3264235128712699,11.735935826138869,1640491246.484843,68087966.40161441,0.675870002247579
204722532.4651743,121712066.66666667,charging,121712066.66666667,83010465.79850762,0.0,588.2137853699916,0.0,0.0,0.13859412717046338,12,244,886.9111888419293,27.09,123965969.0616923,855.4649620248343,665.9677124380877,1445.0192143463732,11210.616829524597,2545018854.499482,2381205951.1643343,370.30466940904216,1181858678.456407,27352562.954074677,1154506115.5023324,0.32631916914919346,11.705599456328112,1634921255.745437,68078060.60015012,0.6779251784902363
161683399.29527593,121712066.66666667,charging,121712066.66666667,39971332.628609255,0.0,283.23764534495604,0.0,0.0,0.17437151395087888,13,244,692.9654543567667,27.74,123492680.94379757,675.6192460725264,665.9670150981513,1445.0192143426889,11210.616829613717,2545018854.519714,2380777543.8646965,370.27384532123983,1181813797.6382031,26879274.83623343,1154934522.8019698,0.3264839328215472,11.753567057257376,1631069666.404358,67697556.07007858,0.6798662627359173
158734884.11515293,121712066.66666667,charging,121712066.66666667,37022817.44848625,0.0,262.34440906881156,0.0,0.0,0.20750975509641298,14,244,632.5464049938739,28.27,123460257.02869064,663.2984165271871,665.9669671296174,1445.0192143444729,11210.616829499513,2545018854.493788,2380748194.843133,370.27173368769536,1181810722.7453337,26846850.921800125,1154963871.8235335,0.3264952219685577,11.756866667773963,1627929139.710863,67581523.53237134,0.6811893884608644
203454921.93656936,121712066.66666667,charging,121712066.66666667,81742855.26990269,0.0,579.2314723539988,0.0,0.0,0.2806758358148128,15,244,726.6225128505704,28.61,123952029.53835435,850.1680541580866,665.9676919756499,1445.019214168927,11210.616829432587,2545018854.4785943,2381193333.383666,370.30376154048537,1181857356.630289,27338623.347289313,1154518733.2829998,0.32632402125408294,11.707006988697636,1625914462.2093756,67787496.50743155,0.6816540108140947
160075666.8428357,121712066.66666667,charging,121712066.66666667,38363600.17616903,0.0,271.8452217196323,0.0,-7.450580596923828e-09,0.31501417961097694,16,244,545.4091030730305,28.19,123475001.2042106,668.9010858152677,665.9669889455383,1445.01921435131,11210.616829606513,2545018854.518079,2380761540.7751446,370.27269391305225,1181812120.988203,26861595.096681766,1154950525.8915212,0.3264900884100547,11.755366016078996,1628403181.4759188,67604428.81774713,0.6809819241857883
164793944.73041627,121712066.66666667,charging,121712066.66666667,43081878.0637496,0.0,305.2790311794895,0.0,0.0,0.3535757414441756,17,244,545.6839920315533,27.32,123526886.65581352,688.6171442545524,665.9670656754623,1445.0192142993014,11210.61682921025,2545018854.4281197,2380808505.6343737,370.27607300390355,1181817041.4980576,26913480.465764616,1154903561.032293,0.32647202354526167,11.750088000504595,1633558385.6709013,67794215.25737588,0.6788149384214446
50462440.16377318,121712066.66666667,direct_plus_discharge,121712066.66666667,0.0,71249626.5028935,0.0,504.87624793232425,0.0,0.2898018996000925,18,244,209.80953755849595,26.17,123164885.97479048,210.86515948471,658.7389329395314,1445.0192142091644,11210.616829726066,2545018854.5452194,2380480836.676407,370.25249774032727,1181782709.8571467,26551479.866887946,1155231229.9902587,0.32659807140200475,11.787004993320297,1640372736.0435786,67200813.06738523,0.6765338047030078
0.0,121712066.66666667,discharging,121712066.66666667,0.0,121712066.66666667,0.0,862.4540866085814,0.0,0.18086033076532435,19,244,0.0,24.12,123248533.53247158,1.0,654.15,1445.0192143513075,11210.616829520486,2545018854.498549,2380556550.848708,370.2579452008681,1181790643.2428348,26635127.424876988,1155155515.8179579,0.3265689433092682,11.778455317444909,1652520056.2731347,67239832.83202393,0.6716958123840294
0.0,121712066.66666667,discharging,121712066.66666667,0.0,121712066.66666667,0.0,862.4540866085814,0.0,0.07191876193055616,20,244,0.0,22.48,123248533.53247185,1.0,654.15,1445.019214157159,11210.616829415781,2545018854.474779,2380556550.827521,370.25794520094325,1181790643.181249,26635127.342103593,1155155515.8391454,0.32656894331525804,11.778455317595173,1662237912.4567792,67548825.56303875,0.6678022732221404
0.0,121712066.66666667,discharging,80349321.57028364,0.0,80349321.57028364,0.0,569.3568652835695,0.0,0.0,21,244,0.0,21.09,81364528.4045519,1.0,654.15,1445.0192143463648,11210.616829610573,2545018854.5190005,2342670227.4569764,367.5366094958589,1177792961.5066755,26113867.393367432,1151679094.113308,0.3294875497975567,17.74978937445321,1670474388.1246247,44766349.33590503,0.6714387484863533
0.0,121712066.66666667,shutdown,0.0,0.0,0.0,0.0,0.0,0.0,0.0,22,244,0.0,19.71,0.0,1.0,567.279923475184,1445.0192143513113,11210.616829520466,2545018854.4985447,2259509895.6335955,362.89907080586624,1179588764.9254522,25103923.827256687,1154484841.0981956,0.33816193353784285,,1678651608.571838,0.0,0.6877453518067441
0.0,121712066.66666667,shutdown,0.0,0.0,0.0,0.0,0.0,0.0,0.0,23,244,0.0,18.66,0.0,1.0,567.279923475184,1445.0192141534753,11210.616829418928,2545018854.4754934,2259509895.613147,362.89907080586624,1179588764.8631544,25103923.744490623,1154484841.1186638,0.3381619335438383,,1684873406.7381954,0.0,0.6852056875618155
0.0,121712066.66666667,shutdown,0.0,0.0,0.0,0.0,0.0,0.0,0.0,0,245,0.0,17.67,0.0,1.0,567.279923475184,1445.0192141639882,11210.616829350663,2545018854.459996,2259509895.5993876,362.89907080586624,1179588764.8761253,25103923.743702035,1154484841.1324234,0.3381619335478686,,1690739673.5807617,0.0,0.6828282669249596
0.0,121712066.66666667,shutdown,0.0,0.0,0.0,0.0,0.0,0.0,0.0,1,245,0.0,16.92,0.0,1.0,567.279923475184,1445.0192143476302,11210.616829609664,2545018854.518794,2259509895.6515894,362.89907080586624,1179588764.907551,25103923.827330533,1154484841.0802205,0.33816193353257773,,1695183815.1281602,0.0,0.6810381451128581
0.0,121712066.66666667,shutdown,0.0,0.0,0.0,0.0,0.0,0.0,0.0,2,245,0.0,16.92,0.0,1.0,567.279923475184,1445.0192142993099,11210.616829296323,2545018854.44766,2259509895.588435,362.89907080586624,1179588764.8882604,25103923.74488527,1154484841.1433752,0.3381619335510765,,1695183815.1281602,0.0,0.6810381451501135
0.0,121712066.66666667,shutdown,0.0,0.0,0.0,0.0,0.0,0.0,0.0,3,245,0.0,16.83,0.0,1.0,567.279923475184,1445.0192143024603,11210.61682923428,2545018854.433575,2259509895.5759306,362.89907080586624,1179588764.8999655,25103923.744085725,1154484841.1558797,0.3381619335547392,,1695717112.113848,0.0,0.6808239610890766
0.0,121712066.66666667,shutdown,0.0,0.0,0.0,0.0,0.0,0.0,0.0,4,245,0.0,16.56,0.0,1.0,567.279923475184,1445.0192141652426,11210.616829435683,2545018854.479297,2259509895.6165233,362.89907080586624,1179588764.8590684,25103923.743781257,1154484841.115287,0.3381619335428492,,1697317003.0709114,0.0,0.6801822164195066
0.0,121712066.66666667,shutdown,0.0,0.0,0.0,0.0,0.0,0.0,0.0,5,245,0.0,16.06,0.0,1.0,567.279923475184,1445.019214344472,11210.616829499528,2545018854.493791,2259509895.6293917,362.89907080586624,1179588764.9303873,25103923.82796988,1154484841.1024175,0.33816193353907953,,1700279764.1025105,0.0,0.6789969894817928
0.0,121712066.66666667,shutdown,0.0,0.0,0.0,0.0,0.0,0.0,0.0,6,245,51.095291679195526,15.82,0.0,1.0,567.279923475184,1445.0192143110758,11210.61682931313,2545018854.4514756,2259509895.591823,362.89907080586624,1179588764.8841772,25103923.744188935,1154484841.1399882,0.3381619335500844,,1701701889.3976781,0.0,0.6784295465221709
0.0,121712066.66666667,shutdown,0.0,0.0,0.0,0.0,0.0,0.0,0.0,7,245,0.0,15.94,0.0,1.0,567.279923475184,1445.019214160309,11210.616829439847,2545018854.4802423,2259509895.6173625,362.89907080586624,1179588764.8582215,25103923.743772134,1154484841.1144495,0.3381619335426038,,1700990826.7500944,0.0,0.6787131493943463
0.0,121712066.66666667,shutdown,0.0,0.0,0.0,0.0,0.0,0.0,0.0,8,245,0.0,17.23,0.0,1.0,567.279923475184,1445.0192143005593,11210.616829209279,2545018854.427899,2259509895.5708914,362.89907080586624,1179588764.9057515,25103923.744833,1154484841.1609185,0.33816193355621516,,1693346903.2885687,0.0,0.6817769229204295
199725713.653941,121712066.66666667,charging,121712066.66666667,78013646.98727433,0.0,552.806229473391,0.0,0.0,0.06982815530190202,9,245,731.5306608803058,18.8,123911020.58117177,834.5849769878974,665.9676317501542,1445.019214200554,11210.616829733293,2545018854.5468597,2381156213.034852,370.3010906714436,1181853468.105094,27297614.473241962,1154555853.631852,0.32633829593662117,11.711149670720179,1684043833.649348,69590328.80279884,0.658378969999883
199540027.57001618,121712066.66666667,charging,121712066.66666667,77827960.9033495,0.0,551.49045424836,0.0,0.0,0.13949010741748433,10,245,796.5072389865691,21.03,123908978.64838392,833.8090587886617,665.9676287503446,1445.0192143110712,11210.616829227043,2545018854.431932,2381154364.6207747,370.3009576832412,1181853274.503528,27295572.457637012,1154557702.045891,0.32633900674487565,11.711356017029717,1670829919.4484167,69174271.1864295,0.6635373111513294
183747159.17261803,121712066.66666667,charging,121712066.66666667,62035092.50595136,0.0,439.58187967858953,0.0,0.0,0.1950162395874114,11,245,791.9640943605307,23.01,123735309.3290895,767.8161004114904,665.9673732505776,1445.0192143407874,11210.616829588638,2545018854.514021,2380997163.570155,370.28964691851127,1181836806.3187654,27121903.22226871,1154714903.0964966,0.3263994624050835,11.728930920293688,1659097385.7632844,68709416.64603326,0.6683125112635969
173607462.76238927,121712066.66666667,charging,121712066.66666667,51895396.0957226,0.0,367.7317924565708,0.0,0.0,0.24146657126613616,12,245,770.7434784833978,24.19,123623806.20447086,725.4458009624233,665.9672088310939,1445.0192142054811,11210.616829729164,2545018854.5459228,2380896234.210944,370.2823850327915,1181826232.552281,27010400.096558187,1154815832.4557228,0.32643828052896584,11.740240781353677,1652105269.728711,68428442.15440665,0.6711962831531975
145952360.9846051,121712066.66666667,charging,121712066.66666667,24240294.317938432,0.0,171.7671999799043,0.0,0.0,0.26316348073728196,13,245,639.0649439171543,24.84,123319691.55097632,609.8846543351049,665.9667588832971,1445.0192141640061,11210.616829350793,2545018854.4600253,2380620960.184832,370.262579330776,1181797391.8416927,26706285.359857842,1155091106.481835,0.32654416541451264,11.771191333708256,1648253680.3876324,68139707.87296951,0.6729757376031421
126109948.90633254,121712066.66666667,charging,121712066.66666667,4397882.239665866,0.0,31.163479627791986,0.0,0.0,0.2670999202692136,14,245,521.1856406331805,25.36,123101490.64460716,526.9700474737028,665.9664346804998,1445.0192143358452,11210.61682959274,2545018854.5149517,2380423454.023578,370.24836921721675,1181776697.1808324,26488084.537743807,1155288612.6430886,0.3266201480785181,11.793492412882362,1645172408.9147692,67922995.06479432,0.6743866161565341
123597620.59280336,121712066.66666667,charging,121712066.66666667,1885553.9261366874,0.0,13.36107202559572,0.0,0.0,0.2687876346303415,15,245,469.43433436892775,23.54,123073863.34239437,516.4718926323799,665.9663935500281,1445.0192143463705,11210.616829524564,2545018854.4994745,2380398447.043566,370.2465700403777,1181774076.8578675,26460457.234766856,1155313619.6231005,0.3266297691989319,11.79632168151713,1655956859.0697894,68244092.8484093,0.6700574073676258
0.0,121712066.66666667,discharging,121712066.66666667,0.0,121712066.66666667,0.0,862.4540866085814,0.0,0.15984606579557328,16,245,4.138367276145273,22.36,123248533.53247185,1.0,654.15,1445.0192143513136,11210.61682960653,2545018854.518082,2380556550.866122,370.2579452008066,1181790643.2254922,26635127.424945056,1155155515.8005471,0.3265689433043461,11.778455317321368,1662948975.1043632,67571434.78725934,0.6675191515787388
0.0,121712066.66666667,discharging,121712066.66666667,0.0,121712066.66666667,0.0,862.4540866085814,0.0,0.05090449696080511,17,245,0.0,21.87,123248533.53247185,1.0,654.15,1445.01921415348,11210.616829418925,2545018854.475493,2380556550.828153,370.2579452009409,1181790643.1806214,26635127.342106067,1155155515.8385153,0.3265689433150799,11.77845531759074,1665852480.9153302,67663755.78616007,0.66636555884618
0.0,121712066.66666667,discharging,56871693.64270544,0.0,56871693.64270544,0.0,402.99393427304045,0.0,0.0,18,245,22.15208737249252,20.56,57591031.59676699,1.0,654.15,1445.0192143024565,11210.616829234275,2545018854.4335737,2321188974.514646,365.99808184792664,1175500717.5580134,25817998.429955143,1149682719.1280582,0.33116882393812924,25.002410668346464,1673614914.8181198,31732953.342106085,0.6741631667023844
0.0,121712066.66666667,shutdown,0.0,0.0,0.0,0.0,0.0,0.0,0.0,19,245,0.0,17.67,0.0,1.0,567.279923475184,1445.0192143476193,11210.61682960959,2545018854.518777,2259509895.651553,362.89907080586624,1179588764.9075472,25103923.8273089,1154484841.0802383,0.338161933532583,,1690739673.5807617,0.0,0.6828282668940944
0.0,121712066.66666667,shutdown,0.0,0.0,0.0,0.0,0.0,0.0,0.0,20,245,0.0,16.03,0.0,1.0,567.279923475184,1445.019214162088,11210.616829325625,2545018854.454312,2259509895.5943413,362.89907080586624,1179588764.88191,25103923.744441364,1154484841.1374688,0.3381619335493465,,1700457529.7644067,0.0,0.6789260072243141
0.0,121712066.66666667,shutdown,0.0,0.0,0.0,0.0,0.0,0.0,0.0,21,245,0.0,14.98,0.0,1.0,567.279923475184,1445.0192143073832,11210.616829316163,2545018854.4521637,2259509895.592434,362.89907080586624,1179588764.8835373,25103923.74416116,1154484841.1393762,0.33816193354990515,,1706679327.9307642,0.0,0.6764509432121104
0.0,121712066.66666667,shutdown,0.0,0.0,0.0,0.0,0.0,0.0,0.0,22,245,0.0,14.42,0.0,1.0,567.279923475184,1445.0192142042297,11210.61682973014,2545018854.546144,2259509895.6758714,362.89907080586624,1179588764.8828611,25103923.826921593,1154484841.0559394,0.3381619335254656,,1709997620.2861552,0.0,0.6751382735039977
0.0,121712066.66666667,shutdown,0.0,0.0,0.0,0.0,0.0,0.0,0.0,23,245,0.0,14.12,0.0,1.0,567.279923475184,1445.0192142993058,11210.616829210236,2545018854.4281163,2259509895.5710845,362.89907080586624,1179588764.9055314,25103923.74480418,1154484841.1607273,0.33816193355615914,,1711775276.9051147,0.0,0.6744371511475694
0.0,121712066.66666667,shutdown,0.0,0.0,0.0,0.0,0.0,0.0,0.0,0,246,0.0,13.96,0.0,1.0,567.279923475184,1445.0192143513204,11210.616829606575,2545018854.5180926,2259509895.650967,362.89907080586624,1179588764.9081888,25103923.827343512,1154484841.0808454,0.3381619335327608,,1712723360.4352264,0.0,0.6740638142446279
0.0,121712066.66666667,shutdown,0.0,0.0,0.0,0.0,0.0,0.0,0.0,1,246,0.0,13.74,0.0,1.0,567.279923475184,1445.0192141689283,11210.616829346593,2545018854.4590716,2259509895.598567,362.89907080586624,1179588764.8769794,25103923.743736997,1154484841.1332424,0.3381619335481085,,1714026975.2891297,0.0,0.6735511504645362
0.0,121712066.66666667,shutdown,0.0,0.0,0.0,0.0,0.0,0.0,0.0,2,246,0.0,13.68,0.0,1.0,567.279923475184,1445.0192141584014,11210.616829414741,2545018854.4745426,2259509895.612303,362.89907080586624,1179588764.8640013,25103923.74449093,1154484841.1195104,0.33816193354408625,,1714382506.6129217,0.0,0.6734114683661862
0.0,121712066.66666667,shutdown,0.0,0.0,0.0,0.0,0.0,0.0,0.0,3,246,0.0,13.57,0.0,1.0,567.279923475184,1445.0192143024508,11210.616829320286,2545018854.4530997,2259509895.593265,362.89907080586624,1179588764.8826869,25103923.744141873,1154484841.138545,0.3381619335496617,,1715034314.0398734,0.0,0.6731555349578294
0.0,121712066.66666667,shutdown,0.0,0.0,0.0,0.0,0.0,0.0,0.0,4,246,0.0,13.46,0.0,1.0,567.279923475184,1445.0192143024658,11210.616829234345,2545018854.4335895,2259509895.5759435,362.89907080586624,1179588764.8999689,25103923.744101185,1154484841.1558676,0.33816193355473567,,1715686121.4668255,0.0,0.672899796012129
0.0,121712066.66666667,shutdown,0.0,0.0,0.0,0.0,0.0,0.0,0.0,5,246,0.0,13.09,0.0,1.0,567.279923475184,1445.0192143444676,11210.61682958552,2545018854.513313,2259509895.6467233,362.89907080586624,1179588764.9131105,25103923.828024477,1154484841.085086,0.338161933534003,,1717878564.6302087,0.0,0.6720410073535092
0.0,121712066.66666667,shutdown,0.0,0.0,0.0,0.0,0.0,0.0,0.0,6,246,0.0,12.77,0.0,1.0,567.279923475184,1445.0192142054775,11210.616829643057,2545018854.526375,2259509895.65832,362.89907080586624,1179588764.9003491,25103923.82685938,1154484841.0734897,0.33816193353060625,,1719774731.690432,0.0,0.6713000370337472
23119002.27526456,121712066.66666667,charging_only,0.0,23119002.27526456,0.0,163.8217026190365,0.0,0.0,0.020693267699246714,7,246,132.2236013593005,13.15,0.0,96.60634892168326,619.3213104244816,1445.019214302453,11210.616829320292,2545018854.453101,2259509895.5932665,362.89907080586624,1179588764.8826876,25355524.671641726,1154233240.2110457,0.33808823673434263,,1717523033.3064167,0.0,0.6720336308905404
0.0,121712066.66666667,shutdown,0.0,0.0,0.0,0.0,0.0,0.0,0.020693267699246714,8,246,8.503475011097073,14.47,0.0,1.0,567.279923475184,1445.0192143358504,11210.616829592786,2545018854.514962,2259509895.6481876,362.89907080586624,1179588764.9116268,25103923.82800568,1154484841.083621,0.3381619335335738,,1709701344.182995,0.0,0.6752552690044868
0.0,121712066.66666667,shutdown,0.0,0.0,0.0,0.0,0.0,0.0,0.020693267699246714,9,246,0.0,15.75,0.0,1.0,567.279923475184,1445.0192142054782,11210.616829643108,2545018854.5263863,2259509895.65833,362.89907080586624,1179588764.9003515,25103923.826871533,1154484841.07348,0.33816193353060336,,1702116675.942102,0.0,0.6782642208910185
0.0,121712066.66666667,shutdown,0.0,0.0,0.0,0.0,0.0,0.0,0.020693267699246714,10,246,0.0,15.87,0.0,1.0,567.279923475184,1445.0192143427091,11210.61682961389,2545018854.519753,2259509895.652441,362.89907080586624,1179588764.9067094,25103923.827340167,1154484841.0793693,0.33816193353232843,,1701405613.2945182,0.0,0.678547685547999
0.0,121712066.66666667,shutdown,0.0,0.0,0.0,0.0,0.0,0.0,0.020693267699246714,11,246,0.0,15.98,0.0,1.0,567.279923475184,1445.0192141986463,11210.616829622155,2545018854.5216293,2259509895.654107,362.89907080586624,1179588764.9052856,25103923.827580754,1154484841.077705,0.33816193353184093,,1700753805.8675663,0.0,0.678807736366519
0.0,121712066.66666667,shutdown,0.0,0.0,0.0,0.0,0.0,0.0,0.020693267699246714,12,246,3.453364712291276,16.25,0.0,1.0,567.279923475184,1445.0192143426948,11210.616829613775,2545018854.519727,2259509895.652418,362.89907080586624,1179588764.9067006,25103923.82730837,1154484841.0793922,0.33816193353233515,,1699153914.910503,0.0,0.6794468888006538
0.0,121712066.66666667,shutdown,0.0,0.0,0.0,0.0,0.0,0.0,0.020693267699246714,13,246,18.977357622194443,17.5,0.0,1.0,567.279923475184,1445.0192143476313,11210.616829609626,2545018854.5187855,2259509895.651582,362.89907080586624,1179588764.9075518,25103923.827322144,1154484841.0802295,0.3381619335325804,,1691747012.3315053,0.0,0.6824216816491727
0.0,121712066.66666667,shutdown,0.0,0.0,0.0,0.0,0.0,0.0,0.020693267699246714,14,246,22.20493702648952,18.15,0.0,1.0,567.279923475184,1445.019214158395,11210.61682932866,2545018854.455001,2259509895.5949526,362.89907080586624,1179588764.8812704,25103923.744412925,1154484841.1368575,0.3381619335491674,,1687895422.9904265,0.0,0.6839788919454909
0.0,121712066.66666667,shutdown,0.0,0.0,0.0,0.0,0.0,0.0,0.020693267699246714,15,246,0.0,18.51,0.0,1.0,567.279923475184,1445.0192141602922,11210.616829439714,2545018854.4802117,2259509895.617336,362.89907080586624,1179588764.85821,25103923.74373416,1154484841.114476,0.3381619335426116,,1685762235.0476756,0.0,0.6848444087263739
0.0,121712066.66666667,shutdown,0.0,0.0,0.0,0.0,0.0,0.0,0.020693267699246714,16,246,0.0,19.53,0.0,1.0,567.279923475184,1445.0192143061383,11210.616829231176,2545018854.4328704,2259509895.575305,362.89907080586624,1179588764.9005964,25103923.74409231,1154484841.1565042,0.33816193355492213,,1679718202.5432136,0.0,0.687308644633684
0.0,121712066.66666667,shutdown,0.0,0.0,0.0,0.0,0.0,0.0,0.020693267699246714,17,246,0.0,19.92,0.0,1.0,567.279923475184,1445.0192142993076,11210.616829296301,2545018854.4476547,2259509895.588431,362.89907080586624,1179588764.888259,25103923.74487931,1154484841.1433797,0.3381619335510778,,1677407248.9385662,0.0,0.6882555454997094
38309965.35875819,121712066.66666667,direct_plus_discharge,61428967.63402275,0.0,23119002.27526456,0.0,163.8217026190365,0.0,0.0,18,246,175.60922881613288,19.69,62141599.96866404,160.08415227267588,661.2450982343385,1445.0192143476208,11210.61682960956,2545018854.51877,2325299447.488238,366.29220824767043,1175940813.0395927,25811292.893753927,1150129520.1458387,0.3308638290673218,23.185780862164222,1678770119.0131018,34621477.42497366,0.6712589944626859
0.0,121712066.66666667,shutdown,0.0,0.0,0.0,0.0,0.0,0.0,0.0,19,246,0.0,16.74,0.0,1.0,567.279923475184,1445.0192141689445,11210.616829346678,2545018854.459091,2259509895.598582,362.89907080586624,1179588764.8769853,25103923.74376062,1154484841.1332247,0.3381619335481033,,1696250409.0995357,0.0,0.6806099116852031
0.0,121712066.66666667,shutdown,0.0,0.0,0.0,0.0,0.0,0.0,0.0,20,246,0.0,16.15,0.0,1.0,567.279923475184,1445.0192143358597,11210.61682959283,2545018854.514972,2259509895.648196,362.89907080586624,1179588764.9116328,25103923.828019142,1154484841.0836136,0.33816193353357166,,1699746467.1168227,0.0,0.6792100253880196
0.0,121712066.66666667,shutdown,0.0,0.0,0.0,0.0,0.0,0.0,0.0,21,246,0.0,15.96,0.0,1.0,567.279923475184,1445.0192143513043,11210.616829520452,2545018854.4985414,2259509895.633609,362.89907080586624,1179588764.925454,25103923.82725271,1154484841.0982013,0.3381619335378445,,1700872316.3088305,0.0,0.6787604395864477
0.0,121712066.66666667,shutdown,0.0,0.0,0.0,0.0,0.0,0.0,0.0,22,246,0.0,16.1,0.0,1.0,567.279923475184,1445.0192142005494,11210.61682973331,2545018854.5468636,2259509895.6765103,362.89907080586624,1179588764.8822296,25103923.82693003,1154484841.0552995,0.3381619335252781,,1700042743.2199826,0.0,0.6790916555831039
0.0,121712066.66666667,shutdown,0.0,0.0,0.0,0.0,0.0,0.0,0.0,23,246,0.0,15.99,0.0,1.0,567.279923475184,1445.0192143444644,11210.616829585544,2545018854.5133185,2259509895.646728,362.89907080586624,1179588764.9131098,25103923.828029558,1154484841.0850801,0.3381619335340012,,1700694550.646934,0.0,0.6788313872387731
0.0,121712066.66666667,shutdown,0.0,0.0,0.0,0.0,0.0,0.0,0.0,0,247,0.0,16.22,0.0,1.0,567.279923475184,1445.0192142005565,11210.616829647279,2545018854.5273333,2259509895.6591706,362.89907080586624,1179588764.8995056,25103923.826865714,1154484841.07264,0.33816193353035734,,1699331680.5723984,0.0,0.679375812427487
0.0,121712066.66666667,shutdown,0.0,0.0,0.0,0.0,0.0,0.0,0.0,1,247,0.0,16.37,0.0,1.0,567.279923475184,1445.0192143513095,11210.616829606526,2545018854.5180817,2259509895.650957,362.89907080586624,1179588764.9081833,25103923.82732917,1154484841.0808542,0.33816193353276336,,1698442852.2629192,0.0,0.6797313430608967
0.0,121712066.66666667,shutdown,0.0,0.0,0.0,0.0,0.0,0.0,0.0,2,247,0.0,16.58,0.0,1.0,567.279923475184,1445.0192142993062,11210.616829210232,2545018854.4281154,2259509895.5710835,362.89907080586624,1179588764.9055316,25103923.7448044,1154484841.1607273,0.33816193355615914,,1697198492.6296475,0.0,0.6802297115948783
0.0,121712066.66666667,shutdown,0.0,0.0,0.0,0.0,0.0,0.0,0.0,3,247,0.0,16.69,0.0,1.0,567.279923475184,1445.0192141639964,11210.616829436776,2545018854.479545,2259509895.616744,362.89907080586624,1179588764.8588562,25103923.743789528,1154484841.1150668,0.3381619335427846,,1696546685.2026958,0.0,0.6804910534938413
0.0,121712066.66666667,shutdown,0.0,0.0,0.0,0.0,0.0,0.0,0.0,4,247,0.0,16.45,0.0,1.0,567.279923475184,1445.0192142005435,11210.616829733259,2545018854.546852,2259509895.6765003,362.89907080586624,1179588764.882226,25103923.826915238,1154484841.0553107,0.3381619335252814,,1697968810.4978633,0.0,0.6799211115761326
0.0,121712066.66666667,shutdown,0.0,0.0,0.0,0.0,0.0,0.0,0.0,5,247,0.0,16.25,0.0,1.0,567.279923475184,1445.0192142956123,11210.616829213302,2545018854.4288125,2259509895.5717025,362.89907080586624,1179588764.904893,25103923.74478458,1154484841.1601083,0.33816193355597784,,1699153914.910503,0.0,0.6794468888481576
0.0,121712066.66666667,shutdown,0.0,0.0,0.0,0.0,0.0,0.0,0.0,6,247,0.0,16.05,0.0,1.0,567.279923475184,1445.019214351311,11210.616829606515,2545018854.5180793,2259509895.6509547,362.89907080586624,1179588764.9081829,25103923.827327393,1154484841.0808554,0.33816193353276375,,1700339019.3231425,0.0,0.6789733270606373
4177517.7178240307,121712066.66666667,charging_only,0.0,4177517.7178240307,0.0,29.601972312937665,0.0,0.0,0.0037391965026868632,7,247,75.72625445472606,16.48,0.0,17.456407913693322,583.8231531377685,1445.01921434639,11210.616829524688,2545018854.499503,2259509895.6344624,362.89907080586624,1179588764.924614,25147231.07140828,1154441533.8532057,0.33814924834598875,,1697791044.8359673,0.0,0.6799667941261538
27479933.325170096,121712066.66666667,direct_plus_discharge,31657451.042994127,0.0,4177517.717824031,0.0,29.60197231293767,0.0,0.0,8,247,149.59508427693285,17.12,32012285.179596283,114.82917798733573,664.3664049880291,1445.0192141973912,11210.616829709192,2545018854.5413885,2298095950.6364822,364.34824176651273,1173014995.1025841,25453494.69606697,1147561500.4065173,0.33301143624527435,44.83615192078128,1693998710.7155206,18025717.000778086,0.6702950506011592
210067935.02315915,121712066.66666667,charging,121712066.66666667,88355868.35649247,0.0,626.0914125187268,0.0,0.0,0.07908523105499707,9,247,770.6988346067691,18.97,124024750.81052756,877.8015584962161,665.9677986758971,1445.019214306146,11210.616829317258,2545018854.452412,2381259159.1803455,370.3084978262243,1181864252.1061778,27411344.619843528,1154452907.4863343,0.32629870868536465,11.699667495709017,1683036494.8986044,69622555.5710499,0.6586865295774322
228933538.1076306,121712066.66666667,charging,121712066.66666667,107221471.44096394,0.0,759.7734452221772,0.0,0.0,0.17505661360937735,10,247,912.9172483284459,20.68,124232210.04864869,956.6344169602859,665.9681023851018,1445.0192143073912,11210.616829230177,2545018854.4326434,2381446947.881,370.32200969969267,1181883922.643567,27618803.85790159,1154265118.7856655,0.32622650246287677,11.678776598839613,1672903852.1705356,69420049.90484922,0.6624859576401105
205523720.23751172,121712066.66666667,charging,121712066.66666667,83811653.57084507,0.0,593.8910176060168,0.0,-1.4901161193847656e-08,0.2500744263596111,11,247,889.3319263601412,22.4,123974779.47735626,858.8128498170784,665.9677253689156,1445.0192141986404,11210.616829708199,2545018854.541163,2381213926.206475,370.30524322404483,1181859513.8303423,27361373.370145336,1154498140.460197,0.3263161024089448,11.704709994583892,1662711954.2218354,68955977.99679601,0.6666971877114117
196262306.11762834,121712066.66666667,charging,121712066.66666667,74550239.45096166,0.0,528.2644558835594,0.0,0.0,0.31680256815542907,12,247,875.8045464567972,23.67,123872934.55309564,820.1125896016567,665.9675757816048,1445.019214347624,11210.61682952359,2545018854.4992533,2381121738.3968596,370.2986101802368,1181849856.7152994,27259528.445490103,1154590328.2698092,0.32635155349796563,11.714999538142388,1655186541.2015736,68663092.85637705,0.669774384875958
11349271.940952934,121712066.66666667,direct_plus_discharge,121712066.66666666,0.0,110362794.72571373,0.0,782.0329235014425,0.0,0.21801946202893108,13,247,125.05659338851481,24.28,123227680.98505346,47.42469904541855,655.1249542025492,1445.019214204233,11210.616829730168,2545018854.5461507,2380537676.0329156,370.25658719572743,1181788665.510877,26614274.877126344,1155174390.6337504,0.3265762045354274,11.780585584994004,1651571972.7430232,67281698.58846073,0.6720609263608299
0.0,121712066.66666667,discharging,121712066.66666667,0.0,121712066.66666667,0.0,862.4540866085814,0.0,0.10907789319416289,14,247,68.27270196124226,24.85,123248533.53247042,1.0,654.1499999999991,1445.01921434447,11210.61682958557,2545018854.5133243,2380556550.861879,370.2579452008215,1181790643.2304382,26635127.42565383,1155155515.8047843,0.3265689433055441,11.778455317351556,1648194425.167,67102293.38468132,0.673443552541828
15204004.977171876,121712066.66666667,direct_plus_discharge,121712066.66666666,0.0,106508061.68949479,0.0,754.7182097600594,0.0,0.013745066698155398,15,247,117.73562138631532,24.76,123221492.32758668,63.532300933383034,655.4683677222632,1445.0192143476281,11210.61682952357,2545018854.499249,2380532074.278254,370.2561841652229,1181788078.608391,26608086.2199789,1155179992.3884122,0.32657835956669845,11.781217948815152,1648727722.152688,67217394.20936026,0.6732033451264999
0.0,121712066.66666667,shutdown,0.0,0.0,0.0,0.0,0.0,0.0,0.013745066698155398,16,247,48.498458814897184,24.33,0.0,1.0,567.2799234752409,1445.0192142054818,11210.616829729175,2545018854.545925,2259509895.6756773,362.89907080586624,1179588764.8830798,25103923.826946225,1154484841.0561335,0.33816193352552243,,1651275696.6398633,0.0,0.6991472371363328
121352152.41391939,121712066.66666667,direct_plus_discharge,121712066.66666667,0.0,359914.2527472824,0.0,2.550359439386461,0.0,0.013422916032127636,17,247,418.49830211900684,23.63,123051074.6828272,507.08885439400854,666.1095403326888,1445.0192141583996,11210.616829328686,2545018854.4550066,2380377819.7713675,370.24508597520486,1181771915.387726,26437668.49239079,1155334246.8953352,0.32663770539387416,11.798656388466794,1655423562.084102,68226611.53802676,0.6702834859277055
38164075.424466066,121712066.66666667,direct_plus_discharge,53160470.90910673,0.0,14996395.484640663,0.0,106.26475192101044,0.0,0.0,18,247,174.18807922837436,22.51,53769136.526980326,159.47452847799053,662.4249983907138,1445.019214306155,11210.616829317338,2545018854.4524302,2317737194.9370174,365.75119265104695,1175130602.0659633,25707326.093893785,1149423275.9720695,0.33145899589014544,26.767866421746444,1662060146.7948835,29770369.95840594,0.6793962306448239
0.0,121712066.66666667,shutdown,0.0,0.0,0.0,0.0,0.0,0.0,0.0,19,247,0.0,21.1,0.0,1.0,567.279923475184,1445.0192143476324,11210.616829609658,2545018854.5187926,2259509895.6515884,362.89907080586624,1179588764.9075537,25103923.827329654,1154484841.080224,0.3381619335325788,,1670415132.9039924,0.0,0.691136483583676
0.0,121712066.66666667,shutdown,0.0,0.0,0.0,0.0,0.0,0.0,0.0,20,247,0.0,19.27,0.0,1.0,567.279923475184,1445.0192143395416,11210.616829503666,2545018854.4947305,2259509895.6302257,362.89907080586624,1179588764.9295387,25103923.82795369,1154484841.1015851,0.3381619335388357,,1681258838.279645,0.0,0.6866788235194745
0.0,121712066.66666667,shutdown,0.0,0.0,0.0,0.0,0.0,0.0,0.0,21,247,0.0,17.98,0.0,1.0,567.279923475184,1445.0192142054866,11210.616829729162,2545018854.5459223,2259509895.6756744,362.89907080586624,1179588764.8830812,25103923.82694467,1154484841.0561366,0.3381619335255233,,1688902761.7411702,0.0,0.6835709356445858
0.0,121712066.66666667,shutdown,0.0,0.0,0.0,0.0,0.0,0.0,0.0,22,247,0.0,17.91,0.0,1.0,567.279923475184,1445.019214346378,11210.616829524615,2545018854.4994864,2259509895.634448,362.89907080586624,1179588764.9246056,25103923.827244908,1154484841.0973606,0.3381619335375983,,1689317548.285594,0.0,0.6834030950954076
0.0,121712066.66666667,shutdown,0.0,0.0,0.0,0.0,0.0,0.0,0.0,23,247,0.0,17.27,0.0,1.0,567.279923475184,1445.0192142956216,11210.616829299415,2545018854.448362,2259509895.5890584,362.89907080586624,1179588764.8876255,25103923.74487229,1154484841.1427531,0.3381619335508943,,1693109882.406041,0.0,0.6818723658396821
0.0,121712066.66666667,shutdown,0.0,0.0,0.0,0.0,0.0,0.0,0.0,0,248,0.0,16.77,0.0,1.0,567.279923475184,1445.019214200543,11210.616829733262,2545018854.546853,2259509895.676501,362.89907080586624,1179588764.8822272,25103923.82691766,1154484841.0553095,0.33816193352528107,,1696072643.43764,0.0,0.6806812464797336
0.0,121712066.66666667,shutdown,0.0,0.0,0.0,0.0,0.0,0.0,0.0,1,248,0.0,16.18,0.0,1.0,567.279923475184,1445.0192143426987,11210.616829527773,2545018854.500203,2259509895.635084,362.89907080586624,1179588764.9239762,25103923.82725091,1154484841.0967252,0.3381619335374122,,1699568701.4549267,0.0,0.6792810670780305
0.0,121712066.66666667,shutdown,0.0,0.0,0.0,0.0,0.0,0.0,0.0,2,248,0.0,15.58,0.0,1.0,567.279923475184,1445.0192141973894,11210.616829709172,2545018854.541384,2259509895.671645,362.89907080586624,1179588764.887791,25103923.827626396,1154484841.0601645,0.3381619335267031,,1703124014.6928456,0.0,0.6778630511345195
0.0,121712066.66666667,shutdown,0.0,0.0,0.0,0.0,0.0,0.0,0.0,3,248,0.0,15.44,0.0,1.0,567.279923475184,1445.0192143476315,11210.616829523626,2545018854.499262,2259509895.6342483,362.89907080586624,1179588764.9248266,25103923.82726423,1154484841.0975623,0.3381619335376574,,1703953587.7816935,0.0,0.6775330322233355
0.0,121712066.66666667,shutdown,0.0,0.0,0.0,0.0,0.0,0.0,0.0,4,248,0.0,15.67,0.0,1.0,567.279923475184,1445.019214351341,11210.616829606724,2545018854.5181265,2259509895.650997,362.89907080586624,1179588764.9081998,25103923.827385902,1154484841.080814,0.3381619335327516,,1702590717.7071574,0.0,0.6780753759984866
0.0,121712066.66666667,shutdown,0.0,0.0,0.0,0.0,0.0,0.0,0.0,5,248,0.0,15.71,0.0,1.0,567.279923475184,1445.0192141973878,11210.6168297092,2545018854.5413904,2259509895.6716514,362.89907080586624,1179588764.8877923,25103923.827632803,1154484841.0601594,0.33816193352670165,,1702353696.82463,0.0,0.6781697852882156
0.0,121712066.66666667,shutdown,0.0,0.0,0.0,0.0,0.0,0.0,0.0,6,248,0.0,15.54,0.0,1.0,567.279923475184,1445.019214204231,11210.616829644145,2545018854.526622,2259509895.6585393,362.89907080586624,1179588764.9001365,25103923.826864786,1154484841.0732718,0.3381619335305424,,1703361035.5753732,0.0,0.6777687272171878
176186996.12270635,121712066.66666667,charging,121712066.66666667,54474929.456039675,0.0,386.01041633567644,0.0,7.450580596923828e-09,0.048759210484506495,7,248,585.8840690171922,15.89,123652172.53992411,736.2247825505978,665.9672506873944,1445.019214302456,11210.61682932032,2545018854.453108,2380921910.477129,370.2842324448661,1181828922.538796,27038766.349219494,1154790156.1895764,0.3264284050176909,11.737361625322942,1701287102.8532543,69985233.34126337,0.6519551695085919
209600096.2508242,121712066.66666667,charging,121712066.66666667,87888029.58415756,0.0,622.7762978211904,0.0,-1.4901161193847656e-08,0.12742569020928846,8,248,713.2728089619122,19.29,124019606.1313765,875.8466213782058,665.9677911314748,1445.0192143444642,11210.616829499468,2545018854.4937773,2381254502.3530946,370.30816275554827,1181863764.338045,27406200.024451703,1154457564.3135931,0.3263004993847185,11.700186446335454,1681140327.8383806,69560075.05489583,0.6594261144886304
210138682.42556697,121712066.66666667,charging,121712066.66666667,88426615.7589003,0.0,626.5927299968916,0.0,0.0,0.20657424557731685,9,248,772.2616443259543,21.38,124025528.79796538,878.0971875273027,665.9677998167233,1445.0192143476359,11210.616829609675,2545018854.5187964,2381259863.458773,370.30854849598705,1181864325.8983374,27412122.69044313,1154452203.2078943,0.3262984378747873,11.699589022371617,1668755986.7262974,69174169.6077497,0.6642684684424093
200672643.2819959,121712066.66666667,charging,121712066.66666667,78960576.61532922,0.0,559.5161913515615,0.0,0.0,0.2772499750111983,10,248,811.6308244538216,23.08,123921433.67522416,838.5418698054576,665.9676470465272,1445.0192142005667,11210.616829733392,2545018854.5468826,2381165638.734948,370.30176886385675,1181854455.4990404,27308027.567319494,1154546427.931721,0.3263346712401038,11.710097491082617,1658682599.2188609,68799767.53962134,0.6683404995317889
183656346.00356305,121712066.66666667,charging,121712066.66666667,61944279.336896375,0.0,438.9383757852258,0.0,0.0,0.3326948224788058,11,248,807.4376375937842,24.51,123734310.68459962,767.4366234517171,665.9673717793164,1445.0192143407846,11210.616829502598,2545018854.4944882,2380996259.607206,370.2895818792831,1181836711.6371567,27120904.577696018,1154715807.0594606,0.32639981006261815,11.729032123379474,1650209102.6684875,68430167.450113,0.6718779368865321
176553150.74143732,121712066.66666667,charging,121712066.66666667,54841084.074770644,0.0,388.6049951305628,0.0,0.0,0.38178176923214,12,248,801.3224736777348,25.57,123656199.02971588,737.7548166080904,665.9672566271781,1445.019214311072,11210.616829313092,2545018854.451467,2380925555.134264,370.28449467815227,1181829304.3714414,27042792.839039177,1154786511.5324023,0.326427003237095,11.736953047399917,1643928049.281498,68190139.08972144,0.6744782687175231
131958154.79190783,121712066.66666667,charging,121712066.66666667,10246088.125241162,0.0,72.6039809969477,0.0,-1.862645149230957e-09,0.39095279841070185,13,248,599.2950070898524,26.38,123165801.56708112,551.4076858986189,665.9665303528059,1445.0192142042254,11210.61682964411,2545018854.5266137,2380481665.413974,370.2525573671247,1181782796.7117727,26552395.459080055,1155230401.2526927,0.32659775256814016,11.786911347257286,1639128376.4103074,67769845.67145409,0.6768009869058006
206850474.17963523,121712066.66666667,charging,121712066.66666667,85138407.51296856,0.0,603.2924220077863,0.0,0.0,0.46715815698010643,14,248,828.7357766802942,26.51,123989369.38262062,864.3568976414168,665.9677467781214,1445.019214295616,11210.616829299377,2545018854.448353,2381227132.6073227,370.30619345404875,1181860897.2519698,27375963.1926357,1154484934.059334,0.32631102400988604,11.703237339303406,1638358058.5420916,68198898.13390592,0.6764995036016964
26922229.100907728,121712066.66666667,direct_plus_discharge,121712066.66666667,0.0,94789837.56575894,0.0,671.6826442644068,0.0,0.3823140334940761,15,248,156.43752851485604,26.08,123202679.07267696,112.49872409305881,656.5290424980204,1445.0192141652544,11210.616829435758,2545018854.479314,2380515045.29889,370.25495897089013,1181786294.2493994,26589272.88162474,1155197021.3677747,0.32658491078340596,11.783140697102885,1640906033.0292668,67049888.75795408,0.6763623151111334
57683297.09897459,121712066.66666667,direct_plus_discharge,121712066.66666667,0.0,64028769.56769208,0.0,453.70911435931475,0.0,0.32500340852237325,16,248,238.48782075489933,25.73,123153293.10707168,241.03863394048173,659.4389459034687,1445.0192143061358,11210.616829231161,2545018854.4328666,2380470343.220816,370.25174277097756,1181781610.3621533,26539886.916300915,1155241723.4458523,0.32660210845175897,11.788190825357164,1642979965.751386,67336061.69770677,0.6754551234422306
112982810.34647861,121712066.66666667,direct_plus_discharge,121712066.66666667,0.0,8729256.32018806,0.0,61.85568113816143,0.0,0.31719005932597394,17,248,393.5685512267453,24.62,123064511.40874054,472.1162560791943,665.1779710568403,1445.019214339542,11210.616829589704,2545018854.5142627,2380389982.120464,370.2459610141563,1181773189.8481078,26451105.30190548,1155322084.5462024,0.3266330260077901,11.797279685930954,1649557295.2415357,67974112.81367142,0.6726643129364344
0.0,121712066.66666667,discharging,121712066.66666667,0.0,121712066.66666667,0.0,862.4540866085814,0.0,0.20824849049120572,18,248,0.0,23.37,123248533.53246473,1.0,654.1499999999952,1445.0192142091587,11210.61682963998,2545018854.5256763,2380556550.872888,370.2579452007823,1181790643.2182605,26635127.424489796,1155155515.7937708,0.3265689433024311,11.77845531727394,1656964197.820533,67381140.48339845,0.6699096115688655
0.0,121712066.66666667,discharging,121712066.66666667,0.0,121712066.66666667,0.0,862.4540866085814,0.0,0.09930692165643755,19,248,0.0,22.6,123248533.53247185,1.0,654.15,1445.0192142091805,11210.61682972618,2545018854.545245,2380556550.8903375,370.2579452007209,1181790643.2009296,26635127.42460048,1155155515.7763293,0.3265689432974996,11.778455317149543,1661526849.8091955,67526216.33881818,0.6680856350752646
0.0,121712066.66666667,discharging,110948013.67733113,0.0,110948013.67733113,0.0,786.1797964467972,0.0,0.0,20,248,0.0,21.32,112348830.19914657,1.0,654.15,1445.0192143395384,11210.616829589706,2545018854.514263,2370692285.566507,369.54852217766086,1180755205.192465,26499477.08164763,1154255728.1108174,0.3273231843162924,12.903936043130587,1669111518.0500891,61774252.45896054,0.6668584072831989
0.0,121712066.66666667,shutdown,0.0,0.0,0.0,0.0,0.0,0.0,0.0,21,248,0.0,20.15,0.0,1.0,567.279923475184,1445.0192143426887,11210.61682952768,2545018854.500182,2259509895.6350656,362.89907080586624,1179588764.9239686,25103923.827224635,1154484841.0967438,0.33816193353741764,,1676044378.864031,0.0,0.6888151982462519
0.0,121712066.66666667,shutdown,0.0,0.0,0.0,0.0,0.0,0.0,0.0,22,248,0.0,19.3,0.0,1.0,567.279923475184,1445.0192143513134,11210.616829606524,2545018854.518081,2259509895.6509566,362.89907080586624,1179588764.908184,25103923.827329606,1154484841.0808544,0.33816193353276347,,1681081072.617749,0.0,0.6867514362547141
0.0,121712066.66666667,shutdown,0.0,0.0,0.0,0.0,0.0,0.0,0.0,23,248,0.0,18.83,0.0,1.0,567.279923475184,1445.0192142023377,11210.616829619117,2545018854.52094,2259509895.653495,362.89907080586624,1179588764.9059248,25103923.827607863,1154484841.078317,0.3381619335320202,,1683866067.9874523,0.0,0.6856155979543854
0.0,121712066.66666667,shutdown,0.0,0.0,0.0,0.0,0.0,0.0,0.0,0,249,0.0,18.44,0.0,1.0,567.279923475184,1445.0192143024622,11210.61682932036,2545018854.4531164,2259509895.59328,362.89907080586624,1179588764.882693,25103923.7441624,1154484841.1385307,0.3381619335496575,,1686177021.5920994,0.0,0.6846759422972438
0.0,121712066.66666667,shutdown,0.0,0.0,0.0,0.0,0.0,0.0,0.0,1,249,0.0,17.78,0.0,1.0,567.279923475184,1445.0192143110808,11210.61682931316,2545018854.451482,2259509895.591829,362.89907080586624,1179588764.8841808,25103923.744197547,1154484841.1399832,0.33816193355008295,,1690087866.1538103,0.0,0.683091609767771
0.0,121712066.66666667,shutdown,0.0,0.0,0.0,0.0,0.0,0.0,0.0,2,249,0.0,17.3,0.0,1.0,567.279923475184,1445.0192141936986,11210.616829626231,2545018854.522555,2259509895.6549287,362.89907080586624,1179588764.9044287,25103923.82754602,1154484841.0768826,0.33816193353160007,,1692932116.744145,0.0,0.681943965536665
0.0,121712066.66666667,shutdown,0.0,0.0,0.0,0.0,0.0,0.0,0.0,3,249,0.0,16.96,0.0,1.0,567.279923475184,1445.0192143073805,11210.616829316146,2545018854.45216,2259509895.5924306,362.89907080586624,1179588764.8835368,25103923.744156744,1154484841.13938,0.33816193354990626,,1694946794.2456324,0.0,0.681133381330241
0.0,121712066.66666667,shutdown,0.0,0.0,0.0,0.0,0.0,0.0,0.0,4,249,0.0,16.54,0.0,1.0,567.279923475184,1445.0192141603218,11210.61682935386,2545018854.4607215,2259509895.600032,362.89907080586624,1179588764.8754992,25103923.74371996,1154484841.1317792,0.3381619335476799,,1697435513.5121753,0.0,0.6801347279125949
0.0,121712066.66666667,shutdown,0.0,0.0,0.0,0.0,0.0,0.0,0.0,5,249,0.0,16.4,0.0,1.0,567.279923475184,1445.0192143395536,11210.616829589817,2545018854.5142884,2259509895.647589,362.89907080586624,1179588764.912274,25103923.828053094,1154484841.084221,0.3381619335337495,,1698265086.6010232,0.0,0.6798024938467373
0.0,121712066.66666667,shutdown,0.0,0.0,0.0,0.0,0.0,0.0,0.0,6,249,0.0,16.34,0.0,1.0,567.279923475184,1445.0192143024635,11210.616829320345,2545018854.453113,2259509895.593277,362.89907080586624,1179588764.8826923,25103923.744159527,1154484841.1385329,0.3381619335496581,,1698620617.9248152,0.0,0.6796602072032738
176946402.035929,121712066.66666667,charging,121712066.66666667,55234335.36926232,0.0,391.39158150023906,0.0,0.0,0.04943893661055651,7,249,587.629847332103,17.41,123660523.49332207,739.3980783421929,665.9672630060959,1445.0192141652467,11210.61682934971,2545018854.4597797,2380929469.5178766,370.2847763176829,1181829714.4510238,27047117.30219733,1154782597.1488266,0.32642549772088286,11.736514262895604,1692280309.317193,69707718.75028959,0.6553861767241244
207104754.76383978,121712066.66666667,charging,121712066.66666667,85392688.09717311,0.0,605.0942592043647,0.0,0.0,0.12587189566794996,8,249,706.5199267041967,19.26,123992165.62805223,865.4194486351895,665.9677508807531,1445.0192141571567,11210.61682941581,2545018854.474786,2381229663.735705,370.306375571522,1181861162.3686535,27378759.437692072,1154482402.9309614,0.3263100506967973,11.702955135112788,1681318093.500277,69550266.44697495,0.6593770436092307
179256262.95090938,121712066.66666667,charging,121712066.66666667,57544196.284242705,0.0,407.7593011535268,0.0,0.0,0.17737833370839542,9,249,670.1345363535861,20.91,123685924.32378843,749.0501916495176,665.9673004652948,1445.019214342699,11210.616829527762,2545018854.5002007,2380952461.64279,370.2864306012653,1181832123.2400577,27072518.21617982,1154759605.0238779,0.326416654764118,11.733937570441132,1671540982.096,69072007.27224302,0.6634212269339659
145523107.69748932,121712066.66666667,charging,121712066.66666667,23811041.03082265,0.0,168.72550278584487,0.0,0.0,0.1986910287971337,10,249,611.2714248110058,22.64,123314971.18452139,608.0909526719819,665.9667518818983,1445.0192143061452,11210.616829317247,2545018854.4524097,2380616687.4881134,370.2622719182617,1181796944.172387,26701564.993836533,1155095379.1785502,0.3265458090636893,11.771672940730285,1661289828.9266677,68544466.1651686,0.6677491494162027
113156129.16169456,121712066.66666667,direct_plus_discharge,121712066.66666667,0.0,8555937.504972115,0.0,60.62754062125993,0.0,0.1910328131397114,11,249,531.4030375555697,24.23,123064233.15061696,472.84049572146284,665.1970842513689,1445.0192143395348,11210.61682958965,2545018854.5142503,2380389730.254152,370.24594289315564,1181773163.4562814,26450827.04376754,1155322336.412514,0.3266331229114881,11.797308192697761,1651868248.8461826,68047693.66064376,0.6717318607609386
49170230.5715466,121712066.66666667,direct_plus_discharge,121712066.66666667,0.0,72541836.09512007,0.0,514.0328703946051,0.0,0.12610234530039285,12,249,285.1990143480154,25.25,123166960.57826103,205.4654606023689,658.6147841542149,1445.01921420055,11210.616829647231,2545018854.5273223,2380482714.500935,370.25263284620314,1181782906.6359887,26553554.470260277,1155229352.1657283,0.3265973489633834,11.786792806343438,1645824216.341721,67363443.98433751,0.6743157092001596
85966681.88887283,121712066.66666667,direct_plus_discharge,121712066.66666667,0.0,35745384.77779384,0.0,253.292496161743,0.0,0.09410750367996217,13,249,421.6530248249281,26.01,123107884.9870219,359.225158911005,662.2873952525766,1445.0192143110805,11210.616829313143,2545018854.451478,2380429241.835412,370.2487856378676,1181777303.6276152,26494478.796358638,1155282824.8312566,0.3266179213064901,11.792837759659239,1641320819.5736904,67499164.15567948,0.6760705257612564
172314615.60490224,121712066.66666667,charging,121712066.66666667,50602548.938235566,0.0,358.57065219437567,0.0,0.0,0.13940063869398855,14,249,707.1041144961747,26.42,123609589.16168046,720.0434379144251,665.9671878457452,1445.0192142956075,11210.616829213275,2545018854.4288063,2380883365.277999,370.28145912316205,1181824884.3602686,26996182.971602347,1154828701.3886662,0.3264432301763208,11.741684295666323,1638891355.527779,68006662.61968748,0.6765657286555565
210508439.05748016,121712066.66666667,charging,121712066.66666667,88796372.39081348,0.0,629.2128327276877,0.0,0.0,0.21888015440695963,15,249,771.6709619714442,26.48,124029594.89798878,879.6422731574434,665.9678057789444,1445.019214209165,11210.616829726066,2545018854.5452194,2381263544.03809,370.3088133192433,1181864711.4186618,27416188.790085897,1154448522.628576,0.3262970225837984,11.699178904678838,1638535824.2039876,68226615.83983901,0.6763967237285418
221105441.3856211,121712066.66666667,charging,121712066.66666667,99393374.71895441,0.0,704.3033986346489,0.0,1.4901161193847656e-08,0.30784479423449423,16,249,746.2420653095854,25.94,124146126.87523006,923.9234965531276,665.9679764869343,1445.019214347623,11210.616829609617,2545018854.518783,2381369026.7250347,370.3164030446385,1181875760.7093234,27532720.76769545,1154343039.941628,0.32625646272023945,11.687436598174939,1641735606.1181142,68391396.32049291,0.6750042764634192
84595988.2910146,121712066.66666667,direct_plus_discharge,121712066.66666667,0.0,37116078.375652075,0.0,263.0052578240574,0.0,0.27462307745671855,17,249,309.50669028099657,24.64,123110085.59419495,353.4975023969916,662.1452900910803,1445.0192142023113,11210.61682961892,2545018854.5208955,2380431233.7872643,370.2489289484363,1181777512.3662941,26496679.486891255,1155280832.8794029,0.32661715494368865,11.792612476490062,1649438784.8002717,67743154.8952656,0.6727771857909468
27580968.218341168,121712066.66666667,direct_plus_discharge,121712066.66666667,0.0,94131098.4483255,0.0,667.0148059851066,0.0,0.19036857564807352,18,249,142.6438189631656,23.12,123201621.48691425,115.25136801209267,656.589427416618,1445.0192143476258,11210.616829609624,2545018854.518785,2380514088.0525365,370.2548900966233,1181786193.993508,26588215.37938394,1155197978.614124,0.3265852790513309,11.783248801429993,1658445578.3363326,67609888.09342547,0.6692704846870197
0.0,121712066.66666667,discharging,121712066.66666667,0.0,121712066.66666667,0.0,862.4540866085814,0.0,0.08142700681330535,19,249,0.0,21.73,123248533.53246826,1.0,654.1499999999978,1445.0192143513107,11210.61682952046,2545018854.4985433,2380556550.8486986,370.2579452008679,1181790643.2428358,26635127.424871687,1155155515.817964,0.3265689433092703,11.778455317445276,1666682054.0041778,67690133.21441528,0.6660366928914394
0.0,121712066.66666667,discharging,90972154.96097396,0.0,90972154.96097396,0.0,644.630470605334,0.0,0.0,20,249,0.0,20.61,92121232.46691403,1.0,654.15,1445.0192141986208,11210.616829708051,2545018854.5411296,2352395344.4944296,368.2342508063094,1178824548.5318873,26247738.0653581,1152576810.4665291,0.32873273171320827,15.698145871552708,1673318638.7149594,50752229.563175336,0.6685205531125478
0.0,121712066.66666667,shutdown,0.0,0.0,0.0,0.0,0.0,0.0,0.0,21,249,0.0,20.0,0.0,1.0,567.279923475184,1445.0192141652458,11210.616829435732,2545018854.479308,2259509895.616519,362.89907080586624,1179588764.8590713,25103923.743794724,1154484841.1152766,0.33816193354284607,,1676933207.1735103,0.0,0.6884501041405064
0.0,121712066.66666667,shutdown,0.0,0.0,0.0,0.0,0.0,0.0,0.0,22,249,0.0,19.19,0.0,1.0,567.279923475184,1445.0192143073903,11210.616829230159,2545018854.432639,2259509895.5751,362.89907080586624,1179588764.900815,25103923.744103473,1154484841.1567116,0.33816193355498286,,1681732880.0447009,0.0,0.6864852646075548
0.0,121712066.66666667,shutdown,0.0,0.0,0.0,0.0,0.0,0.0,0.0,23,249,0.0,18.42,0.0,1.0,567.279923475184,1445.0192143407785,11210.616829588591,2545018854.51401,2259509895.647342,362.89907080586624,1179588764.9124742,25103923.8280062,1154484841.084468,0.3381619335338219,,1686295532.0333633,0.0,0.6846278242179594
0.0,121712066.66666667,shutdown,0.0,0.0,0.0,0.0,0.0,0.0,0.0,0,250,0.0,17.93,0.0,1.0,567.279923475184,1445.0192143426991,11210.616829527731,2545018854.5001936,2259509895.635076,362.89907080586624,1179588764.9239755,25103923.827241186,1154484841.0967343,0.33816193353741486,,1689199037.84433,0.0,0.6834510411336897
0.0,121712066.66666667,shutdown,0.0,0.0,0.0,0.0,0.0,0.0,0.0,1,250,0.0,17.63,0.0,1.0,567.279923475184,1445.0192141603104,11210.616829439818,2545018854.4802356,2259509895.617357,362.89907080586624,1179588764.8582182,25103923.743765503,1154484841.1144526,0.33816193354260476,,1690976694.4632895,0.0,0.6827325562170934
0.0,121712066.66666667,shutdown,0.0,0.0,0.0,0.0,0.0,0.0,0.0,2,250,0.0,17.35,0.0,1.0,567.279923475184,1445.0192143395402,11210.616829589708,2545018854.5142636,2259509895.6475673,362.89907080586624,1179588764.912265,25103923.82802263,1154484841.0842423,0.3381619335337558,,1692635840.640985,0.0,0.6820633318546829
0.0,121712066.66666667,shutdown,0.0,0.0,0.0,0.0,0.0,0.0,0.0,3,250,0.0,16.95,0.0,1.0,567.279923475184,1445.0192143024522,11210.616829234266,2545018854.433572,2259509895.5759277,362.89907080586624,1179588764.899962,25103923.744078886,1154484841.155883,0.3381619335547402,,1695006049.4662642,0.0,0.6811095697973559
0.0,121712066.66666667,shutdown,0.0,0.0,0.0,0.0,0.0,0.0,0.0,4,250,0.0,16.5,0.0,1.0,567.279923475184,1445.0192142042242,11210.61682973015,2545018854.5461464,2259509895.6758738,362.89907080586624,1179588764.8828595,25103923.8269227,1154484841.0559368,0.3381619335254648,,1697672534.3947034,0.0,0.6800397707250194
0.0,121712066.66666667,shutdown,0.0,0.0,0.0,0.0,0.0,0.0,0.0,5,250,0.0,16.49,0.0,1.0,567.279923475184,1445.0192143358443,11210.616829506707,2545018854.495421,2259509895.6308384,362.89907080586624,1179588764.928898,25103923.827927236,1154484841.1009707,0.33816193353865576,,1697731789.6153352,0.0,0.6800160356086334
0.0,121712066.66666667,shutdown,0.0,0.0,0.0,0.0,0.0,0.0,0.0,6,250,0.0,16.41,0.0,1.0,567.279923475184,1445.0192142054807,11210.616829729115,2545018854.545912,2259509895.675665,362.89907080586624,1179588764.8830774,25103923.826931864,1154484841.0561454,0.3381619335255259,,1698205831.3803911,0.0,0.6798262140683614
0.0,121712066.66666667,shutdown,0.0,0.0,0.0,0.0,0.0,0.0,0.0,7,250,3.709306551524163,17.31,0.0,1.0,567.279923475184,1445.0192143110694,11210.61682931307,2545018854.451462,2259509895.5918107,362.89907080586624,1179588764.8841743,25103923.74417304,1154484841.1400013,0.3381619335500883,,1692872861.5235128,0.0,0.6819678354941637
44521262.671603106,121712066.66666667,direct_partial,44521262.671603106,0.0,0.0,0.0,0.0,0.0,0.0,8,250,202.0181259795036,18.77,45013480.946139514,186.03902473285186,665.6468970463878,1445.0192143444774,11210.61682949954,2545018854.493794,2309831147.9882054,365.1860786892396,1174280993.5177565,25590878.834319886,1148690114.6834366,0.3320860473689848,31.93937158532606,1684221599.311244,25272781.461016975,0.6719472889782288
168091225.48881412,121712066.66666667,charging,121712066.66666667,46379158.822147444,0.0,328.6436271695014,0.0,0.0,0.041512879221410705,9,250,634.460469700664,20.69,123563145.83880211,702.3953450456293,665.9671192585934,1445.0192142042256,11210.61682973015,2545018854.5461464,2380841326.359604,370.2784344290535,1181820480.0379689,26949739.730846856,1154870740.307122,0.32645939950657393,11.746402186771132,1672844596.949904,69044245.84612037,0.6629991030043917
185343516.3057671,121712066.66666667,charging,121712066.66666667,63631449.63910042,0.0,450.89369756877267,0.0,0.0,0.09846787259851883,10,250,762.9193484088886,22.67,123752863.97780225,774.4867271267971,665.9673991092405,1445.0192141640011,11210.616829350764,2545018854.4600186,2381013053.511999,370.2907902114273,1181838470.9413435,27139457.786675394,1154699013.154668,0.3263933512462315,11.72715219336847,1661112063.2647717,68782346.99622183,0.6674968173233509
184272827.8101555,121712066.66666667,charging,121712066.66666667,62560761.14348884,0.0,443.30677793282587,0.0,0.0,0.15446451823213891,11,250,821.7368120358894,24.29,123741089.94553073,770.0126886210697,665.9673817664535,1445.019214340781,11210.61682958863,2545018854.5140185,2381002396.025778,370.29002339615374,1181837354.4795802,27127683.838690516,1154709670.6408896,0.32639745003461185,11.728345142798617,1651512717.522391,68474794.92703699,0.6713477058891385
128815663.75312987,121712066.66666667,charging,121712066.66666667,7103597.086463198,0.0,50.33622798978297,0.0,0.0,0.1608227786097957,12,250,617.096968637187,25.36,123131244.55908218,538.2762980402312,665.9664789563859,1445.019214302452,11210.616829320275,2545018854.4530973,2380450385.8707466,370.25030689182586,1181779519.1642864,26517838.36836507,1155261680.7959213,0.3266097865531505,11.790446781305363,1645172408.9147692,67939415.87886004,0.6743644309005283
180882411.741987,121712066.66666667,charging,121712066.66666667,59170345.07532032,0.0,419.2822233148887,0.0,0.0,0.21378474366009745,13,250,807.2570808360089,25.95,123703806.58218972,755.8453074438311,665.9673268274677,1445.019214307391,11210.61682923014,2545018854.4326353,2380968648.090903,370.28759522465884,1181833818.9671972,27090400.391432516,1154743418.5757647,0.3264104293941368,11.732124206604388,1641676350.8974826,68145812.88151903,0.6753587846958204
194714637.29918444,121712066.66666667,charging,121712066.66666667,73002570.63251777,0.0,517.2976443443288,0.0,0.0,0.2791276039983284,14,250,796.2631425911969,26.4,123855915.31482723,813.6454145865061,665.9675507602216,1445.019214197387,11210.616829709155,2545018854.5413804,2381106333.0251923,370.29750174339614,1181848242.8490663,27242509.207592294,1154605733.641474,0.32635747788466046,11.716720666400562,1639009865.9690435,68145934.56545804,0.676332958760983
205122218.39443982,121712066.66666667,charging,121712066.66666667,83410151.72777316,0.0,591.0459676876172,0.0,-1.4901161193847656e-08,0.35378604202202746,15,250,757.9933990448541,26.54,123970364.28499965,857.1351118817347,665.9677188890772,1445.0192143463744,11210.616829524593,2545018854.499481,2381209929.628763,370.3049556662595,1181859095.215285,27356958.17738166,1154502137.0379033,0.32631763925790275,11.705155717782809,1638180292.8801954,68182857.74557285,0.6765864210174235
138741846.26218867,121712066.66666667,charging,121712066.66666667,17029779.595522,0.0,120.67335152911203,0.0,0.0,0.36902899168886266,16,250,490.9257685093313,26.23,123240399.73692998,579.7543964250442,665.9666412041058,1445.019214342688,11210.616829613733,2545018854.5197177,2380549188.4928374,370.2574154937064,1181789871.8031983,26626993.629415665,1155162878.1737826,0.3265717756304304,11.779286169056574,1640017204.7197871,67838659.48379578,0.6763819490776902
155093085.48895675,121712066.66666667,charging,121712066.66666667,33381018.822290078,0.0,236.53855272450707,0.0,0.0,0.3989075457172214,17,250,519.3029172133828,25.45,123420209.288636,648.0805942096024,665.9669078475314,1445.0192141986345,11210.616829708151,2545018854.5411525,2380711945.1073866,370.2691255560869,1181806924.7406955,26806803.181411162,1155000121.5592842,0.3265091657831488,11.76094450658205,1644639111.9290814,68082212.67150678,0.6743654703012667
10558392.33856216,121712066.66666667,direct_plus_discharge,121712066.66666667,0.0,111153674.32810451,0.0,787.637111843469,0.0,0.2994165421159411,18,250,92.47750579476514,23.59,123228950.71836862,44.11988554551457,655.0548265946728,1445.0192143513173,11210.616829520563,2545018854.498566,2380538825.2998996,370.25666988612977,1181788785.9775636,26615544.610794336,1155173241.3667693,0.32657576240072544,11.780455850460886,1655660582.9666295,67406205.27542089,0.6704169851392288
0.0,121712066.66666667,discharging,121712066.66666667,0.0,121712066.66666667,0.0,862.4540866085814,0.0,0.19047497328117294,19,250,0.0,22.85,123248533.53247185,1.0,654.15,1445.0192142091514,11210.616829725926,2545018854.5451875,2380556550.890288,370.2579452007211,1181790643.200912,26635127.42453049,1155155515.7763815,0.32656894329751435,11.778455317149907,1660045469.293396,67479113.78835863,0.6686767453784558
0.0,121712066.66666667,discharging,121712066.66666667,0.0,121712066.66666667,0.0,862.4540866085814,0.0,0.08153340444640475,20,250,0.0,21.81,123248533.53247185,1.0,654.15,1445.0192143358545,11210.61682950677,2545018854.4954348,2380556550.84593,370.2579452008781,1181790643.2462978,26635127.425560564,1155155515.8207374,0.326568943310054,11.778455317464628,1666208012.2391222,67675060.39827037,0.666224576530205
0.0,121712066.66666667,discharging,91091024.8831853,0.0,91091024.8831853,0.0,645.4727852007043,0.0,0.0,21,250,0.0,20.82,92241600.40719102,1.0,654.15,1445.019214302465,11210.616829320355,2545018854.4531155,2352504188.2407513,368.24206253960494,1178836072.6423979,26249235.999977984,1152586836.6424198,0.32872430596584284,15.677894670414021,1672074279.081688,50788931.643601716,0.6689949785144026
0.0,121712066.66666667,shutdown,0.0,0.0,0.0,0.0,0.0,0.0,0.0,22,250,0.0,19.87,0.0,1.0,567.279923475184,1445.0192141603231,11210.616829439952,2545018854.480266,2259509895.6173687,362.89907080586624,1179588764.8582265,25103923.743801933,1154484841.1144247,0.33816193354259655,,1677703525.041726,0.0,0.6881340021537545
0.0,121712066.66666667,shutdown,0.0,0.0,0.0,0.0,0.0,0.0,0.0,23,250,0.0,19.03,0.0,1.0,567.279923475184,1445.0192142023132,11210.616829618966,2545018854.5209055,2259509895.6534643,362.89907080586624,1179588764.9059117,25103923.827564154,1154484841.0783474,0.3381619335320291,,1682680963.5748127,0.0,0.6860984738459713
0.0,121712066.66666667,shutdown,0.0,0.0,0.0,0.0,0.0,0.0,0.0,0,251,0.0,18.55,0.0,1.0,567.279923475184,1445.0192143476306,11210.616829609662,2545018854.5187936,2259509895.651589,362.89907080586624,1179588764.9075522,25103923.82733053,1154484841.0802217,0.3381619335325781,,1685525214.1651475,0.0,0.6849407124722522
0.0,121712066.66666667,shutdown,0.0,0.0,0.0,0.0,0.0,0.0,0.0,1,251,0.0,18.24,0.0,1.0,567.279923475184,1445.019214351311,11210.616829520482,2545018854.498548,2259509895.633615,362.89907080586624,1179588764.9254572,25103923.827261318,1154484841.098196,0.338161933537843,,1687362126.004739,0.0,0.6841950659588015
0.0,121712066.66666667,shutdown,0.0,0.0,0.0,0.0,0.0,0.0,0.0,2,251,0.0,17.95,0.0,1.0,567.279923475184,1445.0192143395443,11210.616829589719,2545018854.514266,2259509895.6475697,362.89907080586624,1179588764.9122665,25103923.8280255,1154484841.084241,0.3381619335337554,,1689080527.4030662,0.0,0.6834989938929925
0.0,121712066.66666667,shutdown,0.0,0.0,0.0,0.0,0.0,0.0,0.0,3,251,0.0,17.27,0.0,1.0,567.279923475184,1445.019214165251,11210.616829435743,2545018854.4793105,2259509895.6165357,362.89907080586624,1179588764.8590722,25103923.743798476,1154484841.1152737,0.33816193354284524,,1693109882.406041,0.0,0.681872365823452
0.0,121712066.66666667,shutdown,0.0,0.0,0.0,0.0,0.0,0.0,0.0,4,251,0.0,16.6,0.0,1.0,567.279923475184,1445.0192143110773,11210.616829227076,2545018854.431939,2259509895.5744786,362.89907080586624,1179588764.9014492,25103923.744118,1154484841.1573312,0.3381619335551644,,1697079982.1883836,0.0,0.6802772133748368
0.0,121712066.66666667,shutdown,0.0,0.0,0.0,0.0,0.0,0.0,0.0,5,251,0.0,16.0,0.0,1.0,567.279923475184,1445.0192142956241,11210.61682929943,2545018854.4483647,2259509895.5890617,362.89907080586624,1179588764.887627,25103923.74487737,1154484841.1427495,0.33816193355089325,,1700635295.4263024,0.0,0.678855039788735
0.0,121712066.66666667,shutdown,0.0,0.0,0.0,0.0,0.0,0.0,0.0,6,251,0.0,15.65,0.0,1.0,567.279923475184,1445.0192142005494,11210.616829647264,2545018854.52733,2259509895.659168,362.89907080586624,1179588764.899503,25103923.82686152,1154484841.0726414,0.33816193353035773,,1702709228.1484218,0.0,0.678028181199243
173182192.9314859,121712066.66666667,charging,121712066.66666667,51470126.26481922,0.0,364.71832211119863,0.0,0.0,0.046069682792993505,7,251,576.6274471299868,17.09,123619129.64286098,723.668744791018,665.967201928694,1445.019214306153,11210.61682931734,2545018854.4524307,2380892001.0476975,370.2820804636105,1181825789.071204,27005723.452198934,1154820065.619005,0.32643990867823847,11.740715575429954,1694176476.3774166,69743779.50003877,0.6546894973120789
195030921.46361834,121712066.66666667,charging,121712066.66666667,73318854.79695167,0.0,519.5388401239769,0.0,0.0,0.11169564154549586,8,251,670.7175598500062,19.13,123859393.39456223,814.9670571895866,665.9675558741907,1445.0192141584012,11210.616829414701,2545018854.4745336,2381109481.239889,370.29772826540955,1181848572.6309667,27245987.204189286,1154602585.4267774,0.32635626717740773,11.71636889570112,1682088411.3684926,69499953.23558612,0.6591746147433211
223568542.92871165,121712066.66666667,charging,121712066.66666667,101856476.26204498,0.0,721.7569843780266,0.0,0.0,0.20286494483535183,9,251,825.5429890788832,21.71,124173212.84578374,934.2159496732124,665.9680161194333,1445.0192143427014,11210.616829527782,2545018854.500205,2381393544.511189,370.31816716666845,1181878328.8936586,27559806.73818138,1154318522.1554773,0.32624703560712587,11.684710445116796,1666800564.445442,69195026.72649485,0.6649317129752728
197979071.82056493,121712066.66666667,charging,121712066.66666667,76267005.15389825,0.0,540.4294912559529,0.0,0.0,0.27112972267820906,10,251,814.0770392914216,23.83,123891813.29782131,827.2863622645073,665.967603528774,1445.0192143427018,11210.61682961379,2545018854.51973,2381138827.014926,370.29983972597495,1181851646.8420196,27278407.190278158,1154573239.6517415,0.3263449818652069,11.713090913590792,1654238457.6714623,68643794.4479115,0.6701405381775006
173230988.41138166,121712066.66666667,charging,121712066.66666667,51518921.74471499,0.0,365.06408783678927,0.0,0.0,0.3172430811418035,11,251,782.4674664324386,25.57,123619666.23175403,723.8726442976007,665.9672027207022,1445.0192142023236,11210.616829619055,2545018854.520926,2380892486.812483,370.2821154096995,1181825839.9786716,27006260.124487754,1154819579.854184,0.32643972184954784,11.740661095347646,1643928049.281498,68169988.61116326,0.6745055214686162
161854306.69222564,121712066.66666667,charging,121712066.66666667,40142240.02555896,0.0,284.44869850482553,0.0,0.0,0.3531734430582025,12,251,760.3295418261852,26.8,123494560.35990748,676.3334092282904,665.967017877823,1445.0192141689292,11210.61682943263,2545018854.4786043,2380779245.0109563,370.27396772008024,1181813975.8245647,26881154.16885482,1154932821.65571,0.3264832784755452,11.753375852390784,1636639657.1437643,67872896.84570934,0.6775736670008958
184935488.54124424,121712066.66666667,charging,121712066.66666667,63223421.87457757,0.0,448.00240484324314,0.0,0.0,0.40976322051208586,13,251,830.3994623993301,27.83,123748377.02189727,772.7817196130688,665.967392500481,1445.019214302466,11210.6168293204,2545018854.4531255,2381008992.0347133,370.2904979864247,1181838045.463169,27134970.831214048,1154703074.6319551,0.3263949132538343,11.727606786857994,1630536369.4186702,67821034.4290334,0.679894038802389
195109106.70268795,121712066.66666667,charging,121712066.66666667,73397040.03602126,0.0,520.0928622583042,0.0,1.4901161193847656e-08,0.4754591610078716,14,251,803.4015155192554,28.23,123860253.17360125,815.2937663786835,665.9675571383164,1445.0192143407842,11210.616829502596,2545018854.494488,2381110259.5090766,370.29778426140047,1181848654.224286,27246847.06669946,1154601807.1575866,0.3263559678825253,11.716281941028981,1628166160.593391,67807968.49195123,0.6807897522471503
212096025.67405203,121712066.66666667,charging,121712066.66666667,90383959.00738536,0.0,640.462502565744,0.0,0.0,0.5563596876477551,15,251,785.9376193245259,27.59,124047053.10001163,886.2762509043132,665.9678313738979,1445.0192143061436,11210.616829317223,2545018854.4524045,2381279346.7903376,370.30995036598506,1181866366.7856474,27433646.90931751,1154432719.87633,0.32629094597959746,11.697418330614658,1631958494.7138379,68029466.37613782,0.6790828795847155
216002823.11980885,121712066.66666667,charging,121712066.66666667,94290756.45314218,0.0,668.1461457321427,0.0,0.0,0.6407570955297099,16,251,735.3830427705267,26.69,124090014.95063208,902.6014120300999,665.9678943283833,1445.0192142042306,11210.616829644116,2545018854.526615,2381318235.1497493,370.31274846454755,1181870440.359551,27476608.842633404,1154393831.5169175,0.3262759925945595,11.693087945668582,1637291464.5707157,68220729.9600692,0.6768604969338907
146862756.94955164,121712066.66666667,charging,121712066.66666667,25150690.28288497,0.0,178.21828360623417,0.0,0.0,0.6632688787220764,17,251,495.1872828916612,25.83,123329702.89556056,613.6888855557842,665.9667737306736,1445.0192142992978,11210.616829296234,2545018854.4476395,2380630022.0509686,370.2632313173209,1181798341.321262,26716296.70556635,1155082044.6156955,0.32654067944816595,11.770170023757998,1642387413.545066,67961903.7407236,0.6753486161813621
41789045.12110693,121712066.66666667,direct_plus_discharge,121712066.66666666,0.0,79923021.54555973,0.0,566.3360949646217,0.0,0.5917316877791767,18,251,183.85719588221832,24.44,123178810.84857334,174.6220284944119,657.912060105047,1445.0192143426905,11210.616829613748,2545018854.519721,2380493440.8437724,370.25340458004234,1181784030.5639124,26565404.74101682,1155218625.8228955,0.3265932223386121,11.785580916872945,1650623889.2129114,67461968.82173155,0.6723870174592882
0.0,121712066.66666667,discharging,121712066.66666667,0.0,121712066.66666667,0.0,862.4540866085814,0.0,0.4827901189444086,19,251,0.0,22.77,123248533.53247213,1.0,654.15,1445.0192142005485,11210.616829647264,2545018854.52733,2380556550.8743725,370.2579452007775,1181790643.216772,26635127.42447609,1155155515.792296,0.3265689433020134,11.778455317262749,1660519511.0584524,67494186.60450585,0.6684874763172185
0.0,121712066.66666667,discharging,121712066.66666667,0.0,121712066.66666667,0.0,862.4540866085814,0.0,0.3738485501096404,20,251,0.0,21.19,123248533.53247185,1.0,654.15,1445.0192143005565,11210.616829295299,2545018854.4474273,2380556550.803131,370.25794520102943,1181790643.2060459,26635127.342511427,1155155515.8635345,0.32656894332215297,11.77845531776825,1669881835.918305,67791874.72341007,0.6647712449058925
0.0,121712066.66666667,discharging,121712066.66666667,0.0,121712066.66666667,0.0,862.4540866085814,0.0,0.2649069812748722,21,251,0.0,19.96,123248533.53247185,1.0,654.15,1445.019214165245,11210.616829349654,2545018854.459767,2380556550.814133,370.25794520099055,1181790643.1938658,26635127.341331948,1155155515.8525338,0.326568943319043,11.778455317690199,1677170228.0560384,68023619.27167109,0.6619067088858587
0.0,121712066.66666667,discharging,121712066.66666667,0.0,121712066.66666667,0.0,862.4540866085814,0.0,0.15596541244010406,22,251,0.0,18.87,123248533.53247185,1.0,654.15,1445.019214351319,11210.616829606599,2545018854.5180984,2380556550.8661366,370.2579452008065,1181790643.225495,26635127.42496448,1155155515.8005307,0.32656894330434144,11.778455317321244,1683629047.1049242,68228986.39167474,0.6593887710723412
0.0,121712066.66666667,discharging,121712066.66666667,0.0,121712066.66666667,0.0,862.4540866085814,0.0,0.04702384360533587,23,251,0.0,18.07,123248533.53247185,1.0,654.15,1445.0192142992998,11210.616829296228,2545018854.4476385,2380556550.8033195,370.25794520102875,1181790643.2058222,26635127.342475325,1155155515.8633468,0.3265689433220999,11.778455317766921,1688369464.7554827,68379714.55314532,0.6575528991099119
0.0,121712066.66666667,discharging,52536137.02310628,0.0,52536137.02310628,0.0,372.2720952089089,0.0,0.0,0,252,0.0,17.48,53200837.58849849,1.0,654.15,1445.0192141603136,11210.616829353841,2545018854.460717,2317223969.013793,365.7144922969168,1175075529.0502248,25763361.04091605,1149312168.0093088,0.33148127894681645,27.05068093717902,1691865522.7727692,29564424.795797557,0.6676496883493019
0.0,121712066.66666667,shutdown,0.0,0.0,0.0,0.0,0.0,0.0,0.0,1,252,0.0,17.19,0.0,1.0,567.279923475184,1445.0192142091648,11210.61682972606,2545018854.5452175,2259509895.675049,362.89907080586624,1179588764.8837137,25103923.82695126,1154484841.0567625,0.3381619335257066,,1693583924.1710968,0.0,0.6816815066438532
0.0,121712066.66666667,shutdown,0.0,0.0,0.0,0.0,0.0,0.0,0.0,2,252,0.0,16.76,0.0,1.0,567.279923475184,1445.0192143358477,11210.616829506713,2545018854.4954224,2259509895.6308393,362.89907080586624,1179588764.9288988,25103923.827930544,1154484841.1009684,0.33816193353865504,,1696131898.658272,0.0,0.6806574665650859
0.0,121712066.66666667,shutdown,0.0,0.0,0.0,0.0,0.0,0.0,0.0,3,252,0.0,16.15,0.0,1.0,567.279923475184,1445.0192143463842,11210.616829610704,2545018854.51903,2259509895.651799,362.89907080586624,1179588764.907338,25103923.82732489,1154484841.080013,0.338161933532517,,1699746467.1168227,0.0,0.6792100253859013
0.0,121712066.66666667,shutdown,0.0,0.0,0.0,0.0,0.0,0.0,0.0,4,252,0.0,15.73,0.0,1.0,567.279923475184,1445.0192143110712,11210.61682931305,2545018854.451457,2259509895.591807,362.89907080586624,1179588764.884173,25103923.744167525,1154484841.1400054,0.33816193355008944,,1702235186.3833659,0.0,0.6782169998452846
0.0,121712066.66666667,shutdown,0.0,0.0,0.0,0.0,0.0,0.0,0.0,5,252,0.0,15.51,0.0,1.0,567.279923475184,1445.0192141534824,11210.6168293329,2545018854.455963,2259509895.595807,362.89907080586624,1179588764.88043,25103923.74442697,1154484841.136003,0.3381619335489171,,1703538801.2372692,0.0,0.6776980015351034
0.0,121712066.66666667,shutdown,0.0,0.0,0.0,0.0,0.0,0.0,0.0,6,252,0.0,15.44,0.0,1.0,567.279923475184,1445.0192143073862,11210.616829316159,2545018854.4521627,2259509895.5924335,362.89907080586624,1179588764.8835382,25103923.74416093,1154484841.1393774,0.3381619335499055,,1703953587.7816935,0.0,0.6775330322478755
141055228.36875188,121712066.66666667,charging,121712066.66666667,19343161.702085212,0.0,137.06602241487417,0.0,0.0,0.017313602831352526,7,252,480.3726998820647,17.49,123265839.28890415,589.421223579313,665.9666789761183,1445.0192143476258,11210.616829523591,2545018854.4992537,2380572215.3093767,370.2590722262736,1181792284.53863,26652433.181301553,1155139851.3573284,0.3265629171907379,11.776687932058554,1691806267.5521374,69470379.75329001,0.6558537258326645
185542729.28212276,121712066.66666667,charging,121712066.66666667,63830662.61545609,0.0,452.30532461832354,0.0,0.0,0.07444690699366709,8,252,641.647214966732,20.0,123755054.66166781,775.319169551189,665.9674023356865,1445.0192141974037,11210.616829709323,2545018854.541418,2381015036.532565,370.2909328853751,1181838678.6885793,27141648.55447873,1154697030.1341007,0.326392588602924,11.726930256908899,1676933207.1735103,69279724.2673713,0.6612578622821824
202663624.8367113,121712066.66666667,charging,121712066.66666667,80951558.17004462,0.0,573.6243256167475,0.0,0.0,0.14690471654525625,9,252,756.4459456521347,22.28,123943327.88737957,846.8614960800421,665.9676791997849,1445.019214342699,11210.616829613817,2545018854.519737,2381185456.8725076,370.30319481032177,1181856531.574003,27329921.779843543,1154526609.7941594,0.32632705015192104,11.707885791157278,1663423016.869419,68960813.71827398,0.6664381122759028
188044503.74682844,121712066.66666667,charging,121712066.66666667,66332437.080161765,0.0,470.03294744119137,0.0,0.0,0.20627729937993303,10,252,780.9675511042619,24.07,123782565.90644962,785.7732234927512,665.9674428446352,1445.0192141652365,11210.616829349592,2545018854.459753,2381039938.9087033,370.2927246325711,1181841287.4732552,27169159.71529267,1154672127.7579625,0.3263830114619022,11.724143789883001,1652816332.3762946,68538642.74773462,0.670792570065198
174292149.7967758,121712066.66666667,charging,121712066.66666667,52580083.13010912,0.0,372.5834981832659,0.0,0.0,0.25334047809781923,11,252,792.7732266987082,25.74,123631335.4973246,728.3068722906178,665.9672199429051,1445.0192142956123,11210.616829299333,2545018854.4483433,2380903049.409885,370.28287539214307,1181826946.5641012,27017929.307319637,1154809017.2567816,0.3264356592698592,11.739476436994043,1642920710.5307539,68144865.9531279,0.674906346739692
139488106.17431659,121712066.66666667,charging,121712066.66666667,17776039.507649913,0.0,125.96136387261737,0.0,0.0,0.26925138721857095,12,252,672.7363655526445,26.86,123248606.12784126,582.8727596051341,665.9666533904509,1445.0192143061445,11210.616829231189,2545018854.4328732,2380556616.500482,370.25794992879423,1181790650.1032662,26635199.937081255,1155155450.166185,0.3265689180469313,11.778447902875062,1636284125.8199723,67726585.41378753,0.677903866771949
178033406.65002018,121712066.66666667,charging,121712066.66666667,56321339.98335351,0.0,399.0941174710795,0.0,0.0,0.31966327574123365,13,252,809.8528167634385,27.48,123672476.94893378,743.9402962881951,665.9672806360495,1445.019214200555,11210.61682973335,2545018854.5468726,2380940289.5116544,370.28555481136027,1181830847.9960313,27059070.841019597,1154771777.1550117,0.32642133625409686,11.735301556959724,1632610302.1407895,67844423.79045345,0.6790958674436971
191896941.67553765,121712066.66666667,charging,121712066.66666667,70184875.00887097,0.0,497.33139800583945,0.0,0.0,0.3824840839103923,14,252,798.3869467075987,26.59,123824929.98217061,801.8712349168081,665.9675051885051,1445.019214202322,11210.616829705074,2545018854.540454,2381078285.860199,370.29548372160616,1181845304.6814344,27211523.874966964,1154633780.8064675,0.3263682640204264,11.719855378319634,1637884016.777036,68093555.36750355,0.676816506652551
190727681.91798836,121712066.66666667,charging,121712066.66666667,69015615.25132169,0.0,489.0460004785167,0.0,0.0,0.44425831554978384,15,252,718.5692719462171,24.49,123812071.99203062,796.9853010528393,665.967486270916,1445.0192143426918,11210.616829527715,2545018854.5001903,2381066647.0945754,370.2946463047209,1181844085.4565012,27198665.884406548,1154645419.5720947,0.3263727400087564,11.72115665115202,1650327613.1097515,68476900.42974085,0.6717723920763748
206131933.90350842,121712066.66666667,charging,121712066.66666667,84419867.23684175,0.0,598.2008315475272,0.0,0.0,0.5198205258505241,16,252,707.7537333566256,24.71,123981467.81608169,861.3543652742171,665.9677351839982,1445.0192143426962,11210.616829613766,2545018854.519725,2381219980.33392,370.30567883047354,1181860148.041277,27368061.708531395,1154492086.3327456,0.3263137743469833,11.704034853336703,1649023998.255848,68529652.28106175,0.6721723574526186
174053050.53439677,121712066.66666667,charging,121712066.66666667,52340983.8677301,0.0,370.8892361302795,0.0,-7.450580596923828e-09,0.5666696925196121,17,252,578.0495500609569,24.24,123628706.19623144,727.30775881274,665.9672160627078,1445.0192143042366,11210.616829206088,2545018854.427175,2380900669.427782,370.2827041540973,1181826697.2450798,27015300.00619314,1154811397.2388866,0.32643657465132225,11.739743343128694,1651808993.625551,68421873.11357208,0.6713118684051705
3994420.6016605683,121712066.66666667,direct_plus_discharge,121712066.66666669,0.0,117717646.06500612,0.0,834.1495440444452,0.0,0.46130343432452425,18,252,73.25787535495473,23.33,123239488.97674306,16.69130811915909,654.4770955696059,1445.0192142091614,11210.616829726006,2545018854.5452056,2380548364.133292,370.25735618110696,1181789785.4021993,26626082.86882484,1155163702.5333743,0.32657209276704685,11.779379208142464,1657201218.7030613,67411647.27049525,0.6698104399686685
0.0,121712066.66666667,discharging,121712066.66666667,0.0,121712066.66666667,0.0,862.4540866085814,0.0,0.35236186548975607,19,252,0.0,22.93,123248533.53246956,1.0,654.1499999999993,1445.0192143463848,11210.616829610706,2545018854.5190306,2380556550.8669662,370.2579452008034,1181790643.2246401,26635127.42494299,1155155515.7996972,0.32656894330410596,11.77845531731554,1659571427.5283403,67464040.97221024,0.6688661216683802
0.0,121712066.66666667,discharging,121712066.66666667,0.0,121712066.66666667,0.0,862.4540866085814,0.0,0.24342029665498788,20,252,0.0,21.39,123248533.53247185,1.0,654.15,1445.019214295609,11210.616829213277,2545018854.428807,2380556550.786529,370.2579452010881,1181790643.2225313,26635127.342392735,1155155515.8801386,0.32656894332684705,11.77845531788608,1668696731.5056653,67754192.68304244,0.6652393682936028
0.0,121712066.66666667,discharging,121712066.66666667,0.0,121712066.66666667,0.0,862.4540866085814,0.0,0.1344787278202197,21,252,0.0,20.47,123248533.53247185,1.0,654.15,1445.019214163999,11210.616829436802,2545018854.479551,2380556550.831772,370.257945200928,1181790643.1763074,26635127.341411818,1155155515.8348956,0.3265689433140566,11.778455317565054,1674148211.8038073,67927530.06873359,0.6630914420478812
0.0,121712066.66666667,discharging,121712066.66666667,0.0,121712066.66666667,0.0,862.4540866085814,0.0,0.025537158985451516,22,252,0.0,19.95,123248533.53247185,1.0,654.15,1445.019214346383,11210.616829524686,2545018854.499502,2380556550.8495593,370.25794520086515,1181790643.2419865,26635127.424877796,1155155515.8171086,0.32656894330902814,11.778455317438851,1677229483.2766702,68025503.37368947,0.6618835211204183
