Q_solar,Q_design,mode,Q_to_pb,Q_to_storage,Q_from_storage,m_dot_charge,m_dot_discharge,Q_defocus,tank_soc,hour,day_of_year,DNI,T_amb,Q_sg_oil,m_oil_field,T_sg_oil_in,m_steam,m_orc,Q_nuclear_condenser,Q_orc_condenser,T_orc_live,P_turbine,P_pumps,P_net,efficiency,solar_efficiency,ex_nuclear,ex_solar,efficiency_II
0.0,131074533.33333333,shutdown,0.0,0.0,0.0,0.0,0.0,0.0,0.0,23,222,0.0,27.35,0.0,1.0,567.279923475184,1445.0192141534708,11210.61682941886,2545018854.4754777,2259509896.3675847,362.89907080586624,1179588764.108667,25103923.744471643,1154484840.3641953,0.3381619333228457,,1633380620.0090048,0.0,0.706806990496698
0.0,131074533.33333333,shutdown,0.0,0.0,0.0,0.0,0.0,0.0,0.0,0,223,0.0,26.49,0.0,1.0,567.279923475184,1445.01921434638,11210.616829524635,2545018854.4994907,2259509895.634452,362.89907080586624,1179588764.924609,25103923.827249113,1154484841.09736,0.3381619335375981,,1638476568.9833553,0.0,0.7046086974644359
0.0,131074533.33333333,shutdown,0.0,0.0,0.0,0.0,0.0,0.0,0.0,1,223,0.0,25.36,0.0,1.0,567.279923475184,1445.0192143110876,11210.61682931321,2545018854.4514933,2259509895.591839,362.89907080586624,1179588764.8841846,25103923.744212776,1154484841.1399717,0.3381619335500796,,1645172408.9147692,0.0,0.7017409451338432
0.0,131074533.33333333,shutdown,0.0,0.0,0.0,0.0,0.0,0.0,0.0,2,223,0.0,24.29,0.0,1.0,567.279923475184,1445.0192141986447,11210.616829708228,2545018854.5411696,2259509895.671455,362.89907080586624,1179588764.8880131,25103923.827656988,1154484841.0603561,0.3381619335267593,,1651512717.522391,0.0,0.6990468973150391
0.0,131074533.33333333,shutdown,0.0,0.0,0.0,0.0,0.0,0.0,0.0,3,223,0.0,23.04,0.0,1.0,567.279923475184,1445.0192143463692,11210.616829610619,2545018854.5190105,2259509895.651782,362.89907080586624,1179588764.90733,25103923.827300828,1154484841.0800292,0.3381619335325218,,1658919620.1013885,0.0,0.6959257260514349
0.0,131074533.33333333,shutdown,0.0,0.0,0.0,0.0,0.0,0.0,0.0,4,223,0.0,22.04,0.0,1.0,567.279923475184,1445.0192141603186,11210.616829439874,2545018854.4802485,2259509895.617368,362.89907080586624,1179588764.858222,25103923.74378052,1154484841.1144414,0.3381619335426015,,1664845142.1645865,0.0,0.6934487850403981
0.0,131074533.33333333,shutdown,0.0,0.0,0.0,0.0,0.0,0.0,0.0,5,223,0.0,21.02,0.0,1.0,567.279923475184,1445.0192143042304,11210.616829206077,2545018854.427172,2259509895.570246,362.89907080586624,1179588764.9063792,25103923.744813975,1154484841.1615653,0.3381619335564046,,1670889174.6690485,0.0,0.6909404038662427
74616793.12353167,131074533.33333333,direct_partial,74616793.12353167,0.0,0.0,0.0,0.0,0.0,0.0,6,223,295.48703842435293,20.83,75439962.69554041,311.7978823688864,665.8498495068521,1445.0192143476281,11210.616829609608,2545018854.518781,2337315311.1523776,367.1527563207378,1177223312.1023538,25921830.131134674,1151301481.971219,0.3299387564421243,19.131186291946193,1672015023.8610563,42132393.05403561,0.6716467152184539
173411329.25441748,131074533.33333333,charging,131074533.33333333,42336795.92108415,0.0,299.9993645334471,0.0,0.0,0.03789465657264594,7,223,582.7343139944613,25.06,132984116.05129391,724.6262265759237,665.9800529882456,1445.0192141689301,11210.616829346609,2545018854.4590755,2389370140.0720344,370.89228782168937,1182712636.4548395,27008243.193454076,1155704393.2613854,0.3258273382255745,10.927231454406694,1646950065.5337286,73436997.38052452,0.6717699860539974
214102549.8664209,131074533.33333333,charging,131074533.33333333,83028016.53308757,0.0,588.3381502187367,0.0,0.0,0.11221105449501269,8,223,712.7758799170493,29.36,133431584.8964466,894.660824509169,665.9806219461259,1445.019214197386,11210.616829623137,2545018854.5218525,2389775296.4014916,370.9214587976072,1182754949.0543244,27455712.12248288,1155299236.9318416,0.3256720275735962,10.887867165999433,1621470320.661977,72822631.09675284,0.6818769066663497
223445875.131732,131074533.33333333,charging,131074533.33333333,92371341.79839866,0.0,654.5451359209002,0.0,0.0,0.19489044008502113,9,223,771.1695635197646,31.92,133534330.572393,933.703363193252,665.9807520501565,1445.0192143476293,11210.616829609644,2545018854.5187893,2389868327.25675,370.9281570849063,1182764663.87478,27558457.798196983,1155206206.076583,0.32563637118916644,10.878865755619966,1606300984.1801906,72365418.25426054,0.6881690158338006
224966777.0974966,131074533.33333333,charging,131074533.33333333,93892243.76416327,0.0,665.3222770181513,0.0,0.0,0.2789311487609981,10,223,815.5964308468866,33.72,133551055.46380892,940.0586887488679,665.9807732095145,1445.019214342697,11210.616829613773,2545018854.5197268,2389883470.8037024,370.9292474354353,1182766245.2192242,27575182.689594664,1155191062.5296295,0.325630567247354,10.87740182072734,1595635044.466434,72013524.59385085,0.6927065353946703
219151842.53611672,131074533.33333333,charging,131074533.33333333,88077309.20278339,0.0,624.1175369034471,0.0,0.0,0.35776704815932825,11,223,825.3000262252257,35.1,133487110.41586135,915.7600797299739,665.9806922813974,1445.0192143042425,11210.616829206132,2545018854.4271846,2389825571.7460084,370.9250786582494,1182760199.1464932,27511237.55916649,1155248961.5873268,0.32565275803127597,10.883000930283496,1587457824.0192208,71702433.67886187,0.6962853384579727
216226389.28255615,131074533.33333333,charging,131074533.33333333,85151855.94922282,0.0,603.3877178903034,0.0,0.0,0.43398444410336656,12,223,817.8287812436515,36.01,133454940.10567142,903.5356180338147,665.98065153775,1445.0192141639989,11210.616829436747,2545018854.4795384,2389796443.263203,370.9229813851825,1182757157.3180628,27479067.24793013,1155278090.0701327,0.3256639223261619,10.885819830980486,1582065598.9417107,71502796.01889881,0.6986575781146647
232185456.73250136,131074533.33333333,charging,131074533.33333333,101110923.39916803,0.0,716.4739821993522,0.0,0.0,0.5244864208022322,13,223,845.4780312646234,36.5,133630437.06484286,970.2230650169238,665.9808735663837,1445.0192143061374,11210.616829231161,2545018854.4328666,2389955346.8717217,370.93442260776294,1182773750.6690204,27654564.207407072,1155119186.4616134,0.3256030206509643,10.870458520876191,1579162093.1307435,71498525.35461257,0.6997920550873439
250447810.71138638,131074533.33333333,charging,131074533.33333333,119373277.37805304,0.0,845.8813799335281,0.0,1.4901161193847656e-08,0.6313345951096252,14,223,858.2632849960625,36.6,133831262.55797902,1046.5351532121429,665.9811269259952,1445.0192143042368,11210.616829292168,2545018854.4467163,2390137185.3063474,370.9475153286537,1182792737.7283385,27855389.70135216,1154937348.0269864,0.3255333364400986,10.852929607896884,1578569540.9244237,71585904.6922441,0.6998960922711029
252519431.10413295,131074533.33333333,charging,131074533.33333333,121444897.77079962,0.0,860.5609225833061,0.0,0.0,0.7400370274359376,15,223,818.1172209769102,36.46,133854043.53065129,1055.1917414209329,665.9811556183329,1445.0192141603252,11210.616829439967,2545018854.4802694,2390157812.550609,370.94900053976687,1182794891.4556603,27878170.672937512,1154916720.782723,0.32552543216614577,10.850944507051317,1579399114.0132716,71626231.12498729,0.6995148343322427
227435729.8282187,131074533.33333333,charging,131074533.33333333,96361196.49488537,0.0,682.8173243916084,0.0,0.0,0.8262876368327724,16,223,725.5211752845889,35.9,133578205.77807064,950.3755919670693,665.9808075472471,1445.01921430246,11210.616829234326,2545018854.433585,2389908053.9846187,370.93101745769,1182768812.2693596,27602332.92064413,1155166479.3487155,0.3256211455655167,10.875026126204844,1582717406.3686626,71590917.21377668,0.6982776202486719
204645567.79672608,131074533.33333333,charging,131074533.33333333,73571034.46339275,0.0,521.3257901761632,0.0,0.0,0.8921393155918667,17,223,658.5077342976938,35.12,133327589.37156169,855.1433531800312,665.9804900555957,1445.0192141534778,11210.616829418906,2545018854.475488,2389681134.1310816,370.914679099913,1182745115.716776,27351716.514520988,1155393399.202255,0.3257081197304765,10.89699219732981,1587339313.577957,71612724.46292114,0.6964597967321012
131275595.24071562,131074533.33333333,charging,131074533.33333333,201061.90738229454,0.0,1.424728610993728,0.0,0.0,0.89231928131115,18,223,459.082031740249,34.05,132520762.33617124,548.5555045900487,665.9794597903285,1445.0192143024633,11210.616829234337,2545018854.433588,2388950606.9078336,370.86208268402504,1182668815.9042485,26544889.478749447,1156123926.425499,0.32598820193116107,10.96827321859603,1593679622.1855786,71392183.08165681,0.6943387803266221
0.0,131074533.33333333,discharging,131074533.33333333,0.0,131074533.33333333,0.0,928.7967086553953,0.0,0.7749975917967843,19,223,0.0,32.53,132728987.52465221,1.0,654.1499999999984,1445.0192143061454,11210.616829317225,2545018854.452405,2389139138.9651203,370.87565630847314,1182688509.0355048,26753114.66729487,1155935394.3682098,0.325915906863514,10.949794137942977,1602686415.7216399,70705603.12270193,0.690773818299019
0.0,131074533.33333333,discharging,131074533.33333333,0.0,131074533.33333333,0.0,928.7967086553953,0.0,0.6576759022824186,20,223,0.0,30.58,132728987.52465469,1.0,654.15,1445.0192141584077,11210.616829414792,2545018854.4745545,2389139138.984873,370.87565630839805,1182688509.0160983,26753114.667638447,1155935394.3484597,0.3259159068579452,10.94979413781263,1614241183.7448757,71101263.94311626,0.6858756782244522
0.0,131074533.33333333,discharging,131074533.33333333,0.0,131074533.33333333,0.0,928.7967086553953,0.0,0.5403542127680528,21,223,0.0,29.88,132728987.52465469,1.0,654.15,1445.0192142054716,11210.616829643051,2545018854.5263734,2389139139.031069,370.87565630822195,1182688509.052252,26753114.749986388,1155935394.3022656,0.3259159068449208,10.94979413750832,1618389049.1891143,71243296.03249523,0.6841342719150272
0.0,131074533.33333333,discharging,131074533.33333333,0.0,131074533.33333333,0.0,928.7967086553953,0.0,0.4230325232536871,22,223,0.0,28.58,132728987.52465469,1.0,654.15,1445.0192143463823,11210.6168296107,2545018854.519029,2389139139.02452,370.8756563082468,1182688509.05927,26753114.75045696,1155935394.3088129,0.3259159068467668,10.949794137551455,1626092227.8712716,71507069.91277048,0.680923581800317
0.0,131074533.33333333,discharging,131074533.33333333,0.0,131074533.33333333,0.0,928.7967086553953,0.0,0.3057108337393214,23,223,0.0,27.37,132728987.52465469,1.0,654.15,1445.0192143395416,11210.616829503677,2545018854.494733,2389139139.002857,370.87565630832944,1182688509.0815647,26753114.751089066,1155935394.3304756,0.3259159068528746,10.949794137694191,1633262109.5677412,71752582.52441128,0.6779621311720637
0.0,131074533.33333333,discharging,131074533.33333333,0.0,131074533.33333333,0.0,928.7967086553953,0.0,0.18838914422495573,0,224,0.0,26.4,132728987.52465469,1.0,654.15,1445.0192143061395,11210.616829317196,2545018854.4523983,2389139138.9651175,370.8756563084735,1182688509.035502,26753114.667285822,1155935394.368216,0.3259159068635155,10.949794137942815,1639009865.9690435,71949398.41969357,0.6756066134521265
0.0,131074533.33333333,discharging,131074533.33333333,0.0,131074533.33333333,0.0,928.7967086553953,0.0,0.07106745471059,1,224,0.0,25.51,132728987.52465469,1.0,654.15,1445.0192141603204,11210.616829439892,2545018854.4802527,2389139138.9899507,370.87565630837867,1182688509.0102997,26753114.666918766,1155935394.343381,0.3259159068565132,10.949794137779184,1644283580.6052895,72129982.07618971,0.673459718261322
0.0,131074533.33333333,discharging,79398221.24908772,0.0,79398221.24908772,0.0,562.6173497921708,0.0,8.16949626855683e-18,2,224,0.0,24.82,80401442.16263756,1.0,654.15,1445.0192143395411,11210.616829503679,2545018854.4947333,2341799670.7752943,367.4741917759992,1177700431.947081,26101881.47331711,1151598550.473764,0.32955530998208815,17.96025207591853,1648372190.828896,43778010.65426622,0.6805533867291408
0.0,131074533.33333333,shutdown,0.0,0.0,0.0,0.0,0.0,0.0,8.16949626855683e-18,3,224,0.0,24.16,0.0,1.0,567.279923475184,1445.0192143061345,11210.616829317196,2545018854.4523983,2259509895.5926013,362.89907080586624,1179588764.8833206,25103923.74415507,1154484841.1391654,0.3381619335498434,,1652283035.3906069,0.0,0.6987209917496007
0.0,131074533.33333333,shutdown,0.0,0.0,0.0,0.0,0.0,0.0,8.16949626855683e-18,4,224,0.0,23.78,0.0,1.0,567.279923475184,1445.0192142054789,11210.616829643108,2545018854.5263863,2259509895.65833,362.89907080586624,1179588764.9003508,25103923.826871756,1154484841.073479,0.3381619335306031,,1654534733.7746222,0.0,0.6977700845479747
0.0,131074533.33333333,shutdown,0.0,0.0,0.0,0.0,0.0,0.0,8.16949626855683e-18,5,224,0.0,23.32,0.0,1.0,567.279923475184,1445.0192143358447,11210.616829592753,2545018854.5149546,2259509895.648181,362.89907080586624,1179588764.9116244,25103923.827996626,1154484841.0836277,0.33816193353357576,,1657260473.923693,0.0,0.6966224436345212
86630450.47318651,131074533.33333333,direct_plus_discharge,86630450.47318652,0.0,9.127152152359486e-09,0.0,6.467517879274156e-14,0.0,0.0,6,224,331.38675910712817,22.73,87585730.54225409,361.998819240113,665.8914794448935,1445.0192142005496,11210.616829733266,2545018854.5468535,2348294386.748097,367.9399838616489,1178390004.35296,26053940.62779725,1152336063.7251627,0.3290897760046311,16.503341871672095,1660756531.9409797,48668179.03003843,0.6741075265435891
178781173.3308209,131074533.33333333,charging,131074533.33333333,47706639.99748756,0.0,338.0501847600776,0.0,0.0,0.04270107596969402,7,224,598.8100526674673,24.17,133043166.57593763,747.0649557357497,665.9801282899828,1445.0192143426862,11210.616829527671,2545018854.5001802,2389423606.5042567,370.8961373133727,1182718220.6307216,27067293.80163786,1155650926.8290837,0.3258068403900104,10.922021558500129,1652223780.1699748,73647408.94586307,0.6696043911719289
220477638.19004697,131074533.33333333,charging,131074533.33333333,89403104.85671362,0.0,633.512150856323,0.0,1.4901161193847656e-08,0.1227236634462822,8,224,732.7396056931765,28.69,133501689.78313643,921.30012319801,665.9807107396881,1445.0192143005609,11210.616829295273,2545018854.4474216,2389838772.6264286,370.92602913032715,1182761577.6334076,27525816.926504668,1155235760.706903,0.3256476985011737,10.881723870486297,1625440420.4443197,72995207.54675758,0.6801763585666916
221377451.8697555,131074533.33333333,charging,131074533.33333333,90302918.53642218,0.0,639.8882482023348,0.0,0.0,0.2035516526928929,9,224,766.0042253849584,30.95,133511584.7575821,925.0601346929453,665.9807232649844,1445.019214204236,11210.616829644185,2545018854.526631,2389847732.087601,370.92667421355225,1182762513.2286677,27535711.98293743,1155226801.2457304,0.32564426461898993,10.880857292142181,1612048740.5814924,72547548.55284919,0.6857588424579537
222859110.42379528,131074533.33333333,charging,131074533.33333333,91784577.09046195,0.0,650.3873097160125,0.0,0.0,0.2857058391833366,10,224,811.274459186228,32.45,133527878.10126282,931.2514755453793,665.9807438854516,1445.0192142042397,11210.616829730243,2545018854.546168,2389862484.8959064,370.9277364275458,1182764053.7641156,27552005.326690957,1155212048.4374247,0.325638610359766,10.879430640244195,1603160457.4866955,72255656.76093449,0.6895075429999605
216645818.5925656,131074533.33333333,charging,131074533.33333333,85571285.25923227,0.0,606.3598021903076,0.0,0.0,0.3622986563021123,11,224,820.2450952299513,33.79,133459552.4408661,905.2882686797341,665.9806573804694,1445.0192143395295,11210.616829589642,2545018854.514249,2389800619.520101,370.92328207573325,1182757593.480579,27483679.6673471,1155273913.8132317,0.32566232165165454,10.885415594695285,1595220257.92201,71950145.86541809,0.6929549080218284
218237615.91327867,131074533.33333333,charging,131074533.33333333,87163082.57994534,0.0,617.6393091603225,0.0,0.0,0.44031625324867935,12,224,829.3091745931756,34.72,133477056.94670734,911.9398415091556,665.9806795508007,1445.019214346386,11210.616829524675,2545018854.4995003,2389816468.9180512,370.9244232433766,1182759248.587728,27501184.1724448,1155258064.4152832,0.32565624692428796,10.88388171216594,1589709522.4032362,71773192.57950059,0.6953175341503848
229540023.64547616,131074533.33333333,charging,131074533.33333333,98465490.31214283,0.0,697.7283915669709,0.0,0.0,0.5284503658676651,13,224,840.8486964524756,35.13,133601346.05035071,959.1687111650036,665.9808368023729,1445.019214311079,11210.616829313109,2545018854.4514704,2389929006.3812757,370.9325260550445,1182771000.1450717,27625473.19301305,1155145526.9520588,0.3256131155317427,10.873002077969597,1587280058.357325,71757790.37365174,0.6962743663959488
242675248.11033934,131074533.33333333,charging,131074533.33333333,111600714.777006,0.0,790.8048492140812,0.0,1.4901161193847656e-08,0.6283415047157597,14,224,836.65864838493,35.39,133745790.0762204,1014.056290771973,665.9810191875362,1445.0192141973853,11210.61682962311,2545018854.5218463,2390059793.7593746,370.94194295888667,1182784656.876207,27769917.302252017,1155014739.573955,0.32556299349428314,10.860383580952359,1585739422.6208935,71783174.20398515,0.6968319718756661
254511406.69166324,131074533.33333333,charging,131074533.33333333,123436873.3583299,0.0,874.6761005844742,0.0,0.0,0.7388269068948512,15,224,826.7394655120816,35.31,133875948.67388664,1063.5155214163274,665.9811831983809,1445.0192143476243,11210.616829609604,2545018854.51878,2390177646.786249,370.9504286541563,1182796962.4467618,27900075.89967735,1154896886.5470846,0.32551783186747496,10.8490363615958,1586213464.3859494,71869129.00726238,0.6965255477313864
234344725.74789625,131074533.33333333,charging,131074533.33333333,103270192.41456293,0.0,731.7746047047183,0.0,0.0,0.8312615938049208,16,224,747.0282654231308,34.82,133654181.88247874,979.2459066358375,665.9809035622517,1445.0192143426968,11210.616829613795,2545018854.5197315,2389976846.7510595,370.93597062556074,1182775995.6905432,27678309.108269628,1155097686.5822735,0.3255947810475,10.868383225474535,1589116970.1969163,71848388.0914268,0.6954375543223995
198434936.5574374,131074533.33333333,charging,131074533.33333333,67360403.22410406,0.0,477.3171356570267,0.0,0.0,0.8915542846247557,17,224,640.3901844724843,33.99,133259292.96887311,829.1912640118682,665.9804033280656,1445.019214197392,11210.616829623197,2545018854.521866,2389619295.7007236,370.9102267451948,1182738657.8275347,27283420.19492577,1155455237.632609,0.3257318234172705,10.90299257339327,1594035153.5093706,71802140.41914906,0.6936183034465003
125339522.99107027,131074533.33333333,direct_plus_discharge,131074533.33333333,0.0,5735010.342263058,0.0,40.63839553372621,0.0,0.8864210136099693,18,224,440.65228945622806,32.82,132525127.07197739,523.7507028885879,665.5548010311406,1445.0192143513102,11210.616829606546,2545018854.5180864,2388954558.9063115,370.8623672058659,1182669228.7248118,26549254.297789898,1156119974.427022,0.3259866864052133,10.96788527110001,1600968014.3233123,71600447.28995042,0.6912243061858859
0.0,131074533.33333333,discharging,131074533.33333333,0.0,131074533.33333333,0.0,928.7967086553953,0.0,0.7690993240956036,19,224,0.0,31.04,132728987.52465476,1.0,654.15,1445.0192141689324,11210.616829346582,2545018854.4590693,2389139138.9710655,370.8756563084508,1182688509.0291333,26753114.666865975,1155935394.3622673,0.32591590686183824,10.949794137903613,1611515443.5958045,71007928.57009582,0.6870248660345443
0.0,131074533.33333333,discharging,131074533.33333333,0.0,131074533.33333333,0.0,928.7967086553953,0.0,0.6517776345812377,20,224,0.0,29.59,132728987.52465469,1.0,654.15,1445.0192143042436,11210.616829292212,2545018854.4467263,2389139138.9600587,370.8756563084926,1182688509.0413153,26753114.668039717,1155935394.3732755,0.32591590686494204,10.949794137976165,1620107450.587442,71302137.89809509,0.6834154200392601
0.0,131074533.33333333,discharging,131074533.33333333,0.0,131074533.33333333,0.0,928.7967086553953,0.0,0.5344559450668721,21,224,0.0,27.89,132728987.52465469,1.0,654.15,1445.0192143073962,11210.616829316208,2545018854.4521737,2389139138.964917,370.87565630847405,1182688509.0357227,26753114.667307355,1155935394.3684154,0.3259159068635717,10.94979413794413,1630180838.0948784,71647072.97230119,0.679231658413425
0.0,131074533.33333333,discharging,131074533.33333333,0.0,131074533.33333333,0.0,928.7967086553953,0.0,0.4171342555525064,22,224,0.0,27.87,132728987.52465469,1.0,654.15,1445.0192142054846,11210.616829643148,2545018854.5263953,2389139139.0310893,370.8756563082219,1182688509.0522594,26753114.750015084,1155935394.3022444,0.3259159068449148,10.949794137508169,1630299348.536142,71651131.03199771,0.6791827424941038
0.0,131074533.33333333,discharging,131074533.33333333,0.0,131074533.33333333,0.0,928.7967086553953,0.0,0.29981256603814066,23,224,0.0,27.04,132728987.52465469,1.0,654.15,1445.0192141534687,11210.616829418876,2545018854.4754815,2389139138.985696,370.8756563083948,1182688509.015246,26753114.667608123,1155935394.347638,0.3259159068577135,10.949794137807249,1635217531.8485966,71819540.50940423,0.6771589282187624
0.0,131074533.33333333,discharging,131074533.33333333,0.0,131074533.33333333,0.0,928.7967086553953,0.0,0.18249087652377496,0,225,0.0,25.5,132728987.52465469,1.0,654.15,1445.0192143073973,11210.616829230215,2545018854.432652,2389139138.947515,370.87565630854056,1182688509.0530705,26753114.667250995,1155935394.3858194,0.32591590686847877,10.949794138058772,1644342835.8259215,72132011.10603797,0.6734356733813766
0.0,131074533.33333333,discharging,131074533.33333333,0.0,131074533.33333333,0.0,928.7967086553953,0.0,0.06516918700940925,1,225,0.0,24.58,132728987.52465469,1.0,654.15,1445.0192143073898,11210.616829316188,2545018854.4521694,2389139138.964914,370.8756563084743,1182688509.0357208,26753114.66730052,1155935394.3684204,0.32591590686357313,10.949794137944162,1649794316.1240637,72318681.85207893,0.671230863321336
0.0,131074533.33333333,discharging,72808538.73081242,0.0,72808538.73081242,0.0,515.9227304911566,0.0,0.0,2,225,0.0,24.08,73728715.3950193,1.0,654.15,1445.0192143042389,11210.616829292143,2545018854.4467106,2335768797.100564,367.0419375724777,1177058578.7710977,26018837.140907113,1151039741.6301906,0.3300255941780793,19.569437752894103,1652757077.1556628,40228163.41632697,0.6798876411003453
0.0,131074533.33333333,shutdown,0.0,0.0,0.0,0.0,0.0,0.0,0.0,3,225,0.0,23.42,0.0,1.0,567.279923475184,1445.019214204252,11210.61682964427,2545018854.52665,2259509895.6585646,362.89907080586624,1179588764.9001486,25103923.82690055,1154484841.0732481,0.3381619335305355,,1656667921.7173731,0.0,0.6968716095356392
0.0,131074533.33333333,shutdown,0.0,0.0,0.0,0.0,0.0,0.0,0.0,4,225,0.0,22.77,0.0,1.0,567.279923475184,1445.0192143073837,11210.616829316139,2545018854.4521585,2259509895.592429,362.89907080586624,1179588764.8835366,25103923.74415586,1154484841.1393807,0.3381619335499065,,1660519511.0584524,0.0,0.6952552098610911
0.0,131074533.33333333,shutdown,0.0,0.0,0.0,0.0,0.0,0.0,0.0,5,225,0.0,22.47,0.0,1.0,567.279923475184,1445.0192143395402,11210.616829503691,2545018854.494736,2259509895.6302304,362.89907080586624,1179588764.9295402,25103923.82796097,1154484841.1015792,0.33816193353883395,,1662297167.6774113,0.0,0.6945117055782777
91265818.68633026,131074533.33333333,direct_partial,91265818.68633026,0.0,0.0,0.0,0.0,0.0,0.0,6,225,345.21605224599637,22.02,92272072.4747962,381.3684267018744,665.9046114198803,1445.0192141652358,11210.61682943567,2545018854.4792943,2352531742.9812937,368.24404015737616,1178838989.9691653,26104914.264053255,1152734075.705112,0.32876344216251574,15.674344501425708,1664963652.6058505,51371398.16603669,0.6716253188366066
177267730.14750463,131074533.33333333,charging,131074533.33333333,46193196.8141713,0.0,327.3258967412424,0.0,0.0,0.04134642906205167,7,225,593.9030859316871,23.4,133026523.70645936,740.7407978633737,665.9801070736066,1445.0192143073928,11210.616829316235,2545018854.4521804,2389408537.4195757,370.8950523658985,1182716646.762882,27050650.849120453,1155665995.9137616,0.3258126174670243,10.92348945396571,1656786432.1586375,73791998.25119607,0.6677917484734154
216782158.79366344,131074533.33333333,charging,131074533.33333333,85707625.46033011,0.0,607.3259115238046,0.0,0.0,0.11806128104400596,8,225,722.1782114733606,26.76,133461051.73214844,905.8579874280817,665.9806592796239,1445.019214202326,11210.616829619032,2545018854.5209208,2389801977.0552583,370.92337981861505,1182757735.2362852,27485178.958209384,1155272556.278076,0.3256618013364745,10.885284199199639,1636876678.026292,73359750.79003973,0.6755045891974416
222353768.58314177,131074533.33333333,charging,131074533.33333333,91279235.24980843,0.0,646.806447542342,0.0,1.4901161193847656e-08,0.19976314810198598,9,225,771.0964141880625,28.89,133522321.01237567,929.1398260199533,665.9807368530969,1445.0192143426812,11210.616829613668,2545018854.519703,2389857453.211189,370.9273741434263,1182763528.3602746,27546448.238131512,1155217080.122143,0.3256405388289347,10.879917182244135,1624255316.0316806,72966392.57945797,0.6806518407471197
214477952.63811052,131074533.33333333,charging,131074533.33333333,83403419.30477719,0.0,590.9982616064975,0.0,0.0,0.27441556009438567,10,225,785.9009285320927,30.53,133435713.08533806,896.2295034130512,665.9806271773953,1445.0192143061563,11210.616829231274,2545018854.4328923,2389779034.1764827,370.9217279251265,1182755339.384786,27459840.22793051,1155295499.1568553,0.3256705949301197,10.887505234238256,1614537459.848036,72590463.69498034,0.6847705399426394
212774287.953587,131074533.33333333,charging,131074533.33333333,81699754.62025367,0.0,578.9260603069986,0.0,0.0,0.34754306244895394,11,225,810.7638136376465,31.88,133416978.40847903,889.110475394497,665.9806034340899,1445.0192141936905,11210.616829712208,2545018854.5420732,2389762071.029535,370.9205065640476,1182753567.938352,27441105.634553008,1155312462.3037992,0.3256770966975867,10.889147945844908,1606538005.0627182,72309821.9626443,0.6881579400503616
223548133.70686993,131074533.33333333,charging,131074533.33333333,92473600.3735366,0.0,655.2697421857829,0.0,0.0,0.4303139772513686,12,225,852.7811701387106,33.13,133535455.0785114,934.1306665635442,665.980753472982,1445.0192142005371,11210.61682973321,2545018854.546841,2389869345.465121,370.9282303949951,1182764770.1721048,27559582.3038918,1155205187.868213,0.3256359809496666,10.878767315594661,1599131102.4837208,72123411.30973348,0.6912203846475186
234982965.68408406,131074533.33333333,charging,131074533.33333333,103908432.35075073,0.0,736.2971853844917,0.0,0.0,0.5233199375104624,13,225,863.9078800341658,34.05,133661200.41087165,981.9128915358339,665.9809124264374,1445.0192143513098,11210.616829520497,2545018854.4985514,2389983201.678523,370.9364281918257,1182776659.2914233,27685327.63661185,1155091331.6548114,0.32559234560533423,10.86776994799545,1593679622.1855786,72006699.50840738,0.6934626985950724
238628269.7973373,131074533.33333333,charging,131074533.33333333,107553736.46400397,0.0,762.1278816786937,0.0,0.0,0.6195887225646131,14,225,827.0649594808425,34.53,133701286.69969676,997.1453620766405,665.9809630363831,1445.0192143042416,11210.616829292176,2545018854.446718,2390019497.902197,370.93904158516204,1182780449.2742102,27725413.843071405,1155055035.4311388,0.32557843574977147,10.864268450088362,1590835371.595244,71931935.65968011,0.694658254580449
245629919.26323166,131074533.33333333,charging,131074533.33333333,114555385.92989834,0.0,811.7417068337569,0.0,0.0,0.722124517112035,15,225,801.8530411916443,34.41,133778281.6866696,1026.4028440075626,665.9810601595543,1445.019214306144,11210.616829231181,2545018854.4328713,2390089213.395669,370.9440612406843,1182787728.7669055,27802408.829242513,1154985319.937663,0.32555171948021644,10.857548897330465,1591546434.2428277,71997473.22689943,0.6942920561047358
207908559.12581715,131074533.33333333,charging,131074533.33333333,76834025.79248382,0.0,544.4474105989777,0.0,0.0,0.790896821608748,16,225,668.8210770893037,33.88,133363471.48421067,868.7782702544529,665.9805355856686,1445.0192142054827,11210.616829729137,2545018854.5459166,2389713623.4393797,370.9170183257726,1182748508.603578,27387598.70962503,1155360909.893953,0.32569566642421116,10.893842132846906,1594686960.9363222,71880313.25078206,0.6932578887086929
200142476.348082,131074533.33333333,charging,131074533.33333333,69067943.01474868,0.0,489.41679603434517,0.0,0.0,0.8527178905815073,17,225,645.8913573843188,32.82,133278070.25907928,836.3264847644152,665.9804271816213,1445.019214304231,11210.616829292103,2545018854.4467015,2389636297.3789124,370.91145086475257,1182740433.3568573,27302197.402434718,1155438235.9544225,0.3257253062966202,10.901342228390286,1600968014.3233123,72046404.14278738,0.6906325631154954
126480858.35141088,131074533.33333333,direct_plus_discharge,131074533.33333333,0.0,4593674.981922448,0.0,32.550870831574215,0.0,0.8486062016343611,18,225,443.9610315149826,31.46,132523294.69255494,528.5199503131745,665.6726797215226,1445.0192143426827,11210.616829527653,2545018854.500176,2388952899.8156033,370.86224775939394,1182669055.4359777,26547421.91822181,1156121633.517756,0.3259873226401518,10.968048133873506,1609026724.3292618,71880997.0197908,0.6877960157086332
0.0,131074533.33333333,discharging,131074533.33333333,0.0,131074533.33333333,0.0,928.7967086553953,0.0,0.7312845121199952,19,225,0.0,29.6,132728987.52465203,1.0,654.1499999999984,1445.0192142042351,11210.616829730221,2545018854.5461626,2389139139.0487113,370.8756563081545,1182688509.0346947,26753114.750074416,1155935394.2846203,0.3259159068399459,10.949794137392262,1620048195.3668098,71300108.86824524,0.6834401828353235
0.0,131074533.33333333,discharging,131074533.33333333,0.0,131074533.33333333,0.0,928.7967086553953,0.0,0.6139628226056295,20,225,0.0,28.27,132728987.52465476,1.0,654.15,1445.0192143444672,11210.616829499524,2545018854.49379,2389139139.002021,370.8756563083327,1182688509.082412,26753114.751099523,1155935394.3313124,0.3259159068531105,10.949794137699666,1627929139.710863,71569969.83806692,0.6801624006958811
0.0,131074533.33333333,discharging,131074533.33333333,0.0,131074533.33333333,0.0,928.7967086553953,0.0,0.4966411330912638,21,225,0.0,26.65,132728987.52465469,1.0,654.15,1445.0192141603204,11210.616829439885,2545018854.480251,2389139138.989949,370.87565630837867,1182688509.0102994,26753114.666915677,1155935394.3433838,0.32591590685651406,10.949794137779206,1637528485.453244,71898672.6734868,0.6762121385798686
0.0,131074533.33333333,discharging,131074533.33333333,0.0,131074533.33333333,0.0,928.7967086553953,0.0,0.3793194435768981,22,225,0.0,26.53,132728987.52465469,1.0,654.15,1445.0192143024603,11210.616829320361,2545018854.453117,2389139138.9657607,370.875656308471,1182688509.0348673,26753114.667294476,1155935394.3675728,0.32591590686333416,10.94979413793855,1638239548.1008277,71923021.03166606,0.6759213511227408
0.0,131074533.33333333,discharging,131074533.33333333,0.0,131074533.33333333,0.0,928.7967086553953,0.0,0.2619977540625324,23,225,0.0,25.79,132728987.52465469,1.0,654.15,1445.0192143042293,11210.616829206028,2545018854.427161,2389139138.942617,370.8756563085591,1182688509.0586498,26753114.667933017,1155935394.3907168,0.3259159068698596,10.949794138091063,1642624434.427594,72073169.24043812,0.6741336734348802
0.0,131074533.33333333,discharging,131074533.33333333,0.0,131074533.33333333,0.0,928.7967086553953,0.0,0.14467606454816667,0,226,0.0,25.02,132728987.52465469,1.0,654.15,1445.0192142005446,11210.616829733266,2545018854.546854,2389139139.049329,370.8756563081523,1182688509.0340548,26753114.75005127,1155935394.2840035,0.3259159068397718,10.94979413738799,1647187086.4162567,72229404.538755,0.6722835336085238
0.0,131074533.33333333,discharging,131074533.33333333,0.0,131074533.33333333,0.0,928.7967086553953,0.0,0.027354375033800966,1,226,0.0,24.26,132728987.52465469,1.0,654.15,1445.0192142054814,11210.616829643113,2545018854.5263877,2389139139.0310817,370.8756563082219,1182688509.0522563,26753114.75000559,1155935394.3022509,0.3259159068449166,10.94979413750821,1651690483.184287,72383610.80722359,0.6704673530741787
0.0,131074533.33333333,shutdown,0.0,0.0,0.0,0.0,0.0,0.0,0.027354375033800966,2,226,0.0,23.55,0.0,1.0,567.279923475184,1445.0192142993005,11210.616829296263,2545018854.447646,2259509895.5884233,362.89907080586624,1179588764.8882554,25103923.744869374,1154484841.143386,0.33816193355107965,,1655897603.8491573,0.0,0.6971957918531735
0.0,131074533.33333333,shutdown,0.0,0.0,0.0,0.0,0.0,0.0,0.027354375033800966,3,226,0.0,22.88,0.0,1.0,567.279923475184,1445.019214351313,11210.616829606533,2545018854.518083,2259509895.6509585,362.89907080586624,1179588764.9081855,25103923.827331815,1154484841.0808537,0.33816193353276325,,1659867703.6315002,0.0,0.6955282270719786
0.0,131074533.33333333,shutdown,0.0,0.0,0.0,0.0,0.0,0.0,0.027354375033800966,4,226,0.0,22.43,0.0,1.0,567.279923475184,1445.0192143024658,11210.61682923433,2545018854.433586,2259509895.5759406,362.89907080586624,1179588764.8999686,25103923.744097877,1154484841.1558707,0.33816193355473656,,1662534188.5599391,0.0,0.6944126918411628
0.0,131074533.33333333,shutdown,0.0,0.0,0.0,0.0,0.0,0.0,0.027354375033800966,5,226,0.0,22.02,0.0,1.0,567.279923475184,1445.0192141973873,11210.61682970917,2545018854.5413837,2259509895.671645,362.89907080586624,1179588764.88779,25103923.82762375,1154484841.0601661,0.3381619335267036,,1664963652.6058505,0.0,0.6933994260194635
68319115.99183398,131074533.33333333,direct_plus_discharge,98880063.05134095,0.0,30560947.05950697,0.0,216.55546901759095,0.0,0.0,6,226,273.9574830006258,21.28,100016481.38797538,285.482058392701,662.0916258483013,1445.019214311082,11210.61682922711,2545018854.431947,2359535598.495431,368.746876527537,1179579543.3685124,26235078.81257327,1153344464.5559392,0.32821259395470687,14.474166396807796,1669348538.9326172,55539476.29471252,0.6686488945219643
166566421.51986408,131074533.33333333,charging,131074533.33333333,35491888.186530754,0.0,251.4962143544925,0.0,0.0,0.03176794286583064,7,226,561.1851679736993,22.34,132908844.70487069,696.0237143624754,665.9799569047351,1445.0192143061463,11210.616829317281,2545018854.452418,2389301986.917253,370.8873809310835,1182705518.2636063,26932971.847555466,1155772546.416051,0.3258534676304093,10.93387918641076,1663067485.545627,73938249.39691,0.6653821131190945
215728876.29290324,131074533.33333333,charging,131074533.33333333,84654342.95956992,0.0,599.8623311080534,0.0,0.0,0.10754002679526896,8,226,719.2907003342848,26.12,133449469.10825044,901.4566825806658,665.9806446067888,1445.019214193712,11210.616829712364,2545018854.542109,2389791489.6205134,370.92262471595575,1182756640.0471895,27473596.334368955,1155283043.7128205,0.32566582097171715,10.886299358125795,1640669012.1467385,73481626.28361979,0.6739682136516946
224926105.24906868,131074533.33333333,charging,131074533.33333333,93851571.91573535,0.0,665.0340755041416,0.0,0.0,0.19154433106947633,9,226,780.6413912480513,28.63,133550608.20799579,939.8887351006294,665.9807726437414,1445.0192143513204,11210.616829520584,2545018854.4985714,2389883065.8171463,370.9292182774101,1182766202.949949,27574735.43375975,1155191467.5161893,0.3256307224605658,10.87744096451965,1625795951.7681117,73033992.41289005,0.679992409760061
220930669.0464534,131074533.33333333,charging,131074533.33333333,89856135.71312006,0.0,636.7223363717623,0.0,0.0,0.27197241566380415,10,226,810.0381367570728,30.73,133506671.6242127,923.1931831348186,665.980717046054,1445.0192142042374,11210.6168297302,2545018854.546158,2389843283.515034,370.92635391128925,1182762048.6679282,27530798.849625014,1155231249.818303,0.32564596962107606,10.881287556290896,1613352355.435396,72588980.86416589,0.6852143813935404
219059927.64658085,131074533.33333333,charging,131074533.33333333,87985394.3132475,0.0,623.4662261971923,0.0,1.4901161193847656e-08,0.35072604423608106,11,226,836.1417860197088,32.43,133486099.65607467,915.3759990597177,665.9806910015701,1445.019214304249,11210.616829206208,2545018854.427202,2389824656.555583,370.92501276387605,1182760103.5771532,27510226.799401373,1155249876.777752,0.32565310879999004,10.883089476737469,1603278967.9279594,72237053.12357225,0.6894890065287065
215954641.86316925,131074533.33333333,charging,131074533.33333333,84880108.52983592,0.0,601.4621103577533,0.0,0.0,0.4267002055444289,12,226,829.6831732105509,33.45,133451951.78283006,902.400079150982,665.9806477520483,1445.019214307399,11210.616829316234,2545018854.45218,2389793737.4706063,370.9227865684611,1182756874.7882156,27476078.925490268,1155280795.8627253,0.3256649594033599,10.886081749809506,1597234935.4234974,72014177.94551986,0.6920960967479812
231844327.29299992,131074533.33333333,charging,131074533.33333333,100769793.9596666,0.0,714.0567323142915,0.0,0.0,0.5168968454157078,13,226,857.1960895966633,34.16,133626685.76925443,968.7976025654065,665.9808688265501,1445.0192141652503,11210.616829435774,2545018854.4793177,2389951950.2950263,370.9341780462224,1182773395.949844,27650812.911537178,1155122583.0383067,0.3256043223690641,10.870786450939363,1593027814.7586272,71966030.4472701,0.6937698817111612
249417846.9452652,131074533.33333333,charging,131074533.33333333,118343313.61193188,0.0,838.5830365278348,0.0,0.0,0.6228231237139606,14,226,865.7588440777492,34.41,133819936.36303815,1042.231289326414,665.981112657171,1445.0192141620935,11210.616829325665,2545018854.454321,2390126929.924534,370.94677691577556,1182791666.9147668,27844063.50596687,1154947603.4088,0.32553726630015123,10.853916807385431,1591546434.2428277,72019896.02315114,0.6942600258230409
248197399.33529735,131074533.33333333,charging,131074533.33333333,117122866.00196402,0.0,829.9349208764003,0.0,0.0,0.7276570084562427,15,226,812.0476342772633,34.26,133806515.47581854,1037.1314590549607,665.9810957463166,1445.019214342687,11210.616829613715,2545018854.5197134,2390114777.9439874,370.9459019400356,1182790398.0909312,27830642.701586474,1154959755.3893447,0.325541922974468,10.855086797742755,1592435262.5523074,72042808.99053746,0.6938870359035639
228817885.22712928,131074533.33333333,charging,131074533.33333333,97743351.89379595,0.0,692.6113046005157,0.0,0.0,0.8151447521952553,16,226,731.8162020293619,33.87,133593404.91613878,956.1511434005325,665.980826763922,1445.0192143463833,11210.616829524653,2545018854.499495,2389921816.1151557,370.93200834343827,1182770249.3600495,27617532.14187116,1155152717.2181783,0.32561587120367447,10.873696598893467,1594746216.1569543,72006275.78412805,0.6930559413010985
185089590.11027348,131074533.33333333,charging,131074533.33333333,54015056.77694015,0.0,382.75174953072235,0.0,0.0,0.8634923416096623,17,226,601.0778335995009,32.92,133112538.29615077,773.4256570014459,665.9802166681964,1445.019214295621,11210.61682929936,2545018854.4483495,2389486418.147726,370.9006596713741,1182724780.6250944,27136665.439487107,1155588115.1856072,0.32578276068474893,10.915906950117728,1600375462.1169925,71936915.39232334,0.6910121163527476
105282473.41716293,131074533.33333333,direct_plus_discharge,131074533.33333333,0.0,25792059.916170403,0.0,182.76304138089745,0.0,0.8404064837510227,18,226,378.58003173303143,31.72,132557328.05929336,439.9391998485321,663.5285111953705,1445.0192142005467,11210.61682973325,2545018854.54685,2388983714.396374,370.8644662813588,1182672274.2216449,26581455.284684956,1156090818.93696,0.32597550582090346,10.965023967964262,1607486088.5928297,71651501.22054645,0.6885027325637151
0.0,131074533.33333333,discharging,131074533.33333333,0.0,131074533.33333333,0.0,928.7967086553953,0.0,0.7230847942366568,19,226,0.0,30.08,132728987.52465433,1.0,654.15,1445.0192143427037,11210.616829527778,2545018854.5002046,2389139139.0077376,370.8756563083108,1182688509.07598,26753114.750385184,1155935394.3255947,0.32591590685149846,10.949794137662039,1617203944.7764747,71202715.43552962,0.6846309136096691
0.0,131074533.33333333,discharging,131074533.33333333,0.0,131074533.33333333,0.0,928.7967086553953,0.0,0.6057631047222911,20,226,0.0,28.58,132728987.52465476,1.0,654.15,1445.01921434078,11210.616829588625,2545018854.514018,2389139139.020055,370.875656308264,1182688509.064428,26753114.7511482,1155935394.3132799,0.32591590684802624,10.949794137580865,1626092227.8712716,71507069.91277052,0.6809235818029483
0.0,131074533.33333333,discharging,131074533.33333333,0.0,131074533.33333333,0.0,928.7967086553953,0.0,0.4884414152079254,21,226,0.0,26.91,132728987.52465469,1.0,654.15,1445.0192141652353,11210.616829349627,2545018854.4597607,2389139138.9716835,370.87565630844836,1182688509.0284886,26753114.66683975,1155935394.3616488,0.3259159068616639,10.949794137899529,1635987849.7168124,71845917.89743175,0.6768430372333198
0.0,131074533.33333333,discharging,131074533.33333333,0.0,131074533.33333333,0.0,928.7967086553953,0.0,0.3711197256935597,22,226,0.0,26.67,132728987.52465469,1.0,654.15,1445.019214307396,11210.616829316255,2545018854.4521847,2389139138.964927,370.87565630847405,1182688509.035724,26753114.667318624,1155935394.3684053,0.32591590686356886,10.949794137944059,1637409975.0119796,71894614.61379026,0.6762606274996795
0.0,131074533.33333333,discharging,131074533.33333333,0.0,131074533.33333333,0.0,928.7967086553953,0.0,0.253798036179194,23,226,0.0,25.96,132728987.52465469,1.0,654.15,1445.0192141571617,11210.616829415809,2545018854.4747853,2389139138.98508,370.87565630839725,1182688509.0158808,26753114.667627946,1155935394.3482528,0.32591590685788685,10.949794137811253,1641617095.6768503,72038675.73301752,0.6745435189689442
0.0,131074533.33333333,discharging,131074533.33333333,0.0,131074533.33333333,0.0,928.7967086553953,0.0,0.13647634666482827,0,227,0.0,25.0,132728987.52465469,1.0,654.15,1445.0192143073841,11210.616829230123,2545018854.432631,2389139138.9474955,370.87565630854056,1182688509.0530634,26753114.667225167,1155935394.3858383,0.3259159068684841,10.949794138058902,1647305596.8575206,72233462.59845152,0.6722356133925524
0.0,131074533.33333333,discharging,131074533.33333333,0.0,131074533.33333333,0.0,928.7967086553953,0.0,0.019154657150462565,1,227,0.0,24.02,132728987.52465469,1.0,654.15,1445.0192143463862,11210.616829610692,2545018854.519027,2389139139.024518,370.8756563082468,1182688509.0592694,26753114.750453874,1155935394.3088155,0.3259159068467675,10.949794137551473,1653112608.4794548,72432307.52358212,0.6698958593244646
0.0,131074533.33333333,shutdown,0.0,0.0,0.0,0.0,0.0,0.0,0.019154657150462565,2,227,0.0,23.35,0.0,1.0,567.279923475184,1445.0192141534753,11210.61682933289,2545018854.455961,2259509895.5958056,362.89907080586624,1179588764.880428,25103923.74442322,1154484841.136005,0.33816193354891766,,1657082708.261797,0.0,0.6966971747276308
0.0,131074533.33333333,shutdown,0.0,0.0,0.0,0.0,0.0,0.0,0.019154657150462565,3,227,0.0,22.96,0.0,1.0,567.279923475184,1445.019214163993,11210.616829436744,2545018854.479538,2259509895.6167374,362.89907080586624,1179588764.8588529,25103923.743780475,1154484841.1150725,0.33816193354278634,,1659393661.8664443,0.0,0.695726919805477
0.0,131074533.33333333,shutdown,0.0,0.0,0.0,0.0,0.0,0.0,0.019154657150462565,4,227,0.0,22.73,0.0,1.0,567.279923475184,1445.0192143110648,11210.616829313032,2545018854.451453,2259509895.591803,362.89907080586624,1179588764.88417,25103923.744163986,1154484841.140006,0.33816193355008967,,1660756531.9409797,0.0,0.6951559839964756
0.0,131074533.33333333,shutdown,0.0,0.0,0.0,0.0,0.0,0.0,0.019154657150462565,5,227,0.0,22.43,0.0,1.0,567.279923475184,1445.0192143358515,11210.616829506731,2545018854.495426,2259509895.630843,362.89907080586624,1179588764.9289012,25103923.827934746,1154484841.1009665,0.3381619335386545,,1662534188.5599391,0.0,0.6944126918081384
44316178.79813874,131074533.33333333,direct_plus_discharge,65716209.41097312,0.0,21400030.61283438,0.0,151.6410357744953,0.0,0.0,6,227,199.74420760721517,21.37,66473227.46851618,185.18204985122787,661.8784216162974,1445.0192143513145,11210.616829606535,2545018854.5180836,2329212741.819881,366.57234839705313,1176359146.2078364,25855678.616686035,1150503467.5911503,0.33055949360884934,21.68683325318203,1668815241.9469292,36894237.86160477,0.6745014207931204
139674837.35602173,131074533.33333333,charging,131074533.33333333,8600304.022688404,0.0,60.94192263416092,0.0,0.0,0.007697927069578221,7,227,479.16234393412975,22.9,132613126.21993268,583.6530449080889,665.9795783673154,1445.0192141652485,11210.616829349688,2545018854.4597745,2389034235.2389336,370.8681035949298,1182677551.4565365,26637253.362117868,1156040298.0944188,0.325956132499446,10.960069165982393,1659749193.1902366,73662195.45166595,0.6669162933100123
192108058.81733632,131074533.33333333,charging,131074533.33333333,61033525.48400299,0.0,432.48475615789977,0.0,0.0,0.06232758047899714,8,227,646.3029270298064,26.53,133189718.23915151,802.7534207490996,665.9803148859258,1445.019214299304,11210.616829296278,2545018854.4476495,2389556299.845884,370.90569108621423,1182732078.8699489,27213845.382501733,1155518233.487447,0.32575597170513165,10.909111586765382,1638239548.1008277,73256573.26512064,0.6751509507162807
209777472.38874894,131074533.33333333,charging,131074533.33333333,78702939.05541563,0.0,557.6905665594044,0.0,-1.4901161193847656e-08,0.13277270467597455,9,227,732.6392208858144,29.0,133384023.34888735,876.5878151748374,665.9805616524908,1445.0192143426968,11210.616829613798,2545018854.5197325,2389732231.9959893,370.91835814650244,1182750451.9120247,27408150.574678533,1155342301.3373463,0.3256885337851446,10.892038663150185,1623603508.6047287,72868769.63808022,0.6810263369195987
219353337.94925135,131074533.33333333,charging,131074533.33333333,88278804.61591803,0.0,625.5453373446867,0.0,0.0,0.21178895781425072,10,227,807.0450944117049,30.95,133489326.19898164,916.6020596716605,665.9806950869618,1445.0192142054675,11210.616829643035,2545018854.5263696,2389827578.1109653,370.9252231112865,1182760408.6466782,27513453.424307745,1155246955.2223704,0.3256519890533905,10.882806823250656,1612048740.5814924,72535451.11434476,0.685775730840384
225857860.29978666,131074533.33333333,charging,131074533.33333333,94783326.96645333,0.0,671.6365100302985,0.0,0.0,0.29662725381807786,11,227,863.9786626640154,32.45,133560854.43187639,943.782218585222,665.98078560414,1445.019214339547,11210.616829589791,2545018854.5142827,2389892343.274143,370.92988626317884,1182767171.717588,27584981.658401415,1155182190.0591865,0.3256271667943475,10.876544284349146,1603160457.4866955,72273505.01179473,0.6894823764563788
129211089.13347593,131074533.33333333,direct_plus_discharge,131074533.33333333,0.0,1863444.1998573989,0.0,13.204402072438217,0.0,0.29495932934576985,12,227,524.6023195214152,33.56,132518911.38941571,539.92864453042,665.9558146566056,1445.0192141603052,11210.616829353734,2545018854.4606934,2388948931.046226,370.8619620271127,1182668640.818686,26543038.531630497,1156125602.2870555,0.3259888446031496,10.968437742233498,1596583127.9965458,71486520.92488337,0.6930919239700838
16585844.428419784,131074533.33333333,direct_plus_discharge,131074533.33333333,0.0,114488688.90491354,0.0,811.2690904092876,0.0,0.192483233715123,13,227,123.5619927125635,34.19,132699727.81825764,69.30653213036815,655.4873410130699,1445.0192143426812,11210.616829613675,2545018854.5197043,2389112646.5170684,370.8737489315862,1182685741.8602796,26723855.04402171,1155961886.816258,0.32592606522327294,10.952387308437393,1592850049.0967312,70480472.31802045,0.694968241088398
73727533.90628672,131074533.33333333,direct_plus_discharge,131074533.33333333,0.0,57346999.42704661,0.0,406.3619603638012,0.0,0.14115330187969546,14,227,298.74714106228674,34.58,132607988.56164296,308.0819743379026,660.5047463994962,1445.0192143395418,11210.616829589693,2545018854.5142603,2389029583.531503,370.86776868548617,1182677065.5899684,26632115.78813361,1156044949.8018348,0.3259579162766953,10.960525208654435,1590539095.492084,70825758.31648342,0.6958404995457075
85743995.13348672,131074533.33333333,direct_plus_discharge,131074533.33333333,0.0,45330538.19984661,0.0,321.21308091575787,0.0,0.10057901797454712,15,227,317.3682718934737,33.91,132588696.4960673,358.29462764780743,661.633517325368,1445.0192141640011,11210.61682935077,2545018854.4600205,2389012116.0023046,370.8665110926138,1182675240.9693046,26612823.63827314,1156062417.3310313,0.32596461452470915,10.962237979919726,1594509195.2744267,71055107.15999176,0.6940965387174244
0.0,131074533.33333333,discharging,112369229.41281408,0.0,112369229.41281408,0.0,796.2505589651646,0.0,0.0,16,227,0.0,33.07,113787956.32615143,1.0,654.15,1445.0192142091623,11210.616829726041,2545018854.5452137,2371994504.1386237,369.64214201106336,1180892112.7462761,26517387.47209445,1154374725.2741816,0.3272233874499506,12.742983273234035,1599486633.8075128,60521659.62632097,0.6954029867442911
113654841.58698395,131074533.33333333,direct_partial,113654841.58698395,0.0,0.0,0.0,0.0,0.0,0.0,17,227,389.96890151098086,32.16,114907300.5782438,474.92444320308203,665.9529561153267,1445.0192143407771,11210.616829502564,2545018854.49448,2373007403.556339,369.7149691505855,1180998557.5816581,26351119.551011104,1154647438.030647,0.3271968741829652,12.622149980035173,1604878858.885023,62227381.34763046,0.6926057920996743
69491067.8697694,131074533.33333333,direct_partial,69491067.8697694,0.0,0.0,0.0,0.0,0.0,0.0,18,227,269.71015258647583,31.21,70257871.4167076,290.37924170066685,665.8277061867456,1445.0192143024508,11210.616829320277,2545018854.453098,2332632345.363788,366.81724313415486,1176724186.5288692,25865464.02291213,1150858722.5059571,0.3303023957977069,20.528861266089905,1610508104.8450613,38141926.787645236,0.6980612625022837
0.0,131074533.33333333,shutdown,0.0,0.0,0.0,0.0,0.0,0.0,0.0,19,227,0.0,29.78,0.0,1.0,567.279923475184,1445.019214342697,11210.616829613753,2545018854.5197225,2259509895.652411,362.89907080586624,1179588764.9067025,25103923.827303294,1154484841.079399,0.3381619335323372,,1618981601.3954344,0.0,0.7130932433601002
0.0,131074533.33333333,shutdown,0.0,0.0,0.0,0.0,0.0,0.0,0.0,20,227,0.0,27.96,0.0,1.0,567.279923475184,1445.019214202336,11210.616829619108,2545018854.520938,2259509895.653493,362.89907080586624,1179588764.9059227,25103923.827605218,1154484841.0783174,0.33816193353202034,,1629766051.5504544,0.0,0.7083745792716782
0.0,131074533.33333333,shutdown,0.0,0.0,0.0,0.0,0.0,0.0,0.0,21,227,0.0,27.17,0.0,1.0,567.279923475184,1445.0192143463737,11210.616829610633,2545018854.519014,2259509895.651785,362.89907080586624,1179588764.9073324,25103923.8273059,1154484841.0800266,0.338161933532521,,1634447213.9803808,0.0,0.7063457487063786
0.0,131074533.33333333,shutdown,0.0,0.0,0.0,0.0,0.0,0.0,0.0,22,227,0.0,26.24,0.0,1.0,567.279923475184,1445.0192143074023,11210.616829230255,2545018854.432661,2259509895.5751195,362.89907080586624,1179588764.900822,25103923.74413129,1154484841.1566906,0.33816193355497676,,1639957949.4991548,0.0,0.7039722216714591
0.0,131074533.33333333,shutdown,0.0,0.0,0.0,0.0,0.0,0.0,0.0,23,227,0.0,25.22,0.0,1.0,567.279923475184,1445.0192141620887,11210.61682941168,2545018854.473848,2259509895.6116858,362.89907080586624,1179588764.8646362,25103923.744512293,1154484841.1201239,0.33816193354426594,,1646001982.0036168,0.0,0.7013872727630696
0.0,131074533.33333333,shutdown,0.0,0.0,0.0,0.0,0.0,0.0,0.0,0,228,0.0,24.33,0.0,1.0,567.279923475184,1445.0192143476302,11210.616829609673,2545018854.518796,2259509895.6515913,362.89907080586624,1179588764.9075525,25103923.827333182,1154484841.0802193,0.3381619335325774,,1651275696.6398633,0.0,0.6991472371509189
0.0,131074533.33333333,shutdown,0.0,0.0,0.0,0.0,0.0,0.0,0.0,1,228,0.0,23.03,0.0,1.0,567.279923475184,1445.0192142091537,11210.616829639908,2545018854.52566,2259509895.6576853,362.89907080586624,1179588764.9009793,25103923.82685273,1154484841.0741265,0.33816193353079277,,1658978875.3220208,0.0,0.6959008690511698
0.0,131074533.33333333,shutdown,0.0,0.0,0.0,0.0,0.0,0.0,0.0,2,228,0.0,22.16,0.0,1.0,567.279923475184,1445.019214295619,11210.61682929938,2545018854.448354,2259509895.5890517,362.89907080586624,1179588764.8876228,25103923.744863898,1154484841.1427588,0.33816193355089597,,1664134079.5170026,0.0,0.693745086620566
0.0,131074533.33333333,shutdown,0.0,0.0,0.0,0.0,0.0,0.0,0.0,3,228,0.0,21.58,0.0,1.0,567.279923475184,1445.0192143427062,11210.61682952778,2545018854.5002046,2259509895.6350856,362.89907080586624,1179588764.9239786,25103923.827253334,1154484841.0967252,0.3381619335374122,,1667570882.3136578,0.0,0.6923153032601196
0.0,131074533.33333333,shutdown,0.0,0.0,0.0,0.0,0.0,0.0,0.0,4,228,0.0,21.2,0.0,1.0,567.279923475184,1445.019214200553,11210.616829733332,2545018854.546869,2259509895.6765146,362.89907080586624,1179588764.8822327,25103923.82693709,1154484841.0552955,0.33816193352527696,,1669822580.6976726,0.0,0.691381739833065
0.0,131074533.33333333,shutdown,0.0,0.0,0.0,0.0,0.0,0.0,0.0,5,228,0.0,21.06,0.0,1.0,567.279923475184,1445.0192141620935,11210.616829411698,2545018854.473852,2259509895.611689,362.89907080586624,1179588764.8646395,25103923.744518694,1154484841.1201208,0.338161933544265,,1670652153.7865207,0.0,0.6910384298152608
82919737.58949256,131074533.33333333,direct_partial,82919737.58949256,0.0,0.0,0.0,0.0,0.0,0.0,6,228,317.756588149766,20.64,83834212.08959475,346.4930279727335,665.8799087531569,1445.0192143110858,11210.616829227145,2545018854.4319553,2344902759.98312,367.6967037965164,1178030112.582493,26013134.976050764,1152016977.6064422,0.3293515094639751,17.23375505400129,1673140873.0530639,46846081.27795871,0.6697823926545486
156264286.2434271,131074533.33333333,charging,131074533.33333333,25189752.91009377,0.0,178.49508214718873,0.0,0.0,0.02254674721859226,7,228,528.9911150091872,22.28,132795555.2900321,652.9746388312753,665.9798120863527,1445.019214347626,11210.616829609617,2545018854.518783,2389199411.3203173,370.8799957372064,1182694804.5288727,26819682.51578037,1155875122.0130923,0.325892796467817,10.943898758359534,1663423016.869419,73887176.70655744,0.6653245495750573
201039732.80908903,131074533.33333333,charging,131074533.33333333,69965199.4757557,0.0,495.7747728785868,0.0,0.0,0.08517092905588744,8,228,674.3641333857715,25.56,133287937.11257768,840.0758105230376,665.980439713197,1445.0192143042432,11210.616829206132,2545018854.4271846,2389645231.2279987,370.9120941005119,1182741366.3612196,27312064.25588635,1155429302.1053333,0.3257218817838143,10.900475212113582,1643987304.5021296,73504740.30871347,0.6727421565627032
219090099.04136515,131074533.33333333,charging,131074533.33333333,88015565.70803182,0.0,623.6800212911634,0.0,0.0,0.16395156332424493,9,228,764.5049767023306,27.85,133486431.44162665,915.502074928277,665.9806914216799,1445.0192142054914,11210.616829729206,2545018854.5459323,2389824957.0759974,370.92503439353544,1182760134.924396,27510558.66706048,1155249576.2573357,0.3256529936290315,10.883060410202804,1630417858.977406,73155229.07875039,0.678133262586063
215053158.86541453,131074533.33333333,charging,131074533.33333333,83978625.5320812,0.0,595.0741841913937,0.0,0.0,0.23911882869578938,10,228,795.3201568067241,29.75,133442038.45140499,898.6330921507979,665.9806351923154,1445.019214302455,11210.616829320305,2545018854.453104,2389784761.476181,370.9221402921021,1182755937.4511828,27466165.594030697,1155289771.8571522,0.32566839974684425,10.886950711315247,1619159367.0573301,72750193.50720687,0.682831871623013
217337557.6006871,131074533.33333333,charging,131074533.33333333,86263024.26735376,0.0,611.2614783409134,0.0,0.0,0.31633080490727317,11,228,837.6189970239043,31.43,133467159.28210974,908.1788077776503,665.9806670156272,1445.0192143358458,11210.616829506711,2545018854.495422,2389807507.097664,370.9237779867624,1182758312.7441843,27491286.508514527,1155267026.2356696,0.3256596817853157,10.884748974070765,1609204489.9911573,72427208.14312106,0.6869917042580757
230368746.96291167,131074533.33333333,charging,131074533.33333333,99294213.62957834,0.0,703.6007412145003,0.0,0.0,0.40520668800805215,12,228,890.2166796901755,32.8,133610459.26593561,962.6316605176825,665.9808483209939,1445.0192142005546,11210.61682973334,2545018854.5468707,2389937258.039849,370.9331201789213,1182771861.7848377,27634586.491353843,1155137275.293484,0.32560995310981883,10.872205149208115,1601086524.7645762,72230135.61928582,0.6903279592211156
244014183.73583812,131074533.33333333,charging,131074533.33333333,112939650.40250479,0.0,800.2925732626737,0.0,0.0,0.5062962762096531,13,228,908.4710421287689,33.52,133760513.9397281,1019.6512416561171,665.9810377568343,1445.0192143513068,11210.61682952048,2545018854.4985476,2390073125.5418563,370.94290287628746,1182786048.9569423,27784641.165465478,1155001407.7914767,0.32555788454527534,10.859098848072243,1596820148.8790736,72166662.93751094,0.6920374682495736
73522968.19648741,131074533.33333333,direct_plus_discharge,131074533.33333333,0.0,57551565.13684592,0.0,407.81151698729997,0.0,0.4547832424849415,14,228,299.675440842685,33.65,132608316.98570262,307.2271646837927,660.4857645995861,1445.019214153483,11210.61682941894,2545018854.475496,2389029880.859747,370.8677900946383,1182677096.6022604,26632444.128677774,1156044652.4735825,0.32595780225771204,10.960496055343325,1596049831.0108583,71010877.90103434,0.6934628392916443
91400967.18555227,131074533.33333333,direct_plus_discharge,131074533.33333333,0.0,39673566.14778106,0.0,281.1276662337751,0.0,0.41927237938172784,15,228,335.6963387901385,33.33,132579614.39829093,381.9331657384743,662.1744417880699,1445.019214342681,11210.616829613673,2545018854.519704,2389003892.918465,370.8659190579991,1182674382.0389166,26603741.62404644,1156070640.4148703,0.32596776785201476,10.96304447077776,1597945998.0710814,71216629.57654685,0.6926051549836908
195935977.40957928,131074533.33333333,charging,131074533.33333333,64861444.07624595,0.0,459.6094622244435,0.0,0.0,0.4773283114521838,16,228,635.0001287554993,32.61,133231812.68323456,818.7489743097427,665.9803684066435,1445.0192143427084,11210.6168295278,2545018854.5002093,2389594413.8974047,370.90843526901494,1182736059.3449,27255939.909001447,1155480119.4358985,0.3257413612790809,10.905408667890434,1602212373.9565837,72063404.45599374,0.6901372726848131
189698240.86864772,131074533.33333333,charging,131074533.33333333,58623707.535314396,0.0,415.4087390073473,0.0,0.0,0.5298009942741645,17,228,615.2766720445144,31.78,133163218.21191113,792.6836214205262,665.9802811753073,1445.0192141571474,11210.616829415745,2545018854.4747705,2389532305.703888,370.9039635262625,1182729572.9843102,27187345.354864217,1155542227.629446,0.32576516967041147,10.911443912781218,1607130557.2690384,72192253.63965917,0.6881001199550021
115242062.88112846,131074533.33333333,direct_plus_discharge,131074533.33333333,0.0,15832470.452204868,0.0,112.18919550524191,0.0,0.5156297274735023,18,228,408.1714595947483,30.57,132541338.2392143,481.5568943933355,664.5241190635733,1445.0192142054807,11210.61682964311,2545018854.5263867,2388969236.848511,370.86342395722147,1182670761.9493866,26565465.464564353,1156105296.4848223,0.3259810576630146,10.96644461165191,1614300438.9655077,71963468.91109887,0.6856016374925703
0.0,131074533.33333333,discharging,131074533.33333333,0.0,131074533.33333333,0.0,928.7967086553953,0.0,0.39830803795913666,19,228,0.0,28.98,132728987.5246546,1.0,654.15,1445.0192143463753,11210.616829610653,2545018854.5190187,2389139139.024511,370.8756563082469,1182688509.0592656,26753114.750442393,1155935394.308823,0.3259159068467697,10.949794137551535,1623722019.0459924,71425908.71883959,0.6819082720603639
0.0,131074533.33333333,discharging,131074533.33333333,0.0,131074533.33333333,0.0,928.7967086553953,0.0,0.28098634844477094,20,228,0.0,27.37,132728987.52465476,1.0,654.15,1445.0192142992923,11210.616829296196,2545018854.447631,2389139138.96087,370.87565630848957,1182688509.0404456,26753114.667980697,1155935394.372465,0.32591590686471344,10.94979413797078,1633262109.5677412,71752582.52441132,0.6779621311966906
0.0,131074533.33333333,discharging,131074533.33333333,0.0,131074533.33333333,0.0,928.7967086553953,0.0,0.16366465893040524,21,228,0.0,25.43,132728987.52465469,1.0,654.15,1445.0192143061538,11210.616829231263,2545018854.43289,2389139138.947727,370.87565630853976,1182688509.052855,26753114.667248443,1155935394.3856065,0.32591590686841876,10.949794138057369,1644757622.3703454,72146214.31497587,0.6732674071119042
0.0,131074533.33333333,discharging,131074533.33333333,0.0,131074533.33333333,0.0,928.7967086553953,0.0,0.04634296941603954,22,228,0.0,24.28,132728987.52465469,1.0,654.15,1445.0192142042267,11210.616829730117,2545018854.5461392,2389139139.0486913,370.87565630815465,1182688509.0346892,26753114.75004704,1155935394.2846422,0.32591590683995186,10.949794137392201,1651571972.7430232,72379552.74752706,0.6705150215611317
0.0,131074533.33333333,discharging,51775448.46679462,0.0,51775448.46679462,0.0,366.881841210313,0.0,0.0,23,228,0.0,23.61,52430562.71145478,1.0,654.15,1445.0192143444635,11210.61682949947,2545018854.4937778,2316528356.294288,365.6647530414401,1175000866.9769285,25753774.80442331,1149247092.1725051,0.3315361641842783,27.445426308987688,1655542072.5253658,28645049.006262816,0.6823749436626496
0.0,131074533.33333333,shutdown,0.0,0.0,0.0,0.0,0.0,0.0,0.0,0,229,0.0,22.5,0.0,1.0,567.279923475184,1445.0192143513066,11210.616829606515,2545018854.5180793,2259509897.077263,362.89907080586624,1179588763.4818244,25103923.827326074,1154484839.6544983,0.3381619331149673,,1662119402.0155153,0.0,0.6945859835668542
0.0,131074533.33333333,shutdown,0.0,0.0,0.0,0.0,0.0,0.0,0.0,1,229,0.0,21.33,0.0,1.0,567.279923475184,1445.0192142091641,11210.616829726066,2545018854.5452194,2259509895.6750507,362.89907080586624,1179588764.8837135,25103923.826952588,1154484841.0567608,0.33816193352570617,,1669052262.8294573,0.0,0.6917008333217936
0.0,131074533.33333333,shutdown,0.0,0.0,0.0,0.0,0.0,0.0,0.0,2,229,0.0,20.72,0.0,1.0,567.279923475184,1445.0192143407849,11210.61682950263,2545018854.494495,2259509895.6300163,362.89907080586624,1179588764.9297543,25103923.82795999,1154484841.1017942,0.33816193353889695,,1672666831.2880077,0.0,0.6902060945471152
0.0,131074533.33333333,shutdown,0.0,0.0,0.0,0.0,0.0,0.0,0.0,3,229,0.0,20.13,0.0,1.0,567.279923475184,1445.0192141689436,11210.616829432707,2545018854.4786215,2259509895.615924,362.89907080586624,1179588764.8597126,25103923.743825145,1154484841.1158874,0.33816193354302504,,1676162889.305295,0.0,0.6887664966704858
0.0,131074533.33333333,shutdown,0.0,0.0,0.0,0.0,0.0,0.0,0.0,4,229,0.0,19.61,0.0,1.0,567.279923475184,1445.0192143110798,11210.616829227114,2545018854.431948,2259509895.5744863,362.89907080586624,1179588764.9014535,25103923.744128156,1154484841.1573253,0.33816193355516266,,1679244160.7781575,0.0,0.6875026682375599
0.0,131074533.33333333,shutdown,0.0,0.0,0.0,0.0,0.0,0.0,0.0,5,229,0.0,19.05,0.0,1.0,567.279923475184,1445.0192143005634,11210.616829295295,2545018854.4474263,2259509895.588228,362.89907080586624,1179588764.8884778,25103923.744895544,1154484841.1435823,0.33816193355113716,,1682562453.1335485,0.0,0.6861467988861323
87854059.59228343,131074533.33333333,direct_partial,87854059.59228343,0.0,0.0,0.0,0.0,0.0,0.0,6,229,332.9536584115956,18.44,88822795.31471471,367.11186036947447,665.8950805609682,1445.0192141603131,11210.616829439876,2545018854.480249,2349412868.5591836,368.0202297627821,1178508587.2311993,26067396.19802247,1152441191.033177,0.3290035660880854,16.27601292325046,1686177021.5920994,49928020.984802365,0.6638084463614066
177143440.8386407,131074533.33333333,charging,131074533.33333333,46068907.50530736,0.0,326.44518026598087,0.0,0.0,0.041235180665176535,7,229,592.0043091499246,21.26,133025156.93513538,740.2214356436558,665.9801053310072,1445.0192142054836,11210.616829643135,2545018854.5263925,2389407299.963057,370.89496326598885,1182716517.5307803,27049284.1604911,1155667233.3702893,0.3258130918836962,10.923610018592063,1669467049.373881,74218690.88641183,0.6627726583333613
212530617.6969363,131074533.33333333,charging,131074533.33333333,81456084.36360298,0.0,577.1994080991375,0.0,0.0,0.11414457958296233,8,229,710.5116058636213,24.32,133414298.84158191,888.0922613056902,665.9806000376091,1445.0192143358418,11210.616829592715,2545018854.514946,2389759644.802159,370.9203318766232,1182753314.5992203,27438426.068030097,1155314888.5311902,0.3256780266428033,10.889382936106786,1651334951.860495,73822846.06628457,0.6696865005158356
221122532.29948217,131074533.33333333,charging,131074533.33333333,90047998.96614884,0.0,638.0818831379664,0.0,0.0,0.19474439640038962,9,229,772.6453662624934,26.89,133508781.48542716,923.9949135964821,665.9807197167233,1445.0192143513102,11210.616829520475,2545018854.4985466,2389845193.8434944,370.9264914597404,1182762248.2010026,27532908.711163927,1155229339.4898386,0.3256452374463514,10.881102783051341,1636106360.1580765,73359930.90920278,0.67578363231052
216618813.61434707,131074533.33333333,charging,131074533.33333333,85544280.28101374,0.0,606.1684443860963,0.0,0.0,0.2713130420070544,10,229,803.5407585744233,28.93,133459255.47542109,905.1754241755732,665.9806570042978,1445.0192143513207,11210.61682960658,2545018854.518094,2389800350.636982,370.9232627157313,1182757565.397595,27483382.7012433,1155274182.6963515,0.3256624247095193,10.885441620593047,1624018295.1491523,72923905.88229464,0.6807976028848507
209462628.20884588,131074533.33333333,charging,131074533.33333333,78388094.87551256,0.0,555.4595745383257,0.0,0.0,0.34147635668557974,11,229,813.5744336350119,30.71,133380561.10421957,875.2721897712178,665.9805572617375,1445.0192141620885,11210.616829411634,2545018854.4738374,2389729097.0826516,370.91813243522427,1182750124.4978795,27404688.24719824,1155345436.2506812,0.3256897353835215,10.892342443839043,1613470865.87666,72524404.18611331,0.6852601883086332
201451235.4791592,131074533.33333333,charging,131074533.33333333,70376702.14582588,0.0,498.69068885283724,0.0,0.0,0.4044688647512013,12,229,790.6973971676783,32.15,133292462.28095473,841.7953384703806,665.9804454598502,1445.0192143426964,11210.61682952773,2545018854.500193,2389649328.5728498,370.9123891033181,1182741794.2671545,27316589.506667018,1155425204.7604876,0.32572031120815287,10.900077620735372,1604938114.105655,72188282.70361489,0.6889315003083143
212025691.5951915,131074533.33333333,charging,131074533.33333333,80951158.26185818,0.0,573.6214918595111,0.0,0.0,0.476926316354508,13,229,801.2586938179993,33.12,133408746.32443258,885.9823490099933,665.9805929990912,1445.01921430247,11210.616829320434,2545018854.453133,2389754617.243123,370.9199698948173,1182752789.5573034,27432873.46709337,1155319916.09021,0.3256799536527243,10.889869905860778,1599190357.7043529,72056963.45522858,0.6912920077493979
229694460.66085738,131074533.33333333,charging,131074533.33333333,98619927.32752405,0.0,698.8227352806796,0.0,0.0,0.5651986618636465,14,229,811.8825106348066,33.65,133603044.34673747,959.8140502681665,665.9808389490485,1445.0192141571642,11210.61682932983,2545018854.4552665,2389930544.109269,370.9326367732079,1182771160.7137225,27627171.489657708,1155143989.2240648,0.32561252619986275,10.872853557881367,1596049831.0108583,72055606.93057634,0.6924885939162202
247220179.42697245,131074533.33333333,charging,131074533.33333333,116145646.09363912,0.0,823.0103214793801,0.0,0.0,0.669157860366305,15,229,816.4746575968841,33.66,133795769.28886928,1033.0479935873416,665.9810822032495,1445.0192143110683,11210.616829313078,2545018854.451463,2390105047.6745405,370.9452013428449,1182789382.0903149,27819896.43152079,1154969485.6587942,0.3255456516569159,10.856023786081076,1595990575.790226,72157562.02971767,0.6923662590111401
233128897.26030704,131074533.33333333,charging,131074533.33333333,102054363.92697372,0.0,723.1592202448664,0.0,0.0,0.7605042881867091,16,229,746.7134358885028,33.22,133640811.79032843,974.1653780860984,665.9808866736641,1445.0192141603104,11210.616829439818,2545018854.4802356,2389964740.732,370.93509897632305,1182774731.5339046,27664938.932569712,1155109792.6013348,0.3255994205395345,10.869551679852325,1598597805.498033,72162267.39440559,0.6913678458939922
198365986.91636077,131074533.33333333,charging,131074533.33333333,67291453.58302744,0.0,476.82855715084133,0.0,0.0,0.8207352638268153,17,229,640.9725269367759,32.38,133258534.75086518,828.9031472062827,665.98040236473,1445.019214344472,11210.616829499544,2545018854.4937944,2389618609.1535525,370.9101773159868,1182738586.1570947,27282661.977315217,1155455924.1797795,0.3257320865846985,10.903059223484325,1603575244.0311193,72123882.77332215,0.6895366272483737
108618150.58319148,131074533.33333333,direct_plus_discharge,131074533.33333333,0.0,22456382.750141844,0.0,159.12636769490086,0.0,0.8006350910653541,18,229,387.36533512809854,31.0,132551972.73034945,453.8778460043926,663.8596786431606,1445.0192143476386,11210.616829609678,2545018854.5187974,2388978865.539675,370.86411718484305,1182671767.7498212,26576099.956164047,1156095667.793657,0.3259773652502334,10.96549973354684,1611752464.4783325,71822749.66872959,0.6866908339342366
0.0,131074533.33333333,discharging,131074533.33333333,0.0,131074533.33333333,0.0,928.7967086553953,0.0,0.6833134015509884,19,229,0.0,28.84,132728987.5246543,1.0,654.15,1445.0192141639966,11210.616829350733,2545018854.460012,2389139138.9719076,370.87565630844745,1182688509.0282788,26753114.666854415,1155935394.3614244,0.32591590686160066,10.949794137898076,1624551592.1348405,71454315.13671522,0.6815633067110196
0.0,131074533.33333333,discharging,131074533.33333333,0.0,131074533.33333333,0.0,928.7967086553953,0.0,0.5659917120366227,20,229,0.0,27.25,132728987.52465484,1.0,654.15,1445.0192141620828,11210.61682941163,2545018854.4738364,2389139138.984229,370.8756563084005,1182688509.0167356,26753114.6676298,1155935394.3491058,0.3259159068581274,10.949794137816912,1633973172.215325,71776930.8825906,0.6776698370117298
0.0,131074533.33333333,discharging,131074533.33333333,0.0,131074533.33333333,0.0,928.7967086553953,0.0,0.44867002252225696,21,229,0.0,25.36,132728987.52465469,1.0,654.15,1445.0192143476306,11210.616829609662,2545018854.5187936,2389139139.0243125,370.8756563082476,1182688509.0594833,26753114.75046238,1155935394.309021,0.3259159068468255,10.949794137552807,1645172408.9147692,72160417.52391377,0.673099224863791
0.0,131074533.33333333,discharging,131074533.33333333,0.0,131074533.33333333,0.0,928.7967086553953,0.0,0.33134833300789124,22,229,0.0,24.6,132728987.52465469,1.0,654.15,1445.0192143476193,11210.616829523524,2545018854.4992385,2389139139.0068774,370.8756563083141,1182688509.0768235,26753114.75036607,1155935394.3264575,0.32591590685174165,10.949794137667697,1649675805.6827996,72314623.79238237,0.6712786404270299
0.0,131074533.33333333,discharging,131074533.33333333,0.0,131074533.33333333,0.0,928.7967086553953,0.0,0.21402664349352554,23,229,0.0,23.78,132728987.52465469,1.0,654.15,1445.0192142956134,11210.616829299312,2545018854.448338,2389139138.9615006,370.8756563084872,1182688509.0398092,26753114.667977422,1155935394.371832,0.325915906864535,10.94979413796661,1654534733.7746222,72481004.23994061,0.669325339038737
0.0,131074533.33333333,discharging,131074533.33333333,0.0,131074533.33333333,0.0,928.7967086553953,0.0,0.09670495397915983,0,230,0.0,22.76,132728987.52465469,1.0,654.15,1445.0192142005426,11210.616829647175,2545018854.5273094,2389139139.0319037,370.8756563082187,1182688509.0513988,26753114.74996974,1155935394.301429,0.3259159068446849,10.949794137502801,1660578766.279084,72687965.28446427,0.666911429874778
0.0,131074533.33333333,discharging,108041034.58029187,0.0,108041034.58029187,0.0,765.5808856683487,0.0,0.0,1,230,0.0,21.77,109405216.8793963,1.0,654.15,1445.0192143061333,11210.616829317165,2545018854.4523916,2368028891.145455,369.35707663328094,1180474986.2098966,26462842.775059354,1154012143.434837,0.32752751171121913,13.24633648294051,1666445033.12165,60080464.81630443,0.6684014483499441
0.0,131074533.33333333,shutdown,0.0,0.0,0.0,0.0,0.0,0.0,0.0,2,230,0.0,20.97,0.0,1.0,567.279923475184,1445.019214300548,11210.616829295224,2545018854.44741,2259509895.5881763,362.89907080586624,1179588764.8884656,25103923.744875018,1154484841.1435907,0.3381619335511396,,1671185450.7722085,0.0,0.6908179104899071
0.0,131074533.33333333,shutdown,0.0,0.0,0.0,0.0,0.0,0.0,0.0,3,230,0.0,20.13,0.0,1.0,567.279923475184,1445.0192142054777,11210.6168296431,2545018854.5263844,2259509895.6583285,362.89907080586624,1179588764.90035,25103923.82686954,1154484841.0734806,0.3381619335306036,,1676162889.305295,0.0,0.688766496645186
0.0,131074533.33333333,shutdown,0.0,0.0,0.0,0.0,0.0,0.0,0.0,4,230,0.0,19.51,0.0,1.0,567.279923475184,1445.019214351308,11210.616829606526,2545018854.5180817,2259509895.650957,362.89907080586624,1179588764.9081829,25103923.82733005,1154484841.0808527,0.33816193353276297,,1679836712.9844775,0.0,0.6872601557979646
0.0,131074533.33333333,shutdown,0.0,0.0,0.0,0.0,0.0,0.0,0.0,5,230,0.0,19.13,0.0,1.0,567.279923475184,1445.019214197408,11210.616829623266,2545018854.521882,2259509895.654331,362.89907080586624,1179588764.9050758,25103923.82759696,1154484841.077479,0.3381619335317747,,1682088411.3684926,0.0,0.6863401669465325
87733765.32317366,131074533.33333333,direct_partial,87733765.32317366,0.0,0.0,0.0,0.0,0.0,0.0,6,230,331.80928660590655,18.65,88701178.20650433,366.6091920451009,665.8947309843497,1445.019214306146,11210.616829317274,2545018854.452416,2349302907.424087,368.0123401771457,1178496931.2584777,26066073.359317224,1152430857.8991604,0.3290120393567921,16.298080865632258,1684932661.9588277,49831665.35963623,0.6643155152265243
174625110.87635434,131074533.33333333,charging,131074533.33333333,43550577.54302101,0.0,308.600244863224,0.0,0.0,0.038981083561670404,7,230,583.7520043491172,21.55,132997463.63468504,729.6982019789892,665.9800700150378,1445.0192143427003,11210.616829613773,2545018854.5197268,2389382225.483039,370.89315794574986,1182713898.7107906,27021590.860421635,1155692307.850369,0.3258227048930861,10.926053422085158,1667748647.9755535,74145323.31124161,0.6634688028666983
220482530.10613078,131074533.33333333,charging,131074533.33333333,89407996.77279745,0.0,633.54681506944,0.0,0.0,0.11900804967570491,8,230,735.1376464605407,24.73,133501743.5780333,921.3205648306749,665.9807108077871,1445.0192141534758,11210.616829332888,2545018854.4559608,2389838821.342543,370.9260326373492,1182761582.711725,27525870.72093445,1155235711.9907906,0.3256476798304861,10.88171915886263,1648905487.8145835,73789054.10871005,0.6705981146843558
217392450.61342254,131074533.33333333,charging,131074533.33333333,86317917.28008921,0.0,611.65045130355,0.0,0.0,0.19626915931404806,9,230,761.6129743333809,27.47,133467762.92369448,908.408186774124,665.980667780179,1445.0192142054777,11210.616829729128,2545018854.5459146,2389808053.708433,370.92381733966613,1182758369.7740061,27491890.14910756,1155266479.6248987,0.32565947228587916,10.88469607727941,1632669557.3614213,73221150.9253947,0.6772218607047249
208190035.7303276,131074533.33333333,charging,131074533.33333333,77115502.39699428,0.0,546.4419593277378,0.0,0.0,0.2652934068080781,10,230,776.7329209410065,29.62,133366566.7959089,869.954464051437,665.9805395120998,1445.019214347634,11210.61682952365,2545018854.499267,2389716426.03106,370.9172201158384,1182748801.3239288,27390694.021656465,1155358107.3022723,0.3256945921847111,10.893570477391298,1619929684.925546,72735072.2804994,0.6825675919485292
204951263.1475585,131074533.33333333,charging,131074533.33333333,73876729.81422518,0.0,523.491953415382,0.0,0.0,0.33141870618686314,11,230,800.7133825647724,31.37,133330951.00936854,856.4207487775831,665.9804943221473,1445.0192143444715,11210.616829585568,2545018854.513324,2389684177.9382386,370.91489825126087,1182745433.630977,27355078.23587951,1155390355.3950975,0.32570695301670094,10.896697009459364,1609560021.3149493,72365289.78125909,0.6869451025991532
237971848.987427,131074533.33333333,charging,131074533.33333333,106897315.65409367,0.0,757.4764709718776,0.0,0.0,0.42709994462541606,12,230,927.4476503503374,32.77,133694068.24182153,994.4024055663713,665.9809539251355,1445.0192143061383,11210.616829317183,2545018854.4523954,2390012961.926095,370.9385709828439,1182779766.7916875,27718195.38444952,1155061571.407238,0.32558094051770015,10.864898820345495,1601264290.4264722,72281366.99941383,0.6901882636317561
133641565.69474667,131074533.33333333,charging,131074533.33333333,2567032.3614133447,0.0,18.190041556198064,0.0,0.0,0.42939763408514636,13,230,530.813113824069,33.8,132546780.18599325,558.4420803383916,665.9794932087973,1445.0192142091641,11210.616829639988,2545018854.525678,2388974164.1036153,370.86377869979145,1182671276.6410637,26570907.411343876,1156100369.2297199,0.3259791681555347,10.965961073900333,1595161002.701378,71455958.93253008,0.6936809091972213
169630379.75445458,131074533.33333333,charging,131074533.33333333,38555846.421121255,0.0,273.2074823741021,0.0,0.0,0.46390805291134873,14,230,616.7928288138411,34.3,132942538.1117927,708.826940676831,665.9799999276346,1445.0192143042484,11210.616829292236,2545018854.446732,2389332494.009545,370.8895773779998,1182708704.5789742,26966665.255185165,1155742039.3237891,0.3258417713017268,10.930902558842012,1592198241.669779,71569548.91254957,0.6946534521618984
152734528.4086848,131074533.33333333,charging,131074533.33333333,21659995.07535146,0.0,153.48314904404398,0.0,0.0,0.48329539805375427,15,230,525.6862429004099,34.16,132756739.6280708,638.224996397224,665.97976241136,1445.0192143463678,11210.61682952456,2545018854.499474,2389164266.513979,370.8774654128272,1182691133.6731305,26780866.85377692,1155910266.8193536,0.32590627203278894,10.947335635517362,1593027814.7586272,71497410.20432955,0.6944384197272095
162529868.94839478,131074533.33333333,charging,131074533.33333333,31455335.615061447,0.0,222.89312382766377,0.0,0.0,0.5114503189583012,16,230,536.028744488024,33.56,132864455.97704543,679.1563512506467,665.9799001917944,1445.019214160306,11210.616829439829,2545018854.4802384,2389261796.0049,370.88448727589093,1182701320.4477227,26888583.11929082,1155812737.3284318,0.32586887705299783,10.937802990623629,1596583127.9965458,71675135.87746911,0.6928260224195825
126188920.70968774,131074533.33333333,direct_plus_discharge,131074533.33333333,0.0,4885612.623645589,0.0,34.61954667477186,0.0,0.5070773235888564,17,230,426.9355007726764,32.44,132523763.38960545,527.3000434441229,665.6425010384058,1445.0192143358431,11210.61682959274,2545018854.5149517,2388953324.1969004,370.86227831209555,1182669099.752506,26547890.61606411,1156121209.136442,0.3259871598975201,10.96800647536334,1603219712.7073276,71683392.18276013,0.6902615475253477
36682337.80276118,131074533.33333333,direct_plus_discharge,131074533.33333333,0.0,94392195.53057215,0.0,668.8649450202271,0.0,0.422589120007354,18,230,170.15907216314122,30.94,132667463.50511836,153.28285722901276,657.189082176802,1445.0192141639895,11210.616829350643,2545018854.4599915,2389083433.5336885,370.87164569789417,1182682690.4469366,26691590.647292636,1155991099.799644,0.3259372669399333,10.95524809161227,1612107995.8021245,71280489.69288741,0.6867048870538739
0.0,131074533.33333333,discharging,131074533.33333333,0.0,131074533.33333333,0.0,928.7967086553953,0.0,0.30526743049298827,19,230,0.0,29.2,132728987.52465338,1.0,654.15,1445.0192143426825,11210.616829613684,2545018854.5197067,2389139139.025123,370.87565630824446,1182688509.0586238,26753114.750414405,1155935394.3082094,0.32591590684659677,10.949794137547588,1622418404.192089,71381270.06217696,0.6824510666039278
0.0,131074533.33333333,discharging,131074533.33333333,0.0,131074533.33333333,0.0,928.7967086553953,0.0,0.18794574097862257,20,230,0.0,27.68,132728987.52465476,1.0,654.15,1445.0192143395436,11210.616829503671,2545018854.494732,2389139139.002856,370.87565630832944,1182688509.081565,26753114.751088843,1155935394.330476,0.3259159068528747,10.94979413769419,1631425197.72815,71689682.59911491,0.6787183928005817
0.0,131074533.33333333,discharging,131074533.33333333,0.0,131074533.33333333,0.0,928.7967086553953,0.0,0.07062405146425686,21,230,0.0,25.99,132728987.52465469,1.0,654.15,1445.0192141689283,11210.616829432633,2545018854.478605,2389139138.9884825,370.87565630838435,1182688509.0117857,26753114.66693625,1155935394.3448496,0.32591590685692734,10.949794137788855,1641439330.0149543,72032588.64347269,0.674615896390001
0.0,131074533.33333333,discharging,78902840.77995048,0.0,78902840.77995048,0.0,559.1070740920335,0.0,0.0,22,230,0.0,25.59,79899818.82837225,1.0,654.15,1445.0192142042254,11210.61682973014,2545018854.546144,2341346252.4891815,367.4416844623021,1177652226.8978903,26095638.60715293,1151556588.2907374,0.32959061450047383,18.07188079400279,1643809538.840234,43410830.25268178,0.6825170021565338
0.0,131074533.33333333,shutdown,0.0,0.0,0.0,0.0,0.0,0.0,0.0,23,230,0.0,24.87,0.0,1.0,567.279923475184,1445.019214295626,11210.616829213399,2545018854.4288344,2259509895.571722,362.89907080586624,1179588764.9049015,25103923.74481239,1154484841.160089,0.3381619335559722,,1648075914.7257361,0.0,0.700504649600569
0.0,131074533.33333333,shutdown,0.0,0.0,0.0,0.0,0.0,0.0,0.0,0,231,0.0,23.9,0.0,1.0,567.279923475184,1445.0192143024628,11210.616829320355,2545018854.4531155,2259509895.593279,362.89907080586624,1179588764.8826933,25103923.744163062,1154484841.1385303,0.33816193354965735,,1653823671.1270385,0.0,0.6980700913246564
0.0,131074533.33333333,shutdown,0.0,0.0,0.0,0.0,0.0,0.0,0.0,1,231,0.0,22.8,0.0,1.0,567.279923475184,1445.0192143061472,11210.616829231209,2545018854.4328775,2259509895.5753117,362.89907080586624,1179588764.9006002,25103923.744102467,1154484841.1564977,0.33816193355492025,,1660341745.396556,0.0,0.6953296478615977
0.0,131074533.33333333,shutdown,0.0,0.0,0.0,0.0,0.0,0.0,0.0,2,231,0.0,22.08,0.0,1.0,567.279923475184,1445.0192142023332,11210.616829705126,2545018854.540466,2259509895.6708302,362.89907080586624,1179588764.888648,25103923.827668197,1154484841.0609798,0.33816193352694196,,1664608121.2820587,0.0,0.6935475240693955
0.0,131074533.33333333,shutdown,0.0,0.0,0.0,0.0,0.0,0.0,0.0,3,231,0.0,21.53,0.0,1.0,567.279923475184,1445.0192143463846,11210.616829610708,2545018854.519031,2259509895.6518,362.89907080586624,1179588764.9073367,25103923.827326432,1154484841.0800102,0.33816193353251617,,1667867158.4168177,0.0,0.6921923219447985
0.0,131074533.33333333,shutdown,0.0,0.0,0.0,0.0,0.0,0.0,0.0,4,231,0.0,21.55,0.0,1.0,567.279923475184,1445.0192143427012,11210.616829527791,2545018854.5002074,2259509895.635088,362.89907080586624,1179588764.923977,25103923.827255547,1154484841.0967214,0.3381619335374111,,1667748647.9755535,0.0,0.692241509233497
0.0,131074533.33333333,shutdown,0.0,0.0,0.0,0.0,0.0,0.0,0.0,5,231,0.0,21.41,0.0,1.0,567.279923475184,1445.0192141583987,11210.616829414721,2545018854.4745383,2259509895.6122985,362.89907080586624,1179588764.863999,25103923.74448673,1154484841.119512,0.33816193354408675,,1668578221.064401,0.0,0.6918973450241104
87845973.76928847,131074533.33333333,direct_partial,87845973.76928847,0.0,0.0,0.0,0.0,0.0,0.0,6,231,330.6154697332471,21.14,88814620.57440986,367.07807249972694,665.8950570934858,1445.0192143110737,11210.616829227087,2545018854.431942,2349405477.2435946,368.0196994447966,1178507803.8068228,26067307.281051923,1152440496.525771,0.3290041356333004,16.27749437075762,1670178112.0214648,49563308.50892078,0.6701242889005643
166879381.04048207,131074533.33333333,charging,131074533.33333333,35804847.707148746,0.0,253.71385164298965,0.0,0.0,0.03204806547069343,7,231,559.5751521404138,22.32,132912286.22455063,697.3314644239706,665.9799613001886,1445.0192141603281,11210.616829439947,2545018854.480265,2389305103.00355,370.8876052806286,1182705843.6966283,26936413.36682971,1155769430.3297987,0.32585227292441377,10.933575077690215,1663185995.986891,73944155.81098942,0.6653326632628016
202291723.13673514,131074533.33333333,charging,131074533.33333333,71217189.80340181,0.0,504.64640084485916,0.0,0.0,0.09579287399846512,8,231,679.03276446536,24.97,133301704.86536813,845.3074469491718,665.9804571960861,1445.0192143395402,11210.616829589724,2545018854.5142674,2389657697.215914,370.9129916427358,1182742668.209291,27325832.091872357,1155416836.1174185,0.32571710337823395,10.899265631307117,1647483362.5194163,73630427.99070327,0.6713192599397889
251160562.51322764,131074533.33333333,charging,131074533.33333333,120086029.17989431,0.0,850.9319531517051,0.0,0.0,0.20327901544920682,9,231,873.1128439895463,27.52,133839100.47045414,1049.5134975387448,665.981136798843,1445.0192143463898,11210.616829524683,2545018854.4995017,2390144282.252449,370.9480263227582,1182793478.7770789,27863227.69619524,1154930251.0808837,0.3255306169120625,10.852246547126114,1632373281.2582617,73414863.03352176,0.6770654696749535
206561891.32477695,131074533.33333333,charging,131074533.33333333,75487357.99144362,0.0,534.9048962031607,0.0,0.0,0.27084594970644815,10,231,773.7647192203569,29.58,133348662.59232979,863.1510092714788,665.9805167979356,1445.0192141652396,11210.616829435692,2545018854.479299,2389700214.752519,370.9160529039367,1182747108.315405,27372789.734608684,1155374318.5807962,0.3257008060032284,10.895141989492771,1620166705.8080738,72733314.83310369,0.6824823111191197
199386219.69024813,131074533.33333333,charging,131074533.33333333,68311686.3569148,0.0,484.0579465551061,0.0,0.0,0.33199011137656687,11,231,784.4662441043206,31.23,133269753.93707502,833.1663486265685,665.9804166178869,1445.0192141571454,11210.616829329687,2545018854.455234,2389628767.4389553,370.9109087111144,1182739646.974334,27293881.079954665,1155445765.8943794,0.32572819267888015,10.90207309669194,1610389594.403797,72360083.4855469,0.686641501749472
195697253.3430488,131074533.33333333,charging,131074533.33333333,64622720.00971548,0.0,457.9178588165835,0.0,0.0,0.38983236722708264,12,231,778.127984674955,32.6,133229187.50808516,817.7514286462472,665.9803650698658,1445.019214342691,11210.616829613744,2545018854.51972,2389592036.974054,370.9082641305601,1182735811.0931406,27253314.733862124,1155482496.3592784,0.3257422724272858,10.905639527956186,1602271629.1772158,72063984.7226792,0.6901140289717103
210240364.5438665,131074533.33333333,charging,131074533.33333333,79165831.21053316,0.0,560.9706294305207,0.0,0.0,0.46069181515514845,13,231,803.5068123389083,33.59,133389113.63163136,878.5220820829833,665.9805681074787,1445.0192143024726,11210.61682932043,2545018854.4531326,2389736840.9087176,370.91868999373344,1182750933.1989074,27413240.774291623,1155337692.4246159,0.32568676720153816,10.89159206624,1596405362.3346496,71952220.91321883,0.6925000395751293
223264567.91815847,131074533.33333333,charging,131074533.33333333,92190034.58482514,0.0,653.260389456884,0.0,0.0,0.5432089169812812,14,231,797.8568608766709,34.22,133532336.79269709,932.9457427852451,665.9807495273898,1445.0192143407899,11210.61682950262,2545018854.494493,2389866521.968599,370.92802710407364,1182764475.3838665,27556464.01913184,1155208011.3647346,0.3256370630885218,10.879040296367501,1592672283.434835,71903176.50676109,0.69399557975297
261655300.32425034,131074533.33333333,charging,131074533.33333333,130580766.99091701,0.0,925.297870688795,0.0,0.0,0.6600886480156554,15,231,866.8326431826747,34.45,133954507.87624083,1093.3673927346456,665.9812820356423,1445.019214205477,11210.616829729091,2545018854.545906,2390248779.030143,370.9555503783975,1182804389.4048336,27978635.101642977,1154825754.3031905,0.32549057541170506,10.84219824232968,1591309413.3602993,72084290.59808244,0.6942588225235246
222426184.49050012,131074533.33333333,charging,131074533.33333333,91351651.1571668,0.0,647.3195880792431,0.0,0.0,0.7418553328256651,16,231,715.4696574671034,34.18,133523117.34784889,929.4424271586371,665.9807378608751,1445.0192143463796,11210.616829524626,2545018854.499489,2389858174.23435,370.92742605911246,1182763603.6725564,27547244.57357373,1155216359.0989826,0.3256402624833717,10.87984745802472,1592909304.3173628,71906230.66983382,0.6939005161961483
169798916.53403568,131074533.33333333,charging,131074533.33333333,38724383.200702354,0.0,274.4017372928987,0.0,0.0,0.7765166049047679,17,231,555.7840061602346,33.37,132944391.45895329,709.531197838991,665.9800022935316,1445.019214344473,11210.616829585593,2545018854.5133295,2389334172.150142,370.8896981962448,1182708879.8686638,26968518.685473777,1155740361.18319,0.3258411279201936,10.930738869165525,1597708977.1885533,71756195.52264695,0.6922818038224035
90095892.42908737,131074533.33333333,direct_plus_discharge,131074533.33333333,0.0,40978640.90424596,0.0,290.375451501652,0.0,0.7398376005045593,18,231,330.01602002496844,32.11,132581709.65639538,376.47970776521123,662.0490987847513,1445.0192142042224,11210.616829730126,2545018854.546141,2389005790.035977,370.86605564138296,1182674580.179146,26605836.881789234,1156068743.2973568,0.32596704036162205,10.962858401686987,1605175134.9881825,71450454.03804179,0.6895211136368232
0.0,131074533.33333333,discharging,131074533.33333333,0.0,131074533.33333333,0.0,928.7967086553953,0.0,0.6225159109901934,19,231,0.0,30.35,132728987.52465484,1.0,654.15,1445.0192143476206,11210.616829523566,2545018854.499248,2389139139.006886,370.8756563083141,1182688509.0768259,26753114.750377104,1155935394.3264487,0.3259159068517392,10.949794137667626,1615604053.8194113,71147931.62962656,0.6853025247921803
0.0,131074533.33333333,discharging,131074533.33333333,0.0,131074533.33333333,0.0,928.7967086553953,0.0,0.5051942214758278,20,231,0.0,28.77,132728987.52465469,1.0,654.15,1445.019214162093,11210.616829411663,2545018854.473844,2389139138.9842362,370.87565630840044,1182688509.0167387,26753114.667641275,1155935394.3490975,0.32591590685812505,10.949794137816863,1624966378.6792643,71468518.34565333,0.6813909548643993
0.0,131074533.33333333,discharging,131074533.33333333,0.0,131074533.33333333,0.0,928.7967086553953,0.0,0.3878725319614621,21,231,0.0,28.03,132728987.52465469,1.0,654.15,1445.019214347631,11210.616829523628,2545018854.499262,2389139139.0068994,370.8756563083141,1182688509.0768304,26753114.75039586,1155935394.3264346,0.3259159068517352,10.949794137667535,1629351265.0060306,71618666.55442539,0.6795742669395625
0.0,131074533.33333333,discharging,131074533.33333333,0.0,131074533.33333333,0.0,928.7967086553953,0.0,0.2705508424470964,22,231,0.0,26.35,132728987.52465469,1.0,654.15,1445.0192143110726,11210.616829313061,2545018854.4514594,2389139138.9642787,370.87565630847666,1182688509.0363576,26753114.667303562,1155935394.369054,0.32591590686375177,10.94979413794835,1639306142.072203,71959543.56893492,0.6754856385354181
0.0,131074533.33333333,discharging,131074533.33333333,0.0,131074533.33333333,0.0,928.7967086553953,0.0,0.15322915293273068,23,231,0.0,24.85,132728987.52465469,1.0,654.15,1445.0192141986302,11210.616829708117,2545018854.5411444,2389139139.044242,370.8756563081717,1182688509.0398493,26753114.750759028,1155935394.2890902,0.32591590684120597,10.949794137421472,1648194425.167,72263898.0461756,0.6718764289100785
0.0,131074533.33333333,discharging,131074533.33333333,0.0,131074533.33333333,0.0,928.7967086553953,0.0,0.03590746341836497,0,232,0.0,23.87,132728987.52465469,1.0,654.15,1445.0192142054827,11210.616829643131,2545018854.5263915,2389139139.0310855,370.8756563082219,1182688509.0522583,26753114.750009343,1155935394.302249,0.32591590684491606,10.9497941375082,1654001436.788934,72462742.97130616,0.6695391702032171
0.0,131074533.33333333,discharging,40116657.28841742,0.0,40116657.28841742,0.0,284.26741872872265,0.0,0.0,1,232,0.0,23.12,40624845.5531127,1.0,654.15,1445.0192143110623,11210.616829313021,2545018854.4514503,2305869264.192884,364.9030857274021,1173854241.836198,25606848.740664687,1148247393.0955334,0.3323797646432112,35.368326980618285,1658445578.3363326,22225513.607808564,0.6832076773375576
0.0,131074533.33333333,shutdown,0.0,0.0,0.0,0.0,0.0,0.0,0.0,2,232,0.0,22.55,0.0,1.0,567.279923475184,1445.0192143005509,11210.616829209192,2545018854.4278793,2259509895.570863,362.89907080586624,1179588764.9057462,25103923.74480872,1154484841.1609375,0.3381619335562207,,1661823125.9123554,0.0,0.6947098178857725
0.0,131074533.33333333,shutdown,0.0,0.0,0.0,0.0,0.0,0.0,0.0,3,232,0.0,21.93,0.0,1.0,567.279923475184,1445.0192143513198,11210.61682960657,2545018854.5180917,2259509895.6509657,362.89907080586624,1179588764.9081876,25103923.827343725,1154484841.080844,0.33816193353276036,,1665496949.5915382,0.0,0.6931773975112836
0.0,131074533.33333333,shutdown,0.0,0.0,0.0,0.0,0.0,0.0,0.0,4,232,0.0,21.45,0.0,1.0,567.279923475184,1445.0192141652624,11210.616829435825,2545018854.4793296,2259509895.616552,362.89907080586624,1179588764.8590796,25103923.743821878,1154484841.1152577,0.3381619335428406,,1668341200.1818736,0.0,0.6919956427314761
0.0,131074533.33333333,shutdown,0.0,0.0,0.0,0.0,0.0,0.0,0.0,5,232,0.0,21.07,0.0,1.0,567.279923475184,1445.0192143395475,11210.616829503728,2545018854.4947443,2259509895.630238,362.89907080586624,1179588764.9295425,25103923.827971566,1154484841.101571,0.3381619335388316,,1670592898.5658886,0.0,0.6910629406437871
75916806.08470178,131074533.33333333,direct_partial,75916806.08470178,0.0,0.0,0.0,0.0,0.0,0.0,6,232,293.76126970645504,20.69,76754271.49964026,317.23018884276394,665.854990175441,1445.0192143463732,11210.616829610648,2545018854.519017,2338503157.763975,367.2378859675857,1177349774.2948492,25936125.974057302,1151413648.320792,0.32984666314714284,18.806700663362193,1672844596.949904,42882819.801858656,0.6710935764497272
167512225.30558953,131074533.33333333,charging,131074533.33333333,36437691.9722562,0.0,258.19819849188104,0.0,0.0,0.032614509283184975,7,232,560.523021031659,23.68,132919245.41840713,699.9759026726518,665.9799701876644,1445.019214204237,11210.616829644196,2545018854.5266333,2389311404.1215487,370.88805894443044,1182706501.8555913,26943372.64376296,1155763129.2118282,0.3258498570850576,10.932960179043963,1655127285.980942,73676593.41127838,0.6685333964070864
207979808.04282704,131074533.33333333,charging,131074533.33333333,76905274.70949371,0.0,544.9522818194288,0.0,0.0,0.10145058698669178,8,232,695.7974576250384,27.6,133364254.98665011,869.0759949423549,665.9805365795648,1445.0192143395427,11210.616829589755,2545018854.514274,2389714332.8292007,370.9170694040534,1182748582.7172947,27388382.213161953,1155360200.5041327,0.325695394511574,10.893773368837836,1631899239.4932055,73138321.2180239,0.67761568843222
208657408.63377246,131074533.33333333,charging,131074533.33333333,77582875.30043913,0.0,549.7537728692009,0.0,0.0,0.17089316882280137,9,232,734.8611297828256,29.84,133371706.3520642,871.9074544637893,665.9805460312721,1445.0192142091587,11210.61682972598,2545018854.5451994,2389721079.6559744,370.91755517434035,1182749287.2548304,27395833.577472642,1155353453.6773577,0.32569280845549287,10.893119438963224,1618626070.0716424,72693817.86354008,0.6831075906568155
204091640.1819064,131074533.33333333,charging,131074533.33333333,73017106.84857307,0.0,517.4006482558066,0.0,0.0,0.23624904018142956,10,232,767.0117938921255,31.58,133321497.99985023,852.8286804360487,665.9804823239506,1445.0192143427048,11210.616829527808,2545018854.5002112,2389675618.760425,370.9142819920646,1182744539.7984946,27345625.225585025,1155398914.5729096,0.32571023382695335,10.897527122495578,1608315661.6816776,72318118.52583694,0.6874780979531709
196569812.45429802,131074533.33333333,charging,131074533.33333333,65495279.12096469,0.0,464.1008297570525,0.0,0.0,0.2948723028875836,11,232,777.2858159234362,32.92,133238782.77242205,821.3975526853675,665.980377265459,1445.0192143042375,11210.616829292127,2545018854.4467072,2389600724.8539195,370.90888965808216,1182736718.3951986,27262909.915784523,1155473808.479414,0.3257389421008552,10.904795756643107,1600375462.1169925,72005155.42351864,0.6909155705109242
188578500.08612818,131074533.33333333,charging,131074533.33333333,57503966.75279485,0.0,407.47423390629507,0.0,0.0,0.3463427324336419,12,232,755.9468586437627,34.01,133150904.76671682,788.0046103001519,665.9802655068459,1445.0192141640093,11210.616829350825,2545018854.460033,2389521156.6202383,370.9031608036679,1182728408.6220348,27175031.908941608,1155553376.7130933,0.3257694436287564,10.912527962297643,1593916643.068107,71739727.84990723,0.6937525631869788
207193539.80651796,131074533.33333333,charging,131074533.33333333,76119006.47318462,0.0,539.380769707713,0.0,1.4901161193847656e-08,0.41447504018619513,13,232,796.886204239428,34.73,133355608.63654228,865.7904507532684,665.9805256107558,1445.0192141689379,11210.616829432696,2545018854.478619,2389706504.0076294,370.9165057306414,1182747765.104545,27379735.778840758,1155368029.3257043,0.325698395309677,10.894532261822045,1589650267.1826038,71705870.83172329,0.6954366995065936
224516912.76192573,131074533.33333333,charging,131074533.33333333,93442379.4285924,0.0,662.1345295313296,0.0,0.0,0.4981130860217315,14,232,805.6588998581835,35.1,133546108.44399208,938.1788606121634,665.9807669513843,1445.0192143005452,11210.6168292952,2545018854.447405,2389878991.4613323,370.92892492304213,1182765777.4593382,27570235.58733741,1155195541.8720007,0.3256322839955101,10.87783479713818,1587457824.0192208,71734131.32594177,0.6962398402128732
232697990.78415674,131074533.33333333,charging,131074533.33333333,101623457.45082341,0.0,720.1058085209514,0.0,0.0,0.5890738197296411,15,232,778.4868831083304,35.08,133636073.24426371,972.3647683153157,665.9808806873044,1445.0192143463742,11210.616829524588,2545018854.4994802,2389960450.221809,370.9347900519138,1182774283.5815015,27660200.469977688,1155114083.1115239,0.3256010648395477,10.869965852190825,1587576334.460485,71786479.58390231,0.6961190604821068
223254240.11238116,131074533.33333333,charging,131074533.33333333,92179706.77904783,0.0,653.1872064230051,0.0,0.0,0.6715816773830733,16,232,718.5157659297184,34.61,133532223.22099487,932.9025864415311,665.980749383683,1445.0192143073916,11210.616829316179,2545018854.4521675,2389866419.097452,370.9280197001145,1182764464.5995204,27556350.363635417,1155208114.2358851,0.3256371025115058,10.8790502391305,1590361329.8301876,71824918.53309715,0.6949931846526772
184383942.35829353,131074533.33333333,charging,131074533.33333333,53309409.024960205,0.0,377.75151574890674,0.0,0.0,0.7192976583197773,17,232,599.0854187556287,33.87,133104778.50473024,770.4769980527631,665.9802067869417,1445.0192141584105,11210.616829328736,2545018854.455018,2389479392.14833,370.9001538072537,1182724046.8326454,27128905.64763945,1155595141.185006,0.32578545415062227,10.916590602321552,1594746216.1569543,71742851.10799615,0.6934309764669347
91064597.98942238,131074533.33333333,direct_plus_discharge,131074533.33333333,0.0,40009935.34391095,0.0,283.51118494113524,0.0,0.6834857191693181,18,232,332.4509218993097,32.29,132580154.42887533,380.5275947047019,662.1421041941655,1445.0192143073932,11210.616829316215,2545018854.4521756,2389004381.814125,370.86595426116946,1182674433.0907376,26604281.571528755,1156070151.519209,0.32596758036767876,10.96299651331505,1604108541.0168068,71422161.13370661,0.6899725263377232
0.0,131074533.33333333,discharging,131074533.33333333,0.0,131074533.33333333,0.0,928.7967086553953,0.0,0.5661640296549525,19,232,0.0,29.7,132728987.52465437,1.0,654.15,1445.0192143426866,11210.616829613726,2545018854.519716,2389139139.025132,370.87565630824446,1182688509.0586262,26753114.750424117,1155935394.308202,0.3259159068465946,10.94979413754746,1619455643.16049,71279818.56976396,0.6836879100679939
0.0,131074533.33333333,discharging,131074533.33333333,0.0,131074533.33333333,0.0,928.7967086553953,0.0,0.44884234014058677,20,232,0.0,27.83,132728987.52465476,1.0,654.15,1445.0192141973878,11210.616829623166,2545018854.521859,2389139139.027045,370.8756563082373,1182688509.0569868,26753114.750698794,1155935394.306288,0.32591590684605487,10.949794137534806,1630536369.4186702,71659247.15139087,0.6790849318690574
0.0,131074533.33333333,discharging,131074533.33333333,0.0,131074533.33333333,0.0,928.7967086553953,0.0,0.33152065062622105,21,232,0.0,26.63,132728987.52465469,1.0,654.15,1445.019214351299,11210.61682960646,2545018854.518067,2389139139.0236635,370.8756563082501,1182688509.0601132,26753114.75044313,1155935394.30967,0.32591590684700844,10.94979413755709,1637646995.894508,71902730.73318334,0.6761636566079319
0.0,131074533.33333333,discharging,131074533.33333333,0.0,131074533.33333333,0.0,928.7967086553953,0.0,0.21419896111185535,22,232,0.0,25.75,132728987.52465469,1.0,654.15,1445.0192141689301,11210.616829346567,2545018854.4590664,2389139138.971062,370.8756563084508,1182688509.0291326,26753114.666862443,1155935394.36227,0.325915906861839,10.949794137903638,1642861455.3101223,72081285.3598312,0.6740373115376999
0.0,131074533.33333333,discharging,131074533.33333333,0.0,131074533.33333333,0.0,928.7967086553953,0.0,0.09687727159748963,23,232,0.0,24.92,132728987.52465469,1.0,654.15,1445.0192143444572,11210.616829585475,2545018854.5133023,2389139139.0194187,370.87565630826634,1182688509.0650556,26753114.7511422,1155935394.3139133,0.3259159068482049,10.949794137585023,1647779638.6225762,72249694.8372377,0.6720440005454826
0.0,131074533.33333333,discharging,108233551.85055263,0.0,108233551.85055263,0.0,766.9450668134596,0.0,0.0,0,233,0.0,24.49,109600160.28356408,1.0,654.15,1445.0192143427046,11210.616829613802,2545018854.5197334,2368205269.129832,369.3697533604927,1180493551.7128582,26465268.99213913,1154028282.720719,0.3275139715704429,13.223092163343745,1650327613.1097515,59731794.14919121,0.6748468958575615
0.0,131074533.33333333,shutdown,0.0,0.0,0.0,0.0,0.0,0.0,0.0,1,233,0.0,24.36,0.0,1.0,567.279923475184,1445.0192141639907,11210.616829350696,2545018854.4600034,2259509895.5993524,362.89907080586624,1179588764.8761232,25103923.74370933,1154484841.1324139,0.33816193354786583,,1651097930.9779673,0.0,0.6992225109558444
0.0,131074533.33333333,shutdown,0.0,0.0,0.0,0.0,0.0,0.0,0.0,2,233,0.0,23.87,0.0,1.0,567.279923475184,1445.0192142023136,11210.616829705014,2545018854.54044,2259509895.6708074,362.89907080586624,1179588764.8886387,25103923.827634867,1154484841.061004,0.338161933526949,,1654001436.788934,0.0,0.6979950654107726
0.0,131074533.33333333,shutdown,0.0,0.0,0.0,0.0,0.0,0.0,0.0,3,233,0.0,23.41,0.0,1.0,567.279923475184,1445.0192143073928,11210.616829230175,2545018854.432643,2259509895.5751033,362.89907080586624,1179588764.9008174,25103923.74410855,1154484841.156709,0.33816193355498214,,1656727176.938005,0.0,0.69684668497468
0.0,131074533.33333333,shutdown,0.0,0.0,0.0,0.0,0.0,0.0,0.0,4,233,0.0,23.02,0.0,1.0,567.279923475184,1445.019214311066,11210.61682931303,2545018854.4514527,2259509895.5918026,362.89907080586624,1179588764.8841708,25103923.744161565,1154484841.1400092,0.33816193355009055,,1659038130.5426528,0.0,0.6958760138697898
0.0,131074533.33333333,shutdown,0.0,0.0,0.0,0.0,0.0,0.0,0.0,5,233,0.0,22.76,0.0,1.0,567.279923475184,1445.0192143042423,11210.616829292167,2545018854.4467163,2259509895.587598,362.89907080586624,1179588764.88911,25103923.74489727,1154484841.1442127,0.33816193355132185,,1660578766.279084,0.0,0.6952304007422103
51552259.130136415,131074533.33333333,direct_partial,51552259.130136415,0.0,0.0,0.0,0.0,0.0,0.0,6,233,218.7100803875962,22.6,52121795.11150612,215.41913763966696,665.7155296244399,1445.0192141689347,11210.61682934661,2545018854.459076,2316249522.411471,365.6448163509108,1174970933.175633,25668196.456921827,1149302736.7187111,0.3315817517836928,27.608505289423935,1661526849.8091955,28966227.578142066,0.6798624330925757
161652248.81744415,131074533.33333333,charging,131074533.33333333,30577715.484110817,0.0,216.67429040253367,0.0,0.0,0.02736938405084636,7,233,542.5260267034276,23.56,132854805.05822007,675.4890789530256,665.9798878563603,1445.0192143073916,11210.616829316194,2545018854.452171,2389253057.7446465,370.88385814432297,1182700407.7895882,26878932.200882565,1155821475.5887055,0.3258722273999974,10.938656444304211,1655838348.6285257,73664805.58885695,0.6682968300868617
202992852.00994503,131074533.33333333,charging,131074533.33333333,71918318.6766117,0.0,509.61461376326446,0.0,0.0,0.09174175631567977,8,233,680.9709721615098,26.86,133309414.96407074,848.2372230596595,665.9804669851294,1445.019214299292,11210.616829210174,2545018854.4281025,2389664678.1934543,370.9134942776308,1182743397.2472134,27333542.10733441,1155409855.139879,0.3257144274660297,10.898588362138483,1636284125.8199723,73256366.01441756,0.6758598937309104
204241688.26779673,131074533.33333333,charging,131074533.33333333,73167154.9344634,0.0,518.4638919292405,0.0,0.0,0.15723193213832068,9,233,722.2622662162811,29.0,133323148.0325237,853.4556797143058,665.9804844183707,1445.0192142054725,11210.6168297291,2545018854.545908,2389677112.8123574,370.9143895605596,1182744695.7789025,27347275.257928163,1155397420.5209744,0.3257096611459828,10.89738221666763,1623603508.6047287,72835505.9461217,0.6810721815584262
204168295.11429292,131074533.33333333,charging,131074533.33333333,73093761.78095959,0.0,517.9438266070256,0.0,0.0,0.22265641549920814,10,233,770.3347972935937,30.65,133322340.95057613,853.148995000515,665.9804833939315,1445.0192143073928,11210.616829316232,2545018854.4521794,2389676381.961767,370.91433694572754,1182744619.464801,27346468.09323456,1155398151.3715665,0.3257099412798089,10.89745309455334,1613826397.2004519,72504752.1612256,0.6851549601090606
200643025.94081917,131074533.33333333,charging,131074533.33333333,69568492.60748585,0.0,492.9637002454842,0.0,0.0,0.2849255144775851,11,233,796.4030261287461,31.88,133283574.6490896,838.4181091361266,665.9804341728002,1445.0192142023275,11210.616829619044,2545018854.5209236,2389641281.3522754,370.9118097042593,1182740953.856213,27307701.875154,1155433251.981059,0.3257233958509671,10.900858532468504,1606538005.0627182,72237503.79010244,0.6882595355293313
192584016.73456287,131074533.33333333,charging,131074533.33333333,61509483.401229545,0.0,435.85740327505016,0.0,0.0,0.339981186470223,12,233,775.5953178024838,32.81,133194952.2020652,804.7422849775884,665.9803215424537,1445.019214351308,11210.616829606519,2545018854.51808,2389561038.9467406,370.90603229312205,1182732573.8144622,27219079.42786953,1155513494.3865926,0.32575415503150196,10.90865104338461,1601027269.5439441,72003463.11818533,0.6906708118552835
206718204.16459745,131074533.33333333,charging,131074533.33333333,75643670.83126412,0.0,536.0125320455608,0.0,0.0,0.4076880326233465,13,233,800.3672827115373,33.37,133350381.51659933,863.8041867989881,665.9805189789126,1445.0192143073953,11210.616829230159,2545018854.432639,2389701771.1008735,370.91616496422404,1182747270.8916407,27374508.65918155,1155372762.232459,0.3257002094443522,10.894991095712038,1597708977.1885533,71975374.62429975,0.6919707673956563
223985180.33370307,131074533.33333333,charging,131074533.33333333,92910647.00036974,0.0,658.3666631376145,0.0,0.0,0.4908501374407294,14,233,808.6004068130735,33.51,133540261.14592533,935.9569339095214,665.9807595537781,1445.0192141973853,11210.616829709188,2545018854.5413876,2389873697.111389,370.9285437181604,1182765224.5939746,27564388.372031353,1155200836.2219431,0.3256343131251146,10.87834660861675,1596879404.0997057,72049811.31604159,0.6921808459888282
227217305.11096925,131074533.33333333,charging,131074533.33333333,96142771.77763592,0.0,681.2695625700625,0.0,0.0,0.5769052400811584,15,233,764.7989504338382,33.2,133575803.8285942,949.4628702935091,665.9808045099984,1445.0192141652376,11210.616829435674,2545018854.479295,2389905879.178884,370.9308608660267,1182768585.1252985,27599930.970850147,1155168654.1544483,0.3256219790730825,10.875236261351812,1598716315.939297,72131168.74936275,0.6913669049630216
218079444.26086086,131074533.33333333,charging,131074533.33333333,87004910.92752753,0.0,616.5185017354763,0.0,0.0,0.6547812613530081,16,233,704.5092832644384,32.25,133475317.58166568,911.2788966439258,665.9806773480678,1445.0192143476227,11210.616829523562,2545018854.499247,2389814894.013709,370.92430984922555,1182759084.1270125,27499444.807388477,1155259639.319624,0.32565685054777804,10.884034111029818,1604345561.8993351,72267292.5203978,0.6890437683775562
170799938.95688468,131074533.33333333,charging,131074533.33333333,39725405.623551354,0.0,281.4950017737112,0.0,0.0,0.6903385247349505,17,233,559.7097084376079,31.37,132955399.39483826,713.7141258178358,665.9800163443866,1445.0192143358543,11210.616829592796,2545018854.5149646,2389344139.099287,370.89041579674256,1182709920.8553703,26979526.621323444,1155730394.234047,0.32583730667468536,10.929766732388854,1609560021.3149493,72161415.74656688,0.6872305774096945
80538193.91942361,131074533.33333333,direct_plus_discharge,131074533.33333333,0.0,50536339.41390972,0.0,358.10149020911723,0.0,0.645104652287483,18,233,301.19857476258244,29.84,132597054.2526789,336.5413771175811,661.1411641045676,1445.0192143426866,11210.616829527638,2545018854.5001726,2389019683.342292,370.8670559097666,1182676031.4694116,26621181.478376225,1156054849.9910355,0.32596171268027896,10.961495907627167,1618626070.0716424,71830029.52440935,0.6838715600288492
0.0,131074533.33333333,discharging,131074533.33333333,0.0,131074533.33333333,0.0,928.7967086553953,0.0,0.5277829627731174,19,233,0.0,27.6,132728987.52464816,1.0,654.1499999999959,1445.01921416032,11210.61682943989,2545018854.4802523,2389139138.989948,370.8756563083782,1182688509.0102959,26753114.666918103,1155935394.3433778,0.325915906856513,10.949794137779676,1631899239.4932055,71705914.83789714,0.678523067040872
0.0,131074533.33333333,discharging,131074533.33333333,0.0,131074533.33333333,0.0,928.7967086553953,0.0,0.4104612732587517,20,233,0.0,26.29,132728987.52465469,1.0,654.15,1445.0192143005504,11210.61682929523,2545018854.4474115,2389139138.960673,370.87565630849036,1182688509.0406692,26753114.66800753,1155935394.3726616,0.3259159068647689,10.949794137972095,1639661673.395995,71971717.74802455,0.6753405258120484
0.0,131074533.33333333,discharging,131074533.33333333,0.0,131074533.33333333,0.0,928.7967086553953,0.0,0.293139583744386,21,233,0.0,25.25,132728987.52465469,1.0,654.15,1445.0192143463782,11210.61682952464,2545018854.499492,2389139139.007105,370.8756563083134,1182688509.076611,26753114.75038249,1155935394.3262286,0.32591590685167715,10.949794137666174,1645824216.341721,72182736.85224475,0.6728351082498335
0.0,131074533.33333333,discharging,131074533.33333333,0.0,131074533.33333333,0.0,928.7967086553953,0.0,0.17581789423002028,22,233,0.0,23.94,132728987.52465469,1.0,654.15,1445.0192141640034,11210.616829436824,2545018854.479556,2389139138.989331,370.8756563083811,1182688509.0109394,26753114.666935947,1155935394.3440034,0.32591590685668875,10.949794137783288,1653586650.2445104,72448539.76236826,0.6697055778679674
0.0,131074533.33333333,discharging,131074533.33333333,0.0,131074533.33333333,0.0,928.7967086553953,0.0,0.058496204715654566,23,233,0.0,22.64,132728987.52465469,1.0,654.15,1445.0192143444553,11210.61682949944,2545018854.493771,2389139139.002003,370.87565630833274,1182688509.082405,26753114.751075026,1155935394.33133,0.3259159068531155,10.949794137699794,1661289828.9266677,72712313.64264353,0.6666285847943382
0.0,131074533.33333333,discharging,65353326.96463347,0.0,65353326.96463347,0.0,463.09495399893194,0.0,0.0,0,234,0.0,21.96,66179551.8393424,1.0,654.15,1445.0192141652467,11210.616829435707,2545018854.4793024,2328947410.2410593,366.5533504247963,1176330802.073858,25924885.350306615,1150405916.7235515,0.33055935752382076,21.781167519129088,1665319183.9296424,36323635.69884201,0.6760560462240347
0.0,131074533.33333333,shutdown,0.0,0.0,0.0,0.0,0.0,0.0,0.0,1,234,0.0,21.31,0.0,1.0,567.279923475184,1445.0192143476163,11210.616829609557,2545018854.5187697,2259509895.651568,362.89907080586624,1179588764.9075444,25103923.82730117,1154484841.080243,0.3381619335325844,,1669170773.2707212,0.0,0.6916517228599942
0.0,131074533.33333333,shutdown,0.0,0.0,0.0,0.0,0.0,0.0,0.0,2,234,0.0,20.76,0.0,1.0,567.279923475184,1445.0192142956223,11210.61682921333,2545018854.4288187,2259509895.571708,362.89907080586624,1179588764.9048963,25103923.744794946,1154484841.1601014,0.3381619335559758,,1672429810.4054801,0.0,0.6903039122940513
0.0,131074533.33333333,shutdown,0.0,0.0,0.0,0.0,0.0,0.0,0.0,3,234,0.0,20.26,0.0,1.0,567.279923475184,1445.0192142091737,11210.616829726132,2545018854.545234,2259509895.6750636,362.89907080586624,1179588764.8837192,25103923.826972228,1154484841.056747,0.3381619335257021,,1675392571.4370792,0.0,0.689083180108934
0.0,131074533.33333333,shutdown,0.0,0.0,0.0,0.0,0.0,0.0,0.0,4,234,0.0,19.81,0.0,1.0,567.279923475184,1445.0192142054746,11210.616829643064,2545018854.5263762,2259509895.6583214,362.89907080586624,1179588764.9003494,25103923.826859616,1154484841.0734897,0.33816193353060625,,1678059056.365518,0.0,0.6879882067881272
0.0,131074533.33333333,shutdown,0.0,0.0,0.0,0.0,0.0,0.0,0.0,5,234,0.0,19.37,0.0,1.0,567.279923475184,1445.01921434078,11210.616829588615,2545018854.514015,2259509895.647347,362.89907080586624,1179588764.9124773,25103923.82801348,1154484841.0844638,0.3381619335338207,,1680666286.0733252,0.0,0.6869209257370057
56156412.62495826,131074533.33333333,direct_partial,56156412.62495826,0.0,0.0,0.0,0.0,0.0,0.0,6,234,233.3575153334577,18.96,56776579.06706387,234.65830954310312,665.7511588449437,1445.0192143110783,11210.616829313121,2545018854.451473,2320453356.5441136,365.945458593592,1175421882.9989967,25718826.918104373,1149703056.0808923,0.33125239550565644,25.36003663600471,1683095750.1192365,31864858.988266762,0.6703961886793532
157451987.5141191,131074533.33333333,charging,131074533.33333333,26377454.18078576,0.0,186.91115659758705,0.0,0.0,0.023609830307063626,7,234,530.4302320195299,20.93,132808616.0757783,657.9376334278871,665.979828794594,1445.0192143073846,11210.61682923009,2545018854.4326234,2389211236.854773,370.880847149287,1182696039.6969116,26832743.218340673,1155863296.478571,0.32588826226474793,10.942742761925297,1671422471.654736,74163659.98715943,0.6621634278174333
204259581.57413572,131074533.33333333,charging,131074533.33333333,73185048.24080239,0.0,518.5906842481753,0.0,0.0,0.08911602200156997,8,234,685.8668827606504,24.91,133323344.79971488,853.5304496795015,665.9804846681278,1445.0192141534758,11210.616829418896,2545018854.475486,2389677290.911133,370.91440238841477,1182744714.3648756,27347471.94267349,1155397242.422202,0.32570959287260487,10.897364937260821,1647838893.8432083,73654394.93430631,0.6711598877290339
208475515.58344233,131074533.33333333,charging,131074533.33333333,77400982.250109,0.0,548.4648751544611,0.0,0.0,0.1583957957052914,9,234,738.1251059107104,27.27,133369706.13010088,871.147386045723,665.980543494188,1445.019214302473,11210.616829234401,2545018854.4336023,2389719268.465984,370.9174247759528,1182749098.1400437,27393833.272696108,1155355264.8673477,0.3256935026734918,10.893294971349578,1633854661.7740612,73207397.32542247,0.6768091755708199
203092862.4724939,131074533.33333333,charging,131074533.33333333,72018329.13916056,0.0,510.3232898583397,0.0,0.0,0.22285768495055536,10,234,769.8863707127,29.23,133310514.74838597,848.6551323416337,665.9804683813667,1445.0192143024697,11210.61682932043,2545018854.4531326,2389665674.007838,370.91356597440915,1182743501.216541,27334641.891045116,1155408859.325496,0.3257140457599467,10.898491761237207,1622240638.530193,72782563.30922513,0.6816478134763351
194966695.24937806,131074533.33333333,charging,131074533.33333333,63892161.91604473,0.0,452.7411098659893,0.0,0.0,0.2800460356704698,11,234,780.1483849493192,30.82,133221153.78529333,814.6986779581241,665.9803548576449,1445.0192141986217,11210.616829708066,2545018854.541133,2389584762.9337926,370.90774040252484,1182735051.410922,27245281.011381105,1155489770.399541,0.32574506079681564,10.906346076889147,1612819058.4497082,72415705.36516452,0.6856550762006915
190886757.06201142,131074533.33333333,charging,131074533.33333333,59812223.72867809,0.0,423.8305880157474,0.0,0.0,0.3335825309987747,12,234,774.3886771357901,31.87,133176287.95915987,797.6500212983449,665.980297802974,1445.0192143513113,11210.616829520519,2545018854.498556,2389544139.585463,370.90481555381155,1182730808.9327784,27200415.184904773,1155530393.7478735,0.3257606332310873,10.910293499232099,1606597260.2833505,72181343.38300586,0.6883161312779787
204970708.81811562,131074533.33333333,charging,131074533.33333333,73896175.4847823,0.0,523.62974581755,0.0,0.0,0.3997252357336232,13,234,799.5025129027582,32.37,133331164.84742744,856.5020055382568,665.9804945935408,1445.0192142054748,11210.616829729071,2545018854.5459013,2389684371.5855875,370.9149121916565,1182745453.8205698,27355292.07282357,1155390161.7477462,0.32570687879304333,10.896678232510329,1603634499.2517514,72165203.05894068,0.6894560013076895
218012922.9707142,131074533.33333333,charging,131074533.33333333,86938389.63738088,0.0,616.0471305715097,0.0,0.0,0.47754171538476126,14,234,792.9984383754448,32.42,133474586.0674856,911.0009270806154,665.9806764216606,1445.0192143042395,11210.616829206143,2545018854.4271874,2389814231.601639,370.92426215998876,1182759014.9424915,27498713.21079607,1155260301.7316954,0.3256571044282932,10.884098206099843,1603338223.1485915,72232825.29480766,0.6894725847674016
221812576.2983037,131074533.33333333,charging,131074533.33333333,90738042.96497037,0.0,642.9715484194971,0.0,0.0,0.5587591741324872,15,234,751.1346837734047,32.06,133516369.68717349,926.8783698342494,665.9807293211983,1445.019214351319,11210.61682960656,2545018854.5180893,2389852064.588677,370.9269861579338,1182762965.6576476,27540496.912991058,1155222468.7446566,0.32564260410911827,10.880438285714007,1605471411.0913424,72327615.42132972,0.6885344731340094
219339826.45090282,131074533.33333333,charging,131074533.33333333,88265293.11756949,0.0,625.4495946029353,0.0,0.0,0.6377633334507526,16,234,709.43923060597,31.17,133489177.61718681,916.54559977307,665.9806948988344,1445.0192142054843,11210.616829729184,2545018854.545927,2389827443.5953026,370.9252134247372,1182760394.5806456,27513304.84261458,1155247089.738031,0.32565204061143854,10.882819838958413,1610745125.727589,72491273.55837144,0.6863249215785103
176671478.76318336,131074533.33333333,charging,131074533.33333333,45596945.42985003,0.0,323.1008477618157,0.0,0.0,0.678576072115403,17,234,577.805123496345,29.96,133019966.91325791,738.2492686618559,665.9800987135332,1445.0192141937184,11210.61682962636,2545018854.5225844,2389402600.7323127,370.8946249292137,1182716026.7403405,27044094.139327295,1155671932.6010132,0.3258148934545524,10.924067861216349,1617915007.4240587,72478094.49250132,0.6836705209520304
92935775.54861636,131074533.33333333,direct_plus_discharge,131074533.33333333,0.0,38138757.784716964,0.0,270.25198413307686,0.0,0.6444389793828038,18,234,338.58818241850145,28.33,132577150.30982175,388.34660133940105,662.3222747278512,1445.019214346377,11210.616829610664,2545018854.519021,2389001661.876747,370.86575843164053,1182674148.9921992,26601277.535610024,1156072871.4565892,0.3259686233966734,10.963263301139412,1627573608.3870711,72229852.92830382,0.6801214950827165
0.0,131074533.33333333,discharging,131074533.33333333,0.0,131074533.33333333,0.0,928.7967086553953,0.0,0.5271172898684381,19,234,0.0,26.87,132728987.52465379,1.0,654.1499999999994,1445.0192143110783,11210.61682922708,2545018854.43194,2389139138.9468813,370.87565630854294,1182688509.0537033,26753114.667252272,1155935394.386451,0.32591590686865696,10.949794138062993,1636224870.59934,71854034.01682429,0.6767458993038792
0.0,131074533.33333333,discharging,131074533.33333333,0.0,131074533.33333333,0.0,928.7967086553953,0.0,0.4097956003540724,20,234,0.0,25.54,132728987.52465469,1.0,654.15,1445.0192142956244,11210.616829299395,2545018854.448357,2389139138.9615145,370.8756563084871,1182688509.03982,26753114.668000385,1155935394.3718195,0.3259159068645315,10.949794137966558,1644105814.9433935,72123894.9866449,0.673531863295235
0.0,131074533.33333333,discharging,131074533.33333333,0.0,131074533.33333333,0.0,928.7967086553953,0.0,0.29247391083970675,21,234,0.0,24.43,132728987.52465469,1.0,654.15,1445.0192141640066,11210.616829436809,2545018854.4795527,2389139138.9893274,370.8756563083811,1182688509.0109384,26753114.66693263,1155935394.3440058,0.3259159068566894,10.949794137783302,1650683144.4335434,72349117.29980299,0.6708727514951757
0.0,131074533.33333333,discharging,131074533.33333333,0.0,131074533.33333333,0.0,928.7967086553953,0.0,0.17515222132534103,22,234,0.0,23.17,132728987.52465469,1.0,654.15,1445.019214311081,11210.6168292271,2545018854.431945,2389139138.9468856,370.8756563085429,1182688509.053706,26753114.667257354,1155935394.3864486,0.3259159068686562,10.949794138062911,1658149302.2331727,72604775.06068514,0.6678796309374153
0.0,131074533.33333333,discharging,131074533.33333333,0.0,131074533.33333333,0.0,928.7967086553953,0.0,0.057830531810975305,23,234,0.0,21.69,132728987.52465469,1.0,654.15,1445.019214300549,11210.616829295239,2545018854.4474134,2389139138.960671,370.8756563084903,1182688509.040673,26753114.66800974,1155935394.3726633,0.3259159068647694,10.949794137972134,1666919074.8867059,72905071.47822927,0.6643978339924713
0.0,131074533.33333333,discharging,64609621.63875003,0.0,64609621.63875003,0.0,457.8250435035545,0.0,0.0,0,235,0.0,20.98,65426474.21815502,1.0,654.15,1445.0192141603143,11210.616829353843,2545018854.4607177,2328267027.833627,366.50463692070446,1176258106.8600218,25915513.05493057,1150342593.8050911,0.33061270365357526,22.029796103589817,1671126195.5515761,36008314.985890344,0.6738441445032486
0.0,131074533.33333333,shutdown,0.0,0.0,0.0,0.0,0.0,0.0,0.0,1,235,0.0,20.37,0.0,1.0,567.279923475184,1445.019214307386,11210.616829316186,2545018854.452169,2259509895.5924387,362.89907080586624,1179588764.8835387,25103923.744167123,1154484841.1393716,0.3381619335499038,,1674740764.010127,0.0,0.6893513706413792
0.0,131074533.33333333,shutdown,0.0,0.0,0.0,0.0,0.0,0.0,0.0,2,235,0.0,19.77,0.0,1.0,567.279923475184,1445.0192142023222,11210.616829705037,2545018854.5404453,2259509895.670812,362.89907080586624,1179588764.8886428,25103923.827643033,1154484841.0609999,0.33816193352694784,,1678296077.248046,0.0,0.6878910442036213
0.0,131074533.33333333,shutdown,0.0,0.0,0.0,0.0,0.0,0.0,0.0,3,235,0.0,19.21,0.0,1.0,567.279923475184,1445.0192143110683,11210.616829227025,2545018854.4319277,2259509895.574468,362.89907080586624,1179588764.9014456,25103923.74410321,1154484841.1573424,0.33816193355516766,,1681614369.603437,0.0,0.686533644113422
0.0,131074533.33333333,shutdown,0.0,0.0,0.0,0.0,0.0,0.0,0.0,4,235,0.0,18.69,0.0,1.0,567.279923475184,1445.0192143513107,11210.616829606499,2545018854.5180755,2259509895.6509514,362.89907080586624,1179588764.9081821,25103923.82732386,1154484841.0808582,0.3381619335327646,,1684695641.0763,0.0,0.6852779890516566
0.0,131074533.33333333,shutdown,0.0,0.0,0.0,0.0,0.0,0.0,0.0,5,235,0.0,18.25,0.0,1.0,567.279923475184,1445.0192141583952,11210.616829328665,2545018854.455002,2259509895.594954,362.89907080586624,1179588764.881271,25103923.74441403,1154484841.1368568,0.3381619335491672,,1687302870.784107,0.0,0.6842190937542564
67473864.344128,131074533.33333333,direct_partial,67473864.344128,0.0,0.0,0.0,0.0,0.0,0.0,6,235,267.4255478091548,17.87,68218485.32397704,281.95004283975135,665.818069100267,1445.019214205481,11210.616829729159,2545018854.5459213,2330789610.3148084,366.6852646929102,1176527535.5679796,25843281.53860202,1150684254.0293775,0.3304457370722161,21.137129751405386,1689554569.168122,38401115.50430323,0.6659223174739674
166364956.6126721,131074533.33333333,charging,131074533.33333333,35290423.27933876,0.0,250.06863007895956,0.0,0.0,0.03158761643102647,7,235,557.2604284314634,19.82,132906629.2573039,695.1818618946254,665.9799540750811,1445.0192143024506,11210.616829320288,2545018854.4531,2389299980.981297,370.8872365080459,1182705308.751959,26930756.39986309,1155774552.352096,0.3258542367082572,10.934074961905948,1677999801.144886,74439921.76069571,0.6595231420774905
201115181.93058202,131074533.33333333,charging,131074533.33333333,70040648.59724869,0.0,496.3094068302135,0.0,0.0,0.09427933097800081,8,235,676.9170913705867,23.79,133288766.80337508,840.3910864190302,665.9804407668767,1445.0192143005513,11210.616829209192,2545018854.4278793,2389645982.46589,370.91214818938636,1182741444.8141043,27312893.94666147,1155428550.8674428,0.32572159382125876,10.900402311684756,1654475478.5539901,73859444.27099074,0.6685212082498936
203581923.17133138,131074533.33333333,charging,131074533.33333333,72507389.83799805,0.0,513.7887835424393,0.0,0.0,0.1591789667938879,9,235,723.9529873996906,26.43,133315892.7985612,850.6987485822153,665.9804752087678,1445.019214311084,11210.616829313145,2545018854.4514785,2389670543.525026,370.91391657903,1182744009.749541,27340019.94123326,1155403989.808308,0.32571217921524953,10.898019397289712,1638832100.3071475,73346003.81334254,0.6748153051529734
202118789.30775934,131074533.33333333,charging,131074533.33333333,71044255.97442602,0.0,503.4209883479905,0.0,0.0,0.22276898637468667,10,235,769.4449120443181,28.66,133299803.16520864,844.5848160318216,665.9804547814401,1445.0192142005685,11210.616829647364,2545018854.5273523,2389655975.346874,370.91286766764574,1182742488.3770354,27323930.39057529,1155418557.9864602,0.3257177633972453,10.89943269221578,1625618186.1062157,72890802.71414495,0.6802546030615447
189389009.51567882,131074533.33333333,charging,131074533.33333333,58314476.182345495,0.0,413.21751958778117,0.0,0.0,0.27496488358577487,11,235,763.8247392109937,30.45,133159817.68977568,791.391450087752,665.980276848542,1445.0192143395257,11210.616829589604,2545018854.5142403,2389529226.7741184,370.9037418434625,1182729251.4754598,27183944.91624633,1155545306.5592134,0.32576634996722725,10.911743267228035,1615011501.6130915,72456337.33759414,0.6847806398951957
193124853.36994016,131074533.33333333,charging,131074533.33333333,62050320.03660683,0.0,439.68978225885496,0.0,0.0,0.3305046455553144,12,235,787.7094514294117,31.69,133200899.61630008,807.002255026679,665.980329105711,1445.0192143110712,11210.61682931309,2545018854.451466,2389566423.913534,370.906420011304,1182733136.1787553,27225026.75895478,1155508109.4198005,0.3257520907667766,10.908127767243872,1607663854.2547262,72230687.03726204,0.6878456242444315
203363318.6293969,131074533.33333333,charging,131074533.33333333,72288785.29606356,0.0,512.2397474796556,0.0,0.0,0.39520861365800775,13,235,798.5843709685672,32.38,133313488.87160924,849.7852754832235,665.9804721570654,1445.0192141603052,11210.61682935378,2545018854.4607034,2389668366.9139743,370.9137598627198,1182743782.4331412,27337616.013782546,1155406166.4193587,0.3257130135365877,10.898230533816086,1603575244.0311193,72153632.15236197,0.6894946926323954
225734313.8056222,131074533.33333333,charging,131074533.33333333,94659780.47228886,0.0,670.7610571545362,0.0,0.0,0.47993632614068604,14,235,823.435808745144,32.59,133559495.8290587,943.2659603323269,665.9807838857637,1445.0192143395386,11210.616829589728,2545018854.514268,2389891113.1270924,370.9297976912487,1182767043.2618032,27583623.05556372,1155183420.2062395,0.32562763825791036,10.8766631721518,1602330884.3978474,72244693.29598625,0.6898365386393114
230419039.76314706,131074533.33333333,charging,131074533.33333333,99344506.42981374,0.0,703.9571169813238,0.0,-1.4901161193847656e-08,0.5688572251278006,15,235,781.2401627605892,32.34,133611012.3204005,962.8418168103261,665.9808490199749,1445.0192141652485,11210.61682934968,2545018854.4597726,2389937758.726193,370.9331562349014,1182771914.0697417,27635139.462601963,1155136774.6071398,0.3256097612155045,10.872156789966517,1603812264.913647,72322721.2023853,0.689166913271014
219694774.88891557,131074533.33333333,charging,131074533.33333333,88620241.55558224,0.0,627.9647661819195,0.0,0.0,0.6481790903297273,16,235,710.8431502906145,31.74,133493080.87605447,918.0288070604621,665.9806998408194,1445.0192143463785,11210.616829610675,2545018854.5190234,2389830977.7698145,370.92546788975505,1182760763.6653664,27517208.101847757,1155243555.5635188,0.32565068605524417,10.882477921760188,1607367578.1515658,72379139.52906288,0.6877486607973036
178063659.17146933,131074533.33333333,charging,131074533.33333333,46989125.838136,0.0,332.9658653833716,0.0,0.0,0.6902379364834164,17,235,581.8526358046223,30.68,133035276.2932811,744.0667111571449,665.98011823209,1445.0192143407835,11210.616829588605,2545018854.5140133,2389416462.3749905,370.89562294605685,1182717474.4781122,27059403.519769233,1155658070.958343,0.3258095792512184,10.922717432779491,1613648631.5385559,72342611.61811519,0.6854472558200312
87019822.4389763,131074533.33333333,direct_plus_discharge,131074533.33333333,0.0,44054710.894357026,0.0,312.1725436579376,0.0,0.6508056151792558,18,235,320.1291085650519,29.21,132586648.1938592,363.6258705955106,661.7549727758776,1445.019214204228,11210.616829644137,2545018854.52662,2389010261.482257,370.86637756973073,1182675047.2702758,26610775.419198006,1156064271.8510778,0.3259653256857032,10.962419859326918,1622359148.9714572,72006976.56746627,0.6822989756616923
0.0,131074533.33333333,discharging,131074533.33333333,0.0,131074533.33333333,0.0,928.7967086553953,0.0,0.5334839256648901,19,235,0.0,27.41,132728987.5246465,1.0,654.149999999995,1445.0192142054702,11210.616829729073,2545018854.545902,2389139139.048469,370.875656308155,1182688509.0349066,26753114.750050917,1155935394.2848556,0.3259159068400128,10.949794137394301,1633025088.6852133,71744466.40501331,0.6780596185762342
0.0,131074533.33333333,discharging,131074533.33333333,0.0,131074533.33333333,0.0,928.7967086553953,0.0,0.41616223615052444,20,235,0.0,26.07,132728987.52465476,1.0,654.15,1445.0192143358545,11210.616829506767,2545018854.4954348,2389139139.0034857,370.87565630832705,1182688509.0809245,26753114.751076527,1155935394.329848,0.32591590685269767,10.949794137690033,1640965288.249899,72016356.40468656,0.6748089787984488
0.0,131074533.33333333,discharging,131074533.33333333,0.0,131074533.33333333,0.0,928.7967086553953,0.0,0.2988405466361588,21,235,0.0,24.7,132728987.52465469,1.0,654.15,1445.0192143513166,11210.616829606564,2545018854.5180902,2389139139.023689,370.87565630825014,1182688509.0601168,26753114.750472933,1155935394.3096437,0.32591590684700106,10.949794137556884,1649083253.47648,72294333.49389967,0.6715176281248597
0.0,131074533.33333333,discharging,131074533.33333333,0.0,131074533.33333333,0.0,928.7967086553953,0.0,0.18151885712179305,22,235,0.0,23.06,132728987.52465469,1.0,654.15,1445.0192143476281,11210.616829609606,2545018854.5187807,2389139139.0243006,370.87565630824764,1182688509.0594811,26753114.75044715,1155935394.309034,0.32591590684682914,10.9497941375529,1658801109.6601245,72627094.38901612,0.6676195938161043
0.0,131074533.33333333,discharging,131074533.33333333,0.0,131074533.33333333,0.0,928.7967086553953,0.0,0.06419716760742734,23,235,0.0,22.16,132728987.52465469,1.0,654.15,1445.0192141571652,11210.6168293298,2545018854.4552593,2389139138.967671,370.8756563084636,1182688509.0332308,26753114.66756717,1155935394.3656635,0.3259159068627958,10.949794137925975,1664134079.5170026,72809707.07536052,0.6654995995198235
0.0,131074533.33333333,discharging,71722575.9388248,0.0,71722575.9388248,0.0,508.2275768921331,0.0,8.16949626855683e-18,0,236,0.0,21.34,72629067.12355298,1.0,654.15,1445.0192143061547,11210.61682931732,2545018854.4524264,2334775053.1056237,366.9707380967182,1176952674.4938712,26005151.660728373,1150947522.8331428,0.33010323171046907,19.86300307288409,1668993007.6088252,39932385.9690546,0.6734919658625175
0.0,131074533.33333333,shutdown,0.0,0.0,0.0,0.0,0.0,0.0,8.16949626855683e-18,1,236,0.0,20.89,0.0,1.0,567.279923475184,1445.0192143476158,11210.616829523518,2545018854.4992375,2259509895.634227,362.89907080586624,1179588764.924817,25103923.82723333,1154484841.0975838,0.33816193353766366,,1671659492.5372643,0.0,0.6906220113913828
0.0,131074533.33333333,shutdown,0.0,0.0,0.0,0.0,0.0,0.0,8.16949626855683e-18,2,236,0.0,20.36,0.0,1.0,567.279923475184,1445.0192141986324,11210.616829708142,2545018854.5411506,2259509895.6714377,362.89907080586624,1179588764.888006,25103923.827632923,1154484841.060373,0.3381619335267642,,1674800019.230759,0.0,0.6893269810151016
0.0,131074533.33333333,shutdown,0.0,0.0,0.0,0.0,0.0,0.0,8.16949626855683e-18,3,236,0.0,19.84,0.0,1.0,567.279923475184,1445.0192143073928,11210.616829316232,2545018854.4521794,2259509895.5924478,362.89907080586624,1179588764.8835444,25103923.744180586,1154484841.1393638,0.33816193354990154,,1677881290.703622,0.0,0.6880610967747478
0.0,131074533.33333333,shutdown,0.0,0.0,0.0,0.0,0.0,0.0,8.16949626855683e-18,4,236,0.0,19.32,0.0,1.0,567.279923475184,1445.0192141652515,11210.6168293497,2545018854.4597774,2259509895.5991936,362.89907080586624,1179588764.8763452,25103923.743729535,1154484841.1326156,0.3381619335479249,,1680962562.176485,0.0,0.6867998533160703
0.0,131074533.33333333,shutdown,0.0,0.0,0.0,0.0,0.0,0.0,8.16949626855683e-18,5,236,0.0,18.78,0.0,1.0,567.279923475184,1445.0192143358524,11210.61682959279,2545018854.514963,2259509895.6481886,362.89907080586624,1179588764.9116302,25103923.828007,1154484841.0836232,0.33816193353357443,,1684162344.0906122,0.0,0.6854949851684304
56951456.672036424,131074533.33333333,direct_plus_discharge,56951456.67203643,0.0,9.127152152359486e-09,0.0,6.467517879274156e-14,0.0,0.0,6,236,235.06808764107137,18.31,57580365.96914333,237.98052482322862,665.756727889531,1445.019214351313,11210.616829520475,2545018854.4985466,2321179341.1875424,365.9973926848993,1175499685.3407226,25727569.856177825,1149772115.4845448,0.3311955922885768,25.008576494442224,1686947339.4603148,32372399.211425174,0.6687366460253641
161644668.08196712,131074533.33333333,charging,131074533.33333333,30570134.748633787,0.0,216.62057316256954,0.0,0.0,0.027362598715271944,7,236,542.1112263715934,21.56,132854721.69526288,675.4574016701373,665.9798877498009,1445.0192142005574,11210.61682973336,2545018854.5468755,2389252982.349708,370.88385270967365,1182700399.9043107,26878848.92063882,1155821550.983672,0.3258722563159375,10.93866381627176,1667689392.7549217,74063734.53331967,0.6635966560790311
204174115.41011724,131074533.33333333,charging,131074533.33333333,73099582.07678391,0.0,517.9850693371544,0.0,0.0,0.09279229168417566,8,236,686.1047987963738,25.51,133322404.95457992,853.1733160124055,665.9804834751727,1445.019214197387,11210.616829709192,2545018854.5413885,2389676439.9933,370.91434111796116,1182744625.520721,27346532.18068802,1155398093.340033,0.32570991904380536,10.8974474732163,1644283580.6052895,73533761.81603181,0.6725965938331141
206851683.8081605,131074533.33333333,charging,131074533.33333333,75777150.47482719,0.0,536.958371412378,0.0,0.0,0.16061861228363392,9,236,735.3790073772941,28.09,133351849.35120755,864.3619522624999,665.980520841262,1445.019214347627,11210.61682952359,2545018854.4992533,2389703100.2026086,370.91626065510013,1182747409.7076633,27375976.576941054,1155371433.1307223,0.3256997000007298,10.894862246002877,1628995733.682239,73033401.8269254,0.6788200090271025
204980443.1509649,131074533.33333333,charging,131074533.33333333,73905909.81763156,0.0,523.698723490645,0.0,0.0,0.2267700299877154,10,236,781.8499459974581,30.0,133331271.89289379,856.5426819629813,665.9804947293977,1445.0192143513113,11210.616829606508,2545018854.5180774,2389684468.4844265,370.9149191702477,1182745463.9676049,27355399.118696734,1155390064.8489082,0.32570684164842034,10.896668833214001,1617677986.5415306,72639742.0444798,0.6835342523535018
196151648.35382563,131074533.33333333,charging,131074533.33333333,65077115.0204923,0.0,461.1377107565912,0.0,0.0,0.28501900397802166,11,236,792.4139400616567,31.54,133234184.35034664,819.6501889143981,665.9803714210775,1445.0192143358506,11210.616829506705,2545018854.4954205,2389596561.297517,370.90858988095863,1182736283.6125672,27258311.576752327,1155477972.0358148,0.32574053811658144,10.90520010927534,1608552682.5642054,72278748.76733582,0.6874442912579606
191353695.06464905,131074533.33333333,charging,131074533.33333333,60279161.73131572,0.0,427.1393198415784,0.0,0.0,0.33897344437906307,12,236,785.4683681706401,32.78,133181422.73284207,799.6011944099879,665.980304334673,1445.0192141652512,11210.616829435745,2545018854.479311,2389548788.794552,370.90515029432686,1182731294.4138987,27205549.875117816,1155525744.538781,0.325758850994583,10.909841592723657,1601205035.2058403,72002147.022335,0.6906052979045854
205656753.76039174,131074533.33333333,charging,131074533.33333333,74582220.42705841,0.0,528.4910737061284,0.0,0.0,0.4057302115840477,13,236,811.4789927831578,33.7,133338709.07277866,859.3687510958924,665.980504167771,1445.0192143513104,11210.616829606519,2545018854.5180798,2389691202.4325275,370.91540401424146,1182746167.199389,27362836.298582803,1155383330.9008062,0.32570426047723144,10.896015825522689,1595753554.907698,71903002.43732585,0.6928185097897033
219347959.97733396,131074533.33333333,charging,131074533.33333333,88273426.64400063,0.0,625.5072289304197,0.0,0.0,0.48474165102789024,14,236,805.5260770360107,34.33,133489267.05907567,916.5795869790513,665.9806950120816,1445.0192143005513,11210.616829209213,2545018854.427884,2389827524.475051,370.9252192561195,1182760403.0606492,27513394.202368896,1155247008.8582802,0.32565200960170854,10.882812004500645,1592020476.0078835,71857931.28202288,0.6943097547253615
224036051.64747053,131074533.33333333,charging,131074533.33333333,92961518.3141372,0.0,658.7271382626492,0.0,0.0,0.5679492895452775,15,236,763.1440023811776,34.51,133540820.56212576,936.1695076109903,665.9807602615415,1445.0192141603059,11210.616829439827,2545018854.4802375,2389874203.580005,370.92858018853883,1182765277.4576979,27564947.704369124,1155200329.7533288,0.3256341190093146,10.87829764152421,1590953882.0365078,71849595.67147157,0.6947305230234817
222539365.44729838,131074533.33333333,charging,131074533.33333333,91464832.11396505,0.0,648.121590554349,0.0,0.0,0.64981727993109,16,236,719.7563674115456,34.14,133524361.96404235,929.9153714005017,665.9807394359373,1445.0192143110742,11210.616829227078,2545018854.43194,2389859301.11069,370.9275071998007,1182763721.3292813,27548489.106637955,1155215232.2226434,0.3256398305840169,10.879738485861262,1593146325.1998909,71914920.7920917,0.6937974413874539
176818919.00647068,131074533.33333333,charging,131074533.33333333,45744385.67313735,0.0,324.14561221152286,0.0,0.0,0.6907619888420191,17,236,577.3251001254671,33.51,133021588.26830001,738.8653706639459,665.9801007808774,1445.0192141584116,11210.616829414781,2545018854.4745517,2389404068.7209754,370.8947306252627,1182716180.0236382,27045715.411280703,1155670464.6123576,0.3258143306583511,10.923924828320493,1596879404.0997057,71769907.90949227,0.6925783963682761
88592329.9324341,131074533.33333333,direct_plus_discharge,131074533.33333333,0.0,42482203.40089923,0.0,301.0297247814036,0.0,0.6527371815012103,18,236,323.433857947968,32.4,132584123.5805692,370.1968378797468,661.9051030790899,1445.0192143476295,11210.616829609651,2545018854.5187907,2389007975.6331353,370.8662129978527,1182674808.506572,26608250.806377035,1156066557.700195,0.3259662022433717,10.962644041130575,1603456733.5898554,71380366.7707319,0.6902561195063672
0.0,131074533.33333333,discharging,131074533.33333333,0.0,131074533.33333333,0.0,928.7967086553953,0.0,0.5354154919868446,19,236,0.0,30.85,132728987.52462317,1.0,654.1499999999972,1445.0192143513093,11210.61682952045,2545018854.498541,2389139139.0062265,370.87565630831443,1182688509.0774584,26753114.75038468,1155935394.3270738,0.32591590685191835,10.949794137674324,1612641292.7878122,71046480.1371958,0.6865497350015854
0.0,131074533.33333333,discharging,131074533.33333333,0.0,131074533.33333333,0.0,928.7967086553953,0.0,0.41809380247247885,20,236,0.0,29.04,132728987.52465484,1.0,654.15,1445.0192141534835,11210.616829418988,2545018854.4755073,2389139138.9857183,370.8756563083947,1182688509.015254,26753114.667639915,1155935394.347614,0.32591590685770677,10.949794137807078,1623366487.7222004,71413734.53975008,0.6820562213104167
0.0,131074533.33333333,discharging,131074533.33333333,0.0,131074533.33333333,0.0,928.7967086553953,0.0,0.3007721129581132,21,236,0.0,28.48,132728987.52465469,1.0,654.15,1445.0192142091566,11210.616829639957,2545018854.525671,2389139139.0304437,370.87565630822417,1182688509.0528874,26753114.749998484,1155935394.3028889,0.3259159068450965,10.949794137512411,1626684780.0775914,71527360.21125317,0.6806778534195844
0.0,131074533.33333333,discharging,131074533.33333333,0.0,131074533.33333333,0.0,928.7967086553953,0.0,0.18345042344374746,22,236,0.0,27.63,132728987.52465469,1.0,654.15,1445.019214346376,11210.616829610653,2545018854.5190187,2389139139.024511,370.8756563082469,1182688509.059265,26753114.750442836,1155935394.3088222,0.3259159068467694,10.949794137551518,1631721473.8313098,71699827.74835624,0.6785963010071945
0.0,131074533.33333333,discharging,131074533.33333333,0.0,131074533.33333333,0.0,928.7967086553953,0.0,0.06612873392938173,23,236,0.0,26.57,132728987.52465469,1.0,654.15,1445.0192143395375,11210.616829589691,2545018854.51426,2389139139.020272,370.87565630826305,1182688509.064211,26753114.751150724,1155935394.3130603,0.32591590684796434,10.94979413757941,1638002527.2182999,71914904.91227297,0.6760182524560582
0.0,131074533.33333333,discharging,73880566.97441721,0.0,73880566.97441721,0.0,523.5191436076054,0.0,0.0,0,237,0.0,25.63,74814253.5126609,1.0,654.15,1445.0192143110683,11210.61682922699,2545018854.43192,2336749825.595072,367.1122332054531,1177163088.393493,26032347.014148556,1151130741.3793445,0.329948990612024,19.288102843089565,1643572517.9577057,40643187.756316304,0.6834817758045566
0.0,131074533.33333333,shutdown,0.0,0.0,0.0,0.0,0.0,0.0,0.0,1,237,0.0,24.6,0.0,1.0,567.279923475184,1445.0192142042522,11210.616829730307,2545018854.546182,2259509895.6758633,362.89907080586624,1179588764.8828716,25103923.82696883,1154484841.0559027,0.3381619335254548,,1649675805.6827996,0.0,0.6998252851129512
0.0,131074533.33333333,shutdown,0.0,0.0,0.0,0.0,0.0,0.0,0.0,2,237,0.0,24.28,0.0,1.0,567.279923475184,1445.0192142956219,11210.61682921335,2545018854.4288235,2259509895.571712,362.89907080586624,1179588764.904897,25103923.744800467,1154484841.1600964,0.33816193355597435,,1651571972.7430232,0.0,0.699021816919467
0.0,131074533.33333333,shutdown,0.0,0.0,0.0,0.0,0.0,0.0,0.0,3,237,0.0,24.43,0.0,1.0,567.279923475184,1445.019214346379,11210.616829610684,2545018854.519026,2259509895.6517954,362.89907080586624,1179588764.9073336,25103923.82731981,1154484841.0800138,0.3381619335325172,,1650683144.4335434,0.0,0.699398212778257
0.0,131074533.33333333,shutdown,0.0,0.0,0.0,0.0,0.0,0.0,0.0,4,237,0.0,24.6,0.0,1.0,567.279923475184,1445.01921420917,11210.616829726101,2545018854.5452275,2259509895.6750574,362.89907080586624,1179588764.8837166,25103923.82696428,1154484841.0567522,0.3381619335257036,,1649675805.6827996,0.0,0.6998252851134662
0.0,131074533.33333333,shutdown,0.0,0.0,0.0,0.0,0.0,0.0,0.0,5,237,0.0,24.4,0.0,1.0,567.279923475184,1445.01921434446,11210.61682949947,2545018854.4937778,2259509895.6293797,362.89907080586624,1179588764.9303825,25103923.82795222,1154484841.1024303,0.3381619335390833,,1650860910.0954394,0.0,0.699322901185956
39671198.7209009,131074533.33333333,direct_partial,39671198.7209009,0.0,0.0,0.0,0.0,0.0,0.0,6,237,180.9164900308863,24.21,40110082.333007246,165.77227771949472,665.5853702197162,1445.0192141689402,11210.616829432682,2545018854.4786158,2305404596.1983433,364.86990381277417,1173804146.6103287,25537544.087735124,1148266602.5225935,0.3324348602540833,35.82146561953148,1651986759.287447,22190316.34024546,0.6858692663033141
144820868.68771267,131074533.33333333,charging,131074533.33333333,13746335.354379341,0.0,97.40680137118548,0.0,0.0,0.01230401701530764,7,237,490.0059543930489,25.22,132669715.5446581,605.156537683084,665.9796509353765,1445.0192143426984,11210.616829527762,2545018854.5002007,2389085472.622495,370.8717925026401,1182682903.4812226,26693842.77038199,1155989060.7108407,0.325936485048007,10.955048364421467,1646001982.0036168,73231468.4879162,0.6723863244868465
197524203.47408423,131074533.33333333,charging,131074533.33333333,66449670.1407509,0.0,470.8636632030692,0.0,0.0,0.07178153236727428,8,237,664.8830487569558,28.16,133249277.91710976,825.3856240894625,665.9803906027935,1445.0192143005534,11210.616829295222,2545018854.44741,2389610227.5909576,370.9095738503711,1182737710.802837,27273405.06045373,1155464305.7423832,0.3257352994433067,10.903872991883299,1628580947.1378148,72963208.69386387,0.6790680698953809
205552184.11169818,131074533.33333333,charging,131074533.33333333,74477650.77836485,0.0,527.7500911287971,0.0,0.0,0.13844470177301707,9,237,731.7884191666603,30.26,133337559.15249449,858.9317905450827,665.9805027084993,1445.0192142042415,11210.616829730263,2545018854.546172,2389690161.2693257,370.9153290486171,1182746058.4419348,27361686.377926536,1155384372.0640082,0.32570465956446637,10.896116787202272,1616137350.805099,72591112.8857845,0.6841741564175456
207897559.04248536,131074533.33333333,charging,131074533.33333333,76823025.70915204,0.0,544.3694637931897,0.0,-1.4901161193847656e-08,0.20720716035741996,10,237,794.3374078886035,31.87,133363350.5196755,868.7323046943536,665.9805354322201,1445.0192142091687,11210.61682964005,2545018854.525692,2389713513.8946724,370.9170104399094,1182748497.1837056,27387477.745045193,1155361019.4386604,0.32569570841098205,10.893852749505303,1606597260.2833505,72282752.79753461,0.6881736696111334
203224905.33420593,131074533.33333333,charging,131074533.33333333,72150372.0008726,0.0,511.2589481608392,0.0,0.0,0.2717872380198417,11,237,822.4160734238087,33.19,133311966.78314945,849.2068939885806,665.9804702247699,1445.0192143395327,11210.616829589673,2545018854.5142555,2389666988.7971754,370.9136606348993,1182743638.5457952,27336094.00963694,1155407544.5361583,0.32571354179032924,10.898364222263076,1598775571.159929,71990667.24028625,0.6915435073924399
194021387.77932423,131074533.33333333,charging,131074533.33333333,62946854.445990905,0.0,446.042642631164,0.0,0.0,0.3281294665627256,12,237,800.0698495007701,34.1,133210758.52961838,810.7485635802212,665.9803416416914,1445.0192143513104,11210.616829520475,2545018854.4985466,2389575350.6112413,370.90706272419584,1182734068.4774468,27234885.755354963,1155499182.722092,0.3257486688501889,10.907260444497185,1593383346.0824187,71753981.20593314,0.6939362680697351
168013884.1734713,131074533.33333333,charging,131074533.33333333,36939350.84013797,0.0,261.752963048406,0.0,0.0,0.3611929987372611,13,237,678.8566215031735,34.33,132924762.00677513,702.0721623231859,665.9799772321514,1445.0192143513218,11210.616829606593,2545018854.518097,2389316399.010364,370.8884185664142,1182707023.5555716,26948889.232599556,1155758134.322972,0.3258479420547586,10.932472791758963,1592020476.0078835,71553989.28218329,0.6947438533335807
128297113.87041348,131074533.33333333,direct_plus_discharge,131074533.33333333,0.0,2777419.462919846,0.0,19.68084867527322,0.0,0.3587069967993318,14,237,499.00704567382553,34.18,132520378.74914797,536.1094566555321,665.8608504439146,1445.0192141937146,11210.616829712335,2545018854.5421023,2388950259.6968822,370.8620576789428,1182668779.6117122,26544505.97526019,1156124273.636452,0.32598833509148345,10.968307313209165,1592909304.3173628,71355214.92577027,0.6946757923807864
99192653.06047145,131074533.33333333,direct_plus_discharge,131074533.33333333,0.0,31881880.272861883,0.0,225.91562762138,0.0,0.3301702859418943,15,237,371.0325803727491,34.34,132567105.08194605,414.4919377545984,662.9297436435102,1445.0192143427055,11210.616829527802,2545018854.50021,2388992566.6865263,370.8651036145591,1182673198.954488,26591232.30768416,1156081966.6468039,0.3259721111692011,10.964155480324676,1591961220.787251,71077845.42433761,0.6951622425084484
0.0,131074533.33333333,discharging,131074533.33333333,0.0,131074533.33333333,0.0,928.7967086553953,0.0,0.21284859642752862,16,237,0.0,33.03,132728987.52464628,1.0,654.1499999999949,1445.0192143073814,11210.61682931614,2545018854.452159,2389139138.964896,370.8756563084737,1182688509.0357156,26753114.667287935,1155935394.3684278,0.32591590686357597,10.949794137944892,1599723654.6900408,70604151.63028488,0.6920410412821382
4838460.318954952,131074533.33333333,direct_plus_discharge,131074533.33333331,0.0,126236073.01437837,0.0,894.5112841345494,0.0,0.09985769737895395,17,237,72.68654097338307,31.9,132718587.88865362,20.218259432276128,654.5221417567083,1445.0192141973807,11210.616829623124,2545018854.5218496,2389129722.9202085,370.8749783779253,1182687525.5278091,26742715.114683688,1155944810.4131255,0.32591951737035174,10.950715684794506,1606419494.6214545,70863071.2413914,0.6891771451869064
94913110.76327711,131074533.33333333,direct_plus_discharge,131074533.33333333,0.0,36161422.570056215,0.0,256.240548100611,0.0,0.06749047025045571,18,237,342.5472571687302,30.79,132573975.75786008,396.6092042583439,662.5134134884536,1445.0192143024542,11210.616829320328,2545018854.4531093,2388998787.5075006,370.86555149262904,1182673848.7263231,26598102.90048205,1156075745.8258412,0.3259697256360772,10.963545238595103,1612996824.111604,71753268.77824773,0.6862001377562321
0.0,131074533.33333333,discharging,75401930.61609887,0.0,75401930.61609887,0.0,534.2995561494411,0.0,0.0,19,237,0.0,30.2,76354789.6260177,1.0,654.15,1445.0192141603122,11210.616829439823,2545018854.480237,2338142108.327678,367.2120094702232,1177311341.7739162,26051519.485522952,1151259822.2883933,0.3298403433685742,18.902577785738025,1616492882.128891,40946663.91623788,0.6946013958913025
0.0,131074533.33333333,shutdown,0.0,0.0,0.0,0.0,0.0,0.0,0.0,20,237,0.0,28.74,0.0,1.0,567.279923475184,1445.019214340783,11210.616829502602,2545018854.4944887,2259509895.6299796,362.89907080586624,1179588764.9297466,25103923.827952925,1154484841.1017938,0.33816193353889684,,1625144144.3411598,0.0,0.7103891953964654
0.0,131074533.33333333,shutdown,0.0,0.0,0.0,0.0,0.0,0.0,0.0,21,237,0.0,28.44,0.0,1.0,567.279923475184,1445.0192143073953,11210.616829316199,2545018854.452172,2259509895.5924416,362.89907080586624,1179588764.883542,25103923.744172636,1154484841.1393695,0.3381619335499032,,1626921800.9601192,0.0,0.7096129884411508
0.0,131074533.33333333,shutdown,0.0,0.0,0.0,0.0,0.0,0.0,0.0,22,237,0.0,27.47,0.0,1.0,567.279923475184,1445.0192142091541,11210.616829639946,2545018854.5256686,2259509895.657693,362.89907080586624,1179588764.9009807,25103923.826862887,1154484841.074118,0.33816193353079027,,1632669557.3614213,0.0,0.7071148205518671
0.0,131074533.33333333,shutdown,0.0,0.0,0.0,0.0,0.0,0.0,0.0,23,237,0.0,26.03,0.0,1.0,567.279923475184,1445.0192142023195,11210.616829705055,2545018854.5404496,2259509895.670816,362.89907080586624,1179588764.888641,25103923.82764591,1154484841.060995,0.3381619335269464,,1641202309.1324267,0.0,0.7034384698564551
0.0,131074533.33333333,shutdown,0.0,0.0,0.0,0.0,0.0,0.0,0.0,0,238,0.0,24.42,0.0,1.0,567.279923475184,1445.0192143463805,11210.616829610692,2545018854.519027,2259509895.651797,362.89907080586624,1179588764.9073348,25103923.827321358,1154484841.0800135,0.3381619335325171,,1650742399.6541753,0.0,0.6993731071073682
0.0,131074533.33333333,shutdown,0.0,0.0,0.0,0.0,0.0,0.0,0.0,1,238,0.0,23.26,0.0,1.0,567.279923475184,1445.019214351318,11210.616829520537,2545018854.4985604,2259509895.633626,362.89907080586624,1179588764.9254608,25103923.827275675,1154484841.098185,0.3381619335378398,,1657616005.247485,0.0,0.6964730296060446
0.0,131074533.33333333,shutdown,0.0,0.0,0.0,0.0,0.0,0.0,0.0,2,238,0.0,22.63,0.0,1.0,567.279923475184,1445.0192142993105,11210.616829296307,2545018854.447656,2259509895.588432,362.89907080586624,1179588764.888259,25103923.744882178,1154484841.1433768,0.338161933551077,,1661349084.1472998,0.0,0.6949080432038912
0.0,131074533.33333333,shutdown,0.0,0.0,0.0,0.0,0.0,0.0,0.0,3,238,0.0,22.12,0.0,1.0,567.279923475184,1445.0192141640027,11210.616829350745,2545018854.460015,2259509895.5994043,362.89907080586624,1179588764.8761325,25103923.743725214,1154484841.1324072,0.33816193354786384,,1664371100.3995306,0.0,0.6936462912960182
0.0,131074533.33333333,shutdown,0.0,0.0,0.0,0.0,0.0,0.0,0.0,4,238,0.0,21.74,0.0,1.0,567.279923475184,1445.019214346385,11210.616829610715,2545018854.5190325,2259509895.6518016,362.89907080586624,1179588764.907336,25103923.82732777,1154484841.0800083,0.3381619335325156,,1666622798.783546,0.0,0.6927091372580869
0.0,131074533.33333333,shutdown,0.0,0.0,0.0,0.0,0.0,0.0,0.0,5,238,0.0,21.23,0.0,1.0,567.279923475184,1445.0192143042245,11210.61682929208,2545018854.4466963,2259509895.58758,362.89907080586624,1179588764.8891022,25103923.74486946,1154484841.1442327,0.3381619335513277,,1669644815.0357766,0.0,0.6914553507115193
23833205.67341499,131074533.33333333,charging_only,0.0,23833205.67341499,0.0,168.8825618770715,0.0,0.0,0.02133253413184061,6,238,134.41643620812755,20.58,0.0,99.59075896936913,620.0702421403822,1445.0192142005546,11210.616829647304,2545018854.527339,2259509895.659176,362.89907080586624,1179588764.8995078,25363378.62960485,1154225386.269903,0.3380859362243418,,1673496404.3768559,0.0,0.6897089131779109
139262985.09366757,131074533.33333333,charging,131074533.33333333,8188451.760334238,0.0,58.02352944214375,0.0,0.0,0.028661822061374558,7,238,474.05960796639613,22.59,132608597.2071829,581.9320561349816,665.9795725567845,1445.0192143073855,11210.616829316179,2545018854.4521675,2389030134.558054,370.867808361554,1182677123.1251454,26632724.349826768,1156044398.7753186,0.32595770497078785,10.960471180901111,1661586105.0298276,73721405.83659716,0.6661899355222148
195672150.01566744,131074533.33333333,charging,131074533.33333333,64597616.68233411,0.0,457.7399761474244,0.0,0.0,0.08648160852210185,8,238,659.8102924825314,27.51,133228911.45451216,817.6465304860653,665.9803647189754,1445.0192141620953,11210.616829325641,2545018854.4543157,2389591786.9655848,370.90824613451485,1182735784.9651854,27253038.59743575,1155482746.3677497,0.3257423682572415,10.905663805258005,1632432536.4788935,73082086.35281962,0.6774980002512495
211879879.0132249,131074533.33333333,charging,131074533.33333333,80805345.67989157,0.0,572.58826104978,0.0,0.0,0.15880854675996878,9,238,754.1861092741051,30.36,133407142.8682894,885.3730484440381,665.980590966399,1445.0192143061483,11210.616829317292,2545018854.45242,2389753165.399844,370.91986536167474,1182752637.944437,27431270.01094757,1155321367.9334896,0.3256805101315051,10.890010540448214,1615544798.5987792,72608971.74861874,0.684369746540175
205537250.73093265,131074533.33333333,charging,131074533.33333333,74462717.39759932,0.0,527.6442729004091,0.0,0.0,0.22545834965265202,10,238,789.1002322921354,32.17,133337394.93469955,858.8693890895321,665.9805025001018,1445.019214346379,11210.616829610637,2545018854.519015,2389690012.555123,370.91531834303476,1182746042.9386938,27361522.160481278,1155384520.7782125,0.3257047165651637,10.896131205660302,1604819603.664391,72208618.23833336,0.6889475714769636
192108939.03044188,131074533.33333333,charging,131074533.33333333,61034405.69710855,0.0,432.49099336519373,0.0,0.0,0.2800887909198344,11,238,785.3290696938693,33.36,133189727.91857249,802.7570988565451,665.9803148982369,1445.0192141620882,11210.616829325634,2545018854.4543138,2389556308.6159587,370.9056917172022,1182732079.7788665,27213855.061504237,1155518224.7173624,0.325755968343819,10.909110734988475,1597768232.4091852,71890643.5596607,0.6920684466441415
0.0,131074533.33333333,discharging,131074533.33333333,0.0,131074533.33333333,0.0,928.7967086553953,0.0,0.16276710140546868,12,238,14.570854479358768,33.84,132728987.52465476,1.0,654.15,1445.0192141603168,11210.616829439894,2545018854.4802527,2389139138.989951,370.87565630837867,1182688509.0102997,26753114.666917663,1155935394.3433821,0.32591590685651356,10.94979413777919,1594923981.81885,70439800.2125799,0.6941038389422393
72242937.12341464,131074533.33333333,direct_plus_discharge,131074533.33333333,0.0,58831596.20991869,0.0,416.88184222449297,0.0,0.110108342387638,13,238,334.843175776336,30.87,132610372.03693286,301.87835563902826,660.3671651859893,1445.0192143513207,11210.616829520568,2545018854.4985676,2389031741.5717053,370.8679240574591,1182677291.024324,26634499.262693916,1156042791.76163,0.32595708873926216,10.960313635747784,1612522782.3465483,71559175.92648807,0.6864528095456287
122451316.35136257,131074533.33333333,direct_plus_discharge,131074533.33333333,0.0,8623216.981970757,0.0,61.10428431209941,0.0,0.10238990647453071,14,238,483.5038569732454,30.45,132529764.00050476,511.6818819649364,665.2577634581053,1445.019214304243,11210.616829292188,2545018854.446721,2388958757.215415,370.86266947168207,1182669667.2618022,26553891.14388602,1156115776.117916,0.3259850764127836,10.967473159437365,1615011501.6130915,72047889.81477478,0.6852845738521519
0.0,131074533.33333333,discharging,114392396.36546002,0.0,114392396.36546002,0.0,810.5867595900348,0.0,0.0,15,238,0.0,30.59,115836619.55732459,1.0,654.1500000000005,1445.0192143061438,11210.616829317223,2545018854.4524045,2373848375.6168346,369.77543952644294,1181086904.4164584,26542883.66783595,1154544020.7486224,0.3270814332742158,12.520756534820679,1614181928.5242438,62050462.21674255,0.6887732435705116
0.0,131074533.33333333,shutdown,0.0,0.0,0.0,0.0,0.0,0.0,0.0,16,238,0.0,30.76,0.0,1.0,567.279923475184,1445.0192141689438,11210.616829346673,2545018854.45909,2259509895.598583,362.89907080586624,1179588764.8769872,25103923.743759293,1154484841.1332278,0.3381619335481042,,1613174589.7735004,0.0,0.7156601947811021
0.0,131074533.33333333,shutdown,0.0,0.0,0.0,0.0,0.0,0.0,0.0,17,238,0.0,29.06,0.0,1.0,567.279923475184,1445.0192143407746,11210.61682958857,2545018854.5140057,2259509895.6473384,362.89907080586624,1179588764.912473,25103923.828000236,1154484841.0844727,0.3381619335338233,,1623247977.2809365,0.0,0.7112190233671644
12199773.08417881,131074533.33333333,charging_only,0.0,12199773.08417881,0.0,86.4478308544652,0.0,0.0,0.01091972600266929,18,238,96.81490390707636,28.33,0.0,50.97865043235526,603.8345401018316,1445.0192143110796,11210.616829227107,2545018854.4319468,2259509895.574485,362.89907080586624,1179588764.9014528,25235449.26461504,1154353315.6368377,0.33812340821231335,,1627573608.3870711,0.0,0.7092479932632997
0.0,131074533.33333333,shutdown,0.0,0.0,0.0,0.0,0.0,0.0,0.01091972600266929,19,238,0.0,26.57,0.0,1.0,567.279923475184,1445.0192141652526,11210.616829435796,2545018854.4793224,2259509895.616546,362.89907080586624,1179588764.8590753,25103923.74381063,1154484841.1152647,0.33816193354284263,,1638002527.2182999,0.0,0.704812612881521
0.0,131074533.33333333,shutdown,0.0,0.0,0.0,0.0,0.0,0.0,0.01091972600266929,20,238,0.0,25.66,0.0,1.0,567.279923475184,1445.0192143005518,11210.616829295268,2545018854.44742,2259509895.5882225,362.89907080586624,1179588764.8884742,25103923.744886495,1154484841.1435878,0.33816193355113877,,1643394752.2958097,0.0,0.702500016828447
0.0,131074533.33333333,shutdown,0.0,0.0,0.0,0.0,0.0,0.0,0.01091972600266929,21,238,0.0,23.59,0.0,1.0,567.279923475184,1445.019214165255,11210.616829349727,2545018854.459783,2259509895.599199,362.89907080586624,1179588764.8763487,25103923.743737034,1154484841.1326118,0.3381619335479238,,1655660582.9666295,0.0,0.6972956009280562
0.0,131074533.33333333,shutdown,0.0,0.0,0.0,0.0,0.0,0.0,0.01091972600266929,22,238,0.0,21.82,0.0,1.0,567.279923475184,1445.01921434269,11210.616829613744,2545018854.51972,2259509895.652412,362.89907080586624,1179588764.9066973,25103923.827297784,1154484841.0793996,0.3381619335323373,,1666148757.01849,0.0,0.6929062223383381
0.0,131074533.33333333,shutdown,0.0,0.0,0.0,0.0,0.0,0.0,0.01091972600266929,23,238,0.0,20.91,0.0,1.0,567.279923475184,1445.019214339539,11210.616829503642,2545018854.494725,2259509895.630221,362.89907080586624,1179588764.9295385,25103923.827946626,1154484841.1015918,0.33816193353883767,,1671540982.096,0.0,0.6906709757447559
0.0,131074533.33333333,shutdown,0.0,0.0,0.0,0.0,0.0,0.0,0.01091972600266929,0,239,0.0,20.96,0.0,1.0,567.279923475184,1445.0192142042285,11210.616829730172,2545018854.5461516,2259509895.675878,362.89907080586624,1179588764.8828616,25103923.8269291,1154484841.0559325,0.33816193352546353,,1671244705.9928405,0.0,0.6907934169760525
0.0,131074533.33333333,shutdown,0.0,0.0,0.0,0.0,0.0,0.0,0.01091972600266929,1,239,0.0,20.85,0.0,1.0,567.279923475184,1445.01921420547,11210.616829729075,2545018854.5459027,2259509895.675657,362.89907080586624,1179588764.8830736,25103923.82691885,1154484841.0561547,0.33816193352552865,,1671896513.419792,0.0,0.6905241034893398
0.0,131074533.33333333,shutdown,0.0,0.0,0.0,0.0,0.0,0.0,0.01091972600266929,2,239,0.0,20.7,0.0,1.0,567.279923475184,1445.0192142993087,11210.616829210292,2545018854.428129,2259509895.571096,362.89907080586624,1179588764.9055333,25103923.744818315,1154484841.160715,0.3381619335561556,,1672785341.7292717,0.0,0.6901571961213181
0.0,131074533.33333333,shutdown,0.0,0.0,0.0,0.0,0.0,0.0,0.01091972600266929,3,239,0.0,20.56,0.0,1.0,567.279923475184,1445.0192143463735,11210.616829610626,2545018854.5190125,2259509895.6517835,362.89907080586624,1179588764.9073305,25103923.827303473,1154484841.080027,0.3381619335325211,,1673614914.8181198,0.0,0.6898151007488427
0.0,131074533.33333333,shutdown,0.0,0.0,0.0,0.0,0.0,0.0,0.01091972600266929,4,239,0.0,19.79,0.0,1.0,567.279923475184,1445.0192143110683,11210.616829226992,2545018854.4319205,2259509895.5744615,362.89907080586624,1179588764.901445,25103923.744095042,1154484841.1573498,0.3381619335551698,,1678177566.806782,0.0,0.6879396221188268
0.0,131074533.33333333,shutdown,0.0,0.0,0.0,0.0,0.0,0.0,0.01091972600266929,5,239,0.0,18.96,0.0,1.0,567.279923475184,1445.019214202324,11210.61682970506,2545018854.540451,2259509895.670817,362.89907080586624,1179588764.8886442,25103923.827647675,1154484841.0609965,0.33816193352694685,,1683095750.1192365,0.0,0.6859293899228305
74560080.91919844,131074533.33333333,direct_plus_discharge,86759854.00337724,0.0,12199773.08417881,0.0,86.4478308544652,0.0,0.0,6,239,286.9034524996441,17.57,87733511.81641662,311.5609015971947,664.2606318424658,1445.0192143513134,11210.616829606543,2545018854.5180855,2348427999.552984,367.94956950721996,1178404172.8226533,26072318.37218502,1152331854.4504683,0.3290746855984285,16.47565660439242,1691332225.7870815,49336103.73199842,0.6620054118919024
168965931.55655268,131074533.33333333,charging,131074533.33333333,37891398.22321935,0.0,268.49918943886144,0.0,0.0,0.033915687087014076,7,239,565.2602509334691,15.91,132935231.37928003,706.0504404765792,665.9799905995627,1445.0192143463885,11210.616829524712,2545018854.4995084,2389325878.302598,370.88910105699586,1182708013.635763,26959358.60494929,1155748655.0308137,0.3258443077296856,10.931547940165279,1701168592.4119902,75236413.80985032,0.6506110098670156
200434717.02853686,131074533.33333333,charging,131074533.33333333,69360183.69520353,0.0,491.48761921592694,0.0,0.0,0.09599833372481538,8,239,679.3225543190275,16.39,133281283.94002348,837.5476579279024,665.9804312634182,1445.0192142023204,11210.616829705064,2545018854.5404515,2389639207.264849,370.91166036927575,1182740737.2346354,27305411.166138943,1155435326.0684965,0.32572419088940574,10.90105982240261,1698324341.8216553,75336243.6048509,0.6514410567400937
207329730.86776197,131074533.33333333,charging,131074533.33333333,76255197.53442864,0.0,540.3458222332866,0.0,0.0,0.16425254284902002,9,239,746.1951761281468,17.61,133357106.28777991,866.3595462975269,665.9805275107867,1445.0192143110746,11210.616829227081,2545018854.4319406,2389707860.0058746,370.9166033657624,1182747906.7578342,27381233.43037656,1155366673.3274577,0.32569787554783847,10.89440080574664,1691095204.9045534,75134815.06079376,0.65414281280879
200114013.8699142,131074533.33333333,charging,131074533.33333333,69039480.53658088,0.0,489.2151103569665,0.0,0.0,0.2260481357362158,10,239,778.5801620129467,19.09,133277757.2659554,836.2075498698919,665.9804267840683,1445.019214204231,11210.616829730145,2545018854.5461454,2389636014.0704083,370.91143045991,1182740403.7542794,27301884.491356526,1155438519.2629228,0.32572541490336254,10.901369733121026,1682325432.2510207,74793918.67706048,0.6575754337078125
152561700.49910057,131074533.33333333,charging,131074533.33333333,21487167.165767238,0.0,152.2584870940571,0.0,0.0,0.24528078673757037,11,239,646.8238828165563,20.52,132754839.09267391,637.5028080805355,665.9797599783733,1445.0192143444747,11210.6168295856,2545018854.5133314,2389162545.729361,370.8773415204895,1182690953.9231684,26778966.319198314,1155911987.60397,0.3259069318418619,10.947503967208865,1673851935.7006474,74215351.95028454,0.6612514265153344
189198020.89603466,131074533.33333333,charging,131074533.33333333,58123487.56270133,0.0,411.8641704908592,0.0,0.0,0.29730573458904735,12,239,798.2159442434676,21.47,133157717.44663224,790.5933744178017,665.9802741761185,1445.0192143061458,11210.616829231196,2545018854.4328747,2389527325.0599356,370.90360492730474,1182729052.8626075,27181844.58920721,1155547208.2734003,0.3257670789742057,10.911928163890668,1668222689.7406094,74250677.35049845,0.6631649183840758
194597144.52636534,131074533.33333333,charging,131074533.33333333,63522611.19303201,0.0,450.1224662096922,0.0,0.0,0.35416330926816636,13,239,792.1361163335504,22.16,133217089.94958727,813.1544527503704,665.9803496913539,1445.0192142005553,11210.616829733346,2545018854.546872,2389581083.377467,370.90747547637466,1182734667.1308713,27241217.175004832,1155493449.9558666,0.3257464712914676,10.90670351512272,1664134079.5170026,74145769.22481702,0.6647338463897062
179196917.55694127,131074533.33333333,charging,131074533.33333333,48122384.22360794,0.0,340.9961564835176,0.0,0.0,0.3972365079818739,14,239,685.2924348233955,22.65,133047738.3873992,748.8022076851443,665.980134117213,1445.019214198637,11210.616829622119,2545018854.521621,2389427746.00431,370.8964353497272,1182718652.9424713,27071865.613447446,1155646787.3290238,0.32580525342870564,10.921618390500896,1661230573.706036,73953601.79252882,0.6660081411801577
222430859.0638662,131074533.33333333,charging,131074533.33333333,91356325.73053287,0.0,647.3527121976082,0.0,0.0,0.4790073768910454,15,239,772.6443762800027,22.84,133523168.75269598,929.4619605909318,665.9807379259286,1445.0192143476202,11210.616829609588,2545018854.5187764,2389858220.7960167,370.92742941029053,1182763608.5157986,27547295.978482146,1155216312.5373163,0.3256402446396111,10.879842957112773,1660104724.514028,74179826.71822092,0.6661054045119116
224378518.0095989,131074533.33333333,charging,131074533.33333333,93303984.67626557,0.0,661.1538616076114,0.0,1.4901161193847656e-08,0.5625215488835857,16,239,734.7142853763509,22.71,133544586.55943915,937.6005566017642,665.9807650260611,1445.0192143427032,11210.61682961382,2545018854.5197372,2389877613.5359573,370.928825706122,1182765633.5826125,27568713.78523909,1155196919.7973735,0.32563281210729844,10.877968002444229,1660875042.3822439,74217795.97573583,0.6657839247902171
153739147.5630858,131074533.33333333,charging,131074533.33333333,22664614.229752466,0.0,160.60190003503092,0.0,0.0,0.5828081046774845,17,239,513.3159360017673,22.16,132767787.1161065,642.4229538786036,665.9797765525195,1445.01921433954,11210.616829503651,2545018854.494727,2389174269.2109756,370.8781855780644,1182692178.4648905,26791914.34253461,1155900264.122356,0.325902436669592,10.94635724706185,1664134079.5170026,73895646.25889014,0.6650635757143555
26950231.131814443,131074533.33333333,direct_plus_discharge,131074533.33333334,0.0,104124302.2015189,0.0,737.8268433721462,0.0,0.48960892446205545,18,239,142.53321040220257,21.1,132683088.10844435,112.61573493704252,656.3568454187315,1445.0192142005553,11210.616829733306,2545018854.546863,2389097580.5209312,370.87266422749934,1182684168.1462557,26707215.333853386,1155976952.8124022,0.3259318422579787,10.953862529274403,1670415132.9039924,73200203.2289511,0.6629770505323564
0.0,131074533.33333333,discharging,131074533.33333333,0.0,131074533.33333333,0.0,928.7967086553953,0.0,0.3722872349476897,19,239,0.0,19.51,132728987.52465038,1.0,654.1499999999966,1445.0192143110764,11210.61682922707,2545018854.431938,2389139138.9468727,370.87565630854266,1182688509.053705,26753114.667248305,1155935394.3864567,0.32591590686865884,10.949794138063341,1679836712.9844775,73347399.98514968,0.6593348558403703
0.0,131074533.33333333,discharging,131074533.33333333,0.0,131074533.33333333,0.0,928.7967086553953,0.0,0.254965545433324,20,239,0.0,18.72,132728987.52465476,1.0,654.15,1445.0192143358536,11210.616829592802,2545018854.514966,2389139139.0209002,370.8756563082608,1182688509.0635748,26753114.751143705,1155935394.312431,0.32591590684778693,10.949794137575264,1684517875.414404,73507693.34316583,0.6575191025972124
0.0,131074533.33333333,discharging,131074533.33333333,0.0,131074533.33333333,0.0,928.7967086553953,0.0,0.1376438559189583,21,239,0.0,17.71,132728987.52465469,1.0,654.15,1445.0192142091648,11210.616829726065,2545018854.545219,2389139139.0478706,370.87565630815783,1182688509.035547,26753114.750085313,1155935394.2854617,0.3259159068401829,10.9497941373976,1690502652.698234,73712625.35784118,0.6552122117200713
0.0,131074533.33333333,discharging,131074533.33333333,0.0,131074533.33333333,0.0,928.7967086553953,0.0,0.02032216640459259,22,239,0.0,16.84,132728987.52465469,1.0,654.15,1445.0192143476208,11210.616829523566,2545018854.499248,2389139139.006886,370.875656308314,1182688509.0768247,26753114.750377104,1155935394.3264475,0.3259159068517389,10.949794137667624,1695657856.8932161,73889150.95464076,0.653238026003225
0.0,131074533.33333333,shutdown,0.0,0.0,0.0,0.0,0.0,0.0,0.02032216640459259,23,239,0.0,16.56,0.0,1.0,567.279923475184,1445.0192141620785,11210.616829411558,2545018854.47382,2259509895.6116285,362.89907080586624,1179588764.8646257,25103923.744478077,1154484841.1201477,0.33816193354427293,,1697317003.0709114,0.0,0.6801822164223703
0.0,131074533.33333333,shutdown,0.0,0.0,0.0,0.0,0.0,0.0,0.02032216640459259,0,240,0.0,16.38,0.0,1.0,567.279923475184,1445.0192143110737,11210.616829227061,2545018854.4319363,2259509895.574476,362.89907080586624,1179588764.901449,25103923.744114242,1154484841.1573348,0.33816193355516544,,1698383597.042287,0.0,0.6797550583789522
0.0,131074533.33333333,shutdown,0.0,0.0,0.0,0.0,0.0,0.0,0.02032216640459259,1,240,0.0,15.9,0.0,1.0,567.279923475184,1445.0192143427264,11210.616829613966,2545018854.5197706,2259509895.6524568,362.89907080586624,1179588764.9067163,25103923.827362683,1154484841.0793536,0.3381619335323238,,1701227847.6326222,0.0,0.678618588736306
0.0,131074533.33333333,shutdown,0.0,0.0,0.0,0.0,0.0,0.0,0.02032216640459259,2,240,0.0,15.45,0.0,1.0,567.279923475184,1445.0192141584084,11210.616829414794,2545018854.474555,2259509895.6123133,362.89907080586624,1179588764.8640044,25103923.744507924,1154484841.1194963,0.33816193354408214,,1703894332.5610614,0.0,0.6775565943600694
0.0,131074533.33333333,shutdown,0.0,0.0,0.0,0.0,0.0,0.0,0.02032216640459259,3,240,0.0,15.01,0.0,1.0,567.279923475184,1445.0192142054843,11210.616829643142,2545018854.5263944,2259509895.658337,362.89907080586624,1179588764.9003558,25103923.82688124,1154484841.0734746,0.3381619335306018,,1706501562.2688682,0.0,0.676521408828092
0.0,131074533.33333333,shutdown,0.0,0.0,0.0,0.0,0.0,0.0,0.02032216640459259,4,240,0.0,14.63,0.0,1.0,567.279923475184,1445.0192143426955,11210.616829613771,2545018854.5197268,2259509895.652417,362.89907080586624,1179588764.9066992,25103923.827308595,1154484841.0793905,0.33816193353233465,,1708753260.6528835,0.0,0.6756299271893023
0.0,131074533.33333333,shutdown,0.0,0.0,0.0,0.0,0.0,0.0,0.02032216640459259,5,240,0.0,14.29,0.0,1.0,567.279923475184,1445.0192143444701,11210.61682949951,2545018854.493787,2259509895.629388,362.89907080586624,1179588764.9303856,25103923.82796458,1154484841.102421,0.3381619335390806,,1710767938.1543708,0.0,0.6748342749209545
62472502.38386269,131074533.33333333,direct_plus_discharge,85176901.6201024,0.0,22704399.236239716,0.0,160.88381736969134,0.0,0.0,6,240,251.3616735525493,14.03,86150017.05237848,261.05107354755273,662.6286485652727,1445.0192143427053,11210.616829613817,2545018854.519737,2346996355.1450615,367.84686702242277,1178252322.4665215,26071775.991407525,1152180546.4751139,0.32918033251769385,16.7749712014128,1712308573.8908029,48813023.020094395,0.6542311152711436
174951776.9669102,131074533.33333333,charging,131074533.33333333,43877243.63357689,0.0,310.9150071745728,0.0,-7.450580596923828e-09,0.039273474590472354,7,240,583.6294855751008,14.29,133001055.88122566,731.0632270760666,665.980074596893,1445.0192141639982,11210.616829436745,2545018854.4795384,2389385477.9905047,370.8933921233768,1182714238.3663254,27025183.02348185,1155689055.3428435,0.32582145794025463,10.925736417937184,1710767938.1543708,75597201.08025523,0.6469500719421799
206040811.18802595,131074533.33333333,charging,131074533.33333333,74966277.85469262,0.0,531.2125121553057,0.0,0.0,0.10637400244166886,8,240,696.9614461346141,17.1,133342932.4342559,860.973594826523,665.980509527085,1445.019214300552,11210.616829209195,2545018854.4278803,2389695026.3690834,370.91567934373086,1182746566.5417933,27367059.577544384,1155379506.964249,0.3257027947313244,10.895645034099868,1694117221.1567845,75228940.22970061,0.6529980012836363
207312658.33370495,131074533.33333333,charging,131074533.33333333,76238125.00037162,0.0,540.2248459228066,0.0,0.0,0.17461293034770758,9,240,747.2461916851703,18.97,133356918.54636987,866.2882060570419,665.9805272726064,1445.0192143024692,11210.616829320428,2545018854.453132,2389707690.0353665,370.91659112644106,1182747888.9869967,27381045.689029664,1155366843.297967,0.32569794069986374,10.894417284464547,1683036494.8986044,74862380.86776356,0.6572430639926753
203696488.5297884,131074533.33333333,charging,131074533.33333333,72621955.19645508,0.0,514.6005959147955,0.0,0.0,0.23961511088431334,10,240,793.8924662870717,20.8,133317152.63859434,851.1774777618599,665.9804768080473,1445.019214165248,11210.616829349723,2545018854.4597826,2389671684.2460685,370.913998710232,1182744128.8680713,27341279.780804504,1155402849.087267,0.3257117419647256,10.897908748700655,1672192789.5229518,74473720.46181305,0.6614902401130625
185005891.93769306,131074533.33333333,charging,131074533.33333333,53931358.60435973,0.0,382.1586626416356,0.0,0.0,0.2878877840600989,11,240,772.4850433031744,22.56,133111617.89307387,773.075911161719,665.9802154962223,1445.01921429931,11210.616829296356,2545018854.447667,2389485584.7796607,370.9005996698883,1182724693.5901158,27135745.0364454,1155588948.5536704,0.32578308016145013,10.915988035201673,1661763870.6917236,74007104.55879728,0.6657496668803822
179942052.25792107,131074533.33333333,charging,131074533.33333333,48867518.92458774,0.0,346.27619555880426,0.0,0.0,0.3316279350780531,12,240,766.9098982964833,24.11,133055932.40466258,751.9158689954131,665.9801445603056,1445.019214160316,11210.616829439856,2545018854.480244,2389435165.1239953,370.89696951826687,1182719427.7562551,27080059.546915025,1155639368.20934,0.3258024091618694,10.920895865833833,1652579311.4937668,73666464.43077394,0.6694523945122496
197340247.87382725,131074533.33333333,charging,131074533.33333333,66265714.54049392,0.0,469.5601502191786,0.0,0.0,0.3909407961583704,13,240,806.5426929627857,25.31,133247255.01390839,824.6169369855411,665.9803880322307,1445.0192143061497,11210.616829231263,2545018854.43289,2389608395.957866,370.90944197464296,1182737519.5319679,27271382.1565029,1155466137.375465,0.3257360015550803,10.90405084040995,1645468685.017929,73532319.79043084,0.6721730436127815
211280874.6833371,131074533.33333333,charging,131074533.33333333,80206341.35000376,0.0,568.3437046441869,0.0,0.0,0.4627315799028993,14,240,800.0399377340522,26.09,133400555.8017984,882.870015631041,665.9805826155,1445.0192142993064,11210.616829296272,2545018854.447648,2389747201.1646166,370.91943593523337,1182752015.1138651,27424682.945147723,1155327332.1687174,0.3256827961756874,10.890588308825793,1640846777.808635,73460696.65251592,0.6739323892476554
226386716.15069103,131074533.33333333,charging,131074533.33333333,95312182.81735772,0.0,675.3839929408344,0.0,-1.4901161193847656e-08,0.54804324216911,15,240,787.5428072262483,26.37,133566670.09710488,945.9921250618698,665.9807929594635,1445.0192142091553,11210.616829639961,2545018854.525672,2389897609.079452,370.9302654062381,1182767721.576331,27590797.322453734,1155176924.2538772,0.3256251486380825,10.876035397855896,1639187631.630939,73496035.25235508,0.6744835293233361
226176561.3386532,131074533.33333333,charging,131074533.33333333,95102028.00531988,0.0,673.8948318294807,0.0,0.0,0.6331667998738866,16,240,740.8449564918305,26.1,133564359.08923978,945.1139604742472,665.9807900367084,1445.0192142042245,11210.61682973014,2545018854.546144,2389895516.5950933,370.9301147436381,1182767503.0528762,27588486.314635552,1155179016.7382407,0.3256259505986265,10.876237611866651,1640787522.5880024,73548912.61479728,0.6738344895537306
183973196.4336155,131074533.33333333,charging,131074533.33333333,52898663.10028218,0.0,374.8409620873165,0.0,0.0,0.6805151319270213,17,240,602.5738237149125,25.22,133100261.6580502,768.7606322838103,665.980201034697,1445.0192143042382,11210.616829292167,2545018854.4467163,2389475302.419807,370.8998593523114,1182723619.7149496,27124388.801424436,1155599230.913525,0.3257870219809783,10.916988581764954,1646001982.0036168,73469172.01122236,0.672066657364554
79148934.05765454,131074533.33333333,direct_plus_discharge,131074533.33333333,0.0,51925599.27567878,0.0,367.94581278089186,0.0,0.6340377661020664,18,240,296.7089972095202,23.83,132599284.66743419,330.7361385804256,661.0106398981009,1445.0192143513013,11210.616829520415,2545018854.498533,2389021702.809748,370.86720130395236,1182676242.4167383,26623411.893153112,1156052830.523585,0.32596093827724,10.96129788842914,1654238457.6714623,73024849.42596033,0.669297394191898
0.0,131074533.33333333,discharging,131074533.33333333,0.0,131074533.33333333,0.0,928.7967086553953,0.0,0.5167160765877007,19,240,0.0,21.99,132728987.52464671,1.0,654.1499999999945,1445.0192143024599,11210.616829320319,2545018854.4531074,2389139138.965746,370.87565630847047,1182688509.034864,26753114.66728433,1155935394.3675797,0.3259159068633368,10.949794137939245,1665141418.2677464,72844200.58277626,0.6651006670193841
0.0,131074533.33333333,discharging,131074533.33333333,0.0,131074533.33333333,0.0,928.7967086553953,0.0,0.399394387073335,20,240,0.0,20.82,132728987.52465467,1.0,654.15,1445.0192141571672,11210.616829329812,2545018854.4552627,2389139138.967674,370.8756563084636,1182688509.0332322,26753114.66757202,1155935394.3656602,0.32591590686279487,10.949794137925952,1672074279.081688,73081597.07502885,0.6623679925436391
0.0,131074533.33333333,discharging,131074533.33333333,0.0,131074533.33333333,0.0,928.7967086553953,0.0,0.2820726975589693,21,240,0.0,19.95,132728987.52465469,1.0,654.15,1445.0192143476363,11210.61682960969,2545018854.5188,2389139139.024318,370.8756563082476,1182688509.0594847,26753114.75047077,1155935394.3090138,0.3259159068468234,10.949794137552757,1677229483.2766702,73258122.67182845,0.660350516268107
0.0,131074533.33333333,discharging,131074533.33333333,0.0,131074533.33333333,0.0,928.7967086553953,0.0,0.16475100804460363,22,240,0.0,19.47,132728987.52465469,1.0,654.15,1445.0192143426843,11210.616829613698,2545018854.51971,2389139139.0251327,370.8756563082446,1182688509.0586188,26753114.75041837,1155935394.3082004,0.3259159068465941,10.949794137547372,1680073733.8670053,73355516.10454546,0.6592426779278122
0.0,131074533.33333333,discharging,131074533.33333333,0.0,131074533.33333333,0.0,928.7967086553953,0.0,0.04742931853023791,23,240,0.0,18.66,132728987.52465469,1.0,654.15,1445.0192141584043,11210.616829328726,2545018854.455016,2389139138.967448,370.87565630846444,1182688509.033449,26753114.667563763,1155935394.3658853,0.3259159068628583,10.949794137927485,1684873406.7381954,73519867.52225542,0.6573816058595033
0.0,131074533.33333333,discharging,52989143.08515584,0.0,52989143.08515584,0.0,375.4821050310501,0.0,0.0,0,241,0.0,18.03,53659552.50651591,1.0,654.15,1445.0192143073932,11210.616829316237,2545018854.452181,2317638229.7649593,365.7441155681945,1175119983.2174737,25769069.89735292,1149350913.3201208,0.33144860270072923,26.820985555021448,1688606485.6380107,29774222.690957863,0.6688569696745501
0.0,131074533.33333333,shutdown,0.0,0.0,0.0,0.0,0.0,0.0,0.0,1,241,0.0,17.56,0.0,1.0,567.279923475184,1445.0192142005485,11210.616829647219,2545018854.5273194,2259509896.4136147,362.89907080586624,1179588764.1450193,25103923.826848935,1154484840.3181703,0.33816193330936445,,1691391481.0077133,0.0,0.682565126572791
0.0,131074533.33333333,shutdown,0.0,0.0,0.0,0.0,0.0,0.0,0.0,2,241,0.0,17.24,0.0,1.0,567.279923475184,1445.0192143444729,11210.616829585595,2545018854.51333,2259509895.6467385,362.89907080586624,1179588764.9131157,25103923.828044347,1154484841.0850713,0.33816193353399865,,1693287648.067937,0.0,0.6818007811031713
0.0,131074533.33333333,shutdown,0.0,0.0,0.0,0.0,0.0,0.0,0.0,3,241,0.0,16.96,0.0,1.0,567.279923475184,1445.0192143476283,11210.61682960961,2545018854.5187817,2259509895.6515784,362.89907080586624,1179588764.9075487,25103923.82731574,1154484841.0802329,0.3381619335325814,,1694946794.2456324,0.0,0.681133381295345
0.0,131074533.33333333,shutdown,0.0,0.0,0.0,0.0,0.0,0.0,0.0,4,241,0.0,16.68,0.0,1.0,567.279923475184,1445.0192142042317,11210.616829644157,2545018854.5266247,2259509895.6585417,362.89907080586624,1179588764.900138,25103923.826867662,1154484841.0732703,0.33816193353054197,,1696605940.4233277,0.0,0.6804672868145267
0.0,131074533.33333333,shutdown,0.0,0.0,0.0,0.0,0.0,0.0,0.0,5,241,0.0,16.37,0.0,1.0,567.279923475184,1445.0192141973837,11210.616829709164,2545018854.5413823,2259509895.6716437,362.89907080586624,1179588764.8877907,25103923.82762375,1154484841.0601668,0.3381619335267038,,1698442852.2629192,0.0,0.6797313430487165
72702824.19539642,131074533.33333333,direct_partial,72702824.19539642,0.0,0.0,0.0,0.0,0.0,0.0,6,241,281.2328898620014,15.1,73504946.43942727,303.80006533962285,665.8419464231021,1445.019214307399,11210.616829230225,2545018854.432654,2335566575.784667,367.0274482849694,1177037031.1307569,25900782.71996336,1151136248.4107935,0.3300744417828131,19.63003220252183,1705968265.2831805,41683880.00619095,0.6586758420510459
168958699.41627747,131074533.33333333,charging,131074533.33333333,37884166.08294414,0.0,268.4479423513203,0.0,0.0,0.03390921377069309,7,241,564.3500972724893,17.06,132935151.84957846,706.0202198529313,665.9799904980263,1445.0192143476277,11210.616829609628,2545018854.5187855,2389325806.3110313,370.88909587244797,1182708006.097704,26959279.075375766,1155748727.0223281,0.3258443353326191,10.931554965060359,1694354242.0393124,75006819.21391423,0.6532011765895419
196000057.27323115,131074533.33333333,charging,131074533.33333333,64925523.93989782,0.0,460.06353339248335,0.0,0.0,0.0920225021992173,8,241,665.2598632459452,19.93,133232517.34982987,819.0167419926426,665.9803693022975,1445.0192143395502,11210.616829589755,2545018854.514274,2389595051.943874,370.9084812070545,1182736125.9658027,27256644.576343358,1155479481.3894594,0.325741116698132,10.905346700365087,1677347993.7179341,74600479.55298631,0.6595396491497022
214497778.01024348,131074533.33333333,charging,131074533.33333333,83423244.67691015,0.0,591.1387445814636,0.0,0.0,0.16669265940950745,9,241,771.6614266822957,22.16,133435931.09885955,896.3123468158581,665.9806274536543,1445.019214160327,11210.616829353898,2545018854.46073,2389779231.600905,370.92174213789485,1182755359.9734967,27460058.24106519,1155295301.7324314,0.3256705192627863,10.887486120715197,1664134079.5170026,74267596.1827716,0.6645732789387586
201679903.47902954,131074533.33333333,charging,131074533.33333333,70605370.14569621,0.0,500.31103477552125,0.0,0.0,0.2298898427495733,10,241,788.6274380217541,23.97,133294976.8726569,842.7508632944918,665.9804486530405,1445.0192143061417,11210.616829317225,2545018854.452405,2389651605.348692,370.91255303384503,1182742031.999939,27319104.015296146,1155422927.9846427,0.3257194384785218,10.899856695285909,1653408884.5826142,73826859.439923,0.6689433865546304
191223687.28042758,131074533.33333333,charging,131074533.33333333,60149153.94709425,0.0,426.21808213800864,0.0,0.0,0.2837279162827954,11,241,799.4328965253436,25.66,133179993.07720253,799.05793665105,665.9803025161274,1445.0192143005518,11210.616829209212,2545018854.427884,2389547494.282123,370.9050570939659,1182731159.271705,27204120.220494237,1155527039.0512106,0.3257593472297365,10.909967412178862,1643394752.2958097,73425202.16064204,0.6730624466774983
185330195.82971886,131074533.33333333,charging,131074533.33333333,54255662.49638553,0.0,384.4566863679661,0.0,0.0,0.3322908661398017,12,241,792.0033372922225,26.94,133115184.16328841,774.4310654446191,665.9802200371582,1445.0192141652394,11210.616829435698,2545018854.4793,2389488813.8427606,370.9008321565614,1182725030.7961228,27139311.3055493,1155585719.4905734,0.32578184228408663,10.915673862273207,1635810084.0549164,73133619.52562934,0.67619882215512
207678190.43316677,131074533.33333333,charging,131074533.33333333,76603657.09983344,0.0,542.8150135339675,0.0,0.0,0.40085697311251345,13,241,850.2457895993972,27.87,133360938.19050913,867.8156388208886,665.9805323720263,1445.0192143061547,11210.61682931735,2545018854.4524336,2389711329.599137,370.91685317537264,1182748269.0673795,27385065.33318408,1155363203.7341955,0.3256965456476894,10.894064473774018,1630299348.536142,73082435.04699402,0.6782761297962455
217668329.3707343,131074533.33333333,charging,131074533.33333333,86593796.03740098,0.0,613.6053335774961,0.0,0.0,0.47836501524861824,14,241,826.5237773616437,28.36,133470796.67758942,909.5609890954258,665.9806716225239,1445.0192141534794,11210.616829332872,2545018854.455957,2389810800.533202,370.92401511887715,1182758656.6206174,27494923.820486203,1155263732.800131,0.32565841948074725,10.884430240287992,1627395842.7251751,73044448.55517802,0.6793909428776654
219472210.54544815,131074533.33333333,charging,131074533.33333333,88397677.21211483,0.0,626.3876708879703,0.0,0.0,0.5574876684134145,15,241,768.0180655306063,28.4,133490633.40438217,917.0987873145214,665.9806967420659,1445.0192143061472,11210.616829317285,2545018854.4524183,2389828761.6517005,370.92530833209423,1182760532.2286706,27514760.547038175,1155245771.6816325,0.3256515354271676,10.882692313237909,1627158821.8426473,73047289.17531987,0.6794739556546766
219313348.9393017,131074533.33333333,charging,131074533.33333333,88238815.60596836,0.0,625.2619744374988,0.0,1.4901161193847656e-08,0.6364681283423617,16,241,721.1281879062215,28.01,133488886.45213112,916.4349593702609,665.9806945301735,1445.0192143476374,11210.616829523635,2545018854.499264,2389827179.9188566,370.92519444299444,1182760367.0923524,27513013.67787476,1155247353.4144776,0.3256521416674116,10.882845345485181,1629469775.4472945,73124504.4601207,0.6785218105380328
181657061.93057466,131074533.33333333,charging,131074533.33333333,50582528.59724133,0.0,358.4287876662425,0.0,0.0,0.6817433436265187,17,241,595.198637889787,27.2,133074791.83885247,759.0823038124423,665.980168591357,1445.019214153458,11210.616829418805,2545018854.4754653,2389452241.1337795,370.8981989674289,1182721211.1813383,27098918.981797215,1155622292.199541,0.32579586279331046,10.919233233084174,1634269448.318485,73059470.64191729,0.6768597892099215
68440472.32030113,131074533.33333333,direct_plus_discharge,131074533.33333333,0.0,62634061.0130322,0.0,443.8261822430713,0.0,0.6256810890273938,18,241,263.8575522275488,25.9,132616476.7793274,285.98916469738333,660.0166297240186,1445.0192141603154,11210.616829439883,2545018854.4802504,2389037268.9324427,370.86832200834397,1182677868.322478,26640603.9215903,1156037264.4008877,0.32595496918535777,10.959771773299616,1641972627.0006425,72528661.42012808,0.6742702803482377
0.0,131074533.33333333,discharging,131074533.33333333,0.0,131074533.33333333,0.0,928.7967086553953,0.0,0.5083593995130281,19,241,0.0,24.08,132728987.52465454,1.0,654.15,1445.0192143024676,11210.61682923437,2545018854.433595,2389139138.948355,370.8756563085374,1182688509.0522182,26753114.66724076,1155935394.3849773,0.3259159068682414,10.94979413805324,1652757077.1556628,72420133.34449239,0.6700386414505523
0.0,131074533.33333333,discharging,131074533.33333333,0.0,131074533.33333333,0.0,928.7967086553953,0.0,0.3910377099986624,20,241,0.0,22.74,132728987.52465476,1.0,654.15,1445.0192143444888,11210.61682958569,2545018854.5133514,2389139139.0194635,370.87565630826623,1182688509.0650735,26753114.751203347,1155935394.3138702,0.3259159068481927,10.94979413758473,1660697276.720348,72692023.34416083,0.6668642723656202
0.0,131074533.33333333,discharging,131074533.33333333,0.0,131074533.33333333,0.0,928.7967086553953,0.0,0.2737160204842967,21,241,0.0,21.22,132728987.52465469,1.0,654.15,1445.0192143513088,11210.61682952045,2545018854.498541,2389139139.0062556,370.87565630831637,1182688509.077462,26753114.750385217,1155935394.3270767,0.32591590685191624,10.94979413767177,1669704070.256409,73000435.881098,0.6632997104535336
0.0,131074533.33333333,discharging,131074533.33333333,0.0,131074533.33333333,0.0,928.7967086553953,0.0,0.156394330969931,22,241,0.0,21.25,132728987.52465469,1.0,654.15,1445.0192142005565,11210.616829733319,2545018854.546866,2389139139.0493393,370.8756563081522,1182688509.0340595,26753114.75006541,1155935394.2839942,0.3259159068397692,10.94979413738793,1669526304.5945127,72994348.79155321,0.6633696949518393
0.0,131074533.33333333,discharging,131074533.33333333,0.0,131074533.33333333,0.0,928.7967086553953,0.0,0.039072641455565285,23,241,0.0,20.29,132728987.52465469,1.0,654.15,1445.0192143042252,11210.616829292063,2545018854.4466925,2389139138.96003,370.8756563084927,1182688509.0413022,26753114.667998437,1155935394.3733037,0.32591590686495,10.949794137976337,1675214805.775183,73189135.65698722,0.6611374905883833
0.0,131074533.33333333,discharging,43652868.161788344,0.0,43652868.161788344,0.0,309.3250781898918,0.0,0.0,0,242,0.0,19.56,44205620.33023515,1.0,654.15,1445.0192143463692,11210.616829524579,2545018854.499478,2309101798.6384144,365.1339720397833,1174202482.2508209,25651412.727489855,1148551069.523331,0.3321234176392473,32.518144234341996,1679540436.8813176,24425100.377834126,0.6740459501139845
0.0,131074533.33333333,shutdown,0.0,0.0,0.0,0.0,0.0,0.0,0.0,1,242,0.0,18.89,0.0,1.0,567.279923475184,1445.0192142054857,11210.616829729195,2545018854.5459294,2259509895.675681,362.89907080586624,1179588764.8830822,25103923.826952625,1154484841.0561295,0.3381619335255212,,1683510536.6636603,0.0,0.6857603893255454
0.0,131074533.33333333,shutdown,0.0,0.0,0.0,0.0,0.0,0.0,0.0,2,242,0.0,18.31,0.0,1.0,567.279923475184,1445.019214339536,11210.616829503668,2545018854.494731,2259509895.6302257,362.89907080586624,1179588764.9295373,25103923.827953026,1154484841.1015842,0.33816193353883545,,1686947339.4603148,0.0,0.6843632958162909
0.0,131074533.33333333,shutdown,0.0,0.0,0.0,0.0,0.0,0.0,0.0,3,242,0.0,17.75,0.0,1.0,567.279923475184,1445.019214168938,11210.616829432658,2545018854.4786105,2259509895.615914,362.89907080586624,1179588764.8597088,25103923.74381212,1154484841.1158967,0.33816193354302776,,1690265631.8157058,0.0,0.6830197688370044
0.0,131074533.33333333,shutdown,0.0,0.0,0.0,0.0,0.0,0.0,0.0,4,242,0.0,17.16,0.0,1.0,567.279923475184,1445.0192143110742,11210.616829313101,2545018854.451469,2259509895.591817,362.89907080586624,1179588764.8841763,25103923.74418275,1154484841.1399934,0.33816193355008595,,1693761689.8329926,0.0,0.6816099620566027
0.0,131074533.33333333,shutdown,0.0,0.0,0.0,0.0,0.0,0.0,0.0,5,242,0.0,16.31,0.0,1.0,567.279923475184,1445.0192142956262,11210.61682921336,2545018854.428826,2259509895.5717144,362.89907080586624,1179588764.9048994,25103923.744802896,1154484841.1600964,0.33816193355597435,,1698798383.586711,0.0,0.6795890862119888
52475970.17774046,131074533.33333333,direct_partial,52475970.17774046,0.0,0.0,0.0,0.0,0.0,0.0,6,242,220.19701286871518,15.79,53055663.92556598,219.2790080054018,665.7231792162229,1445.0192142042197,11210.616829730106,2545018854.546137,2317092865.5915756,365.7051175399316,1175061458.8927577,25678354.306546766,1149383104.586211,0.33151561901513416,27.125770240820774,1701879655.0595737,30028219.46629175,0.6636514109625323
168411209.42055002,131074533.33333333,charging,131074533.33333333,37336676.08721669,0.0,264.56841752585143,0.0,0.0,0.03341916852958123,7,242,562.3266553048254,17.64,132929131.27035198,703.7324477021855,665.9799828111313,1445.0192142091598,11210.61682963998,2545018854.5256763,2389320355.089445,370.8887033953064,1182707436.739592,26953258.495735053,1155754178.243857,0.3258464253076061,10.932086798548164,1690917439.242658,74887653.92903094,0.6545196764428424
186169967.55704674,131074533.33333333,charging,131074533.33333333,55095434.22371341,0.0,390.4073252642378,0.0,0.0,0.08273377803664285,8,242,635.1209418612048,20.23,133124418.87484108,777.9401822974515,665.9802317945982,1445.019214335863,11210.616829592864,2545018854.5149803,2389497175.330648,370.90143417188466,1182725904.1040323,27148546.101347733,1155577358.0026846,0.325778636873763,10.914860402737709,1675570337.0989747,74479972.47099264,0.6603109360248277
191926083.3530224,131074533.33333333,charging,131074533.33333333,60851550.01968907,0.0,431.1952744560578,0.0,0.0,0.13720054954688174,9,242,698.4788887736407,22.18,133187717.11090676,801.9930079513766,665.9803123407629,1445.0192143513025,11210.616829606462,2545018854.518067,2389554488.0078144,370.9055606305192,1182731889.6622148,27211844.336695757,1155520045.325519,0.3257566662602961,10.90928767770221,1664015569.0757387,74125417.87249047,0.6648022536735315
196727043.04852986,131074533.33333333,charging,131074533.33333333,65652509.715196535,0.0,465.2149688251741,0.0,0.0,0.19596454560900897,10,242,774.2625367807528,23.76,133240511.78893615,822.0545651925119,665.9803794628547,1445.0192143061483,11210.616829231218,2545018854.43288,2389602290.364167,370.90900237494105,1182736881.900684,27264638.931518987,1155472242.969165,0.32573834199543467,10.904643726381954,1654653244.215886,73838701.20232332,0.6684857548986715
185912781.37103403,131074533.33333333,charging,131074533.33333333,54838248.0377007,0.0,388.58489891637686,0.0,0.0,0.2450489538931829,11,242,784.3006640057805,24.94,133121590.67740846,776.8654897943774,665.98022819397,1445.0192141937132,11210.616829712337,2545018854.5421023,2389494614.5979686,370.9012498001334,1182725636.6388845,27145717.90352036,1155579918.7353642,0.3257796185426726,10.915109518415655,1647661128.1813123,73536916.41066574,0.6713811477802965
176233353.74355316,131074533.33333333,charging,131074533.33333333,45158820.41021983,0.0,319.99628529751726,0.0,0.0,0.28546953729918506,12,242,762.8755427365118,25.8,133015148.98709781,736.4184950837505,665.9800925700339,1445.019214351307,11210.616829520453,2545018854.498542,2389398238.392697,370.894310849534,1182715571.153464,27039276.212827444,1155676294.9406366,0.32581656587247926,10.924492911157703,1642565179.2069619,73306339.01916136,0.673521462804733
185184637.22940496,131074533.33333333,charging,131074533.33333333,54110103.89607163,0.0,383.4252552771971,0.0,0.0,0.33390220112367314,13,242,771.6422974928282,26.76,133113583.50010338,773.8228261805259,665.980217999062,1445.019214347619,11210.61682960959,2545018854.518777,2389487364.5773883,370.9007278084538,1182724879.4818347,27137710.725889575,1155587168.755945,0.32578239787170077,10.915814871357101,1636876678.026292,73168717.64888942,0.6757640304043985
220030889.0074442,131074533.33333333,charging,131074533.33333333,88956355.67411087,0.0,630.3464774044046,0.0,0.0,0.41352491405896635,14,242,840.5746288606725,27.74,133496777.01972155,919.4333122127811,665.9807045203058,1445.0192141937123,11210.616829712364,2545018854.5421085,2389834324.457214,370.9257088522453,1182761113.121962,27520904.245817587,1155240208.8761444,0.32564940336511605,10.882154165556042,1631069666.404358,73182949.65981898,0.6778573774726374
31050574.609646417,131074533.33333333,direct_plus_discharge,131074533.33333331,0.0,100023958.7236869,0.0,708.7717292342844,0.0,0.32399585352410937,15,242,164.25686699612945,27.19,132676505.13082536,129.74965827862198,656.7055959239609,1445.0192143110828,11210.616829227143,2545018854.431955,2389091620.0237384,370.8722350993888,1182683545.5830328,26700632.273445975,1155982913.3095868,0.3259341278059264,10.954446256839791,1634328703.5391169,71997775.12102954,0.677468777380338
92550106.60615894,131074533.33333333,direct_plus_discharge,131074533.33333333,0.0,38524426.72717439,0.0,272.9848418078329,0.0,0.2895135577168042,16,242,338.45854568529336,26.23,132577769.48966235,386.73502364328385,662.2850836541309,1445.0192141689256,11210.616829432576,2545018854.4785914,2389002222.460039,370.8657987942066,1182674207.5052218,26601896.631922707,1156072310.8732991,0.3259684084242295,10.963208312592219,1640017204.7197871,72647184.29390205,0.6750139246715304
0.0,131074533.33333333,discharging,131074533.33333333,0.0,131074533.33333333,0.0,928.7967086553953,0.0,0.17219186820243848,17,242,58.437596625885206,25.38,132728987.52464761,1.0,654.1499999999955,1445.0192143042316,11210.616829206083,2545018854.4271736,2389139138.942626,370.8756563085587,1182688509.05865,26753114.66794759,1155935394.3907025,0.3259159068698562,10.949794138091514,1645053898.4735053,72156359.46421298,0.6731472683950316
50045582.14538731,131074533.33333333,direct_plus_discharge,131074533.33333333,0.0,81028951.18794602,0.0,574.1727340563712,0.0,0.09966478600584423,18,242,209.42571977814768,24.58,132646009.21993226,209.12325338099922,658.3575423702325,1445.0192143024697,11210.616829320385,2545018854.453122,2389064008.2880106,370.8702471478547,1182680661.4079044,26670136.36258044,1156010525.0453238,0.32594471566661454,10.957151150872063,1649794316.1240637,72659309.31387818,0.6711417410447859
0.0,131074533.33333333,discharging,111347828.09177813,0.0,111347828.09177813,0.0,789.0128892129335,0.0,0.0,19,242,0.0,21.85,112753683.13978082,1.0,654.1500000000017,1445.0192142091717,11210.616829726112,2545018854.54523,2371058617.8623343,369.574857688569,1180793725.8362157,26504515.606778584,1154289210.229437,0.32729510307104925,12.858241804903942,1665970991.356594,61905503.783004455,0.6680391876829019
0.0,131074533.33333333,shutdown,0.0,0.0,0.0,0.0,0.0,0.0,0.0,20,242,0.0,20.41,0.0,1.0,567.279923475184,1445.0192141571597,11210.61682932979,2545018854.4552574,2259509895.5951266,362.89907080586624,1179588764.8810608,25103923.744432893,1154484841.136628,0.3381619335491001,,1674503743.127599,0.0,0.6894489462175272
0.0,131074533.33333333,shutdown,0.0,0.0,0.0,0.0,0.0,0.0,0.0,21,242,0.0,19.58,0.0,1.0,567.279923475184,1445.019214302461,11210.616829320365,2545018854.4531174,2259509895.593281,362.89907080586624,1179588764.8826938,25103923.744164165,1154484841.1385295,0.3381619335496572,,1679421926.4400537,0.0,0.6874298965393069
0.0,131074533.33333333,shutdown,0.0,0.0,0.0,0.0,0.0,0.0,0.0,22,242,0.0,18.86,0.0,1.0,567.279923475184,1445.0192143073946,11210.616829230177,2545018854.4326434,2259509895.5751038,362.89907080586624,1179588764.9008174,25103923.744110312,1154484841.156707,0.3381619335549816,,1683688302.3255558,0.0,0.685687986049497
0.0,131074533.33333333,shutdown,0.0,0.0,0.0,0.0,0.0,0.0,0.0,23,242,0.0,18.4,0.0,1.0,567.279923475184,1445.0192142956262,11210.616829299408,2545018854.44836,2259509895.589057,362.89907080586624,1179588764.887626,25103923.744872507,1154484841.1427534,0.33816193355089436,,1686414042.4746273,0.0,0.6845797129681592
0.0,131074533.33333333,shutdown,0.0,0.0,0.0,0.0,0.0,0.0,0.0,0,243,0.0,17.88,0.0,1.0,567.279923475184,1445.0192141603152,11210.616829439856,2545018854.480244,2259509895.6173644,362.89907080586624,1179588764.8582227,25103923.74377478,1154484841.1144478,0.3381619335426033,,1689495313.94749,0.0,0.6833311886595322
0.0,131074533.33333333,shutdown,0.0,0.0,0.0,0.0,0.0,0.0,0.0,1,243,0.0,17.32,0.0,1.0,567.279923475184,1445.0192143463746,11210.616829524592,2545018854.4994807,2259509895.6344433,362.89907080586624,1179588764.9246066,25103923.82723718,1154484841.0973694,0.3381619335376009,,1692813606.302881,0.0,0.6819917070602793
0.0,131074533.33333333,shutdown,0.0,0.0,0.0,0.0,0.0,0.0,0.0,2,243,0.0,16.93,0.0,1.0,567.279923475184,1445.019214340792,11210.616829588716,2545018854.514038,2259509895.6473675,362.89907080586624,1179588764.9124842,25103923.828040417,1154484841.0844438,0.3381619335338148,,1695124559.9075282,0.0,0.6810619516641437
0.0,131074533.33333333,shutdown,0.0,0.0,0.0,0.0,0.0,0.0,0.0,3,243,0.0,16.41,0.0,1.0,567.279923475184,1445.0192142042388,11210.616829644208,2545018854.526636,2259509895.658552,362.89907080586624,1179588764.900143,25103923.826883327,1154484841.0732596,0.33816193353053886,,1698205831.3803911,0.0,0.6798262140784392
0.0,131074533.33333333,shutdown,0.0,0.0,0.0,0.0,0.0,0.0,0.0,4,243,0.0,15.91,0.0,1.0,567.279923475184,1445.0192143024658,11210.61682932041,2545018854.453128,2259509895.5932903,362.89907080586624,1179588764.8826966,25103923.744176976,1154484841.1385198,0.3381619335496543,,1701168592.4119902,0.0,0.6786422264601308
0.0,131074533.33333333,shutdown,0.0,0.0,0.0,0.0,0.0,0.0,0.0,5,243,0.0,15.42,0.0,1.0,567.279923475184,1445.0192141937086,11210.61682971229,2545018854.542092,2259509895.6722736,362.89907080586624,1179588764.8871586,25103923.827622462,1154484841.0595362,0.3381619335265191,,1704072098.222957,0.0,0.6774859128692137
46766492.03677662,131074533.33333333,direct_partial,46766492.03677662,0.0,0.0,0.0,0.0,0.0,0.0,6,243,203.1601117214117,14.95,47283400.40849258,195.42106505096845,665.6710570907834,1445.0192143476206,11210.616829523551,2545018854.4992447,2311880576.1833835,365.3325192690216,1174501484.784203,25615568.93076902,1148885915.853434,0.3319248333487646,30.414872329530834,1706857093.5926602,26819317.566704087,0.6626876321661075
162966584.93788344,131074533.33333333,charging,131074533.33333333,31892051.60455011,0.0,225.98770187680108,0.0,0.0,0.028545814973911714,7,243,546.3520183012969,16.27,132869258.40854405,680.9812369770242,665.9799063294118,1445.0192143024583,11210.616829320305,2545018854.453104,2389266144.2491417,370.88480034088184,1182701774.6353612,26893385.551169697,1155808389.0841916,0.3258672098905599,10.937378346620232,1699035404.469239,75127244.86860414,0.6514669833205906
196264778.28287366,131074533.33333333,charging,131074533.33333333,65190244.94954033,0.0,461.9393516480603,0.0,0.0,0.08689604886629827,8,243,667.6822497206181,18.92,133235428.40540172,820.1229199288672,665.9803730022536,1445.019214202326,11210.616829619066,2545018854.5209284,2389597687.738638,370.9086709823821,1182736401.2261684,27259555.63147195,1155476845.5946965,0.3257401063210854,10.905090712915193,1683332771.0017643,74804169.53970839,0.6572166359457937
202346205.60596234,131074533.33333333,charging,131074533.33333333,71271672.27262901,0.0,505.0324646881608,0.0,0.0,0.15068962335322386,9,243,735.3728990094438,21.33,133302303.99233311,845.5351104257186,665.9804579568023,1445.0192142042306,11210.616829730183,2545018854.546154,2389658239.7195535,370.9130307007306,1182742724.8315225,27326431.21774518,1155416293.6137774,0.3257168954316093,10.8992129998668,1669052262.8294573,74359339.50941963,0.6627329381447998
198578423.7497617,131074533.33333333,charging,131074533.33333333,67503890.41642837,0.0,478.33388871023885,0.0,0.0,0.21111074613767508,10,243,784.6513629077735,23.39,133260870.85342176,829.7908475753122,665.9804053327748,1445.0192143513084,11210.616829606515,2545018854.5180793,2389620724.379735,370.9103296097442,1182738807.032824,27284998.07922627,1155453808.9535978,0.3257312757704261,10.902853874458836,1656845687.3792691,73924022.0115585,0.6675953494473152
179799829.5241854,131074533.33333333,charging,131074533.33333333,48725296.19085206,0.0,345.26840248389976,0.0,0.0,0.25472359697774666,11,243,765.5607504792046,25.04,133054368.42497718,751.3215691689641,665.9801425671478,1445.0192143395343,11210.616829503628,2545018854.494722,2389433749.05356,370.89686756226877,1182719279.9311702,27078495.65139755,1155640784.2797728,0.32580295204015153,10.921033766116308,1647068575.9749925,73479796.1746587,0.6716700343832336
125337188.8122975,131074533.33333333,direct_plus_discharge,131074533.33333333,0.0,5737344.521035836,0.0,40.65493557019581,0.0,0.2495882366951956,12,243,568.3481502095847,26.38,132525130.81943138,523.7409491593272,665.5545602439228,1445.0192143476343,11210.616829609657,2545018854.518792,2388954562.2999673,370.8623674501474,1182669229.0786042,26549258.0452386,1156119971.0333657,0.32598668510386164,10.967884938025117,1639128376.4103074,72882759.1710482,0.6752993289618859
43102193.94520567,131074533.33333333,direct_plus_discharge,131074533.33333333,0.0,87972339.38812765,0.0,623.3737187422756,0.0,0.17084629327511866,13,243,239.07803625843,27.25,132657156.61997917,180.10922521581668,657.7466526728606,1445.019214165254,11210.616829349723,2545018854.4597826,2389074101.4235854,370.8709738179947,1182681715.6719406,26681283.762192816,1156000431.9097478,0.325940845382257,10.95616226632926,1633973172.215325,72071200.48215023,0.6775910699684573
157249921.91856444,131074533.33333333,charging,131074533.33333333,26175388.58523111,0.0,185.47931583255934,0.0,0.0,0.19427525948554722,14,243,623.0558921870888,27.88,132806394.02253596,657.0932708902311,665.9798259522247,1445.0192143444747,11210.61682958559,2545018854.5133286,2389209225.015419,370.8807022968268,1182695829.5669706,26830521.24905568,1155865308.317915,0.32588903365740657,10.942939417091313,1630240093.3155103,72776484.35456361,0.6787164161955922
147339741.44003156,131074533.33333333,charging,131074533.33333333,16265208.10669823,0.0,115.25558299473661,0.0,0.0,0.2088338594427771,15,243,540.1247552261415,27.77,132697414.814049,615.6820394803736,665.9796864333821,1445.0192143426946,11210.616829613782,2545018854.5197287,2389110552.2632513,370.8735981521104,1182685523.1099179,26721542.03983823,1155963981.0700796,0.32592686825827966,10.952592349518502,1630891900.7424622,72738670.00654061,0.6785297240597525
43384409.15017867,131074533.33333333,direct_plus_discharge,131074533.33333333,0.0,87690124.18315466,0.0,621.3739362761818,0.0,0.13034452012368047,16,243,191.01043188489547,27.8,132656703.53199154,181.28850536977885,657.7713223128475,1445.0192142005449,11210.616829647237,2545018854.5273237,2389073691.2467484,370.8709442821157,1182681672.8439057,26680830.757320963,1156000842.0865848,0.32594100267312703,10.95620245607341,1630714135.0805662,71962304.77411324,0.6789316014646022
197311164.1118961,131074533.33333333,charging,131074533.33333333,66236630.77856277,0.0,469.3540621128927,0.0,0.0,0.18963134902215112,17,243,642.7838858902203,26.82,133246935.18872619,824.4954059601265,665.9803876258168,1445.0192143444813,11210.616829585664,2545018854.5133457,2389608106.446673,370.90942112453746,1182737489.3019264,27271062.415261567,1155466426.8866649,0.32573611253967855,10.904078958640113,1636521146.7025003,73230027.94757855,0.6758096991061551
93892941.56068723,131074533.33333333,direct_plus_discharge,131074533.33333333,0.0,37181591.7726461,0.0,263.4694870374176,0.0,0.1563509927647931,18,243,339.361790745553,25.28,132575613.60869534,392.34626848061794,662.4147029338662,1445.019214163992,11210.61682935066,2545018854.4599953,2389000270.4604487,370.86565825903347,1182674003.6237583,26599740.75087429,1156074262.872884,0.32596915696280915,10.963399776700856,1645646450.679825,72847862.70882897,0.6727251023561733
0.0,131074533.33333333,discharging,131074533.33333333,0.0,131074533.33333333,0.0,928.7967086553953,0.0,0.03902930325042739,19,243,0.0,23.38,132728987.52464554,1.0,654.1499999999942,1445.0192143024678,11210.616829320423,2545018854.4531307,2389139138.965761,370.8756563084703,1182688509.0348742,26753114.667311475,1155935394.3675628,0.32591590686333216,10.949794137939268,1656904942.5999014,72562165.43386592,0.6683766282677366
0.0,131074533.33333333,discharging,43604449.706194445,0.0,43604449.706194445,0.0,308.9819840658835,0.0,0.0,20,243,0.0,22.36,44156591.69740011,1.0,654.15,1445.0192143407796,11210.616829588584,2545018854.514008,2309057535.4814115,365.1308099066706,1174197716.775717,25650802.55102036,1148546914.2246966,0.33212692478478667,32.55404825984008,1662948975.1043632,24209004.121922456,0.680758369024464
0.0,131074533.33333333,shutdown,0.0,0.0,0.0,0.0,0.0,0.0,0.0,21,243,0.0,21.48,0.0,1.0,567.279923475184,1445.0192141603,11210.616829353741,2545018854.460695,2259509895.5999937,362.89907080586624,1179588764.8754873,25103923.7436864,1154484841.131801,0.33816193354768626,,1668163434.519977,0.0,0.6920693843550227
0.0,131074533.33333333,shutdown,0.0,0.0,0.0,0.0,0.0,0.0,0.0,22,243,0.0,20.6,0.0,1.0,567.279923475184,1445.0192142042301,11210.616829730174,2545018854.546152,2259509895.6758785,362.89907080586624,1179588764.8828616,25103923.826930426,1154484841.055931,0.33816193352546314,,1673377893.9355915,0.0,0.6899128076448507
0.0,131074533.33333333,shutdown,0.0,0.0,0.0,0.0,0.0,0.0,0.0,23,243,0.0,19.6,0.0,1.0,567.279923475184,1445.0192143407778,11210.616829502562,2545018854.49448,2259509895.630003,362.89907080586624,1179588764.9297493,25103923.827941883,1154484841.1018074,0.3381619335389008,,1679303415.9987895,0.0,0.6874784092636178
0.0,131074533.33333333,shutdown,0.0,0.0,0.0,0.0,0.0,0.0,0.0,0,244,0.0,19.09,0.0,1.0,567.279923475184,1445.0192143110705,11210.616829313063,2545018854.45146,2259509895.5918093,362.89907080586624,1179588764.8841717,25103923.74417149,1154484841.1400003,0.338161933550088,,1682325432.2510207,0.0,0.6862434693121485
0.0,131074533.33333333,shutdown,0.0,0.0,0.0,0.0,0.0,0.0,0.0,1,244,0.0,18.85,0.0,1.0,567.279923475184,1445.0192143427096,11210.616829613848,2545018854.5197434,2259509895.652433,362.89907080586624,1179588764.9067078,25103923.82732913,1154484841.0793786,0.33816193353233115,,1683747557.546188,0.0,0.6856638549557089
0.0,131074533.33333333,shutdown,0.0,0.0,0.0,0.0,0.0,0.0,0.0,2,244,0.0,18.38,0.0,1.0,567.279923475184,1445.0192141534822,11210.616829332897,2545018854.455963,2259509895.595807,362.89907080586624,1179588764.8804305,25103923.744427193,1154484841.1360033,0.33816193354891716,,1686532552.915891,0.0,0.6845316084412268
0.0,131074533.33333333,shutdown,0.0,0.0,0.0,0.0,0.0,0.0,0.0,3,244,0.0,17.79,0.0,1.0,567.279923475184,1445.0192143061572,11210.61682931734,2545018854.4524307,2259509895.5926714,362.89907080586624,1179588764.8833344,25103923.74419481,1154484841.1391397,0.33816193354983587,,1690028610.9331777,0.0,0.6831155600979273
0.0,131074533.33333333,shutdown,0.0,0.0,0.0,0.0,0.0,0.0,0.0,4,244,0.0,17.32,0.0,1.0,567.279923475184,1445.0192143476272,11210.6168295236,2545018854.4992557,2259509895.6342435,362.89907080586624,1179588764.9248235,25103923.82725673,1154484841.0975668,0.3381619335376587,,1692813606.302881,0.0,0.6819917070603959
0.0,131074533.33333333,shutdown,0.0,0.0,0.0,0.0,0.0,0.0,0.0,5,244,0.0,16.83,0.0,1.0,567.279923475184,1445.0192141973953,11210.616829709259,2545018854.541404,2259509895.671663,362.89907080586624,1179588764.8877954,25103923.82764848,1154484841.060147,0.33816193352669804,,1695717112.113848,0.0,0.680823961032621
24258671.09710968,131074533.33333333,charging_only,0.0,24258671.09710968,0.0,171.89741819679114,0.0,0.0,0.021713358088015722,6,244,135.68730688241658,16.47,0.0,101.36863245569764,620.5051128569876,1445.0192143073828,11210.61682931616,2545018854.452163,2259509895.5924335,362.89907080586624,1179588764.883538,25368057.259374913,1154220707.6241632,0.33808456579500973,,1697850300.056599,0.0,0.6798130009375305
133098295.97806013,131074533.33333333,charging,131074533.33333333,2023762.644726798,0.0,14.34042171061443,0.0,0.0,0.023524779777777546,7,244,456.3774036804013,17.69,132540806.0159102,556.171943280403,665.9794855364678,1445.0192141640075,11210.616829350773,2545018854.4600205,2388968754.902984,370.86338926357763,1182670711.5885081,26564933.158120006,1156105778.4303882,0.32598124247416366,10.96649190424658,1690621163.139498,74658890.9436831,0.654913522506674
186558616.44395676,131074533.33333333,charging,131074533.33333333,55484083.110623434,0.0,393.16129888370983,0.0,0.0,0.07318725963677247,8,244,637.4691425498951,20.7,133128692.72718507,779.5642121552203,665.9802372354252,1445.0192143395448,11210.616829589755,2545018854.514274,2389501045.0379076,370.9017127866397,1182726308.2491221,27152819.95369826,1155573488.295424,0.3257771534099512,10.91448396950176,1672785341.7292717,74388411.60371625,0.6613958606526682
126670208.9002908,131074533.33333333,direct_plus_discharge,131074533.33333333,0.0,4404324.433042526,0.0,31.209129136148785,0.0,0.06924505385115368,9,244,484.79995596110433,22.72,132522990.69594058,529.3111810493979,665.6922635164524,1445.0192143110796,11210.61682922707,2545018854.431938,2388952624.509867,370.8622279431305,1182669026.662001,26547117.83853393,1156121908.823467,0.32598742820967846,10.968075154059505,1660815787.1616118,73622535.62667586,0.6665684755886173
32339817.617059454,131074533.33333333,direct_plus_discharge,109702010.03647684,0.0,77362192.41941738,0.0,548.1900096549666,0.0,0.0,10,244,189.311784644432,24.74,111032571.98351116,135.13696082464236,657.3555535081705,1445.019214165248,11210.616829435752,2545018854.479313,2369501298.386054,369.46290822681914,1180629934.0730677,26429222.42264612,1154200711.6504216,0.3274298004574071,13.05528464291495,1648846232.593952,60716585.92140052,0.6751437848026972
177464855.31794256,131074533.33333333,charging,131074533.33333333,46390321.98460923,0.0,328.7227295571966,0.0,0.0,0.04152287110196168,11,244,760.9837336283263,26.15,133028691.43137133,741.5645160658217,665.980109837332,1445.0192141986468,11210.616829708228,2545018854.5411696,2389410500.2331724,370.8951936793455,1182716851.757671,27052818.657501776,1155664033.1001694,0.3258118649820709,10.92329824007851,1640491246.484843,73243891.91966441,0.6743539343985769
204722532.4651743,131074533.33333333,charging,131074533.33333333,73647999.13184096,0.0,521.8711633231777,0.0,0.0,0.10744343910067887,12,244,886.9111888419293,27.09,133328435.7283596,855.4649620248343,665.9804911298021,1445.0192143463732,11210.616829524597,2545018854.499482,2389681900.4807844,370.9147342754119,1182745195.8066242,27352562.954074677,1155392632.8525496,0.3257078259840682,10.896917876635188,1634921255.745437,73220774.80397888,0.6764031398963486
161683399.29527593,131074533.33333333,charging,131074533.33333333,30608865.9619426,0.0,216.89502329814218,0.0,0.0,0.13484070520149682,13,244,692.9654543567667,27.74,132855147.61046502,675.6192460725264,665.9798882942289,1445.0192143426889,11210.616829613717,2545018854.519714,2389253367.9620037,370.88388047464696,1182700440.2075636,26879274.83623343,1155821165.3713303,0.3258721084648785,10.938626149083161,1631069666.404358,72831134.77293018,0.678338295617169
158734884.11515293,131074533.33333333,charging,131074533.33333333,27660350.781819597,0.0,196.00178702199767,0.0,0.0,0.15959882566743339,14,244,632.5464049938739,28.27,132822723.69535728,663.2984165271871,665.9798468383307,1445.0192143444729,11210.616829499513,2545018854.493788,2389224010.359441,370.8817668035574,1182697373.8956926,26846850.921800125,1155850522.9738925,0.3258833646384325,10.941494365748616,1627929139.710863,72707653.29747878,0.6796574834355138
203454921.93656936,131074533.33333333,charging,131074533.33333333,72380388.60323605,0.0,512.888850307185,0.0,-1.4901161193847656e-08,0.22438478570623568,15,244,726.6225128505704,28.61,133314496.2050201,850.1680541580868,665.9804734358529,1445.019214168927,11210.616829432587,2545018854.4785943,2389669279.013077,370.91382553251276,1182743877.6675436,27338623.347289313,1155405254.3202543,0.3257126639197983,10.89814205882713,1625914462.2093756,72908847.72214201,0.6801209093174208
160075666.8428357,131074533.33333333,charging,131074533.33333333,29001133.509502366,0.0,205.5025996728184,0.0,0.0,0.25034300882280225,16,244,545.4091030730305,28.19,132837467.87087795,668.9010858152677,665.9798656921387,1445.01921435131,11210.616829606513,2545018854.518079,2389237360.1935444,370.8827279554788,1182698768.236471,26861595.096681766,1155837173.139789,0.32587824607413535,10.9401899236776,1628403181.4759188,72731682.95107587,0.6794506404576677
164793944.73041627,131074533.33333333,charging,131074533.33333333,33719411.39708294,0.0,238.9364091326756,0.0,0.0,0.28052444997640336,17,244,545.6839920315533,27.32,132889353.3224802,688.6171442545524,665.9799320063676,1445.0192142993014,11210.61682921025,2545018854.4281197,2389284338.7838736,370.88611030657836,1182703675.0152245,26913480.465764616,1155790194.54946,0.325860233972846,10.935601832164718,1633558385.6709013,72933696.89224432,0.6772901007624171
50462440.16377318,131074533.33333333,direct_plus_discharge,131074533.33333333,0.0,80612093.16956015,0.0,571.2188699791382,0.0,0.20837048745272277,18,244,209.80953755849595,26.17,132645339.9669733,210.86515948471,658.394481231284,1445.0192142091644,11210.616829726066,2545018854.5452194,2389063402.412175,370.87020352069925,1182680598.113561,26669467.192404132,1156011130.921157,0.3259449480031521,10.9572105249666,1640372736.0435786,72341974.2937619,0.6749583710257653
0.0,131074533.33333333,discharging,131074533.33333333,0.0,131074533.33333333,0.0,928.7967086553953,0.0,0.09104879793835705,19,244,0.0,24.12,132728987.5246524,1.0,654.1499999999985,1445.0192143513075,11210.616829520486,2545018854.498549,2389139139.0062623,370.87565630831637,1182688509.0774615,26753114.750393175,1155935394.3270683,0.32591590685191413,10.949794137671889,1652520056.2731347,72412017.22509801,0.6701338632905028
0.0,131074533.33333333,discharging,101721844.8671403,0.0,101721844.8671403,0.0,720.8029836786599,0.0,0.0,20,244,0.0,22.48,103006391.71116334,1.0,654.15,1445.019214157159,11210.616829415781,2545018854.474779,2362240070.55418,368.9411288058071,1179864981.633273,26383207.320321426,1153481774.3129516,0.3279726124557132,14.058136762597078,1662237912.4567792,56454714.6010644,0.6711390717300904
0.0,131074533.33333333,shutdown,0.0,0.0,0.0,0.0,0.0,0.0,0.0,21,244,0.0,21.09,0.0,1.0,567.279923475184,1445.0192143463648,11210.616829610573,2545018854.5190005,2259509895.6517215,362.89907080586624,1179588764.9073236,25103923.827288684,1154484841.080035,0.33816193353252344,,1670474388.1246247,0.0,0.6911119675268588
0.0,131074533.33333333,shutdown,0.0,0.0,0.0,0.0,0.0,0.0,0.0,22,244,0.0,19.71,0.0,1.0,567.279923475184,1445.0192143513113,11210.616829520466,2545018854.4985447,2259509895.6336117,362.89907080586624,1179588764.9254563,25103923.827256687,1154484841.0981996,0.3381619335378441,,1678651608.571838,0.0,0.6877453518067466
0.0,131074533.33333333,shutdown,0.0,0.0,0.0,0.0,0.0,0.0,0.0,23,244,0.0,18.66,0.0,1.0,567.279923475184,1445.0192141534753,11210.616829418928,2545018854.4754934,2259509895.613147,362.89907080586624,1179588764.8631544,25103923.744490623,1154484841.1186638,0.3381619335438383,,1684873406.7381954,0.0,0.6852056875618155
0.0,131074533.33333333,shutdown,0.0,0.0,0.0,0.0,0.0,0.0,0.0,0,245,0.0,17.67,0.0,1.0,567.279923475184,1445.0192141639882,11210.616829350663,2545018854.459996,2259509895.5993876,362.89907080586624,1179588764.8761253,25103923.743702035,1154484841.1324234,0.3381619335478686,,1690739673.5807617,0.0,0.6828282669249596
0.0,131074533.33333333,shutdown,0.0,0.0,0.0,0.0,0.0,0.0,0.0,1,245,0.0,16.92,0.0,1.0,567.279923475184,1445.0192143476302,11210.616829609664,2545018854.518794,2259509895.6515894,362.89907080586624,1179588764.907551,25103923.827330533,1154484841.0802205,0.33816193353257773,,1695183815.1281602,0.0,0.6810381451128581
0.0,131074533.33333333,shutdown,0.0,0.0,0.0,0.0,0.0,0.0,0.0,2,245,0.0,16.92,0.0,1.0,567.279923475184,1445.0192142993099,11210.616829296323,2545018854.44766,2259509895.588435,362.89907080586624,1179588764.8882604,25103923.74488527,1154484841.1433752,0.3381619335510765,,1695183815.1281602,0.0,0.6810381451501135
0.0,131074533.33333333,shutdown,0.0,0.0,0.0,0.0,0.0,0.0,0.0,3,245,0.0,16.83,0.0,1.0,567.279923475184,1445.0192143024603,11210.61682923428,2545018854.433575,2259509895.5759306,362.89907080586624,1179588764.8999655,25103923.744085725,1154484841.1558797,0.3381619335547392,,1695717112.113848,0.0,0.6808239610890766
0.0,131074533.33333333,shutdown,0.0,0.0,0.0,0.0,0.0,0.0,0.0,4,245,0.0,16.56,0.0,1.0,567.279923475184,1445.0192141652426,11210.616829435683,2545018854.479297,2259509895.6165233,362.89907080586624,1179588764.8590684,25103923.743781257,1154484841.115287,0.3381619335428492,,1697317003.0709114,0.0,0.6801822164195066
0.0,131074533.33333333,shutdown,0.0,0.0,0.0,0.0,0.0,0.0,0.0,5,245,0.0,16.06,0.0,1.0,567.279923475184,1445.019214344472,11210.616829499528,2545018854.493791,2259509895.6293917,362.89907080586624,1179588764.9303873,25103923.82796988,1154484841.1024175,0.33816193353907953,,1700279764.1025105,0.0,0.6789969894817928
0.0,131074533.33333333,shutdown,0.0,0.0,0.0,0.0,0.0,0.0,0.0,6,245,51.095291679195526,15.82,0.0,1.0,567.279923475184,1445.0192143110758,11210.61682931313,2545018854.4514756,2259509895.591823,362.89907080586624,1179588764.8841772,25103923.744188935,1154484841.1399882,0.3381619335500844,,1701701889.3976781,0.0,0.6784295465221709
0.0,131074533.33333333,shutdown,0.0,0.0,0.0,0.0,0.0,0.0,0.0,7,245,0.0,15.94,0.0,1.0,567.279923475184,1445.019214160309,11210.616829439847,2545018854.4802423,2259509895.6173625,362.89907080586624,1179588764.8582215,25103923.743772134,1154484841.1144495,0.3381619335426038,,1700990826.7500944,0.0,0.6787131493943463
0.0,131074533.33333333,shutdown,0.0,0.0,0.0,0.0,0.0,0.0,0.0,8,245,0.0,17.23,0.0,1.0,567.279923475184,1445.0192143005593,11210.616829209279,2545018854.427899,2259509895.5708914,362.89907080586624,1179588764.9057515,25103923.744833,1154484841.1609185,0.33816193355621516,,1693346903.2885687,0.0,0.6817769229204295
199725713.653941,131074533.33333333,charging,131074533.33333333,68651180.32060768,0.0,486.4636074265771,0.0,0.0,0.06144803462230448,9,245,731.5306608803058,18.8,133273487.24783853,834.5849769878974,665.9804213602546,1445.019214200554,11210.616829733293,2545018854.5468597,2389632147.8169527,370.9111520909231,1182739999.9896631,27297614.473241962,1155442385.516421,0.32572689691678497,10.90174498807146,1684043833.649348,74849555.62153782,0.6569143943371045
199540027.57001618,131074533.33333333,charging,131074533.33333333,68465494.23668285,0.0,485.1478322015462,0.0,0.0,0.12272986605828926,10,245,796.5072389865691,21.03,133271445.31505056,833.8090587886617,665.9804187664514,1445.0192143110712,11210.616829227043,2545018854.431932,2389630298.86275,370.91101897464534,1182739806.92822,27295572.457637012,1155444234.470583,0.32572760564929426,10.901924445048857,1670829919.4484167,74402156.25186805,0.6620576429681733
183747159.17261803,131074533.33333333,charging,131074533.33333333,52672625.8392847,0.0,373.2392576317756,0.0,0.0,0.1698758775486188,11,245,791.9640943605307,23.01,133097775.99577175,767.8161004114904,665.9801978690175,1445.0192143407874,11210.616829588638,2545018854.514021,2389473051.868906,370.8996973108604,1182723384.6866975,27121903.22226871,1155601481.4644287,0.3257878847560153,10.917207604611566,1659097385.7632844,73909473.60324267,0.6668187579400813
173607462.76238927,131074533.33333333,charging,131074533.33333333,42532929.429055944,0.0,301.3891704097569,0.0,0.0,0.207946088547746,12,245,770.7434784833978,24.19,132986272.87113765,725.4458009624233,665.9800557398156,1445.0192142054811,11210.616829729164,2545018854.5459228,2389372093.0072937,370.89242842364115,1182712840.4225984,27010400.096558187,1155702440.3260403,0.3258265895093378,10.927041081124303,1652105269.728711,73611914.68322167,0.6696939978145177
145952360.9846051,131074533.33333333,charging,131074533.33333333,14877827.651271775,0.0,105.4245779330904,0.0,0.0,0.22126287733929426,13,245,639.0649439171543,24.84,132682158.2176432,609.8846543351049,665.9796668831175,1445.0192141640061,11210.616829350793,2545018854.4600253,2389096738.4967456,370.872603610429,1182684080.196446,26706285.359857842,1155977794.8365881,0.3259321651245782,10.953944981704945,1648253680.3876324,73314044.90523694,0.671468091468743
126109948.90633254,131074533.33333333,direct_plus_discharge,131074533.33333333,0.0,4964584.427000791,0.0,35.1791424190219,0.0,0.21681919619162832,14,245,521.1856406331805,25.36,132523890.17643923,526.9700474737028,665.6343406157915,1445.0192143358452,11210.61682959274,2545018854.5149517,2388953438.992361,370.8622865768944,1182669111.7438817,26548017.40290934,1156121094.3409724,0.32598711587516066,10.967995206429814,1645172408.9147692,73092301.32546227,0.6728422503534596
123597620.59280336,131074533.33333333,direct_plus_discharge,131074533.33333333,0.0,7476912.740529969,0.0,52.98155002121816,0.0,0.21012678987315866,15,245,469.43433436892775,23.54,132527923.64366677,516.4718926323799,665.3754395136621,1445.0192143463705,11210.616829524564,2545018854.4994745,2388957090.9645386,370.8625495048933,1182669493.2381685,26552050.86937334,1156117442.3687952,0.3259857153982343,10.967636719398788,1655956859.0697894,73433903.43970619,0.6685114014898338
0.0,131074533.33333333,discharging,131074533.33333333,0.0,131074533.33333333,0.0,928.7967086553953,0.0,0.09280510035879294,16,245,4.138367276145273,22.36,132728987.52465467,1.0,654.15,1445.0192143513136,11210.61682960653,2545018854.518082,2389139139.0236816,370.87565630825014,1182688509.0601153,26753114.750461243,1155935394.309654,0.32591590684700394,10.949794137556955,1662948975.1043632,72769126.47839509,0.6659695449713783
0.0,131074533.33333333,discharging,103684026.97603886,0.0,103684026.97603886,0.0,734.7070445071108,0.0,0.0,17,245,0.0,21.87,104993301.55768138,1.0,654.15,1445.01921415348,11210.616829418925,2545018854.475493,2364037439.703875,369.0702534317295,1180054522.3301096,26407935.0579434,1153646587.2721663,0.3278342663401788,13.795473370824528,1665852480.9153302,57641587.38578325,0.6693649885371183
0.0,131074533.33333333,shutdown,0.0,0.0,0.0,0.0,0.0,0.0,0.0,18,245,22.15208737249252,20.56,0.0,1.0,567.279923475184,1445.0192143024565,11210.616829234275,2545018854.4335737,2259509895.5759296,362.89907080586624,1179588764.8999624,25103923.744083077,1154484841.1558793,0.3381619335547391,,1673614914.8181198,0.0,0.6898151007941651
0.0,131074533.33333333,shutdown,0.0,0.0,0.0,0.0,0.0,0.0,0.0,19,245,0.0,17.67,0.0,1.0,567.279923475184,1445.0192143476193,11210.61682960959,2545018854.518777,2259509895.6515746,362.89907080586624,1179588764.9075465,25103923.8273089,1154484841.0802376,0.3381619335325828,,1690739673.5807617,0.0,0.6828282668940939
0.0,131074533.33333333,shutdown,0.0,0.0,0.0,0.0,0.0,0.0,0.0,20,245,0.0,16.03,0.0,1.0,567.279923475184,1445.019214162088,11210.616829325625,2545018854.454312,2259509895.5943413,362.89907080586624,1179588764.88191,25103923.744441364,1154484841.1374688,0.3381619335493465,,1700457529.7644067,0.0,0.6789260072243141
0.0,131074533.33333333,shutdown,0.0,0.0,0.0,0.0,0.0,0.0,0.0,21,245,0.0,14.98,0.0,1.0,567.279923475184,1445.0192143073832,11210.616829316163,2545018854.4521637,2259509895.592434,362.89907080586624,1179588764.8835373,25103923.74416116,1154484841.1393762,0.33816193354990515,,1706679327.9307642,0.0,0.6764509432121104
0.0,131074533.33333333,shutdown,0.0,0.0,0.0,0.0,0.0,0.0,0.0,22,245,0.0,14.42,0.0,1.0,567.279923475184,1445.0192142042297,11210.61682973014,2545018854.546144,2259509895.6758714,362.89907080586624,1179588764.8828611,25103923.826921593,1154484841.0559394,0.3381619335254656,,1709997620.2861552,0.0,0.6751382735039977
0.0,131074533.33333333,shutdown,0.0,0.0,0.0,0.0,0.0,0.0,0.0,23,245,0.0,14.12,0.0,1.0,567.279923475184,1445.0192142993058,11210.616829210236,2545018854.4281163,2259509895.5710845,362.89907080586624,1179588764.9055314,25103923.74480418,1154484841.1607273,0.33816193355615914,,1711775276.9051147,0.0,0.6744371511475694
0.0,131074533.33333333,shutdown,0.0,0.0,0.0,0.0,0.0,0.0,0.0,0,246,0.0,13.96,0.0,1.0,567.279923475184,1445.0192143513204,11210.616829606575,2545018854.5180926,2259509895.650967,362.89907080586624,1179588764.9081888,25103923.827343512,1154484841.0808454,0.3381619335327608,,1712723360.4352264,0.0,0.6740638142446279
0.0,131074533.33333333,shutdown,0.0,0.0,0.0,0.0,0.0,0.0,0.0,1,246,0.0,13.74,0.0,1.0,567.279923475184,1445.0192141689283,11210.616829346593,2545018854.4590716,2259509895.598567,362.89907080586624,1179588764.8769794,25103923.743736997,1154484841.1332424,0.3381619335481085,,1714026975.2891297,0.0,0.6735511504645362
0.0,131074533.33333333,shutdown,0.0,0.0,0.0,0.0,0.0,0.0,0.0,2,246,0.0,13.68,0.0,1.0,567.279923475184,1445.0192141584014,11210.616829414741,2545018854.4745426,2259509895.612303,362.89907080586624,1179588764.8640013,25103923.74449093,1154484841.1195104,0.33816193354408625,,1714382506.6129217,0.0,0.6734114683661862
0.0,131074533.33333333,shutdown,0.0,0.0,0.0,0.0,0.0,0.0,0.0,3,246,0.0,13.57,0.0,1.0,567.279923475184,1445.0192143024508,11210.616829320286,2545018854.4530997,2259509895.593265,362.89907080586624,1179588764.8826869,25103923.744141873,1154484841.138545,0.3381619335496617,,1715034314.0398734,0.0,0.6731555349578294
0.0,131074533.33333333,shutdown,0.0,0.0,0.0,0.0,0.0,0.0,0.0,4,246,0.0,13.46,0.0,1.0,567.279923475184,1445.0192143024658,11210.616829234345,2545018854.4335895,2259509895.5759435,362.89907080586624,1179588764.8999689,25103923.744101185,1154484841.1558676,0.33816193355473567,,1715686121.4668255,0.0,0.672899796012129
0.0,131074533.33333333,shutdown,0.0,0.0,0.0,0.0,0.0,0.0,0.0,5,246,0.0,13.09,0.0,1.0,567.279923475184,1445.0192143444676,11210.61682958552,2545018854.513313,2259509895.6467233,362.89907080586624,1179588764.9131105,25103923.828024477,1154484841.085086,0.338161933534003,,1717878564.6302087,0.0,0.6720410073535092
0.0,131074533.33333333,shutdown,0.0,0.0,0.0,0.0,0.0,0.0,0.0,6,246,0.0,12.77,0.0,1.0,567.279923475184,1445.0192142054775,11210.616829643057,2545018854.526375,2259509895.65832,362.89907080586624,1179588764.9003491,25103923.82685938,1154484841.0734897,0.33816193353060625,,1719774731.690432,0.0,0.6713000370337472
23119002.27526456,131074533.33333333,charging_only,0.0,23119002.27526456,0.0,163.8217026190365,0.0,0.0,0.020693267699246714,7,246,132.2236013593005,13.15,0.0,96.60634892168326,619.3213104244816,1445.019214302453,11210.616829320292,2545018854.453101,2259509895.5932665,362.89907080586624,1179588764.8826876,25355524.671641726,1154233240.2110457,0.33808823673434263,,1717523033.3064167,0.0,0.6720336308905404
0.0,131074533.33333333,shutdown,0.0,0.0,0.0,0.0,0.0,0.0,0.020693267699246714,8,246,8.503475011097073,14.47,0.0,1.0,567.279923475184,1445.0192143358504,11210.616829592786,2545018854.514962,2259509895.6481876,362.89907080586624,1179588764.9116268,25103923.82800568,1154484841.083621,0.3381619335335738,,1709701344.182995,0.0,0.6752552690044868
0.0,131074533.33333333,shutdown,0.0,0.0,0.0,0.0,0.0,0.0,0.020693267699246714,9,246,0.0,15.75,0.0,1.0,567.279923475184,1445.0192142054782,11210.616829643108,2545018854.5263863,2259509895.65833,362.89907080586624,1179588764.9003515,25103923.826871533,1154484841.07348,0.33816193353060336,,1702116675.942102,0.0,0.6782642208910185
0.0,131074533.33333333,shutdown,0.0,0.0,0.0,0.0,0.0,0.0,0.020693267699246714,10,246,0.0,15.87,0.0,1.0,567.279923475184,1445.0192143427091,11210.61682961389,2545018854.519753,2259509895.652441,362.89907080586624,1179588764.9067094,25103923.827340167,1154484841.0793693,0.33816193353232843,,1701405613.2945182,0.0,0.678547685547999
0.0,131074533.33333333,shutdown,0.0,0.0,0.0,0.0,0.0,0.0,0.020693267699246714,11,246,0.0,15.98,0.0,1.0,567.279923475184,1445.0192141986463,11210.616829622155,2545018854.5216293,2259509895.654107,362.89907080586624,1179588764.9052856,25103923.827580754,1154484841.077705,0.33816193353184093,,1700753805.8675663,0.0,0.678807736366519
0.0,131074533.33333333,shutdown,0.0,0.0,0.0,0.0,0.0,0.0,0.020693267699246714,12,246,3.453364712291276,16.25,0.0,1.0,567.279923475184,1445.0192143426948,11210.616829613775,2545018854.519727,2259509895.652418,362.89907080586624,1179588764.9067006,25103923.82730837,1154484841.0793922,0.33816193353233515,,1699153914.910503,0.0,0.6794468888006538
0.0,131074533.33333333,shutdown,0.0,0.0,0.0,0.0,0.0,0.0,0.020693267699246714,13,246,18.977357622194443,17.5,0.0,1.0,567.279923475184,1445.0192143476313,11210.616829609626,2545018854.5187855,2259509895.651582,362.89907080586624,1179588764.9075518,25103923.827322144,1154484841.0802295,0.3381619335325804,,1691747012.3315053,0.0,0.6824216816491727
0.0,131074533.33333333,shutdown,0.0,0.0,0.0,0.0,0.0,0.0,0.020693267699246714,14,246,22.20493702648952,18.15,0.0,1.0,567.279923475184,1445.019214158395,11210.61682932866,2545018854.455001,2259509895.5949526,362.89907080586624,1179588764.8812704,25103923.744412925,1154484841.1368575,0.3381619335491674,,1687895422.9904265,0.0,0.6839788919454909
0.0,131074533.33333333,shutdown,0.0,0.0,0.0,0.0,0.0,0.0,0.020693267699246714,15,246,0.0,18.51,0.0,1.0,567.279923475184,1445.0192141602922,11210.616829439714,2545018854.4802117,2259509895.617336,362.89907080586624,1179588764.85821,25103923.74373416,1154484841.114476,0.3381619335426116,,1685762235.0476756,0.0,0.6848444087263739
0.0,131074533.33333333,shutdown,0.0,0.0,0.0,0.0,0.0,0.0,0.020693267699246714,16,246,0.0,19.53,0.0,1.0,567.279923475184,1445.0192143061383,11210.616829231176,2545018854.4328704,2259509895.575305,362.89907080586624,1179588764.9005964,25103923.74409231,1154484841.1565042,0.33816193355492213,,1679718202.5432136,0.0,0.687308644633684
0.0,131074533.33333333,shutdown,0.0,0.0,0.0,0.0,0.0,0.0,0.020693267699246714,17,246,0.0,19.92,0.0,1.0,567.279923475184,1445.0192142993076,11210.616829296301,2545018854.4476547,2259509895.588431,362.89907080586624,1179588764.888259,25103923.74487931,1154484841.1433797,0.3381619335510778,,1677407248.9385662,0.0,0.6882555454997094
38309965.35875819,131074533.33333333,direct_plus_discharge,61428967.63402275,0.0,23119002.27526456,0.0,163.8217026190365,0.0,0.0,18,246,175.60922881613288,19.69,62141599.96866404,160.08415227267588,661.2450982343385,1445.0192143476208,11210.61682960956,2545018854.51877,2325299447.488238,366.29220824767043,1175940813.0395927,25811292.893753927,1150129520.1458387,0.3308638290673218,23.185780862164222,1678770119.0131018,34621477.42497366,0.6712589944626859
0.0,131074533.33333333,shutdown,0.0,0.0,0.0,0.0,0.0,0.0,0.0,19,246,0.0,16.74,0.0,1.0,567.279923475184,1445.0192141689445,11210.616829346678,2545018854.459091,2259509895.598582,362.89907080586624,1179588764.8769853,25103923.74376062,1154484841.1332247,0.3381619335481033,,1696250409.0995357,0.0,0.6806099116852031
0.0,131074533.33333333,shutdown,0.0,0.0,0.0,0.0,0.0,0.0,0.0,20,246,0.0,16.15,0.0,1.0,567.279923475184,1445.0192143358597,11210.61682959283,2545018854.514972,2259509895.648196,362.89907080586624,1179588764.9116328,25103923.828019142,1154484841.0836136,0.33816193353357166,,1699746467.1168227,0.0,0.6792100253880196
0.0,131074533.33333333,shutdown,0.0,0.0,0.0,0.0,0.0,0.0,0.0,21,246,0.0,15.96,0.0,1.0,567.279923475184,1445.0192143513043,11210.616829520452,2545018854.4985414,2259509895.633609,362.89907080586624,1179588764.925454,25103923.82725271,1154484841.0982013,0.3381619335378445,,1700872316.3088305,0.0,0.6787604395864477
0.0,131074533.33333333,shutdown,0.0,0.0,0.0,0.0,0.0,0.0,0.0,22,246,0.0,16.1,0.0,1.0,567.279923475184,1445.0192142005494,11210.61682973331,2545018854.5468636,2259509895.6765103,362.89907080586624,1179588764.8822296,25103923.82693003,1154484841.0552995,0.3381619335252781,,1700042743.2199826,0.0,0.6790916555831039
0.0,131074533.33333333,shutdown,0.0,0.0,0.0,0.0,0.0,0.0,0.0,23,246,0.0,15.99,0.0,1.0,567.279923475184,1445.0192143444644,11210.616829585544,2545018854.5133185,2259509895.646728,362.89907080586624,1179588764.9131098,25103923.828029558,1154484841.0850801,0.3381619335340012,,1700694550.646934,0.0,0.6788313872387731
0.0,131074533.33333333,shutdown,0.0,0.0,0.0,0.0,0.0,0.0,0.0,0,247,0.0,16.22,0.0,1.0,567.279923475184,1445.0192142005565,11210.616829647279,2545018854.5273333,2259509895.6591706,362.89907080586624,1179588764.8995056,25103923.826865714,1154484841.07264,0.33816193353035734,,1699331680.5723984,0.0,0.679375812427487
0.0,131074533.33333333,shutdown,0.0,0.0,0.0,0.0,0.0,0.0,0.0,1,247,0.0,16.37,0.0,1.0,567.279923475184,1445.0192143513095,11210.616829606526,2545018854.5180817,2259509895.650957,362.89907080586624,1179588764.9081833,25103923.82732917,1154484841.0808542,0.33816193353276336,,1698442852.2629192,0.0,0.6797313430608967
0.0,131074533.33333333,shutdown,0.0,0.0,0.0,0.0,0.0,0.0,0.0,2,247,0.0,16.58,0.0,1.0,567.279923475184,1445.0192142993062,11210.616829210232,2545018854.4281154,2259509895.5710835,362.89907080586624,1179588764.9055316,25103923.7448044,1154484841.1607273,0.33816193355615914,,1697198492.6296475,0.0,0.6802297115948783
0.0,131074533.33333333,shutdown,0.0,0.0,0.0,0.0,0.0,0.0,0.0,3,247,0.0,16.69,0.0,1.0,567.279923475184,1445.0192141639964,11210.616829436776,2545018854.479545,2259509895.616744,362.89907080586624,1179588764.8588562,25103923.743789528,1154484841.1150668,0.3381619335427846,,1696546685.2026958,0.0,0.6804910534938413
0.0,131074533.33333333,shutdown,0.0,0.0,0.0,0.0,0.0,0.0,0.0,4,247,0.0,16.45,0.0,1.0,567.279923475184,1445.0192142005435,11210.616829733259,2545018854.546852,2259509895.6765003,362.89907080586624,1179588764.882226,25103923.826915238,1154484841.0553107,0.3381619335252814,,1697968810.4978633,0.0,0.6799211115761326
0.0,131074533.33333333,shutdown,0.0,0.0,0.0,0.0,0.0,0.0,0.0,5,247,0.0,16.25,0.0,1.0,567.279923475184,1445.0192142956123,11210.616829213302,2545018854.4288125,2259509895.5717025,362.89907080586624,1179588764.904893,25103923.74478458,1154484841.1601083,0.33816193355597784,,1699153914.910503,0.0,0.6794468888481576
0.0,131074533.33333333,shutdown,0.0,0.0,0.0,0.0,0.0,0.0,0.0,6,247,0.0,16.05,0.0,1.0,567.279923475184,1445.019214351311,11210.616829606515,2545018854.5180793,2259509895.6509547,362.89907080586624,1179588764.9081829,25103923.827327393,1154484841.0808554,0.33816193353276375,,1700339019.3231425,0.0,0.6789733270606373
4177517.7178240307,131074533.33333333,charging_only,0.0,4177517.7178240307,0.0,29.601972312937665,0.0,0.0,0.0037391965026868632,7,247,75.72625445472606,16.48,0.0,17.456407913693322,583.8231531377685,1445.01921434639,11210.616829524688,2545018854.499503,2259509895.6344624,362.89907080586624,1179588764.924614,25147231.07140828,1154441533.8532057,0.33814924834598875,,1697791044.8359673,0.0,0.6799667941261538
27479933.325170096,131074533.33333333,charging_only,0.0,27479933.325170096,0.0,194.72334539295989,0.0,0.0,0.02833582960495548,8,247,149.59508427693285,17.12,0.0,114.82917798733573,623.5489329357852,1445.0192141973912,11210.616829709192,2545018854.5413885,2259509895.6716495,362.89907080586624,1179588764.8877919,25403480.573400054,1154185284.3143919,0.33807418989876736,,1693998710.7155206,0.0,0.6813377584135708
210067935.02315915,131074533.33333333,charging,131074533.33333333,78993401.68982582,0.0,559.7487904719129,0.0,0.0,0.09904093998035501,9,247,770.6988346067691,18.97,133387217.47719447,877.8015584962161,665.9805657030229,1445.019214306146,11210.616829317258,2545018854.452412,2389735124.0440836,370.91856637913804,1182750753.9091308,27411344.619843528,1155339409.2892873,0.32568742526814803,10.891758421871558,1683036494.8986044,74879393.1110199,0.6572210975335141
228933538.1076306,131074533.33333333,charging,131074533.33333333,97859004.77429728,0.0,693.4308231753633,0.0,0.0,0.18663220185513774,10,247,912.9172483284459,20.68,133594676.7153156,956.6344169602859,665.9808283716932,1445.0192143073912,11210.616829230177,2545018854.4326434,2389922967.607435,370.9320912568563,1182770369.5837994,27618803.85790159,1155151565.7258978,0.3256154298876786,10.873585363841183,1672903852.1705356,74652854.08772352,0.6610094891851744
205523720.23751172,131074533.33333333,charging,131074533.33333333,74449186.9041784,0.0,527.5483955592028,0.0,0.0,0.25326989392577387,11,247,889.3319263601412,22.4,133337246.14402315,858.8128498170782,665.9805023112815,1445.0192141986404,11210.616829708199,2545018854.541163,2389689877.8532715,370.91530864300773,1182746028.8502128,27361373.370145336,1155384655.4800675,0.32570476819929584,10.896144269361839,1662711954.2218354,74164608.26483387,0.6652082712348393
196262306.11762834,131074533.33333333,charging,131074533.33333333,65187772.78429501,0.0,461.9218338367455,0.0,0.0,0.3116179150419944,12,247,875.8045464567972,23.67,133235401.21976246,820.1125896016567,665.9803729677014,1445.019214347624,11210.61682952359,2545018854.4992533,2389597663.104323,370.90866921019006,1182736398.6745033,27259528.445490103,1155476870.2290132,0.3257401157621757,10.905093103594409,1655186541.2015736,73853873.78251496,0.6682763804798897
11349271.940952934,131074533.33333333,direct_plus_discharge,131074533.33333331,0.0,119725261.39238039,0.0,848.3755455482564,0.0,0.20445468823589882,13,247,125.05659338851481,24.28,132708134.97723126,47.42469904541855,655.0544597475632,1445.019214204233,11210.616829730168,2545018854.5461507,2389120258.6011257,370.8742969753372,1182686536.9348445,26732262.20264253,1155954274.732202,0.3259231464050602,10.951642098327541,1651571972.7430232,72451495.24457625,0.670497992745721
0.0,131074533.33333333,discharging,131074533.33333333,0.0,131074533.33333333,0.0,928.7967086553953,0.0,0.0871329987215331,14,247,68.27270196124226,24.85,132728987.5246538,1.0,654.1499999999994,1445.01921434447,11210.61682958557,2545018854.5133243,2389139139.019438,370.87565630826623,1182688509.065063,26753114.751170013,1155935394.313893,0.3259159068481992,10.949794137584957,1648194425.167,72263898.04617506,0.6718764289244953
15204004.977171876,131074533.33333333,direct_plus_discharge,112551027.44704878,0.0,97347022.4698769,0.0,689.8029065454704,0.0,0.0,15,247,117.73562138631532,24.76,113945004.20386472,63.532300933383034,655.577674339143,1445.0192143476281,11210.61682952357,2545018854.499249,2372136615.231699,369.65235937634407,1180907049.5312233,26492637.315864906,1154414412.2153585,0.3272200702788081,12.72589928773858,1648727722.152688,62165699.43026631,0.6747436150331738
0.0,131074533.33333333,shutdown,0.0,0.0,0.0,0.0,0.0,0.0,0.0,16,247,48.498458814897184,24.33,0.0,1.0,567.279923475184,1445.0192142054818,11210.616829729175,2545018854.545925,2259509895.675651,362.89907080586624,1179588764.8830771,25103923.826946225,1154484841.056131,0.33816193352552165,,1651275696.6398633,0.0,0.6991472371363312
121352152.41391939,131074533.33333333,direct_partial,121352152.41391939,0.0,0.0,0.0,0.0,0.0,0.0,17,247,418.49830211900684,23.63,122689256.36630696,507.08885439400854,665.96545579209,1445.0192141583996,11210.616829328686,2545018854.4550066,2380050320.672322,370.2215237663389,1181737596.1702511,26435764.4286178,1155301831.7416334,0.3266619564220982,11.832907436561444,1655423562.084102,68014171.96409126,0.6703473000025002
38164075.424466066,131074533.33333333,direct_partial,38164075.424466066,0.0,0.0,0.0,0.0,0.0,0.0,18,247,174.18807922837436,22.51,38586385.66494825,159.47452847799053,665.5630654017618,1445.019214306155,11210.616829317338,2545018854.4524302,2304029229.8472347,364.77169992513143,1173655816.293662,25520970.71648704,1148134845.5771751,0.3325434087164921,37.22872259851466,1662060146.7948835,21445334.157211743,0.6819905599165945
0.0,131074533.33333333,shutdown,0.0,0.0,0.0,0.0,0.0,0.0,0.0,19,247,0.0,21.1,0.0,1.0,567.279923475184,1445.0192143476324,11210.616829609658,2545018854.5187926,2259509895.6515746,362.89907080586624,1179588764.9075556,25103923.827329654,1154484841.080226,0.33816193353257934,,1670415132.9039924,0.0,0.6911364835836771
0.0,131074533.33333333,shutdown,0.0,0.0,0.0,0.0,0.0,0.0,0.0,20,247,0.0,19.27,0.0,1.0,567.279923475184,1445.0192143395416,11210.616829503666,2545018854.4947305,2259509895.6302257,362.89907080586624,1179588764.9295387,25103923.82795369,1154484841.1015851,0.3381619335388357,,1681258838.279645,0.0,0.6866788235194745
0.0,131074533.33333333,shutdown,0.0,0.0,0.0,0.0,0.0,0.0,0.0,21,247,0.0,17.98,0.0,1.0,567.279923475184,1445.0192142054866,11210.616829729162,2545018854.5459223,2259509895.6756744,362.89907080586624,1179588764.8830812,25103923.82694467,1154484841.0561366,0.3381619335255233,,1688902761.7411702,0.0,0.6835709356445858
0.0,131074533.33333333,shutdown,0.0,0.0,0.0,0.0,0.0,0.0,0.0,22,247,0.0,17.91,0.0,1.0,567.279923475184,1445.019214346378,11210.616829524615,2545018854.4994864,2259509895.634448,362.89907080586624,1179588764.9246056,25103923.827244908,1154484841.0973606,0.3381619335375983,,1689317548.285594,0.0,0.6834030950954076
0.0,131074533.33333333,shutdown,0.0,0.0,0.0,0.0,0.0,0.0,0.0,23,247,0.0,17.27,0.0,1.0,567.279923475184,1445.0192142956216,11210.616829299415,2545018854.448362,2259509895.5890584,362.89907080586624,1179588764.8876255,25103923.74487229,1154484841.1427531,0.3381619335508943,,1693109882.406041,0.0,0.6818723658396821
0.0,131074533.33333333,shutdown,0.0,0.0,0.0,0.0,0.0,0.0,0.0,0,248,0.0,16.77,0.0,1.0,567.279923475184,1445.019214200543,11210.616829733262,2545018854.546853,2259509895.676501,362.89907080586624,1179588764.8822272,25103923.82691766,1154484841.0553095,0.33816193352528107,,1696072643.43764,0.0,0.6806812464797336
0.0,131074533.33333333,shutdown,0.0,0.0,0.0,0.0,0.0,0.0,0.0,1,248,0.0,16.18,0.0,1.0,567.279923475184,1445.0192143426987,11210.616829527773,2545018854.500203,2259509895.635084,362.89907080586624,1179588764.9239762,25103923.82725091,1154484841.0967252,0.3381619335374122,,1699568701.4549267,0.0,0.6792810670780305
0.0,131074533.33333333,shutdown,0.0,0.0,0.0,0.0,0.0,0.0,0.0,2,248,0.0,15.58,0.0,1.0,567.279923475184,1445.0192141973894,11210.616829709172,2545018854.541384,2259509895.671645,362.89907080586624,1179588764.887791,25103923.827626396,1154484841.0601645,0.3381619335267031,,1703124014.6928456,0.0,0.6778630511345195
0.0,131074533.33333333,shutdown,0.0,0.0,0.0,0.0,0.0,0.0,0.0,3,248,0.0,15.44,0.0,1.0,567.279923475184,1445.0192143476315,11210.616829523626,2545018854.499262,2259509895.6342483,362.89907080586624,1179588764.9248266,25103923.82726423,1154484841.0975623,0.3381619335376574,,1703953587.7816935,0.0,0.6775330322233355
0.0,131074533.33333333,shutdown,0.0,0.0,0.0,0.0,0.0,0.0,0.0,4,248,0.0,15.67,0.0,1.0,567.279923475184,1445.019214351341,11210.616829606724,2545018854.5181265,2259509895.650997,362.89907080586624,1179588764.9081998,25103923.827385902,1154484841.080814,0.3381619335327516,,1702590717.7071574,0.0,0.6780753759984866
0.0,131074533.33333333,shutdown,0.0,0.0,0.0,0.0,0.0,0.0,0.0,5,248,0.0,15.71,0.0,1.0,567.279923475184,1445.0192141973878,11210.6168297092,2545018854.5413904,2259509895.6716514,362.89907080586624,1179588764.8877923,25103923.827632803,1154484841.0601594,0.33816193352670165,,1702353696.82463,0.0,0.6781697852882156
0.0,131074533.33333333,shutdown,0.0,0.0,0.0,0.0,0.0,0.0,0.0,6,248,0.0,15.54,0.0,1.0,567.279923475184,1445.019214204231,11210.616829644145,2545018854.526622,2259509895.6585393,362.89907080586624,1179588764.9001365,25103923.826864786,1154484841.0732718,0.3381619335305424,,1703361035.5753732,0.0,0.6777687272171878
176186996.12270635,131074533.33333333,charging,131074533.33333333,45112462.789373025,0.0,319.6677942888626,0.0,0.0,0.04037908980490895,7,248,585.8840690171922,15.89,133014639.2065908,736.2247825505978,665.9800919199695,1445.019214302456,11210.61682932032,2545018854.453108,2389397776.779237,370.8942776171991,1182715522.9033573,27038766.349219494,1155676756.5541377,0.32581674284057754,10.9245378873684,1701287102.8532543,75285359.03331333,0.6505092144268115
209600096.2508242,131074533.33333333,charging,131074533.33333333,78525562.91749088,0.0,556.4336757743764,0.0,0.0,0.11066544885009334,8,248,713.2728089619122,19.29,133382072.79803759,875.8466213782058,665.980559178867,1445.0192143444642,11210.616829499468,2545018854.4937773,2389730465.856123,370.91823098583063,1182750267.501677,27406200.024451703,1155344067.4772253,0.3256892107384234,10.892209804426072,1681140327.8383806,74812415.1234178,0.6579585197312798
210138682.42556697,131074533.33333333,charging,131074533.33333333,79064149.09223364,0.0,560.2501079500778,0.0,0.0,0.18143388353852422,9,248,772.2616443259543,21.38,133387995.46463174,878.0971875273027,665.9805666895734,1445.0192143476359,11210.616829609675,2545018854.5187964,2389735828.5282483,370.91861709766783,1182750827.495528,27412122.69044313,1155338704.805085,0.3256871552483676,10.891690165612482,1668755986.7262974,74397135.56689794,0.6627866995902147
200672643.2819959,131074533.33333333,charging,131074533.33333333,69598109.94866256,0.0,493.1735693047476,0.0,0.0,0.24372949229280813,10,248,811.6308244538216,23.08,133283900.34189104,838.5418698054576,665.9804345864478,1445.0192142005667,11210.616829733392,2545018854.5468826,2389641576.2714677,370.911830936598,1182740984.6291883,27308027.567319494,1155432957.061869,0.3257232828053337,10.900829913477946,1658682599.2188609,73998840.67974669,0.6668467327320607
183656346.00356305,131074533.33333333,charging,131074533.33333333,52581812.67022972,0.0,372.5957537384119,0.0,0.0,0.29079421908081804,11,248,807.4376375937842,24.51,133096777.35126597,767.4366234517171,665.9801965971346,1445.0192143407846,11210.616829502598,2545018854.4944882,2389472147.6417255,370.89963220894236,1182723290.269304,27120904.577696018,1155602385.691608,0.32578823139822377,10.91729560223164,1650209102.6684875,73609142.51046105,0.6703736829120552
176553150.74143732,131074533.33333333,charging,131074533.33333333,45478617.40810399,0.0,322.2623730837489,0.0,0.0,0.3315010451545548,12,248,801.3224736777348,25.57,133018665.6963824,737.7548166080904,665.9800970543515,1445.019214311072,11210.616829313092,2545018854.451467,2389401422.501756,370.894540103341,1182715903.6706154,27042792.839039177,1155673110.8315763,0.3258153451540082,10.92418265528867,1643928049.281498,73354216.27428429,0.6729663107873263
131958154.79190783,131074533.33333333,charging,131074533.33333333,883621.4585745037,0.0,6.261358950133808,0.0,0.0,0.3322919536535191,13,248,599.2950070898524,26.38,132528268.23374881,551.4076858986189,665.9794694325778,1445.0192142042254,11210.61682964411,2545018854.5266137,2388957402.9878626,370.86257196745635,1182669525.8045514,26552395.459080055,1156117130.3454714,0.32598559574466435,10.967606093720022,1639128376.4103074,72922538.61887586,0.6752819791727773
206850474.17963523,131074533.33333333,charging,131074533.33333333,75775940.8463019,0.0,536.9497999609723,0.0,0.0,0.4001171915433261,14,248,828.7357766802942,26.51,133351836.04928686,864.3568976414168,665.9805208243849,1445.019214295616,11210.616829299377,2545018854.448353,2389703088.1130795,370.91625978809486,1182747408.4128802,27375963.1926357,1155371445.2202444,0.3256997046300856,10.894863413955658,1638358058.5420916,73349764.0051008,0.674981693722084
26922229.100907728,131074533.33333333,direct_plus_discharge,131074533.33333333,0.0,104152304.2324256,0.0,738.0252663112207,0.0,0.3068929473776982,15,248,156.43752851485604,26.08,132683133.06485997,112.49872409305881,656.3544731009231,1445.0192141652544,11210.616829435758,2545018854.479314,2389097621.165397,370.8726671583307,1182684172.3750756,26707260.207140926,1155976912.1679347,0.3259318266667367,10.953858543487474,1640906033.0292668,72193297.87043566,0.6747868563820097
57683297.09897459,131074533.33333333,direct_plus_discharge,131074533.33333334,0.0,73391236.23435874,0.0,520.0517364061286,0.0,0.24120220172639772,16,248,238.48782075489933,25.73,132633747.09925482,241.03863394048173,659.0391364076664,1445.0192143061358,11210.616829231161,2545018854.4328666,2389052905.8489337,370.8694478129544,1182679501.7262187,26657874.2418171,1156021627.4844017,0.32594897300289233,10.958239114154416,1642979965.751386,72483185.25385948,0.673883100786504
112982810.34647861,131074533.33333333,direct_plus_discharge,131074533.33333333,0.0,18091722.986854717,0.0,128.19830318497532,0.0,0.22500873185040085,17,248,393.5685512267453,24.62,132544965.40093002,472.1162560791943,664.2964679817816,1445.019214339542,11210.616829589704,2545018854.5142627,2388972520.947892,370.8636603999538,1182671105.0128691,26569092.627421666,1156102012.3854475,0.32597979827241597,10.966122320140276,1649557295.2415357,73131862.59256563,0.6711030873608033
0.0,131074533.33333333,discharging,131074533.33333333,0.0,131074533.33333333,0.0,928.7967086553953,0.0,0.10768704233603514,18,248,0.0,23.37,132728987.52463603,1.0,654.15,1445.0192142091587,11210.61682963998,2545018854.5256763,2389139139.030432,370.87565630822303,1182688509.0528877,26753114.75000575,1155935394.302882,0.32591590684509625,10.949794137513882,1656964197.820533,72564194.46370953,0.6683529449182396
0.0,131074533.33333333,discharging,120310480.34399785,0.0,120310480.34399785,0.0,852.5224184936116,0.0,0.0,19,248,0.0,22.6,121829284.19132943,1.0,654.15,1445.0192142091805,11210.61682972618,2545018854.545245,2379271933.6689553,370.16552455481553,1181656011.0811696,26617464.406126883,1155038546.6750426,0.3266669439724403,11.91360314992869,1661526849.8091955,66748628.68481612,0.6683185412556583
0.0,131074533.33333333,shutdown,0.0,0.0,0.0,0.0,0.0,0.0,0.0,20,248,0.0,21.32,0.0,1.0,567.279923475184,1445.0192143395384,11210.616829589706,2545018854.514263,2259509895.647561,362.89907080586624,1179588764.9122639,25103923.82802175,1154484841.084242,0.33816193353375573,,1669111518.0500891,0.0,0.6916762772285876
0.0,131074533.33333333,shutdown,0.0,0.0,0.0,0.0,0.0,0.0,0.0,21,248,0.0,20.15,0.0,1.0,567.279923475184,1445.0192143426887,11210.61682952768,2545018854.500182,2259509895.6350656,362.89907080586624,1179588764.9239686,25103923.827224635,1154484841.0967438,0.33816193353741764,,1676044378.864031,0.0,0.6888151982462519
0.0,131074533.33333333,shutdown,0.0,0.0,0.0,0.0,0.0,0.0,0.0,22,248,0.0,19.3,0.0,1.0,567.279923475184,1445.0192143513134,11210.616829606524,2545018854.518081,2259509895.6509566,362.89907080586624,1179588764.908184,25103923.827329606,1154484841.0808544,0.33816193353276347,,1681081072.617749,0.0,0.6867514362547141
0.0,131074533.33333333,shutdown,0.0,0.0,0.0,0.0,0.0,0.0,0.0,23,248,0.0,18.83,0.0,1.0,567.279923475184,1445.0192142023377,11210.616829619117,2545018854.52094,2259509895.653495,362.89907080586624,1179588764.9059248,25103923.827607863,1154484841.078317,0.3381619335320202,,1683866067.9874523,0.0,0.6856155979543854
0.0,131074533.33333333,shutdown,0.0,0.0,0.0,0.0,0.0,0.0,0.0,0,249,0.0,18.44,0.0,1.0,567.279923475184,1445.0192143024622,11210.61682932036,2545018854.4531164,2259509895.59328,362.89907080586624,1179588764.882693,25103923.7441624,1154484841.1385307,0.3381619335496575,,1686177021.5920994,0.0,0.6846759422972438
0.0,131074533.33333333,shutdown,0.0,0.0,0.0,0.0,0.0,0.0,0.0,1,249,0.0,17.78,0.0,1.0,567.279923475184,1445.0192143110808,11210.61682931316,2545018854.451482,2259509895.591829,362.89907080586624,1179588764.8841808,25103923.744197547,1154484841.1399832,0.33816193355008295,,1690087866.1538103,0.0,0.683091609767771
0.0,131074533.33333333,shutdown,0.0,0.0,0.0,0.0,0.0,0.0,0.0,2,249,0.0,17.3,0.0,1.0,567.279923475184,1445.0192141936986,11210.616829626231,2545018854.522555,2259509895.6549287,362.89907080586624,1179588764.9044287,25103923.82754602,1154484841.0768826,0.33816193353160007,,1692932116.744145,0.0,0.681943965536665
0.0,131074533.33333333,shutdown,0.0,0.0,0.0,0.0,0.0,0.0,0.0,3,249,0.0,16.96,0.0,1.0,567.279923475184,1445.0192143073805,11210.616829316146,2545018854.45216,2259509895.5924306,362.89907080586624,1179588764.8835368,25103923.744156744,1154484841.13938,0.33816193354990626,,1694946794.2456324,0.0,0.681133381330241
0.0,131074533.33333333,shutdown,0.0,0.0,0.0,0.0,0.0,0.0,0.0,4,249,0.0,16.54,0.0,1.0,567.279923475184,1445.0192141603218,11210.61682935386,2545018854.4607215,2259509895.600032,362.89907080586624,1179588764.8754992,25103923.74371996,1154484841.1317792,0.3381619335476799,,1697435513.5121753,0.0,0.6801347279125949
0.0,131074533.33333333,shutdown,0.0,0.0,0.0,0.0,0.0,0.0,0.0,5,249,0.0,16.4,0.0,1.0,567.279923475184,1445.0192143395536,11210.616829589817,2545018854.5142884,2259509895.647589,362.89907080586624,1179588764.912274,25103923.828053094,1154484841.084221,0.3381619335337495,,1698265086.6010232,0.0,0.6798024938467373
0.0,131074533.33333333,shutdown,0.0,0.0,0.0,0.0,0.0,0.0,0.0,6,249,0.0,16.34,0.0,1.0,567.279923475184,1445.0192143024635,11210.616829320345,2545018854.453113,2259509895.593277,362.89907080586624,1179588764.8826923,25103923.744159527,1154484841.1385329,0.3381619335496581,,1698620617.9248152,0.0,0.6796602072032738
176946402.035929,131074533.33333333,charging,131074533.33333333,45871868.702595666,0.0,325.0489594534252,0.0,0.0,0.041058815930958975,7,249,587.629847332103,17.41,133022990.15998866,739.3980783421929,665.9801025683496,1445.0192141652467,11210.61682934971,2545018854.4597797,2389405338.0295973,370.89482201443315,1182716312.6059725,27047117.30219733,1155669195.3037753,0.32581384403478275,10.923801158722448,1692280309.317193,74986481.45375516,0.6539302392479344
207104754.76383978,131074533.33333333,charging,131074533.33333333,76030221.43050645,0.0,538.7516371575508,0.0,0.0,0.10911165430875487,8,249,706.5199267041967,19.26,133354632.29471922,865.4194486351895,665.9805243720738,1445.0192141571567,11210.61682941581,2545018854.474786,2389705619.981047,370.91644208093277,1182747672.789978,27378759.437692072,1155368913.3522859,0.3256987341592342,10.894617961844512,1681318093.500277,74803028.15274385,0.6579095821504314
179256262.95090938,131074533.33333333,charging,131074533.33333333,48181729.61757605,0.0,341.41667910671293,0.0,0.0,0.15223797166960282,9,249,670.1345363535861,20.91,133048390.99045467,749.0501916495176,665.9801349489879,1445.019214342699,11210.616829527762,2545018854.5002007,2389428336.8753123,370.8964778930101,1182718714.6742013,27072518.21617982,1155646196.4580214,0.32580502690444724,10.921560842702538,1671540982.096,74301578.88373935,0.6619418166833388
145523107.69748932,131074533.33333333,charging,131074533.33333333,14448574.364155993,0.0,102.38288073903098,0.0,0.0,0.16517054607874357,10,249,611.2714248110058,22.64,132677437.85119125,608.0909526719819,665.9796608333883,1445.0192143061452,11210.616829317247,2545018854.4524097,2389092464.5505533,370.87229590110246,1182683633.7766163,26701564.993836533,1155982068.7827797,0.32593380397264127,10.954363546862652,1661289828.9266677,73749723.31274095,0.666256897308628
113156129.16169456,131074533.33333333,direct_plus_discharge,131074533.33333333,0.0,17918404.171638772,0.0,126.97016266807381,0.0,0.14913220974172375,11,249,531.4030375555697,24.23,132544687.14279987,472.84049572146284,664.3138944331142,1445.0192143395348,11210.61682958965,2545018854.5142503,2388972269.006975,370.86364226122254,1182671078.695641,26568814.36928373,1156102264.3263574,0.3259798948868588,10.96614704415183,1651868248.8461826,73211080.85693225,0.6701733911131623
49170230.5715466,131074533.33333333,direct_plus_discharge,131074533.33333333,0.0,81904302.76178673,0.0,580.3754924414189,0.0,0.07582162122280767,12,249,285.1990143480154,25.25,132647414.57044594,205.4654606023689,658.2800727746088,1445.01921420055,11210.616829647231,2545018854.5273223,2389065280.7928247,370.87033875872083,1182680794.3362844,26671541.795776464,1156009252.540508,0.32594422772090487,10.957026472809467,1645824216.341721,72518010.46895842,0.6727468105617781
85966681.88887283,131074533.33333333,direct_plus_discharge,131074533.33333333,0.0,45107851.4444605,0.0,319.6351182085569,0.0,0.03544665892277943,13,249,421.6530248249281,26.01,132588338.97920471,359.225158911005,661.6546939849521,1445.0192143110805,11210.616829313143,2545018854.451478,2389011792.290778,370.8664877871926,1182675207.164432,26612466.121874824,1156062741.0425572,0.3259647386579127,10.962269725415442,1641320819.5736904,72639958.27608077,0.67449778080271
172314615.60490224,131074533.33333333,charging,131074533.33333333,41240082.27156891,0.0,292.22803014756175,0.0,0.0,0.07235967325720828,14,249,707.1041144961747,26.42,132972055.82835169,720.0434379144251,665.9800376007383,1445.0192142956075,11210.616829213275,2545018854.4288063,2389359220.3124175,370.89150162110946,1182711495.9925213,26996182.971602347,1155715313.0209188,0.3258315247005846,10.928296069918622,1638891355.527779,73158793.39483042,0.6750475818411095
210508439.05748016,131074533.33333333,charging,131074533.33333333,79433905.72414681,0.0,562.8702106808737,0.0,1.4901161193847656e-08,0.1434590682905818,15,249,771.6709619714442,26.48,133392061.56467478,879.6422731574434,665.980571845528,1445.019214209165,11210.616829726066,2545018854.5452194,2389739510.182994,370.9188821758951,1182751211.9404447,27416188.790085897,1155335023.150359,0.3256857440901998,10.89133344359914,1638535824.2039876,73377903.35002041,0.6748792328461015
221105441.3856211,131074533.33333333,charging,131074533.33333333,90030908.05228777,0.0,637.9607765878351,0.0,0.0,0.22404358743851888,16,249,746.2420653095854,25.94,133508593.54189692,923.9234965531277,665.9807194788273,1445.019214347623,11210.616829609617,2545018854.518783,2389845023.6883245,370.92647920705804,1182762230.4127011,27532720.76769545,1155229509.6450057,0.3256453026634119,10.88111924206664,1641735606.1181142,73550273.31650873,0.673490946025733
84595988.2910146,131074533.33333333,direct_plus_discharge,131074533.33333333,0.0,46478545.04231873,0.0,329.3478798708713,0.0,0.18244174998114565,17,249,309.50669028099657,24.64,132590539.58637764,353.4975023969916,661.5244971408337,1445.0192142023113,11210.61682961892,2545018854.5208955,2389013784.832568,370.86663123794176,1182675415.3131733,26614666.81240744,1156060748.5007658,0.3259639745826401,10.962074326435838,1649438784.8002717,72903956.61918405,0.6712141089572027
27580968.218341168,131074533.33333333,direct_plus_discharge,131074533.33333333,0.0,103493565.11499216,0.0,733.3574280319204,0.0,0.08980712749290307,18,249,142.6438189631656,23.12,132682075.47910227,115.25136801209267,656.4103146956861,1445.0192143476258,11210.616829609624,2545018854.518785,2389096663.635553,370.8725982167013,1182684072.402679,26706202.704900127,1155977869.697779,0.3259321938354523,10.9539523177089,1658445578.3363326,72796181.51593725,0.6677160270189073
0.0,131074533.33333333,discharging,100334621.6276408,0.0,100334621.6276408,0.0,710.9730926521493,0.0,0.0,19,249,0.0,21.73,101601686.45909704,1.0,654.15,1445.0192143513107,11210.61682952046,2545018854.4985433,2360969436.105062,368.84985787111157,1179730910.9130955,26365725.39052277,1153365185.5225728,0.3280704950065713,14.250031992437151,1666682054.0041778,55801326.75098952,0.6695943765895245
0.0,131074533.33333333,shutdown,0.0,0.0,0.0,0.0,0.0,0.0,0.0,20,249,0.0,20.61,0.0,1.0,567.279923475184,1445.0192141986208,11210.616829708051,2545018854.5411296,2259509895.6713934,362.89907080586624,1179588764.887994,25103923.82760754,1154484841.0603864,0.33816193352676815,,1673318638.7149594,0.0,0.6899372387000863
0.0,131074533.33333333,shutdown,0.0,0.0,0.0,0.0,0.0,0.0,0.0,21,249,0.0,20.0,0.0,1.0,567.279923475184,1445.0192141652458,11210.616829435732,2545018854.479308,2259509895.6165333,362.89907080586624,1179588764.8590713,25103923.743794724,1154484841.1152766,0.33816193354284607,,1676933207.1735103,0.0,0.6884501041405064
0.0,131074533.33333333,shutdown,0.0,0.0,0.0,0.0,0.0,0.0,0.0,22,249,0.0,19.19,0.0,1.0,567.279923475184,1445.0192143073903,11210.616829230159,2545018854.432639,2259509895.5751,362.89907080586624,1179588764.900815,25103923.744103473,1154484841.1567116,0.33816193355498286,,1681732880.0447009,0.0,0.6864852646075548
0.0,131074533.33333333,shutdown,0.0,0.0,0.0,0.0,0.0,0.0,0.0,23,249,0.0,18.42,0.0,1.0,567.279923475184,1445.0192143407785,11210.616829588591,2545018854.51401,2259509895.647342,362.89907080586624,1179588764.9124742,25103923.8280062,1154484841.084468,0.3381619335338219,,1686295532.0333633,0.0,0.6846278242179594
0.0,131074533.33333333,shutdown,0.0,0.0,0.0,0.0,0.0,0.0,0.0,0,250,0.0,17.93,0.0,1.0,567.279923475184,1445.0192143426991,11210.616829527731,2545018854.5001936,2259509895.635076,362.89907080586624,1179588764.9239755,25103923.827241186,1154484841.0967343,0.33816193353741486,,1689199037.84433,0.0,0.6834510411336897
0.0,131074533.33333333,shutdown,0.0,0.0,0.0,0.0,0.0,0.0,0.0,1,250,0.0,17.63,0.0,1.0,567.279923475184,1445.0192141603104,11210.616829439818,2545018854.4802356,2259509895.617357,362.89907080586624,1179588764.8582182,25103923.743765503,1154484841.1144526,0.33816193354260476,,1690976694.4632895,0.0,0.6827325562170934
0.0,131074533.33333333,shutdown,0.0,0.0,0.0,0.0,0.0,0.0,0.0,2,250,0.0,17.35,0.0,1.0,567.279923475184,1445.0192143395402,11210.616829589708,2545018854.5142636,2259509895.6475673,362.89907080586624,1179588764.912265,25103923.82802263,1154484841.0842423,0.3381619335337558,,1692635840.640985,0.0,0.6820633318546829
0.0,131074533.33333333,shutdown,0.0,0.0,0.0,0.0,0.0,0.0,0.0,3,250,0.0,16.95,0.0,1.0,567.279923475184,1445.0192143024522,11210.616829234266,2545018854.433572,2259509895.5759277,362.89907080586624,1179588764.899962,25103923.744078886,1154484841.155883,0.3381619335547402,,1695006049.4662642,0.0,0.6811095697973559
0.0,131074533.33333333,shutdown,0.0,0.0,0.0,0.0,0.0,0.0,0.0,4,250,0.0,16.5,0.0,1.0,567.279923475184,1445.0192142042242,11210.61682973015,2545018854.5461464,2259509895.6758738,362.89907080586624,1179588764.8828595,25103923.8269227,1154484841.0559368,0.3381619335254648,,1697672534.3947034,0.0,0.6800397707250194
0.0,131074533.33333333,shutdown,0.0,0.0,0.0,0.0,0.0,0.0,0.0,5,250,0.0,16.49,0.0,1.0,567.279923475184,1445.0192143358443,11210.616829506707,2545018854.495421,2259509895.6308384,362.89907080586624,1179588764.928898,25103923.827927236,1154484841.1009707,0.33816193353865576,,1697731789.6153352,0.0,0.6800160356086334
0.0,131074533.33333333,shutdown,0.0,0.0,0.0,0.0,0.0,0.0,0.0,6,250,0.0,16.41,0.0,1.0,567.279923475184,1445.0192142054807,11210.616829729115,2545018854.545912,2259509895.675665,362.89907080586624,1179588764.8830774,25103923.826931864,1154484841.0561454,0.3381619335255259,,1698205831.3803911,0.0,0.6798262140683614
0.0,131074533.33333333,shutdown,0.0,0.0,0.0,0.0,0.0,0.0,0.0,7,250,3.709306551524163,17.31,0.0,1.0,567.279923475184,1445.0192143110694,11210.61682931307,2545018854.451462,2259509895.5918107,362.89907080586624,1179588764.8841743,25103923.74417304,1154484841.1400013,0.3381619335500883,,1692872861.5235128,0.0,0.6819678354941637
44521262.671603106,131074533.33333333,direct_partial,44521262.671603106,0.0,0.0,0.0,0.0,0.0,0.0,8,250,202.0181259795036,18.77,45013480.946139514,186.03902473285186,665.6468970463878,1445.0192143444774,11210.61682949954,2545018854.493794,2309831147.9882054,365.1860786892396,1174280993.5177565,25590878.834319886,1148690114.6834366,0.3320860473689848,31.93937158532606,1684221599.311244,25272781.461016975,0.6719472889782288
168091225.48881412,131074533.33333333,charging,131074533.33333333,37016692.15548079,0.0,262.30100512268757,0.0,0.0,0.03313275854181316,9,250,634.460469700664,20.69,132925612.50546628,702.3953450456293,665.9799783181828,1445.0192142042256,11210.61682973015,2545018854.5461464,2389317169.1043468,370.88847400966165,1182707103.959893,26949739.730846856,1155757364.229046,0.3258476468054952,10.932397654133919,1672844596.949904,74276909.46601066,0.6615208844861589
185343516.3057671,131074533.33333333,charging,131074533.33333333,54268982.97243376,0.0,384.5510755219588,0.0,0.0,0.08170763123932374,10,250,762.9193484088886,22.67,133115330.64446895,774.4867271267971,665.9802202236675,1445.0192141640011,11210.616829350764,2545018854.4600186,2389488946.455136,370.9008417058039,1182725044.664873,27139457.786675394,1155585586.8781974,0.325781791444667,10.915660958397261,1661112063.2647717,73987182.51715407,0.6660054689594603
184272827.8101555,131074533.33333333,charging,131074533.33333333,53198294.47682219,0.0,376.964155886012,0.0,-7.450580596923828e-09,0.1293241561933463,11,250,821.7368120358894,24.29,133103556.61219738,770.0126886210697,665.980205230889,1445.019214340781,11210.61682958863,2545018854.5140185,2389478285.8538914,370.9000741513956,1182723931.3181329,27127683.838690516,1155596247.4794424,0.32578587826264105,10.9166982602719,1651512717.522391,73656861.99909489,0.6698450176706527
128815663.75312987,131074533.33333333,direct_plus_discharge,131074533.33333333,0.0,2258869.5802034587,0.0,16.006394057030914,0.0,0.12730229589140557,12,250,617.096968637187,25.36,132519546.23297246,538.2762980402312,665.9147065245813,1445.019214302452,11210.616829320275,2545018854.4530973,2388949505.8400354,370.86200341039273,1182668700.868888,26543673.375589,1156125027.493299,0.32598862417699265,10.968381312869893,1645172408.9147692,73114926.75481057,0.6728356797454844
180882411.741987,131074533.33333333,charging,131074533.33333333,49807878.40865366,0.0,352.93960126807485,0.0,0.0,0.17188414026210974,13,250,807.2570808360089,25.95,133066273.24885675,755.8453074438311,665.9801577376489,1445.019214307391,11210.61682923014,2545018854.4326353,2389444528.0547743,370.8976436392147,1182720405.669993,27090400.391432516,1155630005.2785604,0.32579881971590197,10.919984167138244,1641676350.8974826,73304549.32012132,0.6738442423072637
194714637.29918444,131074533.33333333,charging,131074533.33333333,63640103.96585111,0.0,450.95502229751486,0.0,0.0,0.2288468799207432,14,250,796.2631425911969,26.4,133218381.9814939,813.6454145865061,665.9803513339281,1445.019214197387,11210.616829709155,2545018854.5413804,2389582253.2305408,370.90755970543,1182734789.310385,27242509.207592294,1155492280.1027927,0.32574602284771903,10.906589870980943,1639009865.9690435,73298346.43896255,0.6748155920351704
205122218.39443982,131074533.33333333,charging,131074533.33333333,74047685.06110649,0.0,524.7033456408033,0.0,0.0,0.29512519726484465,15,250,757.9933990448541,26.54,133332830.95166649,857.1351118817347,665.9804967080545,1445.0192143463744,11210.616829524593,2545018854.499481,2389685880.107747,370.9150208083071,1182745611.4029675,27356958.17738166,1155388653.2255857,0.3257063005603627,10.896531937045676,1638180292.8801954,73333301.97834052,0.6750683469277868
138741846.26218867,131074533.33333333,charging,131074533.33333333,7667312.928855345,0.0,54.33072948229814,0.0,0.0,0.3019880262520823,16,250,490.9257685093313,26.23,132602866.4035975,579.7543964250442,665.9795652038629,1445.019214342688,11210.616829613733,2545018854.5197177,2389024945.8153872,370.867434786799,1182676581.1473165,26626993.629415665,1156049587.5179007,0.32595969468952213,10.960979910906563,1640017204.7197871,72993460.62287076,0.6748642089082693
155093085.48895675,131074533.33333333,charging,131074533.33333333,24018552.15562342,0.0,170.19593067769318,0.0,0.0,0.32348645960084355,17,250,519.3029172133828,25.45,132782675.95529793,648.0805942096024,665.9797956070223,1445.0192141986345,11210.616829708151,2545018854.5411525,2389187750.0246096,370.87915615494603,1182693586.4901347,26806803.181411162,1155886783.3087234,0.3258972677251488,10.94503891774658,1644639111.9290814,73247976.40166798,0.6728537580615295
10558392.33856216,131074533.33333333,direct_plus_discharge,131074533.33333333,0.0,120516140.99477117,0.0,853.979733890283,0.0,0.21561533531996568,18,250,92.47750579476514,23.59,132709404.71054922,44.11988554551457,654.9894512737995,1445.0192143513173,11210.616829520563,2545018854.498566,2389121408.20846,370.87437974660713,1182686657.061184,26733531.936310522,1155953125.1248734,0.32592270559003184,10.951529557743212,1655660582.9666295,72586010.84943707,0.6688589054716222
0.0,131074533.33333333,discharging,131074533.33333333,0.0,131074533.33333333,0.0,928.7967086553953,0.0,0.09829364580559997,19,250,0.0,22.85,132728987.52465251,1.0,654.149999999998,1445.0192142091514,11210.616829725926,2545018854.5451875,2389139139.047841,370.87565630815783,1182688509.0355394,26753114.750046678,1155935394.2854927,0.3259159068401919,10.949794137397985,1660045469.293396,72669704.01582845,0.6671237212506372
0.0,131074533.33333333,discharging,109815958.21651876,0.0,109815958.21651876,0.0,778.1580292943331,0.0,0.0,20,250,0.0,21.81,111202508.39155689,1.0,654.15,1445.0192143358545,11210.61682950677,2545018854.4954348,2369655058.7956176,369.4739607773599,1180646110.155695,26485210.734793518,1154160899.4209015,0.32740272272968235,13.035121389176137,1666208012.2391222,61060657.325022265,0.6681999851894148
0.0,131074533.33333333,shutdown,0.0,0.0,0.0,0.0,0.0,0.0,0.0,21,250,0.0,20.82,0.0,1.0,567.279923475184,1445.019214302465,11210.616829320355,2545018854.4531155,2259509895.593279,362.89907080586624,1179588764.8826938,25103923.74416174,1154484841.138532,0.33816193354965784,,1672074279.081688,0.0,0.6904506908464504
0.0,131074533.33333333,shutdown,0.0,0.0,0.0,0.0,0.0,0.0,0.0,22,250,0.0,19.87,0.0,1.0,567.279923475184,1445.0192141603231,11210.616829439952,2545018854.480266,2259509895.617384,362.89907080586624,1179588764.8582284,25103923.743801933,1154484841.1144266,0.33816193354259716,,1677703525.041726,0.0,0.6881340021537556
0.0,131074533.33333333,shutdown,0.0,0.0,0.0,0.0,0.0,0.0,0.0,23,250,0.0,19.03,0.0,1.0,567.279923475184,1445.0192142023132,11210.616829618966,2545018854.5209055,2259509895.6534643,362.89907080586624,1179588764.9059117,25103923.827564154,1154484841.0783474,0.3381619335320291,,1682680963.5748127,0.0,0.6860984738459713
0.0,131074533.33333333,shutdown,0.0,0.0,0.0,0.0,0.0,0.0,0.0,0,251,0.0,18.55,0.0,1.0,567.279923475184,1445.0192143476306,11210.616829609662,2545018854.5187936,2259509895.651589,362.89907080586624,1179588764.9075522,25103923.82733053,1154484841.0802217,0.3381619335325781,,1685525214.1651475,0.0,0.6849407124722522
0.0,131074533.33333333,shutdown,0.0,0.0,0.0,0.0,0.0,0.0,0.0,1,251,0.0,18.24,0.0,1.0,567.279923475184,1445.019214351311,11210.616829520482,2545018854.498548,2259509895.633615,362.89907080586624,1179588764.9254572,25103923.827261318,1154484841.098196,0.338161933537843,,1687362126.004739,0.0,0.6841950659588015
0.0,131074533.33333333,shutdown,0.0,0.0,0.0,0.0,0.0,0.0,0.0,2,251,0.0,17.95,0.0,1.0,567.279923475184,1445.0192143395443,11210.616829589719,2545018854.514266,2259509895.6475697,362.89907080586624,1179588764.9122665,25103923.8280255,1154484841.084241,0.3381619335337554,,1689080527.4030662,0.0,0.6834989938929925
0.0,131074533.33333333,shutdown,0.0,0.0,0.0,0.0,0.0,0.0,0.0,3,251,0.0,17.27,0.0,1.0,567.279923475184,1445.019214165251,11210.616829435743,2545018854.4793105,2259509895.6165357,362.89907080586624,1179588764.8590722,25103923.743798476,1154484841.1152737,0.33816193354284524,,1693109882.406041,0.0,0.681872365823452
0.0,131074533.33333333,shutdown,0.0,0.0,0.0,0.0,0.0,0.0,0.0,4,251,0.0,16.6,0.0,1.0,567.279923475184,1445.0192143110773,11210.616829227076,2545018854.431939,2259509895.5744786,362.89907080586624,1179588764.9014492,25103923.744118,1154484841.1573312,0.3381619335551644,,1697079982.1883836,0.0,0.6802772133748368
0.0,131074533.33333333,shutdown,0.0,0.0,0.0,0.0,0.0,0.0,0.0,5,251,0.0,16.0,0.0,1.0,567.279923475184,1445.0192142956241,11210.61682929943,2545018854.4483647,2259509895.5890617,362.89907080586624,1179588764.887627,25103923.74487737,1154484841.1427495,0.33816193355089325,,1700635295.4263024,0.0,0.678855039788735
0.0,131074533.33333333,shutdown,0.0,0.0,0.0,0.0,0.0,0.0,0.0,6,251,0.0,15.65,0.0,1.0,567.279923475184,1445.0192142005494,11210.616829647264,2545018854.52733,2259509895.659168,362.89907080586624,1179588764.899503,25103923.82686152,1154484841.0726414,0.33816193353035773,,1702709228.1484218,0.0,0.678028181199243
173182192.9314859,131074533.33333333,charging,131074533.33333333,42107659.59815256,0.0,298.3757000643848,0.0,0.0,0.037689562113395976,7,251,576.6274471299868,17.09,132981596.30952759,723.668744791018,665.9800497735641,1445.019214306153,11210.61682931734,2545018854.4524307,2389367858.606603,370.892123560767,1182712398.1789677,27005723.452198934,1155706674.7267687,0.3258282129033962,10.927453868520361,1694176476.3774166,75027039.6737841,0.6532355742239677
195030921.46361834,131074533.33333333,charging,131074533.33333333,63956388.13028501,0.0,453.19621807716305,0.0,0.0,0.09493540018630078,8,251,670.7175598500062,19.13,133221860.06123604,814.9670571895866,665.9803557554901,1445.0192141584012,11210.616829414701,2545018854.4745336,2389585402.3653083,370.90778644570554,1182735118.1722217,27245987.204189286,1155489130.9680324,0.325744815676143,10.906283958376726,1682088411.3684926,74754542.03572673,0.6577076959150225
223568542.92871165,131074533.33333333,charging,131074533.33333333,92494009.59537832,0.0,655.4143623312126,0.0,0.0,0.1777245827965592,9,251,825.5429890788832,21.71,133535679.51245071,934.2159496732124,665.9807537569532,1445.0192143427014,11210.616829527782,2545018854.500205,2389869548.6371193,370.9282450267288,1182764791.4343956,27559806.73818138,1155204984.6962142,0.3256359030770841,10.878747668999326,1666800564.445442,74413354.67209849,0.6634480531155416
197979071.82056493,131074533.33333333,charging,131074533.33333333,66904538.4872316,0.0,474.086869209139,0.0,0.0,0.23760923995981886,10,251,814.0770392914216,23.83,133254279.96448842,827.2863622645073,665.9803969587077,1445.0192143427018,11210.61682961379,2545018854.51973,2389614756.7163105,370.9098999404295,1182738183.807302,27278407.190278158,1155459776.617024,0.3257335633205836,10.903433247508156,1654238457.6714623,73832326.63887508,0.6686414625533763
173230988.41138166,131074533.33333333,charging,131074533.33333333,42156455.07804833,0.0,298.72146578997535,0.0,0.0,0.2753424777438157,11,251,782.4674664324386,25.57,132982132.89841355,723.8726442976007,665.9800504581539,1445.0192142023236,11210.616829619055,2545018854.520926,2389368344.5133634,370.89215854053987,1182712448.94445,27006260.124487754,1155706188.8199623,0.32582802662035903,10.927406503463505,1643928049.281498,73334065.79477268,0.6729934694731402
161854306.69222564,131074533.33333333,charging,131074533.33333333,30779773.358892307,0.0,218.10607645801164,0.0,0.0,0.30289271898061715,12,251,760.3295418261852,26.8,132857027.02657425,676.3334092282904,665.9798906965536,1445.0192141689292,11210.61682943263,2545018854.4786043,2389255069.60564,370.8840029915939,1182700617.8965485,26881154.16885482,1155819463.7276938,0.32587145603008655,10.93845993926267,1636639657.1437643,73019686.87064096,0.6760524941850375
184935488.54124424,131074533.33333333,charging,131074533.33333333,53860955.20791091,0.0,381.6597827964293,0.0,0.0,0.35110237575490294,13,251,830.3994623993301,27.83,133110843.6885641,772.7817196130688,665.9802145103947,1445.019214302466,11210.6168293204,2545018854.4531255,2389484883.790758,370.9005491991358,1182724620.3737912,27134970.831214048,1155589649.5425773,0.3257833488904746,10.916056241410056,1630536369.4186702,72953348.22477251,0.6783660843818804
195109106.70268795,131074533.33333333,charging,131074533.33333333,64034573.36935462,0.0,453.7502402114904,0.0,0.0,0.4084181955710912,14,251,803.4015155192554,28.23,133222719.8402683,815.2937663786836,665.9803568484622,1445.0192143407842,11210.616829502596,2545018854.494488,2389586180.8619285,370.9078424956408,1182735199.5381012,27246847.06669946,1155488352.4714017,0.32574451725530035,10.90620833922952,1628166160.593391,72934660.45145966,0.6792591821581024
212096025.67405203,131074533.33333333,charging,131074533.33333333,81021492.3407187,0.0,574.1198805189301,0.0,0.0,0.4809386015313772,15,251,785.9376193245259,27.59,133409519.76667796,886.2762509043132,665.9805939795617,1445.0192143061436,11210.616829317223,2545018854.4524045,2389755317.552539,370.9200203173775,1182752862.6901128,27433646.90931751,1155319215.7807953,0.32567968523036034,10.889802070651086,1631958494.7138379,73165153.28313743,0.6775574411497721
216002823.11980885,131074533.33333333,charging,131074533.33333333,84928289.78647552,0.0,601.8035236853289,0.0,0.0,0.5569558887337345,16,251,735.3830427705267,26.69,133452481.61729857,902.6014120300999,665.9806484232718,1445.0192142042306,11210.616829644116,2545018854.526615,2389794217.274022,370.9228211095384,1182756924.9019442,27476608.842633404,1155280316.0593107,0.3256647755102877,10.88603530991621,1637291464.5707157,73369066.00625038,0.6753416562838809
146862756.94955164,131074533.33333333,charging,131074533.33333333,15788223.616218314,0.0,111.8756615594203,0.0,0.0,0.5710875512465035,17,251,495.1872828916612,25.83,132692169.56222863,613.6888855557842,665.9796797124645,1445.0192142992978,11210.616829296234,2545018854.4476395,2389105803.012856,370.8732562264676,1182685027.0260427,26716296.70556635,1155968730.3204763,0.32592868934073815,10.953057352704413,1642387413.545066,73122326.72131261,0.6738339650237027
41789045.12110693,131074533.33333333,direct_plus_discharge,131074533.33333331,0.0,89285488.21222639,0.0,632.6787170114355,0.0,0.4911702396240063,18,251,183.85719588221832,24.44,132659264.84076034,174.6220284944119,657.6320416731363,1445.0192143426905,11210.616829613748,2545018854.519721,2389076010.3122616,370.8711112473405,1182681915.0876105,26683392.066533007,1155998523.0210774,0.32594011341345475,10.95597526464928,1650623889.2129114,72628627.45952442,0.6708236383448237
0.0,131074533.33333333,discharging,131074533.33333333,0.0,131074533.33333333,0.0,928.7967086553953,0.0,0.37384855010964063,19,251,0.0,22.77,132728987.52465469,1.0,654.15,1445.0192142005485,11210.616829647264,2545018854.52733,2389139139.031923,370.87565630821854,1182688509.0514038,26753114.749992274,1155935394.3014114,0.3259159068446799,10.949794137502677,1660519511.0584524,72685936.254616,0.6669350111340927
0.0,131074533.33333333,discharging,131074533.33333333,0.0,131074533.33333333,0.0,928.7967086553953,0.0,0.2565268605952749,20,251,0.0,21.19,132728987.52465469,1.0,654.15,1445.0192143005565,11210.616829295299,2545018854.4474273,2389139138.960684,370.8756563084903,1182688509.0406773,26753114.668027613,1155935394.3726497,0.32591590686476557,10.949794137972043,1669881835.918305,73006522.97064282,0.6632297407216218
0.0,131074533.33333333,discharging,131074533.33333333,0.0,131074533.33333333,0.0,928.7967086553953,0.0,0.13920517108090918,21,251,0.0,19.96,132728987.52465469,1.0,654.15,1445.019214165245,11210.616829349654,2545018854.459767,2389139138.971689,370.87565630844836,1182688509.0284925,26753114.666848134,1155935394.3616443,0.3259159068616626,10.949794137899495,1677170228.0560384,73256093.64198019,0.6603736358582163
0.0,131074533.33333333,discharging,131074533.33333333,0.0,131074533.33333333,0.0,928.7967086553953,0.0,0.02188348156654348,22,251,0.0,18.87,132728987.52465469,1.0,654.15,1445.019214351319,11210.616829606599,2545018854.5180984,2389139139.023692,370.87565630825,1182688509.060122,26753114.750480667,1155935394.3096414,0.3259159068470004,10.949794137556898,1683629047.1049242,73477257.89544173,0.6578630962851166
0.0,131074533.33333333,shutdown,0.0,0.0,0.0,0.0,0.0,0.0,0.02188348156654348,23,251,0.0,18.07,0.0,1.0,567.279923475184,1445.0192142992998,11210.616829296228,2545018854.4476385,2259509895.588416,362.89907080586624,1179588764.8882537,25103923.744859662,1154484841.143394,0.33816193355108204,,1688369464.7554827,0.0,0.6837868518965378
0.0,131074533.33333333,shutdown,0.0,0.0,0.0,0.0,0.0,0.0,0.02188348156654348,0,252,0.0,17.48,0.0,1.0,567.279923475184,1445.0192141603136,11210.616829353841,2545018854.460717,2259509895.600028,362.89907080586624,1179588764.8754957,25103923.743713334,1154484841.1317823,0.3381619335476808,,1691865522.7727692,0.0,0.6823738799521826
0.0,131074533.33333333,shutdown,0.0,0.0,0.0,0.0,0.0,0.0,0.02188348156654348,1,252,0.0,17.19,0.0,1.0,567.279923475184,1445.0192142091648,11210.61682972606,2545018854.5452175,2259509895.675049,362.89907080586624,1179588764.8837137,25103923.82695126,1154484841.0567625,0.3381619335257066,,1693583924.1710968,0.0,0.6816815066438532
0.0,131074533.33333333,shutdown,0.0,0.0,0.0,0.0,0.0,0.0,0.02188348156654348,2,252,0.0,16.76,0.0,1.0,567.279923475184,1445.0192143358477,11210.616829506713,2545018854.4954224,2259509895.6308393,362.89907080586624,1179588764.9288988,25103923.827930544,1154484841.1009684,0.33816193353865504,,1696131898.658272,0.0,0.6806574665650859
0.0,131074533.33333333,shutdown,0.0,0.0,0.0,0.0,0.0,0.0,0.02188348156654348,3,252,0.0,16.15,0.0,1.0,567.279923475184,1445.0192143463842,11210.616829610704,2545018854.51903,2259509895.651799,362.89907080586624,1179588764.907338,25103923.82732489,1154484841.080013,0.338161933532517,,1699746467.1168227,0.0,0.6792100253859013
0.0,131074533.33333333,shutdown,0.0,0.0,0.0,0.0,0.0,0.0,0.02188348156654348,4,252,0.0,15.73,0.0,1.0,567.279923475184,1445.0192143110712,11210.61682931305,2545018854.451457,2259509895.591807,362.89907080586624,1179588764.884173,25103923.744167525,1154484841.1400054,0.33816193355008944,,1702235186.3833659,0.0,0.6782169998452846
0.0,131074533.33333333,shutdown,0.0,0.0,0.0,0.0,0.0,0.0,0.02188348156654348,5,252,0.0,15.51,0.0,1.0,567.279923475184,1445.0192141534824,11210.6168293329,2545018854.455963,2259509895.595807,362.89907080586624,1179588764.88043,25103923.74442697,1154484841.136003,0.3381619335489171,,1703538801.2372692,0.0,0.6776980015351034
0.0,131074533.33333333,shutdown,0.0,0.0,0.0,0.0,0.0,0.0,0.02188348156654348,6,252,0.0,15.44,0.0,1.0,567.279923475184,1445.0192143073862,11210.616829316159,2545018854.4521627,2259509895.5924335,362.89907080586624,1179588764.8835382,25103923.74416093,1154484841.1393774,0.3381619335499055,,1703953587.7816935,0.0,0.6775330322478755
141055228.36875188,131074533.33333333,charging,131074533.33333333,9980695.035418555,0.0,70.7234003680603,0.0,0.0,0.03081696371829846,7,252,480.3726998820647,17.49,132628305.95557074,589.421223579313,665.9795978393018,1445.0192143476258,11210.616829523591,2545018854.4992537,2389047979.366247,370.8690931193931,1182678987.1484284,26652433.181301553,1156026553.9671268,0.3259508621261223,10.958721946544287,1691806267.5521374,74748018.0789017,0.6543962805842546
185542729.28212276,131074533.33333333,charging,131074533.33333333,54468195.94878943,0.0,385.9627025715097,0.0,0.0,0.07957014720101546,8,252,641.647214966732,20.0,133117521.328335,775.319169551189,665.9802230129413,1445.0192141974037,11210.616829709323,2545018854.541418,2389490930.0552773,370.90098451724964,1182725251.8325348,27141648.55447873,1155583603.2780561,0.325781031028628,10.91546797706147,1676933207.1735103,74522085.56470709,0.659784813274578
202663624.8367113,131074533.33333333,charging,131074533.33333333,71589091.50337796,0.0,507.2817035699336,0.0,0.0,0.14364783607300707,9,252,756.4459456521347,22.28,133305794.55404623,846.8614960800421,665.9804623886562,1445.019214342699,11210.616829613817,2545018854.519737,2389661400.200282,370.9132582565103,1182743054.912895,27329921.779843543,1155413133.1330514,0.32571568397257544,10.898906375522468,1663423016.869419,74171130.53725286,0.6649499452202258
188044503.74682844,131074533.33333333,charging,131074533.33333333,56969970.41349511,0.0,403.69032539437745,0.0,0.0,0.19464029822808634,10,252,780.9675511042619,24.07,133145032.57311603,785.7732234927512,665.9802580336504,1445.0192141652365,11210.616829349592,2545018854.459753,2389515839.7098174,370.90277799135464,1182727853.3388066,27169159.71529267,1155558693.623514,0.32577148185713345,10.91304500827749,1652816332.3762946,73723801.83239639,0.6692915332391797
174292149.7967758,131074533.33333333,charging,131074533.33333333,43217616.46344246,0.0,306.240876136452,0.0,0.0,0.23332335626637504,11,252,792.7732266987082,25.74,132993802.16399157,728.3068722906178,665.980065344637,1445.0192142956123,11210.616829299333,2545018854.4483433,2389378910.198513,370.8929192558894,1182713552.4421403,27017929.307319637,1155695623.1348207,0.32582397590594614,10.926376553316311,1642920710.5307539,73306553.85540292,0.6733931147214227
139488106.17431659,131074533.33333333,charging,131074533.33333333,8413572.840983257,0.0,59.61874182580348,0.0,0.0,0.24085414470752917,12,252,672.7363655526445,26.86,132611072.79450867,582.8727596051341,665.9795757328977,1445.0192143061445,11210.616829231189,2545018854.4328732,2389032375.9954405,370.8679697380662,1182677357.2749753,26635199.937081255,1156042157.337894,0.3259568454533146,10.960251433712488,1636284125.8199723,72872532.15638429,0.6763816247871914
178033406.65002018,131074533.33333333,charging,131074533.33333333,46958873.316686854,0.0,332.7514954242656,0.0,0.0,0.2828859125505943,13,252,809.8528167634385,27.48,133034943.61560069,743.9402962881951,665.9801178079923,1445.019214200555,11210.61682973335,2545018854.5468726,2389416161.1861644,370.89560125870685,1182717442.9881878,27059070.841019597,1155658372.1471682,0.32580969472185983,10.922746774523374,1632610302.1407895,72981656.69346958,0.6775702512909592
191896941.67553765,131074533.33333333,charging,131074533.33333333,60822408.34220432,0.0,430.9887759590256,0.0,0.0,0.3373266000401554,14,252,798.3869467075987,26.59,133187396.64883745,801.8712349168081,665.9803119331718,1445.019214202322,11210.616829705074,2545018854.540454,2389554197.868723,370.90553973921794,1182731859.3395777,27211523.874966964,1155520335.4646108,0.32575677748412013,10.909315877453661,1637884016.777036,73243296.86660773,0.6752976977522887
190727681.91798836,131074533.33333333,charging,131074533.33333333,59653148.58465503,0.0,422.70337843170284,0.0,0.0,0.3907207109999495,15,252,718.5692719462171,24.49,133174538.65869743,796.9853010528393,665.980295577658,1445.0192143426918,11210.616829527715,2545018854.5001903,2389542555.701574,370.90470151539694,1182730643.5161688,27198665.884406548,1155531977.6317623,0.32576124040084775,10.910447461473108,1650327613.1097515,73656156.58405447,0.6702684781289991
206131933.90350842,131074533.33333333,charging,131074533.33333333,75057400.57017511,0.0,531.8582095007133,0.0,-1.4901161193847656e-08,0.4579028006210922,16,252,707.7537333566256,24.71,133343934.48274854,861.3543652742171,665.9805107986039,1445.0192143426962,11210.616829613766,2545018854.519725,2389695933.749754,370.9157446689323,1182746661.2921102,27368061.708531395,1155378599.5835788,0.32570244693570966,10.895557061704173,1649023998.255848,73705816.4282063,0.6706673267830298
174053050.53439677,131074533.33333333,charging,131074533.33333333,42978517.20106344,0.0,304.5466140834656,0.0,0.0,0.4963718466105826,17,252,578.0495500609569,24.24,132991172.86289886,727.30775881274,665.980061990665,1445.0192143042366,11210.616829206088,2545018854.427175,2389376529.5206876,370.89274785271846,1182713303.8188405,27015300.00619314,1155698003.8126473,0.3258248886139301,10.926608604560492,1651808993.625551,73604642.91261956,0.6698092441945762
3994420.6016605683,131074533.33333333,direct_plus_discharge,131074533.33333333,0.0,127080112.73167276,0.0,900.492166091259,0.0,0.38262546773589723,18,252,73.25787535495473,23.33,132719942.96892613,16.69130811915909,654.453606937576,1445.0192142091614,11210.616829726006,2545018854.5452056,2389130949.8665524,370.87506671262724,1182687653.661122,26744070.194341026,1155943583.4667811,0.32591904690934004,10.95059559818645,1657201218.7030613,72595270.60971269,0.6682540926684518
0.0,131074533.33333333,discharging,131074533.33333333,0.0,131074533.33333333,0.0,928.7967086553953,0.0,0.2653037782215315,19,252,0.0,22.93,132728987.52465342,1.0,654.1499999999997,1445.0192143463848,11210.616829610706,2545018854.5190306,2389139139.0245214,370.8756563082468,1182688509.0592697,26753114.750459176,1155935394.3088105,0.32591590684676625,10.949794137551539,1659571427.5283403,72653471.77704294,0.6673125382116012
0.0,131074533.33333333,discharging,131074533.33333333,0.0,131074533.33333333,0.0,928.7967086553953,0.0,0.14798208870716584,20,252,0.0,21.39,132728987.52465484,1.0,654.15,1445.019214295609,11210.616829213277,2545018854.428807,2389139138.9440885,370.8756563085535,1182688509.0571542,26753114.66790892,1155935394.3892453,0.3259159068694447,10.949794138081314,1668696731.5056653,72965942.37367749,0.6636964848161665
0.0,131074533.33333333,discharging,131074533.33333333,0.0,131074533.33333333,0.0,928.7967086553953,0.0,0.030660399192800107,21,252,0.0,20.47,132728987.52465469,1.0,654.15,1445.019214163999,11210.616829436802,2545018854.479551,2389139138.989326,370.8756563083811,1182688509.010936,26753114.666928004,1155935394.344008,0.32591590685669003,10.949794137783316,1674148211.8038073,73152613.11971834,0.6615548838847484
0.0,131074533.33333333,discharging,34254514.51172542,0.0,34254514.51172542,0.0,242.7281602763342,0.0,0.0,22,252,0.0,19.95,34688827.1010628,1.0,654.15,1445.019214346383,11210.616829524686,2545018854.499502,2300511427.4210157,364.52059687650603,1173276060.2390664,25532973.14841,1147743087.0906563,0.3328056384998466,41.38941709501393,1677229483.2766702,19146068.982402697,0.676585491675001
