Q_solar,Q_design,mode,Q_to_pb,Q_to_storage,Q_from_storage,m_dot_charge,m_dot_discharge,Q_defocus,tank_soc,hour,day_of_year,DNI,T_amb,Q_sg_oil,m_oil_field,T_sg_oil_in,m_steam,m_orc,Q_nuclear_condenser,Q_orc_condenser,T_orc_live,P_turbine,P_pumps,P_net,efficiency,solar_efficiency,ex_nuclear,ex_solar,efficiency_II
0.0,65537266.666666664,shutdown,0.0,0.0,0.0,0.0,0.0,0.0,0.0,23,222,0.0,27.35,0.0,1.0,567.2799234751812,1445.0192141534708,11210.61682941886,2545018854.4754777,2259509895.613119,362.89907080586624,1179588764.863151,25103923.744471643,1154484841.1186795,0.3381619335438429,,1633380620.0090048,0.0,0.7068069909586137
0.0,65537266.666666664,shutdown,0.0,0.0,0.0,0.0,0.0,0.0,0.0,0,223,0.0,26.49,0.0,1.0,567.279923475184,1445.01921434638,11210.616829524635,2545018854.4994907,2259509895.634452,362.89907080586624,1179588764.924609,25103923.827249113,1154484841.09736,0.3381619335375981,,1638476568.9833553,0.0,0.7046086974644359
0.0,65537266.666666664,shutdown,0.0,0.0,0.0,0.0,0.0,0.0,0.0,1,223,0.0,25.36,0.0,1.0,567.279923475184,1445.0192143110876,11210.61682931321,2545018854.4514933,2259509895.591839,362.89907080586624,1179588764.8841846,25103923.744212776,1154484841.1399717,0.3381619335500796,,1645172408.9147692,0.0,0.7017409451338432
0.0,65537266.666666664,shutdown,0.0,0.0,0.0,0.0,0.0,0.0,0.0,2,223,0.0,24.29,0.0,1.0,567.279923475184,1445.0192141986447,11210.616829708228,2545018854.5411696,2259509895.671455,362.89907080586624,1179588764.8880131,25103923.827656988,1154484841.0603561,0.3381619335267593,,1651512717.522391,0.0,0.6990468973150391
0.0,65537266.666666664,shutdown,0.0,0.0,0.0,0.0,0.0,0.0,0.0,3,223,0.0,23.04,0.0,1.0,567.279923475184,1445.0192143463692,11210.616829610619,2545018854.5190105,2259509895.651782,362.89907080586624,1179588764.90733,25103923.827300828,1154484841.0800292,0.3381619335325218,,1658919620.1013885,0.0,0.6959257260514349
0.0,65537266.666666664,shutdown,0.0,0.0,0.0,0.0,0.0,0.0,0.0,4,223,0.0,22.04,0.0,1.0,567.279923475184,1445.0192141603186,11210.616829439874,2545018854.4802485,2259509895.617368,362.89907080586624,1179588764.858222,25103923.74378052,1154484841.1144414,0.3381619335426015,,1664845142.1645865,0.0,0.6934487850403981
0.0,65537266.666666664,shutdown,0.0,0.0,0.0,0.0,0.0,0.0,0.0,5,223,0.0,21.02,0.0,1.0,567.279923475184,1445.0192143042304,11210.616829206077,2545018854.427172,2259509895.570246,362.89907080586624,1179588764.9063792,25103923.744813975,1154484841.1615653,0.3381619335564046,,1670889174.6690485,0.0,0.6909404038662427
74616793.12353167,65537266.666666664,charging,65537266.666666664,9079526.456865005,0.0,64.33770218231409,0.0,0.0,0.00812686764408178,6,223,295.48703842435293,20.83,66360436.238675356,311.7978823688864,665.8100129689396,1445.0192143476281,11210.616829609608,2545018854.518781,2329110836.318938,366.56505180940576,1176348260.4789221,25921830.131134674,1150426430.3477874,0.33054807150695176,21.722368909004715,1672015023.8610563,37059823.95371732,0.6731281733030738
173411329.25441748,65537266.666666664,charging,65537266.666666664,107874062.58775082,0.0,764.3977188611448,0.0,0.0,0.10468236897391058,7,223,582.7343139944613,25.06,67446849.3846508,724.6262265759237,665.815471022059,1445.0192141689301,11210.616829346609,2545018854.4590755,2330092413.3782334,366.6353375211324,1176453096.481969,27008243.193454076,1149444853.288515,0.33016297620389656,21.359472666995757,1646950065.5337286,37238291.8632676,0.68249186514093
214102549.8664209,65537266.666666664,charging,65537266.666666664,148565283.19975424,0.0,1052.7365045464344,0.0,0.0,0.2376596116534602,8,223,712.7758799170493,29.36,67894318.2297801,894.660824509169,665.817668450649,1445.019214197386,11210.616829623137,2545018854.5218525,2330496713.128715,366.6642894952289,1176496265.660435,27455712.12248288,1149040553.5379522,0.33000443107134064,21.213380484050155,1621470320.661977,37046968.90142095,0.6928119234985095
223445875.131732,65537266.666666664,charging,65537266.666666664,157908608.46506533,0.0,1118.9434902485978,0.0,0.0,0.3789998420006515,9,223,771.1695635197646,31.92,67997063.9057262,933.703363193252,665.8181689445679,1445.0192143476293,11210.616829609644,2545018854.5187893,2330589547.3642173,366.67093754788857,1176506177.100646,27558457.798196983,1148947719.302449,0.32996803219979864,21.180106901558336,1606300984.1801906,36841614.48535013,0.6992379847224176
224966777.0974966,65537266.666666664,charging,65537266.666666664,159429510.43082994,0.0,1129.7206313458491,0.0,0.0,0.5217013954338113,10,223,815.5964308468866,33.72,68013788.79714194,940.0586887488679,665.8182502720942,1445.019214342697,11210.616829613773,2545018854.5197268,2330604658.907759,366.6720197230708,1176507790.4485006,27575182.689594664,1148932607.758906,0.3299621074033149,21.1747001569947,1595635044.466434,36666808.80725788,0.703872635722764
219151842.53611672,65537266.666666664,charging,65537266.666666664,153614575.86945006,0.0,1088.515891231145,0.0,0.0,0.6591981395893245,11,223,825.3000262252257,35.1,67949843.74919483,915.7600797299739,665.8179391134528,1445.0192143042425,11210.616829206132,2545018854.4271846,2330546882.213586,366.6678822056662,1176501622.012249,27511237.55916649,1148990384.4530826,0.32998476026751306,21.195386377694977,1587457824.0192208,36491485.38237367,0.7075284787531155
216226389.28255615,65537266.666666664,charging,65537266.666666664,150689122.6158895,0.0,1067.786072218001,0.0,0.0,0.7940763802905456,12,223,817.8287812436515,36.01,67917673.43900493,903.5356180338147,665.8177823509014,1445.0192141639989,11210.616829436747,2545018854.4795384,2330517815.2945223,366.6658006621641,1176498518.6200771,27479067.24793013,1149019451.372147,0.3299961570421878,21.205808197215553,1582065598.9417107,36381375.55542478,0.7099518671157927
232185456.73250136,65537266.666666664,charging,65537266.666666664,166648190.06583467,0.0,1180.8723365270498,0.0,2.9802322387695312e-08,0.9432392017465941,13,223,845.4780312646234,36.5,68093170.39817621,970.2230650169236,665.8186357351425,1445.0192143061374,11210.616829231161,2545018854.4328666,2330676383.0861096,366.67715609942627,1176515447.787966,27654564.207407072,1148860883.580559,0.32993398721987305,21.149074261879182,1579162093.1307435,36425312.0924157,0.7111103242488253
250447810.71138638,65537266.666666664,charging,65537266.666666664,63414490.308560364,0.0,449.35631950613083,0.0,121496053.73615935,1.0000000000000002,14,223,858.2632849960625,36.6,66957941.13434524,538.8449847483882,665.8130366303906,1445.0192143042368,11210.616829292168,2545018854.4467163,2329650679.0484104,366.6037062747963,1176405922.5626416,26519334.944452114,1149886587.6181896,0.33033624854527094,21.521326251832186,1578569540.9244237,35807721.59024092,0.7122787308259331
252519431.10413295,65537266.666666664,charging,65537266.666666664,0.0,0.0,0.0,0.0,186982164.4374663,1.0000000000000002,15,223,818.1172209769102,36.46,66260591.47713762,273.85766805981024,665.8082588345135,1445.0192141603252,11210.616829439967,2545018854.4802694,2329020628.082128,366.55859283263214,1176338623.8706274,25821985.286087707,1150516638.5845397,0.33058347452545855,21.756317238878154,1579399114.0132716,35448504.88159486,0.712461426776543
227435729.8282187,65537266.666666664,charging,65537266.666666664,0.0,0.0,0.0,0.0,161898463.16155204,1.0000000000000002,16,223,725.5211752845889,35.9,66260591.47713728,273.8576680598103,665.8082588345135,1445.01921430246,11210.616829234326,2545018854.433585,2329020628.040504,366.5585928327109,1176338623.912541,25821985.28637791,1150516638.626163,0.33058347453741843,21.756317239427638,1582717406.3686626,35504235.53788325,0.7109759311281085
204645567.79672608,65537266.666666664,charging,65537266.666666664,0.0,0.0,0.0,0.0,139108301.13005942,1.0000000000000002,17,223,658.5077342976938,35.12,66260591.47713728,273.8576680598103,665.8082588345135,1445.0192141534778,11210.616829418906,2545018854.475488,2329020628.077861,366.5585928326401,1176338623.8755717,25821985.286766466,1150516638.5888052,0.33058347452668424,21.756317238934624,1587339313.577957,35581860.380570896,0.7089171409246803
131275595.24071562,65537266.666666664,charging,65537266.666666664,0.0,0.0,0.0,0.0,65738328.57404896,1.0000000000000002,18,223,459.082031740249,34.05,66260591.47713728,273.8576680598103,665.8082588345135,1445.0192143024633,11210.616829234337,2545018854.433588,2329020628.040505,366.55859283271076,1176338623.9125428,25821985.28638144,1150516638.6261613,0.330583474537418,21.756317239427627,1593679622.1855786,35688345.7416937,0.7061122234345503
0.0,65537266.666666664,discharging,65537266.666666664,0.0,65537266.666666664,0.0,464.39835432769763,0.0,0.9413391552428173,19,223,0.0,32.53,66365809.57937197,1.0,654.1499999999965,1445.0192143061454,11210.616829317225,2545018854.452405,2329115690.9987607,366.5653994143478,1176348779.0565841,25927203.38868157,1150421575.6679025,0.3305461662970823,21.72054481049181,1602686415.7216399,35353502.50573056,0.7023159587666511
0.0,65537266.666666664,discharging,65537266.666666664,0.0,65537266.666666664,0.0,464.39835432769763,0.0,0.8826783104856345,20,223,0.0,30.58,66365809.579374716,1.0,654.15,1445.0192141584077,11210.616829414792,2545018854.4745545,2329115691.0185113,366.56539941431066,1176348779.0371802,25927203.389025144,1150421575.648155,0.33054616629140804,21.72054481023071,1614241183.7448757,35551336.8383467,0.6973128810412272
0.0,65537266.666666664,discharging,65537266.666666664,0.0,65537266.666666664,0.0,464.39835432769763,0.0,0.8240174657284517,21,223,0.0,29.88,66365809.579374716,1.0,654.15,1445.0192142054716,11210.616829643051,2545018854.5263734,2329115691.0647154,366.5653994142232,1176348779.0733252,25927203.471373085,1150421575.601952,0.3305461662781327,21.720544809621828,1618389049.1891143,35622354.2910801,0.6955342467297129
0.0,65537266.666666664,discharging,65537266.666666664,0.0,65537266.666666664,0.0,464.39835432769763,0.0,0.7653566209712689,22,223,0.0,28.58,66365809.579374716,1.0,654.15,1445.0192143463823,11210.6168296107,2545018854.519029,2329115691.058166,366.56539941423557,1176348779.080345,25927203.471843656,1150421575.6085012,0.3305461662800145,21.72054480970816,1626092227.8712716,35754243.84615645,0.6922550278784797
0.0,65537266.666666664,discharging,65537266.666666664,0.0,65537266.666666664,0.0,464.39835432769763,0.0,0.7066957762140861,23,223,0.0,27.37,66365809.579374716,1.0,654.15,1445.0192143395416,11210.616829503677,2545018854.494733,2329115691.0365014,366.5653994142766,1176348779.1026402,25927203.472475763,1150421575.6301644,0.3305461662862389,21.720544809993644,1633262109.5677412,35877002.585881345,0.689230494482765
0.0,65537266.666666664,discharging,65537266.666666664,0.0,65537266.666666664,0.0,464.39835432769763,0.0,0.6480349314569033,0,224,0.0,26.4,66365809.579374716,1.0,654.15,1445.0192143061395,11210.616829317196,2545018854.4523983,2329115690.9987574,366.565399414348,1176348779.056582,25927203.38867252,1150421575.6679094,0.330546166297084,21.72054481049101,1639009865.9690435,35975412.484669074,0.6868248876371845
0.0,65537266.666666664,discharging,65537266.666666664,0.0,65537266.666666664,0.0,464.39835432769763,0.0,0.5893740866997204,1,224,0.0,25.51,66365809.579374716,1.0,654.15,1445.0192141603204,11210.616829439892,2545018854.4802527,2329115691.023593,366.565399414301,1176348779.031378,25927203.388305463,1150421575.6430726,0.33054616628994776,21.720544810163712,1644283580.6052895,36065706.103144415,0.6846324063353432
0.0,65537266.666666664,discharging,65537266.666666664,0.0,65537266.666666664,0.0,464.39835432769763,0.0,0.5307132419425376,2,224,0.0,24.82,66365809.579374716,1.0,654.15,1445.0192143395411,11210.616829503679,2545018854.4947333,2329115691.036502,366.5653994142766,1176348779.10264,25927203.472475324,1150421575.6301646,0.33054616628623895,21.720544809993648,1648372190.828896,36135709.02083878,0.6829422264702867
0.0,65537266.666666664,discharging,65537266.666666664,0.0,65537266.666666664,0.0,464.39835432769763,0.0,0.47205239718535463,3,224,0.0,24.16,66365809.579374716,1.0,654.15,1445.0192143061345,11210.616829317196,2545018854.4523983,2329115690.9987574,366.565399414348,1176348779.0565815,25927203.38867362,1150421575.667908,0.3305461662970836,21.72054481049099,1652283035.3906069,36202668.33341599,0.6813333231845594
0.0,65537266.666666664,discharging,65537266.666666664,0.0,65537266.666666664,0.0,464.39835432769763,0.0,0.41339155242817177,4,224,0.0,23.78,66365809.579374716,1.0,654.15,1445.0192142054789,11210.616829643108,2545018854.5263863,2329115691.0647273,366.5653994142232,1176348779.073329,25927203.471390303,1150421575.6019387,0.3305461662781289,21.72054480962165,1654534733.7746222,36241220.664899856,0.6804104190039145
0.0,65537266.666666664,discharging,65537266.666666664,0.0,65537266.666666664,0.0,464.39835432769763,0.0,0.35473070767098885,5,224,0.0,23.32,66365809.579374716,1.0,654.15,1445.0192143358447,11210.616829592753,2545018854.5149546,2329115691.0545354,366.5653994142424,1176348779.084645,25927203.472515173,1150421575.61213,0.3305461662810571,21.720544809755935,1657260473.923693,36287889.27669609,0.679296558994109
86630450.47318651,65537266.666666664,charging,65537266.666666664,21093183.806519844,0.0,149.4667132991935,0.0,0.0,0.37361071356141334,6,224,331.38675910712817,22.73,66492546.73573425,361.998819240113,665.8106861747946,1445.0192142005496,11210.616829733266,2545018854.5468535,2329230196.6067634,366.5735981922403,1176361010.6877003,26053940.62779725,1150307070.059903,0.3305012306774645,21.677606553665346,1660756531.9409797,36943885.02650463,0.6775677608153257
178781173.3308209,65537266.666666664,charging,65537266.666666664,113243906.66415423,0.0,802.4485390877753,0.0,0.0,0.47497263428829023,7,224,598.8100526674673,24.17,67505899.90927145,747.0649557357497,665.8157626701325,1445.0192143426862,11210.616829527671,2545018854.5001802,2330145766.745527,366.63915809122454,1176458793.722778,27067293.80163786,1149391499.9211402,0.33014205144707454,21.340082595355106,1652223780.1699748,37361143.22683111,0.6802803955011386
220477638.19004697,65537266.666666664,charging,65537266.666666664,154940371.5233803,0.0,1097.9105051840208,0.0,0.0,0.6136560665220613,8,224,732.7396056931765,28.69,67964423.11647007,921.30012319801,665.8180101084769,1445.0192143005609,11210.616829295273,2545018854.4474216,2330560055.1945086,366.6688255499072,1176503028.3986616,27525816.926504668,1148977211.472157,0.3299795953813295,21.19066652748368,1625440420.4443197,37153629.23281849,0.6910750171969391
221377451.8697555,65537266.666666664,charging,65537266.666666664,155840185.20308885,0.0,1104.2866025300325,0.0,0.0,0.7531449005258549,9,224,766.0042253849584,30.95,67974318.09091476,925.0601346929453,665.8180582753034,1445.019214204236,11210.616829644185,2545018854.526631,2330568995.720652,366.66946579582157,1176503982.9289494,27535711.98293743,1148968270.946012,0.3299760899948178,21.187464331297978,1612048740.5814924,36928314.044415765,0.6967763849246953
222859110.42379528,65537266.666666664,charging,65537266.666666664,157321843.75712863,0.0,1114.78566404371,0.0,0.0,0.8939599317734814,10,224,811.274459186228,32.45,67990611.43459618,931.2514755453793,665.8181375577093,1445.0192142042397,11210.616829730243,2545018854.546168,2330583717.3504753,366.6705200447642,1176505554.6428802,27552005.326690957,1148953549.3161893,0.3299703179965828,21.18219353689143,1603160457.4866955,36783995.57004761,0.7006051620679098
216645818.5925656,65537266.666666664,charging,65537266.666666664,118470442.37906148,0.0,839.4838734599421,0.0,32638109.546837464,1.0000000000000004,11,224,820.2450952299513,33.79,67563374.51597117,768.9048486045778,665.8160460468747,1445.0192143395295,11210.616829589642,2545018854.514249,2330197696.3170304,366.6428767276075,1176464338.758754,27124768.409118228,1149339570.3496358,0.3301216857812977,21.321242545025797,1595220257.92201,36416780.352224916,0.7044088503686335
218237615.91327867,65537266.666666664,charging,65537266.666666664,0.0,0.0,0.0,0.0,152700349.246612,1.0000000000000004,12,224,829.3091745931756,34.72,66260591.47713665,273.85766805981024,665.8082588345135,1445.019214346386,11210.616829524675,2545018854.4995003,2329020628.0992746,366.55859283259963,1176338623.9369338,25821985.36954106,1150516638.5673926,0.3305834745205317,21.756317238652134,1589709522.4032362,35621667.99220525,0.707865969327441
229540023.64547616,65537266.666666664,charging,65537266.666666664,0.0,0.0,0.0,0.0,164002756.9788095,1.0000000000000004,13,224,840.8486964524756,35.13,66260591.47713728,273.8576680598103,665.8082588345135,1445.019214311079,11210.616829313109,2545018854.4514704,2329020628.056451,366.5585928326806,1176338623.8966827,25821985.286466315,1150516638.6102164,0.33058347453283643,21.756317239217154,1587280058.357325,35580865.19028003,0.7089434602289671
242675248.11033934,65537266.666666664,charging,65537266.666666664,0.0,0.0,0.0,0.0,177137981.4436727,1.0000000000000004,14,224,836.65864838493,35.39,66260591.47713728,273.8576680598103,665.8082588345135,1445.0192141973853,11210.61682962311,2545018854.5218463,2329020628.1191998,366.55859283256217,1176338623.917299,25821985.369833067,1150516638.547466,0.3305834745148061,21.75631723838892,1585739422.6208935,35554990.24271748,0.7096284483676016
254511406.69166324,65537266.666666664,charging,65537266.666666664,0.0,0.0,0.0,0.0,188974140.02499658,1.0000000000000004,15,224,826.7394655120816,35.31,66260591.47713728,273.8576680598103,665.8082588345135,1445.0192143476243,11210.616829609604,2545018854.51878,2329020628.1164646,366.5585928325671,1176338623.9197972,25821985.369594455,1150516638.5502028,0.33058347451559245,21.756317238425062,1586213464.3859494,35562951.76504441,0.7094175418340065
234344725.74789625,65537266.666666664,charging,65537266.666666664,0.0,0.0,0.0,0.0,168807459.0812296,1.0000000000000004,16,224,747.0282654231308,34.82,66260591.47713728,273.8576680598103,665.8082588345135,1445.0192143426968,11210.616829613795,2545018854.5197315,2329020628.1173105,366.55859283256564,1176338623.9189506,25821985.369594816,1150516638.5493557,0.33058347451534903,21.75631723841392,1589116970.1969163,35611716.08929692,0.7081284698549848
198434936.5574374,65537266.666666664,charging,65537266.666666664,0.0,0.0,0.0,0.0,132897669.89077073,1.0000000000000004,17,224,640.3901844724843,33.99,66260591.47713728,273.8576680598103,665.8082588345135,1445.019214197392,11210.616829623197,2545018854.521866,2329020628.119218,366.5585928325621,1176338623.9173048,25821985.369856253,1150516638.5474484,0.330583474514801,21.756317238388668,1594035153.5093706,35694316.8834389,0.7059555953603407
125339522.99107027,65537266.666666664,charging,65537266.666666664,0.0,0.0,0.0,0.0,59802256.32440361,1.0000000000000004,18,224,440.65228945622806,32.82,66260591.47713728,273.8576680598103,665.8082588345135,1445.0192143513102,11210.616829606546,2545018854.5180864,2329020628.1158442,366.5585928325685,1176338623.9204397,25821985.369616486,1150516638.5508232,0.3305834745157707,21.756317238433287,1600968014.3233123,35810754.14747038,0.7029151774895841
0.0,65537266.666666664,discharging,65537266.666666664,0.0,65537266.666666664,0.0,464.39835432769763,0.0,0.9413391552428175,19,224,0.0,31.04,66365809.57937197,1.0,654.1499999999965,1445.0192141689324,11210.616829346582,2545018854.4590693,2329115691.0047054,366.5653994143365,1176348779.050211,25927203.38825267,1150421575.6619582,0.33054616629537437,21.72054481041345,1611515443.5958045,35504668.22654881,0.6984866592728298
0.0,65537266.666666664,discharging,65537266.666666664,0.0,65537266.666666664,0.0,464.39835432769763,0.0,0.8826783104856347,20,224,0.0,29.59,66365809.579374716,1.0,654.15,1445.0192143042436,11210.616829292212,2545018854.4467263,2329115690.993702,366.5653994143576,1176348779.0623925,25927203.389426414,1150421575.672966,0.3305461662985369,21.720544810557627,1620107450.587442,35651775.80721252,0.6948000393619791
0.0,65537266.666666664,discharging,65537266.666666664,0.0,65537266.666666664,0.0,464.39835432769763,0.0,0.8240174657284519,21,224,0.0,27.89,66365809.579374716,1.0,654.15,1445.0192143073962,11210.616829316208,2545018854.4521737,2329115690.998558,366.56539941434835,1176348779.056802,25927203.38869405,1150421575.668108,0.33054616629714106,21.720544810493617,1630180838.0948784,35824246.763850816,0.6905270494811601
0.0,65537266.666666664,discharging,65537266.666666664,0.0,65537266.666666664,0.0,464.39835432769763,0.0,0.7653566209712691,22,224,0.0,27.87,66365809.579374716,1.0,654.15,1445.0192142054846,11210.616829643148,2545018854.5263953,2329115691.064733,366.56539941422307,1176348779.0733356,25927203.47140178,1150421575.601934,0.33054616627812755,21.720544809621625,1630299348.536142,35826275.8339289,0.6904770917480401
0.0,65537266.666666664,discharging,65537266.666666664,0.0,65537266.666666664,0.0,464.39835432769763,0.0,0.7066957762140863,23,224,0.0,27.04,66365809.579374716,1.0,654.15,1445.0192141534687,11210.616829418876,2545018854.4754815,2329115691.019338,366.565399414309,1176348779.0363238,25927203.38899482,1150421575.6473289,0.3305461662911707,21.72054481021982,1635217531.8485966,35910482.242169954,0.6884102031365051
0.0,65537266.666666664,discharging,65537266.666666664,0.0,65537266.666666664,0.0,464.39835432769763,0.0,0.6480349314569035,0,225,0.0,25.5,66365809.579374716,1.0,654.15,1445.0192143073973,11210.616829230215,2545018854.432652,2329115690.981153,366.5653994143813,1176348779.0741532,25927203.38863769,1150421575.6855154,0.3305461663021427,21.720544810723005,1644342835.8259215,36066720.63818347,0.6846078512587235
0.0,65537266.666666664,discharging,65537266.666666664,0.0,65537266.666666664,0.0,464.39835432769763,0.0,0.5893740866997207,1,225,0.0,24.58,66365809.579374716,1.0,654.15,1445.0192143073898,11210.616829316188,2545018854.4521694,2329115690.9985538,366.56539941434835,1176348779.0568001,25927203.388687216,1150421575.668113,0.3305461662971425,21.72054481049368,1649794316.1240637,36160057.86177595,0.6823562923285701
0.0,65537266.666666664,discharging,65537266.666666664,0.0,65537266.666666664,0.0,464.39835432769763,0.0,0.5307132419425378,2,225,0.0,24.08,66365809.579374716,1.0,654.15,1445.0192143042389,11210.616829292143,2545018854.4467106,2329115690.9936876,366.56539941435767,1176348779.0623891,25927203.389408313,1150421575.6729808,0.33054616629854117,21.72054481055783,1652757077.1556628,36210784.61372839,0.681138819579302
0.0,65537266.666666664,discharging,65537266.666666664,0.0,65537266.666666664,0.0,464.39835432769763,0.0,0.4720523971853549,3,225,0.0,23.42,66365809.579374716,1.0,654.15,1445.019214204252,11210.61682964427,2545018854.52665,2329115691.0649595,366.5653994142228,1176348779.0731282,25927203.471419096,1150421575.6017091,0.33054616627806294,21.720544809618673,1656667921.7173731,36277743.9263056,0.6795383921339878
0.0,65537266.666666664,discharging,65537266.666666664,0.0,65537266.666666664,0.0,464.39835432769763,0.0,0.413391552428172,4,225,0.0,22.77,66365809.579374716,1.0,654.15,1445.0192143073837,11210.616829316139,2545018854.4521585,2329115690.998544,366.56539941434835,1176348779.0567966,25927203.38867441,1150421575.668122,0.3305461662971451,21.720544810493802,1660519511.0584524,36343688.70384378,0.6779695474739967
0.0,65537266.666666664,discharging,65537266.666666664,0.0,65537266.666666664,0.0,464.39835432769763,0.0,0.35473070767098913,5,225,0.0,22.47,66365809.579374716,1.0,654.15,1445.0192143395402,11210.616829503691,2545018854.494736,2329115691.0365047,366.5653994142766,1176348779.1026409,25927203.47247952,1150421575.6301613,0.33054616628623795,21.7205448099936,1662297167.6774113,36374124.75501523,0.6772479059105105
91265818.68633026,65537266.666666664,charging,65537266.666666664,25728552.019663595,0.0,182.31302318324234,0.0,0.0,0.3777597211257145,6,225,345.21605224599637,22.02,66543520.45513255,381.3684267018744,665.8109452133506,1445.0192141652358,11210.61682943567,2545018854.4792943,2329276250.8376355,366.5768957813991,1176365930.0930824,26104914.264053255,1150261015.829029,0.33048315846905874,21.66038289257865,1664963652.6058505,37043177.94206744,0.6758263217185396
177267730.14750463,65537266.666666664,charging,65537266.666666664,111730463.48083796,0.0,791.72425106894,0.0,1.4901161193847656e-08,0.477766994944949,7,225,593.9030859316871,23.4,67489257.03979315,740.7407978633737,665.8156805231735,1445.0192143073928,11210.616829316235,2545018854.4521804,2330130729.5264063,366.6380812943393,1176457187.9893794,27050650.849120453,1149406537.140259,0.3301479488457664,21.34554408279849,1656786432.1586375,37429978.23244449,0.6784295855539124
216782158.79366344,65537266.666666664,charging,65537266.666666664,151244892.1269968,0.0,1071.7242658515022,0.0,0.0,0.6131426916840862,8,225,722.1782114733606,26.76,67923785.06548108,905.8579874280817,665.8178121436024,1445.019214202326,11210.616829619032,2545018854.5209208,2330523337.3906894,366.66619610727895,1176499108.234187,27485178.958209384,1149013929.2759776,0.32999399188583023,21.2038275286908,1636876678.026292,37328294.81657371,0.6863042147849476
222353768.58314177,65537266.666666664,charging,65537266.666666664,156816501.91647512,0.0,1111.2048018700398,0.0,0.0,0.7535054034992492,9,225,771.0964141880625,28.89,67985054.34570907,929.1398260199534,665.8181105215134,1445.0192143426812,11210.616829613668,2545018854.519703,2330578696.299575,366.67016047715657,1176505018.6052215,27546448.238131512,1148958570.36709,0.32997228662228933,21.18399093662644,1624255316.0316806,37144490.69913869,0.6915605537645549
214477952.63811052,65537266.666666664,charging,65537266.666666664,148940685.97144386,0.0,1055.3966159341953,0.0,0.0,0.8868186602488317,10,225,785.9009285320927,30.53,67898446.41866927,896.2295034130434,665.8176885889598,1445.0192143061563,11210.616829231274,2545018854.4328923,2330500443.0033097,366.66455660386373,1176496663.89129,27459840.22793049,1149036823.6633594,0.3300029685946783,21.212041653841535,1614537459.848036,36929908.691593654,0.6957671980400298
212774287.953587,65537266.666666664,charging,65537266.666666664,126448837.81791602,0.0,896.0189396967548,0.0,20788183.469004318,1.0000000000000009,11,225,810.7638136376465,31.88,67651110.47817817,802.243815590441,665.8164777008636,1445.0192141936905,11210.616829712208,2545018854.5420732,2330276967.8880305,366.6485533426918,1176472803.1495562,27212504.370915283,1149260298.778641,0.33009059848641725,21.292544614300336,1606538005.0627182,36658158.33554616,0.6994054175503164
223548133.70686993,65537266.666666664,charging,65537266.666666664,0.0,0.0,0.0,0.0,158010867.04020327,1.0000000000000009,12,225,852.7811701387106,33.13,66260591.477137506,273.8576680598103,665.8082588345135,1445.0192142005371,11210.61682973321,2545018854.546841,2329020628.1414847,366.55859283252,1176338623.8943667,25821985.369184226,1150516638.5251825,0.3305834745084032,21.75631723809474,1599131102.4837208,35779903.24845361,0.7037182051447125
234982965.68408406,65537266.666666664,charging,65537266.666666664,0.0,0.0,0.0,0.0,169445699.0174174,1.0000000000000009,13,225,863.9078800341658,34.05,66260591.47713728,273.8576680598103,665.8082588345135,1445.0192143513098,11210.616829520497,2545018854.4985514,2329020628.0984254,366.55859283260133,1176338623.9377868,25821985.369544014,1150516638.5682428,0.33058347452077597,21.756317238663218,1593679622.1855786,35688345.7416937,0.7061122233990037
238628269.7973373,65537266.666666664,charging,65537266.666666664,0.0,0.0,0.0,0.0,173091003.13067064,1.0000000000000009,14,225,827.0649594808425,34.53,66260591.47713728,273.8576680598103,665.8082588345135,1445.0192143042416,11210.616829292176,2545018854.446718,2329020628.0522118,366.55859283268865,1176338623.9016361,25821985.287181053,1150516638.614455,0.33058347453405434,21.756317239273134,1590835371.595244,35640576.60773208,0.7073677541224092
245629919.26323166,65537266.666666664,charging,65537266.666666664,0.0,0.0,0.0,0.0,180092652.596565,1.0000000000000009,15,225,801.8530411916443,34.41,66260591.47713728,273.8576680598103,665.8082588345135,1445.019214306144,11210.616829231181,2545018854.4328713,2329020628.039868,366.55859283271195,1176338623.9131756,25821985.286376096,1150516638.6267996,0.33058347453760134,21.75631723943604,1591546434.2428277,35652518.89122248,0.7070534530586187
207908559.12581715,65537266.666666664,charging,65537266.666666664,0.0,0.0,0.0,0.0,142371292.4591505,1.0000000000000009,16,225,668.8210770893037,33.88,66260591.47713728,273.8576680598103,665.8082588345135,1445.0192142054827,11210.616829729137,2545018854.5459166,2329020628.140659,366.5585928325216,1176338623.8952262,25821985.36921831,1150516638.526008,0.3305834745086404,21.756317238105737,1594686960.9363222,35705263.976638444,0.7056686243627227
200142476.348082,65537266.666666664,charging,65537266.666666664,0.0,0.0,0.0,0.0,134605209.68141535,1.0000000000000009,17,225,645.8913573843188,32.82,66260591.47713728,273.8576680598103,665.8082588345135,1445.019214304231,11210.616829292103,2545018854.4467015,2329020628.0521965,366.55859283268865,1176338623.9016309,25821985.287159204,1150516638.6144717,0.3305834745340591,21.756317239273358,1600968014.3233123,35810754.14747038,0.7029151775284705
126480858.35141088,65537266.666666664,charging,65537266.666666664,0.0,0.0,0.0,0.0,60943591.68474422,1.0000000000000009,18,225,443.9610315149826,31.46,66260591.47713728,273.8576680598103,665.8082588345135,1445.0192143426827,11210.616829527653,2545018854.500176,2329020628.0998745,366.5585928325986,1176338623.9362895,25821985.369497832,1150516638.5667918,0.330583474520359,21.756317238644055,1609026724.3292618,35946100.02702834,0.6994137663137452
0.0,65537266.666666664,discharging,65537266.666666664,0.0,65537266.666666664,0.0,464.39835432769763,0.0,0.941339155242818,19,225,0.0,29.6,66365809.57937197,1.0,654.1499999999965,1445.0192142042351,11210.616829730221,2545018854.5461626,2329115691.082355,366.5653994141897,1176348779.0557709,25927203.471461114,1150421575.5843098,0.33054616627306393,21.720544809390272,1620048195.3668098,35650761.27217182,0.6948253310007699
0.0,65537266.666666664,discharging,65537266.666666664,0.0,65537266.666666664,0.0,464.39835432769763,0.0,0.8826783104856352,20,225,0.0,28.27,66365809.579374716,1.0,654.15,1445.0192143444672,11210.616829499524,2545018854.49379,2329115691.035664,366.5653994142781,1176348779.1034887,25927203.47248622,1150421575.6310024,0.33054616628647965,21.720544810004636,1627929139.710863,35785694.43236696,0.6914776210572406
0.0,65537266.666666664,discharging,65537266.666666664,0.0,65537266.666666664,0.0,464.39835432769763,0.0,0.8240174657284524,21,225,0.0,26.65,66365809.579374716,1.0,654.15,1445.0192141603204,11210.616829439885,2545018854.480251,2329115691.0235915,366.565399414301,1176348779.0313778,25927203.388302375,1150421575.6430755,0.33054616628994854,21.72054481016375,1637528485.453244,35950049.108692855,0.6874432816936126
0.0,65537266.666666664,discharging,65537266.666666664,0.0,65537266.666666664,0.0,464.39835432769763,0.0,0.7653566209712696,22,225,0.0,26.53,66365809.579374716,1.0,654.15,1445.0192143024603,11210.616829320361,2545018854.453117,2329115690.999399,366.5653994143468,1176348779.0559492,25927203.388681173,1150421575.667268,0.3305461662968997,21.720544810482547,1638239548.1008277,35962223.52916144,0.6871463136412925
0.0,65537266.666666664,discharging,65537266.666666664,0.0,65537266.666666664,0.0,464.39835432769763,0.0,0.7066957762140867,23,225,0.0,25.79,66365809.579374716,1.0,654.15,1445.0192143042293,11210.616829206028,2545018854.427161,2329115690.9762564,366.5653994143905,1176348779.07973,25927203.389319714,1150421575.6904104,0.3305461663035491,21.720544810787505,1642624434.427594,36037299.12205105,0.6853206650858511
0.0,65537266.666666664,discharging,65537266.666666664,0.0,65537266.666666664,0.0,464.39835432769763,0.0,0.6480349314569038,0,226,0.0,25.02,66365809.579374716,1.0,654.15,1445.0192142005446,11210.616829733266,2545018854.546854,2329115691.082975,366.5653994141887,1176348779.055129,25927203.47143797,1150421575.5836911,0.3305461662728859,21.72054480938121,1647187086.4162567,36115418.32005781,0.6834312741451674
0.0,65537266.666666664,discharging,65537266.666666664,0.0,65537266.666666664,0.0,464.39835432769763,0.0,0.589374086699721,1,226,0.0,24.26,66365809.579374716,1.0,654.15,1445.0192142054814,11210.616829643113,2545018854.5263877,2329115691.0647283,366.5653994142232,1176348779.0733306,25927203.47139229,1150421575.6019382,0.3305461662781288,21.720544809621646,1651690483.184287,36192522.983025506,0.6815766089227999
0.0,65537266.666666664,discharging,65537266.666666664,0.0,65537266.666666664,0.0,464.39835432769763,0.0,0.5307132419425382,2,226,0.0,23.55,66365809.579374716,1.0,654.15,1445.0192142993005,11210.616829296263,2545018854.447646,2329115690.9945207,366.565399414356,1176348779.0615327,25927203.38938792,1150421575.672145,0.33054616629830097,21.72054481054682,1655897603.8491573,36264554.97079796,0.6798530328053204
0.0,65537266.666666664,discharging,65537266.666666664,0.0,65537266.666666664,0.0,464.39835432769763,0.0,0.4720523971853553,3,226,0.0,22.88,66365809.579374716,1.0,654.15,1445.019214351313,11210.616829606533,2545018854.518083,2329115691.057324,366.5653994142373,1176348779.081195,25927203.47185036,1150421575.6093447,0.33054616628025685,21.72054480971925,1659867703.6315002,36332528.81841423,0.6782345348153432
0.0,65537266.666666664,discharging,65537266.666666664,0.0,65537266.666666664,0.0,464.39835432769763,0.0,0.41339155242817244,4,226,0.0,22.43,66365809.579374716,1.0,654.15,1445.0192143024658,11210.61682923433,2545018854.433586,2329115690.9819846,366.5653994143797,1176348779.0732992,25927203.388616424,1150421575.6846828,0.3305461663019034,21.720544810712042,1662534188.5599391,36378182.89517143,0.6771518031264627
0.0,65537266.666666664,discharging,65537266.666666664,0.0,65537266.666666664,0.0,464.39835432769763,0.0,0.3547307076709895,5,226,0.0,22.02,66365809.579374716,1.0,654.15,1445.0192141973873,11210.61682970917,2545018854.5413837,2329115691.0780997,366.56539941419794,1176348779.0607097,25927203.472142298,1150421575.5885675,0.330546166274287,21.72054480944543,1664963652.6058505,36419778.83177243,0.6761683194578264
68319115.99183398,65537266.666666664,charging,65537266.666666664,2781849.3251673207,0.0,19.712238765862274,0.0,0.0,0.3572206746729932,6,226,273.9574830006258,21.28,66291182.61906804,285.482058392701,665.8096589995141,1445.019214311082,11210.61682922711,2545018854.431947,2329048266.6318407,366.560571770623,1176341576.4631667,25852576.42834027,1150489000.0348265,0.3305726273078778,21.745905045774144,1669348538.9326172,36976328.68940097,0.6742496823821011
166566421.51986408,65537266.666666664,charging,65537266.666666664,101029154.85319743,0.0,715.8945686821902,0.0,0.0,0.4476494622960067,7,226,561.1851679736993,22.34,67371578.03823467,696.0237143624754,665.8150985213173,1445.0192143061463,11210.616829317281,2545018854.452418,2330024404.3581,366.6304675060079,1176445834.1561222,26932971.847555466,1149512862.3085668,0.330189649838045,21.384238347154316,1663067485.545627,37471944.28296232,0.6759695436314789
215728876.29290324,65537266.666666664,charging,65537266.666666664,150191609.6262366,0.0,1064.2606854357512,0.0,0.0,0.5820823909826279,8,226,719.2907003342848,26.12,67912202.4415845,901.4566825806658,665.8177556765767,1445.019214193712,11210.616829712364,2545018854.542109,2330512872.12181,366.66544666824143,1176497990.8792264,27473596.334368955,1149024394.5448575,0.32999809522455487,21.207581550580695,1640669012.1467385,37387205.69673126,0.6847353398097173
224926105.24906868,65537266.666666664,charging,65537266.666666664,159388838.58240202,0.0,1129.4324298318393,0.0,0.0,0.7247475400140181,9,226,780.6413912480513,28.63,68013341.54132888,939.8887351006294,665.818248097758,1445.0192143513204,11210.616829520584,2545018854.4985714,2330604254.777021,366.6719907836278,1176507747.3234076,27574735.43375975,1148933011.889648,0.3299622658484897,21.174844709400908,1625795951.7681117,37186511.142819494,0.6908870282844255
220930669.0464534,65537266.666666664,charging,65537266.666666664,155393402.37978673,0.0,1101.12069069946,0.0,0.0,0.8638364693655288,10,226,810.0381367570728,30.73,67969404.95754597,923.1931831348186,665.8180343608651,1445.0192142042374,11210.6168297302,2545018854.546158,2330564556.5498376,366.6691478954968,1176503508.9664588,27530798.849625014,1148972710.1168337,0.32997783050045,21.189054194648058,1613352355.435396,36948102.27035477,0.6962203183983459
219059927.64658085,65537266.666666664,charging,65537266.666666664,152125078.56654328,0.0,1077.9612841895716,0.0,1397582.4133709073,1.000000000000001,11,226,836.1417860197088,32.43,67933464.205204,909.5359834454869,665.8178593161417,1445.019214304249,11210.616829206208,2545018854.427202,2330532082.7364583,366.66682238477466,1176500041.9454076,27494858.01519706,1149005183.9302106,0.32999056292779727,21.20069142400867,1603278967.9279594,36755105.58750663,0.7005983610250737
215954641.86316925,65537266.666666664,charging,65537266.666666664,0.0,0.0,0.0,0.0,150417375.1965026,1.000000000000001,12,226,829.6831732105509,33.45,66260591.47713749,273.85766805981024,665.8082588345135,1445.019214307399,11210.616829316234,2545018854.45218,2329020628.057085,366.55859283267944,1176338623.8960447,25821985.286464147,1150516638.6095805,0.3305834745326537,21.756317239208663,1597234935.4234974,35748057.159145854,0.704549063790298
231844327.29299992,65537266.666666664,charging,65537266.666666664,0.0,0.0,0.0,0.0,166307060.62633327,1.000000000000001,13,226,857.1960895966633,34.16,66260591.47713728,273.8576680598103,665.8082588345135,1445.0192141652503,11210.616829435774,2545018854.4793177,2329020628.081279,366.5585928326338,1176338623.871474,25821985.286086462,1150516638.5853875,0.3305834745257022,21.75631723888946,1593027814.7586272,35677398.64849417,0.7063995553735586
249417846.9452652,65537266.666666664,charging,65537266.666666664,0.0,0.0,0.0,0.0,183880580.27859855,1.000000000000001,14,226,865.7588440777492,34.41,66260591.47713728,273.8576680598103,665.8082588345135,1445.0192141620935,11210.616829325665,2545018854.454321,2329020628.058993,366.5585928326759,1176338623.8944075,25821985.286732435,1150516638.607675,0.33058347453210624,21.756317239183613,1591546434.2428277,35652518.89122248,0.7070534530468656
248197399.33529735,65537266.666666664,charging,65537266.666666664,0.0,0.0,0.0,0.0,182660132.6686307,1.000000000000001,15,226,812.0476342772633,34.26,66260591.47713728,273.8576680598103,665.8082588345135,1445.019214342687,11210.616829613715,2545018854.5197134,2329020628.117294,366.55859283256564,1176338623.9189441,25821985.369571853,1150516638.5493722,0.33058347451535375,21.756317238414155,1592435262.5523074,35667446.74558549,0.7066609692244318
228817885.22712928,65537266.666666664,charging,65537266.666666664,0.0,0.0,0.0,0.0,163280618.56046262,1.000000000000001,16,226,731.8162020293619,33.87,66260591.47713728,273.8576680598103,665.8082588345135,1445.0192143463833,11210.616829524653,2545018854.499495,2329020628.0992703,366.55859283259974,1176338623.9369342,25821985.36953664,1150516638.5673976,0.3305834745205331,21.756317238652006,1594746216.1569543,35706259.16692931,0.7056425476853299
185089590.11027348,65537266.666666664,charging,65537266.666666664,0.0,0.0,0.0,0.0,119552323.44360682,1.000000000000001,17,226,601.0778335995009,32.92,66260591.47713728,273.8576680598103,665.8082588345135,1445.019214295621,11210.61682929936,2545018854.4483495,2329020628.0536704,366.5585928326859,1176338623.9001367,25821985.287140843,1150516638.6129959,0.33058347453363507,21.7563172392538,1600375462.1169925,35800802.2445617,0.70317401839461
105282473.41716293,65537266.666666664,charging,65537266.666666664,0.0,0.0,0.0,0.0,39745206.75049626,1.000000000000001,18,226,378.58003173303143,31.72,66260591.47713728,273.8576680598103,665.8082588345135,1445.0192142005467,11210.61682973325,2545018854.54685,2329020628.141493,366.55859283252,1176338623.8943703,25821985.369195703,1150516638.5251746,0.330583474508401,21.756317238094713,1607486088.5928297,35920225.07946578,0.7000804542087175
0.0,65537266.666666664,discharging,65537266.666666664,0.0,65537266.666666664,0.0,464.39835432769763,0.0,0.9413391552428182,19,226,0.0,30.08,66365809.57937197,1.0,654.1499999999965,1445.0192143427037,11210.616829527778,2545018854.5002046,2329115691.041377,366.56539941426706,1176348779.0970583,25927203.47177188,1150421575.6252863,0.3305461662848376,21.720544809930264,1617203944.7764747,35602063.5902975,0.6960415014234372
0.0,65537266.666666664,discharging,65537266.666666664,0.0,65537266.666666664,0.0,464.39835432769763,0.0,0.8826783104856354,20,226,0.0,28.58,66365809.579374716,1.0,654.15,1445.01921434078,11210.616829588625,2545018854.514018,2329115691.0536957,366.565399414244,1176348779.0855064,25927203.4725349,1150421575.6129715,0.3305461662812989,21.720544809767087,1626092227.8712716,35754243.84615645,0.6922550278811697
0.0,65537266.666666664,discharging,65537266.666666664,0.0,65537266.666666664,0.0,464.39835432769763,0.0,0.8240174657284526,21,226,0.0,26.91,66365809.579374716,1.0,654.15,1445.0192141652353,11210.616829349627,2545018854.4597607,2329115691.0053215,366.56539941433556,1176348779.0495703,25927203.388226446,1150421575.6613438,0.3305461662951975,21.720544810404494,1635987849.7168124,35923671.19767758,0.6880875939129211
0.0,65537266.666666664,discharging,65537266.666666664,0.0,65537266.666666664,0.0,464.39835432769763,0.0,0.7653566209712698,22,226,0.0,26.67,66365809.579374716,1.0,654.15,1445.019214307396,11210.616829316255,2545018854.4521847,2329115690.9985666,366.56539941434824,1176348779.0568042,25927203.38870532,1150421575.668099,0.33054616629713846,21.72054481049351,1637409975.0119796,35948020.03861476,0.6874928013436334
0.0,65537266.666666664,discharging,65537266.666666664,0.0,65537266.666666664,0.0,464.39835432769763,0.0,0.706695776214087,23,226,0.0,25.96,66365809.579374716,1.0,654.15,1445.0192141571617,11210.616829415809,2545018854.4747853,2329115691.018718,366.56539941431015,1176348779.036963,25927203.389014643,1150421575.6479483,0.33054616629134864,21.72054481022796,1641617095.6768503,36020052.02638722,0.6857392119761585
0.0,65537266.666666664,discharging,65537266.666666664,0.0,65537266.666666664,0.0,464.39835432769763,0.0,0.6480349314569042,0,227,0.0,25.0,66365809.579374716,1.0,654.15,1445.0192143073841,11210.616829230123,2545018854.432631,2329115690.9811335,366.5653994143813,1176348779.0741456,25927203.388611864,1150421575.6855338,0.33054616630214795,21.720544810723247,1647305596.8575206,36117447.3901359,0.683382337919505
0.0,65537266.666666664,discharging,65537266.666666664,0.0,65537266.666666664,0.0,464.39835432769763,0.0,0.5893740866997214,1,227,0.0,24.02,66365809.579374716,1.0,654.15,1445.0192143463862,11210.616829610692,2545018854.519027,2329115691.058164,366.56539941423557,1176348779.0803444,25927203.47184057,1150421575.6085038,0.3305461662800152,21.720544809708194,1653112608.4794548,36216871.82396268,0.6809930146970966
0.0,65537266.666666664,discharging,65537266.666666664,0.0,65537266.666666664,0.0,464.39835432769763,0.0,0.5307132419425384,2,227,0.0,23.35,66365809.579374716,1.0,654.15,1445.0192141534753,11210.61682933289,2545018854.455961,2329115691.0019317,366.56539941434187,1176348779.053676,25927203.38894177,1150421575.6647341,0.3305461662961717,21.720544810449198,1657082708.261797,36284845.67157894,0.6793690908937756
0.0,65537266.666666664,discharging,65537266.666666664,0.0,65537266.666666664,0.0,464.39835432769763,0.0,0.4720523971853556,3,227,0.0,22.96,66365809.579374716,1.0,654.15,1445.019214163993,11210.616829436744,2545018854.479538,2329115691.022957,366.5653994143022,1176348779.0320075,25927203.388299022,1150421575.6437085,0.33054616629013045,21.72054481017206,1659393661.8664443,36324412.53810185,0.67842738307055
0.0,65537266.666666664,discharging,65537266.666666664,0.0,65537266.666666664,0.0,464.39835432769763,0.0,0.41339155242817266,4,227,0.0,22.73,66365809.579374716,1.0,654.15,1445.0192143110648,11210.616829313032,2545018854.451453,2329115690.9979186,366.5653994143496,1176348779.0574293,25927203.388682533,1150421575.6687467,0.3305461662973246,21.720544810501977,1660756531.9409797,36347746.84399997,0.6778732397589479
0.0,65537266.666666664,discharging,65537266.666666664,0.0,65537266.666666664,0.0,464.39835432769763,0.0,0.3547307076709898,5,227,0.0,22.43,66365809.579374716,1.0,654.15,1445.0192143358515,11210.616829506731,2545018854.495426,2329115691.037121,366.56539941427536,1176348779.1019983,25927203.472453292,1150421575.629545,0.33054616628606087,21.720544809985466,1662534188.5599391,36378182.89517143,0.6771518030940079
44316178.79813874,65537266.666666664,direct_plus_discharge,65537266.666666664,0.0,21221087.868527927,0.0,150.37304398598414,0.0,0.33573621790433916,6,227,199.74420760721517,21.37,66292029.65868346,185.18204985122787,661.9014938155615,1445.0192143513145,11210.616829606535,2545018854.5180836,2329049031.9953814,366.5606265654984,1176341658.2224472,25853423.551159725,1150488234.6712875,0.33057232693893146,21.74561687773684,1668815241.9469292,36794696.96265559,0.6745318542214918
139674837.35602173,65537266.666666664,charging,65537266.666666664,74137570.68935508,0.0,525.3402769618586,0.0,0.0,0.40209498973110025,7,227,479.16234393412975,22.9,67075859.553248115,583.6530449080889,665.8136270110275,1445.0192141652485,11210.616829349688,2545018854.4597745,2329757219.065309,366.6113351427511,1176417300.9634767,26637253.362117868,1149780047.601359,0.33029445320646317,21.482073346486388,1659749193.1902366,37250984.520448275,0.67753678679778
192108058.81733632,65537266.666666664,charging,65537266.666666664,126570792.15066966,0.0,896.8831104855975,0.0,0.0,0.515385487897702,8,227,646.3029270298064,26.53,67652451.57248399,802.7534207490996,665.8164842902806,1445.019214299304,11210.616829296278,2545018854.4476495,2330278179.516525,366.6486401136617,1176472932.5326407,27213845.382501733,1149259087.1501389,0.3300901233352793,21.292106528656856,1638239548.1008277,37202489.50996022,0.6859438054861057
209777472.38874894,65537266.666666664,charging,65537266.666666664,144240205.7220823,0.0,1022.0889208871021,0.0,0.0,0.6444914568518623,9,227,732.6392208858144,29.0,67846756.6822213,876.5878151748374,665.8174362576615,1445.0192143426968,11210.616829613798,2545018854.5197325,2330453739.7476635,366.66121210453,1176491677.4936838,27408150.574678533,1149083526.9190054,0.3300212810094902,21.228817130817205,1623603508.6047287,37057689.86721525,0.691943382537229
219353337.94925135,65537266.666666664,charging,65537266.666666664,153816071.2825847,0.0,1089.9436916723844,0.0,0.0,0.7821685547473214,10,227,807.0450944117049,30.95,67952059.53231485,916.6020596716605,665.8179499052861,1445.0192142054675,11210.616829643035,2545018854.5263696,2330548886.1108584,366.66802557554695,1176501833.980118,27513453.424307745,1148988380.5558102,0.32998397476791763,21.19466886756224,1612048740.5814924,36916216.61652012,0.6967936920310407
225857860.29978666,65537266.666666664,charging,65537266.666666664,160320593.63312,0.0,1136.0348643579962,0.0,0.0,0.9256676955083315,11,227,863.9786626640154,32.45,68023587.76520966,943.782218585222,665.8182979026651,1445.019214339547,11210.616829589791,2545018854.5142827,2330613514.403172,366.6726537611769,1176508733.9218922,27584981.658401415,1148923752.2634907,0.3299586356337348,21.17153357543112,1603160457.4866955,36801843.805137485,0.7005793678052594
129211089.13347593,65537266.666666664,charging,65537266.666666664,63673822.466809265,0.0,451.19395225525943,0.0,0.0,0.9826606157932063,12,227,524.6023195214152,33.56,66960792.930393904,539.92864453042,665.813050932894,1445.0192141603052,11210.616829353734,2545018854.4606934,2329653255.670879,366.60389077362106,1176406197.7350116,26522186.739271753,1149884010.99574,0.330335237711117,21.52037530926976,1596583127.9965458,36114980.02404544,0.7042845247060443
16585844.428419784,65537266.666666664,direct_plus_discharge,65537266.666666664,0.0,48951422.23824688,0.0,346.87073608158994,0.0,0.9388453649197424,13,227,123.5619927125635,34.19,66336549.872986,69.30653213036815,656.871702269394,1445.0192143426812,11210.616829613675,2545018854.5197043,2329089255.329051,366.5635065881463,1176345955.1030252,25897943.765408408,1150448011.3376167,0.33055654097003984,21.73048124019053,1592850049.0967312,35298715.2889623,0.7065988296049133
73727533.90628672,65537266.666666664,charging,65537266.666666664,8190267.239620052,0.0,58.03639396389648,0.0,0.0,0.9461762778414977,14,227,298.74714106228674,34.58,66350657.32840791,308.0819743379026,665.8099630315772,1445.0192143395418,11210.616829589693,2545018854.5142603,2329102001.20683,366.56441920610496,1176347316.6814065,25912051.22157161,1150435265.4598348,0.33055153883342714,21.725689334370813,1590539095.492084,35684117.454623245,0.7074276497229753
85743995.13348672,65537266.666666664,charging,65537266.666666664,20206728.466820054,0.0,143.1852734119398,0.0,0.0,0.9642628386935321,15,227,317.3682718934737,33.91,66482798.65884629,358.29462764780743,665.8106365918666,1445.0192141640011,11210.61682935077,2545018854.4600205,2329221389.239681,366.5729675728331,1176360069.8947067,26044192.467721418,1150315877.4269853,0.3305046868412172,21.680903369533457,1594509195.2744267,35822116.72579543,0.7055718484702872
0.0,65537266.666666664,discharging,65537266.666666664,0.0,65537266.666666664,0.0,464.39835432769763,0.0,0.9056019939363493,16,227,0.0,33.07,66365809.5793747,1.0,654.15,1445.0192142091623,11210.616829726041,2545018854.5452137,2329115691.0815144,366.56539941419135,1176348779.0566177,25927203.47146517,1150421575.5851526,0.3305461662733058,21.720544809400444,1599486633.8075128,35298717.61362354,0.7037141448478719
113654841.58698395,65537266.666666664,charging,65537266.666666664,48117574.920317285,0.0,340.96207766627,0.0,0.0,0.9486708879573518,17,227,389.96890151098086,32.16,66789725.65792651,474.92444320308203,665.8121908322507,1445.0192143407771,11210.616829502564,2545018854.49448,2329498696.1211553,366.59282358349196,1176389690.096524,26351119.551011104,1150038570.545513,0.3303958759899341,21.57756200572554,1604878858.885023,36163114.39817694,0.7007977792576833
69491067.8697694,65537266.666666664,charging,65537266.666666664,3953801.20310273,0.0,28.016712710932595,0.0,0.0,0.9522098411418907,18,227,269.71015258647583,31.21,66304070.213595435,290.37924170066685,665.809724926455,1445.0192143024508,11210.616829320277,2545018854.453098,2329059910.3885717,366.5614054701544,1176342820.3009732,25865464.02291213,1150477356.2780612,0.33056805757993823,21.741521418891665,1610508104.8450613,35994649.887181595,0.6987400130193854
0.0,65537266.666666664,discharging,65537266.666666664,0.0,65537266.666666664,0.0,464.39835432769763,0.0,0.8935489963847079,19,227,0.0,29.78,66365809.579374485,1.0,654.15,1445.019214342697,11210.616829613753,2545018854.5197225,2329115691.0587854,366.56539941423443,1176348779.079704,25927203.471821845,1150421575.6078823,0.3305461662798367,21.720544809700044,1618981601.3954344,35632499.64147047,0.6952808965467792
0.0,65537266.666666664,discharging,65537266.666666664,0.0,65537266.666666664,0.0,464.39835432769763,0.0,0.834888151627525,20,227,0.0,27.96,66365809.579374716,1.0,654.15,1445.019214202336,11210.616829619108,2545018854.520938,2329115691.0598683,366.5653994142324,1176348779.078922,25927203.472123764,1150421575.6067982,0.33054616627952516,21.7205448096857,1629766051.5504544,35817145.01857747,0.6907019583150061
0.0,65537266.666666664,discharging,65537266.666666664,0.0,65537266.666666664,0.0,464.39835432769763,0.0,0.7762273068703422,21,227,0.0,27.17,66365809.579374716,1.0,654.15,1445.0192143463737,11210.616829610633,2545018854.519014,2329115691.0581517,366.56539941423557,1176348779.08034,25927203.47182445,1150421575.6085155,0.3305461662800186,21.72054480970835,1634447213.9803808,35897293.28666232,0.688733114997213
0.0,65537266.666666664,discharging,65537266.666666664,0.0,65537266.666666664,0.0,464.39835432769763,0.0,0.7175664621131594,22,227,0.0,26.24,66365809.579374716,1.0,654.15,1445.0192143074023,11210.616829230255,2545018854.432661,2329115690.981159,366.5653994143812,1176348779.0741568,25927203.388649836,1150421575.6855068,0.3305461663021402,21.720544810722913,1639957949.4991548,35991645.04529385,0.6864296989780357
0.0,65537266.666666664,discharging,65537266.666666664,0.0,65537266.666666664,0.0,464.39835432769763,0.0,0.6589056173559765,23,227,0.0,25.22,66365809.579374716,1.0,654.15,1445.0192141620887,11210.61682941168,2545018854.473848,2329115691.0178804,366.5653994143118,1176348779.0378163,25927203.38903084,1150421575.6487854,0.33054616629158917,21.72054481023903,1646001982.0036168,36095127.61927682,0.6839210227920173
0.0,65537266.666666664,discharging,65537266.666666664,0.0,65537266.666666664,0.0,464.39835432769763,0.0,0.6002447725987937,0,228,0.0,24.33,66365809.579374716,1.0,654.15,1445.0192143476302,11210.616829609673,2545018854.518796,2329115691.0579576,366.5653994142359,1176348779.0805612,25927203.47185173,1150421575.6087093,0.33054616628007427,21.720544809710905,1651275696.6398633,36185421.23775217,0.681747012373025
0.0,65537266.666666664,discharging,65537266.666666664,0.0,65537266.666666664,0.0,464.39835432769763,0.0,0.5415839278416109,1,228,0.0,23.03,66365809.579374716,1.0,654.15,1445.0192142091537,11210.616829639908,2545018854.52566,2329115691.064077,366.5653994142243,1176348779.0739622,25927203.47137128,1150421575.602591,0.33054616627831634,21.720544809630287,1658978875.3220208,36317310.792828515,0.6785962152366068
0.0,65537266.666666664,discharging,65537266.666666664,0.0,65537266.666666664,0.0,464.39835432769763,0.0,0.482923083084428,2,228,0.0,22.16,66365809.579374716,1.0,654.15,1445.019214295619,11210.61682929938,2545018854.448354,2329115690.99515,366.5653994143547,1176348779.0608993,25927203.389382444,1150421575.671517,0.3305461662981205,21.720544810538573,1664134079.5170026,36405575.34122574,0.6765038218220357
0.0,65537266.666666664,discharging,65537266.666666664,0.0,65537266.666666664,0.0,464.39835432769763,0.0,0.42426223832724513,3,228,0.0,21.58,66365809.579374716,1.0,654.15,1445.0192143427062,11210.61682952778,2545018854.5002046,2329115691.041385,366.5653994142674,1176348779.097054,25927203.47177188,1150421575.625282,0.3305461662848361,21.72054480992923,1667570882.3136578,36464418.37349058,0.6751160466930334
0.0,65537266.666666664,discharging,65537266.666666664,0.0,65537266.666666664,0.0,464.39835432769763,0.0,0.3656013935700622,4,228,0.0,21.2,66365809.579374716,1.0,654.15,1445.019214200553,11210.616829733332,2545018854.546869,2329115691.0829883,366.5653994141886,1176348779.0551338,25927203.471455637,1150421575.5836782,0.3305461662728822,21.720544809381035,1669822580.6976726,36502970.70497443,0.6742098977759547
0.0,65537266.666666664,discharging,65537266.666666664,0.0,65537266.666666664,0.0,464.39835432769763,0.0,0.30694054881287935,5,228,0.0,21.06,66365809.579374716,1.0,654.15,1445.0192141620935,11210.616829411698,2545018854.473852,2329115691.017884,366.5653994143118,1176348779.0378194,25927203.38903724,1150421575.6487823,0.3305461662915883,21.72054481023899,1670652153.7865207,36517174.195521116,0.6738766663577755
82919737.58949256,65537266.666666664,charging,65537266.666666664,17382470.922825895,0.0,123.17252917743598,0.0,0.0,0.3224991840773976,6,228,317.756588149766,20.64,66451741.166768834,346.4930279727335,665.8104785233792,1445.0192143110858,11210.616829227145,2545018854.4319553,2329193329.1014314,366.5709584166254,1176357072.5412848,26013134.976050764,1150343937.565234,0.3305156982810509,21.691413511609895,1673140873.0530639,37129797.96052431,0.6726092875600124
156264286.2434271,65537266.666666664,charging,65537266.666666664,90727019.57676044,0.0,642.8934364748865,0.0,0.0,0.40370677605317273,7,228,528.9911150091872,22.28,67258288.62339044,652.9746388312753,665.8145363113115,1445.019214347626,11210.616829609617,2545018854.518783,2329922045.7194347,366.6231378323175,1176434903.4630833,26819682.51578037,1149615220.9473028,0.33022979785906675,21.421617171829247,1663423016.869419,37414968.71317799,0.6759110689508261
201039732.80908903,65537266.666666664,charging,65537266.666666664,135502466.14242238,0.0,960.1731272062846,0.0,0.0,0.5249918026476508,8,228,674.3641333857715,25.56,67750670.4459121,840.0758105230376,665.8169661784202,1445.0192143042432,11210.616829206132,2545018854.4271846,2330366922.8874593,366.6549950628195,1176482408.0350938,27312064.25588635,1149170343.7792075,0.3300553234709457,21.26006913934627,1643987304.5021296,37355225.75627461,0.6834837774564546
219090099.04136515,65537266.666666664,charging,65537266.666666664,153552832.37469852,0.0,1088.0783756188612,0.0,-2.9802322387695312e-08,0.6624332816731912,9,228,764.5049767023306,27.85,67949164.77496047,915.5020749282771,665.8179358064107,1445.0192142054914,11210.616829729206,2545018854.5459323,2330546268.8429,366.66783827311394,1176501556.4908273,27510558.66706048,1148990997.823767,0.32998500077126386,21.195606233341202,1630417858.977406,37231009.70980493,0.6889885631189637
215053158.86541453,65537266.666666664,charging,65537266.666666664,149515892.19874787,0.0,1059.4725385190914,0.0,0.0,0.7962613918019186,10,228,795.3201568067241,29.75,67904771.78473817,898.6330921507978,665.8177194409014,1445.019214302455,11210.616829320305,2545018854.453104,2330506158.197812,366.66496587775384,1176497274.0628848,27466165.594030697,1149031108.4688542,0.3300007276993648,21.20999056188548,1619159367.0573301,37012900.37153999,0.6937871929546744
217337557.6006871,65537266.666666664,charging,65537266.666666664,151800290.93402043,0.0,1075.6598326686112,0.0,0.0,0.9321342127705852,11,228,837.6189970239043,31.43,67929892.61544308,908.1788077776503,665.8178419110976,1445.0192143358458,11210.616829506711,2545018854.495422,2330528855.7450867,366.666591289057,1176499697.4300947,27491286.508514527,1149008410.92158,0.3299918281980414,21.20184853806883,1609204489.9911573,36855197.12001316,0.6980356908795247
230368746.96291167,65537266.666666664,charging,65537266.666666664,75821243.51615155,0.0,537.2708155662132,0.0,89010236.78009346,1.0000000000000016,12,228,890.2166796901755,32.8,67094374.38578918,590.6885338378806,665.8137195211406,1445.0192142005546,11210.61682973334,2545018854.5468707,2329773947.4446106,366.6125329916681,1176419087.4999292,26655768.277874045,1149763319.2220552,0.3302878909811003,21.47592262471441,1601086524.7645762,36263643.14448075,0.7022097910127165
244014183.73583812,65537266.666666664,charging,65537266.666666664,0.0,0.0,0.0,0.0,178476917.06917146,1.0000000000000016,13,228,908.4710421287689,33.52,66260591.47712461,273.85766805981024,665.8082588345136,1445.0192143513068,11210.61682952048,2545018854.4985476,2329020628.098415,366.55859283260065,1176338623.9377801,25821985.36954142,1150516638.5682387,0.33058347452077597,21.756317238667226,1596820148.8790736,35741090.82710284,0.7047310756779361
73522968.19648741,65537266.666666664,charging,65537266.666666664,0.0,0.0,0.0,0.0,7985701.529820748,1.0000000000000016,14,228,299.675440842685,33.65,66260591.47713728,273.8576680598103,665.8082588345135,1445.019214153483,11210.61682941894,2545018854.475496,2329020628.0778675,366.5585928326401,1176338623.8755739,25821985.286776397,1150516638.5887976,0.3305834745266821,21.75631723893452,1596049831.0108583,35728153.35332839,0.7050693474315318
91400967.18555227,65537266.666666664,charging,65537266.666666664,0.0,0.0,0.0,0.0,25863700.518885605,1.0000000000000016,15,228,335.6963387901385,33.33,66260591.47713728,273.8576680598103,665.8082588345135,1445.019214342681,11210.616829613673,2545018854.519704,2329020628.1172853,366.55859283256564,1176338623.9189427,25821985.369559933,1150516638.5493827,0.3305834745153568,21.756317238414294,1597945998.0710814,35759999.44263615,0.7042372619677686
195935977.40957928,65537266.666666664,charging,65537266.666666664,0.0,0.0,0.0,0.0,130398710.74291262,1.0000000000000016,16,228,635.0001287554993,32.61,66260591.47713728,273.8576680598103,665.8082588345135,1445.0192143427084,11210.6168295278,2545018854.5002093,2329020628.099907,366.5585928325985,1176338623.9363008,25821985.369539335,1150516638.5667615,0.3305834745203503,21.756317238643614,1602212373.9565837,35831653.14357859,0.7023722314738554
189698240.86864772,65537266.666666664,charging,65537266.666666664,0.0,0.0,0.0,0.0,124160974.20198107,1.0000000000000016,17,228,615.2766720445144,31.78,66260591.47713728,273.8576680598103,665.8082588345135,1445.0192141571474,11210.616829415745,2545018854.4747705,2329020628.0772243,366.55859283264147,1176338623.8762002,25821985.286757153,1150516638.589443,0.3305834745268675,21.756317238943,1607130557.2690384,35914253.937720574,0.7002344858412162
115242062.88112846,65537266.666666664,charging,65537266.666666664,0.0,0.0,0.0,0.0,49704796.214461796,1.0000000000000016,18,228,408.1714595947483,30.57,66260591.47713728,273.8576680598103,665.8082588345135,1445.0192142054807,11210.61682964311,2545018854.5263867,2329020628.1232457,366.5585928325544,1176338623.9125752,25821985.36915399,1150516638.5434213,0.33058347451364384,21.756317238335566,1614300438.9655077,36034671.962915525,0.69714122357621
0.0,65537266.666666664,discharging,65537266.666666664,0.0,65537266.666666664,0.0,464.39835432769763,0.0,0.9413391552428187,19,228,0.0,28.98,66365809.57937197,1.0,654.1499999999965,1445.0192143463753,11210.616829610653,2545018854.5190187,2329115691.0581527,366.56539941423523,1176348779.0803401,25927203.47182909,1150421575.608511,0.33054616628001754,21.72054480970919,1623722019.0459924,35713662.444592856,0.6932607201594863
0.0,65537266.666666664,discharging,65537266.666666664,0.0,65537266.666666664,0.0,464.39835432769763,0.0,0.8826783104856359,20,228,0.0,27.37,66365809.579374716,1.0,654.15,1445.0192142992923,11210.616829296196,2545018854.447631,2329115690.9945064,366.565399414356,1176348779.0615282,25927203.389367394,1150421575.6721609,0.3305461662983056,21.720544810547032,1633262109.5677412,35877002.585881345,0.6892304945079255
0.0,65537266.666666664,discharging,65537266.666666664,0.0,65537266.666666664,0.0,464.39835432769763,0.0,0.8240174657284531,21,228,0.0,25.43,66365809.579374716,1.0,654.15,1445.0192143061538,11210.616829231263,2545018854.43289,2329115690.981363,366.56539941438086,1176348779.073939,25927203.38863514,1150421575.685304,0.3305461663020819,21.720544810720238,1644757622.3703454,36073822.383456804,0.6844360148520489
0.0,65537266.666666664,discharging,65537266.666666664,0.0,65537266.666666664,0.0,464.39835432769763,0.0,0.7653566209712703,22,228,0.0,24.28,66365809.579374716,1.0,654.15,1445.0192142042267,11210.616829730117,2545018854.5461392,2329115691.0823402,366.56539941418987,1176348779.0557601,25927203.471433736,1150421575.5843265,0.33054616627306843,21.720544809389533,1651571972.7430232,36190493.91294742,0.6816252869183076
0.0,65537266.666666664,discharging,65537266.666666664,0.0,65537266.666666664,0.0,464.39835432769763,0.0,0.7066957762140875,23,228,0.0,23.61,66365809.579374716,1.0,654.15,1445.0192143444635,11210.61682949947,2545018854.4937778,2329115691.0356526,366.5653994142781,1176348779.1034834,25927203.47247121,1150421575.6310122,0.3305461662864825,21.720544810004764,1655542072.5253658,36258467.76056367,0.6799983498270905
0.0,65537266.666666664,discharging,65537266.666666664,0.0,65537266.666666664,0.0,464.39835432769763,0.0,0.6480349314569047,0,229,0.0,22.5,66365809.579374716,1.0,654.15,1445.0192143513066,11210.616829606515,2545018854.5180793,2329115691.0573206,366.5653994142373,1176348779.081191,25927203.47184462,1150421575.6093464,0.3305461662802573,21.720544809719268,1662119402.0155153,36371081.14989809,0.6773200009136046
0.0,65537266.666666664,discharging,65537266.666666664,0.0,65537266.666666664,0.0,464.39835432769763,0.0,0.5893740866997218,1,229,0.0,21.33,66365809.579374716,1.0,654.15,1445.0192142091641,11210.616829726066,2545018854.5452194,2329115691.0815196,366.56539941419135,1176348779.0566194,25927203.471471135,1150421575.5851483,0.3305461662733046,21.72054480940038,1669052262.8294573,36489781.74946679,0.6745196222173299
0.0,65537266.666666664,discharging,65537266.666666664,0.0,65537266.666666664,0.0,464.39835432769763,0.0,0.530713241942539,2,229,0.0,20.72,66365809.579374716,1.0,654.15,1445.0192143407849,11210.61682950263,2545018854.494495,2329115691.0362916,366.56539941427695,1176348779.102854,25927203.472478535,1150421575.6303754,0.3305461662862995,21.720544809996397,1672666831.2880077,36551668.38684877,0.673068759698786
0.0,65537266.666666664,discharging,65537266.666666664,0.0,65537266.666666664,0.0,464.39835432769763,0.0,0.4720523971853561,3,229,0.0,20.13,66365809.579374716,1.0,654.15,1445.0192141689436,11210.616829432707,2545018854.4786215,2329115691.0221386,366.5653994143037,1176348779.0328724,25927203.38834369,1150421575.6445289,0.33054616629036615,21.720544810182904,1676162889.305295,36611525.95415265,0.6716713919796994
0.0,65537266.666666664,discharging,65537266.666666664,0.0,65537266.666666664,0.0,464.39835432769763,0.0,0.4133915524281732,4,229,0.0,19.61,66365809.579374716,1.0,654.15,1445.0192143110798,11210.616829227114,2545018854.431948,2329115690.980524,366.56539941438245,1176348779.07479,25927203.388646703,1150421575.6861434,0.3305461663023231,21.720544810731283,1679244160.7781575,36664281.77618318,0.6704446153161876
0.0,65537266.666666664,discharging,65537266.666666664,0.0,65537266.666666664,0.0,464.39835432769763,0.0,0.3547307076709903,5,229,0.0,19.05,66365809.579374716,1.0,654.15,1445.0192143005634,11210.616829295295,2545018854.4474263,2329115690.994325,366.5653994143564,1176348779.0617547,25927203.38941409,1150421575.6723406,0.3305461662983572,21.72054481054938,1682562453.1335485,36721095.73836992,0.669128472977696
87854059.59228343,65537266.666666664,charging,65537266.666666664,22316792.925616764,0.0,158.13723146619526,0.0,0.0,0.37470593690882553,6,229,332.9536584115956,18.44,66506002.3890981,367.11186036947447,665.8107545922588,1445.0192141603131,11210.616829439876,2545018854.480249,2329242353.5999413,366.5744686626076,1176362309.2647486,26067396.19802247,1150294913.0667262,0.3304964600771088,21.673057419023323,1686177021.5920994,37379880.43495058,0.6673959598977447
177143440.8386407,65537266.666666664,charging,65537266.666666664,111606174.17197403,0.0,790.8435345936786,0.0,0.0,0.4746019623311849,7,229,592.0043091499246,21.26,67487890.26846907,740.2214356436558,665.8156737751804,1445.0192142054836,11210.616829643135,2545018854.5263925,2330129494.686825,366.6379928639388,1176457056.1403334,27049284.1604911,1149407771.9798424,0.33014843314339604,21.345992718246098,1669467049.373881,37646132.92250279,0.6733049594483688
212530617.6969363,65537266.666666664,charging,65537266.666666664,146993351.03026962,0.0,1041.597762426835,0.0,2.9802322387695312e-08,0.6061722060061535,8,229,710.5116058636213,24.32,67877032.17490056,888.09226130569,665.8175840985485,1445.0192143358418,11210.616829592715,2545018854.514946,2330481094.611253,366.66317102765845,1176494598.1234446,27438426.068030097,1149056172.0554144,0.33001055506479915,21.218988369665443,1651334951.860495,37551337.50523393,0.6803632543473066
221122532.29948217,65537266.666666664,charging,65537266.666666664,155585265.6328155,0.0,1102.4802374656642,0.0,0.0,0.7454328675807638,9,229,772.6453662624934,26.89,67971514.81876022,923.9949135964821,665.818044630934,1445.0192143513102,11210.616829520475,2545018854.4985466,2330566462.8408637,366.66928441240475,1176503712.5369668,27532908.711163927,1148970803.8258028,0.3299770830795001,21.18837142728066,1636106360.1580765,37341264.60148742,0.686589043377371
216618813.61434707,65537266.666666664,charging,65537266.666666664,151081546.9476804,0.0,1070.566798713794,0.0,0.0,0.8806623579446113,10,229,803.5407585744233,28.93,67921988.8087544,905.1754241755732,665.8178033878411,1445.0192143513207,11210.61682960658,2545018854.518094,2330521714.4099216,366.6660798826949,1176498934.9579885,27483382.7012433,1149015552.256745,0.3299946282397469,21.204409626189634,1624018295.1491523,37105939.320518054,0.6917095834337637
209462628.20884588,65537266.666666664,charging,65537266.666666664,133326802.62497702,0.0,944.7563329385076,0.0,10598558.917202204,1.0000000000000018,11,229,813.5744336350119,30.71,67726745.342976,830.9844619258978,665.8168489237828,1445.0192141620885,11210.616829411634,2545018854.4738374,2330345305.9292116,366.6534470553113,1176480099.8900757,27288139.15262133,1149191960.7374544,0.33006380017460285,21.267864556065113,1613470865.87666,36818172.1021801,0.6963579920187225
201451235.4791592,65537266.666666664,charging,65537266.666666664,0.0,0.0,0.0,0.0,135913968.81249255,1.0000000000000018,12,229,790.6973971676783,32.15,66260591.47713727,273.85766805981024,665.8082588345135,1445.0192143426964,11210.61682952773,2545018854.500193,2329020628.099892,366.5585928325985,1176338623.9362946,25821985.369519684,1150516638.5667748,0.33058347452035414,21.756317238643796,1604938114.105655,35877431.89695848,0.7011858471049264
212025691.5951915,65537266.666666664,charging,65537266.666666664,0.0,0.0,0.0,0.0,146488424.92852485,1.0000000000000018,13,229,801.2586938179993,33.12,66260591.47713728,273.8576680598103,665.8082588345135,1445.01921430247,11210.616829320434,2545018854.453133,2329020628.057929,366.55859283267773,1176338623.895202,25821985.28646474,1150516638.6087372,0.33058347453241144,21.75631723919771,1599190357.7043529,35780898.43874436,0.703692272439584
229694460.66085738,65537266.666666664,charging,65537266.666666664,0.0,0.0,0.0,0.0,164157193.99419072,1.0000000000000018,14,229,811.8825106348066,33.65,66260591.47713728,273.8576680598103,665.8082588345135,1445.0192141571642,11210.61682932983,2545018854.4552665,2329020628.059837,366.5585928326743,1176338623.8935547,25821985.28672441,1150516638.6068304,0.3305834745318635,21.756317239172446,1596049831.0108583,35728153.35332839,0.7050693474425829
247220179.42697245,65537266.666666664,charging,65537266.666666664,0.0,0.0,0.0,0.0,181682912.7603058,1.0000000000000018,15,229,816.4746575968841,33.66,66260591.47713728,273.8576680598103,665.8082588345135,1445.0192143110683,11210.616829313078,2545018854.451463,2329020628.0564446,366.5585928326806,1176338623.896678,25821985.286455505,1150516638.6102226,0.3305834745328382,21.756317239217232,1595990575.790226,35727158.16303753,0.7050953817991514
233128897.26030704,65537266.666666664,charging,65537266.666666664,0.0,0.0,0.0,0.0,167591630.5936404,1.0000000000000018,16,229,746.7134358885028,33.22,66260591.47713728,273.8576680598103,665.8082588345135,1445.0192141603104,11210.616829439818,2545018854.4802356,2329020628.0820975,366.55859283263214,1176338623.8706155,25821985.286045764,1150516638.5845697,0.3305834745254672,21.756317238878662,1598597805.498033,35770946.53583568,0.7039516860272961
198365986.91636077,65537266.666666664,charging,65537266.666666664,0.0,0.0,0.0,0.0,132828720.24969411,1.0000000000000018,17,229,640.9725269367759,32.38,66260591.47713728,273.8576680598103,665.8082588345135,1445.019214344472,11210.616829499544,2545018854.4937944,2329020628.094187,366.55859283260946,1176338623.9427333,25821985.37025455,1150516638.5724788,0.3305834745219931,21.756317238719088,1603575244.0311193,35854542.520268545,0.7017785378858101
108618150.58319148,65537266.666666664,charging,65537266.666666664,0.0,0.0,0.0,0.0,43080883.91652482,1.0000000000000018,18,229,387.36533512809854,31.0,66260591.47713728,273.8576680598103,665.8082588345135,1445.0192143476386,11210.616829609678,2545018854.5187974,2329020628.11648,366.5585928325671,1176338623.9198048,25821985.36961873,1150516638.5501862,0.33058347451558767,21.756317238424838,1611752464.4783325,35991878.780408226,0.6982373468658444
0.0,65537266.666666664,discharging,65537266.666666664,0.0,65537266.666666664,0.0,464.39835432769763,0.0,0.941339155242819,19,229,0.0,28.84,66365809.57937197,1.0,654.1499999999965,1445.0192141639966,11210.616829350733,2545018854.460012,2329115691.005544,366.56539941433493,1176348779.0493598,25927203.388241112,1150421575.6611187,0.3305461662951331,21.720544810402405,1624551592.1348405,35727865.93513953,0.692908395673609
0.0,65537266.666666664,discharging,65537266.666666664,0.0,65537266.666666664,0.0,464.39835432769763,0.0,0.8826783104856362,20,229,0.0,27.25,66365809.579374716,1.0,654.15,1445.0192141620828,11210.61682941163,2545018854.4738364,2329115691.01787,366.5653994143118,1176348779.0378141,25927203.389016498,1150421575.6487978,0.3305461662915927,21.720544810239197,1633973172.215325,35889177.00634993,0.6889319806420036
0.0,65537266.666666664,discharging,65537266.666666664,0.0,65537266.666666664,0.0,464.39835432769763,0.0,0.8240174657284534,21,229,0.0,25.36,66365809.579374716,1.0,654.15,1445.0192143476306,11210.616829609662,2545018854.5187936,2329115691.0579553,366.5653994142359,1176348779.080561,25927203.471849076,1150421575.608712,0.33054616628007505,21.72054480971094,1645172408.9147692,36080924.12873014,0.6842642646400909
0.0,65537266.666666664,discharging,65537266.666666664,0.0,65537266.666666664,0.0,464.39835432769763,0.0,0.7653566209712706,22,229,0.0,24.6,66365809.579374716,1.0,654.15,1445.0192143476193,11210.616829523524,2545018854.4992385,2329115691.0405216,366.565399414269,1176348779.0978994,25927203.471752767,1150421575.6261466,0.33054616628508443,21.720544809940662,1649675805.6827996,36158028.791697845,0.6824050817468331
0.0,65537266.666666664,discharging,65537266.666666664,0.0,65537266.666666664,0.0,464.39835432769763,0.0,0.7066957762140877,23,229,0.0,23.78,66365809.579374716,1.0,654.15,1445.0192142956134,11210.616829299312,2545018854.448338,2329115690.9951377,366.56539941435483,1176348779.0608926,25927203.38936412,1150421575.6715286,0.3305461662981239,21.720544810538705,1654534733.7746222,36241220.664899856,0.680410419045073
0.0,65537266.666666664,discharging,65537266.666666664,0.0,65537266.666666664,0.0,464.39835432769763,0.0,0.6480349314569049,0,230,0.0,22.76,66365809.579374716,1.0,654.15,1445.0192142005426,11210.616829647175,2545018854.5273094,2329115691.06555,366.56539941422153,1176348779.072472,25927203.471356437,1150421575.6011157,0.3305461662778924,21.7205448096108,1660578766.279084,36344703.238882825,0.6779454679402295
0.0,65537266.666666664,discharging,65537266.666666664,0.0,65537266.666666664,0.0,464.39835432769763,0.0,0.5893740866997221,1,230,0.0,21.77,66365809.579374716,1.0,654.15,1445.0192143061333,11210.616829317165,2545018854.4523916,2329115690.9987507,366.565399414348,1176348779.056579,25927203.388663035,1150421575.667916,0.3305461662970859,21.7205448104911,1666445033.12165,36445142.20774866,0.6755700351876094
0.0,65537266.666666664,discharging,65537266.666666664,0.0,65537266.666666664,0.0,464.39835432769763,0.0,0.5307132419425392,2,230,0.0,20.97,66365809.579374716,1.0,654.15,1445.019214300548,11210.616829295224,2545018854.44741,2329115690.994308,366.5653994143565,1176348779.0617518,25927203.389393564,1150421575.6723583,0.33054616629836225,21.720544810549676,1671185450.7722085,36526305.01087255,0.6736626200390744
0.0,65537266.666666664,discharging,65537266.666666664,0.0,65537266.666666664,0.0,464.39835432769763,0.0,0.47205239718535635,3,230,0.0,20.13,66365809.579374716,1.0,654.15,1445.0192142054777,11210.6168296431,2545018854.5263844,2329115691.0647254,366.5653994142232,1176348779.0733283,25927203.471388087,1150421575.6019402,0.3305461662781293,21.72054480962167,1676162889.305295,36611525.95415265,0.671671391954834
0.0,65537266.666666664,discharging,65537266.666666664,0.0,65537266.666666664,0.0,464.39835432769763,0.0,0.41339155242817344,4,230,0.0,19.51,66365809.579374716,1.0,654.15,1445.019214351308,11210.616829606526,2545018854.5180817,2329115691.0573225,366.5653994142373,1176348779.0811925,25927203.471848596,1150421575.609344,0.3305461662802566,21.720544809719236,1679836712.9844775,36674427.126573674,0.670209210255936
0.0,65537266.666666664,discharging,65537266.666666664,0.0,65537266.666666664,0.0,464.39835432769763,0.0,0.3547307076709906,5,230,0.0,19.13,66365809.579374716,1.0,654.15,1445.019214197408,11210.616829623266,2545018854.521882,2329115691.060705,366.56539941423074,1176348779.078076,25927203.472115505,1150421575.6059604,0.3305461662792844,21.72054480967473,1682088411.3684926,36712979.45805752,0.6693161768112935
87733765.32317366,65537266.666666664,charging,65537266.666666664,22196498.656506993,0.0,157.2848239208247,0.0,0.0,0.37459826437677896,6,230,331.80928660590655,18.65,66504679.549997374,366.6091920451009,665.8107478672906,1445.019214306146,11210.616829317274,2545018854.452416,2329241158.4025545,366.5743830857622,1176362181.623429,26066073.359317224,1150296108.2641118,0.3304969290869726,21.67350456794171,1684932661.9588277,37358160.73087304,0.6678872656754303
174625110.87635434,65537266.666666664,charging,65537266.666666664,109087844.20968768,0.0,772.9985991909217,0.0,0.0,0.47224019269563217,7,230,583.7520043491172,21.55,67460196.96803159,729.6982019789892,665.815536989729,1445.0192143427003,11210.616829613773,2545018854.5197268,2330104473.2317276,366.63620110738293,1176454384.2954235,27021590.860421635,1149432793.4350019,0.3301582463691618,21.355086830332723,1667748647.9755535,37601296.20347104,0.6740157921008714
220482530.10613078,65537266.666666664,charging,65537266.666666664,154945263.43946412,0.0,1097.9451693971378,0.0,0.0,0.6109280035668496,8,230,735.1376464605407,24.73,67964476.91136512,921.3205648306749,665.8180103703763,1445.0192141534758,11210.616829332888,2545018854.4559608,2330560103.8076854,366.6688290306439,1176503033.5799146,27525870.72093445,1148977162.8589802,0.3299795763218603,21.190649115850047,1648905487.8145835,37557882.21577322,0.6812938740782127
217392450.61342254,65537266.666666664,charging,65537266.666666664,151855183.9467559,0.0,1076.0488056312477,0.0,0.0,0.7468499579623757,9,230,761.6129743333809,27.47,67930496.25702865,908.408186774124,665.8178448528873,1445.0192142054777,11210.616829729128,2545018854.5459146,2330529401.200679,366.6666303468956,1176499755.6150951,27491890.14910756,1149007865.4659877,0.32999161433610946,21.201652962633172,1632669557.3614213,37259546.32281648,0.688057871996493
208190035.7303276,65537266.666666664,charging,65537266.666666664,142652769.06366095,0.0,1010.8403136554355,0.0,0.0,0.8745350502135887,10,230,776.7329209410065,29.62,67829300.12924238,869.954464051437,665.8173509542655,1445.019214347634,11210.61682952365,2545018854.499267,2330437967.1927977,366.66008261215296,1176489993.4955244,27390694.021656465,1149099299.473868,0.3300274655713921,21.234488286297267,1619929684.925546,36984989.49255343,0.6935174859727923
204951263.1475585,65537266.666666664,charging,65537266.666666664,139413996.48089185,0.0,987.8903077430797,0.0,0.0,0.9993211943495567,11,230,800.7133825647724,31.37,67793684.342702,856.4207487775831,665.8171767779521,1445.0192143444715,11210.616829585568,2545018854.513324,2330405787.267094,366.65777816965976,1176486557.635455,27355078.23587951,1149131479.3995755,0.33004008381286676,21.246067935473825,1609560021.3149493,36787375.89036764,0.697988456962505
237971848.987427,65537266.666666664,charging,65537266.666666664,758377.5363658387,0.0,5.373878066027408,0.0,171676204.7843945,1.0000000000000022,12,230,927.4476503503374,32.77,66268931.12179241,277.0266666186672,665.8095451110526,1445.0192143061383,11210.616829317183,2545018854.4523954,2329028162.7860155,366.559132322673,1176339428.8117375,25830324.931085728,1150509103.8806517,0.3305805173825487,21.753477752218643,1601264290.4264722,35820296.737319395,0.7027792655930383
133641565.69474667,65537266.666666664,charging,65537266.666666664,0.0,0.0,0.0,0.0,68104299.02808002,1.0000000000000022,13,230,530.813113824069,33.8,66260591.47713772,273.8576680598103,665.8082588345144,1445.0192142091641,11210.616829639988,2545018854.525678,2329020628.122614,366.55859283255575,1176338623.9132104,25821985.369156167,1150516638.5440543,0.3305834745138257,21.75631723834379,1595161002.701378,35713225.498965666,0.70546006470017
169630379.75445458,65537266.666666664,charging,65537266.666666664,0.0,0.0,0.0,0.0,104093113.08778793,1.0000000000000022,14,230,616.7928288138411,34.3,66260591.47713728,273.8576680598103,665.8082588345135,1445.0192143042484,11210.616829292236,2545018854.446732,2329020628.052224,366.55859283268865,1176338623.901639,25821985.28719607,1150516638.6144428,0.33058347453405085,21.756317239272967,1592198241.669779,35663465.98442202,0.706765588996115
152734528.4086848,65537266.666666664,charging,65537266.666666664,0.0,0.0,0.0,0.0,87197261.74201813,1.0000000000000022,15,230,525.6862429004099,34.16,66260591.47713728,273.8576680598103,665.8082588345135,1445.0192143463678,11210.61682952456,2545018854.499474,2329020628.099251,366.5585928325998,1176338623.936925,25821985.369509928,1150516638.567415,0.3305834745205381,21.75631723865224,1593027814.7586272,35677398.64849417,0.7063995553625237
162529868.94839478,65537266.666666664,charging,65537266.666666664,0.0,0.0,0.0,0.0,96992602.28172812,1.0000000000000022,16,230,536.028744488024,33.56,66260591.47713728,273.8576680598103,665.8082588345135,1445.019214160306,11210.616829439829,2545018854.4802384,2329020628.0821,366.55859283263214,1176338623.8706145,25821985.286047094,1150516638.5845675,0.3305834745254666,21.756317238878633,1596583127.9965458,35737110.0659462,0.7048351247241725
126188920.70968774,65537266.666666664,charging,65537266.666666664,0.0,0.0,0.0,0.0,60651654.043021075,1.0000000000000022,17,230,426.9355007726764,32.44,66260591.47713728,273.8576680598103,665.8082588345135,1445.0192143358431,11210.61682959274,2545018854.5149517,2329020628.1130486,366.5585928325737,1176338623.923891,25821985.370273795,1150516638.5536172,0.3305834745165735,21.756317238470178,1603219712.7073276,35848571.378523335,0.7019333176807145
36682337.80276118,65537266.666666664,direct_plus_discharge,65537266.666666664,0.0,28854928.863905482,0.0,204.46659069252948,0.0,0.9741726411756827,18,230,170.15907216314122,30.94,66304285.55983893,153.28285722901276,660.4612752633292,1445.0192141639895,11210.616829350643,2545018854.4599915,2329060104.956691,366.5614194009213,1176342841.0786557,25865679.368679333,1150477161.7099764,0.3305679812203293,21.74144818474147,1612107995.8021245,35776424.27402388,0.698154037803703
0.0,65537266.666666664,discharging,65537266.666666664,0.0,65537266.666666664,0.0,464.39835432769763,0.0,0.9155117964184999,19,230,0.0,29.2,66365809.5793745,1.0,654.15,1445.0192143426825,11210.616829613684,2545018854.5197067,2329115691.058771,366.56539941423443,1176348779.0796967,25927203.471801095,1150421575.6078956,0.3305461662798405,21.720544809700215,1622418404.192089,35691342.673735306,0.6938150974520437
0.0,65537266.666666664,discharging,65537266.666666664,0.0,65537266.666666664,0.0,464.39835432769763,0.0,0.8568509516613171,20,230,0.0,27.68,66365809.579374716,1.0,654.15,1445.0192143395436,11210.616829503671,2545018854.494732,2329115691.0365005,366.5653994142766,1176348779.1026404,25927203.47247554,1150421575.6301649,0.330546166286239,21.72054480999365,1631425197.72815,35845551.999670826,0.6900028539563652
0.0,65537266.666666664,discharging,65537266.666666664,0.0,65537266.666666664,0.0,464.39835432769763,0.0,0.7981901069041343,21,230,0.0,25.99,66365809.579374716,1.0,654.15,1445.0192141689283,11210.616829432633,2545018854.478605,2329115691.022124,366.5653994143038,1176348779.0328648,25927203.388322946,1150421575.644542,0.3305461662903699,21.720544810183068,1641439330.0149543,36017008.42127007,0.6858131262700999
0.0,65537266.666666664,discharging,65537266.666666664,0.0,65537266.666666664,0.0,464.39835432769763,0.0,0.7395292621469515,22,230,0.0,25.59,66365809.579374716,1.0,654.15,1445.0192142042254,11210.61682973014,2545018854.546144,2329115691.0823445,366.56539941418987,1176348779.0557606,25927203.471439257,1150421575.5843213,0.33054616627306693,21.720544809389466,1643809538.840234,36057589.822832026,0.6848289105459741
0.0,65537266.666666664,discharging,65537266.666666664,0.0,65537266.666666664,0.0,464.39835432769763,0.0,0.6808684173897687,23,230,0.0,24.87,66365809.579374716,1.0,654.15,1445.019214295626,11210.616829213399,2545018854.4288344,2329115690.97775,366.5653994143878,1176348779.0782485,25927203.38933094,1150421575.6889176,0.3305461663031202,21.72054481076782,1648075914.7257361,36130636.34564353,0.6830644228031867
0.0,65537266.666666664,discharging,65537266.666666664,0.0,65537266.666666664,0.0,464.39835432769763,0.0,0.6222075726325859,0,231,0.0,23.9,66365809.579374716,1.0,654.15,1445.0192143024628,11210.616829320355,2545018854.4531155,2329115690.999398,366.5653994143468,1176348779.0559494,25927203.38868161,1150421575.6672678,0.33054616629689965,21.72054481048254,1653823671.1270385,36229046.244431265,0.6807015922299232
0.0,65537266.666666664,discharging,65537266.666666664,0.0,65537266.666666664,0.0,464.39835432769763,0.0,0.5635467278754029,1,231,0.0,22.8,66365809.579374716,1.0,654.15,1445.0192143061472,11210.616829231209,2545018854.4328775,2329115690.9813547,366.565399414381,1176348779.0739317,25927203.388621014,1150421575.6853106,0.33054616630208383,21.72054481072028,1660341745.396556,36340645.09872663,0.6780417962312253
0.0,65537266.666666664,discharging,65537266.666666664,0.0,65537266.666666664,0.0,464.39835432769763,0.0,0.50488588311822,2,231,0.0,22.08,66365809.579374716,1.0,654.15,1445.0192142023332,11210.616829705126,2545018854.540466,2329115691.0772786,366.5653994141995,1176348779.0615745,25927203.472186744,1150421575.5893877,0.33054616627452266,21.720544809456285,1664608121.2820587,36413691.62153814,0.6763120654082913
0.0,65537266.666666664,discharging,65537266.666666664,0.0,65537266.666666664,0.0,464.39835432769763,0.0,0.44622503836103716,3,231,0.0,21.53,66365809.579374716,1.0,654.15,1445.0192143463846,11210.616829610708,2545018854.519031,2329115691.0581675,366.56539941423557,1176348779.0803442,25927203.47184498,1150421575.6084993,0.33054616628001393,21.720544809708134,1667867158.4168177,36469491.04868582,0.6749966774283019
0.0,65537266.666666664,discharging,65537266.666666664,0.0,65537266.666666664,0.0,464.39835432769763,0.0,0.3875641936038543,4,231,0.0,21.55,66365809.579374716,1.0,654.15,1445.0192143427012,11210.616829527791,2545018854.5002074,2329115691.0413876,366.5653994142674,1176348779.0970523,25927203.471774094,1150421575.6252782,0.33054616628483496,21.72054480992918,1667748647.9755535,36467461.97860772,0.6750444200742953
0.0,65537266.666666664,discharging,65537266.666666664,0.0,65537266.666666664,0.0,464.39835432769763,0.0,0.32890334884667144,5,231,0.0,21.41,66365809.579374716,1.0,654.15,1445.0192141583987,11210.616829414721,2545018854.4745383,2329115691.0184965,366.5653994143107,1176348779.0371764,25927203.389005277,1150421575.6481712,0.3305461662914127,21.720544810230933,1668578221.064401,36481665.4691544,0.6747103633919964
87845973.76928847,65537266.666666664,charging,65537266.666666664,22308707.1026218,0.0,158.07993516619325,0.0,0.0,0.34887134065713793,6,231,330.6154697332471,21.14,66505913.4717881,367.07807249972694,665.8107541402348,1445.0192143110737,11210.616829227087,2545018854.431942,2329242273.220921,366.57446291046466,1176362300.726799,26067307.281051923,1150294993.4457471,0.3304964916144427,21.673087475030645,1670178112.0214648,37110135.236145176,0.6737555859670724
166879381.04048207,65537266.666666664,charging,65537266.666666664,101342114.37381542,0.0,718.1122059706873,0.0,0.0,0.43958025088501423,7,231,559.5751521404138,22.32,67375019.55789769,697.3314644239706,665.8151155707083,1445.0192141603281,11210.616829439947,2545018854.480265,2330027513.854035,366.63069016936873,1176446166.179473,26936413.36682971,1149509752.8126433,0.33018843024806344,21.383104815446202,1663185995.986891,37475883.05104872,0.675919044803261
202291723.13673514,65537266.666666664,charging,65537266.666666664,136754456.47006848,0.0,969.0447551725568,0.0,0.0,0.5619859041699687,8,231,679.03276446536,24.97,67764438.19870222,845.3074469491718,665.8170336154509,1445.0192143395402,11210.616829589724,2545018854.5142674,2330379362.5227966,366.6558858691087,1176483736.2357419,27325832.091872357,1149157904.1438694,0.33005044555466495,21.255585743411924,1647483362.5194163,37422867.9236093,0.6820307761825489
251160562.51322764,65537266.666666664,charging,65537266.666666664,185623295.84656098,0.0,1315.3303074794028,0.0,0.0,0.7281328903778933,9,231,873.1128439895463,27.52,68301833.80378774,1049.5134975387448,665.8196447089215,1445.0192143463898,11210.616829524683,2545018854.4995017,2330864919.275744,366.69065789012984,1176535575.0871172,27863227.69619524,1148672347.390922,0.3298600759533255,21.081997779262768,1632373281.2582617,37458177.36772271,0.6878971775607243
206561891.32477695,65537266.666666664,charging,65537266.666666664,141024624.6581103,0.0,999.3032505308583,0.0,0.0,0.8543606693923176,10,231,773.7647192203569,29.58,67811395.92568192,863.1510092714788,665.8172634179053,1445.0192141652396,11210.616829435692,2545018854.479299,2330421790.181806,366.6589241580715,1176488266.2194698,27372789.734608684,1149115476.4848611,0.3300338087897362,21.24030790398512,1620166705.8080738,36979296.765019596,0.6934304368478094
199386219.69024813,65537266.666666664,charging,65537266.666666664,133848953.02358148,0.0,948.4563008828038,0.0,0.0,0.9741656758196191,11,231,784.4662441043206,31.23,67732487.27040842,833.1663486265685,665.8168770719484,1445.0192141571454,11210.616829329687,2545018854.455234,2330350493.903116,366.6538185703937,1176480653.843506,27293881.079954665,1149186772.7635515,0.3300617657919162,21.26599318563308,1610389594.403797,36768396.113645665,0.697678534408556
195697253.3430488,65537266.666666664,charging,65537266.666666664,28862710.72248041,0.0,204.52173309470177,0.0,101297275.95390174,1.0000000000000024,12,231,778.127984674955,32.6,66577985.83499508,394.46499659772155,665.8111201357262,1445.019214342691,11210.616829613744,2545018854.51972,2329307390.075172,366.57912542621193,1176369256.3189316,26139379.727436647,1150229876.591495,0.33047093938783084,21.648752225635338,1602271629.1772158,36004421.4209611,0.702097718007607
210240364.5438665,65537266.666666664,charging,65537266.666666664,0.0,0.0,0.0,0.0,144703097.87719983,1.0000000000000024,13,231,803.5068123389083,33.59,66260591.47713705,273.85766805981024,665.8082588345135,1445.0192143024726,11210.61682932043,2545018854.4531326,2329020628.057928,366.55859283267773,1176338623.8952029,25821985.286464076,1150516638.608739,0.3305834745324119,21.756317239197806,1596405362.3346496,35734124.49507347,0.7049131816812476
223264567.91815847,65537266.666666664,charging,65537266.666666664,0.0,0.0,0.0,0.0,157727301.2514918,1.0000000000000024,14,231,797.8568608766709,34.22,66260591.47713728,273.8576680598103,665.8082588345135,1445.0192143407899,11210.61682950262,2545018854.494493,2329020628.0948086,366.5585928326082,1176338623.9420967,25821985.370238923,1150516638.5718577,0.33058347452181464,21.75631723871089,1592672283.434835,35671427.50674895,0.7065563804748419
261655300.32425034,65537266.666666664,charging,65537266.666666664,0.0,0.0,0.0,0.0,196118033.65758368,1.0000000000000024,15,231,866.8326431826747,34.45,66260591.47713728,273.8576680598103,665.8082588345135,1445.019214205477,11210.616829729091,2545018854.545906,2329020628.1406493,366.5585928325215,1176338623.8952239,25821985.3692066,1150516638.5260172,0.33058347450864306,21.75631723810587,1591309413.3602993,35648538.13005901,0.7071581889821419
222426184.49050012,65537266.666666664,charging,65537266.666666664,0.0,0.0,0.0,0.0,156888917.82383347,1.0000000000000024,16,231,715.4696574671034,34.18,66260591.47713728,273.8576680598103,665.8082588345135,1445.0192143463796,11210.616829524626,2545018854.499489,2329020628.0992646,366.55859283259974,1176338623.9369307,25821985.369528476,1150516638.5674021,0.3305834745205344,21.756317238652063,1592909304.3173628,35675408.26791242,0.706451822663268
169798916.53403568,65537266.666666664,charging,65537266.666666664,0.0,0.0,0.0,0.0,104261649.86736903,1.0000000000000024,17,231,555.7840061602346,33.37,66260591.47713728,273.8576680598103,665.8082588345135,1445.019214344473,11210.616829585593,2545018854.5133295,2329020628.1116047,366.55859283257644,1176338623.9253857,25821985.370325267,1150516638.5550604,0.33058347451698816,21.756317238489167,1597708977.1885533,35756018.681472674,0.7043411652309484
90095892.42908737,65537266.666666664,charging,65537266.666666664,0.0,0.0,0.0,0.0,24558625.762420706,1.0000000000000024,18,231,330.01602002496844,32.11,66260591.47713728,273.8576680598103,665.8082588345135,1445.0192142042224,11210.616829730126,2545018854.546141,2329020628.1408587,366.5585928325212,1176338623.895006,25821985.369197875,1150516638.525808,0.330583474508583,21.756317238103108,1605175134.9881825,35881412.65812195,0.7010828726017659
0.0,65537266.666666664,discharging,65537266.666666664,0.0,65537266.666666664,0.0,464.39835432769763,0.0,0.9413391552428196,19,231,0.0,30.35,66365809.57937197,1.0,654.1499999999965,1445.0192143476206,11210.616829523566,2545018854.499248,2329115691.0405307,366.5653994142689,1176348779.0978985,25927203.4717638,1150421575.6261346,0.33054616628508127,21.720544809941348,1615604053.8194113,35574671.14424317,0.6967274700389914
0.0,65537266.666666664,discharging,65537266.666666664,0.0,65537266.666666664,0.0,464.39835432769763,0.0,0.8826783104856368,20,231,0.0,28.77,66365809.579374716,1.0,654.15,1445.019214162093,11210.616829411663,2545018854.473844,2329115691.0178766,366.5653994143118,1176348779.037818,25927203.38902797,1150421575.64879,0.33054616629159045,21.72054481023909,1624966378.6792643,35734967.68041452,0.6927323676653592
0.0,65537266.666666664,discharging,65537266.666666664,0.0,65537266.666666664,0.0,464.39835432769763,0.0,0.824017465728454,21,231,0.0,28.03,66365809.579374716,1.0,654.15,1445.019214347631,11210.616829523628,2545018854.499262,2329115691.0405436,366.56539941426894,1176348779.097907,25927203.471782558,1150421575.6261246,0.33054616628507816,21.72054480994036,1629351265.0060306,35810043.27330413,0.6908769558277165
0.0,65537266.666666664,discharging,65537266.666666664,0.0,65537266.666666664,0.0,464.39835432769763,0.0,0.7653566209712712,22,231,0.0,26.35,66365809.579374716,1.0,654.15,1445.0192143110726,11210.616829313061,2545018854.4514594,2329115690.9979243,366.5653994143496,1176348779.0574322,25927203.38869026,1150421575.668742,0.3305461662973232,21.720544810501917,1639306142.072203,35980485.159864314,0.6867013423067102
0.0,65537266.666666664,discharging,65537266.666666664,0.0,65537266.666666664,0.0,464.39835432769763,0.0,0.7066957762140884,23,231,0.0,24.85,66365809.579374716,1.0,654.15,1445.0192141986302,11210.616829708117,2545018854.5411444,2329115691.0778875,366.5653994141983,1176348779.060924,25927203.472145725,1150421575.5887783,0.3305461662743476,21.720544809448192,1648194425.167,36132665.41572163,0.6830155389775096
0.0,65537266.666666664,discharging,65537266.666666664,0.0,65537266.666666664,0.0,464.39835432769763,0.0,0.6480349314569056,0,232,0.0,23.87,66365809.579374716,1.0,654.15,1445.0192142054827,11210.616829643131,2545018854.5263915,2329115691.064729,366.56539941422307,1176348779.0733345,25927203.47139604,1150421575.6019385,0.33054616627812883,21.720544809621686,1654001436.788934,36232089.84954841,0.6806287755336886
0.0,65537266.666666664,discharging,65537266.666666664,0.0,65537266.666666664,0.0,464.39835432769763,0.0,0.5893740866997228,1,232,0.0,23.12,66365809.579374716,1.0,654.15,1445.0192143110623,11210.616829313021,2545018854.4514503,2329115690.997916,366.5653994143496,1176348779.057428,25927203.38867746,1150421575.6687505,0.3305461662973257,21.72054481050203,1658445578.3363326,36308179.977477066,0.6788134087475688
0.0,65537266.666666664,discharging,65537266.666666664,0.0,65537266.666666664,0.0,464.39835432769763,0.0,0.5307132419425399,2,232,0.0,22.55,66365809.579374716,1.0,654.15,1445.0192143005509,11210.616829209192,2545018854.4278793,2329115690.976896,366.5653994143894,1176348779.0790985,25927203.389327265,1150421575.6897712,0.3305461663033655,21.720544810779103,1661823125.9123554,36366008.47470284,0.6774401934358169
0.0,65537266.666666664,discharging,65537266.666666664,0.0,65537266.666666664,0.0,464.39835432769763,0.0,0.472052397185357,3,232,0.0,21.93,66365809.579374716,1.0,654.15,1445.0192143513198,11210.61682960657,2545018854.5180917,2329115691.0573306,366.56539941423716,1176348779.081198,25927203.47186227,1150421575.6093357,0.33054616628025424,21.720544809719136,1665496949.5915382,36428909.64712387,0.6759528150797146
0.0,65537266.666666664,discharging,65537266.666666664,0.0,65537266.666666664,0.0,464.39835432769763,0.0,0.4133915524281741,4,232,0.0,21.45,66365809.579374716,1.0,654.15,1445.0192141652624,11210.616829435825,2545018854.4793296,2329115691.0227714,366.56539941430265,1176348779.0322344,25927203.388340425,1150421575.643894,0.33054616629018374,21.7205448101745,1668341200.1818736,36477607.328998215,0.6748057744175007
0.0,65537266.666666664,discharging,65537266.666666664,0.0,65537266.666666664,0.0,464.39835432769763,0.0,0.35473070767099124,5,232,0.0,21.07,66365809.579374716,1.0,654.15,1445.0192143395475,11210.616829503728,2545018854.4947443,2329115691.036512,366.5653994142766,1176348779.102643,25927203.472490113,1150421575.630153,0.33054616628623557,21.72054480999349,1670592898.5658886,36516159.660482064,0.6739004576692964
75916806.08470178,65537266.666666664,charging,65537266.666666664,10379539.418035112,0.0,73.54961946966014,0.0,0.0,0.36402118591979044,6,232,293.76126970645504,20.69,66374732.08160515,317.23018884276394,665.8100859462564,1445.0192143463732,11210.616829610648,2545018854.519017,2329123752.4175467,366.5659766171256,1176349640.2231781,25936125.974057302,1150413514.249121,0.33054300263841446,21.717516521385928,1672844596.949904,37081767.48624279,0.6727854123873184
167512225.30558953,65537266.666666664,charging,65537266.666666664,101974958.63892287,0.0,722.5965528195787,0.0,0.0,0.45529653996015823,7,232,560.523021031659,23.68,67381978.751741,699.9759026726518,665.8151500414649,1445.019214204237,11210.616829644196,2545018854.5266333,2330033801.6455884,366.63114042354385,1176446837.6648436,26943372.64376296,1149503465.0210805,0.33018596409039785,21.38081302293749,1655127285.980942,37342120.46429639,0.6791871455067711
207979808.04282704,65537266.666666664,charging,65537266.666666664,142442541.37616038,0.0,1009.3506361471265,0.0,0.0,0.582793462420848,8,232,695.7974576250384,27.6,67826988.3199831,869.0759949423549,665.8173396540687,1445.0192143395427,11210.616829589755,2545018854.514274,2330435878.4155583,366.65993303118347,1176489770.4642706,27388382.213161953,1149101388.2511086,0.3300282846062842,21.235239548415475,1631899239.4932055,37189506.35258138,0.688460329692546
208657408.63377246,65537266.666666664,charging,65537266.666666664,143120141.9671058,0.0,1014.1521271968986,0.0,0.0,0.7108968890141404,9,232,734.8611297828256,29.84,67834439.68539761,871.9074544637893,665.8173760738256,1445.0192142091587,11210.61682972598,2545018854.5451994,2330442610.981058,366.6604151568232,1176490489.2630804,27395833.577472642,1149094655.6856077,0.3300256446970622,21.232818281801407,1618626070.0716424,36965379.16090974,0.6940689722807336
204091640.1819064,65537266.666666664,charging,65537266.666666664,138554373.51523975,0.0,981.7990025835043,0.0,0.0,0.8349136051299515,10,232,767.0117938921255,31.58,67784231.33318357,852.8286804360487,665.8171305180886,1445.0192143427048,11210.616829527808,2545018854.5002112,2330397246.18242,366.6571665349281,1176485645.7098331,27345625.225585025,1149140020.4842482,0.33004343294536653,21.249143406346526,1608315661.6816776,36760864.90509516,0.6985328657436378
196569812.45429802,65537266.666666664,charging,65537266.666666664,131032545.78763136,0.0,928.4991840847503,0.0,0.0,0.9521977125932882,11,232,777.2858159234362,32.92,67701516.10575537,821.3975526853675,665.8167251882355,1445.0192143042375,11210.616829292127,2545018854.4467072,2330322510.602196,366.6518146727501,1176477665.9802558,27262909.915784523,1149214756.0644712,0.33007273907553547,21.27609086208726,1600375462.1169925,36579734.01379858,0.7020441113970783
188578500.08612818,65537266.666666664,charging,65537266.666666664,53405832.63023804,0.0,378.43477530315585,0.0,69635400.78922348,1.0000000000000027,12,232,755.9468586437627,34.01,66847879.00243246,497.0222510336122,665.8124837107683,1445.0192141640093,11210.616829350825,2545018854.460033,2329551237.639128,366.59658578407283,1176395301.8388605,26409272.81132396,1149986029.0275366,0.330375261718449,21.55808888043939,1593916643.068107,36008874.002179615,0.705545141163617
207193539.80651796,65537266.666666664,charging,65537266.666666664,0.0,0.0,0.0,0.0,141656273.1398513,1.0000000000000027,13,232,796.886204239428,34.73,66260591.47713699,273.85766805981024,665.8082588345136,1445.0192141689379,11210.616829432696,2545018854.478619,2329020628.080655,366.55859283263476,1176338623.8721132,25821985.28610232,1150516638.586011,0.3305834745258814,21.756317238897786,1589650267.1826038,35620672.80191457,0.7078922106347205
224516912.76192573,65537266.666666664,charging,65537266.666666664,0.0,0.0,0.0,0.0,158979646.09525907,1.0000000000000027,14,232,805.6588998581835,35.1,66260591.47713728,273.8576680598103,665.8082588345135,1445.0192143005452,11210.6168292952,2545018854.447405,2329020628.052827,366.55859283268745,1176338623.9009879,25821985.28714931,1150516638.6138387,0.3305834745338772,21.75631723926494,1587457824.0192208,35583850.76115263,0.7088645082200518
232697990.78415674,65537266.666666664,charging,65537266.666666664,0.0,0.0,0.0,0.0,167160724.11749008,1.0000000000000027,15,232,778.4868831083304,35.08,66260591.47713728,273.8576680598103,665.8082588345135,1445.0192143463742,11210.616829524588,2545018854.4994802,2329020628.0992565,366.5585928325998,1176338623.9369283,25821985.369517874,1150516638.5674105,0.33058347452053677,21.756317238652183,1587576334.460485,35585841.14173437,0.7088118832861234
223254240.11238116,65537266.666666664,charging,65537266.666666664,0.0,0.0,0.0,0.0,157716973.4457145,1.0000000000000027,16,232,718.5157659297184,34.61,66260591.47713728,273.8576680598103,665.8082588345135,1445.0192143073916,11210.616829316179,2545018854.4521675,2329020628.0570736,366.55859283267944,1176338623.8960416,25821985.28644804,1150516638.6095936,0.33058347453265746,21.75631723920892,1590361329.8301876,35632615.085405126,0.7075774434506387
184383942.35829353,65537266.666666664,charging,65537266.666666664,0.0,0.0,0.0,0.0,118846675.69162688,1.0000000000000027,17,232,599.0854187556287,33.87,66260591.47713728,273.8576680598103,665.8082588345135,1445.0192141584105,11210.616829328736,2545018854.455018,2329020628.0596128,366.5585928326746,1176338623.89377,25821985.286716357,1150516638.6070535,0.3305834745319276,21.75631723917542,1594746216.1569543,35706259.16692931,0.7056425477096518
91064597.98942238,65537266.666666664,charging,65537266.666666664,0.0,0.0,0.0,0.0,25527331.322755717,1.0000000000000027,18,232,332.4509218993097,32.29,66260591.47713728,273.8576680598103,665.8082588345135,1445.0192143073932,11210.616829316215,2545018854.4521756,2329020628.057081,366.55859283267944,1176338623.8960435,25821985.286457088,1150516638.6095865,0.3305834745326554,21.756317239208812,1604108541.0168068,35863499.23288634,0.7015464961429556
0.0,65537266.666666664,discharging,65537266.666666664,0.0,65537266.666666664,0.0,464.39835432769763,0.0,0.94133915524282,19,232,0.0,29.7,66365809.57937197,1.0,654.1499999999965,1445.0192143426866,11210.616829613726,2545018854.519716,2329115691.058776,366.5653994142342,1176348779.0797002,25927203.471810814,1150421575.6078894,0.33054616627983896,21.720544809700986,1619455643.16049,35640615.92178134,0.6950783492470599
0.0,65537266.666666664,discharging,65537266.666666664,0.0,65537266.666666664,0.0,464.39835432769763,0.0,0.8826783104856372,20,232,0.0,27.83,66365809.579374716,1.0,654.15,1445.0192141973878,11210.616829623166,2545018854.521859,2329115691.0606904,366.5653994142308,1176348779.0780613,25927203.47208549,1150421575.6059759,0.3305461662792889,21.720544809674855,1630536369.4186702,35830333.97408511,0.6903771980463214
0.0,65537266.666666664,discharging,65537266.666666664,0.0,65537266.666666664,0.0,464.39835432769763,0.0,0.8240174657284542,21,232,0.0,26.63,66365809.579374716,1.0,654.15,1445.019214351299,11210.61682960646,2545018854.518067,2329115691.057309,366.5653994142373,1176348779.0811882,25927203.471829828,1150421575.6093583,0.33054616628026073,21.720544809719424,1637646995.894508,35952078.17877095,0.6873937691716163
0.0,65537266.666666664,discharging,65537266.666666664,0.0,65537266.666666664,0.0,464.39835432769763,0.0,0.7653566209712714,22,232,0.0,25.75,66365809.579374716,1.0,654.15,1445.0192141689301,11210.616829346567,2545018854.4590664,2329115691.004703,366.56539941433664,1176348779.0502117,25927203.38824914,1150421575.6619625,0.3305461662953753,21.72054481041263,1642861455.3101223,36041357.26220724,0.6852222576834838
0.0,65537266.666666664,discharging,65537266.666666664,0.0,65537266.666666664,0.0,464.39835432769763,0.0,0.7066957762140886,23,232,0.0,24.92,66365809.579374716,1.0,654.15,1445.0192143444572,11210.616829585475,2545018854.5133023,2329115691.0530596,366.56539941424523,1176348779.0861351,25927203.472528897,1150421575.6136062,0.33054616628148126,21.72054480977543,1647779638.6225762,36125563.670448296,0.6831866627925625
0.0,65537266.666666664,discharging,65537266.666666664,0.0,65537266.666666664,0.0,464.39835432769763,0.0,0.6480349314569058,0,233,0.0,24.49,66365809.579374716,1.0,654.15,1445.0192143427046,11210.616829613802,2545018854.5197334,2329115691.058796,366.56539941423443,1176348779.0797057,25927203.471835747,1150421575.6078699,0.3305461662798331,21.7205448096998,1650327613.1097515,36169188.67712738,0.6821368261054358
0.0,65537266.666666664,discharging,65537266.666666664,0.0,65537266.666666664,0.0,464.39835432769763,0.0,0.589374086699723,1,233,0.0,24.36,66365809.579374716,1.0,654.15,1445.0192141639907,11210.616829350696,2545018854.4600034,2329115691.005537,366.56539941433516,1176348779.0493596,25927203.388227876,1150421575.6611316,0.33054616629513656,21.720544810401723,1651097930.9779673,36182377.63263502,0.6818200685388492
0.0,65537266.666666664,discharging,65537266.666666664,0.0,65537266.666666664,0.0,464.39835432769763,0.0,0.5307132419425401,2,233,0.0,23.87,66365809.579374716,1.0,654.15,1445.0192142023136,11210.616829705014,2545018854.54044,2329115691.0772552,366.56539941419953,1176348779.0615656,25927203.472153414,1150421575.5894122,0.3305461662745297,21.72054480945662,1654001436.788934,36232089.84954841,0.6806287755262777
0.0,65537266.666666664,discharging,65537266.666666664,0.0,65537266.666666664,0.0,464.39835432769763,0.0,0.47205239718535724,3,233,0.0,23.41,66365809.579374716,1.0,654.15,1445.0192143073928,11210.616829230175,2545018854.432643,2329115690.9811444,366.5653994143813,1176348779.074151,25927203.388627097,1150421575.685524,0.3305461663021451,21.72054481072312,1656727176.938005,36278758.46134465,0.6795142011207186
0.0,65537266.666666664,discharging,65537266.666666664,0.0,65537266.666666664,0.0,464.39835432769763,0.0,0.4133915524281744,4,233,0.0,23.02,66365809.579374716,1.0,654.15,1445.019214311066,11210.61682931303,2545018854.4514527,2329115690.997918,366.5653994143496,1176348779.0574303,25927203.38868011,1150421575.66875,0.3305461662973255,21.720544810502027,1659038130.5426528,36318325.32786756,0.6785720912467574
0.0,65537266.666666664,discharging,65537266.666666664,0.0,65537266.666666664,0.0,464.39835432769763,0.0,0.35473070767099146,5,233,0.0,22.76,66365809.579374716,1.0,654.15,1445.0192143042423,11210.616829292167,2545018854.4467163,2329115690.9936924,366.5653994143576,1176348779.0623899,25927203.389415815,1150421575.672974,0.3305461662985392,21.72054481055773,1660578766.279084,36344703.238882825,0.6779454679825757
51552259.130136415,65537266.666666664,direct_plus_discharge,65537266.666666664,0.0,13985007.536530249,0.0,99.09803712531644,0.0,0.34221306087621467,6,233,218.7100803875962,22.6,66280412.35025884,215.41913763966696,663.3084598961834,1445.0192141689347,11210.61682934661,2545018854.459076,2329038535.8923345,366.5598750420643,1176340536.9334772,25841806.159144312,1150498730.7743328,0.33057644628048594,21.749569785802993,1661526849.8091955,36727899.24699299,0.6774594514831928
161652248.81744415,65537266.666666664,charging,65537266.666666664,96114982.15077749,0.0,681.0726447302313,0.0,0.0,0.4282432896842439,7,233,542.5260267034276,23.56,67317538.39155456,675.4890789530256,665.8148305794358,1445.0192143073916,11210.616829316194,2545018854.452171,2329975578.6720695,366.6269711996895,1176440620.1954677,26878932.200882565,1149561687.994585,0.33020880035140604,21.402052551870902,1655838348.6285257,37318526.80634302,0.6789457637818307
202992852.00994503,65537266.666666664,charging,65537266.666666664,137455585.34327838,0.0,974.0129680909622,0.0,0.0,0.5512765067062602,8,233,680.9709721615098,26.86,67772148.2974034,848.2372230596595,665.8170713690282,1445.019214299292,11210.616829210174,2545018854.4281025,2330386328.742775,366.6563847317261,1176484480.031225,27333542.10733441,1149150937.9238906,0.330047713916555,21.253075787684896,1636284125.8199723,37234748.33423118,0.6866674500487313
204241688.26779673,65537266.666666664,charging,65537266.666666664,138704421.60113007,0.0,982.8622462569383,0.0,0.0,0.6754275272860839,9,233,722.2622662162811,29.0,67785881.36585763,853.4556797143058,665.8171385937223,1445.0192142054725,11210.6168297291,2545018854.545908,2330398737.076165,366.65727329627975,1176485804.848429,27347275.257928163,1149138529.5905008,0.3300428483384249,21.248606517408216,1623603508.6047287,37024426.20423018,0.691990364309209
204168295.11429292,65537266.666666664,charging,65537266.666666664,138631028.44762626,0.0,982.3421809347233,0.0,0.0,0.7995128554041543,10,233,770.3347972935937,30.65,67785074.28390956,853.148995000515,665.8171346437293,1445.0192143073928,11210.616829316232,2545018854.4521794,2330398007.77033,366.6572210761251,1176485726.989571,27346468.09323456,1149139258.8963366,0.33004313430595,21.248869123927406,1613826397.2004519,36856003.07808839,0.6961601206279464
200643025.94081917,65537266.666666664,charging,65537266.666666664,135105759.27415252,0.0,957.3620545731819,0.0,0.0,0.920442799139714,11,233,796.4030261287461,31.88,67746307.98242289,838.4181091361266,665.8169448045579,1445.0192142023275,11210.616829619044,2545018854.5209236,2330362981.361934,366.65471280119897,1176481987.179887,27307701.875154,1149174285.304733,0.3300568690688577,21.26149013127763,1606538005.0627182,36709764.85277289,0.6993311090048415
192584016.73456287,65537266.666666664,charging,65537266.666666664,88883164.05289875,0.0,629.827840143953,0.0,38163586.01499747,1.0000000000000029,12,233,775.5953178024838,32.81,67238012.31088176,645.2698015732271,665.8144354888827,1445.019214351308,11210.616829606519,2545018854.51808,2329903725.8052635,366.62182599342486,1176432947.0647554,26799406.203367595,1149633540.8613877,0.3302369837385089,21.42832044730942,1601027269.5439441,36340300.95151175,0.7021230672801934
206718204.16459745,65537266.666666664,charging,65537266.666666664,0.0,0.0,0.0,0.0,141180937.4979308,1.0000000000000029,13,233,800.3672827115373,33.37,66260591.477134325,273.85766805981024,665.8082588345142,1445.0192143073953,11210.616829230159,2545018854.432639,2329020628.039655,366.55859283271207,1176338623.9133933,25821985.28638639,1150516638.6270068,0.3305834745376612,21.756317239439767,1597708977.1885533,35756018.68147111,0.7043411652749944
223985180.33370307,65537266.666666664,charging,65537266.666666664,0.0,0.0,0.0,0.0,158447913.6670364,1.0000000000000029,14,233,808.6004068130735,33.51,66260591.47713728,273.8576680598103,665.8082588345135,1445.0192141973853,11210.616829709188,2545018854.5413876,2329020628.1366186,366.5585928325293,1176338623.8999567,25821985.36990997,1150516638.5300467,0.3305834745098009,21.756317238159067,1596879404.0997057,35742086.01740054,0.7047050681952749
227217305.11096925,65537266.666666664,charging,65537266.666666664,0.0,0.0,0.0,0.0,161680038.4443026,1.0000000000000029,15,233,764.7989504338382,33.2,66260591.47713728,273.8576680598103,665.8082588345135,1445.0192141652376,11210.616829435674,2545018854.479295,2329020628.081259,366.55859283263385,1176338623.8714666,25821985.286059085,1150516638.5854075,0.33058347452570797,21.75631723888972,1598716315.939297,35772936.91641742,0.7038997880073368
218079444.26086086,65537266.666666664,charging,65537266.666666664,0.0,0.0,0.0,0.0,152542177.5941942,1.0000000000000029,16,233,704.5092832644384,32.25,66260591.47713728,273.8576680598103,665.8082588345135,1445.0192143476227,11210.616829523562,2545018854.499247,2329020628.099047,366.5585928326001,1176338623.937145,25821985.369526833,1150516638.5676181,0.33058347452059644,21.756317238654937,1604345561.8993351,35867479.99404982,0.7014434156916078
170799938.95688468,65537266.666666664,charging,65537266.666666664,0.0,0.0,0.0,0.0,105262672.29021803,1.0000000000000029,17,233,559.7097084376079,31.37,66260591.47713728,273.8576680598103,665.8082588345135,1445.0192143358543,11210.616829592796,2545018854.5149646,2329020628.11306,366.5585928325736,1176338623.9238966,25821985.370289907,1150516638.5536067,0.3305834745165705,21.756317238470032,1609560021.3149493,35955056.73964614,0.6991832854632977
80538193.91942361,65537266.666666664,charging,65537266.666666664,0.0,0.0,0.0,0.0,15000927.252756946,1.0000000000000029,18,233,301.19857476258244,29.84,66260591.47713728,273.8576680598103,665.8082588345135,1445.0192143426866,11210.616829527638,2545018854.5001726,2329020628.099871,366.5585928325986,1176338623.9362912,25821985.369494956,1150516638.5667963,0.3305834745203603,21.75631723864412,1618626070.0716424,36107320.854148835,0.6952882227892341
0.0,65537266.666666664,discharging,65537266.666666664,0.0,65537266.666666664,0.0,464.39835432769763,0.0,0.9413391552428201,19,233,0.0,27.6,66365809.57937197,1.0,654.1499999999965,1445.01921416032,11210.61682943989,2545018854.4802523,2329115691.023592,366.5653994143008,1176348779.0313756,25927203.3883048,1150421575.643071,0.33054616628994754,21.720544810164554,1631899239.4932055,35853668.27998157,0.6898033697204785
0.0,65537266.666666664,discharging,65537266.666666664,0.0,65537266.666666664,0.0,464.39835432769763,0.0,0.8826783104856373,20,233,0.0,26.29,66365809.579374716,1.0,654.15,1445.0192143005504,11210.61682929523,2545018854.4474115,2329115690.994309,366.5653994143565,1176348779.061753,25927203.389394227,1150421575.6723588,0.3305461662983624,21.720544810549686,1639661673.395995,35986572.370098606,0.6865531465682971
0.0,65537266.666666664,discharging,65537266.666666664,0.0,65537266.666666664,0.0,464.39835432769763,0.0,0.8240174657284545,21,233,0.0,25.25,66365809.579374716,1.0,654.15,1445.0192143463782,11210.61682952464,2545018854.499492,2329115691.040748,366.5653994142685,1176348779.0976877,25927203.471769188,1150421575.6259186,0.3305461662850189,21.720544809937643,1645824216.341721,36092084.01415968,0.6839945456159133
0.0,65537266.666666664,discharging,65537266.666666664,0.0,65537266.666666664,0.0,464.39835432769763,0.0,0.7653566209712716,22,233,0.0,23.94,66365809.579374716,1.0,654.15,1445.0192141640034,11210.616829436824,2545018854.479556,2329115691.0229735,366.5653994143022,1176348779.0320163,25927203.388322644,1150421575.6436937,0.3305461662901262,21.720544810171866,1653586650.2445104,36224988.10427506,0.6807987053325295
0.0,65537266.666666664,discharging,65537266.666666664,0.0,65537266.666666664,0.0,464.39835432769763,0.0,0.7066957762140887,23,233,0.0,22.64,66365809.579374716,1.0,654.15,1445.0192143444553,11210.61682949944,2545018854.493771,2329115691.035647,366.5653994142782,1176348779.1034818,25927203.472461723,1150421575.63102,0.33054616628648475,21.72054481000488,1661289828.9266677,36356877.659351416,0.6776566473860318
0.0,65537266.666666664,discharging,65537266.666666664,0.0,65537266.666666664,0.0,464.39835432769763,0.0,0.6480349314569059,0,234,0.0,21.96,66365809.579374716,1.0,654.15,1445.0192141652467,11210.616829435707,2545018854.4793024,2329115691.0227475,366.5653994143027,1176348779.0322251,25927203.38830577,1150421575.6439195,0.33054616629019107,21.720544810174843,1665319183.9296424,36425866.04200673,0.6760246346320122
0.0,65537266.666666664,discharging,65537266.666666664,0.0,65537266.666666664,0.0,464.39835432769763,0.0,0.5893740866997231,1,234,0.0,21.31,66365809.579374716,1.0,654.15,1445.0192143476163,11210.616829609557,2545018854.5187697,2329115691.0579333,366.5653994142359,1176348779.080553,25927203.471819717,1150421575.6087334,0.3305461662800812,21.720544809711225,1669170773.2707212,36491810.8195449,0.6744719537963738
0.0,65537266.666666664,discharging,65537266.666666664,0.0,65537266.666666664,0.0,464.39835432769763,0.0,0.5307132419425402,2,234,0.0,20.76,66365809.579374716,1.0,654.15,1445.0192142956223,11210.61682921333,2545018854.4288187,2329115690.9777355,366.5653994143878,1176348779.0782433,25927203.389313493,1150421575.6889298,0.3305461663031237,21.720544810767976,1672429810.4054801,36547610.246692576,0.6731637070137011
0.0,65537266.666666664,discharging,65537266.666666664,0.0,65537266.666666664,0.0,464.39835432769763,0.0,0.4720523971853574,3,234,0.0,20.26,66365809.579374716,1.0,654.15,1445.0192142091737,11210.616829726132,2545018854.545234,2329115691.081533,366.56539941419135,1176348779.0566251,25927203.471490774,1150421575.5851343,0.3305461662733005,21.720544809400195,1675392571.4370792,36598336.998645015,0.6719787879225915
0.0,65537266.666666664,discharging,65537266.666666664,0.0,65537266.666666664,0.0,464.39835432769763,0.0,0.4133915524281745,4,234,0.0,19.81,66365809.579374716,1.0,654.15,1445.0192142054746,11210.616829643064,2545018854.5263762,2329115691.0647182,366.5653994142232,1176348779.0733275,25927203.471378163,1150421575.6019495,0.330546166278132,21.720544809621796,1678059056.365518,36643991.07540221,0.6709159217503443
0.0,65537266.666666664,discharging,65537266.666666664,0.0,65537266.666666664,0.0,464.39835432769763,0.0,0.35473070767099163,5,234,0.0,19.37,66365809.579374716,1.0,654.15,1445.01921434078,11210.616829588615,2545018854.514015,2329115691.0536933,366.565399414244,1176348779.085505,25927203.472532026,1150421575.612973,0.33054616628129935,21.72054480976711,1680666286.0733252,36688630.617120355,0.6698799208203142
56156412.62495826,65537266.666666664,direct_plus_discharge,65537266.666666664,0.0,9380854.041708402,0.0,66.47291534624647,0.0,0.34633412889041315,6,234,233.3575153334577,18.96,66273020.52088035,234.65830954310312,664.2257116234896,1445.0192143110783,11210.616829313121,2545018854.451473,2329031857.489295,366.5593968653227,1176339823.5075839,25834414.33021242,1150505409.1773715,0.3305790673299474,21.752085652390523,1683095750.1192365,37127789.18522884,0.6688115718045302
157451987.5141191,65537266.666666664,charging,65537266.666666664,91914720.84745245,0.0,651.3095109252848,0.0,-1.4901161193847656e-08,0.42860480395465966,7,234,530.4302320195299,20.93,67271349.40911163,657.9376334278871,665.8146012230095,1445.0192143073846,11210.61682923009,2545018854.4326234,2329933846.2399483,366.623982842318,1176436163.6450593,26832743.218340673,1149603420.4267187,0.3302251692106233,21.417301463937747,1671422471.654736,37558635.9932559,0.672683516091571
204259581.57413572,65537266.666666664,charging,65537266.666666664,138722314.90746906,0.0,982.989038575873,0.0,0.0,0.5527718404063489,8,234,685.8668827606504,24.91,67786078.13304792,853.5304496795015,665.8171395567186,1445.0192141534758,11210.616829418896,2545018854.475486,2330398914.798322,366.6572860277546,1176485823.8110185,27347471.94267349,1149138351.868345,0.33004277864322984,21.248542495760844,1647838893.8432083,37440931.924003646,0.681867980793758
208475515.58344233,65537266.666666664,charging,65537266.666666664,142938248.91677567,0.0,1012.8632294821588,0.0,0.0,0.6807124588672531,9,234,738.1251059107104,27.27,67832439.46343456,871.147386045723,665.8173662981997,1445.019214302473,11210.616829234401,2545018854.4336023,2330440803.6193027,366.6602857366091,1176490296.3200586,27393833.272696108,1149096463.0473626,0.330026353371687,21.23346818823816,1633854661.7740612,37226116.325749665,0.687636694830517
203092862.4724939,65537266.666666664,charging,65537266.666666664,137555595.80582723,0.0,974.7216441860375,0.0,0.0,0.8038351928696998,10,234,769.8863707127,29.23,67773248.08171922,848.6551323416337,665.8170767535802,1445.0192143024697,11210.61682932043,2545018854.4531326,2330387322.452124,366.656455890491,1176484586.105589,27334641.891045116,1149149944.2145438,0.33004732426147143,21.252717808550592,1622240638.530193,36994111.48331256,0.6925782769467612
194966695.24937806,65537266.666666664,charging,65537266.666666664,129429428.5827114,0.0,917.139464193687,0.0,0.0,0.9196843883467971,11,234,780.1483849493192,30.82,67683887.11862661,814.6986779581241,665.8166386731743,1445.0192141986217,11210.616829708066,2545018854.541133,2330306582.4279456,366.6506740446872,1176475965.2501016,27245281.011381105,1149230684.2387204,0.3300789851975336,21.281842650358506,1612819058.4497082,36783681.30753707,0.6966711781818697
190886757.06201142,65537266.666666664,charging,65537266.666666664,89730478.31480591,0.0,635.8319255878797,0.0,35619012.080538854,1.000000000000003,12,234,774.3886771357901,31.87,67247329.96538301,648.8104360806125,665.8144818277405,1445.0192143513113,11210.616829520519,2545018854.498556,2329912144.4090137,366.62242882757084,1176433846.1154501,26808723.857796825,1149625122.2576532,0.33023368157788574,21.425239562772425,1606597260.2833505,36440279.13384532,0.6996949824198407
204970708.81811562,65537266.666666664,charging,65537266.666666664,0.0,0.0,0.0,0.0,139433442.15144897,1.000000000000003,13,234,799.5025129027582,32.37,66260591.47713682,273.8576680598103,665.8082588345135,1445.0192142054748,11210.616829729071,2545018854.5459013,2329020628.140645,366.5585928325216,1176338623.8952212,25821985.369200207,1150516638.526021,0.3305834745086442,21.75631723810606,1603634499.2517514,35855537.71055915,0.7017527478591623
218012922.9707142,65537266.666666664,charging,65537266.666666664,0.0,0.0,0.0,0.0,152475656.30404755,1.000000000000003,14,234,792.9984383754448,32.42,66260591.47713728,273.8576680598103,665.8082588345135,1445.0192143042395,11210.616829206143,2545018854.4271874,2329020628.034797,366.55859283272144,1176338623.9189851,25821985.28711454,1150516638.6318705,0.3305834745390584,21.756317239503005,1603338223.1485915,35850561.759105064,0.7018817168741529
221812576.2983037,65537266.666666664,charging,65537266.666666664,0.0,0.0,0.0,0.0,156275309.63163704,1.000000000000003,15,234,751.1346837734047,32.06,66260591.47713728,273.8576680598103,665.8082588345135,1445.019214351319,11210.61682960656,2545018854.5180893,2329020628.1158442,366.5585928325685,1176338623.920444,25821985.36962156,1150516638.5508225,0.33058347451577047,21.75631723843332,1605471411.0913424,35886388.60957629,0.700954197043731
219339826.45090282,65537266.666666664,charging,65537266.666666664,0.0,0.0,0.0,0.0,153802559.78423616,1.000000000000003,16,234,709.43923060597,31.17,66260591.47713728,273.8576680598103,665.8082588345135,1445.0192142054843,11210.616829729184,2545018854.545927,2329020628.140669,366.5585928325216,1176338623.8952298,25821985.369231336,1150516638.5259986,0.33058347450863773,21.756317238105613,1610745125.727589,35974960.54546348,0.6986716492478763
176671478.76318336,65537266.666666664,charging,65537266.666666664,0.0,0.0,0.0,0.0,111134212.0965167,1.000000000000003,17,234,577.805123496345,29.96,66260591.47713728,273.8576680598103,665.8082588345135,1445.0192141937184,11210.61682962636,2545018854.5225844,2329020628.1198545,366.5585928325609,1176338623.9166784,25821985.369865786,1150516638.5468125,0.3305834745146183,21.756317238380355,1617915007.4240587,36095378.57065843,0.6955921488092078
92935775.54861636,65537266.666666664,charging,65537266.666666664,0.0,0.0,0.0,0.0,27398508.8819497,1.000000000000003,18,234,338.58818241850145,28.33,66260591.47713728,273.8576680598103,665.8082588345135,1445.019214346377,11210.616829610664,2545018854.519021,2329020628.1166797,366.5585928325668,1176338623.9195826,25821985.36959521,1150516638.5499873,0.3305834745155305,21.756317238422216,1627573608.3870711,36257594.5880698,0.6914863938677901
0.0,65537266.666666664,discharging,65537266.666666664,0.0,65537266.666666664,0.0,464.39835432769763,0.0,0.9413391552428202,19,234,0.0,26.87,66365809.57937197,1.0,654.1499999999965,1445.0192143110783,11210.61682922708,2545018854.43194,2329115690.9805136,366.56539941438234,1176348779.0747883,25927203.38863897,1150421575.6861494,0.3305461663023251,21.720544810732267,1636224870.59934,35927729.33783212,0.6879883903714136
0.0,65537266.666666664,discharging,65537266.666666664,0.0,65537266.666666664,0.0,464.39835432769763,0.0,0.8826783104856374,20,234,0.0,25.54,66365809.579374716,1.0,654.15,1445.0192142956244,11210.616829299395,2545018854.448357,2329115690.995153,366.5653994143547,1176348779.0609014,25927203.389387082,1150421575.6715143,0.3305461662981198,21.72054481053854,1644105814.9433935,36062662.498027265,0.684706082227771
0.0,65537266.666666664,discharging,65537266.666666664,0.0,65537266.666666664,0.0,464.39835432769763,0.0,0.8240174657284546,21,234,0.0,24.43,66365809.579374716,1.0,654.15,1445.0192141640066,11210.616829436809,2545018854.4795527,2329115691.0229707,366.5653994143022,1176348779.032015,25927203.38831933,1150421575.6436958,0.3305461662901268,21.720544810171894,1650683144.4335434,36175275.88736168,0.6819905937481353
0.0,65537266.666666664,discharging,65537266.666666664,0.0,65537266.666666664,0.0,464.39835432769763,0.0,0.7653566209712718,22,234,0.0,23.17,66365809.579374716,1.0,654.15,1445.019214311081,11210.6168292271,2545018854.431945,2329115690.980521,366.56539941438245,1176348779.0747898,25927203.38864405,1150421575.6861458,0.3305461663023238,21.720544810731315,1658149302.2331727,36303107.30228182,0.6789341318836695
0.0,65537266.666666664,discharging,65537266.666666664,0.0,65537266.666666664,0.0,464.39835432769763,0.0,0.706695776214089,23,234,0.0,21.69,66365809.579374716,1.0,654.15,1445.019214300549,11210.616829295239,2545018854.4474134,2329115690.994311,366.5653994143565,1176348779.0617537,25927203.389396437,1150421575.6723573,0.330546166298362,21.72054481054967,1666919074.8867059,36453258.48806104,0.6753788077519794
0.0,65537266.666666664,discharging,65537266.666666664,0.0,65537266.666666664,0.0,464.39835432769763,0.0,0.648034931456906,0,235,0.0,20.98,66365809.579374716,1.0,654.15,1445.0192141603143,11210.616829353843,2545018854.4607177,2329115691.006172,366.5653994143339,1176348779.0487278,25927203.388233647,1150421575.660494,0.33054616629495337,21.72054481039334,1671126195.5515761,36525290.475833505,0.6736863962428155
0.0,65537266.666666664,discharging,65537266.666666664,0.0,65537266.666666664,0.0,464.39835432769763,0.0,0.5893740866997232,1,235,0.0,20.37,66365809.579374716,1.0,654.15,1445.019214307386,11210.616829316186,2545018854.452169,2329115690.9985533,366.56539941434835,1176348779.0567985,25927203.38868567,1150421575.6681128,0.33054616629714245,21.720544810493678,1674740764.010127,36587177.113215476,0.6722391121090199
0.0,65537266.666666664,discharging,65537266.666666664,0.0,65537266.666666664,0.0,464.39835432769763,0.0,0.5307132419425404,2,235,0.0,19.77,66365809.579374716,1.0,654.15,1445.0192142023222,11210.616829705037,2545018854.5404453,2329115691.07726,366.56539941419953,1176348779.0615697,25927203.47216158,1150421575.5894082,0.33054616627452854,21.720544809456566,1678296077.248046,36648049.21555841,0.6708216074430942
0.0,65537266.666666664,discharging,65537266.666666664,0.0,65537266.666666664,0.0,464.39835432769763,0.0,0.4720523971853575,3,235,0.0,19.21,66365809.579374716,1.0,654.15,1445.0192143110683,11210.616829227025,2545018854.4319277,2329115690.9805055,366.56539941438245,1176348779.0747826,25927203.388621755,1150421575.6861608,0.3305461663023281,21.72054481073152,1681614369.603437,36704863.17774513,0.6695039860690777
0.0,65537266.666666664,discharging,65537266.666666664,0.0,65537266.666666664,0.0,464.39835432769763,0.0,0.41339155242817466,4,235,0.0,18.69,66365809.579374716,1.0,654.15,1445.0192143513107,11210.616829606499,2545018854.5180755,2329115691.057317,366.5653994142373,1176348779.0811915,25927203.47184241,1150421575.6093493,0.3305461662802581,21.720544809719307,1684695641.0763,36757618.99977567,0.6682851067118192
0.0,65537266.666666664,discharging,65537266.666666664,0.0,65537266.666666664,0.0,464.39835432769763,0.0,0.35473070767099174,5,235,0.0,18.25,66365809.579374716,1.0,654.15,1445.0192141583952,11210.616829328665,2545018854.455002,2329115691.0010805,366.5653994143436,1176348779.0545187,25927203.38893258,1150421575.6655862,0.3305461662964165,21.720544810460368,1687302870.784107,36802258.54149382,0.6672572084485265
67473864.344128,65537266.666666664,charging,65537266.666666664,1936597.6774613336,0.0,13.722769046535632,0.0,0.0,0.3564641100768699,6,235,267.4255478091548,17.87,66281887.64651576,281.95004283975135,665.809611434898,1445.019214205481,11210.616829729159,2545018854.5459213,2329039868.8758683,366.55997047875076,1176340679.3294003,25843281.53860202,1150497397.7907982,0.33057592313845685,21.749067723418513,1689554569.168122,37310610.25489297,0.666234638059704
166364956.6126721,65537266.666666664,charging,65537266.666666664,100827689.94600543,0.0,714.4669844066573,0.0,0.0,0.4467125712650793,7,235,557.2604284314634,19.82,67369362.59065725,695.1818618946254,665.8150875450036,1445.0192143024506,11210.616829320288,2545018854.4531,2330022402.6646147,366.6303241684768,1176445620.4019957,26930756.39986309,1149514864.0021327,0.33019043493469546,21.384968109130817,1677999801.144886,37725693.4587967,0.6699876335798463
201115181.93058202,65537266.666666664,charging,65537266.666666664,135577915.26391536,0.0,960.7077611579112,0.0,0.0,0.5680651305692365,8,235,676.9170913705867,23.79,67751500.13670899,840.3910864190302,665.8169702431745,1445.0192143005513,11210.616829209192,2545018854.4278793,2330367672.537237,366.6550487457464,1176482488.076091,27312893.94666147,1149169594.1294296,0.3300550295115283,21.259798903384983,1654475478.5539901,37535793.19363321,0.6791737226091229
203581923.17133138,65537266.666666664,charging,65537266.666666664,138044656.50466472,0.0,978.187137870137,0.0,0.0,0.6916256111423064,9,235,723.9529873996906,26.43,67778626.13189444,850.6987485822153,665.8171030820363,1445.019214311084,11210.616829313145,2545018854.4514785,2330392181.6755195,366.65680386399663,1176485104.9323812,27340019.94123326,1149145084.991148,0.3300454188461138,21.25096742516603,1638832100.3071475,37282081.776693165,0.6856007169884246
202118789.30775934,65537266.666666664,charging,65537266.666666664,136581522.6410927,0.0,967.8193426756882,0.0,0.0,0.813876475480288,10,235,769.4449120443181,28.66,67762536.49854192,844.5848160318216,665.8170243021935,1445.0192142005685,11210.616829647364,2545018854.5273523,2330377644.293736,366.65576282445573,1176483552.763507,27323930.39057529,1149159622.3729315,0.3300511193186057,21.256204913296592,1625618186.1062157,37046273.02952212,0.6911554619807481
189389009.51567882,65537266.666666664,charging,65537266.666666664,123851742.84901215,0.0,877.6158739154788,0.0,1.4901161193847656e-08,0.924733217448559,11,235,763.8247392109937,30.45,67622551.0231088,791.391450087752,665.816337313154,1445.0192143395257,11210.616829589604,2545018854.5142403,2330251163.6849074,366.64670550686816,1176470047.8980036,27183944.91624633,1149286102.9817572,0.33010071773691496,21.301878074587115,1615011501.6130915,36787911.88904406,0.6957782486101308
193124853.36994016,65537266.666666664,charging,65537266.666666664,84089808.45118167,0.0,595.8620285322664,0.0,43497778.25209184,1.000000000000003,12,235,787.7094514294117,31.69,67185301.25274946,625.2400192213897,665.8141731033509,1445.0192143110712,11210.61682931309,2545018854.451466,2329856100.673881,366.61841570442624,1176427861.0548582,26746695.062070947,1149681165.9927874,0.33025566481021845,21.445765462226785,1607663854.2547262,36424815.72804583,0.6992817279160707
203363318.6293969,65537266.666666664,charging,65537266.666666664,0.0,0.0,0.0,0.0,137826051.96273023,1.000000000000003,13,235,798.5843709685672,32.38,66260591.47713728,273.8576680598103,665.8082588345135,1445.0192141603052,11210.61682935378,2545018854.4607034,2329020628.0646815,366.558592832665,1176338623.887962,25821985.285977263,1150516638.6019847,0.3305834745304712,21.75631723910853,1603575244.0311193,35854542.520268545,0.7017785379038078
225734313.8056222,65537266.666666664,charging,65537266.666666664,0.0,0.0,0.0,0.0,160197047.13895553,1.000000000000003,14,235,823.435808745144,32.59,66260591.47713728,273.8576680598103,665.8082588345135,1445.0192143395386,11210.616829589728,2545018854.514268,2329020628.1124444,366.5585928325749,1176338623.9245305,25821985.37030863,1150516638.5542219,0.33058347451674724,21.756317238478065,1602330884.3978474,35833643.524160326,0.7023205660628231
230419039.76314706,65537266.666666664,charging,65537266.666666664,0.0,0.0,0.0,0.0,164881773.0964804,1.000000000000003,15,235,781.2401627605892,32.34,66260591.47713728,273.8576680598103,665.8082588345135,1445.0192141652485,11210.61682934968,2545018854.4597726,2329020628.0638523,366.55859283266665,1176338623.8888197,25821985.286005367,1150516638.6028144,0.3305834745307096,21.756317239119475,1603812264.913647,35858523.281432,0.7016753892830421
219694774.88891557,65537266.666666664,charging,65537266.666666664,0.0,0.0,0.0,0.0,154157508.2222489,1.000000000000003,16,235,710.8431502906145,31.74,66260591.47713728,273.8576680598103,665.8082588345135,1445.0192143463785,11210.616829610675,2545018854.5190234,2329020628.116682,366.5585928325668,1176338623.9195821,25821985.369597424,1150516638.5499847,0.3305834745155298,21.756317238422177,1607367578.1515658,35918234.69888405,0.7001317905582682
178063659.17146933,65537266.666666664,charging,65537266.666666664,0.0,0.0,0.0,0.0,112526392.50480267,1.000000000000003,17,235,581.8526358046223,30.68,66260591.47713728,273.8576680598103,665.8082588345135,1445.0192143407835,11210.616829588605,2545018854.5140133,2329020628.112213,366.55859283257524,1176338623.9247453,25821985.370292854,1150516638.5544524,0.3305834745168135,21.756317238481163,1613648631.5385559,36023724.86971598,0.6974212994993746
87019822.4389763,65537266.666666664,charging,65537266.666666664,0.0,0.0,0.0,0.0,21482555.77230964,1.000000000000003,18,235,320.1291085650519,29.21,66260591.47713728,273.8576680598103,665.8082588345135,1445.019214204228,11210.616829644137,2545018854.52662,2329020628.1234536,366.5585928325541,1176338623.9123573,25821985.369142838,1150516638.5432146,0.3305834745135845,21.75631723833284,1622359148.9714572,36170017.84247348,0.6936969584643369
0.0,65537266.666666664,discharging,65537266.666666664,0.0,65537266.666666664,0.0,464.39835432769763,0.0,0.9413391552428203,19,235,0.0,27.41,66365809.57937197,1.0,654.1499999999965,1445.0192142054702,11210.616829729073,2545018854.545902,2329115691.0821247,366.56539941419,1176348779.0559766,25927203.471437614,1150421575.584539,0.33054616627312977,21.720544809393253,1633025088.6852133,35872944.44572349,0.6893300565680996
0.0,65537266.666666664,discharging,65537266.666666664,0.0,65537266.666666664,0.0,464.39835432769763,0.0,0.8826783104856375,20,235,0.0,26.07,66365809.579374716,1.0,654.15,1445.0192143358545,11210.616829506767,2545018854.4954348,2329115691.037128,366.56539941427525,1176348779.1020017,25927203.472463224,1150421575.6295385,0.33054616628605904,21.72054480998538,1640965288.249899,36008892.14095768,0.6860103089729187
0.0,65537266.666666664,discharging,65537266.666666664,0.0,65537266.666666664,0.0,464.39835432769763,0.0,0.8240174657284547,21,235,0.0,24.7,66365809.579374716,1.0,654.15,1445.0192143513166,11210.616829606564,2545018854.5180902,2329115691.057329,366.56539941423716,1176348779.0811963,25927203.47185963,1150421575.6093366,0.3305461662802545,21.720544809719147,1649083253.47648,36147883.441307366,0.682649133645493
0.0,65537266.666666664,discharging,65537266.666666664,0.0,65537266.666666664,0.0,464.39835432769763,0.0,0.7653566209712719,22,235,0.0,23.06,66365809.579374716,1.0,654.15,1445.0192143476281,11210.616829609606,2545018854.5187807,2329115691.0579433,366.5653994142359,1176348779.080558,25927203.471833847,1150421575.608724,0.33054616628007855,21.7205448097111,1658801109.6601245,36314267.18771136,0.6786685976195903
0.0,65537266.666666664,discharging,65537266.666666664,0.0,65537266.666666664,0.0,464.39835432769763,0.0,0.7066957762140891,23,235,0.0,22.16,66365809.579374716,1.0,654.15,1445.0192141571652,11210.6168293298,2545018854.4552593,2329115691.001308,366.56539941434306,1176348779.054314,25927203.38895387,1150421575.66536,0.3305461662963515,21.720544810457426,1664134079.5170026,36405575.34122574,0.6765038218184152
0.0,65537266.666666664,discharging,65537266.666666664,0.0,65537266.666666664,0.0,464.39835432769763,0.0,0.6480349314569063,0,236,0.0,21.34,66365809.579374716,1.0,654.15,1445.0192143061547,11210.61682931732,2545018854.4524264,2329115690.998783,366.5653994143479,1176348779.0565915,25927203.38870828,1150421575.6678832,0.33054616629707645,21.720544810490654,1668993007.6088252,36488767.21442775,0.6745434590100541
0.0,65537266.666666664,discharging,65537266.666666664,0.0,65537266.666666664,0.0,464.39835432769763,0.0,0.5893740866997235,1,236,0.0,20.89,66365809.579374716,1.0,654.15,1445.0192143476158,11210.616829523518,2545018854.4992375,2329115691.0405207,366.565399414269,1176348779.0978982,25927203.471751876,1150421575.6261463,0.3305461662850844,21.720544809940655,1671659492.5372643,36534421.29118495,0.6734724707265765
0.0,65537266.666666664,discharging,65537266.666666664,0.0,65537266.666666664,0.0,464.39835432769763,0.0,0.5307132419425405,2,236,0.0,20.36,66365809.579374716,1.0,654.15,1445.0192141986324,11210.616829708142,2545018854.5411506,2329115691.077893,366.5653994141983,1176348779.0609262,25927203.47215147,1150421575.5887747,0.3305461662743465,21.72054480944815,1674800019.230759,36588191.64825452,0.6722154378975699
0.0,65537266.666666664,discharging,65537266.666666664,0.0,65537266.666666664,0.0,464.39835432769763,0.0,0.47205239718535763,3,236,0.0,19.84,66365809.579374716,1.0,654.15,1445.0192143073928,11210.616829316232,2545018854.4521794,2329115690.998563,366.56539941434835,1176348779.0568044,25927203.388699133,1150421575.6681054,0.3305461662971403,21.720544810493585,1677881290.703622,36640947.470285065,0.6709866749196495
0.0,65537266.666666664,discharging,65537266.666666664,0.0,65537266.666666664,0.0,464.39835432769763,0.0,0.41339155242817477,4,236,0.0,19.32,66365809.579374716,1.0,654.15,1445.0192141652515,11210.6168293497,2545018854.4597774,2329115691.005341,366.5653994143356,1176348779.0495718,25927203.388248082,1150421575.6613238,0.3305461662951918,21.720544810404142,1680962562.176485,36693703.292315595,0.6697623958815409
0.0,65537266.666666664,discharging,65537266.666666664,0.0,65537266.666666664,0.0,464.39835432769763,0.0,0.3547307076709919,5,236,0.0,18.78,66365809.579374716,1.0,654.15,1445.0192143358524,11210.61682959279,2545018854.514963,2329115691.054543,366.5653994142424,1176348779.0846503,25927203.47252555,1150421575.6121247,0.3305461662810556,21.72054480975586,1684162344.0906122,36748488.18442424,0.6684957489001755
56951456.672036424,65537266.666666664,direct_plus_discharge,65537266.666666664,0.0,8585809.99463024,0.0,60.8392176676565,0.0,0.3470457538603405,6,236,235.06808764107137,18.31,66271744.10167513,237.98052482322862,664.3858829464976,1445.019214351313,11210.616829520475,2545018854.4985466,2329030704.3076777,366.55931429385066,1176339700.3530686,25833137.9940794,1150506562.3589892,0.3305795199207805,21.75252014783856,1686947339.4603148,37198937.1205706,0.6672905762036224
161644668.08196712,65537266.666666664,charging,65537266.666666664,96107401.41530046,0.0,681.0189274902673,0.0,0.0,0.4330691973327953,7,236,542.1112263715934,21.56,67317455.02860036,675.4574016701373,665.8148301657683,1445.0192142005574,11210.61682973336,2545018854.5468755,2329975503.4368124,366.626965806054,1176440612.1505442,26878848.920638796,1149561763.2299054,0.33020882986968547,21.40208005351935,1667689392.7549217,37520691.31497228,0.6741467071823782
204174115.41011724,65537266.666666664,charging,65537266.666666664,138636848.74345058,0.0,982.3834236648521,0.0,0.0,0.5571597350588818,8,236,686.1047987963738,25.51,67785138.28791378,853.1733160124055,665.8171349569791,1445.019214197387,11210.616829709192,2545018854.5413885,2330398065.6793723,366.65722521719795,1176485733.1679823,27346532.18068802,1149139200.9872944,0.33004311160692607,21.24884829727858,1644283580.6052895,37379328.13648772,0.6833350459320543
206851683.8081605,65537266.666666664,charging,65537266.666666664,141314417.14149386,0.0,1001.3567257400757,0.0,0.0,0.683646900415523,9,236,735.3790073772941,28.09,67814582.68454082,864.3619522624999,665.8172790018203,1445.019214347627,11210.61682952359,2545018854.4992533,2330424669.5325656,366.6591303504197,1176488573.711039,27375976.576941054,1149112597.134098,0.3300326797551959,21.239271848623023,1628995733.682239,37132794.25376142,0.6896902477011292
204980443.1509649,65537266.666666664,charging,65537266.666666664,139443176.48429823,0.0,988.0970778183427,0.0,0.0,0.8084591628767874,10,236,781.8499459974581,30.0,67794005.22622721,856.5426819629813,665.8171783480229,1445.0192143513113,11210.616829606508,2545018854.5180774,2330406077.199108,366.6577989316787,1176486588.5862563,27355399.118696734,1149131189.4675596,0.3300399701253709,21.245963553251727,1617677986.5415306,36927044.515897855,0.6945048322095155
196151648.35382563,65537266.666666664,charging,65537266.666666664,130614381.68715897,0.0,925.5360650842889,0.0,0.0,0.9253689816242765,11,236,792.4139400616567,31.54,67696917.68367992,819.6501889143981,665.8167026255979,1445.0192143358506,11210.616829506705,2545018854.4954205,2330318355.8481536,366.65151714604616,1176477222.395264,27258311.576752327,1149218910.8185115,0.3300743683293,21.277590894648018,1608552682.5642054,36717559.89992188,0.6984985695099682
191353695.06464905,65537266.666666664,charging,65537266.666666664,83379517.8562614,0.0,590.8288954745037,0.0,42436910.54172099,1.0000000000000033,12,236,785.4683681706401,32.78,67177490.40540995,622.2719594309344,665.8141341875413,1445.0192141652512,11210.616829435745,2545018854.479311,2329849043.511818,366.61791036178687,1176427107.3692002,26738884.214350376,1149688223.1548498,0.33025843305132935,21.448352833439703,1601205035.2058403,36310603.41028009,0.7020929730640386
205656753.76039174,65537266.666666664,charging,65537266.666666664,0.0,0.0,0.0,0.0,140119487.0937251,1.0000000000000033,13,236,811.4789927831578,33.7,66260591.47713885,273.85766805981024,665.8082588345162,1445.0192143513104,11210.616829606519,2545018854.5180798,2329020628.1158395,366.5585928325686,1176338623.9204373,25821985.369608983,1150516638.5508285,0.330583474515772,21.75631723843285,1595753554.907698,35723177.40187503,0.7051995384096705
219347959.97733396,65537266.666666664,charging,65537266.666666664,0.0,0.0,0.0,0.0,153810693.3106673,1.0000000000000033,14,236,805.5260770360107,34.33,66260591.47713728,273.8576680598103,665.8082588345135,1445.0192143005513,11210.616829209213,2545018854.427884,2329020628.0354204,366.55859283272036,1176338623.9183412,25821985.2870956,1150516638.6312456,0.3305834745388789,21.756317239494717,1592020476.0078835,35660480.41354941,0.7068440741364539
224036051.64747053,65537266.666666664,charging,65537266.666666664,0.0,0.0,0.0,0.0,158498784.98080388,1.0000000000000033,15,236,763.1440023811776,34.51,66260591.47713728,273.8576680598103,665.8082588345135,1445.0192141603059,11210.616829439827,2545018854.4802375,2329020628.0820994,366.55859283263214,1176338623.8706152,25821985.286047306,1150516638.584568,0.33058347452546677,21.75631723887864,1590953882.0365078,35642566.9883138,0.7073153511888746
222539365.44729838,65537266.666666664,charging,65537266.666666664,0.0,0.0,0.0,0.0,157002098.78063172,1.0000000000000033,16,236,719.7563674115456,34.14,66260591.47713728,273.8576680598103,665.8082588345135,1445.0192143110742,11210.616829227078,2545018854.43194,2329020628.039039,366.5585928327136,1176338623.9140275,25821985.2864009,1150516638.6276267,0.330583474537839,21.756317239446904,1593146325.1998909,35679389.02907589,0.7063472958322272
176818919.00647068,65537266.666666664,charging,65537266.666666664,0.0,0.0,0.0,0.0,111281652.33980402,1.0000000000000033,17,236,577.3251001254671,33.51,66260591.47713728,273.8576680598103,665.8082588345135,1445.0192141584116,11210.616829414781,2545018854.4745517,2329020628.077025,366.5585928326417,1176338623.8764257,25821985.28678465,1150516638.589641,0.33058347452692444,21.756317238945684,1596879404.0997057,35742086.01740054,0.7047050682317773
88592329.9324341,65537266.666666664,charging,65537266.666666664,0.0,0.0,0.0,0.0,23055063.265767433,1.0000000000000033,18,236,323.433857947968,32.4,66260591.47713728,273.8576680598103,665.8082588345135,1445.0192143476295,11210.616829609651,2545018854.5187907,2329020628.116474,366.5585928325671,1176338623.9198012,25821985.369608797,1150516638.5501924,0.33058347451558945,21.75631723842492,1603456733.5898554,35852552.139686815,0.7018301235560791
0.0,65537266.666666664,discharging,65537266.666666664,0.0,65537266.666666664,0.0,464.39835432769763,0.0,0.9413391552428204,19,236,0.0,30.85,66365809.57937197,1.0,654.1499999999965,1445.0192143513093,11210.61682952045,2545018854.498541,2329115691.039897,366.56539941427,1176348779.0985374,25927203.4717717,1150421575.6267657,0.3305461662852626,21.720544809949708,1612641292.7878122,35523944.392290734,0.6980013591325696
0.0,65537266.666666664,discharging,65537266.666666664,0.0,65537266.666666664,0.0,464.39835432769763,0.0,0.8826783104856376,20,236,0.0,29.04,66365809.579374716,1.0,654.15,1445.0192141534835,11210.616829418988,2545018854.4755073,2329115691.0193615,366.56539941430896,1176348779.0363312,25927203.389026612,1150421575.6473045,0.3305461662911637,21.720544810219486,1623366487.7222004,35707575.2343602,0.6934118261105175
0.0,65537266.666666664,discharging,65537266.666666664,0.0,65537266.666666664,0.0,464.39835432769763,0.0,0.8240174657284548,21,236,0.0,28.48,66365809.579374716,1.0,654.15,1445.0192142091566,11210.616829639957,2545018854.525671,2329115691.064087,366.5653994142243,1176348779.073964,25927203.47138518,1150421575.6025789,0.33054616627831285,21.720544809630123,1626684780.0775914,35764389.19654693,0.692004060554151
0.0,65537266.666666664,discharging,65537266.666666664,0.0,65537266.666666664,0.0,464.39835432769763,0.0,0.765356620971272,22,236,0.0,27.63,66365809.579374716,1.0,654.15,1445.019214346376,11210.616829610653,2545018854.5190187,2329115691.058156,366.56539941423557,1176348779.0803401,25927203.471829534,1150421575.6085105,0.33054616628001715,21.720544809708283,1631721473.8313098,35850624.67486608,0.6898781627727323
0.0,65537266.666666664,discharging,65537266.666666664,0.0,65537266.666666664,0.0,464.39835432769763,0.0,0.7066957762140892,23,236,0.0,26.57,66365809.579374716,1.0,654.15,1445.0192143395375,11210.616829589691,2545018854.51426,2329115691.0539117,366.56539941424353,1176348779.0852907,25927203.47253742,1150421575.6127532,0.3305461662812362,21.720544809764206,1638002527.2182999,35958165.38900525,0.6872452744519915
0.0,65537266.666666664,discharging,65537266.666666664,0.0,65537266.666666664,0.0,464.39835432769763,0.0,0.6480349314569064,0,237,0.0,25.63,66365809.579374716,1.0,654.15,1445.0192143110683,11210.61682922699,2545018854.43192,2329115690.9804983,366.56539941438245,1176348779.0747812,25927203.388612922,1150421575.6861682,0.33054616630233025,21.72054481073162,1643572517.9577057,36053531.68267583,0.6849272050361929
0.0,65537266.666666664,discharging,65537266.666666664,0.0,65537266.666666664,0.0,464.39835432769763,0.0,0.5893740866997236,1,237,0.0,24.6,66365809.579374716,1.0,654.15,1445.0192142042522,11210.616829730307,2545018854.546182,2329115691.0823793,366.56539941418987,1176348779.055775,25927203.471487377,1150421575.5842876,0.3305461662730573,21.720544809389015,1649675805.6827996,36158028.791697845,0.6824050817220033
0.0,65537266.666666664,discharging,65537266.666666664,0.0,65537266.666666664,0.0,464.39835432769763,0.0,0.5307132419425407,2,237,0.0,24.28,66365809.579374716,1.0,654.15,1445.0192142956219,11210.61682921335,2545018854.4288235,2329115690.9777393,366.5653994143878,1176348779.078244,25927203.389319014,1150421575.688925,0.33054616630312234,21.72054481076791,1651571972.7430232,36190493.91294742,0.6816252869802822
0.0,65537266.666666664,discharging,65537266.666666664,0.0,65537266.666666664,0.0,464.39835432769763,0.0,0.4720523971853578,3,237,0.0,24.43,66365809.579374716,1.0,654.15,1445.019214346379,11210.616829610684,2545018854.519026,2329115691.058162,366.56539941423557,1176348779.0803413,25927203.471838355,1150421575.6085029,0.33054616628001493,21.720544809708176,1650683144.4335434,36175275.88736168,0.6819905937272723
0.0,65537266.666666664,discharging,65537266.666666664,0.0,65537266.666666664,0.0,464.39835432769763,0.0,0.4133915524281749,4,237,0.0,24.6,66365809.579374716,1.0,654.15,1445.01921420917,11210.616829726101,2545018854.5452275,2329115691.0815268,366.56539941419135,1176348779.0566225,25927203.47148283,1150421575.5851398,0.33054616627330213,21.720544809400266,1649675805.6827996,36158028.791697845,0.6824050817225088
0.0,65537266.666666664,discharging,65537266.666666664,0.0,65537266.666666664,0.0,464.39835432769763,0.0,0.354730707670992,5,237,0.0,24.4,66365809.579374716,1.0,654.15,1445.01921434446,11210.61682949947,2545018854.4937778,2329115691.0356526,366.5653994142781,1176348779.1034837,25927203.472470768,1150421575.631013,0.3305461662864827,21.720544810004775,1650860910.0954394,36178319.492478825,0.6819175010601376
39671198.7209009,65537266.666666664,direct_plus_discharge,65537266.66666667,0.0,25866067.945765767,0.0,183.28746372713184,0.0,0.33157860698967007,6,237,180.9164900308863,24.21,66299487.03390697,165.77227771949472,661.0198978444786,1445.0192141689402,11210.616829432682,2545018854.4786158,2329055769.580368,366.56110898367365,1176342377.9291687,25860880.842869084,1150481497.0862997,0.3305696826875092,21.743080160389482,1651986759.287447,36474642.8367948,0.6813786182135325
144820868.68771267,65537266.666666664,charging,65537266.666666664,79283602.02104601,0.0,561.8051556988831,0.0,0.0,0.4025434687621606,7,237,490.0059543930489,25.22,67132448.87799375,605.156537683084,665.8139096020685,1445.0192143426984,11210.616829527762,2545018854.5002007,2329808348.0488343,366.61499629584904,1176422761.3882182,26693842.77038199,1149728918.6178362,0.33027439647934287,21.46328474801231,1646001982.0036168,37048504.27596772,0.6831220619883687
197524203.47408423,65537266.666666664,charging,65537266.666666664,131986936.80741757,0.0,935.2620175307669,0.0,0.0,0.5206818288713101,8,237,664.8830487569558,28.16,67712011.25043464,825.3856240894625,665.8167766723171,1445.0192143005534,11210.616829295222,2545018854.44741,2330331993.249482,366.65249372915855,1176478678.4776378,27273405.06045373,1149205273.417184,0.3300690205576349,21.27266804541536,1628580947.1378148,37069487.924667664,0.6899438496974155
205552184.11169818,65537266.666666664,charging,65537266.666666664,140014917.44503152,0.0,992.1484454564948,0.0,0.0,0.6460058430342358,9,237,731.7884191666603,30.26,67800292.48582798,858.9317905450827,665.817209108357,1445.0192142042415,11210.616829730263,2545018854.546172,2330411757.950257,366.6582057344123,1176487195.0943367,27361686.377926536,1149125508.7164102,0.3300377426001056,21.24391853105861,1616137350.805099,36903994.73066252,0.6951583587547661
207897559.04248536,65537266.666666664,charging,65537266.666666664,142360292.3758187,0.0,1008.7678181208873,0.0,0.0,0.7734291463758216,10,237,794.3374078886035,31.87,67826083.85300893,868.7323046943536,665.8173352327977,1445.0192142091687,11210.61682964005,2545018854.525692,2330435061.2121105,366.65987450946926,1176489683.1996007,27387477.745045193,1149102205.4545555,0.3300286050424875,21.23553348436319,1606597260.2833505,36754029.99966299,0.6992431942269997
203224905.33420593,65537266.666666664,charging,65537266.666666664,137687638.66753927,0.0,975.657302488537,0.0,0.0,0.8966700687954262,11,237,822.4160734238087,33.19,67774700.11648276,849.2068939885806,665.817083862484,1445.0192143395327,11210.616829589673,2545018854.5142555,2330388634.4622083,366.6565498406981,1176484726.2140958,27336094.00963694,1149148632.204459,0.33004680979674367,21.25224518957783,1598775571.159929,36591808.99383401,0.7026853086041205
194021387.77932423,65537266.666666664,charging,65537266.666666664,115442613.96224618,0.0,818.0286220362382,0.0,13041507.150411397,1.0000000000000036,12,237,800.0698495007701,34.1,67530078.41757889,756.2525963565296,665.8158819400884,1445.0192143513104,11210.616829520475,2545018854.4985466,2330167612.5407176,366.6407224496779,1176461126.4359307,27091472.309982523,1149369654.1259482,0.33013348391014286,21.33215302588657,1593383346.0824187,36367384.41072712,0.705242607118305
168013884.1734713,65537266.666666664,charging,65537266.666666664,0.0,0.0,0.0,0.0,102476617.50680465,1.0000000000000036,13,237,678.8566215031735,34.33,66260591.47713727,273.85766805981024,665.8082588345135,1445.0192143513218,11210.616829606593,2545018854.518097,2329020628.115851,366.5585928325685,1176338623.9204462,25821985.369628415,1150516638.5508177,0.33058347451576914,21.756317238433255,1592020476.0078835,35660480.4135494,0.7068440740870414
128297113.87041348,65537266.666666664,charging,65537266.666666664,0.0,0.0,0.0,0.0,62759847.20374682,1.0000000000000036,14,237,499.00704567382553,34.18,66260591.47713728,273.8576680598103,665.8082588345135,1445.0192141937146,11210.616829712335,2545018854.5421023,2329020628.137259,366.5585928325281,1176338623.8993244,25821985.369916625,1150516638.5294077,0.3305834745096173,21.75631723815059,1592909304.3173628,35675408.26791242,0.7064518226399383
99192653.06047145,65537266.666666664,charging,65537266.666666664,0.0,0.0,0.0,0.0,33655386.39380478,1.0000000000000036,15,237,371.0325803727491,34.34,66260591.47713728,273.8576680598103,665.8082588345135,1445.0192143427055,11210.616829527802,2545018854.50021,2329020628.0999074,366.5585928325985,1176338623.9362988,25821985.369540654,1150516638.5667582,0.33058347452034936,21.756317238643568,1591961220.787251,35659485.22325855,0.7068702396806011
0.0,65537266.666666664,discharging,65537266.666666664,0.0,65537266.666666664,0.0,464.39835432769763,0.0,0.9413391552428209,16,237,0.0,33.03,66365809.57937197,1.0,654.1499999999965,1445.0192143073814,11210.61682931614,2545018854.452159,2329115690.998543,366.56539941434824,1176348779.0567956,25927203.38867463,1150421575.6681209,0.330546166297145,21.720544810494676,1599723654.6900408,35302775.753778115,0.7036103846687329
4838460.318954952,65537266.666666664,direct_plus_discharge,65537266.666666664,0.0,60698806.34771171,0.0,430.1129298068518,0.0,0.887009100951429,17,237,72.68654097338307,31.9,66355409.943372004,20.218259432276128,654.8988720645195,1445.0192141973807,11210.616829623124,2545018854.5218496,2329106295.134073,366.5647266553757,1176347775.3686638,25916803.836070385,1150430971.5325935,0.33054985368615325,21.724075463425983,1606419494.6214545,35447251.956452385,0.7006847382288496
94913110.76327711,65537266.666666664,charging,65537266.666666664,29375844.09661045,0.0,208.15780622708667,0.0,0.0,0.9133027185801137,18,237,342.5472571687302,30.79,66583628.60498077,396.6092042583439,665.8111487573216,1445.0192143024542,11210.616829320328,2545018854.4531093,2329312488.217832,366.57949047107934,1176369800.8631127,26145022.414277047,1150224778.4488356,0.3304689388859322,21.646849167569634,1612996824.111604,36188481.09811001,0.6974502954976127
0.0,65537266.666666664,discharging,65537266.666666664,0.0,65537266.666666664,0.0,464.39835432769763,0.0,0.8546418738229309,19,237,0.0,30.2,66365809.57937299,1.0,654.1499999999978,1445.0192141603122,11210.616829439823,2545018854.480237,2329115691.0235753,366.56539941430094,1176348779.0313752,25927203.388286043,1150421575.643089,0.33054616628995265,21.72054481016453,1616492882.128891,35589889.16982951,0.6963462095417471
0.0,65537266.666666664,discharging,65537266.666666664,0.0,65537266.666666664,0.0,464.39835432769763,0.0,0.7959810290657481,20,237,0.0,28.74,66365809.579374716,1.0,654.15,1445.019214340783,11210.616829502602,2545018854.4944887,2329115691.036286,366.56539941427695,1176348779.102851,25927203.472471472,1150421575.6303794,0.3305461662863007,21.720544809996447,1625144144.3411598,35738011.285531655,0.6926569544582151
0.0,65537266.666666664,discharging,65537266.666666664,0.0,65537266.666666664,0.0,464.39835432769763,0.0,0.7373201843085653,21,237,0.0,28.44,66365809.579374716,1.0,654.15,1445.0192143073953,11210.616829316199,2545018854.452172,2329115690.998556,366.56539941434835,1176348779.056802,25927203.388691183,1150421575.6681108,0.3305461662971419,21.720544810493653,1626921800.9601192,35768447.33670313,0.6919037246092866
0.0,65537266.666666664,discharging,65537266.666666664,0.0,65537266.666666664,0.0,464.39835432769763,0.0,0.6786593395513825,22,237,0.0,27.47,66365809.579374716,1.0,654.15,1445.0192142091541,11210.616829639946,2545018854.5256686,2329115691.0640845,366.5653994142243,1176348779.0739636,25927203.471381433,1150421575.6025822,0.3305461662783138,21.72054480963017,1632669557.3614213,35866857.23549085,0.6894794536926562
0.0,65537266.666666664,discharging,65537266.666666664,0.0,65537266.666666664,0.0,464.39835432769763,0.0,0.6199984947941996,23,237,0.0,26.03,66365809.579374716,1.0,654.15,1445.0192142023195,11210.616829705055,2545018854.5404496,2329115691.077264,366.56539941419953,1176348779.061568,25927203.472164456,1150421575.5894036,0.33054616627452726,21.72054480945651,1641202309.1324267,36012950.28111388,0.6859117034218154
0.0,65537266.666666664,discharging,65537266.666666664,0.0,65537266.666666664,0.0,464.39835432769763,0.0,0.5613376500370167,0,238,0.0,24.42,66365809.579374716,1.0,654.15,1445.0192143463805,11210.616829610692,2545018854.519027,2329115691.058164,366.56539941423557,1176348779.0803428,25927203.471839905,1150421575.6085029,0.33054616628001493,21.72054480970818,1650742399.6541753,36176290.42240072,0.6819662277594901
0.0,65537266.666666664,discharging,65537266.666666664,0.0,65537266.666666664,0.0,464.39835432769763,0.0,0.5026768052798338,1,238,0.0,23.26,66365809.579374716,1.0,654.15,1445.019214351318,11210.616829520537,2545018854.4985604,2329115691.039919,366.56539941427025,1176348779.0985427,25927203.47179422,1150421575.6267486,0.3305461662852574,21.720544809948564,1657616005.247485,36293976.48693038,0.6791515417181837
0.0,65537266.666666664,discharging,65537266.666666664,0.0,65537266.666666664,0.0,464.39835432769763,0.0,0.44401596052265097,2,238,0.0,22.63,66365809.579374716,1.0,654.15,1445.0192142993105,11210.616829296307,2545018854.447656,2329115690.9945297,366.565399414356,1176348779.0615363,25927203.389400724,1150421575.6721356,0.3305461662982983,21.720544810546695,1661349084.1472998,36357892.19439046,0.6776325901370361
0.0,65537266.666666664,discharging,65537266.666666664,0.0,65537266.666666664,0.0,464.39835432769763,0.0,0.38535511576546805,3,238,0.0,22.12,66365809.579374716,1.0,654.15,1445.0192141640027,11210.616829350745,2545018854.460015,2329115691.0055466,366.56539941433505,1176348779.0493648,25927203.38824376,1150421575.6611211,0.33054616629513356,21.720544810401584,1664371100.3995306,36409633.481381945,0.6764079300428346
0.0,65537266.666666664,discharging,65537266.666666664,0.0,65537266.666666664,0.0,464.39835432769763,0.0,0.3266942710082852,4,238,0.0,21.74,66365809.579374716,1.0,654.15,1445.019214346385,11210.616829610715,2545018854.5190325,2329115691.058169,366.56539941423557,1176348779.0803437,25927203.471846316,1150421575.6084974,0.3305461662800134,21.72054480970811,1666622798.783546,36448185.81286579,0.6754983121746512
0.0,65537266.666666664,discharging,65537266.666666664,0.0,65537266.666666664,0.0,464.39835432769763,0.0,0.2680334262511023,5,238,0.0,21.23,66365809.579374716,1.0,654.15,1445.0192143042245,11210.61682929208,2545018854.4466963,2329115690.9936743,366.56539941435767,1176348779.062383,25927203.389388006,1150421575.6729949,0.33054616629854516,21.720544810558017,1669644815.0357766,36499927.09985728,0.6742813474506135
23833205.67341499,65537266.666666664,direct_plus_discharge,65537266.66666667,0.0,41704060.99325168,0.0,295.5157924506262,0.0,0.23070511562576007,6,238,134.41643620812755,20.58,66324914.45339605,99.59075896936913,658.1338171606297,1445.0192142005546,11210.616829647304,2545018854.527339,2329078742.9065266,366.5627538886139,1176344832.1055527,25886308.345413364,1150458523.7601392,0.3305606666154689,21.734434998780348,1673496404.3768559,36723613.601777345,0.6726962096490398
139262985.09366757,65537266.666666664,charging,65537266.666666664,73725718.42700091,0.0,522.4218837698414,0.0,0.0,0.2966952483124769,7,238,474.05960796639613,22.59,67071330.540517844,581.9320561349816,665.813604373885,1445.0192143073855,11210.616829316179,2545018854.4521675,2329753127.0603027,366.61104213090357,1176416863.9561915,26632724.349826768,1149784139.6063647,0.33029605843435383,21.483578424326552,1661586105.0298276,37279696.419875726,0.6767951527573353
195672150.01566744,65537266.666666664,charging,65537266.666666664,130134883.34900078,0.0,922.1383304751221,0.0,0.0,0.41317587953038704,8,238,659.8102924825314,27.51,67691644.78784537,817.6465304860653,665.8166767498242,1445.0192141620953,11210.616829325641,2545018854.4543157,2330313591.6097074,366.65117597998545,1176476713.6543953,27253038.59743575,1149223675.0569596,0.33007623658383645,21.279311196475156,1632432536.4788935,37124417.15206062,0.6883405040826112
211879879.0132249,65537266.666666664,charging,65537266.666666664,146342612.34655824,0.0,1036.9866153774778,0.0,0.0,0.5441636625254369,9,238,754.1861092741051,30.36,67869876.2016223,885.3730484440381,665.8175491664573,1445.0192143061483,11210.616829317292,2545018854.45242,2330474628.904175,366.662708012261,1176493907.7734396,27431270.01094757,1149062637.7624922,0.33001309026976233,21.221310723863233,1615544798.5987792,36931691.78196757,0.6953579336537108
205537250.73093265,65537266.666666664,charging,65537266.666666664,139999984.064266,0.0,992.0426272281068,0.0,0.0,0.669474310175303,10,238,789.1002322921354,32.17,67800128.26803282,858.8693890895321,665.8172083049959,1445.019214346379,11210.616829610637,2545018854.519015,2330411609.55036,366.6581951091173,1176487179.2767897,27361522.160481278,1149125657.1163085,0.3300378007878135,21.243971940754182,1604819603.664391,36709410.118084915,0.7000337170212104
192108939.03044188,65537266.666666664,charging,65537266.666666664,126571672.36377522,0.0,896.8893476928914,0.0,0.0,0.7827655961996683,11,238,785.3290696938693,33.36,67652461.25192024,802.7570988565451,665.8164843378407,1445.0192141620882,11210.616829325634,2545018854.4543138,2330278188.268084,366.6486407399244,1176472933.4600897,27213855.061504237,1149259078.3985856,0.33009011990396625,21.292103366723467,1597768232.4091852,36508510.349370375,0.7032218279376043
0.0,65537266.666666664,discharging,65537266.666666664,0.0,65537266.666666664,0.0,464.39835432769763,0.0,0.7241047514424854,12,238,14.570854479358768,33.84,66365809.57936798,1.0,654.1499999999968,1445.0192141603168,11210.616829439894,2545018854.4802527,2329115691.0235853,366.56539941430054,1176348779.0313787,25927203.388304383,1150421575.6430743,0.3305461662899489,21.720544810165954,1594923981.81885,35220598.41561307,0.7057175109447099
72242937.12341464,65537266.666666664,charging,65537266.666666664,6705670.456747971,0.0,47.51651210320467,0.0,9.313225746154785e-10,0.7301068371818377,13,238,334.843175776336,30.87,66334331.67392921,301.87835563902826,665.8098796296607,1445.0192143513207,11210.616829520568,2545018854.4985676,2329087251.19988,366.5633630919911,1176345741.0331464,25895725.566356894,1150450015.4667895,0.33055732749487315,21.731234885698175,1612522782.3465483,36044959.08798125,0.6978481906152705
122451316.35136257,65537266.666666664,charging,65537266.666666664,56914049.68469591,0.0,403.29407001559827,0.0,0.0,0.7810492460259133,14,238,483.5038569732454,30.45,66886457.78700656,511.6818819649364,665.8126777256083,1445.019214304243,11210.616829292188,2545018854.446721,2329586093.617105,366.5990816343277,1176399024.646614,26447851.597054612,1149951173.0495594,0.3303615866231521,21.545189138398438,1615011501.6130915,36387295.99047509,0.6963497700969112
0.0,65537266.666666664,discharging,65537266.666666664,0.0,65537266.666666664,0.0,464.39835432769763,0.0,0.7223884012687304,15,238,0.0,30.59,66365809.5793747,1.0,654.15,1445.0192143061438,11210.616829317223,2545018854.4524045,2329115690.998763,366.565399414348,1176348779.0565856,25927203.388681564,1150421575.667904,0.33054616629708244,21.720544810490942,1614181928.5242438,35550322.30330764,0.6973383560216032
0.0,65537266.666666664,discharging,65537266.666666664,0.0,65537266.666666664,0.0,464.39835432769763,0.0,0.6637275565115476,16,238,0.0,30.76,66365809.579374716,1.0,654.15,1445.0192141689438,11210.616829346673,2545018854.45909,2329115691.004725,366.56539941433664,1176348779.0502207,25927203.38827784,1150421575.661943,0.3305461662953697,21.720544810412378,1613174589.7735004,35533075.207643814,0.6977717154454426
0.0,65537266.666666664,discharging,65537266.666666664,0.0,65537266.666666664,0.0,464.39835432769763,0.0,0.6050667117543648,17,238,0.0,29.06,66365809.579374716,1.0,654.15,1445.0192143407746,11210.61682958857,2545018854.5140057,2329115691.0536857,366.565399414244,1176348779.0855007,25927203.472518783,1150421575.612982,0.33054616628130196,21.720544809767226,1623247977.2809365,35705546.164282106,0.6934622093715158
12199773.08417881,65537266.666666664,direct_plus_discharge,65537266.66666666,0.0,53337493.58248785,0.0,377.95052347323247,0.0,0.5573255929998512,18,238,96.81490390707636,28.33,66343591.578071035,50.97865043235526,656.1247927855536,1445.0192143110796,11210.616829227107,2545018854.4319468,2329095617.3290977,366.5639621193096,1176346634.7249115,25904985.38732967,1150441649.3375819,0.3305540441815815,21.72808911731126,1627573608.3870711,35859655.88644412,0.6916067353264236
0.0,65537266.666666664,discharging,65537266.666666664,0.0,65537266.666666664,0.0,464.39835432769763,0.0,0.4986647482426684,19,238,0.0,26.57,66365809.57937389,1.0,654.1499999999988,1445.0192141652526,11210.616829435796,2545018854.4793224,2329115691.022765,366.56539941430265,1176348779.0322301,25927203.388329178,1150421575.6439009,0.3305461662901858,21.72054481017486,1638002527.2182999,35958165.389004745,0.6872452744705989
0.0,65537266.666666664,discharging,65537266.666666664,0.0,65537266.666666664,0.0,464.39835432769763,0.0,0.44000390348548546,20,238,0.0,25.66,66365809.57937475,1.0,654.15,1445.0192143005518,11210.616829295268,2545018854.44742,2329115690.99432,366.5653994143565,1176348779.0617518,25927203.389405042,1150421575.6723468,0.330546166298359,21.720544810549463,1643394752.2958097,36050488.0775587,0.6850009443693378
0.0,65537266.666666664,discharging,65537266.666666664,0.0,65537266.666666664,0.0,464.39835432769763,0.0,0.3813430587283026,21,238,0.0,23.59,66365809.579374716,1.0,654.15,1445.019214165255,11210.616829349727,2545018854.459783,2329115691.005347,366.5653994143356,1176348779.0495753,25927203.38825558,1150421575.6613197,0.3305461662951906,21.720544810404093,1655660582.9666295,36260496.83064178,0.6799499039276495
0.0,65537266.666666664,discharging,65537266.666666664,0.0,65537266.666666664,0.0,464.39835432769763,0.0,0.3226822139711197,22,238,0.0,21.82,66365809.579374716,1.0,654.15,1445.01921434269,11210.616829613744,2545018854.51972,2329115691.0587835,366.56539941423443,1176348779.0797002,25927203.47181633,1150421575.607884,0.33054616627983713,21.72054480969999,1666148757.01849,36440069.532553405,0.6756896073013166
0.0,65537266.666666664,discharging,65537266.666666664,0.0,65537266.666666664,0.0,464.39835432769763,0.0,0.2640213692139369,23,238,0.0,20.91,66365809.579374716,1.0,654.15,1445.019214339539,11210.616829503642,2545018854.494725,2329115691.0364943,366.5653994142766,1176348779.1026392,25927203.472465172,1150421575.630174,0.3305461662862416,21.720544809993772,1671540982.096,36532392.22110684,0.6735199979861031
0.0,65537266.666666664,discharging,65537266.666666664,0.0,65537266.666666664,0.0,464.39835432769763,0.0,0.205360524456754,0,239,0.0,20.96,66365809.579374716,1.0,654.15,1445.0192142042285,11210.616829730172,2545018854.5461516,2329115691.0823517,366.56539941418987,1176348779.055763,25927203.471447647,1150421575.5843153,0.3305461662730652,21.720544809389388,1671244705.9928405,36527319.5459116,0.6736388454550255
0.0,65537266.666666664,discharging,65537266.666666664,0.0,65537266.666666664,0.0,464.39835432769763,0.0,0.14669967969957115,1,239,0.0,20.85,66365809.579374716,1.0,654.15,1445.01921420547,11210.616829729075,2545018854.5459027,2329115691.082128,366.56539941419027,1176348779.0559773,25927203.4714374,1150421575.58454,0.33054616627312977,21.720544809392372,1671896513.419792,36538479.431341134,0.6733774363077469
0.0,65537266.666666664,discharging,65537266.666666664,0.0,65537266.666666664,0.0,464.39835432769763,0.0,0.0880388349423883,2,239,0.0,20.7,66365809.579374716,1.0,654.15,1445.0192142993087,11210.616829210292,2545018854.428129,2329115690.97712,366.565399414389,1176348779.078884,25927203.38933686,1150421575.689547,0.3305461663033011,21.720544810776126,1672785341.7292717,36553697.456926875,0.6730212961363433
0.0,65537266.666666664,discharging,65537266.666666664,0.0,65537266.666666664,0.0,464.39835432769763,0.0,0.02937799018520544,3,239,0.0,20.56,66365809.579374716,1.0,654.15,1445.0192143463735,11210.616829610626,2545018854.5190125,2329115691.0581503,366.56539941423557,1176348779.0803382,25927203.47182202,1150421575.6085162,0.33054616628001876,21.720544809708358,1673614914.8181198,36567900.94747355,0.6726892382517069
0.0,65537266.666666664,discharging,32821777.198542144,0.0,32821777.198542144,0.0,232.5757556328764,0.0,0.0,4,239,0.0,19.79,33238034.19956415,1.0,654.15,1445.0192143110683,11210.616829226992,2545018854.4319205,2299202114.0426426,364.4271650588935,1173134580.6328278,25514917.476927534,1147619663.1559002,0.33290989823462347,43.18803637057126,1678177566.806782,18353451.55273954,0.6764507402084537
0.0,65537266.666666664,shutdown,0.0,0.0,0.0,0.0,0.0,0.0,0.0,5,239,0.0,18.96,0.0,1.0,567.279923475184,1445.019214202324,11210.61682970506,2545018854.540451,2259509895.6708026,362.89907080586624,1179588764.8886442,25103923.827647675,1154484841.0609965,0.33816193352694685,,1683095750.1192365,0.0,0.6859293899228305
74560080.91919844,65537266.666666664,charging,65537266.666666664,9022814.252531774,0.0,63.935838392409586,0.0,0.0,0.008076105902199105,6,239,286.9034524996441,17.57,66359812.59199675,311.5609015971947,665.8100097846392,1445.0192143513134,11210.616829606543,2545018854.5180855,2329110272.862222,366.56501146532185,1176348200.2889779,25921206.4844757,1150426993.8045022,0.33054829263406593,21.72258063879606,1691332225.7870815,37384392.5273668,0.6654803810043799
168965931.55655268,65537266.666666664,charging,65537266.666666664,103428664.88988602,0.0,732.8975437665591,0.0,0.0,0.10065263774639605,7,239,565.2602509334691,15.91,67397964.71253563,706.0504404765792,665.8152291973515,1445.0192143463885,11210.616829524712,2545018854.4995084,2330048245.2149205,366.63217470396273,1176448380.0566967,26959358.604949683,1149489021.451747,0.330180299150793,21.375550341114,1701168592.4119902,38137511.022866495,0.6608894312402437
200434717.02853686,65537266.666666664,charging,65537266.666666664,134897450.3618702,0.0,955.8859735436247,0.0,0.0,0.22139612914138024,8,239,679.3225543190275,16.39,67744017.27334557,837.5476579279024,665.8169335801445,1445.0192142023204,11210.616829705064,2545018854.5404515,2330360911.659158,366.65456458706365,1176481766.1736486,27305411.166138943,1149176355.0075097,0.33005768066414687,21.26223636107839,1698324341.8216553,38284564.12328017,0.6617358410828903
207329730.86776197,65537266.666666664,charging,65537266.666666664,141792464.2010953,0.0,1004.7441765609843,0.0,0.0,0.3483111830227677,9,239,746.1951761281468,17.61,67819839.62111203,866.3595462975269,665.8173047061483,1445.0192143110746,11210.616829227081,2545018854.4319406,2330429419.2743416,366.6594704895039,1176489080.8226995,27381233.43037656,1149107847.392323,0.33003081730884953,21.23756296638296,1691095204.9045534,38203161.84951605,0.6644936868524448
200114013.8699142,65537266.666666664,charging,65537266.666666664,134576747.20324755,0.0,953.6134646846642,0.0,0.0,0.46876762066714633,10,239,778.5801620129467,19.09,67740490.59928872,836.2075498698919,665.8169162980568,1445.019214204231,11210.616829730145,2545018854.5461454,2330357725.215181,366.65433640328536,1176481425.9428396,27301884.491356526,1149179541.451483,0.33005893016848087,21.263385322302078,1682325432.2510207,38007871.18372235,0.6679981949759857
152561700.49910057,65537266.666666664,charging,65537266.666666664,87024433.83243391,0.0,616.6568414217548,0.0,0.0,0.5466611164256838,11,239,646.8238828165563,20.52,67217572.42599034,637.5028080805355,665.8143337917415,1445.0192143444747,11210.6168295856,2545018854.5133314,2329885258.1103373,366.6205035752201,1176430974.8755085,26778966.319198314,1149652008.5563102,0.3302442276697865,21.435081892079715,1673851935.7006474,37569991.27236059,0.6717525295411516
189198020.89603466,65537266.666666664,charging,65537266.666666664,123660754.22936802,0.0,876.2625248185569,0.0,-1.4901161193847656e-08,0.6573469090343437,12,239,798.2159442434676,21.47,67620450.77996568,790.5933744178017,665.8163269844708,1445.0192143061458,11210.616829231196,2545018854.4328747,2330249265.9913926,366.64656961866984,1176469845.264483,27181844.58920721,1149288000.6752758,0.33010146192638773,21.30256476308252,1668222689.7406094,37698779.590220064,0.6737051038616094
194597144.52636534,65537266.666666664,charging,65537266.666666664,129059877.85969868,0.0,914.5208205373899,0.0,0.0,0.7728653284706455,13,239,792.1361163335504,22.16,67679823.2829197,813.1544527503704,665.8166187233435,1445.0192142005553,11210.616829733346,2545018854.546872,2330302910.6508255,366.65041110740117,1176475573.190846,27241217.175004832,1149234356.0158412,0.3300804250668327,21.283168978236013,1664134079.5170026,37661755.16680422,0.6753068332837755
179196917.55694127,65537266.666666664,charging,65537266.666666664,113659650.89027461,0.0,805.3945108112154,0.0,0.0,0.8745993719415359,14,239,685.2924348233955,22.65,67510471.72073215,748.8022076851443,665.8157852289097,1445.019214198637,11210.616829622119,2545018854.521621,2330149897.4922004,366.63945388870707,1176459234.7879138,27071865.613447446,1149387369.1744664,0.33014043143359645,21.33858279107331,1661230573.706036,37517795.10053614,0.6766083725407487
222430859.0638662,65537266.666666664,charging,65537266.666666664,140100512.27959815,0.0,992.7549721295383,0.0,16793080.117601395,1.000000000000004,15,239,772.6443762800027,22.84,67801233.74591282,859.2894618820869,665.8172137129694,1445.0192143476202,11210.616829609588,2545018854.5187764,2330412608.382425,366.65826663657367,1176487285.922607,27362627.638365902,1149124658.284241,0.33003740912801893,21.243612405592238,1660104724.514028,37660097.76575452,0.6768456050003322
224378518.0095989,65537266.666666664,charging,65537266.666666664,0.0,0.0,0.0,0.0,158841251.34293225,1.000000000000004,16,239,734.7142853763509,22.71,66260591.4771373,273.85766805981024,665.8082588345136,1445.0192143427032,11210.61682961382,2545018854.5197372,2329020628.117316,366.55859283256564,1176338623.9189522,25821985.36960188,1150516638.5493503,0.3305834745153475,21.75631723841384,1660875042.3822439,36816891.53153724,0.6776945896756439
153739147.5630858,65537266.666666664,charging,65537266.666666664,0.0,0.0,0.0,0.0,88201880.89641914,1.000000000000004,17,239,513.3159360017673,22.16,66260591.47713728,273.8576680598103,665.8082588345135,1445.01921433954,11210.616829503651,2545018854.494727,2329020628.095017,366.55859283260776,1176338623.9418797,25821985.370231293,1150516638.5716484,0.3305834745217545,21.756317238708135,1664134079.5170026,36871626.99753492,0.6763743555741066
26950231.131814443,65537266.666666664,direct_plus_discharge,65537266.666666664,0.0,38587035.53485222,0.0,273.42848904444844,0.0,0.9654616645417579,18,239,142.53321040220257,21.1,66319910.16316494,112.61573493704252,658.6876623613149,1445.0192142005553,11210.616829733306,2545018854.546863,2329074221.6230655,366.5624301595799,1176344349.098842,25881304.055240087,1150463045.0436018,0.3305624410227465,21.73613590152208,1670415132.9039924,36693374.43065448,0.6739249673354681
0.0,65537266.666666664,discharging,65537266.666666664,0.0,65537266.666666664,0.0,464.39835432769763,0.0,0.9068008197845749,19,239,0.0,19.51,66365809.579372525,1.0,654.1499999999971,1445.0192143110764,11210.61682922707,2545018854.431938,2329115690.980515,366.56539941438245,1176348779.074785,25927203.388635002,1150421575.68615,0.33054616630232525,21.720544810732065,1679836712.9844775,36674427.12657233,0.670209210300682
0.0,65537266.666666664,discharging,65537266.666666664,0.0,65537266.666666664,0.0,464.39835432769763,0.0,0.8481399750273921,20,239,0.0,18.72,66365809.579374716,1.0,654.15,1445.0192143358536,11210.616829592802,2545018854.514966,2329115691.054546,366.5653994142424,1176348779.0846496,25927203.472530402,1150421575.6121192,0.33054616628105404,21.720544809755783,1684517875.414404,36754575.39465852,0.6683553060245506
0.0,65537266.666666664,discharging,65537266.666666664,0.0,65537266.666666664,0.0,464.39835432769763,0.0,0.7894791302702093,21,239,0.0,17.71,66365809.579374716,1.0,654.15,1445.0192142091648,11210.616829726065,2545018854.545219,2329115691.081519,366.56539941419135,1176348779.056619,25927203.47147201,1150421575.585147,0.3305461662733042,21.72054480940036,1690502652.698234,36857043.43360245,0.6660000103981492
0.0,65537266.666666664,discharging,65537266.666666664,0.0,65537266.666666664,0.0,464.39835432769763,0.0,0.7308182855130265,22,239,0.0,16.84,66365809.579374716,1.0,654.15,1445.0192143476208,11210.616829523566,2545018854.499248,2329115691.0405307,366.56539941426894,1176348779.0979006,25927203.4717638,1150421575.6261368,0.33054616628508166,21.72054480994052,1695657856.8932161,36945307.981999695,0.6639844593086562
0.0,65537266.666666664,discharging,65537266.666666664,0.0,65537266.666666664,0.0,464.39835432769763,0.0,0.6721574407558437,23,239,0.0,16.56,66365809.579374716,1.0,654.15,1445.0192141620785,11210.616829411558,2545018854.47382,2329115691.0178547,366.56539941431186,1176348779.0378091,25927203.388996623,1150421575.6488125,0.33054616629159694,21.7205448102394,1697317003.0709114,36973714.96309306,0.6633383686403701
0.0,65537266.666666664,discharging,65537266.666666664,0.0,65537266.666666664,0.0,464.39835432769763,0.0,0.6134965959986609,0,240,0.0,16.38,66365809.579374716,1.0,654.15,1445.0192143110737,11210.616829227061,2545018854.4319363,2329115690.980513,366.56539941438245,1176348779.0747862,25927203.38863279,1150421575.6861534,0.33054616630232597,21.720544810731425,1698383597.042287,36991976.59379594,0.662923688199499
0.0,65537266.666666664,discharging,65537266.666666664,0.0,65537266.666666664,0.0,464.39835432769763,0.0,0.554835751241478,1,240,0.0,15.9,66365809.579374716,1.0,654.15,1445.0192143427264,11210.616829613966,2545018854.5197706,2329115691.05883,366.56539941423443,1176348779.0797179,25927203.47188123,1150421575.6078367,0.33054616627982353,21.720544809699348,1701227847.6326222,37040674.27567028,0.6618204041024052
0.0,65537266.666666664,discharging,65537266.666666664,0.0,65537266.666666664,0.0,464.39835432769763,0.0,0.49617490648429513,2,240,0.0,15.45,66365809.579374716,1.0,654.15,1445.0192141584084,11210.616829414794,2545018854.474555,2329115691.018512,366.56539941431066,1176348779.037181,25927203.38902647,1150421575.6481545,0.3305461662914079,21.720544810230702,1703894332.5610614,37086328.35242747,0.6607894053484378
0.0,65537266.666666664,discharging,65537266.666666664,0.0,65537266.666666664,0.0,464.39835432769763,0.0,0.43751406172711227,3,240,0.0,15.01,66365809.579374716,1.0,654.15,1445.0192142054843,11210.616829643142,2545018854.5263944,2329115691.0647316,366.56539941422307,1176348779.073336,25927203.471399788,1150421575.601936,0.33054616627812816,21.720544809621657,1706501562.2688682,37130967.894145615,0.6597844188502161
0.0,65537266.666666664,discharging,65537266.666666664,0.0,65537266.666666664,0.0,464.39835432769763,0.0,0.37885321696992935,4,240,0.0,14.63,66365809.579374716,1.0,654.15,1445.0192143426955,11210.616829613771,2545018854.5197268,2329115691.0587893,366.56539941423443,1176348779.079702,25927203.471827142,1150421575.6078749,0.3305461662798345,21.720544809699863,1708753260.6528835,37169520.22562947,0.6589189328459337
0.0,65537266.666666664,discharging,65537266.666666664,0.0,65537266.666666664,0.0,464.39835432769763,0.0,0.3201923722127465,5,240,0.0,14.29,66365809.579374716,1.0,654.15,1445.0192143444701,11210.61682949951,2545018854.493787,2329115691.035661,366.5653994142781,1176348779.1034868,25927203.47248313,1150421575.6310036,0.33054616628648,21.72054481000465,1710767938.1543708,37204014.41695712,0.6581464730819583
62472502.38386269,65537266.666666664,direct_plus_discharge,65537266.666666664,0.0,3064764.282803975,0.0,21.716979693026655,0.0,0.31744917477783785,6,240,251.3616735525493,14.03,66262880.22953476,261.05107354755273,665.5129627381976,1445.0192143427053,11210.616829613817,2545018854.519737,2329022695.96642,366.5587408914555,1176338844.8222458,25824274.121999525,1150514570.7002463,0.3305826629465318,21.755537891532562,1712308573.8908029,37669336.58761528,0.6574451962000553
174951776.9669102,65537266.666666664,charging,65537266.666666664,109414510.30024356,0.0,775.3133615022705,0.0,0.0,0.4153834941254931,7,240,583.6294855751008,14.29,67463789.21455532,731.0632270760666,665.8155547392212,1445.0192141639982,11210.616829436745,2545018854.4795384,2330107718.860947,366.6364335254416,1176454730.8292015,27025183.02348185,1149429547.8057196,0.3301569734450806,21.353906763371434,1710767938.1543708,38338919.07025998,0.6571522734920608
206040811.18802595,65537266.666666664,charging,65537266.666666664,140503544.5213593,0.0,995.6108664830034,0.0,0.0,0.5411448667338724,8,240,696.9614461346141,17.1,67805665.76758957,860.973594826523,665.8172353925607,1445.019214300552,11210.616829209195,2545018854.4278803,2330416612.7656684,366.6585534008116,1176487713.4785416,27367059.577544384,1149120653.9009972,0.3300358389323446,21.24217109555436,1694117221.1567845,38247112.09416394,0.6633250476500874
207312658.33370495,65537266.666666664,charging,65537266.666666664,141775391.6670383,0.0,1004.6232002505043,0.0,0.0,0.668044639397094,9,240,747.2461916851703,18.97,67819651.87970328,866.2882060570419,665.8173037882359,1445.0192143024692,11210.616829320428,2545018854.453132,2330429249.663158,366.6594583420525,1176489062.692538,27381045.689029664,1149108017.0035083,0.33003088381764634,21.23762399105796,1683036494.8986044,38064527.47188226,0.6676586685311664
203696488.5297884,65537266.666666664,charging,65537266.666666664,138159221.86312175,0.0,978.9989502424933,0.0,0.0,0.7917076646908826,10,240,793.8924662870717,20.8,67779885.97192757,851.1774777618599,665.8171092490309,1445.019214165248,11210.616829349723,2545018854.4597826,2330393319.9851923,366.6568853788669,1176485226.462281,27341279.780804504,1149143946.6814766,0.33004497248989556,21.250557427567404,1672192789.5229518,37855906.54172024,0.6719948673543606
185005891.93769306,65537266.666666664,charging,65537266.666666664,119468625.2710264,0.0,846.5570169693333,0.0,0.0,0.8986411826238511,11,240,772.4850433031744,22.56,67574351.22640732,773.075911161719,665.8161001125598,1445.01921429931,11210.616829296356,2545018854.447667,2330207613.9660254,366.64358692965277,1176465397.7370846,27135745.0364454,1149329652.7006392,0.33011779636295296,21.317648048659727,1661763870.6917236,37562443.43718027,0.6763442919377143
179942052.25792107,65537266.666666664,charging,65537266.666666664,113240439.52820016,0.0,802.4239708945443,0.0,1164346.0630542487,1.000000000000004,12,240,766.9098982964833,24.11,67505861.78224297,747.0504677685897,665.8157624819889,1445.019214160316,11210.616829439856,2545018854.480244,2330145732.279187,366.6391556244297,1176458789.9786434,27067255.591161862,1149391534.3874815,0.3301420649623977,21.340095104188592,1652579311.4937668,37367205.40891571,0.6801348580510553
197340247.87382725,65537266.666666664,charging,65537266.666666664,0.0,0.0,0.0,0.0,131802981.20716059,1.000000000000004,13,240,806.5426929627857,25.31,66260591.47713727,273.85766805981024,665.8082588345135,1445.0192143061497,11210.616829231263,2545018854.43289,2329020628.039884,366.55859283271195,1176338623.913178,25821985.28639641,1150516638.6267815,0.3305834745375961,21.756317239435784,1645468685.017929,36558142.05591172,0.6840061169703768
211280874.6833371,65537266.666666664,charging,65537266.666666664,0.0,0.0,0.0,0.0,145743608.01667044,1.000000000000004,14,240,800.0399377340522,26.09,66260591.47713728,273.8576680598103,665.8082588345135,1445.0192142993064,11210.616829296272,2545018854.447648,2329020628.0530386,366.558592832687,1176338623.9007814,25821985.28715338,1150516638.613628,0.3305834745338167,21.756317239262245,1640846777.808635,36480517.21322408,0.6859225638480021
226386716.15069103,65537266.666666664,charging,65537266.666666664,0.0,0.0,0.0,0.0,160849449.48402438,1.000000000000004,15,240,787.5428072262483,26.37,66260591.47713728,273.8576680598103,665.8082588345135,1445.0192142091553,11210.616829639961,2545018854.525672,2329020628.1226063,366.55859283255563,1176338623.9132085,25821985.369148437,1150516638.54406,0.3305834745138274,21.756317238344028,1639187631.630939,36452651.88507979,0.686613141174856
226176561.3386532,65537266.666666664,charging,65537266.666666664,0.0,0.0,0.0,0.0,160639294.67198655,1.000000000000004,16,240,740.8449564918305,26.1,66260591.47713728,273.8576680598103,665.8082588345135,1445.0192142042245,11210.61682973014,2545018854.546144,2329020628.140861,366.5585928325212,1176338623.8950052,25821985.369199872,1150516638.5258055,0.3305834745085822,21.756317238103065,1640787522.5880024,36479522.02293321,0.6859472033522742
183973196.4336155,65537266.666666664,charging,65537266.666666664,0.0,0.0,0.0,0.0,118435929.76694885,1.000000000000004,17,240,602.5738237149125,25.22,66260591.47713728,273.8576680598103,665.8082588345135,1445.0192143042382,11210.616829292167,2545018854.4467163,2329020628.05221,366.55859283268865,1176338623.9016345,25821985.28717797,1150516638.6144564,0.33058347453405473,21.75631723927315,1646001982.0036168,36567098.76852952,0.6837856773681316
79148934.05765454,65537266.666666664,charging,65537266.666666664,0.0,0.0,0.0,0.0,13611667.39098788,1.000000000000004,18,240,296.7089972095202,23.83,66260591.47713728,273.8576680598103,665.8082588345135,1445.0192143513013,11210.616829520415,2545018854.498533,2329020628.0984087,366.55859283260133,1176338623.9377816,25821985.369523033,1150516638.5682585,0.33058347452078046,21.756317238663435,1654238457.6714623,36705430.21896009,0.6803990639829055
0.0,65537266.666666664,discharging,65537266.666666664,0.0,65537266.666666664,0.0,464.39835432769763,0.0,0.9413391552428212,19,240,0.0,21.99,66365809.57937197,1.0,654.1499999999965,1445.0192143024599,11210.616829320319,2545018854.4531074,2329115690.9993896,366.56539941434664,1176348779.0559454,25927203.38867102,1150421575.6672745,0.33054616629690187,21.720544810483496,1665141418.2677464,36422822.43688791,0.6760964694408914
0.0,65537266.666666664,discharging,65537266.666666664,0.0,65537266.666666664,0.0,464.39835432769763,0.0,0.8826783104856384,20,240,0.0,20.82,66365809.579374716,1.0,654.15,1445.0192141571672,11210.616829329812,2545018854.4552627,2329115691.001311,366.56539941434306,1176348779.0543156,25927203.38895872,1150421575.6653569,0.3305461662963506,21.720544810457387,1672074279.081688,36541523.03645828,0.6733061781584813
0.0,65537266.666666664,discharging,65537266.666666664,0.0,65537266.666666664,0.0,464.39835432769763,0.0,0.8240174657284556,21,240,0.0,19.95,66365809.579374716,1.0,654.15,1445.0192143476363,11210.61682960969,2545018854.5188,2329115691.057961,366.5653994142359,1176348779.0805616,25927203.471857466,1150421575.608704,0.3305461662800728,21.720544809710823,1677229483.2766702,36629787.58485553,0.671246230754062
0.0,65537266.666666664,discharging,65537266.666666664,0.0,65537266.666666664,0.0,464.39835432769763,0.0,0.7653566209712728,22,240,0.0,19.47,66365809.579374716,1.0,654.15,1445.0192143426843,11210.616829613698,2545018854.51971,2329115691.058775,366.56539941423455,1176348779.0796974,25927203.471805066,1150421575.6078923,0.3305461662798395,21.7205448097001,1680073733.8670053,36678485.26672987,0.6701150945291274
0.0,65537266.666666664,discharging,65537266.666666664,0.0,65537266.666666664,0.0,464.39835432769763,0.0,0.70669577621409,23,240,0.0,18.66,66365809.579374716,1.0,654.15,1445.0192141584043,11210.616829328726,2545018854.455016,2329115691.001089,366.56539941434346,1176348779.0545275,25927203.38895046,1150421575.6655772,0.33054616629641387,21.72054481046031,1684873406.7381954,36760662.60489282,0.6682149221782858
0.0,65537266.666666664,discharging,65537266.666666664,0.0,65537266.666666664,0.0,464.39835432769763,0.0,0.6480349314569072,0,241,0.0,18.03,66365809.579374716,1.0,654.15,1445.0192143073932,11210.616829316237,2545018854.452181,2329115690.998563,366.56539941434824,1176348779.056805,25927203.388700895,1150421575.668104,0.3305461662971399,21.720544810493575,1688606485.6380107,36824578.312352896,0.6667444441589112
0.0,65537266.666666664,discharging,65537266.666666664,0.0,65537266.666666664,0.0,464.39835432769763,0.0,0.5893740866997244,1,241,0.0,17.56,66365809.579374716,1.0,654.15,1445.0192142005485,11210.616829647219,2545018854.5273194,2329115691.065559,366.56539941422153,1176348779.0724757,25927203.471367482,1150421575.601108,0.33054616627789024,21.720544809610704,1691391481.0077133,36872261.45918818,0.66565162904998
0.0,65537266.666666664,discharging,65537266.666666664,0.0,65537266.666666664,0.0,464.39835432769763,0.0,0.5307132419425414,2,241,0.0,17.24,66365809.579374716,1.0,654.15,1445.0192143444729,11210.616829585595,2545018854.51333,2329115691.0530844,366.56539941424523,1176348779.0861452,25927203.472562894,1150421575.6135824,0.33054616628147443,21.720544809775117,1693287648.067937,36904726.58043774,0.6649096322872082
0.0,65537266.666666664,discharging,65537266.666666664,0.0,65537266.666666664,0.0,464.39835432769763,0.0,0.4720523971853586,3,241,0.0,16.96,66365809.579374716,1.0,654.15,1445.0192143476283,11210.61682960961,2545018854.5187817,2329115691.0579443,366.5653994142359,1176348779.0805573,25927203.471834287,1150421575.6087232,0.33054616628007827,21.720544809711086,1694946794.2456324,36933133.56153111,0.6642617407462771
0.0,65537266.666666664,discharging,65537266.666666664,0.0,65537266.666666664,0.0,464.39835432769763,0.0,0.41339155242817566,4,241,0.0,16.68,66365809.579374716,1.0,654.15,1445.0192142042317,11210.616829644157,2545018854.5266247,2329115691.064938,366.56539941422284,1176348779.0731163,25927203.47138621,1150421575.60173,0.330546166278069,21.720544809618925,1696605940.4233277,36961540.542624466,0.6636151105930469
0.0,65537266.666666664,discharging,65537266.666666664,0.0,65537266.666666664,0.0,464.39835432769763,0.0,0.3547307076709928,5,241,0.0,16.37,66365809.579374716,1.0,654.15,1445.0192141973837,11210.616829709164,2545018854.5413823,2329115691.078099,366.56539941419794,1176348779.0607104,25927203.472142298,1150421575.5885682,0.3305461662742872,21.720544809445435,1698442852.2629192,36992991.128834985,0.6629006655412695
72702824.19539642,65537266.666666664,charging,65537266.666666664,7165557.528729759,0.0,50.77528089640415,0.0,0.0,0.36114442736317015,6,241,281.2328898620014,15.1,66339388.91069752,303.80006533962285,665.809905469644,1445.019214307399,11210.616829230225,2545018854.432654,2329091820.280602,366.5636902468477,1176346229.1060297,25900782.71996336,1150445446.3860664,0.33055553434004076,21.72951673615271,1705968265.2831805,37618985.84006403,0.6598152433409528
168958699.41627747,65537266.666666664,charging,65537266.666666664,103421432.74961081,0.0,732.846296679018,0.0,0.0,0.4537144858910461,7,241,564.3500972724893,17.06,67397885.18291184,706.0202198529313,665.8152288036464,1445.0192143476277,11210.616829609628,2545018854.5187855,2330048173.3756995,366.63216955841386,1176448372.3663452,26959279.075375766,1149489093.2909694,0.3301803273286516,21.37557651638102,1694354242.0393124,38021055.97749112,0.6635335279872016
196000057.27323115,65537266.666666664,charging,65537266.666666664,130462790.60656449,0.0,924.461887720181,0.0,0.0,0.5704886190767532,8,241,665.2598632459452,19.93,67695250.68316317,819.0167419926426,665.8166944455314,1445.0192143395502,11210.616829589755,2545018854.514274,2330316849.685513,366.6514092879659,1176477061.5574963,27256644.576343358,1149220416.981153,0.3300749589601956,21.27813473041684,1677347993.7179341,37897073.14310672,0.6700036275774092
214497778.01024348,65537266.666666664,charging,65537266.666666664,148960511.34357682,0.0,1055.5370989091614,0.0,0.0,0.7038196210442262,9,241,771.6614266822957,22.16,67898664.43219274,896.3123468158581,665.817689652415,1445.019214160327,11210.616829353898,2545018854.46073,2330500640.010506,366.6645707100688,1176496684.897228,27460058.24106519,1149036626.6561627,0.330002891351676,21.211970953115447,1664134079.5170026,37783582.02286477,0.6751423130638019
201679903.47902954,65537266.666666664,charging,65537266.666666664,136142636.81236288,0.0,964.7093891032189,0.0,0.0,0.8256776491414749,10,241,788.6274380217541,23.97,67757710.20599043,842.7508632944918,665.8170006638961,1445.0192143061417,11210.616829317225,2545018854.452405,2330373283.5334353,366.65545055184265,1176483087.148529,27319104.015296146,1149163983.1332328,0.33005282928353025,21.25777645129523,1653408884.5826142,37520917.158757046,0.679604784273001
191223687.28042758,65537266.666666664,charging,65537266.666666664,125686420.61376092,0.0,890.6164364657063,0.0,0.0,0.9381765674318799,11,241,799.4328965253436,25.66,67642726.4105356,799.05793665105,665.8164365001412,1445.0192143005518,11210.616829209212,2545018854.427884,2330269392.5699086,366.64801088151376,1176471994.3172517,27204120.220494237,1149267874.0967574,0.3300935691588368,21.29528377929517,1643394752.2958097,37285525.8809451,0.6838111263752751
185330195.82971886,65537266.666666664,charging,65537266.666666664,69070583.67872761,0.0,489.4355078309843,0.0,50722345.48432459,1.0000000000000042,12,241,792.0033372922225,26.94,67020139.45460787,562.4798511299973,665.8133482959544,1445.0192141652394,11210.616829435698,2545018854.4793,2329706875.583658,366.60773025213393,1176411924.3465445,26581533.263534527,1149830391.08301,0.33031420245191706,21.500604345380516,1635810084.0549164,36813364.98784928,0.687441271818264
207678190.43316677,65537266.666666664,charging,65537266.666666664,0.0,0.0,0.0,0.0,142140923.76650012,1.0000000000000042,13,241,850.2457895993972,27.87,66260591.477136634,273.85766805981024,665.8082588345135,1445.0192143061547,11210.61682931735,2545018854.4524336,2329020628.0573134,366.558592832679,1176338623.895831,25821985.2864786,1150516638.6093526,0.3305834745325883,21.75631723920589,1630299348.536142,36303373.341449335,0.6903364692175606
217668329.3707343,65537266.666666664,charging,65537266.666666664,0.0,0.0,0.0,0.0,152131062.70406765,1.0000000000000042,14,241,826.5237773616437,28.36,66260591.47713728,273.8576680598103,665.8082588345135,1445.0192141534794,11210.616829332872,2545018854.455957,2329020628.060447,366.5585928326731,1176338623.8929207,25821985.286700826,1150516638.60622,0.3305834745316881,21.756317239164478,1627395842.7251751,36254609.0171972,0.6915615220741006
219472210.54544815,65537266.666666664,charging,65537266.666666664,0.0,0.0,0.0,0.0,153934943.8787815,1.0000000000000042,15,241,768.0180655306063,28.4,66260591.47713728,273.8576680598103,665.8082588345135,1445.0192143061472,11210.616829317285,2545018854.4524183,2329020628.0572963,366.55859283267904,1176338623.8958302,25821985.286460053,1150516638.60937,0.33058347453259324,21.756317239205977,1627158821.8426473,36250628.25603373,0.6916617183707332
219313348.9393017,65537266.666666664,charging,65537266.666666664,0.0,0.0,0.0,0.0,153776082.27263504,1.0000000000000042,16,241,721.1281879062215,28.01,66260591.47713728,273.8576680598103,665.8082588345135,1445.0192143476374,11210.616829523635,2545018854.499264,2329020628.0990624,366.5585928326001,1176338623.9371529,25821985.369547807,1150516638.567605,0.3305834745205927,21.756317238654766,1629469775.4472945,36289440.67737755,0.6906860411940209
181657061.93057466,65537266.666666664,charging,65537266.666666664,0.0,0.0,0.0,0.0,116119795.263908,1.0000000000000042,17,241,595.198637889787,27.2,66260591.47713728,273.8576680598103,665.8082588345135,1445.019214153458,11210.616829418805,2545018854.4754653,2329020628.077842,366.5585928326402,1176338623.8755603,25821985.286736224,1150516638.588824,0.3305834745266897,21.75631723893485,1634269448.318485,36370051.09093781,0.6886684045214637
68440472.32030113,65537266.666666664,charging,65537266.666666664,0.0,0.0,0.0,0.0,2903205.653634466,1.0000000000000042,18,241,263.8575522275488,25.9,66260591.47713728,273.8576680598103,665.8082588345135,1445.0192141603154,11210.616829439883,2545018854.4802504,2329020628.0821104,366.55859283263214,1176338623.8706198,25821985.2860643,1150516638.5845554,0.3305834745254631,21.75631723887847,1641972627.0006425,36499425.82875056,0.685454748349926
0.0,65537266.666666664,discharging,65537266.666666664,0.0,65537266.666666664,0.0,464.39835432769763,0.0,0.9413391552428215,19,241,0.0,24.08,66365809.57937197,1.0,654.1499999999965,1445.0192143024676,11210.61682923437,2545018854.433595,2329115690.9819894,366.5653994143795,1176348779.073301,25927203.38862746,1150421575.6846735,0.33054616630190103,21.720544810712827,1652757077.1556628,36210784.61372673,0.6811388195862257
0.0,65537266.666666664,discharging,65537266.666666664,0.0,65537266.666666664,0.0,464.39835432769763,0.0,0.8826783104856387,20,241,0.0,22.74,66365809.579374716,1.0,654.15,1445.0192143444888,11210.61682958569,2545018854.5133514,2329115691.0531054,366.5653994142451,1176348779.0861516,25927203.472590044,1150421575.6135616,0.3305461662814685,21.72054480977481,1660697276.720348,36346732.308960915,0.6778973140900397
0.0,65537266.666666664,discharging,65537266.666666664,0.0,65537266.666666664,0.0,464.39835432769763,0.0,0.8240174657284559,21,241,0.0,21.22,66365809.579374716,1.0,654.15,1445.0192143513088,11210.61682952045,2545018854.498541,2329115691.039901,366.56539941427025,1176348779.0985365,25927203.471771915,1150421575.6267645,0.330546166285262,21.72054480994877,1669704070.256409,36500941.63489632,0.674257529200162
0.0,65537266.666666664,discharging,65537266.666666664,0.0,65537266.666666664,0.0,464.39835432769763,0.0,0.765356620971273,22,241,0.0,21.25,66365809.579374716,1.0,654.15,1445.0192142005565,11210.616829733319,2545018854.546866,2329115691.082986,366.5653994141886,1176348779.055133,25927203.471452106,1150421575.583681,0.330546166272883,21.720544809381074,1669526304.5945127,36497898.02977919,0.6743289888936188
0.0,65537266.666666664,discharging,65537266.666666664,0.0,65537266.666666664,0.0,464.39835432769763,0.0,0.7066957762140902,23,241,0.0,20.29,66365809.579374716,1.0,654.15,1445.0192143042252,11210.616829292063,2545018854.4466925,2329115690.993671,366.56539941435767,1176348779.0623813,25927203.389385134,1150421575.672996,0.33054616629854555,21.72054481055803,1675214805.775183,36595293.393527865,0.6720497654685317
0.0,65537266.666666664,discharging,65537266.666666664,0.0,65537266.666666664,0.0,464.39835432769763,0.0,0.6480349314569074,0,242,0.0,19.56,66365809.579374716,1.0,654.15,1445.0192143463692,11210.616829524579,2545018854.499478,2329115691.0407352,366.5653994142685,1176348779.0976818,25927203.47175109,1150421575.6259308,0.3305461662850224,21.720544809937802,1679540436.8813176,36669354.45137843,0.6703268921059988
0.0,65537266.666666664,discharging,65537266.666666664,0.0,65537266.666666664,0.0,464.39835432769763,0.0,0.5893740866997246,1,242,0.0,18.89,66365809.579374716,1.0,654.15,1445.0192142054857,11210.616829729195,2545018854.5459294,2329115691.0821533,366.5653994141902,1176348779.0559845,25927203.47147117,1150421575.5845134,0.33054616627312217,21.720544809392003,1683510536.6636603,36737328.2989947,0.6687533808446191
0.0,65537266.666666664,discharging,65537266.666666664,0.0,65537266.666666664,0.0,464.39835432769763,0.0,0.5307132419425417,2,242,0.0,18.31,66365809.579374716,1.0,654.15,1445.019214339536,11210.616829503668,2545018854.494731,2329115691.0364995,366.5653994142766,1176348779.1026378,25927203.472471572,1150421575.6301663,0.3305461662862394,21.72054480999367,1686947339.4603148,36796171.33125953,0.6673971901433711
0.0,65537266.666666664,discharging,65537266.666666664,0.0,65537266.666666664,0.0,464.39835432769763,0.0,0.4720523971853588,3,242,0.0,17.75,66365809.579374716,1.0,654.15,1445.019214168938,11210.616829432658,2545018854.4786105,2329115691.022129,366.5653994143038,1176348779.0328684,25927203.38833067,1150421575.6445377,0.3305461662903687,21.720544810183014,1690265631.8157058,36852985.29344625,0.6660929737241273
0.0,65537266.666666664,discharging,65537266.666666664,0.0,65537266.666666664,0.0,464.39835432769763,0.0,0.41339155242817593,4,242,0.0,17.16,66365809.579374716,1.0,654.15,1445.0192143110742,11210.616829313101,2545018854.451469,2329115690.997933,366.5653994143496,1176348779.0574358,25927203.388701297,1150421575.6687346,0.3305461662973211,21.720544810501824,1693761689.8329926,36912842.860750124,0.6647243915227308
0.0,65537266.666666664,discharging,65537266.666666664,0.0,65537266.666666664,0.0,464.39835432769763,0.0,0.3547307076709931,5,242,0.0,16.31,66365809.579374716,1.0,654.15,1445.0192142956262,11210.61682921336,2545018854.428826,2329115690.9777417,366.5653994143878,1176348779.0782464,25927203.389321443,1150421575.688925,0.33054616630312234,21.720544810767915,1698798383.586711,36999078.33906928,0.662762563561183
52475970.17774046,65537266.666666664,direct_plus_discharge,65537266.666666664,0.0,13061296.488926202,0.0,92.55260256266608,0.0,0.3430398526104458,6,242,220.19701286871518,15.79,66278929.3600704,219.2790080054018,663.4910869703186,1445.0192142042197,11210.616829730106,2545018854.546137,2329037196.1125846,366.55977910738335,1176340393.8062065,25840323.252125,1150500070.5540814,0.33057697210655107,21.75007448700427,1701879655.0595737,37415491.36462458,0.6614748928147041
168411209.42055002,65537266.666666664,charging,65537266.666666664,102873942.75388336,0.0,728.9667718535492,0.0,0.0,0.4351198658972099,7,242,562.3266553048254,17.64,67391864.60371926,703.7324477021855,665.8151989965447,1445.0192142091598,11210.61682963998,2545018854.5256763,2330042733.6829643,366.6317800309324,1176447791.4794407,26953258.495735053,1149494532.9837055,0.3301824608343969,21.377558241700278,1690917439.242658,37958952.381754175,0.6648795359532136
186169967.55704674,65537266.666666664,charging,65537266.666666664,120632700.89038008,0.0,854.8056795919355,0.0,0.0,0.5430953201614543,8,242,635.1209418612048,20.23,67587152.20817429,777.9401822974515,665.8161631415699,1445.019214335863,11210.616829592864,2545018854.5149803,2330219180.0098033,366.64441516455963,1176466632.758211,27148546.101347733,1149318086.6568632,0.33011326053633777,21.313457638900285,1675570337.0989747,37806080.77657243,0.6707913536489126
191926083.3530224,65537266.666666664,charging,65537266.666666664,126388816.68635574,0.0,895.5936287837555,0.0,0.0,0.6562229364288762,9,242,698.4788887736407,22.18,67650450.44424017,801.9930079513766,665.8164744577139,1445.0192143513025,11210.616829606462,2545018854.518067,2330276371.509256,366.64851063755543,1176472739.4941068,27211844.336695757,1149260895.157411,0.33009083235531916,21.292760230035245,1664015569.0757387,37643371.47256127,0.6753767560420197
196727043.04852986,65537266.666666664,charging,65537266.666666664,131189776.3818632,0.0,929.6133231528718,0.0,0.0,0.7736477772481862,10,242,774.2625367807528,23.76,67703245.12226965,822.0545651925119,665.8167336710451,1445.0192143061483,11210.616829231218,2545018854.43288,2330324072.802754,366.6519265434639,1176477832.7954304,27264638.931518987,1149213193.8639114,0.3300721264725574,21.275526899298324,1654653244.215886,37512098.68108602,0.6791376496911753
185912781.37103403,65537266.666666664,charging,65537266.666666664,120375514.70436737,0.0,852.9832532440746,0.0,0.0,0.8813930302895431,11,242,784.3006640057805,24.94,67584324.01074158,776.8654897943774,665.8161492182418,1445.0192141937132,11210.616829712337,2545018854.5421023,2330216624.691619,366.64423217747935,1176466359.8785675,27145717.90352036,1149320641.975047,0.33011426265012705,21.314383314095576,1647661128.1813123,37326404.96204273,0.6820944483968864
176233353.74355316,65537266.666666664,charging,65537266.666666664,110696087.0768865,0.0,784.394639625215,0.0,0.0,0.9804744584527281,12,242,762.8755427365118,25.8,67477882.32043152,736.4184950837505,665.8156243558597,1445.019214351307,11210.616829520453,2545018854.498542,2330120452.2786937,366.6373453489936,1176456090.6008015,27039276.212827444,1149416814.387974,0.33015197948690655,21.349278334489348,1642565179.2069619,37180436.32821887,0.6842802884898499
185184637.22940496,65537266.666666664,charging,65537266.666666664,21814391.328523345,0.0,154.57720391593952,0.0,97832979.23421496,1.0000000000000047,13,242,771.6422974928282,26.76,66500477.633165486,365.0124971093416,665.810726504075,1445.019214347619,11210.61682960959,2545018854.518777,2329237362.0701175,366.57411125602624,1176361776.1221678,26061871.525618434,1150299904.5965495,0.33049841883049663,21.67492502508196,1636876678.026292,36545781.12101701,0.6873936096105008
220030889.0074442,65537266.666666664,charging,65537266.666666664,0.0,0.0,0.0,0.0,154493622.34077755,1.0000000000000047,14,242,840.5746288606725,27.74,66260591.477137364,273.8576680598103,665.8082588345137,1445.0192141937123,11210.616829712364,2545018854.5421085,2329020628.1372647,366.5585928325281,1176338623.8993266,25821985.369922154,1150516638.5294044,0.3305834745096163,21.756317238150523,1631069666.404358,36316310.815231025,0.6900121832905911
31050574.609646417,65537266.666666664,direct_plus_discharge,65537266.666666664,0.0,34486692.05702025,0.0,244.37337490658678,0.0,0.9691317842223306,15,242,164.25686699612945,27.19,66313327.1855523,129.74965827862198,659.4266117907094,1445.0192143110828,11210.616829227143,2545018854.431955,2329068273.900626,366.5620043053455,1176343713.760872,25874720.994832672,1150468992.7660391,0.330564775240049,21.73837377517857,1634328703.5391169,36110505.020362005,0.6887224550710579
92550106.60615894,65537266.666666664,charging,65537266.666666664,27012839.939492278,0.0,191.4135125198648,0.0,0.0,0.9933103331722083,16,242,338.45854568529336,26.23,66557643.37461887,386.73502364328385,665.8110169133357,1445.0192141689256,11210.616829432576,2545018854.4785914,2329289010.7800803,366.577809424409,1176367293.0701375,26119037.18354807,1150248255.8865895,0.330478151418102,21.655615524119526,1640017204.7197871,36630191.33895056,0.6860406419324991
0.0,65537266.666666664,discharging,65537266.666666664,0.0,65537266.666666664,0.0,464.39835432769763,0.0,0.9346494884150255,17,242,58.437596625885206,25.38,66365809.5793747,1.0,654.15,1445.0192143042316,11210.616829206083,2545018854.4271736,2329115690.976268,366.5653994143905,1176348779.0797346,25927203.389334287,1150421575.6904004,0.3305461663035462,21.72054481078738,1645053898.4735053,36078895.058652036,0.6843133273685644
50045582.14538731,65537266.666666664,direct_plus_discharge,65537266.666666664,0.0,15491684.521279357,0.0,109.77437972867347,0.0,0.9207832509756141,18,242,209.42571977814768,24.58,66282831.27465233,209.12325338099922,663.012060440477,1445.0192143024697,11210.616829320385,2545018854.453122,2329040721.3457913,366.5600315221684,1176340770.404844,25844225.083967138,1150496545.3208768,0.33057558856488334,21.748746608030604,1649794316.1240637,36518082.587740734,0.6822558774991845
0.0,65537266.666666664,discharging,65537266.666666664,0.0,65537266.666666664,0.0,464.39835432769763,0.0,0.8621224062184313,19,242,0.0,21.85,66365809.57937381,1.0,654.15,1445.0192142091717,11210.616829726112,2545018854.54523,2329115691.081526,366.56539941419123,1176348779.0566268,25927203.47148548,1150421575.5851414,0.3305461662733027,21.720544809400625,1665970991.356594,36437025.92743576,0.6757613708965545
0.0,65537266.666666664,discharging,65537266.666666664,0.0,65537266.666666664,0.0,464.39835432769763,0.0,0.8034615614612484,20,242,0.0,20.41,66365809.579374716,1.0,654.15,1445.0192141571597,11210.61682932979,2545018854.4552574,2329115691.001306,366.56539941434306,1176348779.0543122,25927203.38895144,1150421575.6653607,0.3305461662963517,21.720544810457433,1674503743.127599,36583118.97305928,0.672333825445318
0.0,65537266.666666664,discharging,65537266.666666664,0.0,65537266.666666664,0.0,464.39835432769763,0.0,0.7448007167040656,21,242,0.0,19.58,66365809.579374716,1.0,654.15,1445.019214302461,11210.616829320365,2545018854.4531174,2329115690.9994,366.5653994143468,1176348779.0559497,25927203.388682712,1150421575.667267,0.3305461662968994,21.720544810482533,1679421926.4400537,36667325.38130033,0.6703739764387422
0.0,65537266.666666664,discharging,65537266.666666664,0.0,65537266.666666664,0.0,464.39835432769763,0.0,0.6861398719468828,22,242,0.0,18.86,66365809.579374716,1.0,654.15,1445.0192143073946,11210.616829230177,2545018854.4326434,2329115690.981145,366.5653994143813,1176348779.074151,25927203.38862886,1150421575.685522,0.33054616630214456,21.72054481072309,1683688302.3255558,36740371.90411185,0.6686830979497771
0.0,65537266.666666664,discharging,65537266.666666664,0.0,65537266.666666664,0.0,464.39835432769763,0.0,0.6274790271897,23,242,0.0,18.4,66365809.579374716,1.0,654.15,1445.0192142956262,11210.616829299408,2545018854.44836,2329115690.995156,366.5653994143547,1176348779.0609026,25927203.389391053,1150421575.6715117,0.330546166298119,21.720544810538506,1686414042.4746273,36787040.515908085,0.6676072728987662
0.0,65537266.666666664,discharging,65537266.666666664,0.0,65537266.666666664,0.0,464.39835432769763,0.0,0.568818182432517,0,243,0.0,17.88,66365809.579374716,1.0,654.15,1445.0192141603152,11210.616829439856,2545018854.480244,2329115691.0235853,366.565399414301,1176348779.031377,25927203.388293326,1150421575.6430838,0.330546166289951,21.720544810163876,1689495313.94749,36839796.337938614,0.6663952837365832
0.0,65537266.666666664,discharging,65537266.666666664,0.0,65537266.666666664,0.0,464.39835432769763,0.0,0.5101573376753342,1,243,0.0,17.32,66365809.579374716,1.0,654.15,1445.0192143463746,11210.616829524592,2545018854.4994807,2329115691.0407376,366.5653994142685,1176348779.097686,25927203.471755728,1150421575.6259303,0.3305461662850223,21.720544809937802,1692813606.302881,36896610.30012535,0.6650949763627191
0.0,65537266.666666664,discharging,65537266.666666664,0.0,65537266.666666664,0.0,464.39835432769763,0.0,0.4514964929181513,2,243,0.0,16.93,66365809.579374716,1.0,654.15,1445.019214340792,11210.616829588716,2545018854.514038,2329115691.0537143,366.565399414244,1176348779.085512,25927203.472558964,1150421575.612953,0.3305461662812936,21.720544809766842,1695124559.9075282,36936177.166648254,0.6641923986778101
0.0,65537266.666666664,discharging,65537266.666666664,0.0,65537266.666666664,0.0,464.39835432769763,0.0,0.39283564816096844,3,243,0.0,16.41,66365809.579374716,1.0,654.15,1445.0192142042388,11210.616829644208,2545018854.526636,2329115691.0649467,366.5653994142228,1176348779.0731225,25927203.471401874,1150421575.6017206,0.3305461662780662,21.720544809618826,1698205831.3803911,36988932.98867878,0.6629927655527608
0.0,65537266.666666664,discharging,65537266.666666664,0.0,65537266.666666664,0.0,464.39835432769763,0.0,0.3341748034037855,4,243,0.0,15.91,66365809.579374716,1.0,654.15,1445.0192143024658,11210.61682932041,2545018854.453128,2329115690.9994082,366.56539941434676,1176348779.0559535,25927203.388695523,1150421575.667258,0.3305461662968968,21.720544810482423,1701168592.4119902,37039659.74063122,0.6618433517632654
0.0,65537266.666666664,discharging,65537266.666666664,0.0,65537266.666666664,0.0,464.39835432769763,0.0,0.2755139586466027,5,243,0.0,15.42,66365809.579374716,1.0,654.15,1445.0192141937086,11210.61682971229,2545018854.542092,2329115691.078731,366.5653994141967,1176348779.0600765,25927203.47214101,1150421575.5879354,0.3305461662741054,21.720544809437104,1704072098.222957,37089371.95754461,0.6607207862626746
46766492.03677662,65537266.666666664,direct_plus_discharge,65537266.666666664,0.0,18770774.629890047,0.0,133.01007641825723,0.0,0.2587126858358755,6,243,203.1601117214117,14.95,66288095.75478465,195.42106505096845,662.3732785943047,1445.0192143476206,11210.616829523551,2545018854.4992447,2329045477.759524,366.5603720812095,1176341278.5543146,25849489.64717105,1150491788.9071436,0.33057372184518297,21.746955273642133,1706857093.5926602,37456014.201792985,0.6595672438429647
162966584.93788344,65537266.666666664,charging,65537266.666666664,97429318.27121678,0.0,690.3860562044988,0.0,0.0,0.34591934556697007,7,243,546.3520183012969,16.27,67331991.74187963,680.9812369770242,665.8149022846974,1445.0192143024583,11210.616829320305,2545018854.453104,2329988637.4975915,366.62790631331393,1176442014.720247,26893385.551169682,1149548629.1690774,0.330203678332299,21.397285194561668,1699035404.469239,38063759.710626274,0.6617633885695942
196264778.28287366,65537266.666666664,charging,65537266.666666664,130727511.616207,0.0,926.337705975758,0.0,0.0,0.4629304242165395,8,243,667.6822497206181,18.92,67698161.73873079,820.1229199288672,665.8167087299852,1445.019214202326,11210.616829619066,2545018854.5209284,2330319479.9078827,366.65159763870344,1176477342.3902524,27259555.63147197,1149217786.7587805,0.33007392754140147,21.277185055958604,1683332771.0017643,38001397.0889724,0.6676320078125596
202346205.60596234,65537266.666666664,charging,65537266.666666664,136808938.93929568,0.0,969.4308190158586,0.0,0.0,0.5853848434606479,9,243,735.3728990094438,21.33,67765037.32566583,845.5351104257186,665.817036549467,1445.0192142042306,11210.616829730183,2545018854.546154,2330379903.879674,366.6559246340333,1176483794.0047348,27326431.21774518,1149157362.7869897,0.33005023327756033,21.2553906819191,1669052262.8294573,37793668.171341896,0.6732636741930117
198578423.7497617,65537266.666666664,charging,65537266.666666664,133041157.08309504,0.0,942.7322430379365,0.0,0.0,0.704466811002282,10,243,784.6513629077735,23.39,67723604.18675503,829.7908475753122,665.8168335231452,1445.0192143513084,11210.616829606515,2545018854.5180793,2330342467.84743,366.65324381579137,1176479796.898462,27284998.07922627,1149194798.8192358,0.3300649130899807,21.268888434484264,1656845687.3792691,37561018.06036774,0.6782284295322483
179799829.5241854,65537266.666666664,charging,65537266.666666664,114262562.85751873,0.0,809.6667568115975,0.0,0.0,0.8067405065995364,11,243,765.5607504792046,25.04,67517101.7583103,751.3215691689641,665.8158179382224,1445.0192143395343,11210.616829503628,2545018854.494722,2330155887.8473706,366.63988285440786,1176459874.4706929,27078495.65139755,1149381378.8192954,0.33013808211334367,21.336408137515896,1647068575.9749925,37279122.97965266,0.6823896155957792
125337188.8122975,65537266.666666664,charging,65537266.666666664,59799922.14563083,0.0,423.74341875750184,0.0,0.0,0.8602659910741682,12,243,568.3481502095847,26.38,66918192.83938834,523.7409491593272,665.812837155813,1445.0192143476343,11210.616829609657,2545018854.518792,2329614766.3827953,366.60113473934007,1176402087.0157318,26479586.731862035,1149922500.2838697,0.3303503376348747,21.53458891023234,1639128376.4103074,36813627.13770407,0.6861350200958355
43102193.94520567,65537266.666666664,direct_plus_discharge,65537266.666666664,0.0,22435072.72146099,0.0,158.97536441457794,0.0,0.8401848924112743,13,243,239.07803625843,27.25,66293978.674698845,180.10922521581668,661.669485506938,1445.019214165254,11210.616829349723,2545018854.4597826,2329050792.8482795,366.5607526475294,1176341846.3019664,25855372.483579513,1150486473.818387,0.3305716358640755,21.744953841595027,1633973172.215325,36196306.60414556,0.688844149296506
157249921.91856444,65537266.666666664,charging,65537266.666666664,91712655.25189778,0.0,649.877670160257,0.0,0.0,0.9222747033788856,14,243,623.0558921870888,27.88,67269127.35587028,657.0932708902311,665.8145901812495,1445.0192143444747,11210.61682958559,2545018854.5133286,2329931838.656248,366.62383907914415,1176435949.2594762,26830521.24905568,1149605428.0104206,0.3302259566710319,21.418035583454767,1630240093.3155103,36855216.77691297,0.6895859049274674
147339741.44003156,65537266.666666664,charging,65537266.666666664,81802474.7733649,0.0,579.6539373224343,0.0,0.0,0.9954941480932984,15,243,540.1247552261415,27.77,67160148.14738534,615.6820394803736,665.8140477513431,1445.0192143426946,11210.616829613782,2545018854.5197287,2329833374.6327066,366.6167883621591,1176425434.073799,26721542.03983823,1149703892.0339606,0.3302645793661098,21.454099670223748,1630891900.7424622,36806580.43765324,0.6893955382272665
43384409.15017867,65537266.666666664,direct_plus_discharge,65537266.666666664,0.0,22152857.516487993,0.0,156.97558194848415,0.0,0.9756656535313846,16,243,191.01043188489547,27.8,66293525.58671151,181.28850536977885,661.7233187623506,1445.0192142005449,11210.616829647237,2545018854.5273237,2329050383.550721,366.56072333713075,1176341802.594653,25854919.47870766,1150486883.1159453,0.3305717965044328,21.745107973573745,1630714135.0805662,36143407.01051247,0.6902130830404711
197311164.1118961,65537266.666666664,charging,65537266.666666664,27186900.568419505,0.0,192.6469095432436,0.0,104586996.87680994,1.0000000000000049,17,243,642.7838858902203,26.82,66559557.46585116,387.46236306959037,665.8110266285619,1445.0192143444813,11210.616829585664,2545018854.5133457,2329290740.1774187,366.5779332512901,1176367477.8483057,26120951.359056946,1150246526.4892488,0.3304774728023122,21.65496955389355,1636521146.7025003,36572264.29329486,0.6874968958276171
93892941.56068723,65537266.666666664,charging,65537266.666666664,0.0,0.0,0.0,0.0,28355674.894020565,1.0000000000000049,18,243,339.361790745553,25.28,66260591.477137186,273.8576680598103,665.8082588345135,1445.019214163992,11210.61682935066,2545018854.4599953,2329020628.064051,366.5585928326663,1176338623.8885975,25821985.28598295,1150516638.6026146,0.3305834745306522,21.75631723911686,1645646450.679825,36561127.62678427,0.6839326213003866
0.0,65537266.666666664,discharging,65537266.666666664,0.0,65537266.666666664,0.0,464.39835432769763,0.0,0.941339155242822,19,243,0.0,23.38,66365809.57937197,1.0,654.1499999999965,1445.0192143024678,11210.616829320423,2545018854.4531307,2329115690.9994116,366.56539941434664,1176348779.0559502,25927203.38869817,1150421575.667252,0.3305461662968954,21.720544810483187,1656904942.5999014,36281802.06646013,0.6794416382546982
0.0,65537266.666666664,discharging,65537266.666666664,0.0,65537266.666666664,0.0,464.39835432769763,0.0,0.8826783104856392,20,243,0.0,22.36,66365809.579374716,1.0,654.15,1445.0192143407796,11210.616829588584,2545018854.514008,2329115691.053687,366.565399414244,1176348779.0855033,25927203.472522758,1150421575.6129806,0.3305461662813015,21.72054480976722,1662948975.1043632,36385284.64044477,0.6769836887686485
0.0,65537266.666666664,discharging,65537266.666666664,0.0,65537266.666666664,0.0,464.39835432769763,0.0,0.8240174657284564,21,243,0.0,21.48,66365809.579374716,1.0,654.15,1445.0192141603,11210.616829353741,2545018854.460695,2329115691.0061507,366.5653994143339,1176348779.0487194,25927203.388204947,1150421575.6605144,0.3305461662949592,21.720544810393612,1668163434.519977,36474563.72388106,0.6748773504085294
0.0,65537266.666666664,discharging,65537266.666666664,0.0,65537266.666666664,0.0,464.39835432769763,0.0,0.7653566209712735,22,243,0.0,20.6,66365809.579374716,1.0,654.15,1445.0192142042301,11210.616829730174,2545018854.546152,2329115691.082352,366.56539941418987,1176348779.055763,25927203.471448973,1150421575.584314,0.3305461662730649,21.72054480938937,1673377893.9355915,36563842.807317354,0.6727840784655232
0.0,65537266.666666664,discharging,65537266.666666664,0.0,65537266.666666664,0.0,464.39835432769763,0.0,0.7066957762140907,23,243,0.0,19.6,66365809.579374716,1.0,654.15,1445.0192143407778,11210.616829502562,2545018854.49448,2329115691.0362782,366.56539941427707,1176348779.102849,25927203.47246043,1150421575.6303885,0.3305461662863033,21.720544809996564,1679303415.9987895,36665296.31122223,0.6704210673408537
0.0,65537266.666666664,discharging,65537266.666666664,0.0,65537266.666666664,0.0,464.39835432769763,0.0,0.6480349314569079,0,244,0.0,19.09,66365809.579374716,1.0,654.15,1445.0192143110705,11210.616829313063,2545018854.45146,2329115690.997925,366.5653994143496,1176348779.0574312,25927203.388690036,1150421575.6687412,0.33054616629732303,21.72054481050191,1682325432.2510207,36717037.598213725,0.6692223117498877
0.0,65537266.666666664,discharging,65537266.666666664,0.0,65537266.666666664,0.0,464.39835432769763,0.0,0.5893740866997251,1,244,0.0,18.85,66365809.579374716,1.0,654.15,1445.0192143427096,11210.616829613848,2545018854.5197434,2329115691.0588055,366.56539941423443,1176348779.0797093,25927203.471847676,1150421575.6078615,0.3305461662798307,21.720544809699675,1683747557.546188,36741386.43915089,0.6686596735361903
0.0,65537266.666666664,discharging,65537266.666666664,0.0,65537266.666666664,0.0,464.39835432769763,0.0,0.5307132419425422,2,244,0.0,18.38,66365809.579374716,1.0,654.15,1445.0192141534822,11210.616829332897,2545018854.455963,2329115691.001933,366.56539941434187,1176348779.0536785,25927203.38894574,1150421575.6647327,0.33054616629617123,21.72054481044918,1686532552.915891,36789069.58598619,0.6675605764143887
0.0,65537266.666666664,discharging,65537266.666666664,0.0,65537266.666666664,0.0,464.39835432769763,0.0,0.47205239718535935,3,244,0.0,17.79,66365809.579374716,1.0,654.15,1445.0192143061572,11210.61682931734,2545018854.4524307,2329115690.9987874,366.5653994143479,1176348779.0565932,25927203.388713356,1150421575.6678798,0.3305461662970755,21.720544810490612,1690028610.9331777,36848927.153290056,0.666185962985336
0.0,65537266.666666664,discharging,65537266.666666664,0.0,65537266.666666664,0.0,464.39835432769763,0.0,0.4133915524281765,4,244,0.0,17.32,66365809.579374716,1.0,654.15,1445.0192143476272,11210.6168295236,2545018854.4992557,2329115691.040538,366.56539941426894,1176348779.097904,25927203.47177528,1150421575.6261287,0.3305461662850793,21.72054480994041,1692813606.302881,36896610.30012535,0.6650949763628338
0.0,65537266.666666664,discharging,65537266.666666664,0.0,65537266.666666664,0.0,464.39835432769763,0.0,0.3547307076709936,5,244,0.0,16.83,66365809.579374716,1.0,654.15,1445.0192141973953,11210.616829709259,2545018854.541404,2329115691.0781126,366.5653994141978,1176348779.0607204,25927203.472167026,1150421575.5885534,0.33054616627428296,21.72054480944533,1695717112.113848,36946322.51703874,0.6639613629485004
24258671.09710968,65537266.666666664,direct_plus_discharge,65537266.66666666,0.0,41278595.56955698,0.0,292.5009361309065,0.0,0.31778322100182643,6,244,135.68730688241658,16.47,66324231.38150852,101.36863245569764,658.2090189994335,1445.0192143073828,11210.61682931616,2545018854.452163,2329078125.6942883,366.5627097006077,1176344766.1631927,25885625.19081307,1150459140.9723797,0.3305609088368491,21.734667153128385,1697850300.056599,37140760.267860614,0.6630922586755191
133098295.97806013,65537266.666666664,charging,65537266.666666664,67561029.31139347,0.0,478.73877603831215,0.0,0.0,0.37825548744877113,7,244,456.3774036804013,17.69,67003539.34926868,556.171943280403,665.8132651719696,1445.0192141640075,11210.616829350773,2545018854.4600205,2329691877.273365,366.60665628993274,1176410322.5514483,26564933.158119883,1149845389.3933284,0.3303200862611814,21.506131050335384,1690621163.139498,37735108.689047426,0.665282620334307
186558616.44395676,65537266.666666664,charging,65537266.666666664,121021349.7772901,0.0,857.5596532114075,0.0,0.0,0.48657881206494896,8,244,637.4691425498951,20.7,67591426.06051888,779.5642121552203,665.8161841797111,1445.0192143395448,11210.616829589755,2545018854.514274,2330223041.534948,366.64469168695473,1176467045.085416,27152819.95369826,1149314225.131718,0.33011174617700245,21.312058944197933,1672785341.7292717,37760759.54953096,0.671899005979723
126670208.9002908,65537266.666666664,charging,65537266.666666664,61132942.23362414,0.0,433.18922519154887,0.0,0.0,0.541297451036513,9,244,484.79995596110433,22.72,66932851.65147833,529.3111810493979,665.8129107477166,1445.0192143110796,11210.61682922707,2545018854.431938,2329628010.5901055,366.60208309693724,1176403501.5372999,26494245.46080589,1149909256.076494,0.3303451416854928,21.52969592907376,1660815787.1616118,37189627.24346349,0.6772117723072066
32339817.617059454,65537266.666666664,direct_plus_discharge,65537266.666666664,0.0,33197449.04960721,0.0,235.23777372235816,0.0,0.5115832059347415,10,244,189.311784644432,24.74,66311257.34484019,135.13696082464236,659.6614339904196,1445.019214165248,11210.616829435752,2545018854.479313,2329066403.873576,366.5618704068406,1176343513.9468749,25872651.15378756,1150470862.7930872,0.33056550915241745,21.73907750534192,1648846232.593952,36366410.74230055,0.6826858719238391
177464855.31794256,65537266.666666664,charging,65537266.666666664,111927588.65127592,0.0,793.1210838848943,0.0,-1.4901161193847656e-08,0.611766921793886,11,244,760.9837336283263,26.15,67491424.76471479,741.5645160658217,665.8156912250583,1445.0192141986468,11210.616829708228,2545018854.5411696,2330132688.1895113,366.63822154628855,1176457397.1346738,27052818.657501698,1149404578.4771721,0.3301471806884749,21.344832573447285,1640491246.484843,37152422.99845709,0.6851303404799775
204722532.4651743,65537266.666666664,charging,65537266.666666664,139185265.79850763,0.0,986.2695176508754,0.0,0.0,0.7363483345497861,12,244,886.9111888419293,27.09,67791169.06169254,855.4649620248343,665.8171644702636,1445.0192143463732,11210.616829524597,2545018854.499482,2330403514.623886,366.65761542426674,1176486314.9968555,27352562.954074677,1149133752.0427809,0.3300409749595811,21.24688618102832,1634921255.745437,37221785.024745576,0.6872221598419561
161683399.29527593,65537266.666666664,charging,65537266.666666664,96146132.62860927,0.0,681.2933776258399,0.0,0.0,0.822406445407787,13,244,692.9654543567667,27.74,67317880.94379792,675.6192460725264,665.8148322792432,1445.0192143426889,11210.616829613717,2545018854.519714,2329975888.2334447,366.6269933622537,1176440653.269455,26879274.83623343,1149561378.4332216,0.3302086789390147,21.40193953845267,1631069666.404358,36896093.66122762,0.6891996262489345
158734884.11515293,65537266.666666664,charging,65537266.666666664,93197617.44848627,0.0,660.4001413496953,0.0,0.0,0.9058254106309064,14,244,632.5464049938739,28.27,67285457.02869058,663.2984165271871,665.8146713092202,1445.0192143444729,11210.616829499513,2545018854.493788,2329946592.7262506,366.62489558198854,1176437524.862216,26846850.921800125,1149590673.9404159,0.330220169569663,21.412641728432387,1627929139.710863,36824754.77695415,0.6905469197259947
203454921.93656936,65537266.666666664,charging,65537266.666666664,105214052.10331069,0.0,745.5488325053652,0.0,32703603.166592017,1.000000000000005,15,244,726.6225128505704,28.61,67417598.06692049,713.5109588002853,665.8153263624364,1445.019214168927,11210.616829432587,2545018854.4785943,2330065984.2839446,366.63344497110256,1176450274.2585764,26978991.875855736,1149471282.3827207,0.3301733417504904,21.369090328118013,1625914462.2093756,36862677.52488462,0.6912960582116408
160075666.8428357,65537266.666666664,charging,65537266.666666664,0.0,0.0,0.0,0.0,94538400.17616904,1.000000000000005,16,244,545.4091030730305,28.19,66260591.4771373,273.85766805981024,665.8082588345136,1445.01921435131,11210.616829606513,2545018854.518079,2329020628.115834,366.5585928325685,1176338623.9204402,25821985.36960854,1150516638.5508316,0.3305834745157731,21.756317238433432,1628403181.4759188,36271527.25214195,0.6911360114492967
164793944.73041627,65537266.666666664,charging,65537266.666666664,0.0,0.0,0.0,0.0,99256678.06374961,1.000000000000005,17,244,545.6839920315533,27.32,66260591.47713728,273.8576680598103,665.8082588345135,1445.0192142993014,11210.61682921025,2545018854.4281197,2329020628.0356283,366.5585928327199,1176338623.9181266,25821985.287088417,1150516638.6310382,0.33058347453881926,21.756317239492013,1633558385.6709013,36358108.807447396,0.6889665695472027
50462440.16377318,65537266.666666664,direct_plus_discharge,65537266.666666664,0.0,15074826.502893485,0.0,106.8205156514405,0.0,0.9865068822335074,18,244,209.80953755849595,26.17,66282162.02169354,210.86515948470904,663.0938828135681,1445.0192142091644,11210.616829726066,2545018854.5452194,2329040116.768746,366.559988228069,1176340705.8117108,25843555.913790826,1150497149.89792,0.3305758258490159,21.748974352662085,1640372736.0435786,36362451.93154436,0.6861531613034827
0.0,65537266.666666664,discharging,65537266.666666664,0.0,65537266.666666664,0.0,464.39835432769763,0.0,0.9278460374763245,19,244,0.0,24.12,66365809.579374045,1.0,654.1499999999987,1445.0192143513075,11210.616829520486,2545018854.498549,2329115691.0399055,366.5653994142702,1176348779.09854,25927203.47177987,1150421575.6267602,0.33054616628526085,21.720544809948972,1652520056.2731347,36206726.47357177,0.6812360574726035
0.0,65537266.666666664,discharging,65537266.666666664,0.0,65537266.666666664,0.0,464.39835432769763,0.0,0.8691851927191417,20,244,0.0,22.48,66365809.579374716,1.0,654.15,1445.019214157159,11210.616829415781,2545018854.474779,2329115691.018713,366.56539941431015,1176348779.03696,25927203.389006477,1150421575.6479535,0.33054616629135014,21.720544810228027,1662237912.4567792,36373110.21997618,0.6772719358873948
0.0,65537266.666666664,discharging,65537266.666666664,0.0,65537266.666666664,0.0,464.39835432769763,0.0,0.8105243479619589,21,244,0.0,21.09,66365809.579374716,1.0,654.15,1445.0192143463648,11210.616829610573,2545018854.5190005,2329115691.0581393,366.5653994142357,1176348779.0803351,25927203.47180723,1150421575.608528,0.33054616628002215,21.72054480970852,1670474388.1246247,36514130.590403974,0.6739480453415889
0.0,65537266.666666664,discharging,65537266.666666664,0.0,65537266.666666664,0.0,464.39835432769763,0.0,0.7518635032047761,22,244,0.0,19.71,66365809.579374716,1.0,654.15,1445.0192143513113,11210.616829520466,2545018854.4985447,2329115691.039904,366.56539941427025,1176348779.0985384,25927203.471775234,1150421575.626763,0.33054616628526157,21.720544809948755,1678651608.571838,36654136.425792694,0.6706801857230136
0.0,65537266.666666664,discharging,65537266.666666664,0.0,65537266.666666664,0.0,464.39835432769763,0.0,0.6932026584475933,23,244,0.0,18.66,66365809.579374716,1.0,654.15,1445.0192141534753,11210.616829418928,2545018854.4754934,2329115691.019349,366.56539941430896,1176348779.0363264,25927203.38900917,1150421575.6473172,0.3305461662911673,21.720544810219653,1684873406.7381954,36760662.60489282,0.6682149221676796
0.0,65537266.666666664,discharging,65537266.666666664,0.0,65537266.666666664,0.0,464.39835432769763,0.0,0.6345418136904105,0,245,0.0,17.67,66365809.579374716,1.0,654.15,1445.0192141639882,11210.616829350663,2545018854.459996,2329115691.0055304,366.56539941433516,1176348779.0493574,25927203.388220582,1150421575.6611369,0.33054616629513806,21.72054481040179,1690739673.5807617,36861101.57375864,0.6659070730957739
0.0,65537266.666666664,discharging,65537266.666666664,0.0,65537266.666666664,0.0,464.39835432769763,0.0,0.5758809689332276,1,245,0.0,16.92,66365809.579374716,1.0,654.15,1445.0192143476302,11210.616829609664,2545018854.518794,2329115691.0579557,366.5653994142359,1176348779.0805597,25927203.47184908,1150421575.6087108,0.33054616628007466,21.720544809710923,1695183815.1281602,36937191.7016873,0.6641692878687665
0.0,65537266.666666664,discharging,65537266.666666664,0.0,65537266.666666664,0.0,464.39835432769763,0.0,0.5172201241760447,2,245,0.0,16.92,66365809.579374716,1.0,654.15,1445.0192142993099,11210.616829296323,2545018854.44766,2329115690.994533,366.565399414356,1176348779.0615377,25927203.389403816,1150421575.672134,0.3305461662982978,21.720544810546677,1695183815.1281602,36937191.7016873,0.6641692879053824
0.0,65537266.666666664,discharging,65537266.666666664,0.0,65537266.666666664,0.0,464.39835432769763,0.0,0.4585592794188619,3,245,0.0,16.83,66365809.579374716,1.0,654.15,1445.0192143024603,11210.61682923428,2545018854.433575,2329115690.9819746,366.5653994143797,1176348779.073296,25927203.388604272,1150421575.684692,0.33054616630190603,21.720544810712155,1695717112.113848,36946322.51703874,0.6639613630039863
0.0,65537266.666666664,discharging,65537266.666666664,0.0,65537266.666666664,0.0,464.39835432769763,0.0,0.39989843466167896,4,245,0.0,16.56,66365809.579374716,1.0,654.15,1445.0192141652426,11210.616829435683,2545018854.479297,2329115691.022742,366.56539941430253,1176348779.0322251,25927203.388299804,1150421575.6439254,0.3305461662901928,21.720544810174943,1697317003.0709114,36973714.96309306,0.6633383686375521
0.0,65537266.666666664,discharging,65537266.666666664,0.0,65537266.666666664,0.0,464.39835432769763,0.0,0.3412375899044961,5,245,0.0,16.06,66365809.579374716,1.0,654.15,1445.019214344472,11210.616829499528,2545018854.493791,2329115691.035665,366.5653994142781,1176348779.1034884,25927203.472488426,1150421575.631,0.330546166286479,21.7205448100046,1700279764.1025105,37024441.71504549,0.6621877572037677
0.0,65537266.666666664,discharging,65537266.666666664,0.0,65537266.666666664,0.0,464.39835432769763,0.0,0.28257674514731324,6,245,51.095291679195526,15.82,66365809.579374716,1.0,654.15,1445.0192143110758,11210.61682931313,2545018854.4514756,2329115690.9979324,366.56539941434954,1176348779.0574424,25927203.38870748,1150421575.668735,0.3305461662973212,21.72054481050193,1701701889.3976781,37048790.555982664,0.6616368803947181
0.0,65537266.666666664,discharging,65537266.666666664,0.0,65537266.666666664,0.0,464.39835432769763,0.0,0.22391590039013037,7,245,0.0,15.94,66365809.579374716,1.0,654.15,1445.019214160309,11210.616829439847,2545018854.4802423,2329115691.0235834,366.565399414301,1176348779.0313756,25927203.38829068,1150421575.643085,0.3305461662899513,21.720544810163894,1700990826.7500944,37036616.13551407,0.6619122041784712
0.0,65537266.666666664,discharging,65537266.666666664,0.0,65537266.666666664,0.0,464.39835432769763,0.0,0.16525505563294754,8,245,0.0,17.23,66365809.579374716,1.0,654.15,1445.0192143005593,11210.616829209279,2545018854.427899,2329115690.976914,366.56539941438933,1176348779.0791037,25927203.389351547,1150421575.689752,0.33054616630336,21.72054481077884,1693346903.2885687,36905741.11547679,0.664886471585769
199725713.653941,65537266.666666664,charging,65537266.666666664,134188446.98727435,0.0,950.8619617542748,0.0,0.0,0.2853639350124349,9,245,731.5306608803058,18.8,67736220.58117177,834.5849769878974,665.8168953708907,1445.019214200554,11210.616829733293,2545018854.5468597,2330353867.135036,366.6540601236176,1176481014.0048747,27297614.473241962,1149183399.5316327,0.3300604430452261,21.264776619050554,1684043833.649348,38034977.287161954,0.6673233491019367
199540027.57001618,65537266.666666664,charging,65537266.666666664,134002760.90334952,0.0,949.5461865292439,0.0,0.0,0.4053066112056026,10,245,796.5072389865691,21.03,67734178.64838381,833.8090587886617,665.8168853625408,1445.0192143110712,11210.616829227043,2545018854.431932,2330352022.0893836,366.65392800627814,1176480817.03492,27295572.457637012,1149185244.577283,0.3300611665372452,21.26544200377501,1670829919.4484167,37806970.26295556,0.6725742909433533
183747159.17261803,65537266.666666664,charging,65537266.666666664,118209892.50595137,0.0,837.6376119594734,0.0,0.0,0.5111134674531149,11,245,791.9640943605307,23.01,67560509.32910495,767.8161004114904,665.81603193154,1445.0192143407874,11210.616829588638,2545018854.514021,2330195107.5557156,366.6426913478964,1176464062.333221,27121903.22226871,1149342159.1109521,0.33012270102191327,21.32218098791615,1659097385.7632844,37509084.48602601,0.6774359164986918
173607462.76238927,65537266.666666664,charging,65537266.666666664,108070196.09572262,0.0,765.7875247374546,0.0,0.0,0.6078445232094251,12,245,770.7434784833978,24.19,67449006.20447074,725.4458009624233,665.8154816834594,1445.0192142054811,11210.616829729164,2545018854.5459228,2330094362.1836696,366.6354770667541,1176453304.579556,27010400.096558187,1149442904.482998,0.33016221189352946,21.358763846500576,1652105269.728711,37327616.63550308,0.6803720430449801
145952360.9846051,65537266.666666664,charging,65537266.666666664,80415094.31793845,0.0,569.8229322607881,0.0,0.0,0.6798221567581562,13,245,639.0649439171543,24.84,67144891.5509765,609.8846543351049,665.8139716735772,1445.0192141640061,11210.616829350793,2545018854.4600253,2329819590.089405,366.61580130174707,1176423961.93712,26706285.359857842,1149717676.5772622,0.33026998656899376,21.45915782077583,1648253680.3876324,37093695.44437861,0.6821843930006877
126109948.90633254,65537266.666666664,charging,65537266.666666664,60572682.239665866,0.0,429.21921190867573,0.0,7.450580596923828e-09,0.7340393203676732,14,245,521.1856406331805,25.36,66926690.64460743,526.9700474737027,665.8128798214146,1445.0192143358452,11210.61682959274,2545018854.5149517,2329622444.17343,366.6016845078817,1176402907.0309806,26488084.537743807,1149914822.4932368,0.33034732549345713,21.53175215676216,1645172408.9147692,36920833.098444656,0.6836213319048597
123597620.59280336,65537266.666666664,charging,65537266.666666664,58060353.926136695,0.0,411.4168043064795,0.0,0.0,0.7860077588063863,15,245,469.43433436892775,23.54,66899063.342394635,516.4718926323799,665.8127410713045,1445.0192143463705,11210.616829524564,2545018854.4994745,2329597482.812183,366.59989715197935,1176400241.0892515,26460457.234766856,1149939783.8544846,0.33035711835616993,21.540977392481803,1655956859.0697894,37088454.62511653,0.6792138252607388
0.0,65537266.666666664,discharging,65537266.666666664,0.0,65537266.666666664,0.0,464.39835432769763,0.0,0.7273469140492035,16,245,4.138367276145273,22.36,66365809.57934902,1.0,654.15,1445.0192143513136,11210.61682960653,2545018854.518082,2329115691.0573,366.56539941423546,1176348779.0811913,25927203.47184807,1150421575.6093433,0.33054616628025885,21.7205448097276,1662948975.1043632,36385284.64043068,0.6769836887665136
0.0,65537266.666666664,discharging,65537266.666666664,0.0,65537266.666666664,0.0,464.39835432769763,0.0,0.6686860692920207,17,245,0.0,21.87,66365809.579374716,1.0,654.15,1445.01921415348,11210.616829418925,2545018854.475493,2329115691.019348,366.56539941430896,1176348779.0363288,25927203.38900895,1150421575.6473198,0.33054616629116806,21.72054481021969,1665852480.9153302,36434996.85735816,0.6758092218081505
0.0,65537266.666666664,discharging,65537266.666666664,0.0,65537266.666666664,0.0,464.39835432769763,0.0,0.6100252245348379,18,245,22.15208737249252,20.56,66365809.579374716,1.0,654.15,1445.0192143024565,11210.616829234275,2545018854.4335737,2329115690.9819736,366.5653994143797,1176348779.073293,25927203.388601623,1150421575.6846914,0.3305461663019059,21.72054481071215,1673614914.8181198,36567900.94747355,0.672689238296249
0.0,65537266.666666664,discharging,65537266.666666664,0.0,65537266.666666664,0.0,464.39835432769763,0.0,0.551364379777655,19,245,0.0,17.67,66365809.579374716,1.0,654.15,1445.0192143476193,11210.61682960959,2545018854.518777,2329115691.05794,366.5653994142359,1176348779.0805552,25927203.471827447,1150421575.6087277,0.33054616628007955,21.72054480971115,1690739673.5807617,36861101.57375864,0.6659070730654375
0.0,65537266.666666664,discharging,65537266.666666664,0.0,65537266.666666664,0.0,464.39835432769763,0.0,0.49270353502047204,20,245,0.0,16.03,66365809.579374716,1.0,654.15,1445.019214162088,11210.616829325625,2545018854.454312,2329115691.000464,366.5653994143447,1176348779.0551615,25927203.38895991,1150421575.6662016,0.3305461662965933,21.720544810468486,1700457529.7644067,37027485.32016265,0.6621188474596466
0.0,65537266.666666664,discharging,65537266.666666664,0.0,65537266.666666664,0.0,464.39835432769763,0.0,0.4340426902632892,21,245,0.0,14.98,66365809.579374716,1.0,654.15,1445.0192143073832,11210.616829316163,2545018854.4521637,2329115690.9985485,366.56539941434835,1176348779.056797,25927203.388679706,1150421575.6681173,0.33054616629714373,21.72054481049374,1706679327.9307642,37134011.49926276,0.6597160083912064
0.0,65537266.666666664,discharging,65537266.666666664,0.0,65537266.666666664,0.0,464.39835432769763,0.0,0.3753818455061063,22,245,0.0,14.42,66365809.579374716,1.0,654.15,1445.0192142042297,11210.61682973014,2545018854.546144,2329115691.0823445,366.56539941418987,1176348779.0557625,25927203.47144014,1150421575.5843225,0.33054616627306727,21.72054480938948,1709997620.2861552,37190825.46144948,0.6584416113695558
0.0,65537266.666666664,discharging,65537266.666666664,0.0,65537266.666666664,0.0,464.39835432769763,0.0,0.3167210007489234,23,245,0.0,14.12,66365809.579374716,1.0,654.15,1445.0192142993058,11210.616829210236,2545018854.4281163,2329115690.977108,366.565399414389,1176348779.078882,25927203.389322728,1150421575.6895592,0.3305461663033046,21.72054481077629,1711775276.9051147,37221261.512620956,0.6577609220029166
0.0,65537266.666666664,discharging,65537266.666666664,0.0,65537266.666666664,0.0,464.39835432769763,0.0,0.25806015599174054,0,246,0.0,13.96,66365809.579374716,1.0,654.15,1445.0192143513204,11210.616829606575,2545018854.5180926,2329115691.0573316,366.56539941423716,1176348779.081199,25927203.47186206,1150421575.6093369,0.33054616628025457,21.720544809719154,1712723360.4352264,37237494.07324574,0.657398462740166
0.0,65537266.666666664,discharging,65537266.666666664,0.0,65537266.666666664,0.0,464.39835432769763,0.0,0.1993993112345577,1,246,0.0,13.74,66365809.579374716,1.0,654.15,1445.0192141689283,11210.616829346593,2545018854.4590716,2329115691.0047083,366.56539941433664,1176348779.0502129,25927203.388255544,1150421575.6619573,0.3305461662953738,21.72054481041256,1714026975.2891297,37259813.844104804,0.6569007331068466
0.0,65537266.666666664,discharging,65537266.666666664,0.0,65537266.666666664,0.0,464.39835432769763,0.0,0.14073846647737487,2,246,0.0,13.68,66365809.579374716,1.0,654.15,1445.0192141584014,11210.616829414741,2545018854.4745426,2329115691.018501,366.5653994143107,1176348779.0371785,25927203.389009476,1150421575.648169,0.3305461662914121,21.72054481023091,1714382506.6129217,37265901.054339096,0.656765119422699
0.0,65537266.666666664,discharging,65537266.666666664,0.0,65537266.666666664,0.0,464.39835432769763,0.0,0.082077621720192,3,246,0.0,13.57,66365809.579374716,1.0,654.15,1445.0192143024508,11210.616829320286,2545018854.4530997,2329115690.999384,366.5653994143468,1176348779.055943,25927203.38866042,1150421575.6672826,0.3305461662969039,21.720544810482735,1715034314.0398734,37277060.93976864,0.6565166397328489
0.0,65537266.666666664,discharging,65537266.666666664,0.0,65537266.666666664,0.0,464.39835432769763,0.0,0.02341677696300915,4,246,0.0,13.46,66365809.579374716,1.0,654.15,1445.0192143024658,11210.616829234345,2545018854.4335895,2329115690.981988,366.5653994143797,1176348779.0732994,25927203.388619732,1150421575.6846797,0.33054616630190253,21.720544810712,1715686121.4668255,37288220.825198166,0.6562683479899067
0.0,65537266.666666664,discharging,26161770.473151445,0.0,26161770.473151445,0.0,185.38281762382243,0.0,0.0,5,246,0.0,13.09,26494096.987750858,1.0,654.15,1445.0192143444676,11210.61682958552,2545018854.513313,2293116717.053847,363.9931161809882,1172476040.493738,25430987.074434374,1147045053.4193037,0.33339544294628315,54.134786351927126,1717878564.6302087,14900929.790970603,0.6619682753127596
0.0,65537266.666666664,shutdown,0.0,0.0,0.0,0.0,0.0,0.0,0.0,6,246,0.0,12.77,0.0,1.0,567.279923475184,1445.0192142054775,11210.616829643057,2545018854.526375,2259509895.658312,362.89907080586624,1179588764.9003472,25103923.82685938,1154484841.0734878,0.3381619335306057,,1719774731.690432,0.0,0.6713000370337461
23119002.27526456,65537266.666666664,direct_partial,23119002.27526456,0.0,0.0,0.0,0.0,0.0,0.0,7,246,132.2236013593005,13.15,23375866.47095126,96.60634892168326,665.1809033789907,1445.019214302453,11210.616829320292,2545018854.453101,2290303468.132189,363.79257162975466,1172171058.814738,25355524.671641726,1146815534.1430962,0.3336311124219583,61.33324644325097,1717523033.3064167,13314677.797859952,0.6625783149891196
0.0,65537266.666666664,shutdown,0.0,0.0,0.0,0.0,0.0,0.0,0.0,8,246,8.503475011097073,14.47,0.0,1.0,567.279923475184,1445.0192143358504,11210.616829592786,2545018854.514962,2259509895.6481876,362.89907080586624,1179588764.9116268,25103923.82800568,1154484841.083621,0.3381619335335738,,1709701344.182995,0.0,0.6752552690044868
0.0,65537266.666666664,shutdown,0.0,0.0,0.0,0.0,0.0,0.0,0.0,9,246,0.0,15.75,0.0,1.0,567.279923475184,1445.0192142054782,11210.616829643108,2545018854.5263863,2259509895.65833,362.89907080586624,1179588764.9003515,25103923.826871533,1154484841.07348,0.33816193353060336,,1702116675.942102,0.0,0.6782642208910185
0.0,65537266.666666664,shutdown,0.0,0.0,0.0,0.0,0.0,0.0,0.0,10,246,0.0,15.87,0.0,1.0,567.279923475184,1445.0192143427091,11210.61682961389,2545018854.519753,2259509895.652441,362.89907080586624,1179588764.9067094,25103923.827340167,1154484841.0793693,0.33816193353232843,,1701405613.2945182,0.0,0.678547685547999
0.0,65537266.666666664,shutdown,0.0,0.0,0.0,0.0,0.0,0.0,0.0,11,246,0.0,15.98,0.0,1.0,567.279923475184,1445.0192141986463,11210.616829622155,2545018854.5216293,2259509895.654107,362.89907080586624,1179588764.9052856,25103923.827580754,1154484841.077705,0.33816193353184093,,1700753805.8675663,0.0,0.678807736366519
0.0,65537266.666666664,shutdown,0.0,0.0,0.0,0.0,0.0,0.0,0.0,12,246,3.453364712291276,16.25,0.0,1.0,567.279923475184,1445.0192143426948,11210.616829613775,2545018854.519727,2259509895.652418,362.89907080586624,1179588764.9067006,25103923.82730837,1154484841.0793922,0.33816193353233515,,1699153914.910503,0.0,0.6794468888006538
0.0,65537266.666666664,shutdown,0.0,0.0,0.0,0.0,0.0,0.0,0.0,13,246,18.977357622194443,17.5,0.0,1.0,567.279923475184,1445.0192143476313,11210.616829609626,2545018854.5187855,2259509895.651582,362.89907080586624,1179588764.9075518,25103923.827322144,1154484841.0802295,0.3381619335325804,,1691747012.3315053,0.0,0.6824216816491727
0.0,65537266.666666664,shutdown,0.0,0.0,0.0,0.0,0.0,0.0,0.0,14,246,22.20493702648952,18.15,0.0,1.0,567.279923475184,1445.019214158395,11210.61682932866,2545018854.455001,2259509895.5949526,362.89907080586624,1179588764.8812704,25103923.744412925,1154484841.1368575,0.3381619335491674,,1687895422.9904265,0.0,0.6839788919454909
0.0,65537266.666666664,shutdown,0.0,0.0,0.0,0.0,0.0,0.0,0.0,15,246,0.0,18.51,0.0,1.0,567.279923475184,1445.0192141602922,11210.616829439714,2545018854.4802117,2259509895.617336,362.89907080586624,1179588764.85821,25103923.74373416,1154484841.114476,0.3381619335426116,,1685762235.0476756,0.0,0.6848444087263739
0.0,65537266.666666664,shutdown,0.0,0.0,0.0,0.0,0.0,0.0,0.0,16,246,0.0,19.53,0.0,1.0,567.279923475184,1445.0192143061383,11210.616829231176,2545018854.4328704,2259509895.575305,362.89907080586624,1179588764.9005964,25103923.74409231,1154484841.1565042,0.33816193355492213,,1679718202.5432136,0.0,0.687308644633684
0.0,65537266.666666664,shutdown,0.0,0.0,0.0,0.0,0.0,0.0,0.0,17,246,0.0,19.92,0.0,1.0,567.279923475184,1445.0192142993076,11210.616829296301,2545018854.4476547,2259509895.588431,362.89907080586624,1179588764.888259,25103923.74487931,1154484841.1433797,0.3381619335510778,,1677407248.9385662,0.0,0.6882555454997094
38309965.35875819,65537266.666666664,direct_partial,38309965.35875819,0.0,0.0,0.0,0.0,0.0,0.0,18,246,175.60922881613288,19.69,38733879.90600344,160.08415227267588,665.5653012566316,1445.0192143476208,11210.61682960956,2545018854.51877,2304162362.5406747,364.78120514289,1173670177.9244761,25522575.10635779,1148147602.8181183,0.33253289791606394,37.08765995921378,1678770119.0131018,21691480.955430105,0.675197606837676
0.0,65537266.666666664,shutdown,0.0,0.0,0.0,0.0,0.0,0.0,0.0,19,246,0.0,16.74,0.0,1.0,567.279923475184,1445.0192141689445,11210.616829346678,2545018854.459091,2259509895.5985847,362.89907080586624,1179588764.876986,25103923.74376062,1154484841.1332254,0.33816193354810353,,1696250409.0995357,0.0,0.6806099116852036
0.0,65537266.666666664,shutdown,0.0,0.0,0.0,0.0,0.0,0.0,0.0,20,246,0.0,16.15,0.0,1.0,567.279923475184,1445.0192143358597,11210.61682959283,2545018854.514972,2259509895.648196,362.89907080586624,1179588764.9116328,25103923.828019142,1154484841.0836136,0.33816193353357166,,1699746467.1168227,0.0,0.6792100253880196
0.0,65537266.666666664,shutdown,0.0,0.0,0.0,0.0,0.0,0.0,0.0,21,246,0.0,15.96,0.0,1.0,567.279923475184,1445.0192143513043,11210.616829520452,2545018854.4985414,2259509895.633609,362.89907080586624,1179588764.925454,25103923.82725271,1154484841.0982013,0.3381619335378445,,1700872316.3088305,0.0,0.6787604395864477
0.0,65537266.666666664,shutdown,0.0,0.0,0.0,0.0,0.0,0.0,0.0,22,246,0.0,16.1,0.0,1.0,567.279923475184,1445.0192142005494,11210.61682973331,2545018854.5468636,2259509895.6765103,362.89907080586624,1179588764.8822296,25103923.82693003,1154484841.0552995,0.3381619335252781,,1700042743.2199826,0.0,0.6790916555831039
0.0,65537266.666666664,shutdown,0.0,0.0,0.0,0.0,0.0,0.0,0.0,23,246,0.0,15.99,0.0,1.0,567.279923475184,1445.0192143444644,11210.616829585544,2545018854.5133185,2259509895.646728,362.89907080586624,1179588764.9131098,25103923.828029558,1154484841.0850801,0.3381619335340012,,1700694550.646934,0.0,0.6788313872387731
0.0,65537266.666666664,shutdown,0.0,0.0,0.0,0.0,0.0,0.0,0.0,0,247,0.0,16.22,0.0,1.0,567.279923475184,1445.0192142005565,11210.616829647279,2545018854.5273333,2259509895.6591706,362.89907080586624,1179588764.8995056,25103923.826865714,1154484841.07264,0.33816193353035734,,1699331680.5723984,0.0,0.679375812427487
0.0,65537266.666666664,shutdown,0.0,0.0,0.0,0.0,0.0,0.0,0.0,1,247,0.0,16.37,0.0,1.0,567.279923475184,1445.0192143513095,11210.616829606526,2545018854.5180817,2259509895.650957,362.89907080586624,1179588764.9081833,25103923.82732917,1154484841.0808542,0.33816193353276336,,1698442852.2629192,0.0,0.6797313430608967
0.0,65537266.666666664,shutdown,0.0,0.0,0.0,0.0,0.0,0.0,0.0,2,247,0.0,16.58,0.0,1.0,567.279923475184,1445.0192142993062,11210.616829210232,2545018854.4281154,2259509895.5710835,362.89907080586624,1179588764.9055316,25103923.7448044,1154484841.1607273,0.33816193355615914,,1697198492.6296475,0.0,0.6802297115948783
0.0,65537266.666666664,shutdown,0.0,0.0,0.0,0.0,0.0,0.0,0.0,3,247,0.0,16.69,0.0,1.0,567.279923475184,1445.0192141639964,11210.616829436776,2545018854.479545,2259509895.616744,362.89907080586624,1179588764.8588562,25103923.743789528,1154484841.1150668,0.3381619335427846,,1696546685.2026958,0.0,0.6804910534938413
0.0,65537266.666666664,shutdown,0.0,0.0,0.0,0.0,0.0,0.0,0.0,4,247,0.0,16.45,0.0,1.0,567.279923475184,1445.0192142005435,11210.616829733259,2545018854.546852,2259509895.6765003,362.89907080586624,1179588764.882226,25103923.826915238,1154484841.0553107,0.3381619335252814,,1697968810.4978633,0.0,0.6799211115761326
0.0,65537266.666666664,shutdown,0.0,0.0,0.0,0.0,0.0,0.0,0.0,5,247,0.0,16.25,0.0,1.0,567.279923475184,1445.0192142956123,11210.616829213302,2545018854.4288125,2259509895.5717025,362.89907080586624,1179588764.904893,25103923.74478458,1154484841.1601083,0.33816193355597784,,1699153914.910503,0.0,0.6794468888481576
0.0,65537266.666666664,shutdown,0.0,0.0,0.0,0.0,0.0,0.0,0.0,6,247,0.0,16.05,0.0,1.0,567.279923475184,1445.019214351311,11210.616829606515,2545018854.5180793,2259509895.6509547,362.89907080586624,1179588764.9081829,25103923.827327393,1154484841.0808554,0.33816193353276375,,1700339019.3231425,0.0,0.6789733270606373
4177517.7178240307,65537266.666666664,charging_only,0.0,4177517.7178240307,0.0,29.601972312937665,0.0,0.0,0.0037391965026868632,7,247,75.72625445472606,16.48,0.0,17.456407913693322,583.8231531377685,1445.01921434639,11210.616829524688,2545018854.499503,2259509895.6344624,362.89907080586624,1179588764.924614,25147231.07140828,1154441533.8532057,0.33814924834598875,,1697791044.8359673,0.0,0.6799667941261538
27479933.325170096,65537266.666666664,direct_plus_discharge,31657451.042994127,0.0,4177517.717824031,0.0,29.60197231293767,0.0,0.0,8,247,149.59508427693285,17.12,32012285.179596283,114.82917798733573,664.3664049880291,1445.0192141973912,11210.616829709192,2545018854.5413885,2298095950.6364822,364.34824176651273,1173014995.1025841,25453494.69606697,1147561500.4065173,0.33301143624527435,44.83615192078128,1693998710.7155206,18025717.000778086,0.6702950506011592
210067935.02315915,65537266.666666664,charging,65537266.666666664,144530668.3564925,0.0,1024.1471447996107,0.0,0.0,0.1293659551325824,9,247,770.6988346067691,18.97,67849950.81052831,877.8015584962161,665.8174518613923,1445.019214306146,11210.616829317258,2545018854.452412,2330456625.682566,366.6614187748019,1176491985.603949,27411344.619843528,1149080640.9841056,0.33002014940839564,21.227779762714132,1683036494.8986044,38081539.70120572,0.6676361631706955
228933538.1076306,65537266.666666664,charging,65537266.666666664,163396271.44096395,0.0,1157.8291775030611,0.0,0.0,0.275618061764548,10,247,912.9172483284459,20.68,68057410.04864924,956.6344169602859,665.8184622001232,1445.0192143073912,11210.616829230177,2545018854.4326434,2330644072.2443237,366.67484222409837,1176511998.2802448,27618803.85790159,1148893194.4223433,0.3299466548445827,21.16061098684469,1672903852.1705356,38023234.17356803,0.6715033057763378
205523720.23751172,65537266.666666664,charging,65537266.666666664,139986453.57084507,0.0,991.9467498869005,0.0,0.0,0.400916598592367,11,247,889.3319263601412,22.4,67799979.47735602,858.8128498170782,665.8172075771016,1445.0192141986404,11210.616829708199,2545018854.541163,2330411475.133297,366.6581854819144,1176487164.90352,27361373.370145336,1149125791.5333748,0.33003785349722103,21.24402033266619,1662711954.2218354,37704205.882901214,0.6757909143033519
196262306.11762834,65537266.666666664,charging,65537266.666666664,130725039.45096168,0.0,926.3201881644433,0.0,0.0,0.5179254644657704,12,247,875.8045464567972,23.67,67698134.55309552,820.1125896016567,665.816708596592,1445.019214347624,11210.61682952359,2545018854.4992533,2330319455.3256083,366.6515958797787,1176477339.7865508,27259528.445490103,1149217811.3410606,0.3300739371790979,21.277193924607136,1655186541.2015736,37518416.864117324,0.6789238761693646
11349271.940952934,65537266.666666664,direct_plus_discharge,65537266.666666664,0.0,54187994.72571373,0.0,383.9771912205587,0.0,0.46942308241685776,13,247,125.05659338851481,24.28,66344957.03195639,47.42469904541855,655.9814013928883,1445.019214204233,11210.616829730168,2545018854.5461507,2329096851.0988507,366.564050450981,1176346766.4918442,25906350.924029227,1150440415.567815,0.330553559997947,21.727625319064657,1651571972.7430232,36263341.107915774,0.6816070300976154
0.0,65537266.666666664,discharging,65537266.666666664,0.0,65537266.666666664,0.0,464.39835432769763,0.0,0.41076223765967484,14,247,68.27270196124226,24.85,66365809.5793745,1.0,654.15,1445.01921434447,11210.61682958557,2545018854.5133243,2329115691.053079,366.56539941424523,1176348779.086143,25927203.47255671,1150421575.6135864,0.33054616628147565,21.72054480977524,1648194425.167,36132665.41572151,0.6830155389922385
15204004.977171876,65537266.666666664,direct_plus_discharge,65537266.66666666,0.0,50333261.68949478,0.0,356.66247747917566,0.0,0.3657101352412527,15,247,117.73562138631532,24.76,66338768.37449738,63.532300933383034,656.6350335598531,1445.0192143476281,11210.61682952357,2545018854.499249,2329091259.694553,366.56365010397934,1176346169.2390027,25900162.26688188,1150446006.9721208,0.3305557543495802,21.72972754281701,1648727722.152688,36241406.10111345,0.6827697835415966
0.0,65537266.666666664,discharging,65537266.666666664,0.0,65537266.666666664,0.0,464.39835432769763,0.0,0.3070492904840698,16,247,48.498458814897184,24.33,66365809.57937241,1.0,654.1499999999974,1445.0192142054818,11210.616829729175,2545018854.545925,2329115691.0821457,366.56539941419,1176348779.0559835,25927203.47146477,1150421575.5845187,0.3305461662731239,21.720544809392845,1651275696.6398633,36185421.23775079,0.6817470123586901
121352152.41391939,65537266.666666664,charging,65537266.666666664,55814885.747252725,0.0,395.5053728414973,0.0,0.0,0.3570078638956274,17,247,418.49830211900684,23.63,66874370.619054206,507.08885439400854,665.8126169625714,1445.0192141583996,11210.616829328686,2545018854.4550066,2329575172.84521,366.59829965496016,1176397858.2500749,26435764.4286178,1149962093.8214571,0.3303658711523515,21.549229171991804,1655423562.084102,37065719.94664046,0.6794501483883366
38164075.424466066,65537266.666666664,direct_plus_discharge,65537266.666666664,0.0,27373191.242200598,0.0,193.96696890382933,0.0,0.3325067730867226,18,247,174.18807922837436,22.51,66301906.674809456,159.47452847799053,660.7373781242036,1445.019214306155,11210.616829317338,2545018854.4524302,2329057955.6645412,366.56126551055263,1176342611.4862716,25863300.484178685,1150479311.0020928,0.33056882473201793,21.74225721271584,1662060146.7948835,36633808.00733968,0.6772728588040697
0.0,65537266.666666664,discharging,65537266.666666664,0.0,65537266.666666664,0.0,464.39835432769763,0.0,0.27384592832953975,19,247,0.0,21.1,66365809.57936939,1.0,654.15,1445.0192143476324,11210.616829609658,2545018854.5187926,2329115691.057949,366.5653994142357,1176348779.0805624,25927203.471848138,1150421575.608714,0.33054616628007616,21.720544809712717,1670415132.9039924,36513116.055361986,0.6739718417045825
0.0,65537266.666666664,discharging,65537266.666666664,0.0,65537266.666666664,0.0,464.39835432769763,0.0,0.2151850835723569,20,247,0.0,19.27,66365809.57937475,1.0,654.15,1445.0192143395416,11210.616829503666,2545018854.4947305,2329115691.036499,366.5653994142766,1176348779.1026394,25927203.472472236,1150421575.6301672,0.3305461662862397,21.720544809993672,1681258838.279645,36698775.967510864,0.669644912126837
0.0,65537266.666666664,discharging,65537266.666666664,0.0,65537266.666666664,0.0,464.39835432769763,0.0,0.15652423881517405,21,247,0.0,17.98,66365809.579374716,1.0,654.15,1445.0192142054866,11210.616829729162,2545018854.5459223,2329115691.082146,366.5653994141902,1176348779.0559835,25927203.47146322,1150421575.5845203,0.33054616627312416,21.72054480939209,1688902761.7411702,36829650.98754813,0.6666280166607523
0.0,65537266.666666664,discharging,65537266.666666664,0.0,65537266.666666664,0.0,464.39835432769763,0.0,0.09786339405799122,22,247,0.0,17.91,66365809.579374716,1.0,654.15,1445.019214346378,11210.616829524615,2545018854.4994864,2329115691.040743,366.5653994142685,1176348779.097685,25927203.471763454,1150421575.6259217,0.3305461662850198,21.72054480993768,1689317548.285594,36836752.73282147,0.6664650865494374
0.0,65537266.666666664,discharging,65537266.666666664,0.0,65537266.666666664,0.0,464.39835432769763,0.0,0.039202549300808354,23,247,0.0,17.27,66365809.579374716,1.0,654.15,1445.0192142956216,11210.616829299415,2545018854.448362,2329115690.9951572,366.5653994143547,1176348779.0609019,25927203.389390837,1150421575.671511,0.33054616629811884,21.7205448105385,1693109882.406041,36901682.97532059,0.6649791242395039
0.0,65537266.666666664,discharging,43798004.24244025,0.0,43798004.24244025,0.0,310.35351529806616,0.0,0.0,0,248,0.0,16.77,44352585.43933934,1.0,654.1499999999786,1445.019214200543,11210.616829733262,2545018854.546853,2309234479.5914097,365.14345078027645,1174216766.4066577,25653241.75563528,1148563524.6510224,0.3321129052852522,32.41099617889473,1696072643.43764,24695470.755285714,0.6674714130147172
0.0,65537266.666666664,shutdown,0.0,0.0,0.0,0.0,0.0,0.0,0.0,1,248,0.0,16.18,0.0,1.0,567.279923475184,1445.0192143426987,11210.616829527773,2545018854.500203,2259509895.635053,362.89907080586624,1179588764.9239721,25103923.82725091,1154484841.0967212,0.33816193353741103,,1699568701.4549267,0.0,0.679281067078028
0.0,65537266.666666664,shutdown,0.0,0.0,0.0,0.0,0.0,0.0,0.0,2,248,0.0,15.58,0.0,1.0,567.279923475184,1445.0192141973894,11210.616829709172,2545018854.541384,2259509895.671645,362.89907080586624,1179588764.887791,25103923.827626396,1154484841.0601645,0.3381619335267031,,1703124014.6928456,0.0,0.6778630511345195
0.0,65537266.666666664,shutdown,0.0,0.0,0.0,0.0,0.0,0.0,0.0,3,248,0.0,15.44,0.0,1.0,567.279923475184,1445.0192143476315,11210.616829523626,2545018854.499262,2259509895.6342483,362.89907080586624,1179588764.9248266,25103923.82726423,1154484841.0975623,0.3381619335376574,,1703953587.7816935,0.0,0.6775330322233355
0.0,65537266.666666664,shutdown,0.0,0.0,0.0,0.0,0.0,0.0,0.0,4,248,0.0,15.67,0.0,1.0,567.279923475184,1445.019214351341,11210.616829606724,2545018854.5181265,2259509895.650997,362.89907080586624,1179588764.9081998,25103923.827385902,1154484841.080814,0.3381619335327516,,1702590717.7071574,0.0,0.6780753759984866
0.0,65537266.666666664,shutdown,0.0,0.0,0.0,0.0,0.0,0.0,0.0,5,248,0.0,15.71,0.0,1.0,567.279923475184,1445.0192141973878,11210.6168297092,2545018854.5413904,2259509895.6716514,362.89907080586624,1179588764.8877923,25103923.827632803,1154484841.0601594,0.33816193352670165,,1702353696.82463,0.0,0.6781697852882156
0.0,65537266.666666664,shutdown,0.0,0.0,0.0,0.0,0.0,0.0,0.0,6,248,0.0,15.54,0.0,1.0,567.279923475184,1445.019214204231,11210.616829644145,2545018854.526622,2259509895.6585393,362.89907080586624,1179588764.9001365,25103923.826864786,1154484841.0732718,0.3381619335305424,,1703361035.5753732,0.0,0.6777687272171878
176186996.12270635,65537266.666666664,charging,65537266.666666664,110649729.4560397,0.0,784.0661486165603,0.0,0.0,0.09903993456209183,7,248,585.8840690171922,15.89,67477372.53992411,736.2247825505978,665.8156218381685,1445.019214302456,11210.61682932032,2545018854.453108,2330119991.64133,366.6373123662584,1176456041.3746152,27038766.349219494,1149417275.0253956,0.3301521601408066,21.34944572237453,1701287102.8532543,38184488.56538712,0.6607853101458118
209600096.2508242,65537266.666666664,charging,65537266.666666664,144062829.58415756,0.0,1020.8320301020741,0.0,0.0,0.22798713836445908,8,248,713.2728089619122,19.29,67844806.1313551,875.8466213782058,665.8174267282479,1445.0192143444642,11210.616829499468,2545018854.4937773,2330451977.340906,366.6610858978361,1176491489.350212,27406200.024451703,1149085289.3257604,0.330021972059834,21.229450666775143,1681140327.8383806,38046044.02543119,0.6683890171139555
210138682.42556697,65537266.666666664,charging,65537266.666666664,144601415.7589003,0.0,1024.6484622777755,0.0,0.0,0.35741641781007283,9,248,772.2616443259543,21.38,67850728.79796489,878.0971875273027,665.8174556617391,1445.0192143476359,11210.616829609675,2545018854.5187964,2330457328.6777964,366.6614691129365,1176492060.6793127,27412122.69044313,1149079937.9888697,0.330019873765687,21.22752710688145,1668755986.7262974,37836383.299914025,0.6733183378589821
200672643.2819959,65537266.666666664,charging,65537266.666666664,135135376.61532924,0.0,957.5719236324453,0.0,0.0,0.4783728713215396,10,248,811.6308244538216,23.08,67746633.6752242,838.5418698054576,665.8169464003826,1445.0192142005667,11210.616829733392,2545018854.5468826,2330363275.657712,366.6547338742248,1176482018.5762763,27308027.567319494,1149173991.008957,0.3300567536690412,21.261384036161243,1658682599.2188609,37605338.23041945,0.6774639880638293
183656346.00356305,65537266.666666664,charging,65537266.666666664,118119079.33689639,0.0,836.9941080661096,0.0,0.0,0.5840984428667324,11,248,807.4376375937842,24.51,67559510.68459943,767.4366234517171,665.8160270114408,1445.0192143407846,11210.616829502598,2545018854.4944882,2330194205.240469,366.6426267349073,1176463966.0038936,27120904.577696018,1149343061.4261975,0.33012305488358445,21.322508095751168,1650209102.6684875,37356326.720041126,0.6810657776052274
176553150.74143732,65537266.666666664,charging,65537266.666666664,111015884.07477066,0.0,786.6607274114466,0.0,0.0,0.683466113697652,12,248,801.3224736777348,25.57,67481399.02971601,737.7548166080904,665.8156417230609,1445.019214311072,11210.616829313092,2545018854.451467,2330123629.65428,366.63757288033423,1176456429.8514252,27042792.839039177,1149413637.012386,0.3301507333437789,21.348123686014585,1643928049.281498,37205685.67160104,0.6837133852676229
131958154.79190783,65537266.666666664,charging,65537266.666666664,66420888.12524117,0.0,470.6597132778315,0.0,0.0,0.742917866953799,13,248,599.2950070898524,26.38,66991001.567081876,551.4076858986189,665.8132023625984,1445.0192142042254,11210.61682964411,2545018854.5266137,2329680549.3781185,366.60584514562845,1176409112.7476282,26552395.459080055,1149856717.2885482,0.33032453021880914,21.510307092719415,1639128376.4103074,36853697.84858292,0.6860793650176767
206850474.17963523,65537266.666666664,charging,65537266.666666664,141313207.51296857,0.0,1001.3481542886701,0.0,0.0,0.8694039496007889,14,248,828.7357766802942,26.51,67814569.38261941,864.3568976414168,665.8172789367725,1445.019214295616,11210.616829299377,2545018854.448353,2330424657.4684954,366.65912948983504,1176488572.390797,27375963.1926357,1149112609.1981611,0.33003268448093054,21.239276173626685,1638358058.5420916,37293712.52884964,0.6857705336137598
26922229.100907728,65537266.666666664,direct_plus_discharge,65537266.666666664,0.0,38615037.565758936,0.0,273.626911983523,0.0,0.8348405501923439,15,248,156.43752851485604,26.08,66319955.11957907,112.49872409305881,658.6826567449482,1445.0192141652544,11210.616829435758,2545018854.479314,2329074262.1802793,366.56243306793624,1176344353.4149115,25881348.928527623,1150463004.486384,0.3305624250994635,21.73612062098507,1640906033.0292668,36191759.14050095,0.6859844487648851
57683297.09897459,65537266.666666664,direct_plus_discharge,65537266.666666664,0.0,7853969.567692071,0.0,55.65338207843095,0.0,0.8278106492982263,16,248,238.48782075489933,25.73,66270569.15397319,241.03863394048173,664.5337905695857,1445.0192143061358,11210.616829231161,2545018854.4328666,2329029642.7033906,366.55923828675895,1176339586.9264803,25831962.9632038,1150507623.9632764,0.3305799365602071,21.75292011827586,1642979965.751386,36464789.53851893,0.6850523783764929
112982810.34647861,65537266.666666664,charging,65537266.666666664,47445543.67981194,0.0,336.2000511427223,0.0,7.450580596923828e-09,0.8702780241794124,17,248,393.5685512267453,24.62,66782335.53696904,472.1162560791943,665.8121535768754,1445.019214339542,11210.616829589704,2545018854.5142627,2329492019.171625,366.59234548545055,1176388976.925175,26343729.430111624,1150045247.4950633,0.33039849569267865,21.580039076792804,1649557295.2415357,36915388.91244,0.6819234359980085
0.0,65537266.666666664,discharging,65537266.666666664,0.0,65537266.666666664,0.0,464.39835432769763,0.0,0.8116171794222296,18,248,0.0,23.37,66365809.5793747,1.0,654.15,1445.0192142091587,11210.61682963998,2545018854.5256763,2329115691.064091,366.5653994142243,1176348779.073967,25927203.47139268,1150421575.6025743,0.3305461662783115,21.720544809630066,1656964197.820533,36282816.60150084,0.6794174540418456
0.0,65537266.666666664,discharging,65537266.666666664,0.0,65537266.666666664,0.0,464.39835432769763,0.0,0.7529563346650467,19,248,0.0,22.6,66365809.579374716,1.0,654.15,1445.0192142091805,11210.61682972618,2545018854.545245,2329115691.0815396,366.56539941419123,1176348779.0566308,25927203.471503362,1150421575.5851276,0.33054616627329864,21.720544809400153,1661526849.8091955,36360935.7995076,0.6775604285136514
0.0,65537266.666666664,discharging,65537266.666666664,0.0,65537266.666666664,0.0,464.39835432769763,0.0,0.6942954899078639,20,248,0.0,21.32,66365809.579374716,1.0,654.15,1445.0192143395384,11210.616829589706,2545018854.514263,2329115691.053915,366.56539941424353,1176348779.0852914,25927203.472540297,1150421575.612751,0.33054616628123556,21.720544809764178,1669111518.0500891,36490796.284505844,0.6744957871739075
0.0,65537266.666666664,discharging,65537266.666666664,0.0,65537266.666666664,0.0,464.39835432769763,0.0,0.635634645150681,21,248,0.0,20.15,66365809.579374716,1.0,654.15,1445.0192143426887,11210.61682952768,2545018854.500182,2329115691.0413647,366.5653994142674,1176348779.0970447,25927203.47174318,1150421575.6253016,0.3305461662848417,21.720544809929496,1676044378.864031,36609496.884074554,0.6717186653507471
0.0,65537266.666666664,discharging,65537266.666666664,0.0,65537266.666666664,0.0,464.39835432769763,0.0,0.5769738003934982,22,248,0.0,19.3,66365809.579374716,1.0,654.15,1445.0192143513134,11210.616829606524,2545018854.518081,2329115691.0573225,366.5653994142373,1176348779.0811937,25927203.471848153,1150421575.6093454,0.330546166280257,21.720544809719257,1681081072.617749,36695732.36239369,0.6697153974102266
0.0,65537266.666666664,discharging,65537266.666666664,0.0,65537266.666666664,0.0,464.39835432769763,0.0,0.5183129556363153,23,248,0.0,18.83,66365809.579374716,1.0,654.15,1445.0192142023377,11210.616829619117,2545018854.52094,2329115691.0598702,366.5653994142324,1176348779.0789242,25927203.47212641,1150421575.6067977,0.330546166279525,21.720544809685695,1683866067.9874523,36743415.50922899,0.6686128297217517
0.0,65537266.666666664,discharging,65537266.666666664,0.0,65537266.666666664,0.0,464.39835432769763,0.0,0.45965211087913244,0,249,0.0,18.44,66365809.579374716,1.0,654.15,1445.0192143024622,11210.61682932036,2545018854.4531164,2329115690.9993987,366.5653994143468,1176348779.0559492,25927203.388680946,1150421575.6672683,0.3305461662968998,21.72054481048255,1686177021.5920994,36782982.37575189,0.6677006854587054
0.0,65537266.666666664,discharging,65537266.666666664,0.0,65537266.666666664,0.0,464.39835432769763,0.0,0.4009912661219495,1,249,0.0,17.78,66365809.579374716,1.0,654.15,1445.0192143110808,11210.61682931316,2545018854.451482,2329115690.997938,366.56539941434954,1176348779.057446,25927203.388716094,1150421575.66873,0.3305461662973198,21.720544810501867,1690087866.1538103,36849941.68832911,0.6661627132399263
0.0,65537266.666666664,discharging,65537266.666666664,0.0,65537266.666666664,0.0,464.39835432769763,0.0,0.34233042136476666,2,249,0.0,17.3,66365809.579374716,1.0,654.15,1445.0192141936986,11210.616829626231,2545018854.522555,2329115691.0613084,366.5653994142296,1176348779.0774236,25927203.472064566,1150421575.605359,0.33054616627911165,21.720544809666762,1692932116.744145,36898639.37020344,0.6650486306472584
0.0,65537266.666666664,discharging,65537266.666666664,0.0,65537266.666666664,0.0,464.39835432769763,0.0,0.2836695766075838,3,249,0.0,16.96,66365809.579374716,1.0,654.15,1445.0192143073805,11210.616829316146,2545018854.45216,2329115690.9985456,366.56539941434835,1176348779.0567968,25927203.38867529,1150421575.6681216,0.33054616629714495,21.7205448104938,1694946794.2456324,36933133.56153111,0.6642617407805742
0.0,65537266.666666664,discharging,65537266.666666664,0.0,65537266.666666664,0.0,464.39835432769763,0.0,0.22500873185040096,4,249,0.0,16.54,66365809.579374716,1.0,654.15,1445.0192141603218,11210.61682935386,2545018854.4607215,2329115691.0061755,366.5653994143339,1176348779.04873,25927203.38823851,1150421575.6604915,0.33054616629495265,21.72054481039331,1697435513.5121753,36975744.03317115,0.6632922674225744
0.0,65537266.666666664,discharging,65537266.666666664,0.0,65537266.666666664,0.0,464.39835432769763,0.0,0.1663478870932181,5,249,0.0,16.4,66365809.579374716,1.0,654.15,1445.0192143395536,11210.616829589817,2545018854.5142884,2329115691.053938,366.56539941424353,1176348779.0853,25927203.47257164,1150421575.6127284,0.33054616628122907,21.720544809763872,1698265086.6010232,36989947.523717836,0.6629697381589782
0.0,65537266.666666664,discharging,65537266.666666664,0.0,65537266.666666664,0.0,464.39835432769763,0.0,0.10768704233603525,6,249,0.0,16.34,66365809.579374716,1.0,654.15,1445.0192143024635,11210.616829320345,2545018854.453113,2329115690.999396,366.5653994143468,1176348779.0559485,25927203.388678074,1150421575.6672704,0.3305461662969004,21.720544810482576,1698620617.9248152,36996034.73395213,0.662831607374218
176946402.035929,65537266.666666664,charging,65537266.666666664,111409135.36926234,0.0,789.447313781123,0.0,0.0,0.2074067030241771,7,249,587.629847332103,17.41,67485723.49332194,739.3980783421929,665.8156630768677,1445.0192141652467,11210.61682934971,2545018854.4597797,2330127536.902041,366.63785267346617,1176456847.0668225,27047117.30219733,1149409729.7646253,0.33014920095990163,21.34670399007671,1692280309.317193,38035151.95283863,0.6642775583366584
207104754.76383978,65537266.666666664,charging,65537266.666666664,141567488.09717312,0.0,1003.1499914852485,0.0,0.0,0.33412038615915585,8,249,706.5199267041967,19.26,67817365.62805255,865.4194486351895,665.8172926098015,1445.0192141571567,11210.61682941581,2545018854.474786,2330427183.984603,366.65931041490995,1176488842.1197557,27378759.437692072,1149110082.6820636,0.3300316938004548,21.238367158823745,1681318093.500277,38033705.600885935,0.6683391283173064
179256262.95090938,65537266.666666664,charging,65537266.666666664,113718996.28424272,0.0,805.8150334344107,0.0,0.0,0.43590754827718664,9,249,670.1345363535861,20.91,67511124.32378843,749.0501916495176,665.8157884488141,1445.019214342699,11210.616829527762,2545018854.5002007,2330150487.113704,366.6394961123639,1176459297.769143,27072518.21617982,1149386779.5529633,0.3301402001914349,21.33836871841585,1671540982.096,37694587.13276715,0.6724566234434168
145523107.69748932,65537266.666666664,charging,65537266.666666664,79985841.03082266,0.0,566.7812350667286,0.0,0.0,0.5075009674435103,10,249,611.2714248110058,22.64,67140171.18452387,608.0909526719819,665.8139481282584,1445.0192143061452,11210.616829317247,2545018854.4524097,2329815325.1849313,366.61549590721745,1176423506.4755712,26701564.993836533,1149721941.4817345,0.3302716595553002,21.46072326992016,1661289828.9266677,37312932.97406103,0.6768633416062511
113156129.16169456,65537266.666666664,charging,65537266.666666664,47618862.49502789,0.0,337.42819165962385,0.0,0.0,0.5501234758636733,11,249,531.4030375555697,24.23,66784241.4706773,472.84049572146284,665.8121631859314,1445.0192143395348,11210.61682958965,2545018854.5142503,2329493741.180726,366.59246878827446,1176389160.849767,26345635.363832306,1150043525.4859347,0.3303978200613854,21.579400180437975,1651868248.8461826,36955561.811961114,0.6809730643469295
49170230.5715466,65537266.666666664,direct_plus_discharge,65537266.666666664,0.0,16367036.095120065,0.0,115.97713811372134,0.0,0.53547373210194,12,249,285.1990143480154,25.25,66284236.62516638,205.4654606023689,662.8406981867338,1445.01921420055,11210.616829647231,2545018854.5273223,2329041991.1233134,366.5601224341184,1176340906.060516,25845630.51716316,1150495275.5433528,0.3305750902285466,21.74826838358518,1645824216.341721,36444161.53162181,0.6838952040445315
85966681.88887283,65537266.666666664,charging,65537266.666666664,20429415.222206168,0.0,144.76323611914077,0.0,0.0,0.5537596145590946,13,249,421.6530248249281,26.01,66485247.47664486,359.225158911005,665.8106490489743,1445.0192143110805,11210.616829313143,2545018854.451478,2329223601.7141004,366.5731259909304,1176360306.2385495,26046641.28598161,1150313664.9525678,0.33050381862314926,21.680075084706953,1641320819.5736904,36612299.86980947,0.6855539423013944
172314615.60490224,65537266.666666664,charging,65537266.666666664,106777348.93823558,0.0,756.6263844752594,0.0,0.0,0.6493334736507063,14,249,707.1041144961747,26.42,67434789.16168055,720.0434379144251,665.8154113945232,1445.0192142956075,11210.616829213275,2545018854.4288063,2330081516.7114773,366.63455722811636,1176451932.9267902,26996182.971602347,1149455749.9551878,0.3301672498745764,21.363436986989914,1638891355.527779,37093887.699436605,0.6858388250136606
210508439.05748016,65537266.666666664,charging,65537266.666666664,144971172.3908135,0.0,1027.2685650085714,0.0,0.0,0.7790937134412627,15,249,771.6709619714442,26.48,67854794.89798903,879.6422731574434,665.8174755225916,1445.019214209165,11210.616829726066,2545018854.5452194,2330461002.5505633,366.66173220251216,1176492452.9061894,27416188.790085897,1149076264.1161036,0.3300184332212421,21.2262067157785,1638535824.2039876,37318900.38827126,0.6856657962376052
221105441.3856211,65537266.666666664,charging,65537266.666666664,155568174.71895444,0.0,1102.359130915533,0.0,0.0,0.9183390773463825,16,249,746.2420653095854,25.94,67971326.87523027,923.9234965531277,665.8180437161164,1445.019214347623,11210.616829609617,2545018854.518783,2330566293.045343,366.6692722516376,1176503694.3890162,27532720.76769545,1148970973.6213207,0.3299771496545962,21.188432245353894,1641735606.1181142,37438143.902825736,0.6842478174798722
84595988.2910146,65537266.666666664,charging,65537266.666666664,19058721.624347933,0.0,135.05047445682638,0.0,0.0,0.9353980846461921,17,249,309.50669028099657,24.64,66470174.380479515,353.4975023969916,665.8105723577979,1445.0192142023113,11210.61682961892,2545018854.5208955,2329209983.3894014,366.57215088803787,1176358851.5504405,26031568.273176063,1150327283.2772646,0.3305091627403536,21.685174356412944,1649438784.8002717,36740767.773631774,0.6822092472425749
27580968.218341168,65537266.666666664,direct_plus_discharge,65537266.66666667,0.0,37956298.4483255,0.0,268.9590737042228,0.0,0.9014243069151325,18,249,142.6438189631656,23.12,66318897.53382242,115.25136801209267,658.8005580020701,1445.0192143476258,11210.616829609624,2545018854.518785,2329073306.702762,366.5623646523642,1176344251.3901906,25880291.426286824,1150463959.9639037,0.33056280008683403,21.73648011460377,1658445578.3363326,36494545.48419373,0.6787637768410772
0.0,65537266.666666664,discharging,65537266.666666664,0.0,65537266.666666664,0.0,464.39835432769763,0.0,0.8427634621579497,19,249,0.0,21.73,66365809.579374716,1.0,654.15,1445.0192143513107,11210.61682952046,2545018854.4985433,2329115691.039903,366.56539941427025,1176348779.0985384,25927203.47177457,1150421575.6267638,0.3305461662852618,21.720544809948763,1666682054.0041778,36449200.34790484,0.6754744079101616
0.0,65537266.666666664,discharging,65537266.666666664,0.0,65537266.666666664,0.0,464.39835432769763,0.0,0.7841026174007668,20,249,0.0,20.61,66365809.579374716,1.0,654.15,1445.0192141986208,11210.616829708051,2545018854.5411296,2329115691.0778737,366.56539941419834,1176348779.060918,25927203.472126085,1150421575.588792,0.3305461662743515,21.720544809448388,1673318638.7149594,36562828.27227831,0.6728077927037843
0.0,65537266.666666664,discharging,65537266.666666664,0.0,65537266.666666664,0.0,464.39835432769763,0.0,0.725441772643584,21,249,0.0,20.0,66365809.579374716,1.0,654.15,1445.0192141652458,11210.616829435732,2545018854.479308,2329115691.022753,366.5653994143027,1176348779.0322266,25927203.38831327,1150421575.6439133,0.3305461662901893,21.720544810174758,1676933207.1735103,36624714.90966028,0.6713642771090848
0.0,65537266.666666664,discharging,65537266.666666664,0.0,65537266.666666664,0.0,464.39835432769763,0.0,0.6667809278864012,22,249,0.0,19.19,66365809.579374716,1.0,654.15,1445.0192143073903,11210.616829230159,2545018854.432639,2329115690.981141,366.5653994143813,1176348779.0741487,25927203.38862202,1150421575.6855266,0.3305461663021459,21.720544810723155,1681732880.0447009,36706892.24782323,0.6694570238855565
0.0,65537266.666666664,discharging,65537266.666666664,0.0,65537266.666666664,0.0,464.39835432769763,0.0,0.6081200831292184,23,249,0.0,18.42,66365809.579374716,1.0,654.15,1445.0192143407785,11210.616829588591,2545018854.51401,2329115691.0536885,366.565399414244,1176348779.0855026,25927203.472524747,1150421575.612978,0.3305461662813008,21.72054480976718,1686295532.0333633,36785011.44582998,0.6676539758786207
0.0,65537266.666666664,discharging,65537266.666666664,0.0,65537266.666666664,0.0,464.39835432769763,0.0,0.5494592383720355,0,250,0.0,17.93,66365809.579374716,1.0,654.15,1445.0192143426991,11210.616829527731,2545018854.5001936,2329115691.041375,366.5653994142674,1176348779.097051,25927203.471759733,1150421575.625291,0.3305461662848386,21.72054480992935,1689199037.84433,36834723.662743375,0.6665116298888668
0.0,65537266.666666664,discharging,65537266.666666664,0.0,65537266.666666664,0.0,464.39835432769763,0.0,0.4907983936148526,1,250,0.0,17.63,66365809.579374716,1.0,654.15,1445.0192141603104,11210.616829439818,2545018854.4802356,2329115691.023577,366.565399414301,1176348779.0313725,25927203.38828405,1150421575.6430886,0.3305461662899523,21.720544810163933,1690976694.4632895,36865159.71391484,0.6658141616733306
0.0,65537266.666666664,discharging,65537266.666666664,0.0,65537266.666666664,0.0,464.39835432769763,0.0,0.43213754885766975,2,250,0.0,17.35,66365809.579374716,1.0,654.15,1445.0192143395402,11210.616829589708,2545018854.5142636,2329115691.053915,366.56539941424353,1176348779.0852919,25927203.472541176,1150421575.6127508,0.3305461662812355,21.720544809764178,1692635840.640985,36893566.6950082,0.665164507023187
0.0,65537266.666666664,discharging,65537266.666666664,0.0,65537266.666666664,0.0,464.39835432769763,0.0,0.3734767041004869,3,250,0.0,16.95,66365809.579374716,1.0,654.15,1445.0192143024522,11210.616829234266,2545018854.433572,2329115690.9819717,366.5653994143797,1176348779.0732925,25927203.388597433,1150421575.684695,0.3305461663019069,21.720544810712198,1695006049.4662642,36934148.09657016,0.664238625157817
0.0,65537266.666666664,discharging,65537266.666666664,0.0,65537266.666666664,0.0,464.39835432769763,0.0,0.31481585934330397,4,250,0.0,16.5,66365809.579374716,1.0,654.15,1445.0192142042242,11210.61682973015,2545018854.5461464,2329115691.082347,366.56539941418987,1176348779.055761,25927203.471441247,1150421575.5843198,0.33054616627306654,21.720544809389445,1697672534.3947034,36979802.17332735,0.6632000841508114
0.0,65537266.666666664,discharging,65537266.666666664,0.0,65537266.666666664,0.0,464.39835432769763,0.0,0.2561550145861211,5,250,0.0,16.49,66365809.579374716,1.0,654.15,1445.0192143358443,11210.616829506707,2545018854.495421,2329115691.037116,366.56539941427536,1176348779.1019952,25927203.472445782,1150421575.6295495,0.3305461662860622,21.720544809985526,1697731789.6153352,36980816.708366394,0.6631770423733683
0.0,65537266.666666664,discharging,65537266.666666664,0.0,65537266.666666664,0.0,464.39835432769763,0.0,0.19749416982893828,6,250,0.0,16.41,66365809.579374716,1.0,654.15,1445.0192142054807,11210.616829729115,2545018854.545912,2329115691.0821366,366.56539941419027,1176348779.0559812,25927203.47145041,1150421575.5845308,0.33054616627312716,21.72054480939225,1698205831.3803911,36988932.98867878,0.6629927655428542
0.0,65537266.666666664,discharging,65537266.666666664,0.0,65537266.666666664,0.0,464.39835432769763,0.0,0.13883332507175544,7,250,3.709306551524163,17.31,66365809.579374716,1.0,654.15,1445.0192143110694,11210.61682931307,2545018854.451462,2329115690.997926,366.5653994143496,1176348779.0574338,25927203.388691586,1150421575.6687422,0.33054616629732325,21.720544810501924,1692872861.5235128,36897624.8351644,0.6650718027282818
44521262.671603106,65537266.666666664,direct_plus_discharge,65537266.666666664,0.0,21016003.99506356,0.0,148.91981564461292,0.0,0.12002240099033065,8,250,202.0181259795036,18.77,66291700.40271865,186.03902473285186,661.9408008780821,1445.0192143444774,11210.61682949954,2545018854.493794,2329048734.496227,366.5606052659595,1176341626.4662752,25853094.295835443,1150488532.1704397,0.3305724436941053,21.74572889163886,1684221599.311244,37056649.23818724,0.6683919541422128
168091225.48881412,65537266.666666664,charging,65537266.666666664,102553958.82214746,0.0,726.6993594503853,0.0,0.0,0.2118160042893267,9,250,634.460469700664,20.69,67388345.8387738,702.3953450456293,665.8151815731399,1445.0192142042256,11210.61682973015,2545018854.5461464,2330039554.435894,366.63155236928674,1176447451.9616137,26949739.730846856,1149497712.2307668,0.3301837077741516,21.378716637136698,1672844596.949904,37648273.68469646,0.6720271869968671
185343516.3057671,65537266.666666664,charging,65537266.666666664,119806249.63910042,0.0,848.9494298496564,0.0,1.4901161193847656e-08,0.31905172174402013,10,250,762.9193484088886,22.67,67578063.97780241,774.486727126797,665.8161183957208,1445.0192141640011,11210.616829350764,2545018854.4600186,2330210968.5334797,366.6438271478411,1176465755.919863,27139457.786675394,1149326298.1331875,0.33011648080642186,21.31643251370927,1661112063.2647717,37553343.43772064,0.6766054654426026
184272827.8101555,65537266.666666664,charging,65537266.666666664,118735561.14348885,0.0,841.3625102137097,0.0,0.0,0.42532909145522557,11,250,821.7368120358894,24.29,67566289.94553147,770.0126886210699,665.8160604085024,1445.019214340781,11210.61682958863,2545018854.5140185,2330200330.4736056,366.6430653581298,1176464620.0317533,27127683.838690516,1149336936.1930628,0.3301206527396162,21.32028772769532,1651512717.522391,37382402.11760991,0.6805259384241997
128815663.75312987,65537266.666666664,charging,65537266.666666664,63278397.086463206,0.0,448.39196027066674,0.0,0.0,0.48196807591046764,12,250,617.096968637187,25.36,66956444.55908159,538.2762980402313,665.8130291241878,1445.019214302452,11210.616829320275,2545018854.4530973,2329649326.892002,366.6036094528775,1176405778.1430304,26517838.368365075,1149887939.7746654,0.33033677901141245,21.52182532296347,1645172408.9147692,36937253.89887084,0.6835986768254245
180882411.741987,65537266.666666664,charging,65537266.666666664,115345145.07532033,0.0,817.3379555957725,0.0,0.0,0.5852107650383548,13,250,807.2570808360089,25.95,67529006.5821903,755.8453074438311,665.815876654644,1445.019214307391,11210.61682923014,2545018854.4326353,2330166645.812229,366.6406531015399,1176461021.245871,27090400.391432516,1149370620.8544385,0.3301338632197045,21.332504372858473,1641676350.8974826,37193403.937482424,0.6846097605513318
194714637.29918444,65537266.666666664,charging,65537266.666666664,129177370.63251778,0.0,915.3533766252126,0.0,0.0,0.700834349454171,14,250,796.2631425911969,26.4,67681115.31482692,813.6454145865061,665.8166250663334,1445.019214197387,11210.616829709155,2545018854.5413804,2330304078.0306196,366.6504947041193,1176475697.8436391,27242509.207592294,1149233188.636047,0.33007996728388744,21.28274727616349,1639009865.9690435,37231472.98194499,0.6856012687023042
205122218.39443982,65537266.666666664,charging,65537266.666666664,139584951.72777316,0.0,989.101699968501,0.0,0.0,0.8257735115554553,15,250,757.9933990448541,26.54,67795564.2849998,857.1351118817347,665.817185976227,1445.0192143463744,11210.616829524593,2545018854.499481,2330407485.8384037,366.65789980701925,1176486739.005645,27356958.17738166,1149129780.8282633,0.3300394177692743,21.24545641174916,1638180292.8801954,37280201.977579534,0.6858590723894147
138741846.26218867,65537266.666666664,charging,65537266.666666664,73204579.59552202,0.0,518.7290838099958,0.0,0.0,0.8912971852998758,16,250,490.9257685093313,26.23,67065599.73693072,579.7543964250442,665.8135757255181,1445.019214342688,11210.616829613733,2545018854.5197177,2329747949.2958236,366.6106713673573,1176416311.000213,26626993.629415665,1149789317.3707972,0.3302980896015543,21.485483170752556,1640017204.7197871,36909862.4836556,0.6856525485561299
155093085.48895675,65537266.666666664,charging,65537266.666666664,89555818.8222901,0.0,634.5942850053909,0.0,0.0,0.9714564634058199,17,250,519.3029172133828,25.45,67245409.28863133,648.0805942096024,665.8144722768161,1445.0192141986345,11210.616829708151,2545018854.5411525,2329910409.0905275,366.62230456339034,1176433660.7575498,26806803.181411162,1149626857.5761385,0.33023436225113956,21.425874564669837,1644639111.9290814,37087640.04561441,0.683599078284411
10558392.33856216,65537266.666666664,direct_plus_discharge,65537266.666666664,0.0,54978874.3281045,0.0,389.5813795625853,0.0,0.922246183882125,18,250,92.47750579476514,23.59,66346226.76527135,44.11988554551457,655.8484773161136,1445.0192143513173,11210.616829520563,2545018854.498566,2329097998.2422557,366.56413259073,1176346889.08211,25907620.65769722,1150439268.4244127,0.3305531097961085,21.7271940527763,1655660582.9666295,36327739.24679326,0.6799333383811023
0.0,65537266.666666664,discharging,65537266.666666664,0.0,65537266.666666664,0.0,464.39835432769763,0.0,0.8635853391249422,19,250,0.0,22.85,66365809.579373665,1.0,654.1499999999982,1445.0192142091514,11210.616829725926,2545018854.5451875,2329115691.0814905,366.56539941419135,1176348779.0566113,25927203.471433375,1150421575.585178,0.3305461662733132,21.72054480940112,1660045469.293396,36335572.42353072,0.6781622449758239
0.0,65537266.666666664,discharging,65537266.666666664,0.0,65537266.666666664,0.0,464.39835432769763,0.0,0.8049244943677594,20,250,0.0,21.81,66365809.579374716,1.0,654.15,1445.0192143358545,11210.61682950677,2545018854.4954348,2329115691.0371284,366.56539941427525,1176348779.102002,25927203.472463448,1150421575.6295385,0.33054616628605904,21.720544809985384,1666208012.2391222,36441084.06759245,0.6756656894981854
0.0,65537266.666666664,discharging,65537266.666666664,0.0,65537266.666666664,0.0,464.39835432769763,0.0,0.7462636496105766,21,250,0.0,20.82,66365809.579374716,1.0,654.15,1445.019214302465,11210.616829320355,2545018854.4531155,2329115690.999398,366.5653994143468,1176348779.05595,25927203.388680287,1150421575.6672697,0.3305461662969002,21.72054481048257,1672074279.081688,36541523.03645828,0.6733061781596008
0.0,65537266.666666664,discharging,65537266.666666664,0.0,65537266.666666664,0.0,464.39835432769763,0.0,0.6876028048533938,22,250,0.0,19.87,66365809.579374716,1.0,654.15,1445.0192141603231,11210.616829439952,2545018854.480266,2329115691.0236053,366.565399414301,1176348779.031382,25927203.38832048,1150421575.6430616,0.3305461662899446,21.72054481016357,1677703525.041726,36637903.865167916,0.6710574429602384
0.0,65537266.666666664,discharging,65537266.666666664,0.0,65537266.666666664,0.0,464.39835432769763,0.0,0.628941960096211,23,250,0.0,19.03,66365809.579374716,1.0,654.15,1445.0192142023132,11210.616829618966,2545018854.5209055,2329115691.059839,366.5653994142324,1176348779.0789118,25927203.4720827,1150421575.6068292,0.33054616627953404,21.72054480968612,1682680963.5748127,36723124.80844802,0.669081563420359
0.0,65537266.666666664,discharging,65537266.666666664,0.0,65537266.666666664,0.0,464.39835432769763,0.0,0.570281115339028,0,251,0.0,18.55,66365809.579374716,1.0,654.15,1445.0192143476306,11210.616829609662,2545018854.5187936,2329115691.0579553,366.5653994142359,1176348779.080561,25927203.471849076,1150421575.608712,0.33054616628007505,21.72054480971094,1685525214.1651475,36771822.490322344,0.6679577048118928
0.0,65537266.666666664,discharging,65537266.666666664,0.0,65537266.666666664,0.0,464.39835432769763,0.0,0.5116202705818451,1,251,0.0,18.24,66365809.579374716,1.0,654.15,1445.019214351311,11210.616829520482,2545018854.498548,2329115691.0399075,366.56539941427025,1176348779.0985394,25927203.471779864,1150421575.6267595,0.33054616628526057,21.72054480994871,1687362126.004739,36803273.07653286,0.6672338838488269
0.0,65537266.666666664,discharging,65537266.666666664,0.0,65537266.666666664,0.0,464.39835432769763,0.0,0.45295942582466225,2,251,0.0,17.95,66365809.579374716,1.0,654.15,1445.0192143395443,11210.616829589719,2545018854.514266,2329115691.0539174,366.56539941424353,1176348779.0852933,25927203.472544048,1150421575.6127493,0.33054616628123507,21.72054480976416,1689080527.4030662,36832694.59266528,0.666558179722662
0.0,65537266.666666664,discharging,65537266.666666664,0.0,65537266.666666664,0.0,464.39835432769763,0.0,0.39429858106747934,3,251,0.0,17.27,66365809.579374716,1.0,654.15,1445.019214165251,11210.616829435743,2545018854.4793105,2329115691.022755,366.5653994143027,1176348779.0322275,25927203.388317022,1150421575.6439104,0.33054616629018846,21.72054481017472,1693109882.406041,36901682.97532059,0.6649791242235499
0.0,65537266.666666664,discharging,65537266.666666664,0.0,65537266.666666664,0.0,464.39835432769763,0.0,0.3356377363102965,4,251,0.0,16.6,66365809.579374716,1.0,654.15,1445.0192143110773,11210.616829227076,2545018854.431939,2329115690.9805164,366.56539941438245,1176348779.0747864,25927203.388636548,1150421575.6861498,0.330546166302325,21.720544810731376,1697079982.1883836,36969656.82293686,0.6634305903388499
0.0,65537266.666666664,discharging,65537266.666666664,0.0,65537266.666666664,0.0,464.39835432769763,0.0,0.2769768915531136,5,251,0.0,16.0,66365809.579374716,1.0,654.15,1445.0192142956241,11210.61682929943,2545018854.4483647,2329115690.99516,366.5653994143547,1176348779.0609033,25927203.389395915,1150421575.6715074,0.3305461662981178,21.720544810538453,1700635295.4263024,37030528.92527979,0.6620499520388463
0.0,65537266.666666664,discharging,65537266.666666664,0.0,65537266.666666664,0.0,464.39835432769763,0.0,0.21831604679593078,6,251,0.0,15.65,66365809.579374716,1.0,654.15,1445.0192142005494,11210.616829647264,2545018854.52733,2329115691.0655684,366.56539941422153,1176348779.0724773,25927203.471380066,1150421575.6010973,0.33054616627788713,21.720544809610562,1702709228.1484218,37066037.651646495,0.6612472301542086
173182192.9314859,65537266.666666664,charging,65537266.666666664,107644926.26481923,0.0,762.7740543920825,0.0,0.0,0.31466645366650964,7,251,576.6274471299868,17.09,67444329.64286092,723.668744791018,665.8154585658391,1445.019214306153,11210.61682931734,2545018854.4524307,2330090136.7375345,366.63517449445044,1176452853.3813307,27005723.452198934,1149447129.9291317,0.33016386909942236,21.36030081502603,1694176476.3774166,38044227.88236947,0.6635685205138535
195030921.46361834,65537266.666666664,charging,65537266.666666664,129493654.79695168,0.0,917.5945724048607,0.0,0.0,0.43057313649659734,8,251,670.7175598500062,19.13,67684593.39456262,814.9670571895866,665.8166421401195,1445.0192141584012,11210.616829414701,2545018854.4745336,2330307220.507463,366.650719742104,1176476033.3633938,27245987.204189286,1149230046.1592045,0.3300787349720072,21.28161215767942,1682088411.3684926,37972429.85690279,0.6681333698292189
223568542.92871165,65537266.666666664,charging,65537266.666666664,158031276.262045,0.0,1119.8127166589104,0.0,0.0,0.5720231638640386,9,251,825.5429890788832,21.71,67998412.84578396,934.2159496732124,665.8181755054886,1445.0192143427014,11210.616829527782,2545018854.500205,2330590766.163335,366.671024830281,1176506307.2415128,27559806.73818138,1148946500.5033314,0.32996755434024305,21.179670724150483,1666800564.445442,37885068.46841562,0.6739931857930963
197979071.82056493,65537266.666666664,charging,65537266.666666664,132441805.15389828,0.0,938.4852235368368,0.0,-1.4901161193847656e-08,0.6905686657844812,10,251,814.0770392914216,23.83,67717013.29782154,827.2863622645073,665.8168012043355,1445.0192143427018,11210.61682961379,2545018854.51973,2330336512.800039,366.65281737161956,1176479161.056907,27278407.190278158,1149200753.866629,0.3300672482793557,21.271037083425394,1654238457.6714623,37512610.866385736,0.6792966029333523
173230988.41138166,65537266.666666664,charging,65537266.666666664,107693721.744715,0.0,763.119820117673,0.0,0.0,0.7869627483256609,11,251,782.4674664324386,25.57,67444866.23175453,723.8726442976007,665.8154612185185,1445.0192142023236,11210.616829619055,2545018854.520926,2330090621.616889,366.6352092115021,1176452905.1742654,27006260.124487754,1149446645.0497777,0.33016367893653176,21.360124451695075,1643928049.281498,37185535.209494755,0.6837412151409192
161854306.69222564,65537266.666666664,charging,65537266.666666664,96317040.02555898,0.0,682.5044307857094,0.0,0.0,0.8731738343196452,12,251,760.3295418261852,26.8,67319760.35990748,676.3334092282904,665.814841604952,1445.0192141689292,11210.61682943263,2545018854.4786043,2329977586.2778654,366.62711495809356,1176440834.557656,26881154.16885482,1149559680.3888013,0.3302080129146071,21.40131951449976,1636639657.1437643,36992166.47317477,0.6868653333231028
184935488.54124424,65537266.666666664,charging,65537266.666666664,119398221.87457758,0.0,846.058137124127,0.0,0.0,0.980044335851114,13,251,830.3994623993301,27.83,67573577.0218976,772.7817196130688,665.8160962997962,1445.019214302466,11210.6168293204,2545018854.4531255,2330206914.4593344,366.6435368379601,1176465323.038549,27134970.831214048,1149330352.207335,0.3301180706887316,21.317901535812037,1630536369.4186702,37027161.38989546,0.6892273253601615
195109106.70268795,65537266.666666664,charging,65537266.666666664,22294934.351011895,0.0,157.98234117871837,0.0,107276905.68500939,1.0000000000000047,14,251,803.4015155192554,28.23,66505762.017073624,367.0205209137287,665.810753370293,1445.0192143407842,11210.616829502596,2545018854.494488,2329242136.4387903,366.57445311247443,1176362286.1380436,26067155.910168055,1150295130.2278755,0.3304965452955434,21.67313866854348,1628166160.593391,36401852.67760043,0.6910472393179453
212096025.67405203,65537266.666666664,charging,65537266.666666664,0.0,0.0,0.0,0.0,146558759.00738537,1.0000000000000047,15,251,785.9376193245259,27.59,66260591.47713795,273.85766805981024,665.8082588345148,1445.0192143061436,11210.616829317223,2545018854.4524045,2329020628.0572867,366.5585928326792,1176338623.8958237,25821985.286443274,1150516638.6093805,0.3305834745325962,21.756317239205853,1631958494.7138379,36331238.669594415,0.6896383856993686
216002823.11980885,65537266.666666664,charging,65537266.666666664,0.0,0.0,0.0,0.0,150465556.4531422,1.0000000000000047,16,251,735.3830427705267,26.69,66260591.47713728,273.8576680598103,665.8082588345135,1445.0192142042306,11210.616829644116,2545018854.526615,2329020628.123449,366.5585928325541,1176338623.9123554,25821985.369138204,1150516638.5432172,0.3305834745135852,21.756317238332873,1637291464.5707157,36420805.79577203,0.687404077100595
146862756.94955164,65537266.666666664,charging,65537266.666666664,0.0,0.0,0.0,0.0,81325490.28288499,1.0000000000000047,17,251,495.1872828916612,25.83,66260591.47713728,273.8576680598103,665.8082588345135,1445.0192142992978,11210.616829296234,2545018854.4476395,2329020628.0530305,366.55859283268705,1176338623.900777,25821985.287142344,1150516638.6136348,0.33058347453381864,21.756317239262348,1642387413.545066,36506392.16078663,0.6852825561113595
41789045.12110693,65537266.666666664,direct_plus_discharge,65537266.666666664,0.0,23748221.545559734,0.0,168.2803626837379,0.0,0.9787435331346905,18,251,183.85719588221832,24.44,66296086.89547807,174.62202849441036,661.4198055219139,1445.0192143426905,11210.616829613748,2545018854.519721,2329052697.6456957,366.5608890283605,1176342049.8088934,25857480.7879197,1150484569.0209737,0.33057088830831005,21.74423668799422,1650623889.2129114,36467750.43727738,0.6819336555182751
0.0,65537266.666666664,discharging,65537266.666666664,0.0,65537266.666666664,0.0,464.39835432769763,0.0,0.9200826883775077,19,251,0.0,22.77,66365809.57937464,1.0,654.15,1445.0192142005485,11210.616829647264,2545018854.52733,2329115691.0655684,366.56539941422153,1176348779.0724783,25927203.47137897,1150421575.6010993,0.3305461662778877,21.720544809610615,1660519511.0584524,36343688.70384374,0.6779695474344987
0.0,65537266.666666664,discharging,65537266.666666664,0.0,65537266.666666664,0.0,464.39835432769763,0.0,0.8614218436203248,20,251,0.0,21.19,66365809.579374716,1.0,654.15,1445.0192143005565,11210.616829295299,2545018854.4474273,2329115690.994326,366.5653994143564,1176348779.061754,25927203.38941431,1150421575.6723397,0.3305461662983569,21.720544810549367,1669881835.918305,36503985.24001348,0.6741860846519561
0.0,65537266.666666664,discharging,65537266.666666664,0.0,65537266.666666664,0.0,464.39835432769763,0.0,0.802760998863142,21,251,0.0,19.96,66365809.579374716,1.0,654.15,1445.019214165245,11210.616829349654,2545018854.459767,2329115691.005327,366.56539941433556,1176348779.0495749,25927203.38823483,1150421575.66134,0.33054616629519645,21.720544810404444,1677170228.0560384,36628773.04981648,0.6712698367305694
0.0,65537266.666666664,discharging,65537266.666666664,0.0,65537266.666666664,0.0,464.39835432769763,0.0,0.7441001541059592,22,251,0.0,18.87,66365809.579374716,1.0,654.15,1445.019214351319,11210.616829606599,2545018854.5180984,2329115691.0573363,366.56539941423716,1176348779.0811982,25927203.471867364,1150421575.609331,0.33054616628025285,21.720544809719076,1683629047.1049242,36739357.369072795,0.6687065239151916
0.0,65537266.666666664,discharging,65537266.666666664,0.0,65537266.666666664,0.0,464.39835432769763,0.0,0.6854393093487764,23,251,0.0,18.07,66365809.579374716,1.0,654.15,1445.0192142992998,11210.616829296228,2545018854.4476385,2329115690.9945135,366.565399414356,1176348779.061531,25927203.38937821,1150421575.6721528,0.33054616629830325,21.720544810546922,1688369464.7554827,36820520.172196686,0.6668376154063861
0.0,65537266.666666664,discharging,65537266.666666664,0.0,65537266.666666664,0.0,464.39835432769763,0.0,0.6267784645915936,0,252,0.0,17.48,66365809.579374716,1.0,654.15,1445.0192141603136,11210.616829353841,2545018854.460717,2329115691.0061717,366.5653994143339,1176348779.0487263,25927203.38823188,1150421575.6604943,0.3305461662949535,21.720544810393342,1691865522.7727692,36880377.73950057,0.6654659746811814
0.0,65537266.666666664,discharging,65537266.666666664,0.0,65537266.666666664,0.0,464.39835432769763,0.0,0.5681176198344107,1,252,0.0,17.19,66365809.579374716,1.0,654.15,1445.0192142091648,11210.61682972606,2545018854.5452175,2329115691.081518,366.56539941419135,1176348779.0566196,25927203.47146981,1150421575.5851498,0.330546166273305,21.7205448094004,1693583924.1710968,36909799.25563298,0.664793844676351
0.0,65537266.666666664,discharging,65537266.666666664,0.0,65537266.666666664,0.0,464.39835432769763,0.0,0.5094567750772279,2,252,0.0,16.76,66365809.579374716,1.0,654.15,1445.0192143358477,11210.616829506713,2545018854.4954224,2329115691.0371175,366.56539941427536,1176348779.1019962,25927203.47244909,1150421575.629547,0.33054616628606154,21.72054480998549,1696131898.658272,36953424.262312084,0.6637997335819936
0.0,65537266.666666664,discharging,65537266.666666664,0.0,65537266.666666664,0.0,464.39835432769763,0.0,0.45079593032004495,3,252,0.0,16.15,66365809.579374716,1.0,654.15,1445.0192143463842,11210.616829610704,2545018854.51903,2329115691.0581665,366.56539941423557,1176348779.0803456,25927203.471843436,1150421575.6085021,0.33054616628001476,21.720544809708176,1699746467.1168227,37015310.899694055,0.6623945725719221
0.0,65537266.666666664,discharging,65537266.666666664,0.0,65537266.666666664,0.0,464.39835432769763,0.0,0.3921350855628621,4,252,0.0,15.73,66365809.579374716,1.0,654.15,1445.0192143110712,11210.61682931305,2545018854.451457,2329115690.997922,366.5653994143496,1176348779.0574324,25927203.388686072,1150421575.6687462,0.3305461662973244,21.720544810501977,1702235186.3833659,37057921.371334106,0.6614305378084642
0.0,65537266.666666664,discharging,65537266.666666664,0.0,65537266.666666664,0.0,464.39835432769763,0.0,0.33347424080567917,5,252,0.0,15.51,66365809.579374716,1.0,654.15,1445.0192141534824,11210.6168293329,2545018854.455963,2329115691.0019336,366.56539941434187,1176348779.053678,25927203.388945516,1150421575.6647325,0.3305461662961712,21.720544810449177,1703538801.2372692,37080241.14219318,0.6609266862277241
0.0,65537266.666666664,discharging,65537266.666666664,0.0,65537266.666666664,0.0,464.39835432769763,0.0,0.2748133960484963,6,252,0.0,15.44,66365809.579374716,1.0,654.15,1445.0192143073862,11210.616829316159,2545018854.4521627,2329115690.9985476,366.56539941434835,1176348779.0567982,25927203.38867948,1150421575.6681187,0.3305461662971441,21.72054481049376,1703953587.7816935,37087342.88746652,0.6607665307592512
141055228.36875188,65537266.666666664,charging,65537266.666666664,75517961.70208523,0.0,535.121754695758,0.0,0.0,0.34240772295743416,7,252,480.3726998820647,17.49,67091039.28890411,589.421223579313,665.813702860951,1445.0192143476258,11210.616829523591,2545018854.4992537,2329770934.114249,366.6123172216835,1176418765.73372,26652433.181301553,1149766332.5524185,0.3302890730451237,21.47703031062143,1691806267.5521374,37804559.33942288,0.6647543566888786
185542729.28212276,65537266.666666664,charging,65537266.666666664,120005462.6154561,0.0,850.3610568992074,0.0,0.0,0.44982175119733403,8,252,641.647214966732,20.0,67580254.66166867,775.319169551189,665.816129182637,1445.0192141974037,11210.616829709323,2545018854.541418,2330212947.9396024,366.6439688868864,1176465967.2815433,27141648.55447873,1149324318.7270646,0.3301157045534638,21.315715357318926,1676933207.1735103,37825565.96347124,0.6702542286017814
202663624.8367113,65537266.666666664,charging,65537266.666666664,137126358.17004463,0.0,971.6800578976313,0.0,0.0,0.5725602848265086,9,252,756.4459456521347,22.28,67768527.88738015,846.8614960800421,665.8170536422512,1445.019214342699,11210.616829613817,2545018854.519737,2330383057.6792583,366.65615048201687,1176484130.7672527,27329921.779843543,1149154208.987409,0.33004899658986725,21.254254309043706,1663423016.869419,37698922.30391295,0.6755272403022713
188044503.74682844,65537266.666666664,charging,65537266.666666664,122507237.08016178,0.0,868.0886797220752,0.0,0.0,0.6822135917387707,10,252,780.9675511042619,24.07,67607765.90644948,785.7732234927512,665.8162645885545,1445.0192141652365,11210.616829349592,2545018854.459753,2330237804.9252505,366.6457488923513,1176468621.4567075,27169159.71529267,1149299461.7414148,0.33010595650546826,21.30671306796387,1652816332.3762946,37427697.84347963,0.6799606691064467
174292149.7967758,65537266.666666664,charging,65537266.666666664,108754883.13010913,0.0,770.6392304641497,0.0,0.0,0.7795574945342422,11,252,792.7732266987082,25.74,67456535.49732485,728.3068722906178,665.8155188962581,1445.0192142956123,11210.616829299333,2545018854.4483433,2330101164.9580336,366.63596421082957,1176454031.0159533,27017929.307319637,1149436101.7086337,0.3301595438543762,21.35628976833212,1642920710.5307539,37174748.241571635,0.6841492819393407
139488106.17431659,65537266.666666664,charging,65537266.666666664,73950839.50764993,0.0,524.0170961535011,0.0,0.0,0.8457491277325792,12,252,672.7363655526445,26.86,67073806.12784179,582.8727596051341,665.8136167478692,1445.0192143061445,11210.616829231189,2545018854.4328732,2329755363.75542,366.611202293072,1176417102.848328,26635199.937081255,1149781902.9112468,0.3302951810120343,21.482755714242252,1636284125.8199723,36850914.810745254,0.6872020936683129
178033406.65002018,65537266.666666664,charging,65537266.666666664,112496139.98335353,0.0,797.1498497519633,0.0,0.0,0.9464417403328271,13,252,809.8528167634385,27.48,67497676.94893366,743.9402962881951,665.8157220877553,1445.019214200555,11210.61682973335,2545018854.5468726,2330138337.171599,366.63862606368275,1176458000.336087,27059070.841019597,1149398929.4950674,0.3301449652272529,21.342780686539736,1632610302.1407895,37021036.118749954,0.6884148034099709
191896941.67553765,65537266.666666664,charging,65537266.666666664,59836539.35669936,0.0,424.0028890318236,0.0,66523135.65217163,1.0000000000000049,14,252,798.3869467075987,26.59,66918595.50759201,523.8939598743618,665.8128391777633,1445.019214202322,11210.616829705074,2545018854.540454,2329615130.214062,366.6011607900523,1176402125.852993,26479989.400398582,1149922136.4525945,0.3303501948987438,21.534454474254325,1637884016.777036,36792742.35910631,0.6866531885507059
190727681.91798836,65537266.666666664,charging,65537266.666666664,0.0,0.0,0.0,0.0,125190415.2513217,1.0000000000000049,15,252,718.5692719462171,24.49,66260591.47713866,273.85766805981024,665.8082588345159,1445.0192143426918,11210.616829527715,2545018854.5001903,2329020628.0998874,366.55859283259866,1176338623.9362972,25821985.369514387,1150516638.5667827,0.3305834745203563,21.7563172386435,1650327613.1097515,36639747.65976371,0.6820029037443682
206131933.90350842,65537266.666666664,charging,65537266.666666664,0.0,0.0,0.0,0.0,140594667.23684177,1.0000000000000049,16,252,707.7537333566256,24.71,66260591.47713728,273.8576680598103,665.8082588345135,1445.0192143426962,11210.616829613766,2545018854.519725,2329020628.1173043,366.55859283256564,1176338623.918948,25821985.36958687,1150516638.549361,0.33058347451535053,21.756317238413995,1649023998.255848,36617853.47336376,0.6825391985664726
174053050.53439677,65537266.666666664,charging,65537266.666666664,0.0,0.0,0.0,0.0,108515783.86773011,1.0000000000000049,17,252,578.0495500609569,24.24,66260591.47713728,273.8576680598103,665.8082588345135,1445.0192143042366,11210.616829206088,2545018854.427175,2329020628.0347857,366.55859283272144,1176338623.918981,25821985.287098646,1150516638.6318824,0.33058347453906184,21.756317239503165,1651808993.625551,36664627.41703452,0.6813944999161257
3994420.6016605683,65537266.666666664,direct_plus_discharge,65537266.66666666,0.0,61542846.06500609,0.0,436.0938117635613,0.0,0.9449144658825024,18,252,73.25787535495473,23.33,66356765.02364376,16.69130811915909,654.760471168153,1445.0192142091614,11210.616829726006,2545018854.5452056,2329107519.450907,366.5648143162616,1176347906.1314847,25918158.915727723,1150429747.2157571,0.3305493732071291,21.72361535365369,1657201218.7030613,36309969.95809766,0.6793162955865993
0.0,65537266.666666664,discharging,65537266.666666664,0.0,65537266.666666664,0.0,464.39835432769763,0.0,0.8862536211253196,19,252,0.0,22.93,66365809.57937397,1.0,654.1499999999997,1445.0192143463848,11210.616829610706,2545018854.5190306,2329115691.0581675,366.56539941423546,1176348779.080344,25927203.47184587,1150421575.608498,0.33054616628001365,21.720544809708343,1659571427.5283403,36327456.14321858,0.6783550521112895
0.0,65537266.666666664,discharging,65537266.666666664,0.0,65537266.666666664,0.0,464.39835432769763,0.0,0.8275927763681368,20,252,0.0,21.39,66365809.57937475,1.0,654.15,1445.019214295609,11210.616829213277,2545018854.428807,2329115690.9777246,366.5653994143879,1176348779.0782387,25927203.38929562,1150421575.6889431,0.33054616630312755,21.72054481076815,1668696731.5056653,36483694.53923253,0.6746626680188342
0.0,65537266.666666664,discharging,65537266.666666664,0.0,65537266.666666664,0.0,464.39835432769763,0.0,0.768931931610954,21,252,0.0,20.47,66365809.579374716,1.0,654.15,1445.019214163999,11210.616829436802,2545018854.479551,2329115691.0229692,366.5653994143022,1176348779.0320127,25927203.3883147,1150421575.643698,0.3305461662901274,21.720544810171926,1674148211.8038073,36577031.76282498,0.6724759454915294
0.0,65537266.666666664,discharging,65537266.666666664,0.0,65537266.666666664,0.0,464.39835432769763,0.0,0.710271086853771,22,252,0.0,19.95,66365809.579374716,1.0,654.15,1445.019214346383,11210.616829524686,2545018854.499502,2329115691.0407577,366.5653994142685,1176348779.0976915,25927203.47178068,1150421575.6259108,0.3305461662850167,21.720544809937543,1677229483.2766702,36629787.58485553,0.6712462307641016
