Q_solar,Q_design,mode,Q_to_pb,Q_to_storage,Q_from_storage,m_dot_charge,m_dot_discharge,Q_defocus,tank_soc,hour,day_of_year,DNI,T_amb,Q_sg_oil,m_oil_field,T_sg_oil_in,m_steam,m_orc,Q_nuclear_condenser,Q_orc_condenser,T_orc_live,P_turbine,P_pumps,P_net,efficiency,solar_efficiency,ex_nuclear,ex_solar,efficiency_II
0.0,140437000.0,shutdown,0.0,0.0,0.0,0.0,0.0,0.0,0.0,23,222,0.0,27.35,0.0,1.0,567.279923475184,1445.0192141534708,11210.61682941886,2545018854.4754777,2259509895.6131325,362.89907080586624,1179588764.8631504,25103923.744471643,1154484841.1186788,0.33816193354384266,,1633380620.0090048,0.0,0.7068069909586132
0.0,140437000.0,shutdown,0.0,0.0,0.0,0.0,0.0,0.0,0.0,0,223,0.0,26.49,0.0,1.0,567.279923475184,1445.01921434638,11210.616829524635,2545018854.4994907,2259509895.634452,362.89907080586624,1179588764.924609,25103923.827249113,1154484841.09736,0.3381619335375981,,1638476568.9833553,0.0,0.7046086974644359
0.0,140437000.0,shutdown,0.0,0.0,0.0,0.0,0.0,0.0,0.0,1,223,0.0,25.36,0.0,1.0,567.279923475184,1445.0192143110876,11210.61682931321,2545018854.4514933,2259509895.591839,362.89907080586624,1179588764.8841846,25103923.744212776,1154484841.1399717,0.3381619335500796,,1645172408.9147692,0.0,0.7017409451338432
0.0,140437000.0,shutdown,0.0,0.0,0.0,0.0,0.0,0.0,0.0,2,223,0.0,24.29,0.0,1.0,567.279923475184,1445.0192141986447,11210.616829708228,2545018854.5411696,2259509895.671455,362.89907080586624,1179588764.8880131,25103923.827656988,1154484841.0603561,0.3381619335267593,,1651512717.522391,0.0,0.6990468973150391
0.0,140437000.0,shutdown,0.0,0.0,0.0,0.0,0.0,0.0,0.0,3,223,0.0,23.04,0.0,1.0,567.279923475184,1445.0192143463692,11210.616829610619,2545018854.5190105,2259509895.651782,362.89907080586624,1179588764.90733,25103923.827300828,1154484841.0800292,0.3381619335325218,,1658919620.1013885,0.0,0.6959257260514349
0.0,140437000.0,shutdown,0.0,0.0,0.0,0.0,0.0,0.0,0.0,4,223,0.0,22.04,0.0,1.0,567.279923475184,1445.0192141603186,11210.616829439874,2545018854.4802485,2259509895.617368,362.89907080586624,1179588764.858222,25103923.74378052,1154484841.1144414,0.3381619335426015,,1664845142.1645865,0.0,0.6934487850403981
0.0,140437000.0,shutdown,0.0,0.0,0.0,0.0,0.0,0.0,0.0,5,223,0.0,21.02,0.0,1.0,567.279923475184,1445.0192143042304,11210.616829206077,2545018854.427172,2259509895.570246,362.89907080586624,1179588764.9063792,25103923.744813975,1154484841.1615653,0.3381619335564046,,1670889174.6690485,0.0,0.6909404038662427
74616793.12353167,140437000.0,direct_partial,74616793.12353167,0.0,0.0,0.0,0.0,0.0,0.0,6,223,295.48703842435293,20.83,75439962.69554041,311.7978823688864,665.8498495068521,1445.0192143476281,11210.616829609608,2545018854.518781,2337315311.1523776,367.1527563207378,1177223312.1023538,25921830.131134674,1151301481.971219,0.3299387564421243,19.131186291946193,1672015023.8610563,42132393.05403561,0.6716467152184539
173411329.25441748,140437000.0,charging,140437000.0,32974329.25441748,0.0,233.65674248663308,0.0,0.0,0.02951453589304839,7,223,582.7343139944613,25.06,142346582.7179627,724.6262265759237,665.9912130180332,1445.0192141689301,11210.616829346609,2545018854.4590755,2397848462.3191886,371.5029085810261,1183596780.8743591,27008243.193454076,1156588537.680905,0.32521817285788107,10.220944380336096,1646950065.5337286,78608242.62791975,0.6702691715547391
214102549.8664209,140437000.0,charging,140437000.0,73665549.8664209,0.0,521.9955281719227,0.0,0.0,0.09545081313581757,8,223,712.7758799170493,29.36,142794051.56311375,894.660824509169,665.9917098143052,1445.019214197386,11210.616829623137,2545018854.5218525,2398253735.749799,371.53210663602806,1183638976.3726842,27455712.12248288,1156183264.2502015,0.3250633147404446,10.186372687206134,1621470320.661977,77933441.58584867,0.6803464190998973
223445875.131732,140437000.0,charging,140437000.0,83008875.13173199,0.0,588.2025138740861,0.0,0.0,0.16975007804622846,9,223,771.1695635197646,31.92,142896797.23905984,933.703363193252,665.9918234477807,1445.0192143476293,11210.616829609644,2545018854.5187893,2398346793.484774,371.5388111344365,1183648664.3134227,27558457.798196983,1156090206.5152256,0.32502776223718605,10.178465053402602,1606300984.1801906,77440248.97689024,0.686619881813734
224966777.0974966,140437000.0,charging,140437000.0,84529777.0974966,0.0,598.9796549713374,0.0,0.0,0.24541066604260794,10,223,815.5964308468866,33.72,142913522.1304755,940.0586887488679,665.9918419295442,1445.019214342697,11210.616829613773,2545018854.5197268,2398361941.406891,371.539902495771,1183650241.2827022,27575182.689594664,1156075058.5931075,0.32502197520412474,10.177178928255483,1595635044.466434,77063057.0420179,0.6911438815830245
219151842.53611672,140437000.0,charging,140437000.0,78714842.53611672,0.0,557.7749148566331,0.0,0.0,0.31586644476134057,11,223,825.3000262252257,35.1,142849577.08252805,915.7600797299739,665.9917712440448,1445.0192143042425,11210.616829206132,2545018854.4271846,2398304025.6209693,371.53572985359165,1183644211.9381983,27511237.55916649,1156132974.379032,0.325044101338505,10.18209785514294,1587457824.0192208,76732570.78162923,0.6947119620392855
216226389.28255615,140437000.0,charging,140437000.0,75789389.28255615,0.0,537.0450958434894,0.0,0.0,0.38370372002578135,12,223,817.8287812436515,36.01,142817406.77233803,903.5356180338147,665.9917356587655,1445.0192141639989,11210.616829436747,2545018854.4795384,2398274888.721842,371.5336306356847,1183641178.5260904,27479067.24793013,1156162111.2781603,0.32505523310720885,10.18457419745288,1582065598.9417107,76520143.43758857,0.6970770830452246
232185456.73250136,140437000.0,charging,140437000.0,91748456.73250136,0.0,650.1313601525383,0.0,0.0,0.4658255760450493,13,223,845.4780312646234,36.5,142992903.73150977,970.2230650169238,665.9919295909501,1445.0192143061374,11210.616829231161,2545018854.4328666,2398433838.23968,371.5450824648233,1183657725.9677296,27654564.207407072,1156003161.7603226,0.3249945088581994,10.171078675122118,1579162093.1307435,76508986.02449305,0.6982082228253593
250447810.71138638,140437000.0,charging,140437000.0,110010810.71138638,0.0,779.5387578867142,0.0,0.0,0.5642936296728448,14,223,858.2632849960625,36.6,143193729.22464594,1046.5351532121429,665.9921509300242,1445.0192143042368,11210.616829292168,2545018854.4467163,2398615729.1981125,371.55818731413956,1183676660.50324,27855389.70135216,1155821270.801888,0.3249250276435801,10.155675987361738,1578569540.9244237,76594959.90672588,0.6983120228965074
252519431.10413295,140437000.0,charging,140437000.0,112082431.10413295,0.0,794.2183005364922,0.0,0.0,0.6646159413195596,15,223,818.1172209769102,36.46,143216510.19731796,1055.1917414209329,665.9921759988495,1445.0192141603252,11210.616829439967,2545018854.4802694,2398636362.399733,371.55967390045294,1183678808.2732031,27878170.672937512,1155800637.6002655,0.3249171463943738,10.153931484764298,1579399114.0132716,76637253.98355097,0.6979319174000671
227435729.8282187,140437000.0,charging,140437000.0,86998729.8282187,0.0,616.4747023447944,0.0,0.0,0.7424864300367968,16,223,725.5211752845889,35.9,142940672.44471547,950.3755919670693,665.9918719226785,1445.01921430246,11210.616829234326,2545018854.433585,2398386531.690025,371.5416741587941,1183652801.2305982,27602332.92064413,1156050468.3099542,0.3250125809704301,10.17509174103744,1582717406.3686626,76609810.64079227,0.6966983102907586
204645567.79672608,140437000.0,charging,140437000.0,64208567.79672608,0.0,454.9831681293492,0.0,0.0,0.7999579881162936,17,223,658.5077342976938,35.12,142690056.03822887,855.1433531800312,665.9915946321569,1445.0192141534778,11210.616829418906,2545018854.475488,2398159546.269469,371.52532064914715,1183629170.2450562,27351716.514520988,1156277453.7305353,0.32509930174194157,10.194388106046722,1587339313.577957,76642580.47031285,0.694885838521626
131275595.24071562,140437000.0,direct_plus_discharge,140437000.0,0.0,9161404.759284377,0.0,64.91789343582026,0.0,0.7917578331559795,18,223,459.082031740249,34.05,141996050.87944776,548.5555045900487,665.265312054441,1445.0192143024633,11210.616829234337,2545018854.433588,2397530988.8402615,371.4800367083134,1183563722.5150964,26657711.35535905,1156906011.1597373,0.3253395095513726,10.248178810411309,1593679622.1855786,76426441.22182491,0.6927140955343764
0.0,140437000.0,discharging,140437000.0,0.0,140437000.0,0.0,995.1393307022093,0.0,0.6660560229620163,19,223,0.0,32.53,142209441.5168373,1.0,654.15,1445.0192143061454,11210.616829317225,2545018854.452405,2397724254.3840547,371.4939601536505,1183583847.6087558,26871101.992811058,1156712745.6159449,0.32526564158790655,10.231583528026563,1602686415.7216399,75755903.210842,0.6891584730487694
0.0,140437000.0,discharging,140437000.0,0.0,140437000.0,0.0,995.1393307022093,0.0,0.540354212768053,20,223,0.0,30.58,142209441.5168376,1.0,654.15,1445.0192141584077,11210.616829414792,2545018854.4745545,2397724254.4038,371.4939601535698,1183583847.5893536,26871101.993154634,1156712745.596199,0.325265641582354,10.231583527905137,1614241183.7448757,76179824.95808336,0.6842749466795445
0.0,140437000.0,discharging,140437000.0,0.0,140437000.0,0.0,995.1393307022093,0.0,0.41465240257408964,21,223,0.0,29.88,142209441.5168375,1.0,654.15,1445.0192142054716,11210.616829643051,2545018854.5263734,2397724254.449999,371.4939601533808,1183583847.6255043,26871102.075502574,1156712745.5500016,0.3252656415693634,10.231583527621073,1618389049.1891143,76332001.99555452,0.6825387250258202
0.0,140437000.0,discharging,140437000.0,0.0,140437000.0,0.0,995.1393307022093,0.0,0.2889505923801264,22,223,0.0,28.58,142209441.5168375,1.0,654.15,1445.0192143463823,11210.6168296107,2545018854.519029,2397724254.443449,371.49396015340756,1183583847.632524,26871102.075973146,1156712745.556551,0.325265641571205,10.231583527661362,1626092227.8712716,76614616.49371532,0.6793375790933285
0.0,140437000.0,discharging,140437000.0,0.0,140437000.0,0.0,995.1393307022093,0.0,0.1632487821861631,23,223,0.0,27.37,142209441.5168375,1.0,654.15,1445.0192143395416,11210.616829503677,2545018854.494733,2397724254.421792,371.4939601534962,1183583847.654812,26871102.076605253,1156712745.5782068,0.3252656415772946,10.231583527794488,1633262109.5677412,76877665.37277268,0.6763849145713497
0.0,140437000.0,discharging,140437000.0,0.0,140437000.0,0.0,995.1393307022093,0.0,0.037546971992199814,0,224,0.0,26.4,142209441.5168375,1.0,654.15,1445.0192143061395,11210.616829317196,2545018854.4523983,2397724254.3840485,371.4939601536505,1183583847.6087537,26871101.99280201,1156712745.6159518,0.32526564158790844,10.231583528026595,1639009865.9690435,77088539.26755421,0.6740363734890111
0.0,140437000.0,discharging,41948354.58242109,0.0,41948354.58242109,0.0,297.2468616049152,0.0,0.0,1,224,0.0,25.51,42479626.19390617,1.0,654.15,1445.0192141603204,11210.616829439892,2545018854.4802527,2307543612.130814,365.02266619930003,1174034674.5386884,25629932.087082505,1148404742.4516058,0.3322469294332768,33.83199740476084,1644283580.6052895,23085045.197082788,0.688752759695817
0.0,140437000.0,shutdown,0.0,0.0,0.0,0.0,0.0,0.0,0.0,2,224,0.0,24.82,0.0,1.0,567.279923475184,1445.0192143395411,11210.616829503679,2545018854.4947333,2259509896.384684,362.89907080586624,1179588764.1750584,25103923.827956777,1154484840.3471017,0.3381619333178388,,1648372190.828896,0.0,0.7003787413851968
0.0,140437000.0,shutdown,0.0,0.0,0.0,0.0,0.0,0.0,0.0,3,224,0.0,24.16,0.0,1.0,567.279923475184,1445.0192143061345,11210.616829317196,2545018854.4523983,2259509895.5926423,362.89907080586624,1179588764.8833218,25103923.74415507,1154484841.1391666,0.33816193354984375,,1652283035.3906069,0.0,0.6987209917496014
0.0,140437000.0,shutdown,0.0,0.0,0.0,0.0,0.0,0.0,0.0,4,224,0.0,23.78,0.0,1.0,567.279923475184,1445.0192142054789,11210.616829643108,2545018854.5263863,2259509895.65833,362.89907080586624,1179588764.9003508,25103923.826871756,1154484841.073479,0.3381619335306031,,1654534733.7746222,0.0,0.6977700845479747
0.0,140437000.0,shutdown,0.0,0.0,0.0,0.0,0.0,0.0,0.0,5,224,0.0,23.32,0.0,1.0,567.279923475184,1445.0192143358447,11210.616829592753,2545018854.5149546,2259509895.648181,362.89907080586624,1179588764.9116244,25103923.827996626,1154484841.0836277,0.33816193353357576,,1657260473.923693,0.0,0.6966224436345212
86630450.47318651,140437000.0,direct_partial,86630450.47318651,0.0,0.0,0.0,0.0,0.0,0.0,6,224,331.38675910712817,22.73,87585730.54225409,361.998819240113,665.8914794448935,1445.0192142005496,11210.616829733266,2545018854.5468535,2348294386.748097,367.9399838616489,1178390004.35296,26053940.62779725,1152336063.7251627,0.3290897760046311,16.503341871672095,1660756531.9409797,48668179.03003843,0.6741075265435891
178781173.3308209,140437000.0,charging,140437000.0,38344173.33082089,0.0,271.7075627132636,0.0,0.0,0.034320955290096454,7,224,598.8100526674673,24.17,142405633.24260414,747.0649557357497,665.9912787566186,1445.0192143426862,11210.616829527671,2545018854.5001802,2397901944.208191,371.5067616489165,1183602349.5934553,27067293.80163786,1156535055.7918174,0.3251977347525822,10.21636966425653,1652223780.1699748,78831162.78596637,0.6681099640990734
220477638.19004697,140437000.0,charging,140437000.0,80040638.19004697,0.0,567.1695288095091,0.0,0.0,0.10596342208708709,8,224,732.7396056931765,28.69,142864156.44980365,921.30012319801,665.9917873657841,1445.0192143005609,11210.616829295273,2545018854.4474216,2398317230.315506,371.5366812069668,1183645586.6109974,27525816.926504668,1156119769.6844928,0.32503905654874526,10.180975960402215,1625440420.4443197,78115434.61740564,0.6786509325475581
221377451.8697555,140437000.0,charging,140437000.0,80940451.8697555,0.0,573.5456261555208,0.0,0.0,0.17841129065410025,9,224,766.0042253849584,30.95,142874051.42424905,925.0601346929453,665.9917983056906,1445.019214204236,11210.616829644185,2545018854.526631,2398326192.3652725,371.5373268882813,1183646519.6176634,27535711.98293743,1156110807.634726,0.32503563267071384,10.180214663711332,1612048740.5814924,77636012.23420565,0.6842168669085626
222859110.42379528,140437000.0,charging,140437000.0,82422110.42379528,0.0,584.0446876691984,0.0,0.0,0.25218535646494633,10,224,811.274459186228,32.45,142890344.76792943,931.2514755453793,665.9918163163526,1445.0192142042397,11210.616829730243,2545018854.546168,2398340949.4359617,371.53839008708246,1183648055.890727,27552005.326690957,1156096050.5640361,0.3250299948843281,10.178961321404401,1603160457.4866955,77323038.54695202,0.6879544210298439
216645818.5925656,140437000.0,charging,140437000.0,76208818.5925656,0.0,540.0171801434936,0.0,0.0,0.32039805290412454,11,224,820.2450952299513,33.79,142822019.10753274,905.2882686797341,665.9917407616961,1445.0192143395295,11210.616829589642,2545018854.514249,2398279066.185427,371.53393160507665,1183641613.4819188,27483679.6673471,1156157933.8145716,0.32505363709614893,10.18421908955369,1595220257.92201,76998694.48982993,0.6913914784586349
218237615.91327867,140437000.0,charging,140437000.0,77800615.91327867,0.0,551.2966871135085,0.0,0.0,0.390035529171094,12,224,829.3091745931756,34.72,142839523.61337397,911.9398415091556,665.9917601250908,1445.019214346386,11210.616829524675,2545018854.4995003,2398294920.162879,371.53507383095405,1183643264.0095665,27501184.1724448,1156142079.8371217,0.3250475800669813,10.182871611058015,1589709522.4032362,76808670.4289598,0.6937470498730615
229540023.64547616,140437000.0,charging,140437000.0,89103023.64547616,0.0,631.3857695201569,0.0,0.0,0.4697895211104823,13,224,840.8486964524756,35.13,142963812.7170175,959.1687111650036,665.9918974769143,1445.019214311079,11210.616829313109,2545018854.4514704,2398407490.1397786,371.54318415442253,1183654983.0532355,27625473.19301305,1156029509.8602226,0.3250045743302571,10.173313451846695,1587280058.357325,76787505.84095694,0.6947010654685628
242675248.11033934,140437000.0,charging,140437000.0,102238248.11033934,0.0,724.4622271672672,0.0,0.0,0.5613005392789792,14,224,836.65864838493,35.39,143108256.74288723,1014.056290771973,665.9920568026574,1445.0192141973853,11210.61682962311,2545018854.5218463,2398538315.298192,371.5526097835869,1183668602.004056,27769917.302252017,1155898684.701804,0.32495459830627077,10.162226177025,1585739422.6208935,76809235.47913358,0.6952570555274896
254511406.69166324,140437000.0,charging,140437000.0,114074406.69166324,0.0,808.3334785376602,0.0,0.0,0.663405820778473,15,224,826.7394655120816,35.31,143238415.34055343,1063.5155214163274,665.9922000963791,1445.0192143476243,11210.616829609604,2545018854.51878,2398656202.363555,371.5611033370556,1183680873.5361233,27900075.89967735,1155780797.636446,0.3249095682347726,10.152254573798979,1586213464.3859494,76896314.65295811,0.6949515974251314
234344725.74789625,140437000.0,charging,140437000.0,93907725.74789625,0.0,665.4319826579043,0.0,0.0,0.7474603870089451,16,224,747.0282654231308,34.82,143016648.54914567,979.2459066358375,665.9919557935655,1445.0192143426968,11210.616829613795,2545018854.5197315,2398455344.3298583,371.54663191711313,1183659964.7784119,27678309.108269628,1155981655.6701422,0.32498629325832645,10.16925526724266,1589116970.1969163,76882460.48496917,0.693866777131493
198434936.5574374,140437000.0,charging,140437000.0,57997936.55743739,0.0,410.9745136102127,0.0,0.0,0.7993729571491826,17,224,640.3901844724843,33.99,142621759.6355405,829.1912640118682,665.9915188979905,1445.019214197392,11210.616829623197,2545018854.521866,2398097689.967917,371.5208641627603,1183622730.2270095,27283420.19492577,1156339310.0320837,0.3251229363649223,10.199658383766781,1594035153.5093706,76847878.1198369,0.6920528176676654
125339522.99107027,140437000.0,direct_plus_discharge,140437000.0,0.0,15097477.00892973,0.0,106.9810175805402,0.0,0.7858595654547984,18,224,440.65228945622806,32.82,142005581.0641581,523.7507028885879,664.7005046292986,1445.0192143513102,11210.616829606546,2545018854.5180864,2397539620.270876,371.4806585332651,1183564621.3524284,26667241.623306084,1156897379.7291224,0.3253362103506354,10.247436588676463,1600968014.3233123,76638626.5702209,0.689611826472582
0.0,140437000.0,discharging,140437000.0,0.0,140437000.0,0.0,995.1393307022093,0.0,0.6601577552608351,19,224,0.0,31.04,142209441.5168372,1.0,654.15,1445.0192141689324,11210.616829346582,2545018854.4590693,2397724254.389994,371.4939601536262,1183583847.6023865,26871101.99238216,1156712745.6100044,0.3252656415862361,10.231583527990056,1611515443.5958045,76079822.9048878,0.6854207099125742
0.0,140437000.0,discharging,140437000.0,0.0,140437000.0,0.0,995.1393307022093,0.0,0.5344559450668718,20,224,0.0,29.59,142209441.5168376,1.0,654.15,1445.0192143042436,11210.616829292212,2545018854.4467263,2397724254.3789954,371.4939601536713,1183583847.6145616,26871101.993555903,1156712745.6210055,0.3252656415893296,10.23158352805764,1620107450.587442,76395046.7682212,0.6818220117117262
0.0,140437000.0,discharging,140437000.0,0.0,140437000.0,0.0,995.1393307022093,0.0,0.4087541348729085,21,224,0.0,27.89,142209441.5168375,1.0,654.15,1445.0192143073962,11210.616829316208,2545018854.4521737,2397724254.383847,371.4939601536514,1183583847.6089756,26871101.99282354,1156712745.616152,0.3252656415879648,10.231583528027837,1630180838.0948784,76764619.57350837,0.6776506773662068
0.0,140437000.0,discharging,140437000.0,0.0,140437000.0,0.0,995.1393307022093,0.0,0.28305232467894526,22,224,0.0,27.87,142209441.5168375,1.0,654.15,1445.0192142054846,11210.616829643148,2545018854.5263953,2397724254.4500194,371.49396015338084,1183583847.6255124,26871102.07553127,1156712745.549981,0.3252656415693576,10.231583527620941,1630299348.536142,76768967.48886468,0.6776019065501984
0.0,140437000.0,discharging,140437000.0,0.0,140437000.0,0.0,995.1393307022093,0.0,0.15735051448498197,23,224,0.0,27.04,142209441.5168375,1.0,654.15,1445.0192141534687,11210.616829418876,2545018854.4754815,2397724254.4046245,371.4939601535664,1183583847.5884998,26871101.99312431,1156712745.5953755,0.32526564158212246,10.231583527900098,1635217531.8485966,76949405.97615196,0.6755840917387068
0.0,140437000.0,discharging,140437000.0,0.0,140437000.0,0.0,995.1393307022093,0.0,0.031648704291018674,0,225,0.0,25.5,142209441.5168375,1.0,654.15,1445.0192143073973,11210.616829230215,2545018854.432652,2397724254.3664436,371.49396015372247,1183583847.6263242,26871101.99276718,1156712745.633557,0.32526564159285903,10.231583528134852,1644342835.8259215,77284195.45858862,0.6718718541323848
0.0,140437000.0,discharging,35358672.06414534,0.0,35358672.06414534,0.0,250.55224230389783,0.0,0.0,1,225,0.0,24.58,35806899.42628746,1.0,654.15,1445.0192143073898,11210.616829316188,2545018854.4521694,2301520512.034317,364.59261489724304,1173385047.86795,25546887.838121265,1147838160.0298288,0.3327253360820623,40.102729279379226,1649794316.1240637,19509737.9706755,0.6876147920531467
0.0,140437000.0,shutdown,0.0,0.0,0.0,0.0,0.0,0.0,0.0,2,225,0.0,24.08,0.0,1.0,567.279923475184,1445.0192143042389,11210.616829292143,2545018854.4467106,2259509895.587593,362.89907080586624,1179588764.8891084,25103923.744889766,1154484841.1442187,0.33816193355132357,,1652757077.1556628,0.0,0.6985205854517028
0.0,140437000.0,shutdown,0.0,0.0,0.0,0.0,0.0,0.0,0.0,3,225,0.0,23.42,0.0,1.0,567.279923475184,1445.019214204252,11210.61682964427,2545018854.52665,2259509895.6585646,362.89907080586624,1179588764.9001486,25103923.82690055,1154484841.0732481,0.3381619335305355,,1656667921.7173731,0.0,0.6968716095356392
0.0,140437000.0,shutdown,0.0,0.0,0.0,0.0,0.0,0.0,0.0,4,225,0.0,22.77,0.0,1.0,567.279923475184,1445.0192143073837,11210.616829316139,2545018854.4521585,2259509895.592429,362.89907080586624,1179588764.8835366,25103923.74415586,1154484841.1393807,0.3381619335499065,,1660519511.0584524,0.0,0.6952552098610911
0.0,140437000.0,shutdown,0.0,0.0,0.0,0.0,0.0,0.0,0.0,5,225,0.0,22.47,0.0,1.0,567.279923475184,1445.0192143395402,11210.616829503691,2545018854.494736,2259509895.6302304,362.89907080586624,1179588764.9295402,25103923.82796097,1154484841.1015792,0.33816193353883395,,1662297167.6774113,0.0,0.6945117055782777
91265818.68633026,140437000.0,direct_partial,91265818.68633026,0.0,0.0,0.0,0.0,0.0,0.0,6,225,345.21605224599637,22.02,92272072.4747962,381.3684267018744,665.9046114198803,1445.0192141652358,11210.61682943567,2545018854.4792943,2352531742.9812937,368.24404015737616,1178838989.9691653,26104914.264053255,1152734075.705112,0.32876344216251574,15.674344501425708,1664963652.6058505,51371398.16603669,0.6716253188366066
177267730.14750463,140437000.0,charging,140437000.0,36830730.14750463,0.0,260.98327469442836,0.0,0.0,0.03296630838245411,7,225,593.9030859316871,23.4,142388990.37312606,740.7407978633737,665.9912602342876,1445.0192143073928,11210.616829316235,2545018854.4521804,2397886870.7672596,371.5056756936118,1183600780.081866,27050650.849120453,1156550129.2327456,0.32520349499546836,10.217658623961876,1656786432.1586375,78986574.13076256,0.666302635795177
216782158.79366344,140437000.0,charging,140437000.0,76345158.79366344,0.0,540.9832894769905,0.0,0.0,0.1013010396848108,8,225,722.1782114733606,26.76,142823518.39881572,905.8579874280817,665.9917424203899,1445.019214202326,11210.616829619032,2545018854.5209208,2398280424.112829,371.53402943859885,1183641754.8453815,27485178.958209384,1156156575.8871722,0.32505311829686795,10.184103662711438,1636876678.026292,78507103.23228824,0.6739929504515298
222353768.58314177,140437000.0,charging,140437000.0,81916768.58314177,0.0,580.463825495528,0.0,0.0,0.17462278606319329,9,225,771.0964141880625,28.89,142884787.67904237,929.1398260199534,665.9918101740074,1445.0192143426812,11210.616829613668,2545018854.519703,2398335916.2975073,371.5380274670914,1183647531.9406223,27546448.238131512,1156101083.7024908,0.32503191773520335,10.179388760569188,1624255316.0316806,78083808.7311149,0.6791250150369318
214477952.63811052,140437000.0,charging,140437000.0,74040952.63811052,0.0,524.6556395596836,0.0,0.0,0.24089507737599541,10,225,785.9009285320927,30.53,142798179.75200272,896.2295034130434,665.9917143831,1445.0192143061563,11210.616829231274,2545018854.4328923,2398257474.6048427,371.5323760131713,1183639365.623091,27459840.22793049,1156179525.3951604,0.3250618862709199,10.186054749813032,1614537459.848036,77684830.30552109,0.6832314714931721
212774287.953587,140437000.0,charging,140437000.0,72337287.953587,0.0,512.5834382601846,0.0,0.0,0.30564245905096615,11,225,810.7638136376465,31.88,142779445.0751456,889.110475394497,665.991693646734,1445.0192141936905,11210.616829712208,2545018854.5420732,2398240506.5563183,371.53115351928045,1183637599.0782356,27441105.634553008,1156196493.4436827,0.3250683690956989,10.187497772468198,1606538005.0627182,77385214.86666313,0.6866087953179778
223548133.70686993,140437000.0,charging,140437000.0,83111133.70686994,0.0,588.9271201389689,0.0,-1.4901161193847656e-08,0.3800332531737833,12,225,852.7811701387106,33.13,142897921.7451782,934.1306665635443,665.9918246905463,1445.0192142005371,11210.61682973321,2545018854.546841,2398347811.987311,371.5388845124826,1183648770.3165815,27559582.3038918,1156089188.0126896,0.3250273731345821,10.178378570570082,1599131102.4837208,77181235.9698694,0.6896621599046332
234982965.68408406,140437000.0,charging,140437000.0,94545965.68408406,0.0,669.9545633376778,0.0,0.0,0.46465909275327943,13,225,863.9078800341658,34.05,143023667.07753855,981.9128915358339,665.9919635369098,1445.0192143513098,11210.616829520497,2545018854.4985514,2398461701.093095,371.54708990737333,1183660626.5435185,27685327.63661185,1155975298.9069066,0.32498386491104214,10.16871641777994,1593679622.1855786,77051593.94187701,0.6918978275789397
238628269.7973373,140437000.0,charging,140437000.0,98191269.7973373,0.0,695.7852596318797,0.0,0.0,0.5525477571278327,14,225,827.0649594808425,34.53,143063753.36636332,997.1453620766405,665.9920077484437,1445.0192143042416,11210.616829292176,2545018854.446718,2398498007.8015213,371.5497057221168,1183664406.0415525,27725413.843071405,1155938992.198481,0.3249699955769738,10.165639794435572,1590835371.595244,76970083.88739122,0.6930898255540071
245629919.26323166,140437000.0,charging,140437000.0,105192919.26323166,0.0,745.3990847869429,0.0,0.0,0.646703430995657,15,225,801.8530411916443,34.41,143140748.35333642,1026.4028440075626,665.9920925975691,1445.019214306144,11210.616829231181,2545018854.4328713,2398567743.432021,371.55473002742895,1183671665.3972208,27802408.829242513,1155869256.5679784,0.3249433571339708,10.159735259205785,1591546434.2428277,77037308.00790547,0.6927247505173698
207908559.12581715,140437000.0,charging,140437000.0,67471559.12581715,0.0,478.10478855216377,0.0,0.0,0.7070956148127724,16,225,668.8210770893037,33.88,142725938.15086585,868.7782702544529,665.9916343929837,1445.0192142054827,11210.616829729137,2545018854.5459166,2398192044.966505,371.52766204527154,1183632553.7431087,27387598.70962503,1156244955.0334837,0.32508688471921254,10.191621185063887,1594686960.9363222,76927596.95938677,0.6916935184442329
200142476.348082,140437000.0,charging,140437000.0,59705476.348082006,0.0,423.0741739875312,0.0,0.0,0.7605365631059343,17,225,645.8913573843188,32.82,142640536.92574582,836.3264847644152,665.991539727423,1445.019214304231,11210.616829292103,2545018854.4467015,2398114696.5597215,371.5220894183966,1183624500.8427148,27302197.402434718,1156322303.44028,0.3251164382329653,10.198208880569783,1600968014.3233123,77108585.7225324,0.6890759953441276
126480858.35141088,140437000.0,direct_plus_discharge,140437000.0,0.0,13956141.64858912,0.0,98.8934928783882,0.0,0.7480447534791905,18,225,443.9610315149826,31.46,142003748.68473762,528.5199503131745,664.8085936334885,1445.0192143426827,11210.616829527653,2545018854.500176,2397537960.69424,371.4805389742377,1183564448.5495243,26665409.243737996,1156899039.3057864,0.3253368446908105,10.247579288767222,1609026724.3292618,76938762.6104075,0.6861937852629274
0.0,140437000.0,discharging,140437000.0,0.0,140437000.0,0.0,995.1393307022093,0.0,0.6223429432852273,19,225,0.0,29.6,142209441.51682788,1.0,654.1499999999943,1445.0192142042351,11210.616829730221,2545018854.5461626,2397724254.467631,371.493960153308,1183583847.6079512,26871102.075590603,1156712745.5323606,0.32526564156440363,10.231583527513301,1620048195.3668098,76392872.81053725,0.6818467008554151
0.0,140437000.0,discharging,140437000.0,0.0,140437000.0,0.0,995.1393307022093,0.0,0.49664113309126406,20,225,0.0,28.27,142209441.5168375,1.0,654.15,1445.0192143444672,11210.616829499524,2545018854.49379,2397724254.4209523,371.49396015349964,1183583847.655664,26871102.07661571,1156712745.5790482,0.32526564157753124,10.231583527799664,1627929139.710863,76682009.18173829,0.6785786578543178
0.0,140437000.0,discharging,140437000.0,0.0,140437000.0,0.0,995.1393307022093,0.0,0.3709393228973008,21,225,0.0,26.65,142209441.5168375,1.0,654.15,1445.0192141603204,11210.616829439885,2545018854.480251,2397724254.4088783,371.4939601535489,1183583847.5835536,26871101.992431864,1156712745.5911217,0.32526564158092625,10.231583527873928,1637528485.453244,77034190.32560019,0.6746401061516647
0.0,140437000.0,discharging,140437000.0,0.0,140437000.0,0.0,995.1393307022093,0.0,0.2452375127033375,22,225,0.0,26.53,142209441.5168375,1.0,654.15,1445.0192143024603,11210.616829320361,2545018854.453117,2397724254.384685,371.4939601536479,1183583847.6081254,26871101.992810663,1156712745.6153147,0.3252656415877293,10.231583528022709,1638239548.1008277,77060277.81773813,0.6743501795646016
0.0,140437000.0,discharging,140437000.0,0.0,140437000.0,0.0,995.1393307022093,0.0,0.11953570250937422,23,225,0.0,25.79,142209441.5168375,1.0,654.15,1445.0192143042293,11210.616829206028,2545018854.427161,2397724254.3615475,371.4939601537426,1183583847.6319022,26871101.993449204,1156712745.638453,0.32526564159423577,10.23158352816497,1642624434.427594,77221150.68592197,0.6725677907659983
0.0,140437000.0,discharging,133548080.3928405,0.0,133548080.3928405,0.0,946.3243115325458,0.0,0.0,0,226,0.0,25.02,135233706.62594104,1.0,654.15,1445.0192142005446,11210.616829733266,2545018854.546854,2391407066.7742386,371.03895436194523,1182925300.4104314,26784286.79183047,1156141013.6186008,0.32574383914483884,10.750259949548765,1647187086.4162567,73592440.39547886,0.6718705072931113
0.0,140437000.0,shutdown,0.0,0.0,0.0,0.0,0.0,0.0,0.0,1,226,0.0,24.26,0.0,1.0,567.279923475184,1445.0192142054814,11210.616829643113,2545018854.5263877,2259509896.412804,362.89907080586624,1179588764.1458735,25103923.826873742,1154484840.3189998,0.3381619333096074,,1651690483.184287,0.0,0.6989716608969456
0.0,140437000.0,shutdown,0.0,0.0,0.0,0.0,0.0,0.0,0.0,2,226,0.0,23.55,0.0,1.0,567.279923475184,1445.0192142993005,11210.616829296263,2545018854.447646,2259509895.5884233,362.89907080586624,1179588764.8882554,25103923.744869374,1154484841.143386,0.33816193355107965,,1655897603.8491573,0.0,0.6971957918531735
0.0,140437000.0,shutdown,0.0,0.0,0.0,0.0,0.0,0.0,0.0,3,226,0.0,22.88,0.0,1.0,567.279923475184,1445.019214351313,11210.616829606533,2545018854.518083,2259509895.6509585,362.89907080586624,1179588764.9081855,25103923.827331815,1154484841.0808537,0.33816193353276325,,1659867703.6315002,0.0,0.6955282270719786
0.0,140437000.0,shutdown,0.0,0.0,0.0,0.0,0.0,0.0,0.0,4,226,0.0,22.43,0.0,1.0,567.279923475184,1445.0192143024658,11210.61682923433,2545018854.433586,2259509895.5759406,362.89907080586624,1179588764.8999686,25103923.744097877,1154484841.1558707,0.33816193355473656,,1662534188.5599391,0.0,0.6944126918411628
0.0,140437000.0,shutdown,0.0,0.0,0.0,0.0,0.0,0.0,0.0,5,226,0.0,22.02,0.0,1.0,567.279923475184,1445.0192141973873,11210.61682970917,2545018854.5413837,2259509895.671645,362.89907080586624,1179588764.88779,25103923.82762375,1154484841.0601661,0.3381619335267036,,1664963652.6058505,0.0,0.6933994260194635
68319115.99183398,140437000.0,direct_partial,68319115.99183398,0.0,0.0,0.0,0.0,0.0,0.0,6,226,273.9574830006258,21.28,69073031.94423538,285.482058392701,665.8221765299567,1445.019214311082,11210.61682922711,2545018854.431947,2331561740.5100436,366.7405622649372,1176609951.9101899,25852576.42834027,1150757375.4818497,0.33038565798877384,20.877880598387815,1669348538.9326172,38528581.01991834,0.6737940113126119
166566421.51986408,140437000.0,charging,140437000.0,26129421.519864082,0.0,185.1535923076785,0.0,0.0,0.023387822186233077,7,226,561.1851679736993,22.34,142271311.37153816,696.0237143624754,665.9911291424678,1445.0192143061463,11210.616829317281,2545018854.452418,2397780289.4602222,371.4979971306466,1183589682.3873076,26932971.847555466,1156656710.5397522,0.3252442261199884,10.226781246545544,1663067485.545627,79147723.14701283,0.6639000192219127
215728876.29290324,140437000.0,charging,140437000.0,75291876.29290324,0.0,533.5197090612394,0.0,0.0,0.09077978543607385,8,226,719.2907003342848,26.12,142811935.7749179,901.4566825806658,665.9917296054138,1445.019214193712,11210.616829712364,2545018854.542109,2398269933.647804,371.53327363567416,1183640662.686566,27473596.334368955,1156167066.3521972,0.3250571262211828,10.184995443704286,1640669012.1467385,78637973.66778807,0.6724610996706093
224926105.24906868,140437000.0,charging,140437000.0,84489105.24906868,0.0,598.6914534573276,0.0,0.0,0.16640396903068363,9,226,780.6413912480513,28.63,142913074.87466252,939.8887351006294,665.9918414353625,1445.0192143513204,11210.616829520584,2545018854.4985714,2398361536.303333,371.5398733107211,1183650199.1304293,27574735.43375975,1156075463.6966696,0.32502212996515445,10.1772133179187,1625795951.7681117,78155062.76039334,0.6784675462143867
220930669.0464534,140437000.0,charging,140437000.0,80493669.04645339,0.0,570.3797143249483,0.0,0.0,0.23845193294541395,10,226,810.0381367570728,30.73,142869138.2908794,923.1931831348186,665.9917928739083,1445.0192142042374,11210.6168297302,2545018854.546158,2398321742.507399,371.53700628903863,1183646056.3422306,27530798.849625014,1156115257.4926054,0.32503733270550783,10.180592655452578,1613352355.435396,77680536.55678539,0.6836740213436079
219059927.64658085,140437000.0,charging,140437000.0,78622927.64658085,0.0,557.1236041503784,0.0,0.0,0.3088254408380933,11,226,836.1417860197088,32.43,142848566.3227407,915.3759990597179,665.9917701262335,1445.019214304249,11210.616829206208,2545018854.427202,2398303110.166109,371.53566389811726,1183644116.6332934,27510226.799401373,1156133889.833892,0.32504445108529456,10.182175642448051,1603278967.9279594,77304716.00064246,0.6879359242208432
215954641.86316925,140437000.0,charging,140437000.0,75517641.86316925,0.0,535.1194883109393,0.0,0.0,0.3764194814668435,12,226,829.6831732105509,33.45,142814418.44949675,902.400079150982,665.9917323524113,1445.019214307399,11210.616829316234,2545018854.45218,2398272182.1474295,371.53343563830134,1183640896.7780595,27476078.925490268,1156164817.852569,0.3250562671629547,10.184804283424493,1597234935.4234974,77067505.13279247,0.6905352281923637
231844327.29299992,140437000.0,charging,140437000.0,91407327.29299992,0.0,647.7141102674775,0.0,0.0,0.4582360006585249,13,226,857.1960895966633,34.16,142989152.43592125,968.7976025654065,665.9919254505676,1445.0192141652503,11210.616829435774,2545018854.4793177,2398430440.6817546,371.54483767662964,1183657372.2297823,27650812.911537178,1156006559.3182452,0.3249958067841115,10.171366799002381,1593027814.7586272,77009378.87432048,0.6922040800800993
249417846.9452652,140437000.0,charging,140437000.0,108980846.9452652,0.0,772.2404144810208,0.0,0.0,0.5557821582771801,14,226,865.7588440777492,34.41,143182403.029705,1042.231289326414,665.9921384633953,1445.0192141620935,11210.616829325665,2545018854.454321,2398605470.8543754,371.5574482174908,1183675592.6515927,27844063.50596687,1155831529.1456258,0.32492894605606587,10.156543521804007,1591546434.2428277,77059730.8050441,0.6926928315121413
248197399.33529735,140437000.0,charging,140437000.0,107760399.33529735,0.0,763.5922988295862,0.0,0.0,0.6522359223398647,15,226,812.0476342772633,34.26,143168982.14248526,1037.1314590549607,665.9921236886105,1445.019214342687,11210.616829613715,2545018854.5197134,2398593315.3640733,371.5565724314695,1183674327.3375123,27830642.701586474,1155843684.6359258,0.32493358916555054,10.157571677358002,1592435262.5523074,77084751.96171014,0.6923209512839423
228817885.22712928,140437000.0,charging,140437000.0,88380885.22712928,0.0,626.2686825537018,0.0,0.0,0.7313435453992797,16,226,731.8162020293619,33.87,142955871.58280516,956.1511434005325,665.9918887083021,1445.0192143463833,11210.616829524653,2545018854.499495,2398400297.796422,371.5426659629669,1183654234.3454504,27617532.14187116,1156036702.2035792,0.3250073219742127,10.17392364887625,1594746216.1569543,77053700.04363142,0.6914922599295523
185089590.11027348,140437000.0,charging,140437000.0,44652590.11027348,0.0,316.4091274839084,0.0,0.0,0.7713110141340892,17,226,601.0778335995009,32.92,142475004.9628169,773.4256570014459,665.991355915877,1445.019214295621,11210.61682929936,2545018854.4483495,2397964774.0087285,371.51128820716826,1183608891.4307585,27136665.439487107,1156472225.9912713,0.32517372521316573,10.211000195618658,1600375462.1169925,76997691.50880036,0.68945435515732
105282473.41716293,140437000.0,direct_plus_discharge,140437000.0,0.0,35154526.582837075,0.0,249.10566342771145,0.0,0.7398450355958519,18,226,378.58003173303143,31.72,142037782.05147627,439.9391998485321,662.8394464334243,1445.0192142005467,11210.61682973325,2545018854.54685,2397568784.299986,371.48275958666784,1183567658.3102162,26699442.610201143,1156868215.700015,0.32532506306291786,10.244929476748016,1607486088.5928297,76708147.78327353,0.6868971468452828
0.0,140437000.0,discharging,140437000.0,0.0,140437000.0,0.0,995.1393307022093,0.0,0.6141432254018886,19,226,0.0,30.08,142209441.5168337,1.0,654.1499999999977,1445.0192143427037,11210.616829527778,2545018854.5002046,2397724254.426666,371.49396015347605,1183583847.649232,26871102.07590137,1156712745.5733306,0.3252656415759238,10.23158352776479,1617203944.7764747,76288522.84198906,0.6830338886596884
0.0,140437000.0,discharging,140437000.0,0.0,140437000.0,0.0,995.1393307022093,0.0,0.4884414152079253,20,226,0.0,28.58,142209441.5168375,1.0,654.15,1445.01921434078,11210.616829588625,2545018854.514018,2397724254.438983,371.4939601534259,1183583847.637683,26871102.07666439,1156712745.5610185,0.3252656415724613,10.231583527688825,1626092227.8712716,76614616.49371532,0.6793375790959522
0.0,140437000.0,discharging,140437000.0,0.0,140437000.0,0.0,995.1393307022093,0.0,0.36273960501396196,21,226,0.0,26.91,142209441.5168375,1.0,654.15,1445.0192141652353,11210.616829349627,2545018854.4597607,2397724254.3906116,371.4939601536237,1183583847.6017427,26871101.992355935,1156712745.609387,0.3252656415860624,10.23158352798623,1635987849.7168124,76977667.42596804,0.6752691364965591
0.0,140437000.0,discharging,140437000.0,0.0,140437000.0,0.0,995.1393307022093,0.0,0.2370377948199987,22,226,0.0,26.67,142209441.5168375,1.0,654.15,1445.019214307396,11210.616829316255,2545018854.4521847,2397724254.3838573,371.4939601536514,1183583847.6089766,26871101.99283481,1156712745.6161418,0.3252656415879619,10.23158352802777,1637409975.0119796,77029842.41024388,0.674688451505599
0.0,140437000.0,discharging,140437000.0,0.0,140437000.0,0.0,995.1393307022093,0.0,0.11133598462603542,23,226,0.0,25.96,142209441.5168375,1.0,654.15,1445.0192141571617,11210.616829415809,2545018854.4747853,2397724254.40401,371.4939601535689,1183583847.5891337,26871101.993144132,1156712745.5959897,0.32526564158229515,10.231583527903823,1641617095.6768503,77184193.40539326,0.6729764242925476
0.0,140437000.0,discharging,124387163.94616747,0.0,124387163.94616747,0.0,881.4098782894471,0.0,0.0,0,227,0.0,25.0,125957342.8223585,1.0,654.15,1445.0192143073841,11210.616829230123,2545018854.432631,2383008557.2352095,370.4343793762662,1182047446.063044,26668839.35209484,1155378606.7109492,0.32638207040929534,11.528960569857928,1647305596.8575206,68548213.78087537,0.6733549207674528
0.0,140437000.0,shutdown,0.0,0.0,0.0,0.0,0.0,0.0,0.0,1,227,0.0,24.02,0.0,1.0,567.279923475184,1445.0192143463862,11210.616829610692,2545018854.519027,2259509895.6517143,362.89907080586624,1179588764.9073284,25103923.827322025,1154484841.0800064,0.33816193353251506,,1653112608.4794548,0.0,0.698370356113798
0.0,140437000.0,shutdown,0.0,0.0,0.0,0.0,0.0,0.0,0.0,2,227,0.0,23.35,0.0,1.0,567.279923475184,1445.0192141534753,11210.61682933289,2545018854.455961,2259509895.5958056,362.89907080586624,1179588764.880428,25103923.74442322,1154484841.136005,0.33816193354891766,,1657082708.261797,0.0,0.6966971747276308
0.0,140437000.0,shutdown,0.0,0.0,0.0,0.0,0.0,0.0,0.0,3,227,0.0,22.96,0.0,1.0,567.279923475184,1445.019214163993,11210.616829436744,2545018854.479538,2259509895.6167374,362.89907080586624,1179588764.8588529,25103923.743780475,1154484841.1150725,0.33816193354278634,,1659393661.8664443,0.0,0.695726919805477
0.0,140437000.0,shutdown,0.0,0.0,0.0,0.0,0.0,0.0,0.0,4,227,0.0,22.73,0.0,1.0,567.279923475184,1445.0192143110648,11210.616829313032,2545018854.451453,2259509895.591803,362.89907080586624,1179588764.88417,25103923.744163986,1154484841.140006,0.33816193355008967,,1660756531.9409797,0.0,0.6951559839964756
0.0,140437000.0,shutdown,0.0,0.0,0.0,0.0,0.0,0.0,0.0,5,227,0.0,22.43,0.0,1.0,567.279923475184,1445.0192143358515,11210.616829506731,2545018854.495426,2259509895.630843,362.89907080586624,1179588764.9289012,25103923.827934746,1154484841.1009665,0.3381619335386545,,1662534188.5599391,0.0,0.6944126918081384
44316178.79813874,140437000.0,direct_partial,44316178.79813874,0.0,0.0,0.0,0.0,0.0,0.0,6,227,199.74420760721517,21.37,44806141.82835836,185.18204985122787,665.6445681649892,1445.0192143513145,11210.616829606535,2545018854.5180836,2309643957.027672,365.1727048404132,1174260845.3598711,25588623.589362554,1148672221.7705085,0.3321007812144422,32.0863210840445,1668815241.9469292,24981290.06450048,0.6781642305090971
139674837.35602173,140437000.0,direct_partial,139674837.35602173,0.0,0.0,0.0,0.0,0.0,0.0,7,227,479.16234393412975,22.9,141213430.2426033,583.6530449080889,665.9896666305517,1445.0192141652485,11210.616829349688,2545018854.4597745,2396822188.902106,371.4289742696242,1183489901.816035,26637253.362117868,1156852648.4539173,0.32539611788510125,10.304074718012371,1659749193.1902366,78440330.12104523,0.6655503516383487
192108058.81733632,140437000.0,charging,140437000.0,51671058.81733632,0.0,366.1421341110858,0.0,0.0,0.04624953272982136,8,227,646.3029270298064,26.53,142552184.9058195,802.7534207490996,665.9914416717822,1445.019214299304,11210.616829296278,2545018854.4476495,2398034675.905948,371.5163242936754,1183616169.4765532,27213845.382501733,1156402324.0940514,0.3251470142915038,10.205032498485155,1638239548.1008277,78407158.25902136,0.6736402544622613
209777472.38874894,140437000.0,charging,140437000.0,69340472.38874894,0.0,491.34794451259035,0.0,0.0,0.10831453624720119,9,227,732.6392208858144,29.0,142746490.01557058,876.5878151748374,665.9916571574346,1445.0192143426968,11210.616829613798,2545018854.5197325,2398210658.9004636,371.5290031089254,1183634491.6742332,27408150.574678533,1156226341.0995548,0.32507977286131884,10.19003702807936,1623603508.6047287,77984639.78114808,0.6794983511117828
219353337.94925135,140437000.0,charging,140437000.0,78916337.94925135,0.0,559.2027152978727,0.0,0.0,0.17895066870587986,10,227,807.0450944117049,30.95,142851792.86564815,916.6020596716605,665.9917736944504,1445.0192142054675,11210.616829643035,2545018854.5263696,2398306032.5656013,371.5358744405488,1183644420.8587084,27513453.424307745,1156130967.4344006,0.32504333460094514,10.181927333466728,1612048740.5814924,77623914.7952293,0.6842336968379445
225857860.29978666,140437000.0,charging,140437000.0,85420860.29978666,0.0,605.2938879834845,0.0,0.0,0.2554088440301095,11,227,863.9786626640154,32.45,142923321.09854293,943.782218585222,665.991852755842,1445.019214339547,11210.616829589791,2545018854.5142827,2398370816.4406605,371.54054191570754,1183651165.217737,27584981.658401415,1156066183.5593355,0.32501858465767786,10.176425538567612,1603160457.4866955,77340886.79851374,0.6879293417352552
129211089.13347593,140437000.0,direct_plus_discharge,140437000.0,0.0,11225910.86652407,0.0,79.5470241192522,0.0,0.24536079887820395,12,227,524.6023195214152,33.56,141999365.3815761,539.92864453042,665.0681349951562,1445.0192141603052,11210.616829353734,2545018854.4606934,2397533990.762459,371.48025297270306,1183564035.0946133,26661025.857146796,1156903009.2374666,0.32533836212125566,10.247920661894092,1596583127.9965458,76513405.2753978,0.6914741536012882
16585844.428419784,140437000.0,direct_plus_discharge,140437000.0,0.0,123851155.57158022,0.0,877.6117124561016,0.0,0.13450458256795952,13,227,123.5619927125635,34.19,142180181.81044856,69.30653213036815,655.3967490557449,1445.0192143426812,11210.616829613675,2545018854.5197043,2397697754.178465,371.4920509807074,1183581088.191075,26841842.369537894,1156739245.8215373,0.32527576969754163,10.23385609441475,1592850049.0967312,75506587.31889799,0.6933405127975076
73727533.90628672,140437000.0,direct_plus_discharge,140437000.0,0.0,66709466.09371328,0.0,472.70458241061516,0.0,0.07479453005293446,14,227,298.74714106228674,34.58,142088442.55382064,308.0819743379026,660.0514941426782,1445.0192143395418,11210.616829589693,2545018854.5142603,2397614666.868623,371.48606510207713,1183572436.2450264,26750103.113649793,1156822333.1313765,0.32530752590073364,10.240987439441245,1590539095.492084,75843798.28726959,0.6942115989367278
85743995.13348672,140437000.0,direct_plus_discharge,140437000.0,0.0,54693004.86651328,0.0,387.55570296257184,0.0,0.025840125468188545,15,227,317.3682718934737,33.91,142069150.48824874,358.29462764780743,661.0937473851392,1445.0192141640011,11210.61682935077,2545018854.4600205,2397597194.223891,371.48480632448417,1183570616.7398996,26730810.96378933,1156839805.7761104,0.3253142042013655,10.242488278785581,1594509195.2744267,76081908.10172018,0.6924733427816171
0.0,140437000.0,shutdown,0.0,0.0,0.0,0.0,0.0,0.0,0.025840125468188545,16,227,0.0,33.07,0.0,1.0,567.279923475184,1445.0192142091623,11210.616829726041,2545018854.5452137,2259509895.6750073,362.89907080586624,1179588764.883708,25103923.826946624,1154484841.0567613,0.3381619335257063,,1599486633.8075128,0.0,0.7217846130470982
113654841.58698395,140437000.0,direct_plus_discharge,140437000.0,0.0,26782158.41301605,0.0,189.77889870824168,0.0,0.0018680540524106473,17,227,389.96890151098086,32.16,142024340.4672467,474.92444320308203,663.6075720061582,1445.0192143407771,11210.616829502564,2545018854.49448,2397556610.3867936,371.4818825481166,1183566390.6402473,26686001.026998013,1156880389.6132493,0.32532971623620555,10.24597587676428,1604878858.885023,76682332.30273968,0.6879799531981898
69491067.8697694,140437000.0,direct_plus_discharge,71578101.51354578,0.0,2087033.6437763798,0.0,14.788761248250957,0.0,0.0,18,227,269.71015258647583,31.21,72368574.5633636,290.37924170066685,665.751958371965,1445.0192143024508,11210.616829320277,2545018854.453098,2334539653.25342,366.95387331610937,1176927581.7858665,25889133.525756706,1151038448.26011,0.33015397644933947,19.93541015392454,1610508104.8450613,39284031.47321913,0.6976869527507856
0.0,140437000.0,shutdown,0.0,0.0,0.0,0.0,0.0,0.0,0.0,19,227,0.0,29.78,0.0,1.0,567.279923475184,1445.019214342697,11210.616829613753,2545018854.5197225,2259509895.652414,362.89907080586624,1179588764.906701,25103923.827303294,1154484841.0793977,0.33816193353233676,,1618981601.3954344,0.0,0.7130932433600993
0.0,140437000.0,shutdown,0.0,0.0,0.0,0.0,0.0,0.0,0.0,20,227,0.0,27.96,0.0,1.0,567.279923475184,1445.019214202336,11210.616829619108,2545018854.520938,2259509895.653493,362.89907080586624,1179588764.9059227,25103923.827605218,1154484841.0783174,0.33816193353202034,,1629766051.5504544,0.0,0.7083745792716782
0.0,140437000.0,shutdown,0.0,0.0,0.0,0.0,0.0,0.0,0.0,21,227,0.0,27.17,0.0,1.0,567.279923475184,1445.0192143463737,11210.616829610633,2545018854.519014,2259509895.651785,362.89907080586624,1179588764.9073324,25103923.8273059,1154484841.0800266,0.338161933532521,,1634447213.9803808,0.0,0.7063457487063786
0.0,140437000.0,shutdown,0.0,0.0,0.0,0.0,0.0,0.0,0.0,22,227,0.0,26.24,0.0,1.0,567.279923475184,1445.0192143074023,11210.616829230255,2545018854.432661,2259509895.5751195,362.89907080586624,1179588764.900822,25103923.74413129,1154484841.1566906,0.33816193355497676,,1639957949.4991548,0.0,0.7039722216714591
0.0,140437000.0,shutdown,0.0,0.0,0.0,0.0,0.0,0.0,0.0,23,227,0.0,25.22,0.0,1.0,567.279923475184,1445.0192141620887,11210.61682941168,2545018854.473848,2259509895.6116858,362.89907080586624,1179588764.8646362,25103923.744512293,1154484841.1201239,0.33816193354426594,,1646001982.0036168,0.0,0.7013872727630696
0.0,140437000.0,shutdown,0.0,0.0,0.0,0.0,0.0,0.0,0.0,0,228,0.0,24.33,0.0,1.0,567.279923475184,1445.0192143476302,11210.616829609673,2545018854.518796,2259509895.6515913,362.89907080586624,1179588764.9075525,25103923.827333182,1154484841.0802193,0.3381619335325774,,1651275696.6398633,0.0,0.6991472371509189
0.0,140437000.0,shutdown,0.0,0.0,0.0,0.0,0.0,0.0,0.0,1,228,0.0,23.03,0.0,1.0,567.279923475184,1445.0192142091537,11210.616829639908,2545018854.52566,2259509895.6576853,362.89907080586624,1179588764.9009793,25103923.82685273,1154484841.0741265,0.33816193353079277,,1658978875.3220208,0.0,0.6959008690511698
0.0,140437000.0,shutdown,0.0,0.0,0.0,0.0,0.0,0.0,0.0,2,228,0.0,22.16,0.0,1.0,567.279923475184,1445.019214295619,11210.61682929938,2545018854.448354,2259509895.5890517,362.89907080586624,1179588764.8876228,25103923.744863898,1154484841.1427588,0.33816193355089597,,1664134079.5170026,0.0,0.693745086620566
0.0,140437000.0,shutdown,0.0,0.0,0.0,0.0,0.0,0.0,0.0,3,228,0.0,21.58,0.0,1.0,567.279923475184,1445.0192143427062,11210.61682952778,2545018854.5002046,2259509895.6350856,362.89907080586624,1179588764.9239786,25103923.827253334,1154484841.0967252,0.3381619335374122,,1667570882.3136578,0.0,0.6923153032601196
0.0,140437000.0,shutdown,0.0,0.0,0.0,0.0,0.0,0.0,0.0,4,228,0.0,21.2,0.0,1.0,567.279923475184,1445.019214200553,11210.616829733332,2545018854.546869,2259509895.6765146,362.89907080586624,1179588764.8822327,25103923.82693709,1154484841.0552955,0.33816193352527696,,1669822580.6976726,0.0,0.691381739833065
0.0,140437000.0,shutdown,0.0,0.0,0.0,0.0,0.0,0.0,0.0,5,228,0.0,21.06,0.0,1.0,567.279923475184,1445.0192141620935,11210.616829411698,2545018854.473852,2259509895.611689,362.89907080586624,1179588764.8646395,25103923.744518694,1154484841.1201208,0.338161933544265,,1670652153.7865207,0.0,0.6910384298152608
82919737.58949256,140437000.0,direct_partial,82919737.58949256,0.0,0.0,0.0,0.0,0.0,0.0,6,228,317.756588149766,20.64,83834212.08959475,346.4930279727335,665.8799087531569,1445.0192143110858,11210.616829227145,2545018854.4319553,2344902759.98312,367.6967037965164,1178030112.582493,26013134.976050764,1152016977.6064422,0.3293515094639751,17.23375505400129,1673140873.0530639,46846081.27795871,0.6697823926545486
156264286.2434271,140437000.0,charging,140437000.0,15827286.243427098,0.0,112.15246010037474,0.0,0.0,0.014166626538994703,7,228,528.9911150091872,22.28,142158021.9567017,652.9746388312753,665.9910027358337,1445.019214347626,11210.616829609617,2545018854.518783,2397677684.2036905,371.49060507140337,1183578998.312175,26819682.51578037,1156759315.7963946,0.32528344034608225,10.23557784634929,1663423016.869419,79097493.73012617,0.6638425824889664
201039732.80908903,140437000.0,charging,140437000.0,60602732.809089035,0.0,429.43215083177284,0.0,0.0,0.06841068769669233,8,228,674.3641333857715,25.56,142650403.77924487,840.0758105230376,665.9915506704161,1445.0192143042432,11210.616829206132,2545018854.4271846,2398123632.9907155,371.5227332510897,1183625431.2651691,27312064.25588635,1156313367.0092828,0.32511302369797185,10.197447366699675,1643987304.5021296,78668958.26390156,0.6712385935616755
219090099.04136515,140437000.0,charging,140437000.0,78653099.04136515,0.0,557.3373992443494,0.0,0.0,0.13881120128545227,9,228,764.5049767023306,27.85,142848898.10829356,915.502074928277,665.9917704931609,1445.0192142054914,11210.616829729206,2545018854.5459323,2398303410.7733283,371.5356855478045,1183644147.8937323,27510558.66706048,1156133589.226672,0.32504433624986445,10.18215010771472,1630417858.977406,78287262.01066267,0.6766138727073815
215053158.86541453,140437000.0,charging,140437000.0,74616158.86541453,0.0,528.7315621445797,0.0,0.0,0.20559834597739918,10,228,795.3201568067241,29.75,142804505.11807153,898.6330921507979,665.9917213830671,1445.019214302455,11210.616829320305,2545018854.453104,2398263203.559435,371.53278876258435,1183639962.0345948,27466165.594030697,1156173796.4405642,0.32505969748320024,10.185567628990965,1619159367.0573301,77855522.70364292,0.6812985574943381
217337557.6006871,140437000.0,charging,140437000.0,76900557.60068709,0.0,544.9188562940994,0.0,0.0,0.27443020150928543,11,228,837.6189970239043,31.43,142829625.94877568,908.1788077776503,665.9917491769269,1445.0192143358458,11210.616829506711,2545018854.495422,2398285955.75309,371.53442797598876,1183642330.7554235,27491286.508514527,1156151044.246909,0.3250510049208523,10.183633482399598,1609204489.9911573,77508925.61691451,0.6854460476500737
230368746.96291167,140437000.0,charging,140437000.0,89931746.96291165,0.0,637.2581191676862,0.0,1.4901161193847656e-08,0.3549259639304668,12,228,890.2166796901755,32.8,142972925.93260214,962.6316605176825,665.9919075385419,1445.0192142005546,11210.61682973334,2545018854.5468707,2398415744.1821547,371.54377882891754,1183655842.3091977,27634586.491353843,1156021255.817844,0.3250014211212324,10.172613274722364,1601086524.7645762,77292598.29806826,0.6887724233058732
244014183.73583812,140437000.0,charging,140437000.0,103577183.73583812,0.0,733.9499512158598,0.0,0.0,0.4476354314524702,13,228,908.4710421287689,33.52,143122980.60639495,1019.6512416561171,665.9920730254519,1445.0192143513068,11210.61682952048,2545018854.4985476,2398551650.9314437,371.55357059013227,1183669990.234022,27784641.165465478,1155885349.0685563,0.324949504239943,10.16109725519252,1596820148.8790736,77219006.30956312,0.6904768896748458
73522968.19648741,140437000.0,direct_plus_discharge,140437000.0,0.0,66914031.80351259,0.0,474.154139034114,0.0,0.387742277048161,14,228,299.675440842685,33.65,142088770.97788382,307.2271646837927,660.03395182928,1445.019214153483,11210.61682941894,2545018854.475496,2397614964.283957,371.48608653140695,1183572467.170231,26750431.45419396,1156822035.716037,0.32530741222129955,10.24096189321271,1596049831.0108583,76042418.64222369,0.6918410368543059
91400967.18555227,140437000.0,direct_plus_discharge,140437000.0,0.0,49036032.81444772,0.0,347.47028828058905,0.0,0.34385129326534974,15,228,335.6963387901385,33.33,142060068.39047423,381.9331657384743,661.5925725727445,1445.019214342681,11210.616829613673,2545018854.519704,2397588968.7317896,371.4842137320883,1183569760.2177749,26721728.949562624,1156848031.2682123,0.32531734813799673,10.243194967353721,1597945998.0710814,76251334.1856698,0.6909866650598632
195935977.40957928,140437000.0,charging,140437000.0,55498977.40957928,0.0,393.2668401776295,0.0,0.0,0.3935271046562082,16,228,635.0001287554993,32.61,142594279.34989995,818.7489743097427,665.991488404553,1445.0192143427084,11210.6168295278,2545018854.5002093,2398072800.9734087,371.5190710238286,1183620138.9355612,27255939.909001447,1156364199.0265598,0.3251324464363499,10.201780398821052,1602212373.9565837,77128537.50014669,0.688582164072619
189698240.86864772,140437000.0,charging,140437000.0,49261240.868647724,0.0,349.0661169605333,0.0,0.0,0.43761966679859143,17,228,615.2766720445144,31.78,142525684.87857774,792.6836214205262,665.9914122376191,1445.0192141571474,11210.616829415745,2545018854.4747705,2398010674.828726,371.5145951298409,1183613670.5261385,27187345.354864217,1156426325.1712744,0.3251561854559629,10.20708080152527,1607130557.2690384,77269051.99797465,0.6865510528552707
115242062.88112846,140437000.0,direct_plus_discharge,140437000.0,0.0,25194937.11887154,0.0,178.53181755205588,0.0,0.41506827931833173,18,228,408.1714595947483,30.57,142021792.23139688,481.5568943933355,663.7545893214622,1445.0192142054807,11210.61682964311,2545018854.5263867,2397554302.511983,371.4817162804059,1183566150.278098,26683452.79008054,1156882697.4880176,0.3253305983712985,10.246174273843405,1614300438.9655077,77035637.06128284,0.6840052156906116
0.0,140437000.0,discharging,140437000.0,0.0,140437000.0,0.0,995.1393307022093,0.0,0.2893664691243685,19,228,0.0,28.98,142209441.5168322,1.0,654.1499999999969,1445.0192143463753,11210.616829610653,2545018854.5190187,2397724254.4434342,371.4939601534073,1183583847.632519,26871102.07595858,1156712745.5565605,0.3252656415712082,10.231583527661803,1623722019.0459924,76527658.18658575,0.6803193442972982
0.0,140437000.0,discharging,140437000.0,0.0,140437000.0,0.0,995.1393307022093,0.0,0.1636646589304052,20,228,0.0,27.37,142209441.5168376,1.0,654.15,1445.0192142992923,11210.616829296196,2545018854.447631,2397724254.3798,371.4939601536679,1183583847.613698,26871101.993496884,1156712745.620201,0.32526564158910337,10.231583528052706,1633262109.5677412,76877665.37277274,0.6763849145959059
0.0,140437000.0,discharging,140437000.0,0.0,140437000.0,0.0,995.1393307022093,0.0,0.03796284873644191,21,228,0.0,25.43,142209441.5168375,1.0,654.15,1445.0192143061538,11210.616829231263,2545018854.43289,2397724254.3666587,371.4939601537216,1183583847.6261063,26871101.99276463,1156712745.6333416,0.3252656415927984,10.231583528133505,1644757622.3703454,77299413.16233572,0.6717040851527531
0.0,140437000.0,discharging,42412981.80012787,0.0,42412981.80012787,0.0,300.53921916349844,0.0,0.0,22,228,0.0,24.28,42950108.71927185,1.0,654.15,1445.0192142042267,11210.616829730117,2545018854.5461392,2307968343.3945274,365.05300394797655,1174080425.8834696,25635787.47786965,1148444638.4055998,0.3322132522274308,33.463390275058906,1651571972.7430232,23421482.50758795,0.6856412691079862
0.0,140437000.0,shutdown,0.0,0.0,0.0,0.0,0.0,0.0,0.0,23,228,0.0,23.61,0.0,1.0,567.279923475184,1445.0192143444635,11210.61682949947,2545018854.4937778,2259509895.629366,362.89907080586624,1179588764.9303842,25103923.827952664,1154484841.1024315,0.33816193353908364,,1655542072.5253658,0.0,0.6973455161676314
0.0,140437000.0,shutdown,0.0,0.0,0.0,0.0,0.0,0.0,0.0,0,229,0.0,22.5,0.0,1.0,567.279923475184,1445.0192143513066,11210.616829606515,2545018854.5180793,2259509895.6509547,362.89907080586624,1179588764.9081814,25103923.827326074,1154484841.0808554,0.33816193353276375,,1662119402.0155153,0.0,0.6945859844250099
0.0,140437000.0,shutdown,0.0,0.0,0.0,0.0,0.0,0.0,0.0,1,229,0.0,21.33,0.0,1.0,567.279923475184,1445.0192142091641,11210.616829726066,2545018854.5452194,2259509895.6750507,362.89907080586624,1179588764.8837135,25103923.826952588,1154484841.0567608,0.33816193352570617,,1669052262.8294573,0.0,0.6917008333217936
0.0,140437000.0,shutdown,0.0,0.0,0.0,0.0,0.0,0.0,0.0,2,229,0.0,20.72,0.0,1.0,567.279923475184,1445.0192143407849,11210.61682950263,2545018854.494495,2259509895.6300163,362.89907080586624,1179588764.9297543,25103923.82795999,1154484841.1017942,0.33816193353889695,,1672666831.2880077,0.0,0.6902060945471152
0.0,140437000.0,shutdown,0.0,0.0,0.0,0.0,0.0,0.0,0.0,3,229,0.0,20.13,0.0,1.0,567.279923475184,1445.0192141689436,11210.616829432707,2545018854.4786215,2259509895.615924,362.89907080586624,1179588764.8597126,25103923.743825145,1154484841.1158874,0.33816193354302504,,1676162889.305295,0.0,0.6887664966704858
0.0,140437000.0,shutdown,0.0,0.0,0.0,0.0,0.0,0.0,0.0,4,229,0.0,19.61,0.0,1.0,567.279923475184,1445.0192143110798,11210.616829227114,2545018854.431948,2259509895.5744863,362.89907080586624,1179588764.9014535,25103923.744128156,1154484841.1573253,0.33816193355516266,,1679244160.7781575,0.0,0.6875026682375599
0.0,140437000.0,shutdown,0.0,0.0,0.0,0.0,0.0,0.0,0.0,5,229,0.0,19.05,0.0,1.0,567.279923475184,1445.0192143005634,11210.616829295295,2545018854.4474263,2259509895.588228,362.89907080586624,1179588764.8884778,25103923.744895544,1154484841.1435823,0.33816193355113716,,1682562453.1335485,0.0,0.6861467988861323
87854059.59228343,140437000.0,direct_partial,87854059.59228343,0.0,0.0,0.0,0.0,0.0,0.0,6,229,332.9536584115956,18.44,88822795.31471471,367.11186036947447,665.8950805609682,1445.0192141603131,11210.616829439876,2545018854.480249,2349412868.5591836,368.0202297627821,1178508587.2311993,26067396.19802247,1152441191.033177,0.3290035660880854,16.27601292325046,1686177021.5920994,49928020.984802365,0.6638084463614066
177143440.8386407,140437000.0,charging,140437000.0,36706440.83864069,0.0,260.1025582191669,0.0,0.0,0.03285505998557898,7,229,592.0043091499246,21.26,142387623.601802,740.2214356436558,665.9912587129761,1445.0192142054836,11210.616829643135,2545018854.5263925,2397885632.952987,371.5055865109139,1183600651.207519,27049284.1604911,1156551367.047028,0.325203968029702,10.21776449084927,1669467049.373881,79443343.60386732,0.6612982412883077
212530617.6969363,140437000.0,charging,140437000.0,72093617.69693631,0.0,510.85678605232346,0.0,0.0,0.09738433822376719,8,229,710.5116058636213,24.32,142776765.5082331,888.0922613056902,665.9916906804266,1445.0192143358418,11210.616829592715,2545018854.514946,2398238079.6278644,371.53097866983603,1183637346.440166,27438426.068030097,1156198920.3721359,0.325069296331541,10.187704195023164,1651334951.860495,79004491.7245441,0.6681919693032261
221122532.29948217,140437000.0,charging,140437000.0,80685532.29948217,0.0,571.7392610911525,0.0,0.0,0.16960403436159696,9,229,772.6453662624934,26.89,142871248.15209395,923.9949135964821,665.9917952065401,1445.0192143513102,11210.616829520475,2545018854.4985466,2398323653.387811,371.5371439650329,1183646255.3233519,27532908.711163927,1156113346.6121879,0.3250366026638791,10.18043033038524,1636106360.1580765,78505456.25482269,0.6742711881170086
216618813.61434707,140437000.0,charging,140437000.0,76181813.61434707,0.0,539.8258223392824,0.0,0.0,0.23779255928866422,10,229,803.5407585744233,28.93,142821722.14208764,905.1754241755732,665.9917404331534,1445.0192143513207,11210.61682960658,2545018854.518094,2398278797.2246137,371.53391222712025,1183641585.47663,27483382.7012433,1156158202.7753866,0.3250537398537628,10.184241952470819,1624018295.1491523,78040759.84873886,0.6792703222490826
209462628.20884588,140437000.0,charging,140437000.0,69025628.20884588,0.0,489.1169524915117,0.0,0.0,0.299575753287592,11,229,813.5744336350119,30.71,142743027.77088633,875.2721897712178,665.9916533229078,1445.0192141620885,11210.616829411634,2545018854.4738374,2398207523.081238,371.5287771882779,1183634165.16596,27404688.24719824,1156229476.9187617,0.32508097095881683,10.190303869478353,1613470865.87666,77616240.96800193,0.6837196453328347
201451235.4791592,140437000.0,charging,140437000.0,61014235.479159206,0.0,432.3480668060232,0.0,0.0,0.35418814067361604,12,229,790.6973971676783,32.15,142654928.9476215,841.7953384703806,665.9915556886216,1445.0192143426964,11210.61682952773,2545018854.500193,2398127731.5196714,371.5230285276359,1183625857.9869993,27316589.506667018,1156309268.4803324,0.3251114576983921,10.197098153511028,1604938114.105655,77259880.86375143,0.6873800063596924
212025691.5951915,140437000.0,charging,140437000.0,71588691.59519151,0.0,507.27886981269717,0.0,0.0,0.41826547159732513,13,229,801.2586938179993,33.12,142771212.99109912,885.9823490099933,665.9916845333822,1445.01921430247,11210.616829320434,2545018854.453133,2398233050.6161094,371.53061635229574,1183636822.8509839,27432873.46709337,1156203949.3838904,0.32507121772715036,10.188131962254163,1599190357.7043529,77114928.65862983,0.6897335221631754
229694460.66085738,140437000.0,charging,140437000.0,89257460.66085738,0.0,632.4801132338656,0.0,0.0,0.498157696426866,14,229,811.8825106348066,33.65,142965511.0134039,959.8140502681665,665.9918993520495,1445.0192141571642,11210.61682932983,2545018854.4552665,2398409028.31201,371.54329497520143,1183655143.177648,27627171.489657708,1156027971.6879904,0.32500398671524655,10.173182963412048,1596049831.0108583,77106123.20165133,0.690926610145011
247220179.42697245,140437000.0,charging,140437000.0,106783179.42697245,0.0,756.6676994325661,0.0,0.0,0.593736774249927,15,229,816.4746575968841,33.66,143158235.95553565,1033.0479935873416,665.9921118563552,1445.0192143110683,11210.616829313078,2545018854.451463,2398583582.2842975,371.55587118548004,1183673314.1472235,27819896.43152079,1155853417.7157028,0.32493730698634876,10.15839506741676,1595990575.790226,77207937.75892383,0.6908047122656913
233128897.26030704,140437000.0,charging,140437000.0,92691897.26030704,0.0,656.8165981980525,0.0,0.0,0.6767030813907337,16,229,746.7134358885028,33.22,143003278.45699456,974.1653780860984,665.9919410406196,1445.0192141603104,11210.616829439818,2545018854.4802356,2398443234.8136535,371.54575946016394,1183658704.1189172,27664938.932569712,1155993765.1863475,0.3249909192346346,10.170281906507446,1598597805.498033,77218827.14304498,0.6898092205735585
198365986.91636077,140437000.0,charging,140437000.0,57928986.916360766,0.0,410.48593510402736,0.0,0.0,0.7285539363512424,17,229,640.9725269367759,32.38,142621001.41753128,828.9031472062827,665.9915180567926,1445.019214344472,11210.616829499544,2545018854.4937944,2398097003.222342,371.5208146876838,1183622658.754971,27282661.977315217,1156339996.7776558,0.3251231987655653,10.199716922197727,1603575244.0311193,77192248.3753905,0.6879833183363258
108618150.58319148,140437000.0,direct_plus_discharge,140437000.0,0.0,31818849.416808516,0.0,225.46898974171486,0.0,0.7000736429101837,18,229,387.36533512809854,31.0,142032426.72253218,453.8778460043926,663.1440036943194,1445.0192143476386,11210.616829609678,2545018854.5187974,2397563934.02319,371.48241016123006,1183567153.2584894,26694087.281680234,1156873065.976809,0.32532691695476396,10.24534635453585,1611752464.4783325,76889467.80712427,0.6850908080975245
0.0,140437000.0,discharging,140437000.0,0.0,140437000.0,0.0,995.1393307022093,0.0,0.5743718327162204,19,229,0.0,28.84,142209441.51682976,1.0,654.1499999999954,1445.0192141639966,11210.616829350733,2545018854.460012,2397724254.390826,371.4939601536222,1183583847.6015356,26871101.9923706,1156712745.609165,0.3252656415860007,10.231583527985437,1624551592.1348405,76558093.59407854,0.6799754038867387
0.0,140437000.0,discharging,140437000.0,0.0,140437000.0,0.0,995.1393307022093,0.0,0.4486700225222571,20,229,0.0,27.25,142209441.5168375,1.0,654.15,1445.0192141620828,11210.61682941163,2545018854.4738364,2397724254.403162,371.4939601535723,1183583847.5899854,26871101.993145987,1156712745.5968394,0.32526564158253407,10.231583527909072,1633973172.215325,76903752.8649106,0.676093486702787
0.0,140437000.0,discharging,140437000.0,0.0,140437000.0,0.0,995.1393307022093,0.0,0.3229682123282938,21,229,0.0,25.36,142209441.5168375,1.0,654.15,1445.0192143476306,11210.616829609662,2545018854.5187936,2397724254.4432435,371.49396015340847,1183583847.6327355,26871102.075978566,1156712745.556757,0.325265641571263,10.231583527662593,1645172408.9147692,77314630.86608283,0.6715363998929843
0.0,140437000.0,discharging,140437000.0,0.0,140437000.0,0.0,995.1393307022093,0.0,0.19726640213433053,22,229,0.0,24.6,142209441.5168375,1.0,654.15,1445.0192143476193,11210.616829523524,2545018854.4992385,2397724254.42581,371.49396015347975,1183583847.650074,26871102.075882256,1156712745.5741918,0.3252656415761656,10.2315835277698,1649675805.6827996,77479851.64962299,0.6697211919860917
0.0,140437000.0,discharging,140437000.0,0.0,140437000.0,0.0,995.1393307022093,0.0,0.07156459194036724,23,229,0.0,23.78,142209441.5168375,1.0,654.15,1445.0192142956134,11210.616829299312,2545018854.448338,2397724254.380433,371.4939601536654,1183583847.61306,26871101.99349361,1156712745.6195664,0.3252656415889249,10.231583528048791,1654534733.7746222,77658116.17923214,0.6677736521371632
0.0,140437000.0,discharging,79953634.58029191,0.0,79953634.58029191,0.0,566.5530195279073,0.0,0.0,0,230,0.0,22.76,80963854.90284136,1.0,654.1499999999907,1445.0192142005426,11210.616829647175,2545018854.5273094,2342308048.052614,367.5106409016504,1177754467.4088745,26108880.8812042,1151645586.5276704,0.3295157358815333,17.836740132876045,1660578766.279084,44339205.65679669,0.6754844546685217
0.0,140437000.0,shutdown,0.0,0.0,0.0,0.0,0.0,0.0,0.0,1,230,0.0,21.77,0.0,1.0,567.279923475184,1445.0192143061333,11210.616829317165,2545018854.4523916,2259509895.592601,362.89907080586624,1179588764.8833177,25103923.744144488,1154484841.1391733,0.3381619335498457,,1666445033.12165,0.0,0.6927830310589645
0.0,140437000.0,shutdown,0.0,0.0,0.0,0.0,0.0,0.0,0.0,2,230,0.0,20.97,0.0,1.0,567.279923475184,1445.019214300548,11210.616829295224,2545018854.44741,2259509895.588214,362.89907080586624,1179588764.888471,25103923.744875018,1154484841.143596,0.33816193355114116,,1671185450.7722085,0.0,0.6908179104899104
0.0,140437000.0,shutdown,0.0,0.0,0.0,0.0,0.0,0.0,0.0,3,230,0.0,20.13,0.0,1.0,567.279923475184,1445.0192142054777,11210.6168296431,2545018854.5263844,2259509895.6583285,362.89907080586624,1179588764.90035,25103923.82686954,1154484841.0734806,0.3381619335306036,,1676162889.305295,0.0,0.688766496645186
0.0,140437000.0,shutdown,0.0,0.0,0.0,0.0,0.0,0.0,0.0,4,230,0.0,19.51,0.0,1.0,567.279923475184,1445.019214351308,11210.616829606526,2545018854.5180817,2259509895.650957,362.89907080586624,1179588764.9081829,25103923.82733005,1154484841.0808527,0.33816193353276297,,1679836712.9844775,0.0,0.6872601557979646
0.0,140437000.0,shutdown,0.0,0.0,0.0,0.0,0.0,0.0,0.0,5,230,0.0,19.13,0.0,1.0,567.279923475184,1445.019214197408,11210.616829623266,2545018854.521882,2259509895.654331,362.89907080586624,1179588764.9050758,25103923.82759696,1154484841.077479,0.3381619335317747,,1682088411.3684926,0.0,0.6863401669465325
87733765.32317366,140437000.0,direct_partial,87733765.32317366,0.0,0.0,0.0,0.0,0.0,0.0,6,230,331.80928660590655,18.65,88701178.20650433,366.6091920451009,665.8947309843497,1445.019214306146,11210.616829317274,2545018854.452416,2349302907.424087,368.0123401771457,1178496931.2584777,26066073.359317224,1152430857.8991604,0.3290120393567921,16.298080865632258,1684932661.9588277,49831665.35963623,0.6643155152265243
174625110.87635434,140437000.0,charging,140437000.0,34188110.87635434,0.0,242.25762281641005,0.0,0.0,0.030600962882072848,7,230,583.7520043491172,21.55,142359930.30135173,729.6982019789892,665.9912278821263,1445.0192143427003,11210.616829613773,2545018854.5197268,2397860551.224086,371.50377951349986,1183598039.6364152,27021590.860421635,1156576448.7759936,0.32521355302695415,10.21990999465832,1667748647.9755535,79365900.19494665,0.6619923404490612
220482530.10613078,140437000.0,charging,140437000.0,80045530.10613078,0.0,567.204193022626,0.0,0.0,0.10224780831650981,8,230,735.1376464605407,24.73,142864210.24470076,921.3205648306749,665.9917874252639,1445.0192141534758,11210.616829332888,2545018854.4559608,2398317279.045697,371.5366847172385,1183645591.6752386,27525870.72093445,1156119720.9543042,0.32503903793245087,10.180971821216712,1648905487.8145835,78964937.3839719,0.6691009372542797
217392450.61342254,140437000.0,charging,140437000.0,76955450.61342254,0.0,545.307829256736,0.0,0.0,0.17112879727525543,9,230,761.6129743333809,27.47,142830229.59036127,908.408186774124,665.9917498446802,1445.0192142054777,11210.616829729128,2545018854.5459146,2398286502.521779,371.5344673653734,1183642387.6273272,27491890.14910756,1156150497.4782197,0.3250507960317727,10.183587013876748,1632669557.3614213,78358524.60382332,0.6757051562533641
208190035.7303276,140437000.0,charging,140437000.0,67753035.7303276,0.0,480.09933728092375,0.0,0.0,0.2317729240896879,10,230,776.7329209410065,29.62,142729033.46257547,869.954464051437,665.9916378219511,1445.019214347634,11210.61682952365,2545018854.499267,2398194848.3680773,371.52786402255094,1183632845.6535785,27390694.021656465,1156242151.631922,0.32508581360955907,10.191382566600613,1619929684.925546,77842228.57296665,0.6810350332921413
204951263.1475585,140437000.0,charging,140437000.0,64514263.14755851,0.0,457.14933136856797,0.0,0.0,0.2895181027888754,11,230,800.7133825647724,31.37,142693417.6760352,856.4207487775831,665.9915983580215,1445.0192143444715,11210.616829585568,2545018854.513324,2398162590.956229,371.52554000382304,1183629487.2796535,27355078.23587951,1156274409.0437741,0.3250981384274866,10.194128826124633,1609560021.3149493,77447850.527984,0.6853995338982198
237971848.987427,140437000.0,charging,140437000.0,97534848.987427,0.0,691.1338489250636,0.0,0.0,0.37681922054783085,12,230,927.4476503503374,32.77,143056534.9084883,994.4024055663713,665.9919997889668,1445.0192143061383,11210.616829317183,2545018854.4523954,2398491469.9374337,371.5492346837975,1183663725.4470158,27718195.38444952,1155945530.0625663,0.32497249304818965,10.16619368397773,1601264290.4264722,77344251.31788631,0.6886331752257993
133641565.69474667,140437000.0,direct_plus_discharge,140437000.0,0.0,6795434.305253327,0.0,48.152580490615925,0.0,0.3707367893279636,13,230,530.813113824069,33.8,141992252.38534224,558.4420803383916,665.4922634143783,1445.0192142091641,11210.616829639988,2545018854.525678,2397527548.6799746,371.4797888640885,1183563364.2640543,26653912.944028296,1156909451.320026,0.3253408245037589,10.248474668565384,1595161002.701378,76500098.28265469,0.6920717666032933
169630379.75445458,140437000.0,charging,140437000.0,29193379.754454583,0.0,206.8648603272881,0.0,0.0,0.39686708747456845,14,230,616.7928288138411,34.3,142305004.77846003,708.826940676831,665.9911666982987,1445.0192143042484,11210.616829292236,2545018854.446732,2397810805.372825,371.500195618803,1183592859.8823612,26966665.255185165,1156626194.627176,0.32523256387544525,10.224167750789809,1592198241.669779,76610929.68127856,0.6930847543765466
152734528.4086848,140437000.0,charging,140437000.0,12297528.40868479,0.0,87.14052699722998,0.0,0.0,0.40787431193737644,15,230,525.6862429004099,34.16,142119206.2947377,638.224996397224,665.9909593796199,1445.0192143463678,11210.61682952456,2545018854.499474,2397642529.234369,371.4880723940987,1183575337.6194072,26780866.85377692,1156794470.7656302,0.32529687663956025,10.23859499651534,1593027814.7586272,76540758.61262591,0.6928702954858507
162529868.94839478,140437000.0,charging,140437000.0,22092868.948394775,0.0,156.55050178084977,0.0,0.0,0.42764911216232593,16,230,536.028744488024,33.56,142226922.64371225,679.1563512506467,665.9910796381448,1445.019214160306,11210.616829439829,2545018854.4802384,2397740086.9271865,371.4951007858465,1183585496.1921036,26888583.11929082,1156696913.0728128,0.3252595906374051,10.230226235485494,1596583127.9965458,76726917.04640833,0.6912627558170907
126188920.70968774,140437000.0,direct_plus_discharge,140437000.0,0.0,14248079.29031226,0.0,100.96216872158585,0.0,0.41489599611328354,17,230,426.9355007726764,32.44,142004217.3817882,527.3000434441229,664.7809231091775,1445.0192143358431,11210.61682959274,2545018854.5149517,2397538385.1998353,371.48056955572713,1183564492.7417548,26665877.941580296,1156898614.8001745,0.32533668243283886,10.247542787671595,1603219712.7073276,76726969.97411275,0.6886519832603231
36682337.80276118,140437000.0,direct_plus_discharge,140437000.0,0.0,103754662.19723882,0.0,735.2075670670412,0.0,0.32202767185218356,18,230,170.15907216314122,30.94,142147917.49730247,153.28285722901276,656.9795098388133,1445.0192141639895,11210.616829350643,2545018854.4599915,2397668532.6406302,371.4899457663216,1183578045.3321795,26809577.972808823,1156768467.3593707,0.32528693805668957,10.236363109970084,1612107995.8021245,76353231.99431026,0.6851021796153637
0.0,140437000.0,discharging,140437000.0,0.0,140437000.0,0.0,995.1393307022093,0.0,0.1963258616582203,19,230,0.0,29.2,142209441.51683187,1.0,654.1499999999967,1445.0192143426825,11210.616829613684,2545018854.5197067,2397724254.444048,371.49396015340477,1183583847.6318777,26871102.075930584,1156712745.555947,0.32526564157103577,10.23158352765805,1622418404.192089,76479831.11766605,0.6808605256718316
0.0,140437000.0,discharging,140437000.0,0.0,140437000.0,0.0,995.1393307022093,0.0,0.07062405146425701,20,230,0.0,27.68,142209441.5168376,1.0,654.15,1445.0192143395436,11210.616829503671,2545018854.494732,2397724254.421791,371.4939601534962,1183583847.654813,26871102.07660503,1156712745.578208,0.325265641577295,10.231583527794493,1631425197.72815,76810272.68474977,0.6771389340713183
0.0,140437000.0,discharging,78902840.77995063,0.0,78902840.77995063,0.0,559.1070740920346,0.0,8.16949626855683e-18,21,230,0.0,25.99,79899818.82836896,1.0,654.149999999995,1445.0192141689283,11210.616829432633,2545018854.478605,2341346252.428941,367.44168446243805,1177652226.8749866,26095638.52403662,1151556588.35095,0.32959061451770777,18.071880794662516,1641439330.0149543,43361973.06773536,0.6834969715680661
0.0,140437000.0,shutdown,0.0,0.0,0.0,0.0,0.0,0.0,8.16949626855683e-18,22,230,0.0,25.59,0.0,1.0,567.279923475184,1445.0192142042254,11210.61682973014,2545018854.546144,2259509895.675855,362.89907080586624,1179588764.8828573,25103923.82692071,1154484841.0559366,0.33816193352546475,,1643809538.840234,0.0,0.702322753200755
0.0,140437000.0,shutdown,0.0,0.0,0.0,0.0,0.0,0.0,8.16949626855683e-18,23,230,0.0,24.87,0.0,1.0,567.279923475184,1445.019214295626,11210.616829213399,2545018854.4288344,2259509895.571722,362.89907080586624,1179588764.9049015,25103923.74481239,1154484841.160089,0.3381619335559722,,1648075914.7257361,0.0,0.700504649600569
0.0,140437000.0,shutdown,0.0,0.0,0.0,0.0,0.0,0.0,8.16949626855683e-18,0,231,0.0,23.9,0.0,1.0,567.279923475184,1445.0192143024628,11210.616829320355,2545018854.4531155,2259509895.593279,362.89907080586624,1179588764.8826933,25103923.744163062,1154484841.1385303,0.33816193354965735,,1653823671.1270385,0.0,0.6980700913246564
0.0,140437000.0,shutdown,0.0,0.0,0.0,0.0,0.0,0.0,8.16949626855683e-18,1,231,0.0,22.8,0.0,1.0,567.279923475184,1445.0192143061472,11210.616829231209,2545018854.4328775,2259509895.5753117,362.89907080586624,1179588764.9006002,25103923.744102467,1154484841.1564977,0.33816193355492025,,1660341745.396556,0.0,0.6953296478615977
0.0,140437000.0,shutdown,0.0,0.0,0.0,0.0,0.0,0.0,8.16949626855683e-18,2,231,0.0,22.08,0.0,1.0,567.279923475184,1445.0192142023332,11210.616829705126,2545018854.540466,2259509895.6708302,362.89907080586624,1179588764.888648,25103923.827668197,1154484841.0609798,0.33816193352694196,,1664608121.2820587,0.0,0.6935475240693955
0.0,140437000.0,shutdown,0.0,0.0,0.0,0.0,0.0,0.0,8.16949626855683e-18,3,231,0.0,21.53,0.0,1.0,567.279923475184,1445.0192143463846,11210.616829610708,2545018854.519031,2259509895.6518,362.89907080586624,1179588764.9073367,25103923.827326432,1154484841.0800102,0.33816193353251617,,1667867158.4168177,0.0,0.6921923219447985
0.0,140437000.0,shutdown,0.0,0.0,0.0,0.0,0.0,0.0,8.16949626855683e-18,4,231,0.0,21.55,0.0,1.0,567.279923475184,1445.0192143427012,11210.616829527791,2545018854.5002074,2259509895.635088,362.89907080586624,1179588764.923977,25103923.827255547,1154484841.0967214,0.3381619335374111,,1667748647.9755535,0.0,0.692241509233497
0.0,140437000.0,shutdown,0.0,0.0,0.0,0.0,0.0,0.0,8.16949626855683e-18,5,231,0.0,21.41,0.0,1.0,567.279923475184,1445.0192141583987,11210.616829414721,2545018854.4745383,2259509895.6122985,362.89907080586624,1179588764.863999,25103923.74448673,1154484841.119512,0.33816193354408675,,1668578221.064401,0.0,0.6918973450241104
87845973.76928847,140437000.0,direct_plus_discharge,87845973.76928848,0.0,9.127152152359486e-09,0.0,6.467517879274156e-14,0.0,0.0,6,231,330.6154697332471,21.14,88814620.57440986,367.07807249972694,665.8950570934858,1445.0192143110737,11210.616829227087,2545018854.431942,2349405477.2435946,368.0196994447966,1178507803.8068228,26067307.281051923,1152440496.525771,0.3290041356333004,16.27749437075762,1670178112.0214648,49563308.50892078,0.6701242889005643
166879381.04048207,140437000.0,charging,140437000.0,26442381.040482074,0.0,187.37122959617565,0.0,0.0,0.02366794479109587,7,231,559.5751521404138,22.32,142274752.89121738,697.3314644239706,665.9911329793185,1445.0192141603281,11210.616829439947,2545018854.480265,2397783406.447462,371.49822168869366,1183590006.919387,26936413.36682971,1156653593.5525575,0.3252430348954926,10.226514241367614,1663185995.986891,79153910.65310694,0.6638507154342216
202291723.13673514,140437000.0,charging,140437000.0,61854723.13673514,0.0,438.3037787980452,0.0,0.0,0.07903263263927,8,231,679.03276446536,24.97,142664171.53203526,845.3074469491718,665.991565937239,1445.0192143395402,11210.616829589724,2545018854.5142674,2398136102.581238,371.52363162618155,1183626729.5106347,27325832.091872357,1156300897.4187622,0.3251082592148937,10.196384960675253,1647483362.5194163,78802938.15849079,0.6698198884881879
251160562.51322764,140437000.0,charging,140437000.0,110723562.51322764,0.0,784.589331104891,0.0,0.0,0.17813865341041413,9,231,873.1128439895463,27.52,143201567.13712165,1049.5134975387448,665.9921595559829,1445.0192143463898,11210.616829524683,2545018854.4995017,2398622828.193894,371.5586987813927,1183677399.5023007,27863227.69619524,1155814171.8061056,0.3249223160374122,10.155075719310489,1632373281.2582617,78551533.98984843,0.6755493645923273
206561891.32477695,140437000.0,charging,140437000.0,66124891.32477695,0.0,468.5622741563467,0.0,0.0,0.23732546698805795,10,231,773.7647192203569,29.58,142711129.25901407,863.1510092714788,665.9916179857283,1445.0192141652396,11210.616829435692,2545018854.479299,2398178632.404891,371.52669572779394,1183631157.3297167,27372789.734608684,1156258367.595108,0.3250920093237925,10.192762951521116,1620166705.8080738,77841033.30908707,0.6809499986120661
199386219.69024813,140437000.0,charging,140437000.0,58949219.69024813,0.0,417.71532450829216,0.0,0.0,0.2900895079785791,11,231,784.4662441043206,31.23,142632220.6037418,833.1663486265685,665.991530502898,1445.0192141571454,11210.616829329687,2545018854.455234,2398107164.443571,371.52154676161376,1183623716.6363842,27293881.079954665,1156329835.5564296,0.325119316205301,10.198850807810242,1610389594.403797,77444611.8745674,0.6850968129779229
195697253.3430488,140437000.0,charging,140437000.0,55260253.34304881,0.0,391.5752367697695,0.0,0.0,0.3395516431494974,12,231,778.127984674955,32.6,142591654.17475173,817.7514286462472,665.9914854909174,1445.019214342691,11210.616829613744,2545018854.51972,2398070423.363082,371.51889972651753,1183619891.370779,27253314.733862124,1156366576.6369169,0.3251333549297305,10.201983156308174,1602271629.1772158,77129258.31274801,0.6885589886553084
210240364.5438665,140437000.0,charging,140437000.0,69803364.54386649,0.0,494.62800738370674,0.0,0.0,0.40203097039796554,13,231,803.5068123389083,33.59,142751580.29829818,878.5220820829833,665.9916627947193,1445.0192143024726,11210.61682932043,2545018854.4531326,2398215269.145022,371.5293352640013,1183634971.6292698,27413240.774291623,1156221730.8549783,0.32507801142468545,10.189644735100195,1596405362.3346496,77003580.45554821,0.6909379418799596
223264567.91815847,140437000.0,charging,140437000.0,82827567.91815847,0.0,586.91776741007,0.0,0.0,0.47616795154450076,14,231,797.8568608766709,34.22,142894803.45936352,932.9457427852451,665.9918212442753,1445.0192143407899,11210.61682950262,2545018854.494493,2398344987.6750517,371.5386810331071,1183648476.3440804,27556464.01913184,1156092012.3249485,0.3250284521208097,10.17861839300489,1592672283.434835,76945681.65596704,0.6924290685037487
261655300.32425034,140437000.0,charging,140437000.0,121218300.32425034,0.0,858.955248641981,0.0,0.0,0.5846675618992774,15,231,866.8326431826747,34.45,143316974.5429066,1093.3673927346456,665.9922864577295,1445.019214205477,11210.616829729091,2545018854.545906,2398727355.149434,371.5662298022945,1183688279.9522083,27978635.101642977,1155709644.8505652,0.32488239117321466,10.14624482257211,1591309413.3602993,77123563.19895092,0.6926916820080743
222426184.49050012,140437000.0,charging,140437000.0,81989184.49050012,0.0,580.9769660324291,0.0,0.0,0.6580541260296895,16,231,715.4696574671034,34.18,142885584.01451612,929.4424271586371,665.9918110542401,1445.0192143463796,11210.616829524626,2545018854.499489,2398336637.5289927,371.53807943091454,1183647607.044581,27547244.57357373,1156100362.471007,0.3250316421947322,10.179327506271136,1592909304.3173628,76949298.00272784,0.6923342855884498
169798916.53403568,140437000.0,charging,140437000.0,29361916.534035683,0.0,208.05911524608473,0.0,0.0,0.6843352774291949,17,231,555.7840061602346,33.37,142306858.12561917,709.531197838991,665.9911687635879,1445.019214344473,11210.616829585593,2545018854.5133295,2397812483.9985824,371.5003165493048,1183593034.68689,26968518.685473777,1156624516.0014162,0.3252319223687645,10.224024027781267,1597708977.1885533,76810647.06677721,0.6907201917778506
90095892.42908737,140437000.0,direct_plus_discharge,140437000.0,0.0,50341107.57091263,0.0,356.71807354846595,0.0,0.6392761523493886,18,231,330.01602002496844,32.11,142062163.6485711,376.47970776521123,661.477021605999,1445.0192142042224,11210.616829730126,2545018854.546141,2397590866.4048862,371.4843504441446,1183569957.8024118,26723824.20730542,1156846133.5951064,0.32531662281408646,10.243031924653431,1605175134.9881825,76502976.16527073,0.6879117507223973
0.0,140437000.0,discharging,140437000.0,0.0,140437000.0,0.0,995.1393307022093,0.0,0.5135743421554254,19,231,0.0,30.35,142209441.51683733,1.0,654.15,1445.0192143476206,11210.616829523566,2545018854.499248,2397724254.425819,371.49396015347975,1183583847.6500757,26871102.07589329,1156712745.5741823,0.325265641576163,10.231583527769748,1615604053.8194113,76229825.98468089,0.683703500315365
0.0,140437000.0,discharging,140437000.0,0.0,140437000.0,0.0,995.1393307022093,0.0,0.3878725319614621,20,231,0.0,28.77,142209441.5168376,1.0,654.15,1445.019214162093,11210.616829411663,2545018854.473844,2397724254.4031687,371.4939601535723,1183583847.5899892,26871101.99315746,1156712745.5968318,0.32526564158253196,10.231583527909017,1624966378.6792643,76573311.29783033,0.6798035640369946
0.0,140437000.0,discharging,140437000.0,0.0,140437000.0,0.0,995.1393307022093,0.0,0.2621707217674988,21,231,0.0,28.03,142209441.5168375,1.0,654.15,1445.019214347631,11210.616829523628,2545018854.499262,2397724254.4258323,371.49396015347963,1183583847.650081,26871102.075912047,1156712745.574169,0.32526564157615917,10.231583527769649,1629351265.0060306,76734184.16601412,0.6779922694584355
0.0,140437000.0,discharging,140437000.0,0.0,140437000.0,0.0,995.1393307022093,0.0,0.13646891157353552,22,231,0.0,26.35,142209441.5168375,1.0,654.15,1445.0192143110726,11210.616829313061,2545018854.4514594,2397724254.3832145,371.49396015365403,1183583847.6096044,26871101.99281975,1156712745.6167846,0.32526564158814264,10.231583528031692,1639306142.072203,77099409.055945,0.673915756597564
0.0,140437000.0,discharging,140437000.0,0.0,140437000.0,0.0,995.1393307022093,0.0,0.010767101379572234,23,231,0.0,24.85,142209441.5168375,1.0,654.15,1445.0192141986302,11210.616829708117,2545018854.5411444,2397724254.4631667,371.49396015332707,1183583847.6131072,26871102.076275215,1156712745.536832,0.3252656415656601,10.2315835275401,1648194425.167,77425502.707669,0.670317215773857
0.0,140437000.0,shutdown,0.0,0.0,0.0,0.0,0.0,0.0,0.010767101379572234,0,232,0.0,23.87,0.0,1.0,567.279923475184,1445.0192142054827,11210.616829643131,2545018854.5263915,2259509895.6583185,362.89907080586624,1179588764.9003499,25103923.826877493,1154484841.0734723,0.33816193353060114,,1654001436.788934,0.0,0.6979950654183109
0.0,140437000.0,shutdown,0.0,0.0,0.0,0.0,0.0,0.0,0.010767101379572234,1,232,0.0,23.12,0.0,1.0,567.279923475184,1445.0192143110623,11210.616829313021,2545018854.4514503,2259509895.5918007,362.89907080586624,1179588764.8841684,25103923.744158912,1154484841.1400094,0.3381619335500906,,1658445578.3363326,0.0,0.6961246460062496
0.0,140437000.0,shutdown,0.0,0.0,0.0,0.0,0.0,0.0,0.010767101379572234,2,232,0.0,22.55,0.0,1.0,567.279923475184,1445.0192143005509,11210.616829209192,2545018854.4278793,2259509895.5708737,362.89907080586624,1179588764.9057457,25103923.74480872,1154484841.160937,0.3381619335562206,,1661823125.9123554,0.0,0.6947098178857721
0.0,140437000.0,shutdown,0.0,0.0,0.0,0.0,0.0,0.0,0.010767101379572234,3,232,0.0,21.93,0.0,1.0,567.279923475184,1445.0192143513198,11210.61682960657,2545018854.5180917,2259509895.6509657,362.89907080586624,1179588764.9081876,25103923.827343725,1154484841.080844,0.33816193353276036,,1665496949.5915382,0.0,0.6931773975112836
0.0,140437000.0,shutdown,0.0,0.0,0.0,0.0,0.0,0.0,0.010767101379572234,4,232,0.0,21.45,0.0,1.0,567.279923475184,1445.0192141652624,11210.616829435825,2545018854.4793296,2259509895.616552,362.89907080586624,1179588764.8590796,25103923.743821878,1154484841.1152577,0.3381619335428406,,1668341200.1818736,0.0,0.6919956427314761
0.0,140437000.0,shutdown,0.0,0.0,0.0,0.0,0.0,0.0,0.010767101379572234,5,232,0.0,21.07,0.0,1.0,567.279923475184,1445.0192143395475,11210.616829503728,2545018854.4947443,2259509895.630238,362.89907080586624,1179588764.9295425,25103923.827971566,1154484841.101571,0.3381619335388316,,1670592898.5658886,0.0,0.6910629406437871
75916806.08470178,140437000.0,direct_plus_discharge,87946063.37311912,0.0,12029257.288417341,0.0,85.23955258828019,0.0,0.0,6,232,293.76126970645504,20.69,88932491.80801466,317.23018884276394,664.3112739521071,1445.0192143463732,11210.616829610648,2545018854.519017,2349512051.9574213,368.027346129018,1178519100.4097884,26085088.99401452,1152434011.4157739,0.3289912135363342,16.255974262578814,1672844596.949904,49595626.06824853,0.6690705407450466
167512225.30558953,140437000.0,charging,140437000.0,27075225.305589527,0.0,191.85557644506704,0.0,0.0,0.024234388603587415,7,232,560.523021031659,23.68,142281712.08507353,699.9759026726518,665.9911407373559,1445.019214204237,11210.616829644196,2545018854.5266333,2397789709.387232,371.49867577410697,1183590663.2565389,26943372.64376296,1156647290.6127758,0.32524062609613263,10.225974362186141,1655127285.980942,78867234.00139612,0.6670420680594521
207979808.04282704,140437000.0,charging,140437000.0,67542808.04282704,0.0,478.60965977261475,0.0,0.0,0.08469034562749664,8,232,695.7974576250384,27.6,142726721.65331757,869.0759949423549,665.991635260957,1445.0192143395427,11210.616829589755,2545018854.514274,2398192754.561336,371.5277131709464,1183632627.6518276,27388382.213161953,1156244245.4386656,0.3250866135988076,10.191560783766676,1631899239.4932055,78273867.79665338,0.6760977824467057
208657408.63377246,140437000.0,charging,140437000.0,68220408.63377246,0.0,483.4111508223869,0.0,0.0,0.14575280678400868,9,232,734.8611297828256,29.84,142734173.0187309,871.9074544637893,665.9916435151922,1445.0192142091587,11210.61682972598,2545018854.5451994,2398199503.33775,371.5281993918725,1183633330.2397218,27395833.577472642,1156237496.662249,0.32508403507729894,10.190986378925961,1618626070.0716424,77797882.14474677,0.6815734328388945
204091640.1819064,140437000.0,charging,140437000.0,63654640.1819064,0.0,451.0580262089926,0.0,0.0,0.20272855746303933,10,232,767.0117938921255,31.58,142683964.66651696,852.8286804360487,665.9915878803491,1445.0192143427048,11210.616829527808,2545018854.5002112,2398154029.304929,371.52492317283406,1183628595.920658,27345625.225585025,1156282970.6950731,0.32510140967880147,10.19485795835045,1608315661.6816776,77397727.80696182,0.6859309405176115
196569812.45429802,140437000.0,charging,140437000.0,56132812.45429802,0.0,397.75820771023854,0.0,0.0,0.2529716994895958,11,232,777.2858159234362,32.92,142601249.43908876,821.3975526853675,665.9914961400063,1445.0192143042375,11210.616829292127,2545018854.4467072,2398079113.753918,371.51952583466675,1183620796.1618671,27262909.915784523,1156357886.2460825,0.3251300343068967,10.201242094668379,1600375462.1169925,77065931.54270749,0.6893581442647236
188578500.08612818,140437000.0,charging,140437000.0,48141500.086128175,0.0,341.1316118594811,0.0,0.0,0.29606200835605656,12,232,755.9468586437627,34.01,142513371.43338367,788.0046103001519,665.9913985570857,1445.0192141640093,11210.616829350825,2545018854.460033,2397999522.5225034,371.5137916619399,1183612509.386437,27175031.908941608,1156437477.4774954,0.3251604469608435,10.208032820842034,1593916643.068107,76785184.4563172,0.6921866358349867
207193539.80651796,140437000.0,charging,140437000.0,66756539.80651796,0.0,473.038147660899,0.0,0.0,0.35581419542901227,13,232,796.886204239428,34.73,142718075.30320904,865.7904507532684,665.991625681901,1445.0192141689379,11210.616829432696,2545018854.478619,2398184923.4774384,371.5271489746094,1183631812.3014028,27379735.778840758,1156252076.522562,0.3250896056539404,10.192227381773922,1589650267.1826038,76741208.13260116,0.6938658134360967
224516912.76192573,140437000.0,charging,140437000.0,84079912.76192573,0.0,595.7919074845156,0.0,0.0,0.43107212058495104,14,232,805.6588998581835,35.1,142908575.11065885,938.1788606121634,665.9918364633128,1445.0192143005452,11210.6168292952,2545018854.447405,2398357460.7704086,371.5395796844184,1183649774.8169289,27570235.58733741,1156079539.2295914,0.32502368695085865,10.177559317510445,1587457824.0192208,76764268.42997593,0.6946666220060906
232697990.78415674,140437000.0,charging,140437000.0,92260990.78415674,0.0,653.7631864741375,0.0,0.0,0.5136527336132631,15,232,778.4868831083304,35.08,142998539.91093045,972.3647683153157,665.99193581131,1445.0192143463742,11210.616829524588,2545018854.4994802,2398438943.064012,371.5454502494727,1183658257.4059658,27660200.469977688,1155998056.9359882,0.3249925587444675,10.170645807578468,1587576334.460485,76816897.78180727,0.6945462373567889
223254240.11238116,140437000.0,charging,140437000.0,82817240.11238116,0.0,586.844584376191,0.0,0.0,0.5877804705870978,16,232,718.5157659297184,34.61,142894689.8876617,932.9025864415311,665.9918211187554,1445.0192143073916,11210.616829316179,2545018854.4521675,2398344884.774191,371.5386736222938,1183648465.5894487,27556350.363635417,1156092115.2258134,0.3250284914289454,10.178627128043022,1590361329.8301876,76861942.38942325,0.6934236910492995
184383942.35829353,140437000.0,charging,140437000.0,43946942.35829354,0.0,311.40889370209277,0.0,-7.450580596923828e-09,0.6271163308442042,17,232,599.0854187556287,33.87,142467245.1713974,770.4769980527631,665.9913472887133,1445.0192141584105,11210.616829328736,2545018854.455018,2397957745.978387,371.51078187327175,1183608159.669256,27128905.64763945,1156479254.0216165,0.3251764108306534,10.211600554722661,1594746216.1569543,76790275.35701239,0.691865992691643
91064597.98942238,140437000.0,direct_plus_discharge,140437000.0,0.0,49372402.01057762,0.0,349.8538069879492,0.0,0.5829242710141475,18,232,332.4509218993097,32.29,142060608.42107734,380.5275947047019,661.5627633774935,1445.0192143073932,11210.616829316215,2545018854.4521756,2397589457.7706623,371.48424896844244,1183569811.1264026,26722268.89704494,1156847542.2293577,0.32531716121199866,10.243152944771188,1604108541.0168068,76471983.06585222,0.6883618640414867
0.0,140437000.0,discharging,140437000.0,0.0,140437000.0,0.0,995.1393307022093,0.0,0.45722246082018414,19,232,0.0,29.7,142209441.51683667,1.0,654.15,1445.0192143426866,11210.616829613726,2545018854.519716,2397724254.4440637,371.49396015340494,1183583847.6318774,26871102.075940304,1156712745.555937,0.3252656415710325,10.231583527657625,1619455643.16049,76371133.23376097,0.6820936912055343
0.0,140437000.0,discharging,140437000.0,0.0,140437000.0,0.0,995.1393307022093,0.0,0.3315206506262209,20,232,0.0,27.83,142209441.5168376,1.0,654.15,1445.0192141973878,11210.616829623166,2545018854.521859,2397724254.445976,371.4939601533973,1183583847.6302388,26871102.07621498,1156712745.5540237,0.32526564157049437,10.231583527645789,1630536369.4186702,76777663.31957738,0.6775043860553579
0.0,140437000.0,discharging,140437000.0,0.0,140437000.0,0.0,995.1393307022093,0.0,0.20581884043225757,21,232,0.0,26.63,142209441.5168375,1.0,654.15,1445.019214351299,11210.61682960646,2545018854.518067,2397724254.4425898,371.4939601534111,1183583847.6333704,26871102.075959317,1156712745.5574112,0.32526564157144694,10.231583527666663,1637646995.894508,77038538.24095653,0.6745917677206158
0.0,140437000.0,discharging,140437000.0,0.0,140437000.0,0.0,995.1393307022093,0.0,0.08011703023829429,22,232,0.0,25.75,142209441.5168375,1.0,654.15,1445.0192141689301,11210.616829346567,2545018854.4590664,2397724254.3899956,371.49396015362623,1183583847.602382,26871101.99237863,1156712745.6100032,0.3252656415862357,10.231583527989997,1642861455.3101223,77229846.5166346,0.6724717137872628
0.0,140437000.0,discharging,89508618.51721904,0.0,89508618.51721904,0.0,634.2598227198298,0.0,0.0,23,232,0.0,24.92,90639252.29916629,1.0,654.1499999999567,1445.0192143444572,11210.616829585475,2545018854.5133023,2351055285.2058825,368.1380812379399,1178682627.653104,26229294.341799922,1152453333.311304,0.32883650793879976,15.951887404126325,1647779638.6225762,49338569.07236161,0.6790648571713757
0.0,140437000.0,shutdown,0.0,0.0,0.0,0.0,0.0,0.0,0.0,0,233,0.0,24.49,0.0,1.0,567.2799234752324,1445.0192143427046,11210.616829613802,2545018854.5197334,2259509895.6523757,362.89907080586624,1179588764.9067008,25103923.8273172,1154484841.0793836,0.33816193353233265,,1650327613.1097515,0.0,0.6995488846629431
0.0,140437000.0,shutdown,0.0,0.0,0.0,0.0,0.0,0.0,0.0,1,233,0.0,24.36,0.0,1.0,567.279923475184,1445.0192141639907,11210.616829350696,2545018854.4600034,2259509895.5993943,362.89907080586624,1179588764.8761272,25103923.74370933,1154484841.132418,0.338161933547867,,1651097930.9779673,0.0,0.699222510955847
0.0,140437000.0,shutdown,0.0,0.0,0.0,0.0,0.0,0.0,0.0,2,233,0.0,23.87,0.0,1.0,567.279923475184,1445.0192142023136,11210.616829705014,2545018854.54044,2259509895.6708074,362.89907080586624,1179588764.8886387,25103923.827634867,1154484841.061004,0.338161933526949,,1654001436.788934,0.0,0.6979950654107726
0.0,140437000.0,shutdown,0.0,0.0,0.0,0.0,0.0,0.0,0.0,3,233,0.0,23.41,0.0,1.0,567.279923475184,1445.0192143073928,11210.616829230175,2545018854.432643,2259509895.5751033,362.89907080586624,1179588764.9008174,25103923.74410855,1154484841.156709,0.33816193355498214,,1656727176.938005,0.0,0.69684668497468
0.0,140437000.0,shutdown,0.0,0.0,0.0,0.0,0.0,0.0,0.0,4,233,0.0,23.02,0.0,1.0,567.279923475184,1445.019214311066,11210.61682931303,2545018854.4514527,2259509895.5918026,362.89907080586624,1179588764.8841708,25103923.744161565,1154484841.1400092,0.33816193355009055,,1659038130.5426528,0.0,0.6958760138697898
0.0,140437000.0,shutdown,0.0,0.0,0.0,0.0,0.0,0.0,0.0,5,233,0.0,22.76,0.0,1.0,567.279923475184,1445.0192143042423,11210.616829292167,2545018854.4467163,2259509895.587598,362.89907080586624,1179588764.88911,25103923.74489727,1154484841.1442127,0.33816193355132185,,1660578766.279084,0.0,0.6952304007422103
51552259.130136415,140437000.0,direct_partial,51552259.130136415,0.0,0.0,0.0,0.0,0.0,0.0,6,233,218.7100803875962,22.6,52121795.11150612,215.41913763966696,665.7155296244399,1445.0192141689347,11210.61682934661,2545018854.459076,2316249522.411471,365.6448163509108,1174970933.175633,25668196.456921827,1149302736.7187111,0.3315817517836928,27.608505289423935,1661526849.8091955,28966227.578142066,0.6798624330925757
161652248.81744415,140437000.0,charging,140437000.0,21215248.817444146,0.0,150.33166835571967,0.0,0.0,0.0189892633712488,7,233,542.5260267034276,23.56,142217271.72488654,675.4890789530256,665.9910688709191,1445.0192143073916,11210.616829316194,2545018854.452171,2397731346.1403146,371.49447106945576,1183584586.0605905,26878932.200882565,1156705653.8597078,0.32526293122092237,10.230975523588743,1655838348.6285257,78857132.72928439,0.6668061722016545
202992852.00994503,140437000.0,charging,140437000.0,62555852.009945035,0.0,443.2719917164505,0.0,0.0,0.07498151495648464,8,233,680.9709721615098,26.86,142671881.63073802,848.2372230596595,665.991574485549,1445.019214299292,11210.616829210174,2545018854.4281025,2398143085.576262,371.5241347275055,1183627456.5310726,27333542.10733441,1156293914.4237382,0.32510559109927684,10.195790091445959,1636284125.8199723,78402312.99377553,0.6743471507383496
204241688.26779673,140437000.0,charging,140437000.0,63804688.267796725,0.0,452.1212698824266,0.0,0.0,0.132091570099528,9,233,722.2622662162811,29.0,142685614.6991904,853.4556797143058,665.9915897093376,1445.0192142054725,11210.6168297291,2545018854.545908,2398155523.7886114,371.525030841127,1183628751.4693153,27347275.257928163,1156281476.2113872,0.3251008386663887,10.194730680365137,1623603508.6047287,77951376.08789477,0.6795440374056833
204168295.11429292,140437000.0,charging,140437000.0,63731295.11429292,0.0,451.6012045602116,0.0,0.0,0.18913593278081786,10,233,770.3347972935937,30.65,142684807.6172429,853.148995000515,665.9915888147281,1445.0192143073928,11210.616829316232,2545018854.4521794,2398154792.726834,371.52497817749816,1183628675.3664012,27346468.09323456,1156282207.2731667,0.3251011179840262,10.194792935981528,1613826397.2004519,77597432.21770576,0.6836147080125522
200643025.94081917,140437000.0,charging,140437000.0,60206025.940819174,0.0,426.6210781986702,0.0,0.0,0.24302491107959726,11,233,796.4030261287461,31.88,142646041.31575617,838.4181091361266,665.9915458323419,1445.0192142023275,11210.616829619044,2545018854.5209236,2398119681.9734435,371.52244859089484,1183625019.901711,27307701.875154,1156317318.026557,0.325114533353672,10.197784043809627,1606538005.0627182,77312896.69127661,0.6867100387701021
192584016.73456287,140437000.0,charging,140437000.0,52147016.734562874,0.0,369.5147812282362,0.0,0.0,0.2897004623926376,12,233,775.5953178024838,32.81,142557418.86873168,804.7422849775884,665.9914474839679,1445.019214351308,11210.616829606519,2545018854.51808,2398039416.376538,371.51666581732457,1183616663.0513313,27219079.42786953,1156397583.6234617,0.3251452029112153,10.204628032202969,1601027269.5439441,77065785.24211952,0.6891140990812862
206718204.16459745,140437000.0,charging,140437000.0,66281204.16459745,0.0,469.66990999874673,0.0,0.0,0.3490271878661635,13,233,800.3672827115373,33.37,142712848.1832657,863.8041867989881,665.991619890355,1445.0192143073953,11210.616829230159,2545018854.432639,2398180189.202991,371.5268078920568,1183631319.4561894,27374508.65918155,1156256810.7970078,0.32509141450303264,10.192630410502991,1597708977.1885533,77029826.17716835,0.6904102350009919
223985180.33370307,140437000.0,charging,140437000.0,83548180.33370307,0.0,592.0240410908006,0.0,0.0,0.42380917200394885,14,233,808.6004068130735,33.51,142902727.81259215,935.9569339095214,665.9918300018276,1445.0192141973853,11210.616829709188,2545018854.5413876,2398352164.8908343,371.5391981261202,1183649223.4811964,27564388.372031353,1156084835.109165,0.3250257101689505,10.178008964478652,1596879404.0997057,77102295.22937375,0.6906197574158164
227217305.11096925,140437000.0,charging,140437000.0,86780305.11096925,0.0,614.9269405232485,0.0,0.0,0.5014841539647802,15,233,764.7989504338382,33.2,142938270.4952608,949.4628702935091,665.9918692696874,1445.0192141652376,11210.616829435674,2545018854.479295,2398384356.2559934,371.54151742197337,1183652574.714856,27599930.970850147,1156052643.7440057,0.32501341204975126,10.175276359337797,1598716315.939297,77188009.58856027,0.689808258224935
218079444.26086086,140437000.0,charging,140437000.0,77642444.26086086,0.0,550.1758796886623,0.0,0.0,0.5709800545570323,16,233,704.5092832644384,32.25,142837784.24833223,911.2788966439258,665.991758201226,1445.0192143476227,11210.616829523562,2545018854.499247,2398293344.803484,371.5349603316533,1183643100.0039039,27499444.807388477,1156143655.1965153,0.32504818193187396,10.183005490790878,1604345561.8993351,77337485.22472134,0.6874920081841245
170799938.95688468,140437000.0,charging,140437000.0,30362938.956884682,0.0,215.15237972689718,0.0,0.0,0.5981571972593772,17,233,559.7097084376079,31.37,142317866.0615043,713.7141258178358,665.9911810292452,1445.0192143358543,11210.616829592796,2545018854.5149646,2397822453.8293266,371.5010348166302,1183594072.791997,26979526.621323444,1156614546.1706736,0.32522811225858816,10.223170465763314,1609560021.3149493,77243976.48526052,0.685684020004123
80538193.91942361,140437000.0,direct_plus_discharge,140437000.0,0.0,59898806.08057639,0.0,424.4441122559312,0.0,0.5445432041323123,18,233,301.19857476258244,29.84,142077508.24486336,336.5413771175811,660.6393536398986,1445.0192143426866,11210.616829527638,2545018854.5001726,2397604763.7800646,371.4853516548916,1183571405.0238242,26739168.80389241,1156832236.2199318,0.32531131099864513,10.241838031320308,1618626070.0716424,76916291.3328963,0.6822785809147495
0.0,140437000.0,discharging,140437000.0,0.0,140437000.0,0.0,995.1393307022093,0.0,0.41884139393834896,19,233,0.0,27.6,142209441.51683563,1.0,654.1499999999985,1445.01921416032,11210.61682943989,2545018854.4802523,2397724254.4088798,371.4939601535488,1183583847.5835507,26871101.99243429,1156712745.5911164,0.32526564158092497,10.231583527874008,1631899239.4932055,76827664.34617384,0.6769441875071265
0.0,140437000.0,discharging,140437000.0,0.0,140437000.0,0.0,995.1393307022093,0.0,0.29313958374438565,20,233,0.0,26.29,142209441.5168376,1.0,654.15,1445.0192143005504,11210.61682929523,2545018854.4474115,2397724254.379604,371.4939601536687,1183583847.613921,26871101.993523717,1156712745.620397,0.32526564158915844,10.231583528053916,1639661673.395995,77112452.802014,0.6737710732990068
0.0,140437000.0,discharging,140437000.0,0.0,140437000.0,0.0,995.1393307022093,0.0,0.16743777355042236,21,233,0.0,25.25,142209441.5168375,1.0,654.15,1445.0192143463782,11210.61682952464,2545018854.499492,2397724254.4260364,371.49396015347884,1183583847.6498623,26871102.075898677,1156712745.5739636,0.32526564157610144,10.23158352776839,1645824216.341721,77338544.4005426,0.6712730636516901
0.0,140437000.0,discharging,140437000.0,0.0,140437000.0,0.0,995.1393307022093,0.0,0.041735963356459085,22,233,0.0,23.94,142209441.5168375,1.0,654.15,1445.0192141640034,11210.616829436824,2545018854.479556,2397724254.40826,371.4939601535515,1183583847.5841928,26871101.992452133,1156712745.5917406,0.32526564158110033,10.231583527877726,1653586650.2445104,77623332.85638157,0.6681527699602743
0.0,140437000.0,discharging,46628393.63129973,0.0,46628393.63129973,0.0,330.4097099053011,0.0,0.0,23,233,0.0,22.64,47218643.85497624,1.0,654.15,1445.0192143444553,11210.61682949944,2545018854.493771,2311822107.603802,365.32834094598087,1174495196.8108768,25688910.783430193,1148806286.0274467,0.3319080370917999,30.454764294831207,1661289828.9266677,25867573.510462873,0.6809123347756258
0.0,140437000.0,shutdown,0.0,0.0,0.0,0.0,0.0,0.0,0.0,0,234,0.0,21.96,0.0,1.0,567.279923475184,1445.0192141652467,11210.616829435707,2545018854.4793024,2259509895.616528,362.89907080586624,1179588764.8590696,25103923.74378722,1154484841.1152823,0.3381619335428478,,1665319183.9296424,0.0,0.6932513912384365
0.0,140437000.0,shutdown,0.0,0.0,0.0,0.0,0.0,0.0,0.0,1,234,0.0,21.31,0.0,1.0,567.279923475184,1445.0192143476163,11210.616829609557,2545018854.5187697,2259509895.651568,362.89907080586624,1179588764.9075444,25103923.82730117,1154484841.080243,0.3381619335325844,,1669170773.2707212,0.0,0.6916517228599942
0.0,140437000.0,shutdown,0.0,0.0,0.0,0.0,0.0,0.0,0.0,2,234,0.0,20.76,0.0,1.0,567.279923475184,1445.0192142956223,11210.61682921333,2545018854.4288187,2259509895.571708,362.89907080586624,1179588764.9048963,25103923.744794946,1154484841.1601014,0.3381619335559758,,1672429810.4054801,0.0,0.6903039122940513
0.0,140437000.0,shutdown,0.0,0.0,0.0,0.0,0.0,0.0,0.0,3,234,0.0,20.26,0.0,1.0,567.279923475184,1445.0192142091737,11210.616829726132,2545018854.545234,2259509895.6750636,362.89907080586624,1179588764.8837192,25103923.826972228,1154484841.056747,0.3381619335257021,,1675392571.4370792,0.0,0.689083180108934
0.0,140437000.0,shutdown,0.0,0.0,0.0,0.0,0.0,0.0,0.0,4,234,0.0,19.81,0.0,1.0,567.279923475184,1445.0192142054746,11210.616829643064,2545018854.5263762,2259509895.6583214,362.89907080586624,1179588764.9003494,25103923.826859616,1154484841.0734897,0.33816193353060625,,1678059056.365518,0.0,0.6879882067881272
0.0,140437000.0,shutdown,0.0,0.0,0.0,0.0,0.0,0.0,0.0,5,234,0.0,19.37,0.0,1.0,567.279923475184,1445.01921434078,11210.616829588615,2545018854.514015,2259509895.647347,362.89907080586624,1179588764.9124773,25103923.82801348,1154484841.0844638,0.3381619335338207,,1680666286.0733252,0.0,0.6869209257370057
56156412.62495826,140437000.0,direct_partial,56156412.62495826,0.0,0.0,0.0,0.0,0.0,0.0,6,234,233.3575153334577,18.96,56776579.06706387,234.65830954310312,665.7511588449437,1445.0192143110783,11210.616829313121,2545018854.451473,2320453356.5441136,365.945458593592,1175421882.9989967,25718826.918104373,1149703056.0808923,0.33125239550565644,25.36003663600471,1683095750.1192365,31864858.988266762,0.6703961886793532
157451987.5141191,140437000.0,charging,140437000.0,17014987.51411909,0.0,120.56853455077307,0.0,0.0,0.015229709627466071,7,234,530.4302320195299,20.93,142171082.74244457,657.9376334278871,665.9910173191205,1445.0192143073846,11210.61682923009,2545018854.4326234,2397689513.157703,371.49145727514417,1183580230.0606496,26832743.218340673,1156747486.842309,0.3252789193567846,10.234562999340605,1671422471.654736,79392950.71718287,0.6606907113459192
204259581.57413572,140437000.0,charging,140437000.0,63822581.57413572,0.0,452.2480622013613,0.0,0.0,0.07235578064237487,8,234,685.8668827606504,24.91,142685811.46638092,853.5304496795015,665.9915899274415,1445.0192141534758,11210.616829418896,2545018854.475486,2398155701.938878,371.5250436809015,1183628770.0037956,27347471.94267349,1156281298.0611222,0.32510077059193504,10.194715503014992,1647838893.8432083,78827748.37837264,0.6696609929137312
208475515.58344233,140437000.0,charging,140437000.0,68038515.58344233,0.0,482.1222531076471,0.0,0.0,0.13325543366649872,9,234,738.1251059107104,27.27,142732172.79676792,871.147386045723,665.9916412995348,1445.019214302473,11210.616829234401,2545018854.4336023,2398197691.624406,371.5280688725431,1183633141.6482897,27393833.272696108,1156239308.3755937,0.3250847272726772,10.191140565099204,1633854661.7740612,78347581.9212203,0.6752936533246174
203092862.4724939,140437000.0,charging,140437000.0,62655862.47249389,0.0,443.98066781152573,0.0,0.0,0.18933720223216513,10,234,769.8863707127,29.23,142672981.41505262,848.6551323416337,665.9915757048224,1445.0192143024697,11210.61682932043,2545018854.4531326,2398144081.6784225,371.5242064908058,1183627560.212624,27334641.891045116,1156292918.321579,0.32510521050533525,10.19570524311108,1622240638.530193,77895200.89338945,0.6801179596999796
194966695.24937806,140437000.0,charging,140437000.0,54529695.249378055,0.0,386.3984878191753,0.0,0.0,0.238145432272482,11,234,780.1483849493192,30.82,142583620.45196012,814.6986779581241,665.99147657377,1445.0192141986217,11210.616829708066,2545018854.541133,2398063147.220453,371.5183755123398,1183619133.7909284,27245281.011381105,1156373852.7795472,0.32513613517474355,10.202603693844512,1612819058.4497082,77505996.13797757,0.6841133009541865
190886757.06201142,140437000.0,charging,140437000.0,50449757.06201142,0.0,357.4879659689334,0.0,0.0,0.2833018069211894,12,234,774.3886771357901,31.87,142538754.62582654,797.6500212983449,665.9914267558405,1445.0192143513113,11210.616829520519,2545018854.498556,2398022512.1307573,371.5154479484325,1183614903.0541506,27200415.184904773,1156414487.8692458,0.3251516622348486,10.206070488228056,1606597260.2833505,77256876.82785784,0.6867664261306926
204970708.81811562,140437000.0,charging,140437000.0,64533708.81811562,0.0,457.28712377073595,0.0,0.0,0.3410643909764402,13,234,799.5025129027582,32.37,142693631.51409385,856.5020055382568,665.9915985950224,1445.0192142054748,11210.616829729071,2545018854.5459013,2398162784.659538,371.52555395714523,1183629507.4132857,27355292.07282357,1156274215.3404622,0.32509806442008143,10.1941123332471,1603634499.2517514,77233709.20853372,0.687902959625631
218012922.9707142,140437000.0,charging,140437000.0,77575922.97071421,0.0,549.7045085246957,0.0,0.0,0.41050074994798075,14,234,792.9984383754448,32.42,142837052.73415208,911.0009270806154,665.9917573921039,1445.0192143042395,11210.616829206143,2545018854.4271874,2398292682.200044,371.5349125982118,1183643031.0107534,27498713.21079607,1156144317.7999573,0.3250484350727356,10.18306179714243,1603338223.1485915,77300628.71760415,0.6879195470913723
221812576.2983037,140437000.0,charging,140437000.0,81375576.2983037,0.0,576.6289263726832,0.0,0.0,0.48333808801610917,15,234,751.1346837734047,32.06,142878836.35384008,926.8783698342494,665.9918035953771,1445.019214351319,11210.61682960656,2545018854.5180893,2398330526.1181054,371.53763912188504,1183646970.7948859,27540496.912991058,1156106473.8818948,0.3250339769985026,10.179846560244277,1605471411.0913424,77400478.4999804,0.6869842446311523
219339826.45090282,140437000.0,charging,140437000.0,78902826.45090282,0.0,559.1069725561213,0.0,0.0,0.5539621266547772,16,234,709.43923060597,31.17,142851644.2838535,916.54559977307,665.9917735301382,1445.0192142054843,11210.616829729184,2545018854.545927,2398305898.0110664,371.53586474501304,1183644406.8315482,27513304.84261458,1156131101.9889336,0.3250433860087837,10.181938767678377,1610745125.727589,77576645.22788538,0.6847812554917435
176671478.76318336,140437000.0,charging,140437000.0,36234478.763183355,0.0,256.75822571500174,0.0,0.0,0.58639474463983,17,234,577.805123496345,29.96,142382433.57993183,738.2492686618559,665.9912529358555,1445.0192141937184,11210.61682962636,2545018854.5225844,2397880932.363748,371.50524785983276,1183600161.7755787,27044094.139327295,1156556067.6362514,0.325205764350837,10.218166517788184,1617915007.4240587,77580472.21457765,0.6821345627431281
92935775.54861636,140437000.0,direct_plus_discharge,140437000.0,0.0,47501224.451383635,0.0,336.59460617989083,0.0,0.5438775312276333,18,234,338.58818241850145,28.33,142057604.3020018,388.34660133940105,661.7288280077327,1445.019214346377,11210.616829610664,2545018854.519021,2397586737.036666,371.48405295439704,1183569527.8244605,26719264.86112621,1156850262.9633343,0.3253182011348227,10.243386716608269,1627573608.3870711,77336944.2184622,0.6785401505054769
0.0,140437000.0,discharging,140437000.0,0.0,140437000.0,0.0,995.1393307022093,0.0,0.41817572103366996,19,234,0.0,26.87,142209441.51680708,1.0,654.15,1445.0192143110783,11210.61682922708,2545018854.43194,2397724254.365786,371.49396015372326,1183583847.6269515,26871101.99276808,1156712745.6341834,0.32526564159303795,10.231583528140838,1636224870.59934,76986363.2566642,0.6751722862747731
0.0,140437000.0,discharging,140437000.0,0.0,140437000.0,0.0,995.1393307022093,0.0,0.29247391083970664,20,234,0.0,25.54,142209441.5168375,1.0,654.15,1445.0192142956244,11210.616829299395,2545018854.448357,2397724254.3804507,371.4939601536653,1183583847.6130662,26871101.99351657,1156712745.6195495,0.32526564158892013,10.231583528048679,1644105814.9433935,77275499.62787595,0.6719677597451106
0.0,140437000.0,discharging,140437000.0,0.0,140437000.0,0.0,995.1393307022093,0.0,0.16677210064574338,21,234,0.0,24.43,142209441.5168375,1.0,654.15,1445.0192141640066,11210.616829436809,2545018854.4795527,2397724254.4082565,371.4939601535515,1183583847.5841923,26871101.992448818,1156712745.5917435,0.3252656415811011,10.231583527877746,1650683144.4335434,77516808.93015173,0.6693165008715379
0.0,140437000.0,discharging,140437000.0,0.0,140437000.0,0.0,995.1393307022093,0.0,0.041070290451780095,22,234,0.0,23.17,142209441.5168375,1.0,654.15,1445.019214311081,11210.6168292271,2545018854.431945,2397724254.3658147,371.4939601537252,1183583847.62696,26871101.99277354,1156712745.6341865,0.325265641593036,10.231583528138719,1658149302.2331727,77790727.59759988,0.666332203738022
0.0,140437000.0,discharging,45884688.30541658,0.0,45884688.30541658,0.0,325.13979940992573,0.0,0.0,23,234,0.0,21.69,46465566.23378919,1.0,654.15,1445.019214300549,11210.616829295239,2545018854.4474134,2311142164.7335234,365.27975248816125,1174422061.976956,25679538.405060988,1148742523.571895,0.3319618420079045,30.94540512940816,1666919074.8867059,25522498.820550017,0.6787487033041855
0.0,140437000.0,shutdown,0.0,0.0,0.0,0.0,0.0,0.0,0.0,0,235,0.0,20.98,0.0,1.0,567.279923475184,1445.0192141603143,11210.616829353843,2545018854.4607177,2259509896.3545055,362.89907080586624,1179588764.1210175,25103923.7437151,1154484840.3773024,0.3381619333266849,,1671126195.5515761,0.0,0.690842405229756
0.0,140437000.0,shutdown,0.0,0.0,0.0,0.0,0.0,0.0,0.0,1,235,0.0,20.37,0.0,1.0,567.279923475184,1445.019214307386,11210.616829316186,2545018854.452169,2259509895.5924387,362.89907080586624,1179588764.8835387,25103923.744167123,1154484841.1393716,0.3381619335499038,,1674740764.010127,0.0,0.6893513706413792
0.0,140437000.0,shutdown,0.0,0.0,0.0,0.0,0.0,0.0,0.0,2,235,0.0,19.77,0.0,1.0,567.279923475184,1445.0192142023222,11210.616829705037,2545018854.5404453,2259509895.670812,362.89907080586624,1179588764.8886428,25103923.827643033,1154484841.0609999,0.33816193352694784,,1678296077.248046,0.0,0.6878910442036213
0.0,140437000.0,shutdown,0.0,0.0,0.0,0.0,0.0,0.0,0.0,3,235,0.0,19.21,0.0,1.0,567.279923475184,1445.0192143110683,11210.616829227025,2545018854.4319277,2259509895.574468,362.89907080586624,1179588764.9014456,25103923.74410321,1154484841.1573424,0.33816193355516766,,1681614369.603437,0.0,0.686533644113422
0.0,140437000.0,shutdown,0.0,0.0,0.0,0.0,0.0,0.0,0.0,4,235,0.0,18.69,0.0,1.0,567.279923475184,1445.0192143513107,11210.616829606499,2545018854.5180755,2259509895.6509514,362.89907080586624,1179588764.9081821,25103923.82732386,1154484841.0808582,0.3381619335327646,,1684695641.0763,0.0,0.6852779890516566
0.0,140437000.0,shutdown,0.0,0.0,0.0,0.0,0.0,0.0,0.0,5,235,0.0,18.25,0.0,1.0,567.279923475184,1445.0192141583952,11210.616829328665,2545018854.455002,2259509895.594954,362.89907080586624,1179588764.881271,25103923.74441403,1154484841.1368568,0.3381619335491672,,1687302870.784107,0.0,0.6842190937542564
67473864.344128,140437000.0,direct_partial,67473864.344128,0.0,0.0,0.0,0.0,0.0,0.0,6,235,267.4255478091548,17.87,68218485.32397704,281.95004283975135,665.818069100267,1445.019214205481,11210.616829729159,2545018854.5459213,2330789610.3148084,366.6852646929102,1176527535.5679796,25843281.53860202,1150684254.0293775,0.3304457370722161,21.137129751405386,1689554569.168122,38401115.50430323,0.6659223174739674
166364956.6126721,140437000.0,charging,140437000.0,25927956.61267209,0.0,183.72600803214556,0.0,0.0,0.023207495751428914,7,235,557.2604284314634,19.82,142269095.92397273,695.1818618946254,665.9911266724315,1445.0192143024506,11210.616829320288,2545018854.4531,2397778282.944286,371.497852573381,1183589473.4556396,26930756.39986309,1156658717.0557766,0.32524499295665904,10.226953135475684,1677999801.144886,79684813.09561168,0.6580581679356472
201115181.93058202,140437000.0,charging,140437000.0,60678181.93058202,0.0,429.96678478339953,0.0,0.0,0.0775190896188057,8,235,676.9170913705867,23.79,142651233.47004205,840.3910864190302,665.9915515905292,1445.0192143005513,11210.616829209192,2545018854.4278793,2398124384.4457054,371.5227873901579,1183625509.5009556,27312893.94666147,1156312615.554294,0.3251127365744375,10.197383336782117,1654475478.5539901,79048538.86313248,0.6670300520422849
203581923.17133138,140437000.0,charging,140437000.0,63144923.17133138,0.0,447.44616149562535,0.0,-7.450580596923828e-09,0.13403860475509521,9,235,723.9529873996906,26.43,142678359.46522784,850.6987485822153,665.9915816669148,1445.019214311084,11210.616829313145,2545018854.4514785,2398148952.6028614,371.52455742075256,1183628067.3383725,27340019.94123326,1156288047.3971393,0.3251033493990149,10.195290346171177,1638832100.3071475,78497994.26960517,0.6733056452272294
202118789.30775934,140437000.0,charging,140437000.0,61681789.307759345,0.0,437.0783663011765,0.0,0.0,0.18924850365629647,10,235,769.4449120443181,28.66,142662269.8318752,844.5848160318216,665.9915638286517,1445.0192142005685,11210.616829647364,2545018854.5273523,2398134380.2145796,371.5235075360463,1183626550.1759965,27323930.39057529,1156302619.7854214,0.3251089173108585,10.196531695430163,1625618186.1062157,78011451.41845149,0.6787288705927311
189389009.51567882,140437000.0,charging,140437000.0,48952009.51567882,0.0,346.87489754096714,0.0,0.0,0.23306428018778708,11,235,763.8247392109937,30.45,142522284.35644203,791.391450087752,665.9914084597932,1445.0192143395257,11210.616829589604,2545018854.5142403,2398007595.0090017,371.5143732412076,1183613349.9072423,27183944.91624633,1156429404.990996,0.3251573623136326,10.207343697684221,1615011501.6130915,77551828.31004389,0.6832414389147335
193124853.36994016,140437000.0,charging,140437000.0,52687853.36994016,0.0,373.34716021204093,0.0,0.0,0.2802239214777291,12,235,787.7094514294117,31.69,142563366.28296667,807.002255026679,665.9914540879064,1445.0192143110712,11210.61682931309,2545018854.451466,2398044802.8997717,371.5170538954513,1183617223.8591843,27225026.75895478,1156392197.1002295,0.32514314466124566,10.204168469197375,1607663854.2547262,77308750.31012678,0.6862973284950646
203363318.6293969,140437000.0,charging,140437000.0,62926318.629396886,0.0,445.8971254328416,0.0,0.0,0.3365477689008249,13,235,798.5843709685672,32.38,142675955.53827605,849.7852754832235,665.9915790019832,1445.0192141603052,11210.61682935378,2545018854.4607034,2398146775.362783,371.5244005590241,1183627840.650999,27337616.013782546,1156290224.6372166,0.32510418128947055,10.195475796449783,1603575244.0311193,77221997.75560613,0.6879415291091588
225734313.8056222,140437000.0,charging,140437000.0,85297313.80562219,0.0,604.4184351077222,0.0,0.0,0.41289536070390553,14,235,823.435808745144,32.59,142921962.49572572,943.2659603323269,665.991851254891,1445.0192143395386,11210.616829589728,2545018854.514268,2398369585.938217,371.54045326167295,1183651037.1173458,27583623.05556372,1156067414.0617821,0.3250190547477246,10.176529988032227,1602330884.3978474,77310107.43907984,0.6882824482614331
230419039.76314706,140437000.0,charging,140437000.0,89982039.76314706,0.0,637.6144949345097,0.0,0.0,0.4934361390114225,15,235,781.2401627605892,32.34,142973478.98706728,962.8418168103261,665.9919081491117,1445.0192141652485,11210.61682934968,2545018854.4597726,2398416245.0131717,371.5438149183351,1183655894.4494305,27635139.462601963,1156020754.9868286,0.3250012297859564,10.17257078639374,1603812264.913647,77391648.9958534,0.6876148368573555
219694774.88891557,140437000.0,charging,140437000.0,79257774.88891557,0.0,561.6221441351055,0.0,0.0,0.5643778835337516,16,235,710.8431502906145,31.74,142855547.54272097,918.0288070604621,665.9917778465257,1445.0192143463785,11210.616829610675,2545018854.5190234,2398309433.2067146,371.5361194459869,1183644774.895133,27517208.101847757,1156127566.7932854,0.32504203539893667,10.18163839500859,1607367578.1515658,77456500.07829829,0.686200762282525
178063659.17146933,140437000.0,charging,140437000.0,37626659.17146933,0.0,266.62324333655755,0.0,0.0,0.5980566090078431,17,235,581.8526358046223,30.68,142397742.9599471,744.0667111571449,665.9912699758336,1445.0192143407835,11210.616829588605,2545018854.5140133,2397894798.013664,371.5062468037935,1183601605.506105,27059403.519769233,1156542201.9863358,0.3252004656328905,10.2169807144237,1613648631.5385559,77434870.03056073,0.6839060288348905
87019822.4389763,140437000.0,direct_plus_discharge,140437000.0,0.0,53417177.5610237,0.0,378.51516570475155,0.0,0.550244167024085,18,235,320.1291085650519,29.21,142067102.18604228,363.6258705955106,661.2057861481346,1445.019214204228,11210.616829644137,2545018854.52662,2397595339.1607103,371.4846726757924,1183570423.5840065,26728762.744714193,1156841660.8392923,0.32531491324450545,10.24264765137768,1622359148.9714572,77101837.33678983,0.6807109254989777
0.0,140437000.0,discharging,140437000.0,0.0,140437000.0,0.0,995.1393307022093,0.0,0.4245423568301217,19,235,0.0,27.41,142209441.5168375,1.0,654.15,1445.0192142054702,11210.616829729073,2545018854.545902,2397724254.467408,371.4939601533097,1183583847.608159,26871102.075567104,1156712745.532592,0.32526564156446786,10.23158352751403,1633025088.6852133,76868969.54206003,0.6764821130098609
0.0,140437000.0,discharging,140437000.0,0.0,140437000.0,0.0,995.1393307022093,0.0,0.29884054663615844,20,235,0.0,26.07,142209441.5168375,1.0,654.15,1445.0192143358545,11210.616829506767,2545018854.4954348,2397724254.4224157,371.49396015349356,1183583847.654177,26871102.076592714,1156712745.5775843,0.32526564157711957,10.231583527790681,1640965288.249899,77160279.87093347,0.6732410989277793
0.0,140437000.0,discharging,140437000.0,0.0,140437000.0,0.0,995.1393307022093,0.0,0.17313873644219516,21,235,0.0,24.7,142209441.5168375,1.0,654.15,1445.0192143513166,11210.616829606564,2545018854.5180902,2397724254.442612,371.4939601534111,1183583847.633376,26871102.07598912,1156712745.5573869,0.3252656415714401,10.231583527666498,1649083253.47648,77458112.07284142,0.6699594742633715
0.0,140437000.0,discharging,140437000.0,0.0,140437000.0,0.0,995.1393307022093,0.0,0.04743692624823187,22,235,0.0,23.06,142209441.5168375,1.0,654.15,1445.0192143476281,11210.616829609606,2545018854.5187807,2397724254.4432306,371.4939601534086,1183583847.6327338,26871102.075963337,1156712745.5567706,0.3252656415712668,10.231583527662687,1658801109.6601245,77814641.13205965,0.6660729323853698
0.0,140437000.0,discharging,52997642.60549106,0.0,52997642.60549106,0.0,375.5423327985023,0.0,0.0,23,235,0.0,22.16,53668159.13918684,1.0,654.15,1445.0192141571652,11210.6168293298,2545018854.4552593,2317646002.3919444,365.74467139221815,1175120817.2234488,25769177.009941585,1149351640.2135072,0.3314479896769655,26.816713422866655,1664134079.5170026,29440162.387076057,0.6786544172526477
0.0,140437000.0,shutdown,0.0,0.0,0.0,0.0,0.0,0.0,0.0,0,236,0.0,21.34,0.0,1.0,567.279923475184,1445.0192143061547,11210.61682931732,2545018854.4524264,2259509895.5926647,362.89907080586624,1179588764.883332,25103923.74418973,1154484841.1391423,0.33816193354983665,,1668993007.6088252,0.0,0.6917253912244836
0.0,140437000.0,shutdown,0.0,0.0,0.0,0.0,0.0,0.0,0.0,1,236,0.0,20.89,0.0,1.0,567.279923475184,1445.0192143476158,11210.616829523518,2545018854.4992375,2259509895.634227,362.89907080586624,1179588764.924817,25103923.82723333,1154484841.0975838,0.33816193353766366,,1671659492.5372643,0.0,0.6906220113913828
0.0,140437000.0,shutdown,0.0,0.0,0.0,0.0,0.0,0.0,0.0,2,236,0.0,20.36,0.0,1.0,567.279923475184,1445.0192141986324,11210.616829708142,2545018854.5411506,2259509895.6714377,362.89907080586624,1179588764.888006,25103923.827632923,1154484841.060373,0.3381619335267642,,1674800019.230759,0.0,0.6893269810151016
0.0,140437000.0,shutdown,0.0,0.0,0.0,0.0,0.0,0.0,0.0,3,236,0.0,19.84,0.0,1.0,567.279923475184,1445.0192143073928,11210.616829316232,2545018854.4521794,2259509895.5924478,362.89907080586624,1179588764.8835444,25103923.744180586,1154484841.1393638,0.33816193354990154,,1677881290.703622,0.0,0.6880610967747478
0.0,140437000.0,shutdown,0.0,0.0,0.0,0.0,0.0,0.0,0.0,4,236,0.0,19.32,0.0,1.0,567.279923475184,1445.0192141652515,11210.6168293497,2545018854.4597774,2259509895.5991936,362.89907080586624,1179588764.8763452,25103923.743729535,1154484841.1326156,0.3381619335479249,,1680962562.176485,0.0,0.6867998533160703
0.0,140437000.0,shutdown,0.0,0.0,0.0,0.0,0.0,0.0,0.0,5,236,0.0,18.78,0.0,1.0,567.279923475184,1445.0192143358524,11210.61682959279,2545018854.514963,2259509895.6481886,362.89907080586624,1179588764.9116302,25103923.828007,1154484841.0836232,0.33816193353357443,,1684162344.0906122,0.0,0.6854949851684304
56951456.672036424,140437000.0,direct_partial,56951456.672036424,0.0,0.0,0.0,0.0,0.0,0.0,6,236,235.06808764107137,18.31,57580365.96914333,237.98052482322862,665.756727889531,1445.019214351313,11210.616829520475,2545018854.4985466,2321179341.1875424,365.9973926848993,1175499685.3407226,25727569.856177825,1149772115.4845448,0.3311955922885768,25.008576494442224,1686947339.4603148,32372399.211425174,0.6687366460253641
161644668.08196712,140437000.0,charging,140437000.0,21207668.081967115,0.0,150.27795111575554,0.0,0.0,0.018982478035674384,7,236,542.1112263715934,21.56,142217188.36192966,675.4574016701373,665.9910687779072,1445.0192142005574,11210.61682973336,2545018854.5468755,2397731270.7235436,371.4944656297316,1183584578.1971416,26878848.92063882,1156705729.2765028,0.3252629600525907,10.230981995731717,1667689392.7549217,79284170.86808507,0.662119767214816
204174115.41011724,140437000.0,charging,140437000.0,63737115.41011724,0.0,451.64244729034044,0.0,0.0,0.07603205032498055,8,236,686.1047987963738,25.51,142684871.62124747,853.1733160124055,665.9915888856737,1445.019214197387,11210.616829709192,2545018854.5413885,2398154850.7751217,371.52498235358166,1183628681.4055665,27346532.18068802,1156282149.2248785,0.3251010958128009,10.19478799845298,1644283580.6052895,78698682.5017974,0.671093472047549
206851683.8081605,140437000.0,charging,140437000.0,66414683.80816051,0.0,470.615749365564,0.0,0.0,0.13547825024484125,9,236,735.3790073772941,28.09,142714316.01787406,864.3619522624999,665.9916215167297,1445.019214347627,11210.61682952359,2545018854.4992533,2398181518.6887875,371.52690367169475,1183631457.8881505,27375976.576941054,1156255481.3112094,0.3250909065437008,10.192517232188026,1628995733.682239,78162061.65269744,0.6772985394032409
204980443.1509649,140437000.0,charging,140437000.0,64543443.150964886,0.0,457.356101443831,0.0,0.0,0.19324954726932517,10,236,781.8499459974581,30.0,142693738.55956057,856.5426819629813,665.9915987136632,1445.0192143513113,11210.616829606508,2545018854.5180774,2398162881.5863786,371.52556094221814,1183629517.5323188,27355399.118696734,1156274118.4136221,0.3250980273836864,10.194104077316181,1617677986.5415306,77741557.58928832,0.6819988140495352
196151648.35382563,140437000.0,charging,140437000.0,55714648.35382563,0.0,394.79508870977725,0.0,0.0,0.2431184005800339,11,236,792.4139400616567,31.54,142596651.0170134,819.6501889143981,665.9914910367293,1445.0192143358506,11210.616829506705,2545018854.4954205,2398074948.9941635,371.5192257792837,1183620362.5825875,27258311.576752327,1156362051.005835,0.3251316256723044,10.201597227575055,1608552682.5642054,77358920.23048346,0.6858972018989404
191353695.06464905,140437000.0,charging,140437000.0,50916695.064649045,0.0,360.79669779476444,0.0,0.0,0.2886927203014778,12,236,785.4683681706401,32.78,142543889.39950868,799.6011944099879,665.9914324589557,1445.0192141652512,11210.616829435745,2545018854.479311,2398027162.6836457,371.5157829997246,1183615387.1914718,27205549.875117816,1156409837.316354,0.32514988519137994,10.205673612474284,1601205035.2058403,77064890.78389329,0.6890487754133944
205656753.76039174,140437000.0,charging,140437000.0,65219753.76039174,0.0,462.1484516593144,0.0,0.0,0.3470693668268649,13,236,811.4789927831578,33.7,142701175.7394455,859.3687510958924,665.9916069559881,1445.0192143513104,11210.616829606519,2545018854.5180798,2398169617.48048,371.5260462360582,1183630218.8181026,27362836.298582803,1156267382.5195198,0.3250954537329466,10.19353050114429,1595753554.907698,76952815.97288984,0.6912554424664555
219347959.97733396,140437000.0,charging,140437000.0,78910959.97733396,0.0,559.1646068836058,0.0,0.0,0.4177006855911099,14,236,805.5260770360107,34.33,142851733.72574243,916.5795869790513,665.9917736290495,1445.0192143005513,11210.616829209213,2545018854.427884,2398305978.9142146,371.53587058183086,1183644415.2881522,27513394.202368896,1156131021.0857832,0.3250433550894053,10.181931885194892,1592020476.0078835,76898890.42462304,0.6927422884169274
224036051.64747053,140437000.0,charging,140437000.0,83599051.64747053,0.0,592.3845162158352,0.0,0.0,0.4925282034288996,15,236,763.1440023811776,34.51,142903287.22879237,936.1695076109903,665.9918306200265,1445.0192141603059,11210.616829439827,2545018854.4802375,2398352671.5057955,371.5392346303232,1183649276.1985748,27564947.704369124,1156084328.4942057,0.3250255166186762,10.177965945047108,1590953882.0365078,76888024.98769394,0.693161818050798
222539365.44729838,140437000.0,charging,140437000.0,82102365.44729838,0.0,581.7789685075351,0.0,0.0,0.5660160731351146,16,236,719.7563674115456,34.14,142886828.63070896,929.9153714005017,665.9918124299616,1445.0192143110742,11210.616829227078,2545018854.43194,2398337764.7309237,371.5381606468459,1183647724.3757153,27548489.106637955,1156099235.2690773,0.32503121155365505,10.179231771685744,1593146325.1998909,76958550.30889691,0.692231519243292
176818919.00647068,140437000.0,charging,140437000.0,36381919.00647068,0.0,257.8029901647089,0.0,0.0,0.5985806613664463,17,236,577.3251001254671,33.51,142384054.93496746,738.8653706639459,665.9912547406655,1445.0192141584116,11210.616829414781,2545018854.4745517,2397882400.776798,371.50535365408274,1183600314.6344833,27045715.411280703,1156554599.2232027,0.32520520319461155,10.218040922299226,1596879404.0997057,76822391.81168887,0.6910159277169291
88592329.9324341,140437000.0,direct_plus_discharge,140437000.0,0.0,51844670.067565896,0.0,367.3723468282176,0.0,0.5521757333460398,18,236,323.433857947968,32.4,142064577.57275513,370.1968378797468,661.3442477327284,1445.0192143476295,11210.616829609651,2545018854.5187907,2397593052.6421466,371.48450794887077,1183570185.4897466,26726238.13189322,1156843947.3578534,0.32531578719177096,10.242844091199723,1603456733.5898554,76428818.5468478,0.6886445007437706
0.0,140437000.0,discharging,140437000.0,0.0,140437000.0,0.0,995.1393307022093,0.0,0.4264739231520765,19,236,0.0,30.85,142209441.51683313,1.0,654.1499999999974,1445.0192143513093,11210.61682952045,2545018854.498541,2397724254.4251804,371.493960153482,1183583847.650715,26871102.075901188,1156712745.5748138,0.3252656415763409,10.231583527773958,1612641292.7878122,76121128.10077038,0.684946995070024
0.0,140437000.0,discharging,140437000.0,0.0,140437000.0,0.0,995.1393307022093,0.0,0.30077211295811324,20,236,0.0,29.04,142209441.5168375,1.0,654.15,1445.0192141534835,11210.616829418988,2545018854.4755073,2397724254.404649,371.49396015356626,1183583847.5885065,26871101.9931561,1156712745.5953503,0.32526564158211535,10.23158352789993,1623366487.7222004,76514614.44051996,0.6804668539015409
0.0,140437000.0,discharging,140437000.0,0.0,140437000.0,0.0,995.1393307022093,0.0,0.17507030276414995,21,236,0.0,28.48,142209441.5168375,1.0,654.15,1445.0192142091566,11210.616829639957,2545018854.525671,2397724254.44937,371.49396015338334,1183583847.626144,26871102.07551467,1156712745.5506294,0.3252656415695399,10.231583527624952,1626684780.0775914,76636356.0704969,0.679092580372973
0.0,140437000.0,discharging,140437000.0,0.0,140437000.0,0.0,995.1393307022093,0.0,0.049368492570186655,22,236,0.0,27.63,142209441.5168375,1.0,654.15,1445.019214346376,11210.616829610653,2545018854.5190187,2397724254.443439,371.49396015340756,1183583847.6325197,26871102.075959023,1156712745.5565608,0.3252656415712078,10.231583527661426,1631721473.8313098,76821142.47314052,0.6770172043226592
0.0,140437000.0,discharging,55155633.64108389,0.0,55155633.64108389,0.0,390.83389951397766,0.0,0.0,23,236,0.0,26.57,55853345.528295234,1.0,654.15,1445.0192143395375,11210.616829589691,2545018854.51426,2319619511.689748,365.88581381415486,1175332494.3983364,25796372.447040685,1149536121.9512956,0.3312924229010248,25.774638722892185,1638002527.2182999,30262327.074208796,0.6890609239854785
0.0,140437000.0,shutdown,0.0,0.0,0.0,0.0,0.0,0.0,0.0,0,237,0.0,25.63,0.0,1.0,567.279923475184,1445.0192143110683,11210.61682922699,2545018854.43192,2259509895.5744495,362.89907080586624,1179588764.9014459,25103923.744094376,1154484841.1573515,0.3381619335551703,,1643572517.9577057,0.0,0.7024240357778117
0.0,140437000.0,shutdown,0.0,0.0,0.0,0.0,0.0,0.0,0.0,1,237,0.0,24.6,0.0,1.0,567.279923475184,1445.0192142042522,11210.616829730307,2545018854.546182,2259509895.675905,362.89907080586624,1179588764.8828743,25103923.82696883,1154484841.0559053,0.3381619335254556,,1649675805.6827996,0.0,0.6998252851129528
0.0,140437000.0,shutdown,0.0,0.0,0.0,0.0,0.0,0.0,0.0,2,237,0.0,24.28,0.0,1.0,567.279923475184,1445.0192142956219,11210.61682921335,2545018854.4288235,2259509895.571712,362.89907080586624,1179588764.904897,25103923.744800467,1154484841.1600964,0.33816193355597435,,1651571972.7430232,0.0,0.699021816919467
0.0,140437000.0,shutdown,0.0,0.0,0.0,0.0,0.0,0.0,0.0,3,237,0.0,24.43,0.0,1.0,567.279923475184,1445.019214346379,11210.616829610684,2545018854.519026,2259509895.6517954,362.89907080586624,1179588764.9073336,25103923.82731981,1154484841.0800138,0.3381619335325172,,1650683144.4335434,0.0,0.699398212778257
0.0,140437000.0,shutdown,0.0,0.0,0.0,0.0,0.0,0.0,0.0,4,237,0.0,24.6,0.0,1.0,567.279923475184,1445.01921420917,11210.616829726101,2545018854.5452275,2259509895.6750574,362.89907080586624,1179588764.8837166,25103923.82696428,1154484841.0567522,0.3381619335257036,,1649675805.6827996,0.0,0.6998252851134662
0.0,140437000.0,shutdown,0.0,0.0,0.0,0.0,0.0,0.0,0.0,5,237,0.0,24.4,0.0,1.0,567.279923475184,1445.01921434446,11210.61682949947,2545018854.4937778,2259509895.6293797,362.89907080586624,1179588764.9303825,25103923.82795222,1154484841.1024303,0.3381619335390833,,1650860910.0954394,0.0,0.699322901185956
39671198.7209009,140437000.0,direct_partial,39671198.7209009,0.0,0.0,0.0,0.0,0.0,0.0,6,237,180.9164900308863,24.21,40110082.333007246,165.77227771949472,665.5853702197162,1445.0192141689402,11210.616829432682,2545018854.4786158,2305404596.1983433,364.86990381277417,1173804146.6103287,25537544.087735124,1148266602.5225935,0.3324348602540833,35.82146561953148,1651986759.287447,22190316.34024546,0.6858692663033141
144820868.68771267,140437000.0,charging,140437000.0,4383868.687712669,0.0,31.064179324371487,0.0,0.0,0.003923896335710083,7,237,490.0059543930489,25.22,142032182.21132448,605.156537683084,665.9908620897077,1445.0192143426984,11210.616829527762,2545018854.5002007,2397563712.5560074,371.4823942073874,1183567130.214376,26693842.77038199,1156873287.443994,0.3253270016033967,10.245365389000208,1646001982.0036168,78400464.99313141,0.6708835802563528
197524203.47408423,140437000.0,charging,140437000.0,57087203.47408423,0.0,404.52104115625525,0.0,0.0,0.05502129100807917,8,237,664.8830487569558,28.16,142611744.58376732,825.3856240894625,665.991507786168,1445.0192143005534,11210.616829295222,2545018854.44741,2398088619.237378,371.5202106619912,1183621785.8230748,27273405.06045373,1156348380.7626212,0.32512640226293504,10.200431647158888,1628580947.1378148,78090884.69566864,0.6775458287844079
205552184.11169818,140437000.0,charging,140437000.0,65115184.11169818,0.0,461.4074690819831,0.0,0.0,0.11330433973422441,9,237,731.7884191666603,30.26,142700025.81916097,858.9317905450827,665.9916056816342,1445.0192142042415,11210.616829730263,2545018854.546172,2398168576.016395,371.5259712008737,1183630110.3615317,27361686.377926536,1156268423.9836051,0.325095851657408,10.193619182162374,1616137350.805099,77689274.23547085,0.6826368217915518
207897559.04248536,140437000.0,charging,140437000.0,67460559.04248536,0.0,478.0268417463756,0.0,0.0,0.17368667763902976,10,237,794.3374078886035,31.87,142725817.18634236,868.7323046943536,665.9916342589769,1445.0192142091687,11210.61682964005,2545018854.525692,2398191935.390155,371.5276541520982,1183632542.3548906,27387477.745045193,1156245064.6098454,0.3250869265836546,10.191630510584107,1606597260.2833505,77358286.24638245,0.6866244581055692
203224905.33420593,140437000.0,charging,140437000.0,62787905.334205925,0.0,444.91632611402525,0.0,0.0,0.229886634621854,11,237,822.4160734238087,33.19,142674433.44981593,849.2068939885806,665.9915773145884,1445.0192143395327,11210.616829589673,2545018854.5142555,2398145396.8477044,371.52430123911745,1183627697.161933,27336094.00963694,1156291603.152296,0.3251047080040848,10.195593220511588,1598775571.159929,77047648.61981621,0.6899842355115884
194021387.77932423,140437000.0,charging,140437000.0,53584387.77932423,0.0,379.70002058435,0.0,0.0,0.2778487424851403,12,237,800.0698495007701,34.1,142573225.19628486,810.7485635802212,665.9914650339153,1445.0192143513104,11210.616829520475,2545018854.4985466,2398053732.1775274,371.51769720496,1183618153.5778267,27234885.755354963,1156383267.8224719,0.32513973271523233,10.20340674407525,1593383346.0824187,76798172.89988984,0.6923698141068467
168013884.1734713,140437000.0,charging,140437000.0,27576884.1734713,0.0,195.41034100159203,0.0,0.0,0.30253215398007827,13,237,678.8566215031735,34.33,142287228.6734422,702.0721623231859,665.9911468866537,1445.0192143513218,11210.616829606593,2545018854.518097,2397794705.72023,371.4990357303081,1183591183.5123723,26948889.232599556,1156642294.2797728,0.32523871664641124,10.225546434971601,1592020476.0078835,76594948.4126117,0.6931748786161862
128297113.87041348,140437000.0,direct_plus_discharge,140437000.0,0.0,12139886.129586518,0.0,86.02347072208721,0.0,0.2916660313625515,14,237,499.00704567382553,34.18,142000832.74133044,536.1094566555321,664.9810966472373,1445.0192141937146,11210.616829712335,2545018854.5421023,2397535319.802257,371.4803487146534,1183564173.49852,26662493.300776374,1156901680.1977434,0.3253378541269589,10.247806380702164,1592909304.3173628,76373228.96969414,0.6930532472053356
99192653.06047145,140437000.0,direct_plus_discharge,140437000.0,0.0,41244346.93952856,0.0,292.258249668194,0.0,0.25474919982551647,15,237,371.0325803727491,34.34,142047559.07412884,414.4919377545984,662.2883994058453,1445.0192143427055,11210.616829527802,2545018854.50021,2397577639.182746,371.48339752037555,1183568580.4504514,26709219.63320035,1156859360.817251,0.32532167852064864,10.244168480234272,1591961220.787251,76097130.25959936,0.6935365061367439
0.0,140437000.0,discharging,140437000.0,0.0,140437000.0,0.0,995.1393307022093,0.0,0.12904738963155318,16,237,0.0,33.03,142209441.5168375,1.0,654.15,1445.0192143073814,11210.61682931614,2545018854.452159,2397724254.3838334,371.4939601536514,1183583847.6089704,26871101.99280412,1156712745.6161664,0.3252656415879688,10.23158352802793,1599723654.6900408,75647205.32693411,0.6904219079018997
4838460.318954952,140437000.0,direct_plus_discharge,140437000.0,0.0,135598539.68104506,0.0,960.8539061813635,0.0,0.00767636990338095,17,237,72.68654097338307,31.9,142199041.88083616,20.218259432276128,654.4971904847182,1445.0192141973807,11210.616829623124,2545018854.5218496,2397714835.5819383,371.49328158475095,1183582866.8582625,26860702.440199874,1156722164.4180627,0.3252692413432192,10.232391147971162,1606419494.6214545,75922488.89269635,0.6875666040277078
94913110.76327711,140437000.0,direct_plus_discharge,103489330.61609896,0.0,8576219.852821838,0.0,60.77126173509918,0.0,1.0211870335696037e-18,18,237,342.5472571687302,30.79,104641139.83575383,396.6092042583439,665.0281874381654,1445.0192143024542,11210.616829320328,2545018854.4531093,2363718863.9617677,369.0473651489932,1180020936.3499227,26250469.695654176,1153770466.6542685,0.3279022840925816,13.842763863308036,1612996824.111604,56816658.64466714,0.6909576899270221
0.0,140437000.0,shutdown,0.0,0.0,0.0,0.0,0.0,0.0,1.0211870335696037e-18,19,237,0.0,30.2,0.0,1.0,567.279923475184,1445.0192141603122,11210.616829439823,2545018854.480237,2259509895.6173434,362.89907080586624,1179588764.85822,25103923.743767496,1154484841.1144526,0.33816193354260476,,1616492882.128891,0.0,0.7141911071046707
0.0,140437000.0,shutdown,0.0,0.0,0.0,0.0,0.0,0.0,1.0211870335696037e-18,20,237,0.0,28.74,0.0,1.0,567.279923475184,1445.019214340783,11210.616829502602,2545018854.4944887,2259509895.630011,362.89907080586624,1179588764.9297512,25103923.827952925,1154484841.1017983,0.3381619335388982,,1625144144.3411598,0.0,0.7103891953964682
0.0,140437000.0,shutdown,0.0,0.0,0.0,0.0,0.0,0.0,1.0211870335696037e-18,21,237,0.0,28.44,0.0,1.0,567.279923475184,1445.0192143073953,11210.616829316199,2545018854.452172,2259509895.5924416,362.89907080586624,1179588764.883542,25103923.744172636,1154484841.1393695,0.3381619335499032,,1626921800.9601192,0.0,0.7096129884411508
0.0,140437000.0,shutdown,0.0,0.0,0.0,0.0,0.0,0.0,1.0211870335696037e-18,22,237,0.0,27.47,0.0,1.0,567.279923475184,1445.0192142091541,11210.616829639946,2545018854.5256686,2259509895.657693,362.89907080586624,1179588764.9009807,25103923.826862887,1154484841.074118,0.33816193353079027,,1632669557.3614213,0.0,0.7071148205518671
0.0,140437000.0,shutdown,0.0,0.0,0.0,0.0,0.0,0.0,1.0211870335696037e-18,23,237,0.0,26.03,0.0,1.0,567.279923475184,1445.0192142023195,11210.616829705055,2545018854.5404496,2259509895.670816,362.89907080586624,1179588764.888641,25103923.82764591,1154484841.060995,0.3381619335269464,,1641202309.1324267,0.0,0.7034384698564551
0.0,140437000.0,shutdown,0.0,0.0,0.0,0.0,0.0,0.0,1.0211870335696037e-18,0,238,0.0,24.42,0.0,1.0,567.279923475184,1445.0192143463805,11210.616829610692,2545018854.519027,2259509895.651797,362.89907080586624,1179588764.9073348,25103923.827321358,1154484841.0800135,0.3381619335325171,,1650742399.6541753,0.0,0.6993731071073682
0.0,140437000.0,shutdown,0.0,0.0,0.0,0.0,0.0,0.0,1.0211870335696037e-18,1,238,0.0,23.26,0.0,1.0,567.279923475184,1445.019214351318,11210.616829520537,2545018854.4985604,2259509895.633626,362.89907080586624,1179588764.9254608,25103923.827275675,1154484841.098185,0.3381619335378398,,1657616005.247485,0.0,0.6964730296060446
0.0,140437000.0,shutdown,0.0,0.0,0.0,0.0,0.0,0.0,1.0211870335696037e-18,2,238,0.0,22.63,0.0,1.0,567.279923475184,1445.0192142993105,11210.616829296307,2545018854.447656,2259509895.588432,362.89907080586624,1179588764.888259,25103923.744882178,1154484841.1433768,0.338161933551077,,1661349084.1472998,0.0,0.6949080432038912
0.0,140437000.0,shutdown,0.0,0.0,0.0,0.0,0.0,0.0,1.0211870335696037e-18,3,238,0.0,22.12,0.0,1.0,567.279923475184,1445.0192141640027,11210.616829350745,2545018854.460015,2259509895.5994043,362.89907080586624,1179588764.8761325,25103923.743725214,1154484841.1324072,0.33816193354786384,,1664371100.3995306,0.0,0.6936462912960182
0.0,140437000.0,shutdown,0.0,0.0,0.0,0.0,0.0,0.0,1.0211870335696037e-18,4,238,0.0,21.74,0.0,1.0,567.279923475184,1445.019214346385,11210.616829610715,2545018854.5190325,2259509895.6518016,362.89907080586624,1179588764.907336,25103923.82732777,1154484841.0800083,0.3381619335325156,,1666622798.783546,0.0,0.6927091372580869
0.0,140437000.0,shutdown,0.0,0.0,0.0,0.0,0.0,0.0,1.0211870335696037e-18,5,238,0.0,21.23,0.0,1.0,567.279923475184,1445.0192143042245,11210.61682929208,2545018854.4466963,2259509895.58758,362.89907080586624,1179588764.8891022,25103923.74486946,1154484841.1442327,0.3381619335513277,,1669644815.0357766,0.0,0.6914553507115193
23833205.67341499,140437000.0,charging_only,0.0,23833205.67341499,0.0,168.8825618770715,0.0,0.0,0.02133253413184061,6,238,134.41643620812755,20.58,0.0,99.59075896936913,620.0702421403822,1445.0192142005546,11210.616829647304,2545018854.527339,2259509895.659176,362.89907080586624,1179588764.8995078,25363378.62960485,1154225386.269903,0.3380859362243418,,1673496404.3768559,0.0,0.6897089131779109
139262985.09366757,140437000.0,direct_plus_discharge,140437000.0,0.0,1174014.9063324332,0.0,8.31909260467024,0.0,0.020281701381777,7,238,474.05960796639613,22.59,141983227.36627945,581.9320561349816,666.0357358999427,1445.0192143073855,11210.616829316179,2545018854.4521675,2397519374.783958,371.47920000088664,1183562513.0583405,26644887.842256464,1156917625.216084,0.3253439488444801,10.249177676803678,1661586105.0298276,78938382.47583716,0.6646948282089703
195672150.01566744,140437000.0,charging,140437000.0,55235150.01566744,0.0,391.39735410061036,0.0,0.0,0.06972136716290672,8,238,659.8102924825314,27.51,142591378.1211782,817.6465304860653,665.9914851845239,1445.0192141620953,11210.616829325641,2545018854.4543157,2398070173.2823663,371.5188817137838,1183619865.315069,27253038.59743575,1156366826.7176332,0.3251334504804713,10.2020044783276,1632432536.4788935,78218897.84234226,0.6759803917485181
211879879.0132249,140437000.0,charging,140437000.0,71442879.0132249,0.0,506.245639002966,0.0,0.0,0.13366818472117611,9,238,754.1861092741051,30.36,142769609.53495595,885.3730484440381,665.9916827581498,1445.0192143061483,11210.616829317292,2545018854.45242,2398231598.3533034,371.530511722194,1183636671.6576443,27431270.01094757,1156205401.6466968,0.32507177258463743,10.188255498989978,1615544798.5987792,77705727.64006718,0.6828318572650512
205537250.73093265,140437000.0,charging,140437000.0,65100250.73093266,0.0,461.3016508535951,0.0,-7.450580596923828e-09,0.19193786693426182,10,238,789.1002322921354,32.17,142699861.60136628,858.8693890895321,665.9916054996447,1445.019214346379,11210.616829610637,2545018854.519015,2398168427.2592254,371.5259604853651,1183630094.9012585,27361522.160481278,1156268572.7407773,0.32509590849203107,10.193631846806458,1604819603.664391,77279935.3074869,0.687396046400146
192108939.03044188,140437000.0,charging,140437000.0,51671939.03044188,0.0,366.14837131837976,0.0,0.0,0.23818818752184664,11,238,785.3290696938693,33.36,142552194.58525357,802.7570988565451,665.9914416825313,1445.0192141620882,11210.616829325634,2545018854.4543138,2398034684.678568,371.51632492524845,1183616170.3829393,27213855.061504237,1156402315.3214352,0.3251470109399839,10.20503175042194,1597768232.4091852,76945235.65506025,0.690507562859746
0.0,140437000.0,discharging,140437000.0,0.0,140437000.0,0.0,995.1393307022093,0.0,0.11248637732788336,12,238,14.570854479358768,33.84,142209441.5168376,1.0,654.15,1445.0192141603168,11210.616829439894,2545018854.4802527,2397724254.4088807,371.4939601535489,1183583847.583554,26871101.99243385,1156712745.5911202,0.32526564158092586,10.231583527873912,1594923981.81885,75471114.75500318,0.6924785327517144
72242937.12341464,140437000.0,direct_plus_discharge,140437000.0,0.0,68194062.87658536,0.0,483.224464271307,0.0,0.0514474976304551,13,238,334.843175776336,30.87,142090826.02911595,301.87835563902826,659.9243348500128,1445.0192143513207,11210.616829520568,2545018854.4985676,2397616825.5408297,371.4862206204185,1183572661.047383,26752486.588210102,1156820174.459173,0.32530670082769736,10.240802043760471,1612522782.3465483,76631120.04753557,0.6848518496861536
122451316.35136257,140437000.0,direct_plus_discharge,140437000.0,0.0,17985683.64863743,0.0,127.4469063589134,0.0,0.03534894103775025,14,238,483.5038569732454,30.45,142010217.9926888,511.6818819649364,664.4280492828459,1445.019214304243,11210.616829292188,2545018854.446721,2397543819.809615,371.4809610839334,1183565058.659786,26671878.469402205,1156893180.1903837,0.3253346051529153,10.24707549598631,1615011501.6130915,77120871.08881265,0.6836895262178101
0.0,140437000.0,discharging,39492663.03212662,0.0,39492663.03212662,0.0,279.8457832155228,0.0,4.084748134278415e-18,15,238,0.0,30.59,39992987.619856425,1.0,654.15,1445.0192143061438,11210.616829317223,2545018854.4524045,2305298897.9268446,364.86235616742476,1173792750.1689315,25598985.063706428,1148193765.105225,0.3324250423265753,35.92424039582523,1614181928.5242438,21423133.519642115,0.7019993956673247
0.0,140437000.0,shutdown,0.0,0.0,0.0,0.0,0.0,0.0,4.084748134278415e-18,16,238,0.0,30.76,0.0,1.0,567.279923475184,1445.0192141689438,11210.616829346673,2545018854.45909,2259509895.598581,362.89907080586624,1179588764.8769853,25103923.743759293,1154484841.133226,0.33816193354810364,,1613174589.7735004,0.0,0.7156601947811009
0.0,140437000.0,shutdown,0.0,0.0,0.0,0.0,0.0,0.0,4.084748134278415e-18,17,238,0.0,29.06,0.0,1.0,567.279923475184,1445.0192143407746,11210.61682958857,2545018854.5140057,2259509895.6473384,362.89907080586624,1179588764.912473,25103923.828000236,1154484841.0844727,0.3381619335338233,,1623247977.2809365,0.0,0.7112190233671644
12199773.08417881,140437000.0,charging_only,0.0,12199773.08417881,0.0,86.4478308544652,0.0,0.0,0.010919726002669293,18,238,96.81490390707636,28.33,0.0,50.97865043235526,603.8345401018316,1445.0192143110796,11210.616829227107,2545018854.4319468,2259509895.574485,362.89907080586624,1179588764.9014528,25235449.26461504,1154353315.6368377,0.33812340821231335,,1627573608.3870711,0.0,0.7092479932632997
0.0,140437000.0,shutdown,0.0,0.0,0.0,0.0,0.0,0.0,0.010919726002669293,19,238,0.0,26.57,0.0,1.0,567.279923475184,1445.0192141652526,11210.616829435796,2545018854.4793224,2259509895.616546,362.89907080586624,1179588764.8590753,25103923.74381063,1154484841.1152647,0.33816193354284263,,1638002527.2182999,0.0,0.704812612881521
0.0,140437000.0,shutdown,0.0,0.0,0.0,0.0,0.0,0.0,0.010919726002669293,20,238,0.0,25.66,0.0,1.0,567.279923475184,1445.0192143005518,11210.616829295268,2545018854.44742,2259509895.5882225,362.89907080586624,1179588764.8884742,25103923.744886495,1154484841.1435878,0.33816193355113877,,1643394752.2958097,0.0,0.702500016828447
0.0,140437000.0,shutdown,0.0,0.0,0.0,0.0,0.0,0.0,0.010919726002669293,21,238,0.0,23.59,0.0,1.0,567.279923475184,1445.019214165255,11210.616829349727,2545018854.459783,2259509895.599199,362.89907080586624,1179588764.8763487,25103923.743737034,1154484841.1326118,0.3381619335479238,,1655660582.9666295,0.0,0.6972956009280562
0.0,140437000.0,shutdown,0.0,0.0,0.0,0.0,0.0,0.0,0.010919726002669293,22,238,0.0,21.82,0.0,1.0,567.279923475184,1445.01921434269,11210.616829613744,2545018854.51972,2259509895.652412,362.89907080586624,1179588764.9066973,25103923.827297784,1154484841.0793996,0.3381619335323373,,1666148757.01849,0.0,0.6929062223383381
0.0,140437000.0,shutdown,0.0,0.0,0.0,0.0,0.0,0.0,0.010919726002669293,23,238,0.0,20.91,0.0,1.0,567.279923475184,1445.019214339539,11210.616829503642,2545018854.494725,2259509895.630221,362.89907080586624,1179588764.9295385,25103923.827946626,1154484841.1015918,0.33816193353883767,,1671540982.096,0.0,0.6906709757447559
0.0,140437000.0,shutdown,0.0,0.0,0.0,0.0,0.0,0.0,0.010919726002669293,0,239,0.0,20.96,0.0,1.0,567.279923475184,1445.0192142042285,11210.616829730172,2545018854.5461516,2259509895.675878,362.89907080586624,1179588764.8828616,25103923.8269291,1154484841.0559325,0.33816193352546353,,1671244705.9928405,0.0,0.6907934169760525
0.0,140437000.0,shutdown,0.0,0.0,0.0,0.0,0.0,0.0,0.010919726002669293,1,239,0.0,20.85,0.0,1.0,567.279923475184,1445.01921420547,11210.616829729075,2545018854.5459027,2259509895.675657,362.89907080586624,1179588764.8830736,25103923.82691885,1154484841.0561547,0.33816193352552865,,1671896513.419792,0.0,0.6905241034893398
0.0,140437000.0,shutdown,0.0,0.0,0.0,0.0,0.0,0.0,0.010919726002669293,2,239,0.0,20.7,0.0,1.0,567.279923475184,1445.0192142993087,11210.616829210292,2545018854.428129,2259509895.571096,362.89907080586624,1179588764.9055333,25103923.744818315,1154484841.160715,0.3381619335561556,,1672785341.7292717,0.0,0.6901571961213181
0.0,140437000.0,shutdown,0.0,0.0,0.0,0.0,0.0,0.0,0.010919726002669293,3,239,0.0,20.56,0.0,1.0,567.279923475184,1445.0192143463735,11210.616829610626,2545018854.5190125,2259509895.6517835,362.89907080586624,1179588764.9073305,25103923.827303473,1154484841.080027,0.3381619335325211,,1673614914.8181198,0.0,0.6898151007488427
0.0,140437000.0,shutdown,0.0,0.0,0.0,0.0,0.0,0.0,0.010919726002669293,4,239,0.0,19.79,0.0,1.0,567.279923475184,1445.0192143110683,11210.616829226992,2545018854.4319205,2259509895.5744615,362.89907080586624,1179588764.901445,25103923.744095042,1154484841.1573498,0.3381619335551698,,1678177566.806782,0.0,0.6879396221188268
0.0,140437000.0,shutdown,0.0,0.0,0.0,0.0,0.0,0.0,0.010919726002669293,5,239,0.0,18.96,0.0,1.0,567.279923475184,1445.019214202324,11210.61682970506,2545018854.540451,2259509895.670817,362.89907080586624,1179588764.8886442,25103923.827647675,1154484841.0609965,0.33816193352694685,,1683095750.1192365,0.0,0.6859293899228305
74560080.91919844,140437000.0,direct_plus_discharge,86759854.00337726,0.0,12199773.084178817,0.0,86.44783085446524,0.0,0.0,6,239,286.9034524996441,17.57,87733511.81641659,311.5609015971947,664.2606318424657,1445.0192143513134,11210.616829606543,2545018854.5180855,2348427999.552984,367.94956950721996,1178404172.8226533,26072318.37218502,1152331854.4504683,0.3290746855984285,16.475656604392427,1691332225.7870815,49336103.7319984,0.6620054118919024
168965931.55655268,140437000.0,charging,140437000.0,28528931.55655268,0.0,202.15656739204746,0.0,0.0,0.025535566407416523,7,239,565.2602509334691,15.91,142297698.04594806,706.0504404765792,665.9911585554717,1445.0192143463885,11210.616829524712,2545018854.4995084,2397804187.7531447,371.4997188551471,1183592170.851885,26959358.60494929,1156632812.2469358,0.32523509291206476,10.224734406610015,1701168592.4119902,80536258.62026875,0.6491719498753243
200434717.02853686,140437000.0,charging,140437000.0,59997717.028536856,0.0,425.1449971691129,0.0,0.0,0.07923809236562027,8,239,679.3225543190275,16.39,142643750.6066844,837.5476579279024,665.9915432917736,1445.0192142023204,11210.616829705064,2545018854.5404515,2398117607.286592,371.5222991173216,1183624803.8795528,27305411.166138943,1156319392.713414,0.32511532607564975,10.197960839782436,1698324341.8216553,80629342.21566789,0.6499997178617686
207329730.86776197,140437000.0,charging,140437000.0,66892730.86776197,0.0,474.00320018647267,0.0,0.0,0.13911218081022733,9,239,746.1951761281468,17.61,142719572.95444646,866.3595462975269,665.991627341191,1445.0192143110746,11210.616829227081,2545018854.4319406,2398186279.867547,371.5272467003215,1183631953.5628285,27381233.43037656,1156250720.132452,0.32508908740645914,10.19211191353484,1691095204.9045534,80410767.06464562,0.6526936620186318
200114013.8699142,140437000.0,charging,140437000.0,59677013.869914204,0.0,422.87248831015245,0.0,0.0,0.19252765301782554,10,239,778.5801620129467,19.09,142640223.93262222,836.2075498698919,665.9915393802684,1445.019214204231,11210.616829730145,2545018854.5461454,2398114413.1693115,371.52206899459355,1183624471.3220427,27301884.491356526,1156322586.830686,0.3251165465232594,10.198233038248722,1682325432.2510207,80049069.8755313,0.6561162712212534
152561700.49910057,140437000.0,charging,140437000.0,12124700.499100566,0.0,85.9158650472431,0.0,0.0,0.20338018333958255,11,239,646.8238828165563,20.52,142117305.75934115,637.5028080805355,665.9909572561581,1445.0192143444747,11210.6168295856,2545018854.5133314,2397640807.9521284,371.4879483865418,1183575158.3670683,26778966.319198314,1156796192.04787,0.325297534525751,10.238742767788363,1673851935.7006474,79450405.06403176,0.6597813538213545
189198020.89603466,140437000.0,charging,140437000.0,48761020.89603466,0.0,345.52154844404515,0.0,0.0,0.24702501051146195,12,239,798.2159442434676,21.47,142520184.11329848,790.5933744178017,665.9914061264279,1445.0192143061458,11210.616829231196,2545018854.4328747,2398005692.74516,371.5142361979466,1183613151.844049,27181844.58920721,1156431307.2548418,0.3251580891964374,10.207506075432024,1668222689.7406094,79472378.60529618,0.6616894034892131
194597144.52636534,140437000.0,charging,140437000.0,54160144.52636535,0.0,383.77984416287825,0.0,-7.450580596923828e-09,0.2955024645109834,13,239,792.1361163335504,22.16,142579556.61625373,813.1544527503704,665.9914720626741,1445.0192142005553,11210.616829733346,2545018854.546872,2398059466.6006565,371.5181103402714,1183618750.5743492,27241217.175004832,1156377533.3993444,0.32513754155960095,10.202917617634835,1664134079.5170026,79357772.80881256,0.6632537639087551
179196917.55694127,140437000.0,charging,140437000.0,38759917.55694127,0.0,274.65353443670364,0.0,0.0,0.3301955425450933,14,239,685.2924348233955,22.65,142410205.05405775,748.8022076851443,665.9912838439631,1445.019214198637,11210.616829622119,2545018854.521621,2397906084.9048905,371.5070599621088,1183602780.7085495,27071865.613447446,1156530915.095102,0.32519615241558525,10.216015638530068,1661230573.706036,79158718.62040068,0.6645242648839378
222430859.0638662,140437000.0,charging,140437000.0,81993859.0638662,0.0,581.0100901507942,0.0,0.0,0.40358629077466734,15,239,772.6443762800027,22.84,142885635.41936228,929.4619605909318,665.9918111110601,1445.0192143476202,11210.616829609588,2545018854.5187764,2398336684.1041026,371.5380827851949,1183647611.874379,27547295.978482146,1156100315.8958967,0.3250316244029563,10.1793235521103,1660104724.514028,79382273.18248886,0.6646214185141026
224378518.0095989,140437000.0,charging,140437000.0,83941518.00959891,0.0,594.8112395607974,0.0,0.0,0.47872034208761016,16,239,734.7142853763509,22.71,142907053.22610512,937.6005566017642,665.9918347816238,1445.0192143427032,11210.61682961382,2545018854.5197372,2398356082.446913,371.53948037550305,1183649631.338323,27568713.78523909,1156080917.5530841,0.3250242135240846,10.177676343961968,1660875042.3822439,79422069.53807075,0.6643008884140579
153739147.5630858,140437000.0,charging,140437000.0,13302147.563085794,0.0,94.25927798821694,0.0,0.0,0.4906267772019113,17,239,513.3159360017673,22.16,142130253.78277463,642.4229538786036,665.9909717218209,1445.01921433954,11210.616829503651,2545018854.494727,2397652534.823942,371.48879322905077,1183576379.5185924,26791914.34253461,1156784465.1760578,0.32529305245373047,10.23773610512268,1664134079.5170026,79107649.83353858,0.6635823625028913
26950231.131814443,140437000.0,direct_plus_discharge,140437000.0,0.0,113486768.86818555,0.0,804.16946541896,0.0,0.38904747630688474,18,239,142.53321040220257,21.1,142163542.1006277,112.61573493704252,656.2059778600257,1445.0192142005553,11210.616829733306,2545018854.546863,2397682683.770562,371.49096525513187,1183579518.888808,26825202.659369573,1156754316.2294385,0.32528152952891,10.235148897944255,1670415132.9039924,78415841.41748528,0.661444320928867
0.0,140437000.0,discharging,140437000.0,0.0,140437000.0,0.0,995.1393307022093,0.0,0.2633456661129215,19,239,0.0,19.51,142209441.51683617,1.0,654.1499999999991,1445.0192143110764,11210.61682922707,2545018854.431938,2397724254.365806,371.4939601537251,1183583847.6269567,26871101.99276449,1156712745.6341922,0.3252656415930378,10.23158352813885,1679836712.9844775,78586396.10780564,0.6578125251272998
0.0,140437000.0,discharging,140437000.0,0.0,140437000.0,0.0,995.1393307022093,0.0,0.1376438559189582,20,239,0.0,18.72,142209441.5168376,1.0,654.15,1445.0192143358536,11210.616829592802,2545018854.514966,2397724254.4398284,371.49396015342245,1183583847.6368294,26871102.07665989,1156712745.5601695,0.32526564157222254,10.231583527683588,1684517875.414404,78758138.76438114,0.6560020871711841
0.0,140437000.0,discharging,140437000.0,0.0,140437000.0,0.0,995.1393307022093,0.0,0.011942045724994911,21,239,0.0,17.71,142209441.5168375,1.0,654.15,1445.0192142091648,11210.616829726065,2545018854.545219,2397724254.4667974,371.493960153312,1183583847.6088033,26871102.0756015,1156712745.5332017,0.3252656415646393,10.231583527517792,1690502652.698234,78977708.48987526,0.6537019403575253
0.0,140437000.0,shutdown,0.0,0.0,0.0,0.0,0.0,0.0,0.011942045724994911,22,239,0.0,16.84,0.0,1.0,567.279923475184,1445.0192143476208,11210.616829523566,2545018854.499248,2259509895.634221,362.89907080586624,1179588764.9248195,25103923.827245254,1154484841.0975742,0.3381619335376609,,1695657856.8932161,0.0,0.6808477526314306
0.0,140437000.0,shutdown,0.0,0.0,0.0,0.0,0.0,0.0,0.011942045724994911,23,239,0.0,16.56,0.0,1.0,567.279923475184,1445.0192141620785,11210.616829411558,2545018854.47382,2259509895.611661,362.89907080586624,1179588764.8646283,25103923.744478077,1154484841.1201503,0.33816193354427365,,1697317003.0709114,0.0,0.6801822164223719
0.0,140437000.0,shutdown,0.0,0.0,0.0,0.0,0.0,0.0,0.011942045724994911,0,240,0.0,16.38,0.0,1.0,567.279923475184,1445.0192143110737,11210.616829227061,2545018854.4319363,2259509895.574476,362.89907080586624,1179588764.901449,25103923.744114242,1154484841.1573348,0.33816193355516544,,1698383597.042287,0.0,0.6797550583789522
0.0,140437000.0,shutdown,0.0,0.0,0.0,0.0,0.0,0.0,0.011942045724994911,1,240,0.0,15.9,0.0,1.0,567.279923475184,1445.0192143427264,11210.616829613966,2545018854.5197706,2259509895.6524568,362.89907080586624,1179588764.9067163,25103923.827362683,1154484841.0793536,0.3381619335323238,,1701227847.6326222,0.0,0.678618588736306
0.0,140437000.0,shutdown,0.0,0.0,0.0,0.0,0.0,0.0,0.011942045724994911,2,240,0.0,15.45,0.0,1.0,567.279923475184,1445.0192141584084,11210.616829414794,2545018854.474555,2259509895.6123133,362.89907080586624,1179588764.8640044,25103923.744507924,1154484841.1194963,0.33816193354408214,,1703894332.5610614,0.0,0.6775565943600694
0.0,140437000.0,shutdown,0.0,0.0,0.0,0.0,0.0,0.0,0.011942045724994911,3,240,0.0,15.01,0.0,1.0,567.279923475184,1445.0192142054843,11210.616829643142,2545018854.5263944,2259509895.658337,362.89907080586624,1179588764.9003558,25103923.82688124,1154484841.0734746,0.3381619335306018,,1706501562.2688682,0.0,0.676521408828092
0.0,140437000.0,shutdown,0.0,0.0,0.0,0.0,0.0,0.0,0.011942045724994911,4,240,0.0,14.63,0.0,1.0,567.279923475184,1445.0192143426955,11210.616829613771,2545018854.5197268,2259509895.652417,362.89907080586624,1179588764.9066992,25103923.827308595,1154484841.0793905,0.33816193353233465,,1708753260.6528835,0.0,0.6756299271893023
0.0,140437000.0,shutdown,0.0,0.0,0.0,0.0,0.0,0.0,0.011942045724994911,5,240,0.0,14.29,0.0,1.0,567.279923475184,1445.0192143444701,11210.61682949951,2545018854.493787,2259509895.629388,362.89907080586624,1179588764.9303856,25103923.82796458,1154484841.102421,0.3381619335390806,,1710767938.1543708,0.0,0.6748342749209545
62472502.38386269,140437000.0,direct_plus_discharge,75814434.9534356,0.0,13341932.569572907,0.0,94.54119532287638,0.0,0.0,6,240,251.3616735525493,14.03,76669563.06019555,261.05107354755273,663.7958533664843,1445.0192143427053,11210.616829613817,2545018854.519737,2338426598.367626,367.2323988573852,1177341625.251766,25953788.66589134,1151387836.5858746,0.32984727307630846,18.827036314496432,1712308573.8908029,43499778.99486673,0.6557594026099542
174951776.9669102,140437000.0,charging,140437000.0,34514776.96691021,0.0,244.57238512775876,0.0,0.0,0.03089335391087479,7,240,583.6294855751008,14.29,142363522.5478887,731.0632270760666,665.9912318820374,1445.0192141639982,11210.616829436745,2545018854.4795384,2397863804.6718626,371.50401390870115,1183598378.3516433,27025183.02348185,1156573195.3281615,0.32521230970774234,10.219631642978186,1710767938.1543708,80919814.33941008,0.6455216282627215
206040811.18802595,140437000.0,charging,140437000.0,65603811.18802595,0.0,464.86989010849175,0.0,0.0,0.08961376108247375,8,240,696.9614461346141,17.1,142705399.10092297,860.973594826523,665.9916116361866,1445.019214300552,11210.616829209195,2545018854.4278803,2398173442.522112,371.526321821019,1183630617.0554314,27367059.577544384,1156263557.477887,0.32509399225760205,10.193204810759555,1694117221.1567845,80512060.07780376,0.6515521690668195
207312658.33370495,140437000.0,charging,140437000.0,66875658.33370495,0.0,473.88222387599257,0.0,0.0,0.1494725683089149,9,240,747.2461916851703,18.97,142719385.21303654,866.2882060570419,665.991627133189,1445.0192143024692,11210.616829320428,2545018854.453132,2398186109.847915,371.52723444964,1183631935.8411138,27381045.689029664,1156250890.152084,0.32508915236865904,10.192126388096765,1683036494.8986044,80119218.6195088,0.6557848982294131
203696488.5297884,140437000.0,charging,140437000.0,63259488.529788405,0.0,448.2579738679815,0.0,0.0,0.20609462816592308,10,240,793.8924662870717,20.8,142679619.30526087,851.1774777618599,665.9915830635053,1445.019214165248,11210.616829349723,2545018854.4597826,2398150093.653556,371.5246396281608,1183628186.127251,27341279.780804504,1156286906.3464465,0.3251029134224657,10.19519315858394,1672192789.5229518,79704838.29998472,0.6600196769393148
185005891.93769306,140437000.0,charging,140437000.0,44568891.93769306,0.0,315.81604059482163,0.0,0.0,0.2459871806621111,11,240,772.4850433031744,22.56,142474084.5597409,773.075911161719,665.9913548926426,1445.01921429931,11210.616829296356,2545018854.447667,2397963940.3997736,371.5112281499625,1183608804.63667,27135745.0364454,1156473059.6002247,0.3251740437589567,10.211071401902718,1661763870.6917236,79213486.3017463,0.6642665712765857
179942052.25792107,140437000.0,charging,140437000.0,39505052.25792107,0.0,279.93357351199023,0.0,0.0,0.2813472110004678,12,240,766.9098982964833,24.11,142418399.0713294,751.9158689954131,665.9912929611497,1445.019214160316,11210.616829439856,2545018854.480244,2397913506.16931,371.50759462683106,1183603553.3776069,27080059.546915025,1156523493.8306918,0.32519331643675253,10.215381178641051,1652579311.4937668,78851061.54697384,0.6679584185644171
197340247.87382725,140437000.0,charging,140437000.0,56903247.87382725,0.0,403.21752817236455,0.0,0.0,0.33227995140118755,13,240,806.5426929627857,25.31,142609721.6805759,824.6169369855411,665.991505541544,1445.0192143061497,11210.616829231263,2545018854.43289,2398086787.074934,371.52007866386816,1183621595.0815675,27271382.1565029,1156350212.9250646,0.32512710232897407,10.200587848942302,1645468685.017929,78700051.3940536,0.6706711405354931
211280874.6833371,140437000.0,charging,140437000.0,70843874.68333709,0.0,502.00108259737294,0.0,0.0,0.39569061446611886,14,240,800.0399377340522,26.09,142763022.46846473,882.870015631041,665.9916754649997,1445.0192142993064,11210.616829296272,2545018854.447648,2398225632.394651,371.5300818974341,1183636050.550497,27424682.945147723,1156211367.6053493,0.32507405196844275,10.188763022305004,1640846777.808635,78617465.6735758,0.6724253627186934
226386716.15069103,140437000.0,charging,140437000.0,85949716.15069103,0.0,609.0413708940204,0.0,0.0,0.47262215605273195,15,240,787.5428072262483,26.37,142929136.76377127,945.9921250618698,665.9918591805242,1445.0192142091553,11210.616829639961,2545018854.525672,2398376083.767287,371.5409214102177,1183651713.5551622,27590797.322453734,1156060916.2327085,0.3250165723808983,10.1759784522548,1639187631.630939,78648868.98968633,0.6729749401733187
226176561.3386532,140437000.0,charging,140437000.0,85739561.3386532,0.0,607.5522097826668,0.0,0.0,0.5493655930779109,16,240,740.8449564918305,26.1,142926825.75590646,945.1139604742472,665.9918566275701,1445.0192142042245,11210.61682973014,2545018854.546144,2398373990.6783915,371.5407706079544,1183651495.636245,27588486.314635552,1156063009.3216095,0.32501737200509506,10.176156109294167,1640787522.5880024,78705541.09330294,0.6723278120393027
183973196.4336155,140437000.0,charging,140437000.0,43536196.433615506,0.0,308.49834004050246,0.0,0.0,0.588333804451448,17,240,602.5738237149125,25.22,142462728.32471722,768.7606322838103,665.9913422665506,1445.0192143042382,11210.616829292167,2545018854.4467163,2397953655.06768,371.5104871448773,1183607733.7337434,27124388.801424436,1156483344.932319,0.3251779740925569,10.21195004403154,1646001982.0036168,78638168.5255098,0.6705650129840159
79148934.05765454,140437000.0,direct_plus_discharge,140437000.0,0.0,61288065.942345455,0.0,434.2884348277058,0.0,0.5334763179468957,18,240,296.7089972095202,23.83,142079738.65961707,330.7361385804256,660.5188350839445,1445.0192143513013,11210.616829520415,2545018854.498533,2397606783.8389435,371.4854971860487,1183571615.379726,26741399.218669295,1156830216.1610565,0.32531053890177875,10.241664514311273,1654238457.6714623,78198379.72490844,0.6677474128867078
0.0,140437000.0,discharging,140437000.0,0.0,140437000.0,0.0,995.1393307022093,0.0,0.4077745077529324,19,240,0.0,21.99,142209441.5168375,1.0,654.15,1445.0192143024599,11210.616829320319,2545018854.4531074,2397724254.384676,371.4939601536479,1183583847.6081243,26871101.992800508,1156712745.6153238,0.32526564158773186,10.23158352802277,1665141418.2677464,78047254.60362276,0.6635614168545474
0.0,140437000.0,discharging,140437000.0,0.0,140437000.0,0.0,995.1393307022093,0.0,0.28207269755896913,20,240,0.0,20.82,142209441.5168375,1.0,654.15,1445.0192141571672,11210.616829329812,2545018854.4552627,2397724254.3866024,371.49396015364005,1183583847.606486,26871101.99308821,1156712745.6133978,0.3252656415871903,10.231583528010887,1672074279.081688,78301607.6519675,0.6608367690507428
0.0,140437000.0,discharging,140437000.0,0.0,140437000.0,0.0,995.1393307022093,0.0,0.15637088736500585,21,240,0.0,19.95,142209441.5168375,1.0,654.15,1445.0192143476363,11210.61682960969,2545018854.5188,2397724254.443249,371.49396015340847,1183583847.6327367,26871102.075986955,1156712745.5567498,0.325265641571261,10.231583527662547,1677229483.2766702,78490741.96996741,0.6588252096909454
0.0,140437000.0,discharging,140437000.0,0.0,140437000.0,0.0,995.1393307022093,0.0,0.03066907717104256,22,240,0.0,19.47,142209441.5168375,1.0,654.15,1445.0192143426843,11210.616829613698,2545018854.51971,2397724254.4440575,371.49396015340506,1183583847.6318772,26871102.075934555,1156712745.5559425,0.32526564157103394,10.231583527657607,1680073733.8670053,78595091.9385191,0.6577206171981428
0.0,140437000.0,shutdown,0.0,0.0,0.0,0.0,0.0,0.0,0.03066907717104256,23,240,0.0,18.66,0.0,1.0,567.279923475184,1445.0192141584043,11210.616829328726,2545018854.455016,2259509895.5949078,362.89907080586624,1179588764.8812706,25103923.744431913,1154484841.1368387,0.3381619335491619,,1684873406.7381954,0.0,0.6852056875726027
0.0,140437000.0,shutdown,0.0,0.0,0.0,0.0,0.0,0.0,0.03066907717104256,0,241,0.0,18.03,0.0,1.0,567.279923475184,1445.0192143073932,11210.616829316237,2545018854.452181,2259509895.592449,362.89907080586624,1179588764.8835442,25103923.74418235,1154484841.1393619,0.33816193354990093,,1688606485.6380107,0.0,0.6836908723012276
0.0,140437000.0,shutdown,0.0,0.0,0.0,0.0,0.0,0.0,0.03066907717104256,1,241,0.0,17.56,0.0,1.0,567.279923475184,1445.0192142005485,11210.616829647219,2545018854.5273194,2259509895.6591587,362.89907080586624,1179588764.8995013,25103923.826848935,1154484841.0726523,0.33816193353036095,,1691391481.0077133,0.0,0.6825651270188628
0.0,140437000.0,shutdown,0.0,0.0,0.0,0.0,0.0,0.0,0.03066907717104256,2,241,0.0,17.24,0.0,1.0,567.279923475184,1445.0192143444729,11210.616829585595,2545018854.51333,2259509895.6467385,362.89907080586624,1179588764.9131157,25103923.828044347,1154484841.0850713,0.33816193353399865,,1693287648.067937,0.0,0.6818007811031713
0.0,140437000.0,shutdown,0.0,0.0,0.0,0.0,0.0,0.0,0.03066907717104256,3,241,0.0,16.96,0.0,1.0,567.279923475184,1445.0192143476283,11210.61682960961,2545018854.5187817,2259509895.6515784,362.89907080586624,1179588764.9075487,25103923.82731574,1154484841.0802329,0.3381619335325814,,1694946794.2456324,0.0,0.681133381295345
0.0,140437000.0,shutdown,0.0,0.0,0.0,0.0,0.0,0.0,0.03066907717104256,4,241,0.0,16.68,0.0,1.0,567.279923475184,1445.0192142042317,11210.616829644157,2545018854.5266247,2259509895.6585417,362.89907080586624,1179588764.900138,25103923.826867662,1154484841.0732703,0.33816193353054197,,1696605940.4233277,0.0,0.6804672868145267
0.0,140437000.0,shutdown,0.0,0.0,0.0,0.0,0.0,0.0,0.03066907717104256,5,241,0.0,16.37,0.0,1.0,567.279923475184,1445.0192141973837,11210.616829709164,2545018854.5413823,2259509895.6716437,362.89907080586624,1179588764.8877907,25103923.82762375,1154484841.0601668,0.3381619335267038,,1698442852.2629192,0.0,0.6797313430487165
72702824.19539642,140437000.0,direct_plus_discharge,106967033.94721866,0.0,34264209.75182223,0.0,242.79686093742026,0.0,0.0,6,241,281.2328898620014,15.1,108198327.69338775,303.80006533962285,661.9508760160529,1445.019214307399,11210.616829230225,2545018854.432654,2366936964.759885,369.2786014726115,1180360023.4094684,26329954.222101558,1154030069.187367,0.3276448291153203,13.393194789594183,1705968265.2831805,61082795.27605067,0.6530824688349091
168958699.41627747,140437000.0,charging,140437000.0,28521699.41627747,0.0,202.1053203045063,0.0,0.0,0.025529093091095533,7,241,564.3500972724893,17.06,142297618.5162428,706.0202198529313,665.991158466834,1445.0192143476277,11210.616829609628,2545018854.5187855,2397804115.7407293,371.49971366577444,1183592163.3346477,26959279.075375766,1156632884.2592719,0.32523512043456076,10.224740574559378,1694354242.0393124,80290501.23759,0.6517546053321837
196000057.27323115,140437000.0,charging,140437000.0,55563057.27323115,0.0,393.7209113456694,0.0,0.0,0.07526226084002219,8,241,665.2598632459452,19.93,142594984.01649612,819.0167419926426,665.9914891866292,1445.0192143395502,11210.616829589755,2545018854.514274,2398073439.2042875,371.51911700450444,1183620205.372055,27256644.576343358,1156363560.7957118,0.3251322025680359,10.201725974502141,1677347993.7179341,79843824.88893034,0.6580747466218566
214497778.01024348,140437000.0,charging,140437000.0,74060778.01024348,0.0,524.7961225346496,0.0,0.0,0.14155229737071479,9,241,771.6614266822957,22.16,142798397.76552588,896.3123468158581,665.9917146243748,1445.019214160327,11210.616829353898,2545018854.46073,2398257672.0863028,371.5323902391145,1183639386.1547647,27460058.24106519,1156179327.9136994,0.3250618108240382,10.186037959574595,1664134079.5170026,79479599.7712872,0.6630937469965422
201679903.47902954,140437000.0,charging,140437000.0,61242903.479029536,0.0,433.9684127287072,0.0,0.0,0.19636936003118305,10,241,788.6274380217541,23.97,142657443.53932342,842.7508632944918,665.9915584770519,1445.0192143061417,11210.616829317225,2545018854.452405,2398130008.953508,371.5231926102972,1183626095.0617898,27319104.015296146,1156306991.0464935,0.3251105875115772,10.19690410922115,1653408884.5826142,79013424.20470856,0.6674509934335215
191223687.28042758,140437000.0,charging,140437000.0,50786687.280427575,0.0,359.87546009119467,0.0,0.0,0.24182731288480766,11,241,799.4328965253436,25.66,142542459.743869,799.05793665105,665.9914308711001,1445.0192143005518,11210.616829209212,2545018854.427884,2398025867.7970734,371.5156897128495,1183615252.423421,27204120.220494237,1156411132.2029266,0.32515037998061963,10.205784110530544,1643394752.2958097,78588014.6538552,0.6715579008095436
185330195.82971886,140437000.0,charging,140437000.0,44893195.82971886,0.0,318.1140643211521,0.0,0.0,0.28201014206221636,12,241,792.0033372922225,26.94,142477650.82995555,774.4310654446191,665.991358857279,1445.0192141652394,11210.616829435698,2545018854.4793,2397967170.396253,371.51146085252446,1183609140.9092975,27139311.3055493,1156469829.603748,0.3251728094885874,10.210795505082618,1635810084.0549164,78278442.1331293,0.6746850071831567
207678190.43316677,140437000.0,charging,140437000.0,67241190.43316677,0.0,476.4723914871535,0.0,0.0,0.3421961283553305,13,241,850.2457895993972,27.87,142723404.85717615,867.8156388208886,665.9916315865058,1445.0192143061547,11210.61682931735,2545018854.4524336,2398189750.4634333,371.52749674168194,1183632314.8697505,27385065.33318408,1156247249.5365665,0.32508776138103906,10.191816485815867,1630299348.536142,78214186.88432729,0.6767562712062514
217668329.3707343,140437000.0,charging,140437000.0,77231329.3707343,0.0,547.2627115306822,0.0,0.0,0.4113240498118377,14,241,826.5237773616437,28.36,142833263.344256,909.5609890954258,665.9917532005574,1445.0192141534794,11210.616829332872,2545018854.455957,2398289250.1402392,371.5346653280104,1183642673.6802475,27494923.820486203,1156147749.8597612,0.3250497462939018,10.183353482350004,1627395842.7251751,78169313.64222749,0.6778678290556674
219472210.54544815,140437000.0,charging,140437000.0,79035210.54544815,0.0,560.0450488411564,0.0,0.0,0.4820665822970364,15,241,768.0180655306063,28.4,142853100.07104978,917.0987873145214,665.9917751400363,1445.0192143061472,11210.616829317285,2545018854.4524183,2398307216.4483175,371.5359597403947,1183644544.0987213,27514760.547038175,1156129783.5516832,0.32504288229631667,10.18182673708736,1627158821.8426473,78171592.07890184,0.6779506036563709
219313348.9393017,140437000.0,charging,140437000.0,78876348.9393017,0.0,558.9193523906848,0.0,0.0,0.5526669215463861,16,241,721.1281879062215,28.01,142851353.1187979,916.434959370261,665.9917732081462,1445.0192143476374,11210.616829523635,2545018854.499264,2398305634.2584524,371.5358457456808,1183644379.4194238,27513013.67787476,1156131365.741549,0.32504348677034367,10.181961175013319,1629469775.4472945,78254288.65654434,0.6770012732403881
181657061.93057466,140437000.0,charging,140437000.0,41220061.93057466,0.0,292.0861656194285,0.0,-7.450580596923828e-09,0.5895620161509455,17,241,595.198637889787,27.2,142437258.5055314,759.0823038124423,665.9913139413806,1445.019214153458,11210.616829418805,2545018854.4754653,2397930587.1153674,371.50882521792977,1183605331.8664289,27098918.981797215,1156506412.8846316,0.3251867891437548,10.213921176011965,1634269448.318485,78200639.05331154,0.6753440082913057
68440472.32030113,140437000.0,direct_plus_discharge,140437000.0,0.0,71996527.67969887,0.0,510.16880428988526,0.0,0.5251196408722232,18,241,263.8575522275488,25.9,142096930.77151296,285.98916469738333,659.6002315251021,1445.0192141603154,11210.616829439883,2545018854.4802504,2397622354.52029,371.48661894618084,1183573236.7268162,26758591.247106485,1156814645.4797096,0.3253045875857869,10.240327222151324,1641972627.0006425,77672927.99491027,0.6727052805266613
0.0,140437000.0,discharging,140437000.0,0.0,140437000.0,0.0,995.1393307022093,0.0,0.39941783067825987,19,241,0.0,24.08,142209441.51682922,1.0,654.1499999999967,1445.0192143024676,11210.61682923437,2545018854.433595,2397724254.3672776,371.4939601537186,1183583847.6254702,26871101.992756963,1156712745.6327133,0.32526564159262256,10.231583528130251,1652757077.1556628,77592897.44888249,0.6684848513937585
0.0,140437000.0,discharging,140437000.0,0.0,140437000.0,0.0,995.1393307022093,0.0,0.27371602048429655,20,241,0.0,22.74,142209441.5168376,1.0,654.15,1445.0192143444888,11210.61682958569,2545018854.5133514,2397724254.4383883,371.4939601534283,1183583847.638331,26871102.076719534,1156712745.5616114,0.32526564157262805,10.231583527692461,1660697276.720348,77884207.7777608,0.6653198345175807
0.0,140437000.0,discharging,140437000.0,0.0,140437000.0,0.0,995.1393307022093,0.0,0.1480142102903333,21,241,0.0,21.22,142209441.5168375,1.0,654.15,1445.0192143513088,11210.61682952045,2545018854.498541,2397724254.4251833,371.4939601534823,1183583847.6507168,26871102.075901404,1156712745.5748153,0.3252656415763409,10.231583527773664,1669704070.256409,78214649.34484108,0.661765751807209
0.0,140437000.0,discharging,140437000.0,0.0,140437000.0,0.0,995.1393307022093,0.0,0.022312400096370005,22,241,0.0,21.25,142209441.5168375,1.0,654.15,1445.0192142005565,11210.616829733319,2545018854.546866,2397724254.468266,371.49396015330603,1183583847.6073155,26871102.075581595,1156712745.531734,0.32526564156422655,10.231583527508764,1669526304.5945127,78208127.47180663,0.6618355307929538
0.0,140437000.0,shutdown,0.0,0.0,0.0,0.0,0.0,0.0,0.022312400096370005,23,241,0.0,20.29,0.0,1.0,567.279923475184,1445.0192143042252,11210.616829292063,2545018854.4466925,2259509895.5875616,362.89907080586624,1179588764.8891,25103923.744866587,1154484841.1442335,0.3381619335513279,,1675214805.775183,0.0,0.6891563023226811
0.0,140437000.0,shutdown,0.0,0.0,0.0,0.0,0.0,0.0,0.022312400096370005,0,242,0.0,19.56,0.0,1.0,567.279923475184,1445.0192143463692,11210.616829524579,2545018854.499478,2259509895.6344404,362.89907080586624,1179588764.924602,25103923.827232543,1154484841.0973694,0.3381619335376009,,1679540436.8813176,0.0,0.6873813906148599
0.0,140437000.0,shutdown,0.0,0.0,0.0,0.0,0.0,0.0,0.022312400096370005,1,242,0.0,18.89,0.0,1.0,567.279923475184,1445.0192142054857,11210.616829729195,2545018854.5459294,2259509895.675681,362.89907080586624,1179588764.8830822,25103923.826952625,1154484841.0561295,0.3381619335255212,,1683510536.6636603,0.0,0.6857603893255454
0.0,140437000.0,shutdown,0.0,0.0,0.0,0.0,0.0,0.0,0.022312400096370005,2,242,0.0,18.31,0.0,1.0,567.279923475184,1445.019214339536,11210.616829503668,2545018854.494731,2259509895.6302257,362.89907080586624,1179588764.9295373,25103923.827953026,1154484841.1015842,0.33816193353883545,,1686947339.4603148,0.0,0.6843632958162909
0.0,140437000.0,shutdown,0.0,0.0,0.0,0.0,0.0,0.0,0.022312400096370005,3,242,0.0,17.75,0.0,1.0,567.279923475184,1445.019214168938,11210.616829432658,2545018854.4786105,2259509895.615914,362.89907080586624,1179588764.8597088,25103923.74381212,1154484841.1158967,0.33816193354302776,,1690265631.8157058,0.0,0.6830197688370044
0.0,140437000.0,shutdown,0.0,0.0,0.0,0.0,0.0,0.0,0.022312400096370005,4,242,0.0,17.16,0.0,1.0,567.279923475184,1445.0192143110742,11210.616829313101,2545018854.451469,2259509895.591817,362.89907080586624,1179588764.8841763,25103923.74418275,1154484841.1399934,0.33816193355008595,,1693761689.8329926,0.0,0.6816099620566027
0.0,140437000.0,shutdown,0.0,0.0,0.0,0.0,0.0,0.0,0.022312400096370005,5,242,0.0,16.31,0.0,1.0,567.279923475184,1445.0192142956262,11210.61682921336,2545018854.428826,2259509895.5717144,362.89907080586624,1179588764.9048994,25103923.744802896,1154484841.1600964,0.33816193355597435,,1698798383.586711,0.0,0.6795890862119888
52475970.17774046,140437000.0,direct_plus_discharge,77403905.00619528,0.0,24927934.828454822,0.0,176.63983409626255,0.0,0.0,6,242,220.19701286871518,15.79,78295113.00324555,219.2790080054018,661.9257654878832,1445.0192142042197,11210.616829730106,2545018854.546137,2339895806.280178,367.337706346417,1177497967.2818549,25989868.555771705,1151508098.7260833,0.3297281763040434,18.439685400137666,1701879655.0595737,44118183.911380656,0.6595129003165044
168411209.42055002,140437000.0,charging,140437000.0,27974209.42055002,0.0,198.22579547903746,0.0,0.0,0.02503904784998368,7,242,562.3266553048254,17.64,142291597.9370203,703.7324477021855,665.9911517567003,1445.0192142091598,11210.61682963998,2545018854.5256763,2397798662.9431224,371.49932082390137,1183591595.5526102,26953258.495735053,1156638337.056875,0.32523720431919384,10.22520753033575,1690917439.242658,80163184.28623061,0.6530692740301491
186169967.55704674,140437000.0,charging,140437000.0,45732967.55704674,0.0,324.0647032174238,0.0,0.0,0.06597353667744774,8,242,635.1209418612048,20.23,142486885.5415189,777.9401822974515,665.9913691226235,1445.019214335863,11210.616829592864,2545018854.5149803,2397975534.301088,371.512063426881,1183610011.8002708,27148546.101347733,1156461465.698923,0.3251696134183376,10.210081145910351,1675570337.0989747,79719101.42557488,0.6588437441240542
191926083.3530224,140437000.0,charging,140437000.0,51489083.3530224,0.0,364.85265240924383,0.0,0.0,0.11206018750808906,9,242,698.4788887736407,22.18,142550183.7775735,801.9930079513766,665.9914394494665,1445.0192143513025,11210.616829606462,2545018854.518067,2398032863.544174,371.51619371685365,1183615980.7925217,27211844.336695757,1156404136.455826,0.3251477068228956,10.205187147494817,1664015569.0757387,79337140.36393492,0.6633219601485593
196727043.04852986,140437000.0,charging,140437000.0,56290043.04852986,0.0,398.8723467783601,0.0,0.0,0.16244406289061875,10,242,774.2625367807528,23.76,142602978.4556033,822.0545651925119,665.9914980587643,1445.0192143061483,11210.616829231218,2545018854.43288,2398080679.7166266,371.51963865614937,1183620959.2148921,27264638.931518987,1156356320.283373,0.3251294359500036,10.201108569835762,1654653244.215886,79028217.43137585,0.6669946849317164
185912781.37103403,140437000.0,charging,140437000.0,45475781.37103402,0.0,322.24227686956283,0.0,7.450580596923828e-09,0.2031483504951951,11,242,784.3006640057805,24.94,142484057.344075,776.8654897943774,665.9913659789285,1445.0192141937132,11210.616829712337,2545018854.5421023,2397972972.828197,371.5118788839141,1183609745.0753233,27145717.90352036,1156464027.171803,0.32517059222681616,10.210299913550205,1647661128.1813123,78709848.21260236,0.6698815277742058
176233353.74355316,140437000.0,charging,140437000.0,35796353.74355316,0.0,253.6536632507033,0.0,0.0,0.23518881322159974,12,242,762.8755427365118,25.8,142377615.65376434,736.4184950837505,665.9912475725461,1445.019214351307,11210.616829520453,2545018854.498542,2397876568.7630095,371.50493348837966,1183599707.449818,27039276.212827444,1156560431.2369905,0.3252074318953842,10.218539747967588,1642565179.2069619,78467183.86530994,0.6720155042130505
185184637.22940496,140437000.0,charging,140437000.0,44747637.229404956,0.0,317.0826332303831,0.0,0.0,0.2752413563664903,13,242,771.6422974928282,26.76,142476050.16676995,773.8228261805259,665.9913570778398,1445.019214347619,11210.61682960959,2545018854.518777,2397965720.711949,371.51135640750584,1183608990.013941,27137710.725889575,1156471279.2880514,0.3251733634572971,10.210919334943677,1636876678.026292,78316070.08384258,0.6742514977178489
220030889.0074442,140437000.0,charging,140437000.0,79593889.0074442,0.0,564.0038553575906,0.0,0.0,0.34648394862218596,14,242,840.5746288606725,27.74,142859243.68636563,919.4333122127811,665.9917819336589,1445.0192141937123,11210.616829712364,2545018854.5421085,2398312780.8610387,371.5363606318962,1183645123.384781,27520904.245817587,1156124219.1389632,0.32504075644577496,10.18135397561203,1631069666.404358,78316528.5976194,0.6763388065957945
31050574.609646417,140437000.0,direct_plus_discharge,140437000.0,0.0,109386425.39035359,0.0,775.1143512810985,0.0,0.2485747674077314,15,242,164.25686699612945,27.19,142156959.1230153,129.74965827862198,656.5302484636159,1445.0192143110828,11210.616829227143,2545018854.431955,2397676721.5279827,371.4905357229145,1183578898.0709782,26818619.59896216,1156760278.472016,0.32528380827073644,10.235660439192333,1634328703.5391169,77125041.39657328,0.6758933929093612
92550106.60615894,140437000.0,direct_plus_discharge,140437000.0,0.0,47886893.39384106,0.0,339.32746385464685,0.0,0.20571235092082865,16,242,338.45854568529336,26.23,142058223.48184466,386.73502364328385,661.6945524495176,1445.0192141689256,11210.616829432576,2545018854.4785914,2397587297.7841454,371.48409335500037,1183569586.173298,26719883.957438894,1156849702.215859,0.32531798680257606,10.243338533165655,1640017204.7197871,77784774.6699182,0.673447647689206
0.0,140437000.0,discharging,140437000.0,0.0,140437000.0,0.0,995.1393307022093,0.0,0.08001054072686536,17,242,58.437596625885206,25.38,142209441.51683,1.0,654.1499999999955,1445.0192143042316,11210.616829206083,2545018854.4271736,2397724254.3615503,371.49396015374197,1183583847.631907,26871101.993463777,1156712745.6384432,0.3252656415942337,10.231583528165451,1645053898.4735053,77310282.95072201,0.6715843014582169
50045582.14538731,140437000.0,direct_plus_discharge,139435228.0917781,0.0,89389645.94639078,0.0,633.4167807543508,0.0,0.0,18,242,209.42571977814768,24.58,141112066.81160685,209.12325338099922,658.0933288396702,1445.0192143024697,11210.616829320385,2545018854.453122,2396730387.815882,371.4223610521799,1183480339.4717078,26775499.19580882,1156704840.275899,0.3253638193502256,10.310361110503377,1649794316.1240637,77271128.4360481,0.6697515973811373
0.0,140437000.0,shutdown,0.0,0.0,0.0,0.0,0.0,0.0,0.0,19,242,0.0,21.85,0.0,1.0,567.279923475184,1445.0192142091717,11210.616829726112,2545018854.54523,2259509895.675027,362.89907080586624,1179588764.883717,25103923.82696693,1154484841.05675,0.338161933525703,,1665970991.356594,0.0,0.6929801581458854
0.0,140437000.0,shutdown,0.0,0.0,0.0,0.0,0.0,0.0,0.0,20,242,0.0,20.41,0.0,1.0,567.279923475184,1445.0192141571597,11210.61682932979,2545018854.4552574,2259509895.595181,362.89907080586624,1179588764.8810627,25103923.744432893,1154484841.1366298,0.33816193354910073,,1674503743.127599,0.0,0.6894489462175283
0.0,140437000.0,shutdown,0.0,0.0,0.0,0.0,0.0,0.0,0.0,21,242,0.0,19.58,0.0,1.0,567.279923475184,1445.019214302461,11210.616829320365,2545018854.4531174,2259509895.593281,362.89907080586624,1179588764.8826938,25103923.744164165,1154484841.1385295,0.3381619335496572,,1679421926.4400537,0.0,0.6874298965393069
0.0,140437000.0,shutdown,0.0,0.0,0.0,0.0,0.0,0.0,0.0,22,242,0.0,18.86,0.0,1.0,567.279923475184,1445.0192143073946,11210.616829230177,2545018854.4326434,2259509895.5751038,362.89907080586624,1179588764.9008174,25103923.744110312,1154484841.156707,0.3381619335549816,,1683688302.3255558,0.0,0.685687986049497
0.0,140437000.0,shutdown,0.0,0.0,0.0,0.0,0.0,0.0,0.0,23,242,0.0,18.4,0.0,1.0,567.279923475184,1445.0192142956262,11210.616829299408,2545018854.44836,2259509895.589057,362.89907080586624,1179588764.887626,25103923.744872507,1154484841.1427534,0.33816193355089436,,1686414042.4746273,0.0,0.6845797129681592
0.0,140437000.0,shutdown,0.0,0.0,0.0,0.0,0.0,0.0,0.0,0,243,0.0,17.88,0.0,1.0,567.279923475184,1445.0192141603152,11210.616829439856,2545018854.480244,2259509895.6173644,362.89907080586624,1179588764.8582227,25103923.74377478,1154484841.1144478,0.3381619335426033,,1689495313.94749,0.0,0.6833311886595322
0.0,140437000.0,shutdown,0.0,0.0,0.0,0.0,0.0,0.0,0.0,1,243,0.0,17.32,0.0,1.0,567.279923475184,1445.0192143463746,11210.616829524592,2545018854.4994807,2259509895.6344433,362.89907080586624,1179588764.9246066,25103923.82723718,1154484841.0973694,0.3381619335376009,,1692813606.302881,0.0,0.6819917070602793
0.0,140437000.0,shutdown,0.0,0.0,0.0,0.0,0.0,0.0,0.0,2,243,0.0,16.93,0.0,1.0,567.279923475184,1445.019214340792,11210.616829588716,2545018854.514038,2259509895.6473675,362.89907080586624,1179588764.9124842,25103923.828040417,1154484841.0844438,0.3381619335338148,,1695124559.9075282,0.0,0.6810619516641437
0.0,140437000.0,shutdown,0.0,0.0,0.0,0.0,0.0,0.0,0.0,3,243,0.0,16.41,0.0,1.0,567.279923475184,1445.0192142042388,11210.616829644208,2545018854.526636,2259509895.658552,362.89907080586624,1179588764.900143,25103923.826883327,1154484841.0732596,0.33816193353053886,,1698205831.3803911,0.0,0.6798262140784392
0.0,140437000.0,shutdown,0.0,0.0,0.0,0.0,0.0,0.0,0.0,4,243,0.0,15.91,0.0,1.0,567.279923475184,1445.0192143024658,11210.61682932041,2545018854.453128,2259509895.5932903,362.89907080586624,1179588764.8826966,25103923.744176976,1154484841.1385198,0.3381619335496543,,1701168592.4119902,0.0,0.6786422264601308
0.0,140437000.0,shutdown,0.0,0.0,0.0,0.0,0.0,0.0,0.0,5,243,0.0,15.42,0.0,1.0,567.279923475184,1445.0192141937086,11210.61682971229,2545018854.542092,2259509895.6722736,362.89907080586624,1179588764.8871586,25103923.827622462,1154484841.0595362,0.3381619335265191,,1704072098.222957,0.0,0.6774859128692137
46766492.03677662,140437000.0,direct_partial,46766492.03677662,0.0,0.0,0.0,0.0,0.0,0.0,6,243,203.1601117214117,14.95,47283400.40849258,195.42106505096845,665.6710570907834,1445.0192143476206,11210.616829523551,2545018854.4992447,2311880576.1833835,365.3325192690216,1174501484.784203,25615568.93076902,1148885915.853434,0.3319248333487646,30.414872329530834,1706857093.5926602,26819317.566704087,0.6626876321661075
162966584.93788344,140437000.0,charging,140437000.0,22529584.937883437,0.0,159.6450798299871,0.0,0.0,0.02016569429431416,7,243,546.3520183012969,16.27,142231725.07521018,680.9812369770242,665.9910849955227,1445.0192143024583,11210.616829320305,2545018854.453104,2397744436.4287033,371.4954141418553,1183585949.1224656,26893385.551169697,1156692563.571296,0.3252579283333493,10.229853417399791,1699035404.469239,80422030.02269447,0.6500254185071599
196264778.28287366,140437000.0,charging,140437000.0,55827778.28287367,0.0,395.59672960124635,0.0,-7.450580596923828e-09,0.07013580750710317,8,243,667.6822497206181,18.92,142597895.0720679,820.1229199288672,665.9914924173993,1445.019214202326,11210.616829619066,2545018854.5209284,2398076075.7608385,371.5193069559783,1183620479.8706336,27259555.63147195,1156360924.2391617,0.3251311951349311,10.201501147606375,1683332771.0017643,80061710.01882653,0.6557585025274099
202346205.60596234,140437000.0,charging,140437000.0,61909205.605962336,0.0,438.68984264134684,0.0,0.0,0.1255492613144312,9,243,735.3728990094438,21.33,142664770.65899974,845.5351104257186,665.9915666015337,1445.0192142042306,11210.616829730183,2545018854.546154,2398136645.241654,371.52367072041227,1183626785.9760885,27326431.21774518,1156300354.7583435,0.3251080518741431,10.196338732787222,1669052262.8294573,79583008.41080269,0.6612587391870522
198578423.7497617,140437000.0,charging,140437000.0,58141423.7497617,0.0,411.9912666634248,0.0,0.0,0.17759026341928486,10,243,784.6513629077735,23.39,142623337.52008832,829.7908475753122,665.9915206485301,1445.0192143513084,11210.616829606515,2545018854.5180793,2398099119.059834,371.52096712277864,1183622879.0193915,27284998.07922627,1156337880.9401653,0.3251223903137407,10.199536565088666,1656845687.3792691,79118738.44197641,0.66610689927769
179799829.5241854,140437000.0,charging,140437000.0,39362829.52418539,0.0,278.92578043708573,0.0,0.0,0.21282299357975887,11,243,765.5607504792046,25.04,142416835.0916435,751.3215691689641,665.9912912210469,1445.0192143395343,11210.616829503628,2545018854.494722,2397912089.689515,371.507492576127,1183603405.9618812,27078495.65139755,1156524910.3104837,0.3251938577331253,10.215502271369061,1647068575.9749925,78651322.51547079,0.6701695398668864
125337188.8122975,140437000.0,direct_plus_discharge,140437000.0,0.0,15099811.187702507,0.0,106.99755761700979,0.0,0.19930751261761026,12,243,568.3481502095847,26.38,142005584.81161356,523.7409491593272,664.7002838192437,1445.0192143476343,11210.616829609657,2545018854.518792,2397539623.665523,371.4806587777765,1183564621.70523,26667245.370754786,1156897376.3344753,0.3253362090531599,10.247436296836234,1639128376.4103074,78014438.94625477,0.6737339294019334
43102193.94520567,140437000.0,direct_plus_discharge,140437000.0,0.0,97334806.05479433,0.0,689.7163407890896,0.0,0.1121854485179358,13,243,239.07803625843,27.25,142137610.61216217,180.10922521581668,657.497196955183,1445.019214165254,11210.616829349723,2545018854.4597826,2397659197.7977233,371.48927325362945,1183577073.289986,26799271.087709002,1156777802.202277,0.3252905058426989,10.237164219674979,1633973172.215325,77197199.57219854,0.6760155629587503
157249921.91856444,140437000.0,charging,140437000.0,16812921.91856444,0.0,119.13669378574535,0.0,0.0,0.1272342940487668,14,243,623.0558921870888,27.88,142168860.6892004,657.0932708902311,665.9910148382305,1445.0192143444747,11210.61682958559,2545018854.5133286,2397687500.7365727,371.49131228798433,1183580020.5124815,26830521.24905569,1156749499.2634258,0.32527968850141803,10.234735643432792,1630240093.3155103,77908095.63418621,0.6771950506089791
147339741.44003156,140437000.0,charging,140437000.0,6902741.440031558,0.0,48.91296094792262,0.0,0.0,0.13341277332639911,15,243,540.1247552261415,27.77,142059881.48071888,615.6820394803736,665.9908930694429,1445.0192143426946,11210.616829613782,2545018854.5197287,2397588799.4499445,371.4842015365348,1183569742.5898948,26721542.03983823,1156848200.5500565,0.3253174128407401,10.243209511973939,1630891900.7424622,77871827.28953263,0.6770088699637915
43384409.15017867,140437000.0,direct_plus_discharge,140437000.0,0.0,97052590.84982133,0.0,687.7165583229958,0.0,0.046543313327704915,16,243,191.01043188489547,27.8,142137157.5241742,181.28850536977885,657.5200917170803,1445.0192142005449,11210.616829647237,2545018854.5273237,2397658787.500749,371.48924368991584,1183577030.5820878,26798818.08283715,1156778212.4992507,0.3252906626651638,10.237199438543573,1630714135.0805662,77080320.33279285,0.6773521303061387
197311164.1118961,140437000.0,charging,140437000.0,56874164.1118961,0.0,403.0114400660787,0.0,0.0,0.09745002154657802,17,243,642.7838858902203,26.82,142609401.8553869,824.4954059601265,665.9915051866583,1445.0192143444813,11210.616829585664,2545018854.5133457,2398086497.4800386,371.520057794391,1183621564.9352214,27271062.415261567,1156350502.51996,0.3251272129901932,10.200612544721308,1636521146.7025003,78376537.10950579,0.6742970810652302
93892941.56068723,140437000.0,direct_plus_discharge,140437000.0,0.0,46544058.43931277,0.0,329.81210908423157,0.0,0.05578954460962245,18,243,339.361790745553,25.28,142056067.60087472,392.34626848061794,661.8140020449217,1445.019214163992,11210.61682935066,2545018854.4599953,2397585345.2128854,371.48395268742695,1183569382.8635006,26717728.076390475,1156851654.78711,0.3253187331119867,10.24350630256752,1645646450.679825,77999108.81315254,0.6711656282324111
0.0,140437000.0,discharging,62329383.03952772,0.0,62329383.03952772,0.0,441.66722815951107,0.0,0.0,19,243,0.0,23.38,63117499.68176577,1.0,654.15,1445.0192143024678,11210.616829320423,2545018854.4531307,2326181048.2796307,366.35530883841227,1176035111.8781247,25886777.118228145,1150148334.7598965,0.3307763786714602,22.829082901454555,1656904942.5999014,34505969.93991145,0.6799934458462494
0.0,140437000.0,shutdown,0.0,0.0,0.0,0.0,0.0,0.0,0.0,20,243,0.0,22.36,0.0,1.0,567.279923475184,1445.0192143407796,11210.616829588584,2545018854.514008,2259509895.647297,362.89907080586624,1179588764.9124691,25103923.82800421,1154484841.084465,0.338161933533821,,1662948975.1043632,0.0,0.6942394856174177
0.0,140437000.0,shutdown,0.0,0.0,0.0,0.0,0.0,0.0,0.0,21,243,0.0,21.48,0.0,1.0,567.279923475184,1445.0192141603,11210.616829353741,2545018854.460695,2259509895.600008,362.89907080586624,1179588764.875488,25103923.7436864,1154484841.1318016,0.3381619335476865,,1668163434.519977,0.0,0.6920693843550232
0.0,140437000.0,shutdown,0.0,0.0,0.0,0.0,0.0,0.0,0.0,22,243,0.0,20.6,0.0,1.0,567.279923475184,1445.0192142042301,11210.616829730174,2545018854.546152,2259509895.6758785,362.89907080586624,1179588764.8828616,25103923.826930426,1154484841.055931,0.33816193352546314,,1673377893.9355915,0.0,0.6899128076448507
0.0,140437000.0,shutdown,0.0,0.0,0.0,0.0,0.0,0.0,0.0,23,243,0.0,19.6,0.0,1.0,567.279923475184,1445.0192143407778,11210.616829502562,2545018854.49448,2259509895.630003,362.89907080586624,1179588764.9297493,25103923.827941883,1154484841.1018074,0.3381619335389008,,1679303415.9987895,0.0,0.6874784092636178
0.0,140437000.0,shutdown,0.0,0.0,0.0,0.0,0.0,0.0,0.0,0,244,0.0,19.09,0.0,1.0,567.279923475184,1445.0192143110705,11210.616829313063,2545018854.45146,2259509895.5918093,362.89907080586624,1179588764.8841717,25103923.74417149,1154484841.1400003,0.338161933550088,,1682325432.2510207,0.0,0.6862434693121485
0.0,140437000.0,shutdown,0.0,0.0,0.0,0.0,0.0,0.0,0.0,1,244,0.0,18.85,0.0,1.0,567.279923475184,1445.0192143427096,11210.616829613848,2545018854.5197434,2259509895.652433,362.89907080586624,1179588764.9067078,25103923.82732913,1154484841.0793786,0.33816193353233115,,1683747557.546188,0.0,0.6856638549557089
0.0,140437000.0,shutdown,0.0,0.0,0.0,0.0,0.0,0.0,0.0,2,244,0.0,18.38,0.0,1.0,567.279923475184,1445.0192141534822,11210.616829332897,2545018854.455963,2259509895.595807,362.89907080586624,1179588764.8804305,25103923.744427193,1154484841.1360033,0.33816193354891716,,1686532552.915891,0.0,0.6845316084412268
0.0,140437000.0,shutdown,0.0,0.0,0.0,0.0,0.0,0.0,0.0,3,244,0.0,17.79,0.0,1.0,567.279923475184,1445.0192143061572,11210.61682931734,2545018854.4524307,2259509895.5926714,362.89907080586624,1179588764.8833344,25103923.74419481,1154484841.1391397,0.33816193354983587,,1690028610.9331777,0.0,0.6831155600979273
0.0,140437000.0,shutdown,0.0,0.0,0.0,0.0,0.0,0.0,0.0,4,244,0.0,17.32,0.0,1.0,567.279923475184,1445.0192143476272,11210.6168295236,2545018854.4992557,2259509895.6342435,362.89907080586624,1179588764.9248235,25103923.82725673,1154484841.0975668,0.3381619335376587,,1692813606.302881,0.0,0.6819917070603959
0.0,140437000.0,shutdown,0.0,0.0,0.0,0.0,0.0,0.0,0.0,5,244,0.0,16.83,0.0,1.0,567.279923475184,1445.0192141973953,11210.616829709259,2545018854.541404,2259509895.671663,362.89907080586624,1179588764.8877954,25103923.82764848,1154484841.060147,0.33816193352669804,,1695717112.113848,0.0,0.680823961032621
24258671.09710968,140437000.0,charging_only,0.0,24258671.09710968,0.0,171.89741819679114,0.0,0.0,0.021713358088015722,6,244,135.68730688241658,16.47,0.0,101.36863245569764,620.5051128569876,1445.0192143073828,11210.61682931616,2545018854.452163,2259509895.5924335,362.89907080586624,1179588764.883538,25368057.259374913,1154220707.6241632,0.33808456579500973,,1697850300.056599,0.0,0.6798130009375305
133098295.97806013,140437000.0,direct_plus_discharge,140437000.0,0.0,7338704.021939874,0.0,52.00220033619956,0.0,0.015144659098179988,7,244,456.3774036804013,17.69,141993124.588465,556.171943280403,665.4400581467584,1445.0192141640075,11210.616829350773,2545018854.4600205,2397528338.5634756,371.47984577377355,1183563446.5005744,26654785.064007975,1156908661.4365664,0.3253405225777694,10.248406733013432,1690621163.139498,79933018.87387738,0.6534161299266168
186558616.44395676,140437000.0,charging,140437000.0,46121616.44395676,0.0,326.81867683689586,0.0,0.0,0.05642701827757736,8,244,637.4691425498951,20.7,142491159.39385256,779.5642121552203,665.9913738730066,1445.0192143395448,11210.616829589755,2545018854.514274,2397979405.1268926,371.51234230035465,1183610414.826805,27152819.95369826,1156457594.873107,0.3251681342771021,10.209750569758622,1672785341.7292717,79620934.89772017,0.6599255037473623
126670208.9002908,140437000.0,direct_plus_discharge,140437000.0,0.0,13766791.099709198,0.0,97.55175118296278,0.0,0.04410469181236101,9,244,484.79995596110433,22.72,142003444.68812335,529.3111810493979,664.826549130853,1445.0192143110796,11210.61682922707,2545018854.431938,2397537685.3078895,371.48051913931704,1183564419.8561616,26665105.164050113,1156899314.6921115,0.325336949945946,10.247602963805548,1660815787.1616118,78807173.06689838,0.66502876838332
32339817.617059454,140437000.0,direct_plus_discharge,81614610.03647682,0.0,49274792.41941737,0.0,349.16214351452464,0.0,0.0,10,244,189.311784644432,24.74,82591210.00693241,135.13696082464236,658.5176984883763,1445.019214165248,11210.616829435752,2545018854.479313,2343779094.3331776,367.6161215978251,1177910776.1493275,26075260.44609771,1151835515.70323,0.3294166937235269,17.489481966513214,1648846232.593952,45229882.277334005,0.6799195771618237
177464855.31794256,140437000.0,charging,140437000.0,37027855.31794256,0.0,262.3801075103826,0.0,0.0,0.033142750422364115,11,244,760.9837336283263,26.15,142391158.09803244,741.5645160658217,665.9912626470561,1445.0192141986468,11210.616829708228,2545018854.5411696,2397888834.148257,371.50581713831133,1183600984.509249,27052818.657501776,1156548165.8517473,0.3252027447032211,10.217490720131341,1640491246.484843,78399817.65708967,0.6728455281307161
204722532.4651743,140437000.0,charging,140437000.0,64285532.46517429,0.0,455.5285412763637,0.0,0.0,0.09068319774148373,12,244,886.9111888419293,27.09,142690902.3950266,855.4649620248343,665.991595570231,1445.0192143463732,11210.616829524597,2545018854.499482,2398160312.8406286,371.5253758758346,1183629250.1134472,27352562.954074677,1156276687.1593726,0.32509900885138815,10.19432282612373,1634921255.745437,78363489.2263945,0.6748888009146333
161683399.29527593,140437000.0,charging,140437000.0,21246399.295275927,0.0,150.55240125132818,0.0,0.0,0.10970034316270413,13,244,692.9654543567667,27.74,142217614.2771309,675.6192460725264,665.9910692531188,1445.0192143426889,11210.616829613717,2545018854.519714,2397731656.4473495,371.49449342052174,1183584618.3888836,26879274.83623343,1156705343.5526502,0.3252628126323964,10.230948926055415,1631069666.404358,77964713.69719489,0.6768180658155732
158734884.11515293,140437000.0,charging,140437000.0,18297884.115152925,0.0,129.65916497518367,0.0,0.0,0.1260783429490431,14,244,632.5464049938739,28.27,142185190.36202392,663.2984165271871,665.9910330682658,1445.0192143444729,11210.616829499513,2545018854.493788,2397702290.355957,371.49237778444467,1183581560.5658424,26846850.921800125,1156734709.6440423,0.3252740360032502,10.233467019959512,1627929139.710863,77833783.28455319,0.678133340835402
203454921.93656936,140437000.0,charging,140437000.0,63017921.93656936,0.0,446.5462282603709,0.0,0.0,0.18248418230824787,15,244,726.6225128505704,28.61,142676962.87168747,850.1680541580866,665.991580118698,1445.019214168927,11210.616829432587,2545018854.4785943,2398147687.7254696,371.52446628974764,1183627935.6218185,27338623.347289313,1156289312.2745292,0.32510383269132564,10.195398085113617,1625914462.2093756,78030199.15661624,0.6785955779500334
160075666.8428357,140437000.0,charging,140437000.0,19638666.842835695,0.0,139.15997762600443,0.0,0.0,0.20006228474521687,16,244,545.4091030730305,28.19,142199934.53754386,668.9010858152677,665.9910495247008,1445.01921435131,11210.616829606513,2545018854.518079,2397715644.050231,371.49333982993534,1183582951.04645,26861595.096681766,1156721355.949768,0.32526893235551185,10.232321820961337,1628403181.4759188,77858937.3062377,0.6779271151934013
164793944.73041627,140437000.0,charging,140437000.0,24356944.730416268,0.0,172.59378708586163,0.0,0.0,0.22186360521922044,17,244,545.6839920315533,27.32,142251819.9891468,688.6171442545524,665.9911074085924,1445.0192142993014,11210.61682921025,2545018854.4281197,2397762636.224202,371.496725325183,1183587844.2415624,26913480.465764616,1156674363.7757978,0.3252509727444801,10.228293699385953,1633558385.6709013,78073178.74804682,0.675772980482781
50462440.16377318,140437000.0,direct_plus_discharge,140437000.0,0.0,89974559.83622682,0.0,637.5614920259521,0.0,0.1413295220159423,18,244,209.80953755849595,26.17,142125793.95914933,210.86515948471,658.0981293145494,1445.0192142091644,11210.616829726066,2545018854.5452194,2397648495.6531644,371.4885022307962,1183575958.8647482,26787454.517920315,1156788504.346828,0.3252945962462532,10.238082819568865,1640372736.0435786,77483317.77985702,0.6733908244361695
0.0,140437000.0,discharging,140437000.0,0.0,140437000.0,0.0,995.1393307022093,0.0,0.015627711821978994,19,244,0.0,24.12,142209441.5168375,1.0,654.15,1445.0192143513075,11210.616829520486,2545018854.498549,2397724254.425191,371.4939601534823,1183583847.6507182,26871102.07590936,1156712745.5748088,0.32526564157633914,10.231583527773626,1652520056.2731347,77584201.61817469,0.668579792402012
0.0,140437000.0,shutdown,0.0,0.0,0.0,0.0,0.0,0.0,0.015627711821978994,20,244,0.0,22.48,0.0,1.0,567.279923475184,1445.019214157159,11210.616829415781,2545018854.474779,2259509895.612465,362.89907080586624,1179588764.8637836,25103923.74448793,1154484841.1192956,0.3381619335440233,,1662237912.4567792,0.0,0.6945364634434146
0.0,140437000.0,shutdown,0.0,0.0,0.0,0.0,0.0,0.0,0.015627711821978994,21,244,0.0,21.09,0.0,1.0,567.279923475184,1445.0192143463648,11210.616829610573,2545018854.5190005,2259509895.651773,362.89907080586624,1179588764.907327,25103923.827288684,1154484841.0800383,0.3381619335325244,,1670474388.1246247,0.0,0.6911119675268608
0.0,140437000.0,shutdown,0.0,0.0,0.0,0.0,0.0,0.0,0.015627711821978994,22,244,0.0,19.71,0.0,1.0,567.279923475184,1445.0192143513113,11210.616829520466,2545018854.4985447,2259509895.6336117,362.89907080586624,1179588764.9254563,25103923.827256687,1154484841.0981996,0.3381619335378441,,1678651608.571838,0.0,0.6877453518067466
0.0,140437000.0,shutdown,0.0,0.0,0.0,0.0,0.0,0.0,0.015627711821978994,23,244,0.0,18.66,0.0,1.0,567.279923475184,1445.0192141534753,11210.616829418928,2545018854.4754934,2259509895.613147,362.89907080586624,1179588764.8631544,25103923.744490623,1154484841.1186638,0.3381619335438383,,1684873406.7381954,0.0,0.6852056875618155
0.0,140437000.0,shutdown,0.0,0.0,0.0,0.0,0.0,0.0,0.015627711821978994,0,245,0.0,17.67,0.0,1.0,567.279923475184,1445.0192141639882,11210.616829350663,2545018854.459996,2259509895.5993876,362.89907080586624,1179588764.8761253,25103923.743702035,1154484841.1324234,0.3381619335478686,,1690739673.5807617,0.0,0.6828282669249596
0.0,140437000.0,shutdown,0.0,0.0,0.0,0.0,0.0,0.0,0.015627711821978994,1,245,0.0,16.92,0.0,1.0,567.279923475184,1445.0192143476302,11210.616829609664,2545018854.518794,2259509895.6515894,362.89907080586624,1179588764.907551,25103923.827330533,1154484841.0802205,0.33816193353257773,,1695183815.1281602,0.0,0.6810381451128581
0.0,140437000.0,shutdown,0.0,0.0,0.0,0.0,0.0,0.0,0.015627711821978994,2,245,0.0,16.92,0.0,1.0,567.279923475184,1445.0192142993099,11210.616829296323,2545018854.44766,2259509895.588435,362.89907080586624,1179588764.8882604,25103923.74488527,1154484841.1433752,0.3381619335510765,,1695183815.1281602,0.0,0.6810381451501135
0.0,140437000.0,shutdown,0.0,0.0,0.0,0.0,0.0,0.0,0.015627711821978994,3,245,0.0,16.83,0.0,1.0,567.279923475184,1445.0192143024603,11210.61682923428,2545018854.433575,2259509895.5759306,362.89907080586624,1179588764.8999655,25103923.744085725,1154484841.1558797,0.3381619335547392,,1695717112.113848,0.0,0.6808239610890766
0.0,140437000.0,shutdown,0.0,0.0,0.0,0.0,0.0,0.0,0.015627711821978994,4,245,0.0,16.56,0.0,1.0,567.279923475184,1445.0192141652426,11210.616829435683,2545018854.479297,2259509895.6165233,362.89907080586624,1179588764.8590684,25103923.743781257,1154484841.115287,0.3381619335428492,,1697317003.0709114,0.0,0.6801822164195066
0.0,140437000.0,shutdown,0.0,0.0,0.0,0.0,0.0,0.0,0.015627711821978994,5,245,0.0,16.06,0.0,1.0,567.279923475184,1445.019214344472,11210.616829499528,2545018854.493791,2259509895.6293917,362.89907080586624,1179588764.9303873,25103923.82796988,1154484841.1024175,0.33816193353907953,,1700279764.1025105,0.0,0.6789969894817928
0.0,140437000.0,shutdown,0.0,0.0,0.0,0.0,0.0,0.0,0.015627711821978994,6,245,51.095291679195526,15.82,0.0,1.0,567.279923475184,1445.0192143110758,11210.61682931313,2545018854.4514756,2259509895.591823,362.89907080586624,1179588764.8841772,25103923.744188935,1154484841.1399882,0.3381619335500844,,1701701889.3976781,0.0,0.6784295465221709
0.0,140437000.0,shutdown,0.0,0.0,0.0,0.0,0.0,0.0,0.015627711821978994,7,245,0.0,15.94,0.0,1.0,567.279923475184,1445.019214160309,11210.616829439847,2545018854.4802423,2259509895.6173625,362.89907080586624,1179588764.8582215,25103923.743772134,1154484841.1144495,0.3381619335426038,,1700990826.7500944,0.0,0.6787131493943463
0.0,140437000.0,shutdown,0.0,0.0,0.0,0.0,0.0,0.0,0.015627711821978994,8,245,0.0,17.23,0.0,1.0,567.279923475184,1445.0192143005593,11210.616829209279,2545018854.427899,2259509895.5708914,362.89907080586624,1179588764.9057515,25103923.744833,1154484841.1609185,0.33816193355621516,,1693346903.2885687,0.0,0.6817769229204295
199725713.653941,140437000.0,charging,140437000.0,59288713.653941005,0.0,420.1209853797631,0.0,0.0,0.06869562576468591,9,245,731.5306608803058,18.8,142635953.91450518,834.5849769878974,665.9915346440462,1445.019214200554,11210.616829733293,2545018854.5468597,2398110545.7984943,371.52179036727,1183624068.6747906,27297614.473241962,1156326454.2015486,0.32511802421860814,10.198562628109238,1684043833.649348,80108782.65309182,0.6554571546225636
199540027.57001618,140437000.0,charging,140437000.0,59103027.570016176,0.0,418.80521015473215,0.0,0.0,0.12159733652107313,10,245,796.5072389865691,21.03,142633911.98171723,833.8090587886617,665.9915323790736,1445.0192143110712,11210.616829227043,2545018854.431932,2398108696.3099647,371.52165712748126,1183623876.1476722,27295572.457637012,1156328303.690035,0.32511873088612087,10.19872024636404,1670829919.4484167,79630041.53175712,0.6605854058167355
183747159.17261803,140437000.0,charging,140437000.0,43310159.17261803,0.0,306.89663558496164,0.0,0.0,0.16036322733180514,11,245,791.9640943605307,23.01,142460242.66243815,767.8161004114904,665.9913395026728,1445.0192143407874,11210.616829588638,2545018854.514021,2397951403.8662047,371.51032495292316,1183607499.3560648,27121903.22226871,1156485596.133796,0.3251788343535727,10.212142380270194,1659097385.7632844,79109530.77718493,0.6653325246430006
173607462.76238927,140437000.0,charging,140437000.0,33170462.762389272,0.0,235.04654836294293,0.0,0.0,0.19005331765133476,12,245,770.7434784833978,24.19,142348739.53780416,725.4458009624233,665.9912154200925,1445.0192142054811,11210.616829729164,2545018854.5459228,2397850415.8190203,371.5030493135921,1183596984.2775385,27010400.096558187,1156586584.1809804,0.32521742632340794,10.220777221648808,1652105269.728711,78795387.43019055,0.6681992865375651
145952360.9846051,140437000.0,charging,140437000.0,5515360.984605104,0.0,39.08195588627642,0.0,0.0,0.19498998576328547,13,245,639.0649439171543,24.84,142044624.88431028,609.8846543351049,665.9908760074775,1445.0192141640061,11210.616829350793,2545018854.4600253,2397574981.6884604,371.4832060697314,1183568303.671399,26706285.359857842,1156862018.3115413,0.3253226942699511,10.244396852784906,1648253680.3876324,78488382.15764509,0.6699680533676737
126109948.90633254,140437000.0,direct_plus_discharge,140437000.0,0.0,14327051.093667462,0.0,101.52176446583589,0.0,0.182166183936022,14,245,521.1856406331805,25.36,142004344.16862231,526.9700474737028,664.773440682331,1445.0192143358452,11210.61682959274,2545018854.5149517,2397538500.0289135,371.48057782831427,1183564504.699512,26666004.728425518,1156898499.9710865,0.3253366385415831,10.247532913855073,1645172408.9147692,78238684.7971135,0.6712841203078012
123597620.59280336,140437000.0,direct_plus_discharge,140437000.0,0.0,16839379.40719664,0.0,119.32417206803215,0.0,0.16709365693795478,15,245,469.43433436892775,23.54,142008377.63584968,516.4718926323799,664.536001505448,1445.0192143463705,11210.616829524564,2545018854.4994745,2397542153.0707083,371.48084100408386,1183564885.1241808,26670038.194889527,1156894846.9292912,0.3253352422354057,10.24721880759736,1655956859.0697894,78607048.79086185,0.6669658244856275
0.0,140437000.0,discharging,140437000.0,0.0,140437000.0,0.0,995.1393307022093,0.0,0.0413918467439915,16,245,4.138367276145273,22.36,142209441.5168288,1.0,654.1499999999965,1445.0192143513136,11210.61682960653,2545018854.518082,2397724254.4426026,371.4939601534105,1183583847.6333685,26871102.075977445,1156712745.5573912,0.3252656415714421,10.231583527667107,1662948975.1043632,77966818.16952573,0.6644277397140091
0.0,140437000.0,discharging,46243938.50984571,0.0,46243938.50984571,0.0,327.6854533899327,0.0,0.0,17,245,0.0,21.87,46829343.76764127,1.0,654.15,1445.01921415348,11210.616829418925,2545018854.475493,2311470611.9967875,365.3032227200573,1174457392.247111,25684065.73409649,1148773326.5130146,0.3319358490131153,30.706428688104186,1665852480.9153302,25709427.84877017,0.6791198835591767
0.0,140437000.0,shutdown,0.0,0.0,0.0,0.0,0.0,0.0,0.0,18,245,22.15208737249252,20.56,0.0,1.0,567.279923475184,1445.0192143024565,11210.616829234275,2545018854.4335737,2259509895.5758905,362.89907080586624,1179588764.8999586,25103923.744083077,1154484841.1558754,0.33816193355473795,,1673614914.8181198,0.0,0.6898151007941627
0.0,140437000.0,shutdown,0.0,0.0,0.0,0.0,0.0,0.0,0.0,19,245,0.0,17.67,0.0,1.0,567.279923475184,1445.0192143476193,11210.61682960959,2545018854.518777,2259509895.6515746,362.89907080586624,1179588764.9075465,25103923.8273089,1154484841.0802376,0.3381619335325828,,1690739673.5807617,0.0,0.6828282668940939
0.0,140437000.0,shutdown,0.0,0.0,0.0,0.0,0.0,0.0,0.0,20,245,0.0,16.03,0.0,1.0,567.279923475184,1445.019214162088,11210.616829325625,2545018854.454312,2259509895.5943413,362.89907080586624,1179588764.88191,25103923.744441364,1154484841.1374688,0.3381619335493465,,1700457529.7644067,0.0,0.6789260072243141
0.0,140437000.0,shutdown,0.0,0.0,0.0,0.0,0.0,0.0,0.0,21,245,0.0,14.98,0.0,1.0,567.279923475184,1445.0192143073832,11210.616829316163,2545018854.4521637,2259509895.592434,362.89907080586624,1179588764.8835373,25103923.74416116,1154484841.1393762,0.33816193354990515,,1706679327.9307642,0.0,0.6764509432121104
0.0,140437000.0,shutdown,0.0,0.0,0.0,0.0,0.0,0.0,0.0,22,245,0.0,14.42,0.0,1.0,567.279923475184,1445.0192142042297,11210.61682973014,2545018854.546144,2259509895.6758714,362.89907080586624,1179588764.8828611,25103923.826921593,1154484841.0559394,0.3381619335254656,,1709997620.2861552,0.0,0.6751382735039977
0.0,140437000.0,shutdown,0.0,0.0,0.0,0.0,0.0,0.0,0.0,23,245,0.0,14.12,0.0,1.0,567.279923475184,1445.0192142993058,11210.616829210236,2545018854.4281163,2259509895.5710845,362.89907080586624,1179588764.9055314,25103923.74480418,1154484841.1607273,0.33816193355615914,,1711775276.9051147,0.0,0.6744371511475694
0.0,140437000.0,shutdown,0.0,0.0,0.0,0.0,0.0,0.0,0.0,0,246,0.0,13.96,0.0,1.0,567.279923475184,1445.0192143513204,11210.616829606575,2545018854.5180926,2259509895.650967,362.89907080586624,1179588764.9081888,25103923.827343512,1154484841.0808454,0.3381619335327608,,1712723360.4352264,0.0,0.6740638142446279
0.0,140437000.0,shutdown,0.0,0.0,0.0,0.0,0.0,0.0,0.0,1,246,0.0,13.74,0.0,1.0,567.279923475184,1445.0192141689283,11210.616829346593,2545018854.4590716,2259509895.598567,362.89907080586624,1179588764.8769794,25103923.743736997,1154484841.1332424,0.3381619335481085,,1714026975.2891297,0.0,0.6735511504645362
0.0,140437000.0,shutdown,0.0,0.0,0.0,0.0,0.0,0.0,0.0,2,246,0.0,13.68,0.0,1.0,567.279923475184,1445.0192141584014,11210.616829414741,2545018854.4745426,2259509895.612303,362.89907080586624,1179588764.8640013,25103923.74449093,1154484841.1195104,0.33816193354408625,,1714382506.6129217,0.0,0.6734114683661862
0.0,140437000.0,shutdown,0.0,0.0,0.0,0.0,0.0,0.0,0.0,3,246,0.0,13.57,0.0,1.0,567.279923475184,1445.0192143024508,11210.616829320286,2545018854.4530997,2259509895.593265,362.89907080586624,1179588764.8826869,25103923.744141873,1154484841.138545,0.3381619335496617,,1715034314.0398734,0.0,0.6731555349578294
0.0,140437000.0,shutdown,0.0,0.0,0.0,0.0,0.0,0.0,0.0,4,246,0.0,13.46,0.0,1.0,567.279923475184,1445.0192143024658,11210.616829234345,2545018854.4335895,2259509895.5759435,362.89907080586624,1179588764.8999689,25103923.744101185,1154484841.1558676,0.33816193355473567,,1715686121.4668255,0.0,0.672899796012129
0.0,140437000.0,shutdown,0.0,0.0,0.0,0.0,0.0,0.0,0.0,5,246,0.0,13.09,0.0,1.0,567.279923475184,1445.0192143444676,11210.61682958552,2545018854.513313,2259509895.6467233,362.89907080586624,1179588764.9131105,25103923.828024477,1154484841.085086,0.338161933534003,,1717878564.6302087,0.0,0.6720410073535092
0.0,140437000.0,shutdown,0.0,0.0,0.0,0.0,0.0,0.0,0.0,6,246,0.0,12.77,0.0,1.0,567.279923475184,1445.0192142054775,11210.616829643057,2545018854.526375,2259509895.65832,362.89907080586624,1179588764.9003491,25103923.82685938,1154484841.0734897,0.33816193353060625,,1719774731.690432,0.0,0.6713000370337472
23119002.27526456,140437000.0,charging_only,0.0,23119002.27526456,0.0,163.8217026190365,0.0,0.0,0.020693267699246714,7,246,132.2236013593005,13.15,0.0,96.60634892168326,619.3213104244816,1445.019214302453,11210.616829320292,2545018854.453101,2259509895.5932665,362.89907080586624,1179588764.8826876,25355524.671641726,1154233240.2110457,0.33808823673434263,,1717523033.3064167,0.0,0.6720336308905404
0.0,140437000.0,shutdown,0.0,0.0,0.0,0.0,0.0,0.0,0.020693267699246714,8,246,8.503475011097073,14.47,0.0,1.0,567.279923475184,1445.0192143358504,11210.616829592786,2545018854.514962,2259509895.6481876,362.89907080586624,1179588764.9116268,25103923.82800568,1154484841.083621,0.3381619335335738,,1709701344.182995,0.0,0.6752552690044868
0.0,140437000.0,shutdown,0.0,0.0,0.0,0.0,0.0,0.0,0.020693267699246714,9,246,0.0,15.75,0.0,1.0,567.279923475184,1445.0192142054782,11210.616829643108,2545018854.5263863,2259509895.65833,362.89907080586624,1179588764.9003515,25103923.826871533,1154484841.07348,0.33816193353060336,,1702116675.942102,0.0,0.6782642208910185
0.0,140437000.0,shutdown,0.0,0.0,0.0,0.0,0.0,0.0,0.020693267699246714,10,246,0.0,15.87,0.0,1.0,567.279923475184,1445.0192143427091,11210.61682961389,2545018854.519753,2259509895.652441,362.89907080586624,1179588764.9067094,25103923.827340167,1154484841.0793693,0.33816193353232843,,1701405613.2945182,0.0,0.678547685547999
0.0,140437000.0,shutdown,0.0,0.0,0.0,0.0,0.0,0.0,0.020693267699246714,11,246,0.0,15.98,0.0,1.0,567.279923475184,1445.0192141986463,11210.616829622155,2545018854.5216293,2259509895.654107,362.89907080586624,1179588764.9052856,25103923.827580754,1154484841.077705,0.33816193353184093,,1700753805.8675663,0.0,0.678807736366519
0.0,140437000.0,shutdown,0.0,0.0,0.0,0.0,0.0,0.0,0.020693267699246714,12,246,3.453364712291276,16.25,0.0,1.0,567.279923475184,1445.0192143426948,11210.616829613775,2545018854.519727,2259509895.652418,362.89907080586624,1179588764.9067006,25103923.82730837,1154484841.0793922,0.33816193353233515,,1699153914.910503,0.0,0.6794468888006538
0.0,140437000.0,shutdown,0.0,0.0,0.0,0.0,0.0,0.0,0.020693267699246714,13,246,18.977357622194443,17.5,0.0,1.0,567.279923475184,1445.0192143476313,11210.616829609626,2545018854.5187855,2259509895.651582,362.89907080586624,1179588764.9075518,25103923.827322144,1154484841.0802295,0.3381619335325804,,1691747012.3315053,0.0,0.6824216816491727
0.0,140437000.0,shutdown,0.0,0.0,0.0,0.0,0.0,0.0,0.020693267699246714,14,246,22.20493702648952,18.15,0.0,1.0,567.279923475184,1445.019214158395,11210.61682932866,2545018854.455001,2259509895.5949526,362.89907080586624,1179588764.8812704,25103923.744412925,1154484841.1368575,0.3381619335491674,,1687895422.9904265,0.0,0.6839788919454909
0.0,140437000.0,shutdown,0.0,0.0,0.0,0.0,0.0,0.0,0.020693267699246714,15,246,0.0,18.51,0.0,1.0,567.279923475184,1445.0192141602922,11210.616829439714,2545018854.4802117,2259509895.617336,362.89907080586624,1179588764.85821,25103923.74373416,1154484841.114476,0.3381619335426116,,1685762235.0476756,0.0,0.6848444087263739
0.0,140437000.0,shutdown,0.0,0.0,0.0,0.0,0.0,0.0,0.020693267699246714,16,246,0.0,19.53,0.0,1.0,567.279923475184,1445.0192143061383,11210.616829231176,2545018854.4328704,2259509895.575305,362.89907080586624,1179588764.9005964,25103923.74409231,1154484841.1565042,0.33816193355492213,,1679718202.5432136,0.0,0.687308644633684
0.0,140437000.0,shutdown,0.0,0.0,0.0,0.0,0.0,0.0,0.020693267699246714,17,246,0.0,19.92,0.0,1.0,567.279923475184,1445.0192142993076,11210.616829296301,2545018854.4476547,2259509895.588431,362.89907080586624,1179588764.888259,25103923.74487931,1154484841.1433797,0.3381619335510778,,1677407248.9385662,0.0,0.6882555454997094
38309965.35875819,140437000.0,direct_plus_discharge,61428967.63402275,0.0,23119002.27526456,0.0,163.8217026190365,0.0,0.0,18,246,175.60922881613288,19.69,62141599.96866404,160.08415227267588,661.2450982343385,1445.0192143476208,11210.61682960956,2545018854.51877,2325299447.488238,366.29220824767043,1175940813.0395927,25811292.893753927,1150129520.1458387,0.3308638290673218,23.185780862164222,1678770119.0131018,34621477.42497366,0.6712589944626859
0.0,140437000.0,shutdown,0.0,0.0,0.0,0.0,0.0,0.0,0.0,19,246,0.0,16.74,0.0,1.0,567.279923475184,1445.0192141689445,11210.616829346678,2545018854.459091,2259509895.598582,362.89907080586624,1179588764.8769853,25103923.74376062,1154484841.1332247,0.3381619335481033,,1696250409.0995357,0.0,0.6806099116852031
0.0,140437000.0,shutdown,0.0,0.0,0.0,0.0,0.0,0.0,0.0,20,246,0.0,16.15,0.0,1.0,567.279923475184,1445.0192143358597,11210.61682959283,2545018854.514972,2259509895.648196,362.89907080586624,1179588764.9116328,25103923.828019142,1154484841.0836136,0.33816193353357166,,1699746467.1168227,0.0,0.6792100253880196
0.0,140437000.0,shutdown,0.0,0.0,0.0,0.0,0.0,0.0,0.0,21,246,0.0,15.96,0.0,1.0,567.279923475184,1445.0192143513043,11210.616829520452,2545018854.4985414,2259509895.633609,362.89907080586624,1179588764.925454,25103923.82725271,1154484841.0982013,0.3381619335378445,,1700872316.3088305,0.0,0.6787604395864477
0.0,140437000.0,shutdown,0.0,0.0,0.0,0.0,0.0,0.0,0.0,22,246,0.0,16.1,0.0,1.0,567.279923475184,1445.0192142005494,11210.61682973331,2545018854.5468636,2259509895.6765103,362.89907080586624,1179588764.8822296,25103923.82693003,1154484841.0552995,0.3381619335252781,,1700042743.2199826,0.0,0.6790916555831039
0.0,140437000.0,shutdown,0.0,0.0,0.0,0.0,0.0,0.0,0.0,23,246,0.0,15.99,0.0,1.0,567.279923475184,1445.0192143444644,11210.616829585544,2545018854.5133185,2259509895.646728,362.89907080586624,1179588764.9131098,25103923.828029558,1154484841.0850801,0.3381619335340012,,1700694550.646934,0.0,0.6788313872387731
0.0,140437000.0,shutdown,0.0,0.0,0.0,0.0,0.0,0.0,0.0,0,247,0.0,16.22,0.0,1.0,567.279923475184,1445.0192142005565,11210.616829647279,2545018854.5273333,2259509895.6591706,362.89907080586624,1179588764.8995056,25103923.826865714,1154484841.07264,0.33816193353035734,,1699331680.5723984,0.0,0.679375812427487
0.0,140437000.0,shutdown,0.0,0.0,0.0,0.0,0.0,0.0,0.0,1,247,0.0,16.37,0.0,1.0,567.279923475184,1445.0192143513095,11210.616829606526,2545018854.5180817,2259509895.650957,362.89907080586624,1179588764.9081833,25103923.82732917,1154484841.0808542,0.33816193353276336,,1698442852.2629192,0.0,0.6797313430608967
0.0,140437000.0,shutdown,0.0,0.0,0.0,0.0,0.0,0.0,0.0,2,247,0.0,16.58,0.0,1.0,567.279923475184,1445.0192142993062,11210.616829210232,2545018854.4281154,2259509895.5710835,362.89907080586624,1179588764.9055316,25103923.7448044,1154484841.1607273,0.33816193355615914,,1697198492.6296475,0.0,0.6802297115948783
0.0,140437000.0,shutdown,0.0,0.0,0.0,0.0,0.0,0.0,0.0,3,247,0.0,16.69,0.0,1.0,567.279923475184,1445.0192141639964,11210.616829436776,2545018854.479545,2259509895.616744,362.89907080586624,1179588764.8588562,25103923.743789528,1154484841.1150668,0.3381619335427846,,1696546685.2026958,0.0,0.6804910534938413
0.0,140437000.0,shutdown,0.0,0.0,0.0,0.0,0.0,0.0,0.0,4,247,0.0,16.45,0.0,1.0,567.279923475184,1445.0192142005435,11210.616829733259,2545018854.546852,2259509895.6765003,362.89907080586624,1179588764.882226,25103923.826915238,1154484841.0553107,0.3381619335252814,,1697968810.4978633,0.0,0.6799211115761326
0.0,140437000.0,shutdown,0.0,0.0,0.0,0.0,0.0,0.0,0.0,5,247,0.0,16.25,0.0,1.0,567.279923475184,1445.0192142956123,11210.616829213302,2545018854.4288125,2259509895.5717025,362.89907080586624,1179588764.904893,25103923.74478458,1154484841.1601083,0.33816193355597784,,1699153914.910503,0.0,0.6794468888481576
0.0,140437000.0,shutdown,0.0,0.0,0.0,0.0,0.0,0.0,0.0,6,247,0.0,16.05,0.0,1.0,567.279923475184,1445.019214351311,11210.616829606515,2545018854.5180793,2259509895.6509547,362.89907080586624,1179588764.9081829,25103923.827327393,1154484841.0808554,0.33816193353276375,,1700339019.3231425,0.0,0.6789733270606373
4177517.7178240307,140437000.0,charging_only,0.0,4177517.7178240307,0.0,29.601972312937665,0.0,0.0,0.0037391965026868632,7,247,75.72625445472606,16.48,0.0,17.456407913693322,583.8231531377685,1445.01921434639,11210.616829524688,2545018854.499503,2259509895.6344624,362.89907080586624,1179588764.924614,25147231.07140828,1154441533.8532057,0.33814924834598875,,1697791044.8359673,0.0,0.6799667941261538
27479933.325170096,140437000.0,charging_only,0.0,27479933.325170096,0.0,194.72334539295989,0.0,0.0,0.02833582960495548,8,247,149.59508427693285,17.12,0.0,114.82917798733573,623.5489329357852,1445.0192141973912,11210.616829709192,2545018854.5413885,2259509895.6716495,362.89907080586624,1179588764.8877919,25403480.573400054,1154185284.3143919,0.33807418989876736,,1693998710.7155206,0.0,0.6813377584135708
210067935.02315915,140437000.0,charging,140437000.0,69630935.02315915,0.0,493.40616842509894,0.0,0.0,0.09066081930075746,9,247,770.6988346067691,18.97,142749684.14386114,877.8015584962161,665.9916606948509,1445.019214306146,11210.616829317258,2545018854.452412,2398213551.7842727,371.52921153473886,1183634792.8356116,27411344.619843528,1156223448.215768,0.3250786675740102,10.189790862964658,1683036494.8986044,80136230.86338358,0.6557630068353539
228933538.1076306,140437000.0,charging,140437000.0,88496538.10763061,0.0,627.0882011285494,0.0,0.0,0.16987196049594264,10,247,912.9172483284459,20.68,142957143.38198188,956.6344169602859,665.9918901126898,1445.0192143073912,11210.616829230177,2545018854.4326434,2398401449.6213784,371.5427489532498,1183654354.2365224,27618803.85790159,1156035550.3786209,0.3250068819438891,10.173825919548348,1672903852.1705356,79885658.48323901,0.6595404316103136
205523720.23751172,140437000.0,charging,140437000.0,65086720.237511724,0.0,461.2057735123889,0.0,0.0,0.22812953188698123,11,247,889.3319263601412,22.4,142699712.81068945,858.8128498170782,665.9916053347513,1445.0192141986404,11210.616829708199,2545018854.541163,2398168292.51844,371.525950776333,1183630080.8517108,27361373.370145336,1156268707.4815655,0.3250959599757219,10.193643321465174,1662711954.2218354,79373238.74800117,0.6637268442138615
196262306.11762834,140437000.0,charging,140437000.0,55825306.11762833,0.0,395.5792117899315,0.0,7.450580596923828e-09,0.2780974323236042,12,247,875.8045464567972,23.67,142597867.88642898,820.1125896016567,665.9914923872292,1445.019214347624,11210.61682952359,2545018854.4992533,2398076051.1194115,371.5193051821466,1183620477.326081,27259528.445490103,1156360948.880591,0.3251312045485139,10.201503247285691,1655186541.2015736,79044654.92520367,0.6667859230437103
11349271.940952934,140437000.0,direct_plus_discharge,140437000.0,0.0,129087728.05904707,0.0,914.7181675950704,0.0,0.16255408483791106,13,247,125.05659338851481,24.28,142188588.96941414,47.42469904541855,654.9934721562798,1445.019214204233,11210.616829730168,2545018854.5461507,2397705368.491507,371.4925995405265,1183581881.0366464,26850249.528158717,1156731631.5084877,0.32527285957118185,10.233203024458302,1651571972.7430232,77621301.17958671,0.6689429394346912
0.0,140437000.0,discharging,140437000.0,0.0,140437000.0,0.0,995.1393307022093,0.0,0.03685227464394778,14,247,68.27270196124226,24.85,142209441.51683658,1.0,654.1499999999994,1445.01921434447,11210.61682958557,2545018854.5133243,2397724254.4383636,371.49396015342836,1183583847.6383197,26871102.0766862,1156712745.5616336,0.3252656415726344,10.231583527692663,1648194425.167,77425502.70766844,0.6703172157882297
15204004.977171876,140437000.0,direct_plus_discharge,56376227.44704876,0.0,41172222.469876885,0.0,291.7471742645866,0.0,0.0,15,247,117.73562138631532,24.76,57062280.25075764,63.532300933383034,657.0541475711439,1445.0192143476281,11210.61682952357,2545018854.499249,2320711401.1380897,365.9639176054623,1175449539.671678,25784713.362767667,1149664826.3089104,0.33121411645366844,25.232877931726556,1648727722.152688,31190099.13396078,0.684357777351503
0.0,140437000.0,shutdown,0.0,0.0,0.0,0.0,0.0,0.0,0.0,16,247,48.498458814897184,24.33,0.0,1.0,567.279923475184,1445.0192142054818,11210.616829729175,2545018854.545925,2259509895.6756425,362.89907080586624,1179588764.8830779,25103923.826946225,1154484841.0561316,0.3381619335255219,,1651275696.6398633,0.0,0.6991472371363315
121352152.41391939,140437000.0,direct_partial,121352152.41391939,0.0,0.0,0.0,0.0,0.0,0.0,17,247,418.49830211900684,23.63,122689256.36630696,507.08885439400854,665.96545579209,1445.0192141583996,11210.616829328686,2545018854.4550066,2380050320.672322,370.2215237663389,1181737596.1702511,26435764.4286178,1155301831.7416334,0.3266619564220982,11.832907436561444,1655423562.084102,68014171.96409126,0.6703473000025002
38164075.424466066,140437000.0,direct_partial,38164075.424466066,0.0,0.0,0.0,0.0,0.0,0.0,18,247,174.18807922837436,22.51,38586385.66494825,159.47452847799053,665.5630654017618,1445.019214306155,11210.616829317338,2545018854.4524302,2304029229.8472347,364.77169992513143,1173655816.293662,25520970.71648704,1148134845.5771751,0.3325434087164921,37.22872259851466,1662060146.7948835,21445334.157211743,0.6819905599165945
0.0,140437000.0,shutdown,0.0,0.0,0.0,0.0,0.0,0.0,0.0,19,247,0.0,21.1,0.0,1.0,567.279923475184,1445.0192143476324,11210.616829609658,2545018854.5187926,2259509895.6515746,362.89907080586624,1179588764.9075556,25103923.827329654,1154484841.080226,0.33816193353257934,,1670415132.9039924,0.0,0.6911364835836771
0.0,140437000.0,shutdown,0.0,0.0,0.0,0.0,0.0,0.0,0.0,20,247,0.0,19.27,0.0,1.0,567.279923475184,1445.0192143395416,11210.616829503666,2545018854.4947305,2259509895.6302257,362.89907080586624,1179588764.9295387,25103923.82795369,1154484841.1015851,0.3381619335388357,,1681258838.279645,0.0,0.6866788235194745
0.0,140437000.0,shutdown,0.0,0.0,0.0,0.0,0.0,0.0,0.0,21,247,0.0,17.98,0.0,1.0,567.279923475184,1445.0192142054866,11210.616829729162,2545018854.5459223,2259509895.6756744,362.89907080586624,1179588764.8830812,25103923.82694467,1154484841.0561366,0.3381619335255233,,1688902761.7411702,0.0,0.6835709356445858
0.0,140437000.0,shutdown,0.0,0.0,0.0,0.0,0.0,0.0,0.0,22,247,0.0,17.91,0.0,1.0,567.279923475184,1445.019214346378,11210.616829524615,2545018854.4994864,2259509895.634448,362.89907080586624,1179588764.9246056,25103923.827244908,1154484841.0973606,0.3381619335375983,,1689317548.285594,0.0,0.6834030950954076
0.0,140437000.0,shutdown,0.0,0.0,0.0,0.0,0.0,0.0,0.0,23,247,0.0,17.27,0.0,1.0,567.279923475184,1445.0192142956216,11210.616829299415,2545018854.448362,2259509895.5890584,362.89907080586624,1179588764.8876255,25103923.74487229,1154484841.1427531,0.3381619335508943,,1693109882.406041,0.0,0.6818723658396821
0.0,140437000.0,shutdown,0.0,0.0,0.0,0.0,0.0,0.0,0.0,0,248,0.0,16.77,0.0,1.0,567.279923475184,1445.019214200543,11210.616829733262,2545018854.546853,2259509895.676501,362.89907080586624,1179588764.8822272,25103923.82691766,1154484841.0553095,0.33816193352528107,,1696072643.43764,0.0,0.6806812464797336
0.0,140437000.0,shutdown,0.0,0.0,0.0,0.0,0.0,0.0,0.0,1,248,0.0,16.18,0.0,1.0,567.279923475184,1445.0192143426987,11210.616829527773,2545018854.500203,2259509895.635084,362.89907080586624,1179588764.9239762,25103923.82725091,1154484841.0967252,0.3381619335374122,,1699568701.4549267,0.0,0.6792810670780305
0.0,140437000.0,shutdown,0.0,0.0,0.0,0.0,0.0,0.0,0.0,2,248,0.0,15.58,0.0,1.0,567.279923475184,1445.0192141973894,11210.616829709172,2545018854.541384,2259509895.671645,362.89907080586624,1179588764.887791,25103923.827626396,1154484841.0601645,0.3381619335267031,,1703124014.6928456,0.0,0.6778630511345195
0.0,140437000.0,shutdown,0.0,0.0,0.0,0.0,0.0,0.0,0.0,3,248,0.0,15.44,0.0,1.0,567.279923475184,1445.0192143476315,11210.616829523626,2545018854.499262,2259509895.6342483,362.89907080586624,1179588764.9248266,25103923.82726423,1154484841.0975623,0.3381619335376574,,1703953587.7816935,0.0,0.6775330322233355
0.0,140437000.0,shutdown,0.0,0.0,0.0,0.0,0.0,0.0,0.0,4,248,0.0,15.67,0.0,1.0,567.279923475184,1445.019214351341,11210.616829606724,2545018854.5181265,2259509895.650997,362.89907080586624,1179588764.9081998,25103923.827385902,1154484841.080814,0.3381619335327516,,1702590717.7071574,0.0,0.6780753759984866
0.0,140437000.0,shutdown,0.0,0.0,0.0,0.0,0.0,0.0,0.0,5,248,0.0,15.71,0.0,1.0,567.279923475184,1445.0192141973878,11210.6168297092,2545018854.5413904,2259509895.6716514,362.89907080586624,1179588764.8877923,25103923.827632803,1154484841.0601594,0.33816193352670165,,1702353696.82463,0.0,0.6781697852882156
0.0,140437000.0,shutdown,0.0,0.0,0.0,0.0,0.0,0.0,0.0,6,248,0.0,15.54,0.0,1.0,567.279923475184,1445.019214204231,11210.616829644145,2545018854.526622,2259509895.6585393,362.89907080586624,1179588764.9001365,25103923.826864786,1154484841.0732718,0.3381619335305424,,1703361035.5753732,0.0,0.6777687272171878
176186996.12270635,140437000.0,charging,140437000.0,35749996.12270635,0.0,253.32517224204858,0.0,0.0,0.0319989691253114,7,248,585.8840690171922,15.89,142377105.8732574,736.2247825505978,665.9912470050378,1445.019214302456,11210.61682932032,2545018854.453108,2397876107.0161176,371.50490022518295,1183599659.3331463,27038766.349219494,1156560892.9839268,0.32520760834780393,10.218579240834876,1701287102.8532543,80585484.93729183,0.6490704783881422
209600096.2508242,140437000.0,charging,140437000.0,69163096.25082421,0.0,490.09105372756244,0.0,0.0,0.09390520749089823,8,248,713.2728089619122,19.29,142744539.46469924,875.8466213782058,665.9916549971712,1445.0192143444642,11210.616829499468,2545018854.4937773,2398208892.2502375,371.5288758302993,1183634307.7742245,27406200.024451703,1156228107.7497728,0.32508044784228124,10.19018735893763,1681140327.8383806,80064755.40459122,0.656498279928177
210138682.42556697,140437000.0,charging,140437000.0,69701682.42556697,0.0,493.9074859032638,0.0,0.0,0.15629352149973155,9,248,772.2616443259543,21.38,142750462.13129866,878.0971875273027,665.9916615564284,1445.0192143476359,11210.616829609675,2545018854.5187964,2398214256.47199,371.5292623003003,1183634866.2184532,27412122.69044313,1156222743.5280101,0.3250783983409314,10.189730906235834,1668755986.7262974,79620101.7401888,0.6613123750406251
200672643.2819959,140437000.0,charging,140437000.0,60235643.28199589,0.0,426.8309472579336,0.0,0.0,0.2102090095744179,10,248,811.6308244538216,23.08,142646367.00855753,838.5418698054576,665.9915461935531,1445.0192142005667,11210.616829733392,2545018854.5468826,2398119976.9778595,371.5224698429311,1183625050.589463,27308027.567319494,1156317023.0221436,0.3251144206374121,10.197758907278594,1658682599.2188609,79197914.03575607,0.665360486065092
183656346.00356305,140437000.0,charging,140437000.0,43219346.00356305,0.0,306.2531316915979,0.0,0.0,0.24889361568283028,11,248,807.4376375937842,24.51,142459244.01793298,767.4366234517171,665.9913383922249,1445.0192143407846,11210.616829502598,2545018854.4944882,2397950499.3776484,371.51025979054987,1183607405.2000477,27120904.577696018,1156486500.6223516,0.3251791799857106,10.212219655795248,1650209102.6684875,78788117.7886538,0.6688770154972142
176553150.74143732,140437000.0,charging,140437000.0,36116150.741437316,0.0,255.91975103693494,0.0,0.0,0.2812203210769694,12,248,801.3224736777348,25.57,142381132.36304927,737.7548166080904,665.9912514873782,1445.019214311072,11210.616829313092,2545018854.451467,2397879753.7925873,371.5051629551744,1183600039.0464516,27042792.839039177,1156557246.2074125,0.32520621473405864,10.21826731699254,1643928049.281498,78518293.67785352,0.6714619883138538
131958154.79190783,140437000.0,direct_plus_discharge,140437000.0,0.0,8478845.208092168,0.0,60.08126309668018,0.0,0.27363110889633613,13,248,599.2950070898524,26.38,141994955.05070397,551.4076858986189,665.3306773889308,1445.0192142042254,11210.61682964411,2545018854.5266137,2397529996.446558,371.4799652074046,1183563619.162811,26656615.60936925,1156907003.5534418,0.325339888885457,10.248264160633227,1639128376.4103074,78069225.5874965,0.6737180404907888
206850474.17963523,140437000.0,charging,140437000.0,66413474.17963523,0.0,470.60717791415834,0.0,0.0,0.33307622610654564,14,248,828.7357766802942,26.51,142714302.71595412,864.3568976414168,665.9916215019916,1445.019214295616,11210.616829299377,2545018854.448353,2398181506.5957813,371.52690280389754,1183631456.5968456,27375963.1926357,1156255493.4042099,0.32509091115957156,10.19251825810523,1638358058.5420916,78500630.09434605,0.673471556545245
26922229.100907728,140437000.0,direct_plus_discharge,140437000.0,0.0,113514770.89909227,0.0,804.3678883580346,0.0,0.23147186126132022,15,248,156.43752851485604,26.08,142163587.0570426,112.49872409305881,656.203771467291,1445.0192141652544,11210.616829435758,2545018854.479314,2397682724.426939,371.4909681887395,1183579523.1057162,26825247.532657113,1156754275.573059,0.32528151398410465,10.23514540506865,1640906033.0292668,77336757.33620904,0.6732193390009881
57683297.09897459,140437000.0,direct_plus_discharge,140437000.0,0.0,82753702.90102541,0.0,586.3943584529427,0.0,0.1574009949304222,16,248,238.48782075489933,25.73,142114201.091438,241.03863394048173,658.6955249207105,1445.0192143061358,11210.616829231161,2545018854.4328666,2397637996.0160856,371.4877458112704,1183574865.5512505,26775861.56733328,1156799003.9839172,0.3252986092597572,10.238984172371584,1642979965.751386,77630549.9730827,0.6723189201809819
112982810.34647861,140437000.0,direct_plus_discharge,140437000.0,0.0,27454189.653521392,0.0,194.54092523178932,0.0,0.13282740437482773,17,248,393.5685512267453,24.62,142025419.39310762,472.1162560791943,663.5454599024307,1445.019214339542,11210.616829589704,2545018854.5142627,2397557587.5732093,371.4819529459346,1183566492.37973,26687079.952937853,1156879412.4267921,0.3253293427312542,10.24589187718451,1649557295.2415357,78290661.65864252,0.6695493129512828
0.0,140437000.0,discharging,140437000.0,0.0,140437000.0,0.0,995.1393307022093,0.0,0.007125594180864461,18,248,0.0,23.37,142209441.5168375,1.0,654.15,1445.0192142091587,11210.61682963998,2545018854.5256763,2397724254.4493747,371.49396015338334,1183583847.6261468,26871102.07552217,1156712745.5506246,0.3252656415695386,10.231583527624924,1656964197.820533,77747248.44403669,0.6668041235569321
0.0,140437000.0,shutdown,0.0,0.0,0.0,0.0,0.0,0.0,0.007125594180864461,19,248,0.0,22.6,0.0,1.0,567.279923475184,1445.0192142091805,11210.61682972618,2545018854.545245,2259509895.6750298,362.89907080586624,1179588764.8837152,25103923.826984815,1154484841.0567303,0.33816193352569723,,1661526849.8091955,0.0,0.694833695398487
0.0,140437000.0,shutdown,0.0,0.0,0.0,0.0,0.0,0.0,0.007125594180864461,20,248,0.0,21.32,0.0,1.0,567.279923475184,1445.0192143395384,11210.616829589706,2545018854.514263,2259509895.647567,362.89907080586624,1179588764.9122646,25103923.82802175,1154484841.0842428,0.33816193353375595,,1669111518.0500891,0.0,0.691676277228588
0.0,140437000.0,shutdown,0.0,0.0,0.0,0.0,0.0,0.0,0.007125594180864461,21,248,0.0,20.15,0.0,1.0,567.279923475184,1445.0192143426887,11210.61682952768,2545018854.500182,2259509895.6350656,362.89907080586624,1179588764.9239686,25103923.827224635,1154484841.0967438,0.33816193353741764,,1676044378.864031,0.0,0.6888151982462519
0.0,140437000.0,shutdown,0.0,0.0,0.0,0.0,0.0,0.0,0.007125594180864461,22,248,0.0,19.3,0.0,1.0,567.279923475184,1445.0192143513134,11210.616829606524,2545018854.518081,2259509895.6509566,362.89907080586624,1179588764.908184,25103923.827329606,1154484841.0808544,0.33816193353276347,,1681081072.617749,0.0,0.6867514362547141
0.0,140437000.0,shutdown,0.0,0.0,0.0,0.0,0.0,0.0,0.007125594180864461,23,248,0.0,18.83,0.0,1.0,567.279923475184,1445.0192142023377,11210.616829619117,2545018854.52094,2259509895.653495,362.89907080586624,1179588764.9059248,25103923.827607863,1154484841.078317,0.3381619335320202,,1683866067.9874523,0.0,0.6856155979543854
0.0,140437000.0,shutdown,0.0,0.0,0.0,0.0,0.0,0.0,0.007125594180864461,0,249,0.0,18.44,0.0,1.0,567.279923475184,1445.0192143024622,11210.61682932036,2545018854.4531164,2259509895.59328,362.89907080586624,1179588764.882693,25103923.7441624,1154484841.1385307,0.3381619335496575,,1686177021.5920994,0.0,0.6846759422972438
0.0,140437000.0,shutdown,0.0,0.0,0.0,0.0,0.0,0.0,0.007125594180864461,1,249,0.0,17.78,0.0,1.0,567.279923475184,1445.0192143110808,11210.61682931316,2545018854.451482,2259509895.591829,362.89907080586624,1179588764.8841808,25103923.744197547,1154484841.1399832,0.33816193355008295,,1690087866.1538103,0.0,0.683091609767771
0.0,140437000.0,shutdown,0.0,0.0,0.0,0.0,0.0,0.0,0.007125594180864461,2,249,0.0,17.3,0.0,1.0,567.279923475184,1445.0192141936986,11210.616829626231,2545018854.522555,2259509895.6549287,362.89907080586624,1179588764.9044287,25103923.82754602,1154484841.0768826,0.33816193353160007,,1692932116.744145,0.0,0.681943965536665
0.0,140437000.0,shutdown,0.0,0.0,0.0,0.0,0.0,0.0,0.007125594180864461,3,249,0.0,16.96,0.0,1.0,567.279923475184,1445.0192143073805,11210.616829316146,2545018854.45216,2259509895.5924306,362.89907080586624,1179588764.8835368,25103923.744156744,1154484841.13938,0.33816193354990626,,1694946794.2456324,0.0,0.681133381330241
0.0,140437000.0,shutdown,0.0,0.0,0.0,0.0,0.0,0.0,0.007125594180864461,4,249,0.0,16.54,0.0,1.0,567.279923475184,1445.0192141603218,11210.61682935386,2545018854.4607215,2259509895.600032,362.89907080586624,1179588764.8754992,25103923.74371996,1154484841.1317792,0.3381619335476799,,1697435513.5121753,0.0,0.6801347279125949
0.0,140437000.0,shutdown,0.0,0.0,0.0,0.0,0.0,0.0,0.007125594180864461,5,249,0.0,16.4,0.0,1.0,567.279923475184,1445.0192143395536,11210.616829589817,2545018854.5142884,2259509895.647589,362.89907080586624,1179588764.912274,25103923.828053094,1154484841.084221,0.3381619335337495,,1698265086.6010232,0.0,0.6798024938467373
0.0,140437000.0,shutdown,0.0,0.0,0.0,0.0,0.0,0.0,0.007125594180864461,6,249,0.0,16.34,0.0,1.0,567.279923475184,1445.0192143024635,11210.616829320345,2545018854.453113,2259509895.593277,362.89907080586624,1179588764.8826923,25103923.744159527,1154484841.1385329,0.3381619335496581,,1698620617.9248152,0.0,0.6796602072032738
176946402.035929,140437000.0,charging,140437000.0,36509402.035928994,0.0,258.7063374066112,0.0,0.0,0.03980428943222588,7,249,587.629847332103,17.41,142385456.82665533,739.3980783421929,665.9912563011451,1445.0192141652467,11210.61682934971,2545018854.4597797,2397883670.45237,371.50544512815554,1183600446.8498688,27047117.30219733,1156553329.5476716,0.3252047179890501,10.217932329320863,1692280309.317193,80265244.37022366,0.6524815834164036
207104754.76383978,140437000.0,charging,140437000.0,66667754.76383978,0.0,472.4090151107368,0.0,0.0,0.09947700713042422,8,249,706.5199267041967,19.26,142717098.96138552,865.4194486351895,665.9916246001652,1445.0192141571567,11210.61682941581,2545018854.474786,2398184039.1953998,371.52708526585104,1183631720.2422917,27378759.437692072,1156252960.8045995,0.3250899435162393,10.192302658782435,1681318093.500277,80055790.0712731,0.6564494748043257
179256262.95090938,140437000.0,charging,140437000.0,38819262.950909376,0.0,275.07405705989896,0.0,0.0,0.1342232038116746,9,249,670.1345363535861,20.91,142410857.65712112,749.0501916495176,665.9912845701293,1445.019214342699,11210.616829527762,2545018854.5002007,2397906675.9467115,371.507102544915,1183602842.269468,27072518.21617982,1156530324.0532882,0.32519592655140606,10.215965105127724,1671540982.096,79531150.71068086,0.6604698358139937
145523107.69748932,140437000.0,charging,140437000.0,5086107.697489321,0.0,36.040258692216995,0.0,0.0,0.13877565754121782,10,249,611.2714248110058,22.64,142039904.51785743,608.0909526719819,665.990870727791,1445.0192143061452,11210.616829317247,2545018854.4524097,2397570706.5062156,371.4828980741597,1183567858.4876199,26701564.993836533,1156866293.4937832,0.32532432834176417,10.244764265715812,1661289828.9266677,78954980.67884985,0.6647721556808
113156129.16169456,140437000.0,direct_plus_discharge,140437000.0,0.0,27280870.838305444,0.0,193.3127847148878,0.0,0.1143572005246004,11,249,531.4030375555697,24.23,142025141.13497972,472.84049572146284,663.5614711141138,1445.0192143395348,11210.61682958965,2545018854.5142503,2397557335.558509,371.4819347901119,1183566466.136287,26686801.694799915,1156879664.441487,0.32532943905797157,10.245913540771129,1651868248.8461826,78375519.646548,0.6686223557096126
49170230.5715466,140437000.0,direct_plus_discharge,140437000.0,0.0,91266769.4284534,0.0,646.718114488233,0.0,0.03266649132608676,12,249,285.1990143480154,25.25,142127868.5626261,205.4654606023689,657.9920463312385,1445.01921420055,11210.616829647231,2545018854.5273223,2397650374.58389,371.48863759620065,1183576154.537399,26789529.121292647,1156786625.4161065,0.3252938781089656,10.237921533549631,1645824216.341721,77672749.0584344,0.6711857628061026
85966681.88887283,140437000.0,direct_plus_discharge,122462449.41427925,0.0,36495767.52540642,0.0,258.6097229981869,0.0,-4.084748134278415e-18,13,249,421.6530248249281,26.01,123867724.17989156,359.225158911005,662.2327793073541,1445.0192143110805,11210.616829313143,2545018854.451478,2381117022.0476265,370.29827083661723,1181849362.6082604,26503935.24161569,1155345427.3666446,0.32656546751884674,11.721584341003615,1641320819.5736904,67911164.00415632,0.6759441892423637
172314615.60490224,140437000.0,charging,140437000.0,31877615.604902238,0.0,225.88540810074778,0.0,0.0,0.028532893654831294,14,249,707.1041144961747,26.42,142334522.49501386,720.0434379144251,665.9911995851727,1445.0192142956075,11210.616829213275,2545018854.4288063,2397837539.4026117,371.5021216499607,1183595643.5689895,26996182.971602347,1156599460.597387,0.3252223471334055,10.221879167240536,1638891355.527779,78310924.38982864,0.6735371098231254
210508439.05748016,140437000.0,charging,140437000.0,70071439.05748016,0.0,496.5275886340598,0.0,0.0,0.09125216800860728,15,249,771.6709619714442,26.48,142754528.23133627,879.6422731574434,665.9916660592532,1445.019214209165,11210.616829726066,2545018854.5452194,2398217939.1905913,371.5295276244109,1183635249.599508,27416188.790085897,1156219060.8094223,0.32507699129418816,10.189417558726564,1638535824.2039876,78529191.07801862,0.6733694126424956
221105441.3856211,140437000.0,charging,140437000.0,80668441.3856211,0.0,571.6181545410211,0.0,0.0,0.16345656647694679,16,249,746.2420653095854,25.94,142871060.20856366,923.9234965531277,665.9917949987553,1445.019214347623,11210.616829609617,2545018854.518783,2398323483.183476,371.53713170098524,1183646237.584216,27532720.76769545,1156113516.8165207,0.3250366676909367,10.180444789796812,1641735606.1181142,78709150.52939236,0.6719852598285961
84595988.2910146,140437000.0,direct_plus_discharge,140437000.0,0.0,55841011.7089854,0.0,395.69050191768525,0.0,0.11347460833997602,17,249,309.50669028099657,24.64,142070993.5785566,353.4975023969916,660.9931619967158,1445.0192142023113,11210.61682961892,2545018854.5208955,2397598863.542881,371.4849265829856,1183570790.5950391,26732654.137923628,1156838136.4571154,0.3253135661650451,10.242344876413611,1649438784.8002717,78065306.96909578,0.6696586954374407
27580968.218341168,140437000.0,direct_plus_discharge,140437000.0,0.0,112856031.78165883,0.0,799.7000500787344,0.0,0.01245986517213589,18,249,142.6438189631656,23.12,142162529.47127745,115.25136801209267,656.2557052445502,1445.0192143476258,11210.616829609624,2545018854.518785,2397681766.6166906,371.49089918217464,1183579423.413717,26824190.030416217,1156755233.3833008,0.32528188005942593,10.235227582970667,1658445578.3363326,77982527.27112874,0.6661693793412937
0.0,140437000.0,shutdown,0.0,0.0,0.0,0.0,0.0,0.0,0.01245986517213589,19,249,0.0,21.73,0.0,1.0,567.279923475184,1445.0192143513107,11210.61682952046,2545018854.4985433,2259509895.6336107,362.89907080586624,1179588764.9254563,25103923.827256024,1154484841.0982003,0.33816193353784424,,1666682054.0041778,0.0,0.6926845095167182
0.0,140437000.0,shutdown,0.0,0.0,0.0,0.0,0.0,0.0,0.01245986517213589,20,249,0.0,20.61,0.0,1.0,567.279923475184,1445.0192141986208,11210.616829708051,2545018854.5411296,2259509895.6714196,362.89907080586624,1179588764.8879972,25103923.82760754,1154484841.0603895,0.33816193352676904,,1673318638.7149594,0.0,0.6899372387000882
0.0,140437000.0,shutdown,0.0,0.0,0.0,0.0,0.0,0.0,0.01245986517213589,21,249,0.0,20.0,0.0,1.0,567.279923475184,1445.0192141652458,11210.616829435732,2545018854.479308,2259509895.6165333,362.89907080586624,1179588764.8590713,25103923.743794724,1154484841.1152766,0.33816193354284607,,1676933207.1735103,0.0,0.6884501041405064
0.0,140437000.0,shutdown,0.0,0.0,0.0,0.0,0.0,0.0,0.01245986517213589,22,249,0.0,19.19,0.0,1.0,567.279923475184,1445.0192143073903,11210.616829230159,2545018854.432639,2259509895.5751,362.89907080586624,1179588764.900815,25103923.744103473,1154484841.1567116,0.33816193355498286,,1681732880.0447009,0.0,0.6864852646075548
0.0,140437000.0,shutdown,0.0,0.0,0.0,0.0,0.0,0.0,0.01245986517213589,23,249,0.0,18.42,0.0,1.0,567.279923475184,1445.0192143407785,11210.616829588591,2545018854.51401,2259509895.647342,362.89907080586624,1179588764.9124742,25103923.8280062,1154484841.084468,0.3381619335338219,,1686295532.0333633,0.0,0.6846278242179594
0.0,140437000.0,shutdown,0.0,0.0,0.0,0.0,0.0,0.0,0.01245986517213589,0,250,0.0,17.93,0.0,1.0,567.279923475184,1445.0192143426991,11210.616829527731,2545018854.5001936,2259509895.635076,362.89907080586624,1179588764.9239755,25103923.827241186,1154484841.0967343,0.33816193353741486,,1689199037.84433,0.0,0.6834510411336897
0.0,140437000.0,shutdown,0.0,0.0,0.0,0.0,0.0,0.0,0.01245986517213589,1,250,0.0,17.63,0.0,1.0,567.279923475184,1445.0192141603104,11210.616829439818,2545018854.4802356,2259509895.617357,362.89907080586624,1179588764.8582182,25103923.743765503,1154484841.1144526,0.33816193354260476,,1690976694.4632895,0.0,0.6827325562170934
0.0,140437000.0,shutdown,0.0,0.0,0.0,0.0,0.0,0.0,0.01245986517213589,2,250,0.0,17.35,0.0,1.0,567.279923475184,1445.0192143395402,11210.616829589708,2545018854.5142636,2259509895.6475673,362.89907080586624,1179588764.912265,25103923.82802263,1154484841.0842423,0.3381619335337558,,1692635840.640985,0.0,0.6820633318546829
0.0,140437000.0,shutdown,0.0,0.0,0.0,0.0,0.0,0.0,0.01245986517213589,3,250,0.0,16.95,0.0,1.0,567.279923475184,1445.0192143024522,11210.616829234266,2545018854.433572,2259509895.5759277,362.89907080586624,1179588764.899962,25103923.744078886,1154484841.155883,0.3381619335547402,,1695006049.4662642,0.0,0.6811095697973559
0.0,140437000.0,shutdown,0.0,0.0,0.0,0.0,0.0,0.0,0.01245986517213589,4,250,0.0,16.5,0.0,1.0,567.279923475184,1445.0192142042242,11210.61682973015,2545018854.5461464,2259509895.6758738,362.89907080586624,1179588764.8828595,25103923.8269227,1154484841.0559368,0.3381619335254648,,1697672534.3947034,0.0,0.6800397707250194
0.0,140437000.0,shutdown,0.0,0.0,0.0,0.0,0.0,0.0,0.01245986517213589,5,250,0.0,16.49,0.0,1.0,567.279923475184,1445.0192143358443,11210.616829506707,2545018854.495421,2259509895.6308384,362.89907080586624,1179588764.928898,25103923.827927236,1154484841.1009707,0.33816193353865576,,1697731789.6153352,0.0,0.6800160356086334
0.0,140437000.0,shutdown,0.0,0.0,0.0,0.0,0.0,0.0,0.01245986517213589,6,250,0.0,16.41,0.0,1.0,567.279923475184,1445.0192142054807,11210.616829729115,2545018854.545912,2259509895.675665,362.89907080586624,1179588764.8830774,25103923.826931864,1154484841.0561454,0.3381619335255259,,1698205831.3803911,0.0,0.6798262140683614
0.0,140437000.0,shutdown,0.0,0.0,0.0,0.0,0.0,0.0,0.01245986517213589,7,250,3.709306551524163,17.31,0.0,1.0,567.279923475184,1445.0192143110694,11210.61682931307,2545018854.451462,2259509895.5918107,362.89907080586624,1179588764.8841743,25103923.74417304,1154484841.1400013,0.3381619335500883,,1692872861.5235128,0.0,0.6819678354941637
44521262.671603106,140437000.0,direct_plus_discharge,58441715.22896239,0.0,13920452.557359286,0.0,98.64059927940912,0.0,0.0,8,250,202.0181259795036,18.77,59106729.67338923,186.03902473285186,662.987388904846,1445.0192143444774,11210.61682949954,2545018854.493794,2322558015.6343102,366.0960292276059,1175647374.598913,25763675.004210312,1149883699.5947027,0.33108216622609743,24.367145132859473,1684221599.311244,33081443.499005914,0.6695869458852155
168091225.48881412,140437000.0,charging,140437000.0,27654225.488814116,0.0,195.95838307587357,0.0,0.0,0.024752637862215605,9,250,634.460469700664,20.69,142288079.172107,702.3953450456293,665.991147834655,1445.0192142042256,11210.61682973015,2545018854.5461464,2397795476.036792,371.4990912250727,1183591263.6940491,26949739.730846856,1156641523.9632022,0.3252384222575312,10.225480463739403,1672844596.949904,79509573.30176768,0.6600500878181985
185343516.3057671,140437000.0,charging,140437000.0,44906516.30576709,0.0,318.2084534751448,0.0,0.0,0.06494738988012863,10,250,762.9193484088886,22.67,142477797.3111357,774.4867271267971,665.9913590201185,1445.0192141640011,11210.616829350764,2545018854.4600186,2397967303.0469637,371.5114704106393,1183609154.7397122,27139457.786675394,1156469696.9530368,0.32517275879730845,10.210784173289198,1661112063.2647717,79192018.2544934,0.6645216254066658
184272827.8101555,140437000.0,charging,140437000.0,43835827.81015551,0.0,310.621533839198,0.0,0.0,0.10418379415455364,11,250,821.7368120358894,24.29,142466023.27886403,770.0126886210697,665.9913459301541,1445.019214340781,11210.61682958863,2545018854.5140185,2397956639.364144,371.51070214342525,1183608044.4745476,27127683.838690516,1156480360.635857,0.32517683370686234,10.211695095675777,1651512717.522391,78838929.28880277,0.6683499060824402
128815663.75312987,140437000.0,direct_plus_discharge,140437000.0,0.0,11621336.24687013,0.0,82.3490161038449,0.0,0.09378181317301534,12,250,617.096968637187,25.36,142000000.2251544,538.2762980402312,665.0304593639979,1445.019214302452,11210.616829320275,2545018854.4530973,2397534565.724637,371.48029439498447,1183564094.9764686,26661660.701105185,1156902434.2753634,0.3253381423515501,10.24787121883116,1645172408.9147692,78260934.63746837,0.671277736736151
180882411.741987,140437000.0,charging,140437000.0,40445411.741987,0.0,286.5969792212609,0.0,-7.450580596923828e-09,0.12998353686412198,13,250,807.2570808360089,25.95,142428739.91552338,755.8453074438311,665.991304465538,1445.019214307391,11210.61682923014,2545018854.4326353,2397922871.806713,371.50826937393686,1183604528.5847206,27090400.391432516,1156514128.193288,0.3251897374501475,10.214580594829075,1641676350.8974826,78463285.97777243,0.6723373518060259
194714637.29918444,140437000.0,charging,140437000.0,54277637.29918445,0.0,384.6124002507009,0.0,-7.450580596923828e-09,0.17856615584315788,14,250,796.2631425911969,26.4,142580848.64816046,813.6454145865061,665.991473496933,1445.019214197387,11210.616829709155,2545018854.5413804,2398060636.791842,371.5181946475137,1183618872.4157498,27242509.207592294,1156376363.2081575,0.3251370944224959,10.202817808640738,1639009865.9690435,78450758.5310936,0.6733058951757442
205122218.39443982,140437000.0,charging,140437000.0,64685218.39443982,0.0,458.3607235939893,0.0,0.0,0.2364643525076618,15,250,757.9933990448541,26.54,142695297.61833304,857.1351118817347,665.9916004415757,1445.0192143463744,11210.616829524593,2545018854.499481,2398164293.617647,371.5256626745844,1183629664.559734,27356958.17738166,1156272706.3823524,0.3250974878721341,10.193983833481228,1638180292.8801954,78483746.42927304,0.6735579472192272
138741846.26218867,140437000.0,direct_plus_discharge,140437000.0,0.0,1695153.737811327,0.0,12.011892564515849,0.0,0.2349470608153019,16,250,490.9257685093313,26.23,141984064.0388833,579.7543964250442,665.9850994526945,1445.019214342688,11210.616829613733,2545018854.5197177,2397520132.606441,371.47925459173973,1183562591.9915483,26645724.59803921,1156916867.3935091,0.325343659183749,10.249112499694192,1640017204.7197871,78158027.80039506,0.6733404401928019
155093085.48895675,140437000.0,charging,140437000.0,14656085.48895675,0.0,103.8533086308792,0.0,0.0,0.2480653734844656,17,250,519.3029172133828,25.45,142145142.62196484,648.0805942096024,665.9909883525297,1445.0192141986345,11210.616829708151,2545018854.5411525,2397666019.535872,371.48976470845656,1183577783.645539,26806803.181411162,1156770980.4641278,0.3252878985730133,10.236578777185965,1644639111.9290814,78413740.35192168,0.6713496796878733
10558392.33856216,140437000.0,direct_plus_discharge,140437000.0,0.0,129878607.66143784,0.0,920.322355937097,0.0,0.13181412852399021,18,250,92.47750579476514,23.59,142189858.70272547,44.11988554551457,654.9328863522346,1445.0192143513173,11210.616829520563,2545018854.498566,2397706518.435476,371.492682389749,1183582000.826344,26851519.26182671,1156730481.5645173,0.3252724200688444,10.23310439828857,1655660582.9666295,77765824.49908285,0.6673086763779429
0.0,140437000.0,discharging,140437000.0,0.0,140437000.0,0.0,995.1393307022093,0.0,0.0061123183300269175,19,250,0.0,22.85,142209441.5168321,1.0,654.149999999998,1445.0192142091514,11210.616829725926,2545018854.5451875,2397724254.466765,371.4939601533119,1183583847.608795,26871102.07556288,1156712745.533232,0.32526564156464827,10.23158352751836,1660045469.293396,77860294.24329786,0.6655785197347436
0.0,140437000.0,shutdown,0.0,0.0,0.0,0.0,0.0,0.0,0.0061123183300269175,20,250,0.0,21.81,0.0,1.0,567.279923475184,1445.0192143358545,11210.61682950677,2545018854.4954348,2259509895.630836,362.89907080586624,1179588764.928904,25103923.8279449,1154484841.100959,0.3381619335386523,,1666208012.2391222,0.0,0.6928815805833946
0.0,140437000.0,shutdown,0.0,0.0,0.0,0.0,0.0,0.0,0.0061123183300269175,21,250,0.0,20.82,0.0,1.0,567.279923475184,1445.019214302465,11210.616829320355,2545018854.4531155,2259509895.593279,362.89907080586624,1179588764.8826938,25103923.74416174,1154484841.138532,0.33816193354965784,,1672074279.081688,0.0,0.6904506908464504
0.0,140437000.0,shutdown,0.0,0.0,0.0,0.0,0.0,0.0,0.0061123183300269175,22,250,0.0,19.87,0.0,1.0,567.279923475184,1445.0192141603231,11210.616829439952,2545018854.480266,2259509895.617384,362.89907080586624,1179588764.8582284,25103923.743801933,1154484841.1144266,0.33816193354259716,,1677703525.041726,0.0,0.6881340021537556
0.0,140437000.0,shutdown,0.0,0.0,0.0,0.0,0.0,0.0,0.0061123183300269175,23,250,0.0,19.03,0.0,1.0,567.279923475184,1445.0192142023132,11210.616829618966,2545018854.5209055,2259509895.6534643,362.89907080586624,1179588764.9059117,25103923.827564154,1154484841.0783474,0.3381619335320291,,1682680963.5748127,0.0,0.6860984738459713
0.0,140437000.0,shutdown,0.0,0.0,0.0,0.0,0.0,0.0,0.0061123183300269175,0,251,0.0,18.55,0.0,1.0,567.279923475184,1445.0192143476306,11210.616829609662,2545018854.5187936,2259509895.651589,362.89907080586624,1179588764.9075522,25103923.82733053,1154484841.0802217,0.3381619335325781,,1685525214.1651475,0.0,0.6849407124722522
0.0,140437000.0,shutdown,0.0,0.0,0.0,0.0,0.0,0.0,0.0061123183300269175,1,251,0.0,18.24,0.0,1.0,567.279923475184,1445.019214351311,11210.616829520482,2545018854.498548,2259509895.633615,362.89907080586624,1179588764.9254572,25103923.827261318,1154484841.098196,0.338161933537843,,1687362126.004739,0.0,0.6841950659588015
0.0,140437000.0,shutdown,0.0,0.0,0.0,0.0,0.0,0.0,0.0061123183300269175,2,251,0.0,17.95,0.0,1.0,567.279923475184,1445.0192143395443,11210.616829589719,2545018854.514266,2259509895.6475697,362.89907080586624,1179588764.9122665,25103923.8280255,1154484841.084241,0.3381619335337554,,1689080527.4030662,0.0,0.6834989938929925
0.0,140437000.0,shutdown,0.0,0.0,0.0,0.0,0.0,0.0,0.0061123183300269175,3,251,0.0,17.27,0.0,1.0,567.279923475184,1445.019214165251,11210.616829435743,2545018854.4793105,2259509895.6165357,362.89907080586624,1179588764.8590722,25103923.743798476,1154484841.1152737,0.33816193354284524,,1693109882.406041,0.0,0.681872365823452
0.0,140437000.0,shutdown,0.0,0.0,0.0,0.0,0.0,0.0,0.0061123183300269175,4,251,0.0,16.6,0.0,1.0,567.279923475184,1445.0192143110773,11210.616829227076,2545018854.431939,2259509895.5744786,362.89907080586624,1179588764.9014492,25103923.744118,1154484841.1573312,0.3381619335551644,,1697079982.1883836,0.0,0.6802772133748368
0.0,140437000.0,shutdown,0.0,0.0,0.0,0.0,0.0,0.0,0.0061123183300269175,5,251,0.0,16.0,0.0,1.0,567.279923475184,1445.0192142956241,11210.61682929943,2545018854.4483647,2259509895.5890617,362.89907080586624,1179588764.887627,25103923.74487737,1154484841.1427495,0.33816193355089325,,1700635295.4263024,0.0,0.678855039788735
0.0,140437000.0,shutdown,0.0,0.0,0.0,0.0,0.0,0.0,0.0061123183300269175,6,251,0.0,15.65,0.0,1.0,567.279923475184,1445.0192142005494,11210.616829647264,2545018854.52733,2259509895.659168,362.89907080586624,1179588764.899503,25103923.82686152,1154484841.0726414,0.33816193353035773,,1702709228.1484218,0.0,0.678028181199243
173182192.9314859,140437000.0,charging,140437000.0,32745192.93148589,0.0,232.03307801757077,0.0,0.0,0.035421759763825326,7,251,576.6274471299868,17.09,142344062.97619393,723.668744791018,665.9912102116942,1445.019214306153,11210.61682931734,2545018854.4524307,2397846180.194175,371.5027441674864,1183596543.258065,27005723.452198934,1156590819.805866,0.32521904498687654,10.221139672232622,1694176476.3774166,80310300.06049669,0.6517889201336257
195030921.46361834,140437000.0,charging,140437000.0,54593921.46361834,0.0,386.8535960303491,0.0,0.0,0.08428747715713258,8,251,670.7175598500062,19.13,142584326.7278959,814.9670571895866,665.9914773577514,1445.0192141584012,11210.616829414701,2545018854.4745336,2398063786.83679,371.518421598275,1183619200.367399,27245987.204189286,1156373213.1632097,0.32513589076828897,10.202549137518307,1682088411.3684926,80009131.04916343,0.656248127771989
223568542.92871165,140437000.0,charging,140437000.0,83131542.92871165,0.0,589.0717402843986,0.0,0.0,0.1586965390877935,9,251,825.5429890788832,21.71,142898146.17911693,934.2159496732124,665.9918249385803,1445.0192143427014,11210.616829527782,2545018854.500205,2398348015.2180204,371.5388991577922,1183648791.5201602,27559806.73818138,1156088984.7819788,0.32502729548887144,10.178361310389056,1666800564.445442,79631682.83137205,0.6619718495147185
197979071.82056493,140437000.0,charging,140437000.0,57542071.820564926,0.0,407.744247162325,0.0,0.0,0.2102010755714556,10,251,814.0770392914216,23.83,142616746.6311547,827.2863622645073,665.9915133361958,1445.0192143427018,11210.61682961379,2545018854.51973,2398093149.671693,371.5205370546855,1183622257.5185864,27278407.190278158,1156343850.3283083,0.325124671198718,10.200045424695954,1654238457.6714623,79020859.04641359,0.6671499406782231
173230988.41138166,140437000.0,charging,140437000.0,32793988.411381662,0.0,232.37884374316138,0.0,0.0,0.2395541926758549,11,251,782.4674664324386,25.57,142344599.56508777,723.8726442976007,665.9912108093234,1445.0192142023236,11210.616829619055,2545018854.520926,2397846666.2414036,371.50277917974404,1183596593.883085,27006260.124487754,1156590333.7585974,0.32521885924666555,10.221098083110444,1643928049.281498,78498143.1975772,0.6714890535274115
161854306.69222564,140437000.0,charging,140437000.0,21417306.692225635,0.0,151.76345441119767,0.0,0.0,0.25872431323305883,12,251,760.3295418261852,26.8,142219493.69324082,676.3334092282904,665.9910713500284,1445.0192141689292,11210.61682943263,2545018854.4786043,2397733358.5830207,371.4946160513698,1183584795.5858343,26881154.16885482,1156703641.4169796,0.32526216209891706,10.230803002974294,1636639657.1437643,78166477.11628553,0.6745390154066044
184935488.54124424,140437000.0,charging,140437000.0,44498488.541244246,0.0,315.3171607496153,0.0,-7.450580596923828e-09,0.2985538493277471,13,251,830.3994623993301,27.83,142473310.35523048,772.7817196130688,665.9913540319295,1445.019214302466,11210.6168293204,2545018854.4531255,2397963239.2082376,371.5111776323393,1183608731.622978,27134970.831214048,1156473760.791764,0.32517431170494354,10.211131298325117,1630536369.4186702,78085662.24071547,0.6768458672329162
195109106.70268795,140437000.0,charging,140437000.0,54672106.70268795,0.0,387.40761816467636,0.0,0.0,0.34748954846433777,14,251,803.4015155192554,28.23,142585186.50693485,815.2937663786836,665.991478312114,1445.0192143407842,11210.616829502596,2545018854.494488,2398064565.558422,371.51847770023346,1183619281.5082736,27246847.06669946,1156372434.441574,0.32513559321695706,10.202482724012597,1628166160.593391,78061352.63090855,0.6777363660350014
212096025.67405203,140437000.0,charging,140437000.0,71659025.67405203,0.0,507.7772584721161,0.0,0.0,0.41162983374502615,15,251,785.9376193245259,27.59,142771986.43334484,886.2762509043132,665.9916853896684,1445.0192143061436,11210.616829317223,2545018854.4524045,2398233751.1278844,371.53066682162523,1183636895.7814336,27433646.90931751,1156203248.872116,0.325070950086832,10.188072374138086,1631958494.7138379,78300840.40868877,0.6760397239926675
216002823.11980885,140437000.0,charging,140437000.0,75565823.11980885,0.0,535.4609016385149,0.0,0.0,0.4792670002677859,16,251,735.3830427705267,26.69,142814948.2839655,902.6014120300999,665.9917329386433,1445.0192142042306,11210.616829644116,2545018854.526615,2398272662.0894647,371.5334702113935,1183640946.7531686,27476608.842633404,1156164337.910535,0.325056083805637,10.184763487728075,1637291464.5707157,78517402.27011836,0.6738304949077909
146862756.94955164,140437000.0,charging,140437000.0,6425756.949551642,0.0,45.5330395126063,0.0,0.0,0.48501854210095724,17,251,495.1872828916612,25.83,142054636.22889474,613.6888855557842,665.9908872039138,1445.0192142992978,11210.616829296234,2545018854.4476395,2397584048.826076,371.48385929285166,1183569247.879489,26716296.70556635,1156852951.1739225,0.32531922861588414,10.243617693913567,1642387413.545066,78282749.92272224,0.6723269663968804
41789045.12110693,140437000.0,direct_plus_discharge,140437000.0,0.0,98647954.87889308,0.0,699.0213390582496,0.0,0.39672110979886255,18,251,183.85719588221832,24.44,142139718.83293882,174.6220284944119,657.3908203610465,1445.0192143426905,11210.616829613748,2545018854.519721,2397661107.2453785,371.48941081239667,1183577272.1466715,26801379.392049193,1156775892.7546225,0.32528977605364046,10.237000346994773,1650623889.2129114,77795408.54235251,0.6692680961482858
0.0,140437000.0,discharging,140437000.0,0.0,140437000.0,0.0,995.1393307022093,0.0,0.2710192996048993,19,251,0.0,22.77,142209441.5168375,1.0,654.15,1445.0192142005485,11210.616829647264,2545018854.52733,2397724254.450849,371.49396015337726,1183583847.6246603,26871102.07550846,1156712745.549152,0.32526564156912446,10.231583527615866,1660519511.0584524,77877685.90472631,0.6653903650844718
0.0,140437000.0,discharging,140437000.0,0.0,140437000.0,0.0,995.1393307022093,0.0,0.14531748941093597,20,251,0.0,21.19,142209441.5168375,1.0,654.15,1445.0192143005565,11210.616829295299,2545018854.4474273,2397724254.3796153,371.49396015366864,1183583847.6139283,26871101.9935438,1156712745.6203845,0.3252656415891549,10.231583528053866,1669881835.918305,78221171.21787557,0.6616959875352897
0.0,140437000.0,discharging,140437000.0,0.0,140437000.0,0.0,995.1393307022093,0.0,0.0196156792169727,21,251,0.0,19.96,142209441.5168375,1.0,654.15,1445.019214165245,11210.616829349654,2545018854.459767,2397724254.3906174,371.4939601536237,1183583847.6017473,26871101.99236432,1156712745.6093829,0.3252656415860613,10.231583527986206,1677170228.0560384,78488568.01228927,0.6588482615185584
0.0,140437000.0,shutdown,0.0,0.0,0.0,0.0,0.0,0.0,0.0196156792169727,22,251,0.0,18.87,0.0,1.0,567.279923475184,1445.019214351319,11210.616829606599,2545018854.5180984,2259509895.650972,362.89907080586624,1179588764.908188,25103923.827348817,1154484841.0808394,0.33816193353275903,,1683629047.1049242,0.0,0.685712118750878
0.0,140437000.0,shutdown,0.0,0.0,0.0,0.0,0.0,0.0,0.0196156792169727,23,251,0.0,18.07,0.0,1.0,567.279923475184,1445.0192142992998,11210.616829296228,2545018854.4476385,2259509895.588416,362.89907080586624,1179588764.8882537,25103923.744859662,1154484841.143394,0.33816193355108204,,1688369464.7554827,0.0,0.6837868518965378
0.0,140437000.0,shutdown,0.0,0.0,0.0,0.0,0.0,0.0,0.0196156792169727,0,252,0.0,17.48,0.0,1.0,567.279923475184,1445.0192141603136,11210.616829353841,2545018854.460717,2259509895.600028,362.89907080586624,1179588764.8754957,25103923.743713334,1154484841.1317823,0.3381619335476808,,1691865522.7727692,0.0,0.6823738799521826
0.0,140437000.0,shutdown,0.0,0.0,0.0,0.0,0.0,0.0,0.0196156792169727,1,252,0.0,17.19,0.0,1.0,567.279923475184,1445.0192142091648,11210.61682972606,2545018854.5452175,2259509895.675049,362.89907080586624,1179588764.8837137,25103923.82695126,1154484841.0567625,0.3381619335257066,,1693583924.1710968,0.0,0.6816815066438532
0.0,140437000.0,shutdown,0.0,0.0,0.0,0.0,0.0,0.0,0.0196156792169727,2,252,0.0,16.76,0.0,1.0,567.279923475184,1445.0192143358477,11210.616829506713,2545018854.4954224,2259509895.6308393,362.89907080586624,1179588764.9288988,25103923.827930544,1154484841.1009684,0.33816193353865504,,1696131898.658272,0.0,0.6806574665650859
0.0,140437000.0,shutdown,0.0,0.0,0.0,0.0,0.0,0.0,0.0196156792169727,3,252,0.0,16.15,0.0,1.0,567.279923475184,1445.0192143463842,11210.616829610704,2545018854.51903,2259509895.651799,362.89907080586624,1179588764.907338,25103923.82732489,1154484841.080013,0.338161933532517,,1699746467.1168227,0.0,0.6792100253859013
0.0,140437000.0,shutdown,0.0,0.0,0.0,0.0,0.0,0.0,0.0196156792169727,4,252,0.0,15.73,0.0,1.0,567.279923475184,1445.0192143110712,11210.61682931305,2545018854.451457,2259509895.591807,362.89907080586624,1179588764.884173,25103923.744167525,1154484841.1400054,0.33816193355008944,,1702235186.3833659,0.0,0.6782169998452846
0.0,140437000.0,shutdown,0.0,0.0,0.0,0.0,0.0,0.0,0.0196156792169727,5,252,0.0,15.51,0.0,1.0,567.279923475184,1445.0192141534824,11210.6168293329,2545018854.455963,2259509895.595807,362.89907080586624,1179588764.88043,25103923.74442697,1154484841.136003,0.3381619335489171,,1703538801.2372692,0.0,0.6776980015351034
0.0,140437000.0,shutdown,0.0,0.0,0.0,0.0,0.0,0.0,0.0196156792169727,6,252,0.0,15.44,0.0,1.0,567.279923475184,1445.0192143073862,11210.616829316159,2545018854.4521627,2259509895.5924335,362.89907080586624,1179588764.8835382,25103923.74416093,1154484841.1393774,0.3381619335499055,,1703953587.7816935,0.0,0.6775330322478755
141055228.36875188,140437000.0,charging,140437000.0,618228.3687518835,0.0,4.38077832124631,0.0,0.0,0.02016904068913013,7,252,480.3726998820647,17.49,141990772.6222374,589.421223579313,665.9908157534129,1445.0192143476258,11210.616829523591,2545018854.4992537,2397526208.456046,371.4796923127286,1183563224.7252998,26652433.181301553,1156910791.5439982,0.32534133678048777,10.248589929386327,1691806267.5521374,80025656.61948629,0.6529461264137022
185542729.28212276,140437000.0,charging,140437000.0,45105729.28212276,0.0,319.6200805246957,0.0,0.0,0.06054210349224959,8,252,641.647214966732,20.0,142479987.99500114,775.319169551189,665.9913614554065,1445.0192141974037,11210.616829709323,2545018854.541418,2397969287.2204633,371.51161335468436,1183609361.334015,27141648.55447873,1156467712.7795362,0.325172000597002,10.210614702601177,1676933207.1735103,79764447.07648535,0.6583191535445401
202663624.8367113,140437000.0,charging,140437000.0,62226624.83671129,0.0,440.93908152311957,0.0,0.0,0.11623967168464365,9,252,756.4459456521347,22.28,142668261.22071275,846.8614960800421,665.991570471657,1445.019214342699,11210.616829613817,2545018854.519737,2398139806.6357474,371.5238984873544,1183627115.1440954,27329921.779843543,1156297193.3642519,0.3251068439448412,10.19606941428396,1663423016.869419,79381447.57142663,0.6634692628786865
188044503.74682844,140437000.0,charging,140437000.0,47607503.74682844,0.0,337.3477033475635,0.0,0.0,0.15885201316012534,10,252,780.9675511042619,24.07,142507499.2397826,785.7732234927512,665.9913920321064,1445.0192141652365,11210.616829349592,2545018854.459753,2397994204.0752387,371.51340849418114,1183611955.6400518,27169159.71529267,1156442795.9247591,0.32516247925020636,10.208486889898056,1652816332.3762946,78908961.13434377,0.6677980625785984
174292149.7967758,140437000.0,charging,140437000.0,33855149.79677579,0.0,239.89825408963802,0.0,0.0,0.18915495051881645,11,252,792.7732266987082,25.74,142356268.83065805,728.3068722906178,665.991223804928,1445.0192142956123,11210.616829299333,2545018854.4483433,2397857234.9811296,371.50354060189517,1183597694.3261902,27017929.307319637,1156579765.0188706,0.3252148203360846,10.220193725362615,1642920710.5307539,78468241.9769316,0.6718875262525579
139488106.17431659,140437000.0,direct_plus_discharge,140437000.0,0.0,948893.8256834149,0.0,6.723880221010506,0.0,0.188305618280373,12,252,672.7363655526445,26.86,141982865.94118387,582.8727596051341,666.0576258913385,1445.0192143061445,11210.616829231189,2545018854.4328732,2397519047.429231,371.4791764187385,1183562478.9878597,26644526.41709011,1156917952.5707695,0.32534407396942305,10.24920583213712,1636284125.8199723,78030021.68989113,0.6748576124459202
178033406.65002018,140437000.0,charging,140437000.0,37596406.65002018,0.0,266.40887337745164,0.0,0.0,0.2219572654438406,13,252,809.8528167634385,27.48,142397410.2822676,743.9402962881951,665.9912696055883,1445.019214200555,11210.61682973335,2545018854.5468726,2397894496.737757,371.50622509628977,1183601574.103263,27059070.841019593,1156542503.2622433,0.3252005807670548,10.217006479418563,1632610302.1407895,78118889.81681117,0.676052357497216
191896941.67553765,140437000.0,charging,140437000.0,51459941.675537646,0.0,364.6461539122116,0.0,0.0,0.26801783225380416,14,252,798.3869467075987,26.59,142549863.31551644,801.8712349168081,665.9914390935774,1445.019214202322,11210.616829705074,2545018854.540454,2398032573.321225,371.5161728061531,1183615950.553754,27211523.874966964,1156404426.6787872,0.3251478177226382,10.205211913436365,1637884016.777036,78393038.58463688,0.6737865678890037
190727681.91798836,140437000.0,charging,140437000.0,50290681.91798836,0.0,356.3607563848889,0.0,0.0,0.3130318225340007,15,252,718.5692719462171,24.49,142537005.32536402,796.9853010528393,665.9914248128252,1445.0192143426918,11210.616829527715,2545018854.5001903,2398020927.789071,371.5153338041434,1183614738.095339,27198665.884406548,1156416072.2109325,0.3251522676354494,10.206205701314168,1650327613.1097515,78835412.9558156,0.6687721485938615
206131933.90350842,140437000.0,charging,140437000.0,65694933.903508425,0.0,465.5155874538993,0.0,0.0,0.3718337914755458,16,252,707.7537333566256,24.71,142706401.14941496,861.3543652742171,665.9916127465849,1445.0192143426962,11210.616829613766,2545018854.519725,2398174350.164975,371.526387206806,1183630711.5435548,27368061.708531395,1156262649.8350234,0.3250936454753071,10.193127538608536,1649023998.255848,78881980.79212916,0.669169887630164
174053050.53439677,140437000.0,charging,140437000.0,33616050.53439677,0.0,238.20399203665164,0.0,0.0,0.4019227167854386,17,252,578.0495500609569,24.24,142353639.52956307,727.30775881274,665.9912208769639,1445.0192143042366,11210.616829206088,2545018854.427175,2397854853.6150484,371.5033690394805,1183597446.3911438,27015300.00619314,1156582146.3849506,0.325215730384435,10.220397481139235,1651808993.625551,78787412.9298318,0.6683141961949622
3994420.6016605683,140437000.0,direct_plus_discharge,140437000.0,0.0,136442579.39833942,0.0,966.8347881380729,0.0,0.2797962172311558,18,252,73.25787535495473,23.33,142200396.9611088,16.69130811915909,654.4332657140236,1445.0192142091614,11210.616829726006,2545018854.5452056,2397716062.887551,371.49337000262403,1183582994.6323063,26862057.519857213,1156720937.1124492,0.3252687722831665,10.232285907625682,1657201218.7030613,77778895.3355289,0.6667055880080945
0.0,140437000.0,discharging,140437000.0,0.0,140437000.0,0.0,995.1393307022093,0.0,0.15409440703719246,19,252,0.0,22.93,142209441.51683787,1.0,654.15,1445.0192143463848,11210.616829610706,2545018854.5190306,2397724254.4434505,371.49396015340756,1183583847.632525,26871102.07597537,1156712745.5565495,0.3252656415712046,10.23158352766133,1659571427.5283403,77842902.58187592,0.6657667808479347
0.0,140437000.0,discharging,140437000.0,0.0,140437000.0,0.0,995.1393307022093,0.0,0.028392596843229184,20,252,0.0,21.39,142209441.51683757,1.0,654.15,1445.019214295609,11210.616829213277,2545018854.428807,2397724254.363016,371.49396015373645,1183583847.6304097,26871101.99342511,1156712745.6369846,0.3252656415938228,10.231583528155923,1668696731.5056653,78177692.06431241,0.6621613609025675
0.0,140437000.0,shutdown,0.0,0.0,0.0,0.0,0.0,0.0,0.028392596843229184,21,252,0.0,20.47,0.0,1.0,567.279923475184,1445.019214163999,11210.616829436802,2545018854.479551,2259509895.616749,362.89907080586624,1179588764.8588583,25103923.743796155,1154484841.1150622,0.3381619335427833,,1674148211.8038073,0.0,0.689595361375541
0.0,140437000.0,shutdown,0.0,0.0,0.0,0.0,0.0,0.0,0.028392596843229184,22,252,0.0,19.95,0.0,1.0,567.279923475184,1445.019214346383,11210.616829524686,2545018854.499502,2259509895.6344624,362.89907080586624,1179588764.924612,25103923.827262133,1154484841.09735,0.33816193353759516,,1677229483.2766702,0.0,0.6883284920808358
