Q_solar,Q_design,mode,Q_to_pb,Q_to_storage,Q_from_storage,m_dot_charge,m_dot_discharge,Q_defocus,tank_soc,hour,day_of_year,DNI,T_amb,Q_sg_oil,m_oil_field,T_sg_oil_in,m_steam,m_orc,Q_nuclear_condenser,Q_orc_condenser,T_orc_live,P_turbine,P_pumps,P_net,efficiency,solar_efficiency,ex_nuclear,ex_solar,efficiency_II
0.0,56174800.0,shutdown,0.0,0.0,0.0,0.0,0.0,0.0,0.0,23,222,0.0,27.35,0.0,1.0,567.279923475184,1445.0192141534708,11210.61682941886,2545018854.4754777,2259509895.61313,362.89907080586624,1179588764.8631485,25103923.744471643,1154484841.118677,0.3381619335438421,,1633380620.0090048,0.0,0.7068069909586121
0.0,56174800.0,shutdown,0.0,0.0,0.0,0.0,0.0,0.0,0.0,0,223,0.0,26.49,0.0,1.0,567.279923475184,1445.01921434638,11210.616829524635,2545018854.4994907,2259509895.634452,362.89907080586624,1179588764.924609,25103923.827249113,1154484841.09736,0.3381619335375981,,1638476568.9833553,0.0,0.7046086974644359
0.0,56174800.0,shutdown,0.0,0.0,0.0,0.0,0.0,0.0,0.0,1,223,0.0,25.36,0.0,1.0,567.279923475184,1445.0192143110876,11210.61682931321,2545018854.4514933,2259509895.591839,362.89907080586624,1179588764.8841846,25103923.744212776,1154484841.1399717,0.3381619335500796,,1645172408.9147692,0.0,0.7017409451338432
0.0,56174800.0,shutdown,0.0,0.0,0.0,0.0,0.0,0.0,0.0,2,223,0.0,24.29,0.0,1.0,567.279923475184,1445.0192141986447,11210.616829708228,2545018854.5411696,2259509895.671455,362.89907080586624,1179588764.8880131,25103923.827656988,1154484841.0603561,0.3381619335267593,,1651512717.522391,0.0,0.6990468973150391
0.0,56174800.0,shutdown,0.0,0.0,0.0,0.0,0.0,0.0,0.0,3,223,0.0,23.04,0.0,1.0,567.279923475184,1445.0192143463692,11210.616829610619,2545018854.5190105,2259509895.651782,362.89907080586624,1179588764.90733,25103923.827300828,1154484841.0800292,0.3381619335325218,,1658919620.1013885,0.0,0.6959257260514349
0.0,56174800.0,shutdown,0.0,0.0,0.0,0.0,0.0,0.0,0.0,4,223,0.0,22.04,0.0,1.0,567.279923475184,1445.0192141603186,11210.616829439874,2545018854.4802485,2259509895.617368,362.89907080586624,1179588764.858222,25103923.74378052,1154484841.1144414,0.3381619335426015,,1664845142.1645865,0.0,0.6934487850403981
0.0,56174800.0,shutdown,0.0,0.0,0.0,0.0,0.0,0.0,0.0,5,223,0.0,21.02,0.0,1.0,567.279923475184,1445.0192143042304,11210.616829206077,2545018854.427172,2259509895.570246,362.89907080586624,1179588764.9063792,25103923.744813975,1154484841.1615653,0.3381619335564046,,1670889174.6690485,0.0,0.6909404038662427
74616793.12353167,56174800.0,charging,56174800.0,18441993.12353167,0.0,130.68032422912802,0.0,0.0,0.01650698832367933,6,223,295.48703842435293,20.83,56997969.57200868,311.7978823688864,665.7543881543888,1445.0192143476281,11210.616829609608,2545018854.518781,2320653315.702123,365.95976246214843,1175443314.4290612,25921830.131134674,1149521484.2979264,0.33117895613164766,25.258724050168524,1672015023.8610563,31829133.447276562,0.674663512720492
173411329.25441748,56174800.0,charging,56174800.0,117236529.25441748,0.0,830.7403409079586,0.0,0.0,0.12144261033310567,7,223,582.7343139944613,25.06,58084382.71798465,724.6262265759237,665.7617589173351,1445.0192141689301,11210.616829346609,2545018854.4590755,2321634581.889279,366.02996097115965,1175548461.3042572,27008243.193454076,1148540218.1108031,0.3307927145513997,24.77120007518825,1646950065.5337286,32067052.13639905,0.6840550974873706
214102549.8664209,56174800.0,charging,56174800.0,157927749.8664209,0.0,1119.0791265932482,0.0,0.0,0.26279997369225283,8,223,712.7758799170493,29.36,58531851.56311334,894.660824509169,665.7647155166155,1445.019214197386,11210.616829623137,2545018854.5218525,2322038753.7175827,366.0588771273118,1175591758.4049003,27455712.12248288,1148136046.2824175,0.33063369764789907,24.575661838604002,1621470320.661977,31936163.92199576,0.6944064009591141
223445875.131732,56174800.0,charging,56174800.0,167271075.13173196,0.0,1185.2861122954116,0.0,2.9802322387695312e-08,0.4125203247190417,9,223,771.1695635197646,31.92,58634597.23905837,933.7033631932519,665.7653880510105,1445.0192143476293,11210.616829609644,2545018854.5187893,2322131558.5899873,366.0655169637501,1175601699.2082078,27558457.798196983,1148043241.4100108,0.33059719047974995,24.531184564398274,1606300984.1801906,31766789.298359297,0.7008521014805521
224966777.0974966,56174800.0,charging,56174800.0,168791977.0974966,0.0,1196.063253392663,0.0,0.0,0.5636019988317992,10,223,815.5964308468866,33.72,58651322.13047558,940.0586887488679,665.765497303697,1445.019214342697,11210.616829613773,2545018854.5197268,2322146665.3541627,366.06659780178734,1175603317.3354304,27575182.689594664,1148028134.6458356,0.3305912480558282,24.523959321747725,1595635044.466434,31617281.924019996,0.705500994546048
219151842.53611672,56174800.0,charging,56174800.0,162977042.53611672,0.0,1154.8585132779588,0.0,0.0,0.7094788636669097,11,223,825.3000262252257,35.1,58587377.082528085,915.7600797299739,665.7650792575001,1445.0192143042425,11210.616829206132,2545018854.4271846,2322088906.9336796,366.06246539716335,1175597130.6254883,27511237.55916649,1148085893.0663218,0.33061396831744483,24.55160618930709,1587457824.0192208,31461353.882527336,0.7091681343563644
216226389.28255615,56174800.0,charging,56174800.0,160051589.28255615,0.0,1134.128694264815,0.0,0.0,0.8527372250477284,12,223,817.8287812436515,36.01,58555206.77233797,903.5356180338147,665.7648685974663,1445.0192141639989,11210.616829436747,2545018854.4795384,2322059849.208514,366.0603864263338,1175594018.039418,27479067.24793013,1148114950.791488,0.3306253990008225,24.565537964539715,1582065598.9417107,31364033.76275496,0.7115990232973426
232185456.73250136,56174800.0,charging,56174800.0,164525413.7077284,0.0,1165.830301705483,0.0,11485243.024772972,1.0,13,223,845.4780312646234,36.5,58604404.04435614,922.2301896371524,665.7651906614874,1445.0192143061374,11210.616829231161,2545018854.4328666,2322104286.5226774,366.0635657493882,1175598777.9975781,27528264.520252407,1148070513.4773257,0.330607918408509,24.544238629156833,1579162093.1307435,31347265.991967693,0.7128617458657374
250447810.71138638,56174800.0,charging,56174800.0,0.0,0.0,0.0,0.0,194273010.71138638,1.0,14,223,858.2632849960625,36.6,56795168.64241708,234.73514405126596,665.7512894240964,1445.0192143042368,11210.616829292168,2545018854.4467163,2320470146.518615,365.94665963515604,1175423682.600509,25719029.119123165,1149704653.4813857,0.33125108155866384,25.35179587668189,1578569540.9244237,30370430.506037664,0.7145727459671581
252519431.10413295,56174800.0,charging,56174800.0,0.0,0.0,0.0,0.0,196344631.10413295,1.0,15,223,818.1172209769102,36.46,56795168.64241695,234.73514405126596,665.7512894240964,1445.0192141603252,11210.616829439967,2545018854.4802694,2320470146.5485287,365.94665963510766,1175423682.5695066,25719029.118034005,1149704653.4514728,0.3312510815500454,25.351795876221395,1579399114.0132716,30382373.89050601,0.7141992016249318
227435729.8282187,56174800.0,charging,56174800.0,0.0,0.0,0.0,0.0,171260929.8282187,1.0,16,223,725.5211752845889,35.9,56795168.64241695,234.73514405126596,665.7512894240964,1445.01921430246,11210.616829234326,2545018854.433585,2320470146.5069036,365.94665963517485,1175423682.6114206,25719029.11832421,1149704653.4930964,0.3312510815620379,25.35179587686234,1582717406.3686626,30430147.428379696,0.7127089216277274
204645567.79672608,56174800.0,charging,56174800.0,0.0,0.0,0.0,0.0,148470767.79672608,1.0,17,223,658.5077342976938,35.12,56795168.64241695,234.73514405126596,665.7512894240964,1445.0192141534778,11210.616829418906,2545018854.475488,2320470146.544269,365.9466596351146,1175423682.5744438,25719029.118712764,1149704653.4557312,0.3312510815512723,25.35179587628689,1587339313.577957,30496689.1418466,0.7106435086887177
131275595.24071562,56174800.0,charging,56174800.0,0.0,0.0,0.0,0.0,75100795.24071562,1.0,18,223,459.082031740249,34.05,56795168.64241695,234.73514405126596,665.7512894240964,1445.0192143024633,11210.616829234337,2545018854.433588,2320470146.506906,365.94665963517485,1175423682.611422,25719029.118327737,1149704653.4930944,0.33125108156203736,25.351795876862305,1593679622.1855786,30587970.72314096,0.7078295833226695
0.0,56174800.0,discharging,56174800.0,0.0,56174800.0,0.0,398.0557322808837,0.0,0.9497192759224147,19,223,0.0,32.53,56885355.587191865,1.0,654.15,1445.0192143061454,11210.616829317225,2545018854.452405,2320551602.913414,365.9524865065873,1175432413.1497512,25809216.06316538,1149623197.0865858,0.33121900590464665,25.310324274202898,1602686415.7216399,30303202.417593442,0.7039990850625026
0.0,56174800.0,discharging,56174800.0,0.0,56174800.0,0.0,398.0557322808837,0.0,0.8994385518448292,20,223,0.0,30.58,56885355.58719191,1.0,654.15,1445.0192141584077,11210.616829414792,2545018854.4745545,2320551602.933166,365.9524865065553,1175432413.130342,25809216.063508958,1149623197.066833,0.3312190058989557,25.310324273899127,1614241183.7448757,30472775.82337964,0.698980628442294
0.0,56174800.0,discharging,56174800.0,0.0,56174800.0,0.0,398.0557322808837,0.0,0.8491578277672439,21,223,0.0,29.88,56885355.58719191,1.0,654.15,1445.0192142054716,11210.616829643051,2545018854.5263734,2320551602.9793687,365.95248650648057,1175432413.1664891,25809216.1458569,1149623197.0206323,0.33121900588564473,25.31032427318885,1618389049.1891143,30533648.328020826,0.6971965385349338
0.0,56174800.0,discharging,56174800.0,0.0,56174800.0,0.0,398.0557322808837,0.0,0.7988771036896586,22,223,0.0,28.58,56885355.58719191,1.0,654.15,1445.0192143463823,11210.6168296107,2545018854.519029,2320551602.972818,365.95248650649114,1175432413.1735096,25809216.14632747,1149623197.027182,0.3312190058875318,25.310324273289595,1626092227.8712716,30646697.26521161,0.6939072774743162
0.0,56174800.0,discharging,56174800.0,0.0,56174800.0,0.0,398.0557322808837,0.0,0.7485963796120731,23,223,0.0,27.37,56885355.58719191,1.0,654.15,1445.0192143395416,11210.616829503677,2545018854.494733,2320551602.9511557,365.95248650652627,1175432413.1958032,25809216.146959577,1149623197.0488436,0.33121900589377273,25.310324273622598,1633262109.5677412,30751919.737519953,0.6908735003447178
0.0,56174800.0,discharging,56174800.0,0.0,56174800.0,0.0,398.0557322808837,0.0,0.6983156555344878,0,224,0.0,26.4,56885355.58719191,1.0,654.15,1445.0192143061395,11210.616829317196,2545018854.4523983,2320551602.913408,365.9524865065873,1175432413.1497486,25809216.063156333,1149623197.0865922,0.33121900590464853,25.31032427420298,1639009865.9690435,30836271.63680846,0.688460554057315
0.0,56174800.0,discharging,56174800.0,0.0,56174800.0,0.0,398.0557322808837,0.0,0.6480349314569024,1,224,0.0,25.51,56885355.58719191,1.0,654.15,1445.0192141603204,11210.616829439892,2545018854.4802527,2320551602.938246,365.95248650654696,1175432413.1245425,25809216.062789276,1149623197.0617533,0.33121900589749215,25.310324273821056,1644283580.6052895,30913666.678423684,0.6862613933528342
0.0,56174800.0,discharging,56174800.0,0.0,56174800.0,0.0,398.0557322808837,0.0,0.5977542073793171,2,224,0.0,24.82,56885355.58719191,1.0,654.15,1445.0192143395411,11210.616829503679,2545018854.4947333,2320551602.951156,365.95248650652627,1175432413.195803,25809216.146959137,1149623197.0488439,0.3312190058937728,25.310324273622605,1648372190.828896,30973669.575855713,0.6845660707269463
0.0,56174800.0,discharging,56174800.0,0.0,56174800.0,0.0,398.0557322808837,0.0,0.5474734833017317,3,224,0.0,24.16,56885355.58719191,1.0,654.15,1445.0192143061345,11210.616829317196,2545018854.4523983,2320551602.913408,365.9524865065873,1175432413.1497478,25809216.06315743,1149623197.0865905,0.33121900590464803,25.310324274202948,1652283035.3906069,31031063.65166026,0.6829522771422615
0.0,56174800.0,discharging,56174800.0,0.0,56174800.0,0.0,398.0557322808837,0.0,0.49719275922414646,4,224,0.0,23.78,56885355.58719191,1.0,654.15,1445.0192142054789,11210.616829643108,2545018854.5263863,2320551602.9793806,365.95248650648057,1175432413.1664925,25809216.145874117,1149623197.0206184,0.33121900588564074,25.310324273188623,1654534733.7746222,31064108.72560834,0.6820265700440294
0.0,56174800.0,discharging,56174800.0,0.0,56174800.0,0.0,398.0557322808837,0.0,0.4469120351465612,5,224,0.0,23.32,56885355.58719191,1.0,654.15,1445.0192143358447,11210.616829592753,2545018854.5149546,2320551602.9691887,365.95248650649694,1175432413.1778088,25809216.146998987,1149623197.0308099,0.331219005888577,25.310324273345294,1657260473.923693,31104110.65722969,0.6809093293769625
86630450.47318651,56174800.0,charging,56174800.0,30455650.473186508,0.0,215.80933534600743,0.0,0.0,0.47417216171658316,6,224,331.38675910712817,22.73,57130080.06906757,361.998819240113,665.7552993698689,1445.0192142005496,11210.616829733266,2545018854.5468535,2320772638.165266,365.96829822274833,1175456102.462531,26053940.62779725,1149402161.8347337,0.3311319758468583,25.1984497255687,1660756531.9409797,31739898.26077426,0.6791164467612609
178781173.3308209,56174800.0,charging,56174800.0,122606373.33082089,0.0,868.7911611345892,0.0,0.0,0.5839142031230575,7,224,598.8100526674673,24.17,58143433.2426046,747.0649557357497,665.7621516832737,1445.0192143426862,11210.616829527671,2545018854.5001802,2321687918.3712683,366.03377681122095,1175554175.4303696,27067293.80163786,1148486881.6287317,0.3307717275251414,24.745223371132997,1652223780.1699748,32177394.878928844,0.6818369036078281
220477638.19004697,56174800.0,charging,56174800.0,164302838.19004697,0.0,1164.2531272308347,0.0,0.0,0.7309777560364261,8,224,732.7396056931765,28.69,58601956.4498032,921.30012319801,665.7651746513372,1445.0192143005609,11210.616829295273,2545018854.4474216,2322102075.7481093,366.0634075755951,1175598541.1783943,27525816.926504668,1148072724.2518897,0.3306087880643873,24.545297438754986,1625440420.4443197,32033407.645681597,0.6926641644621787
221377451.8697555,56174800.0,charging,56174800.0,165202651.8697555,0.0,1170.6292245768464,0.0,0.0,0.8788467107198173,9,224,766.0042253849584,30.95,58611851.42424903,925.0601346929453,665.7652393679283,1445.019214204236,11210.616829644185,2545018854.526631,2322111013.4465036,366.0640470303284,1175599498.5364323,27535711.98293743,1148063786.553495,0.33060527224850383,24.541017494892323,1612048740.5814924,31839855.885647543,0.6983829616074861
222859110.42379528,56174800.0,charging,56174800.0,135355286.13619012,0.0,959.130206801443,0.0,31329024.287605166,0.9999999999999996,10,224,811.274459186228,32.45,58283629.11790351,800.3382719534376,665.763081000225,1445.0192142042397,11210.616829730243,2545018854.546168,2321814548.531444,366.0428363787565,1175567741.1452184,27207489.676664993,1148360251.4685533,0.33072190354457937,24.683761126878355,1603160457.4866955,31530152.44318041,0.7024939425802508
216645818.5925656,56174800.0,charging,56174800.0,0.0,0.0,0.0,0.0,160471018.5925656,0.9999999999999996,11,224,820.2450952299513,33.79,56795168.64241786,234.73514405126596,665.7512894240983,1445.0192143395295,11210.616829589642,2545018854.514249,2320470146.578826,365.9466596350587,1175423682.6234057,25719029.202231307,1149704653.4211743,0.3312510815413157,25.351795875754426,1595220257.92201,30610151.294297166,0.7071491878266455
218237615.91327867,56174800.0,charging,56174800.0,0.0,0.0,0.0,0.0,162062815.91327867,0.9999999999999996,12,224,829.3091745931756,34.72,56795168.64241692,234.73514405126596,665.7512894240964,1445.019214346386,11210.616829524675,2545018854.4995003,2320470146.5656753,365.94665963508,1175423682.6358135,25719029.20148736,1149704653.4343262,0.33125108154510513,25.351795875957365,1589709522.4032362,30530813.09747064,0.7095889592694471
229540023.64547616,56174800.0,charging,56174800.0,0.0,0.0,0.0,0.0,173365223.64547616,0.9999999999999996,13,224,840.8486964524756,35.13,56795168.64241695,234.73514405126596,665.7512894240964,1445.019214311079,11210.616829313109,2545018854.4514704,2320470146.522849,365.9466596351491,1175423682.5955641,25719029.118412614,1149704653.4771514,0.33125108155744387,25.351795876616826,1587280058.357325,30495836.042956006,0.7106699125983413
242675248.11033934,56174800.0,charging,56174800.0,0.0,0.0,0.0,0.0,186500448.11033934,0.9999999999999996,14,224,836.65864838493,35.39,56795168.64241695,234.73514405126596,665.7512894240964,1445.0192141973853,11210.61682962311,2545018854.5218463,2320470146.5855975,365.94665963504764,1175423682.6161804,25719029.201779366,1149704653.414401,0.33125108153936433,25.351795875650566,1585739422.6208935,30473655.47180037,0.7113571032175886
254511406.69166324,56174800.0,charging,56174800.0,0.0,0.0,0.0,0.0,198336606.69166324,0.9999999999999996,15,224,826.7394655120816,35.31,56795168.64241695,234.73514405126596,665.7512894240964,1445.0192143476243,11210.616829609604,2545018854.51878,2320470146.582865,365.94665963505213,1175423682.6186764,25719029.201540753,1149704653.4171357,0.33125108154015226,25.351795875692652,1586213464.3859494,30480480.26292518,0.7111455184344351
234344725.74789625,56174800.0,charging,56174800.0,0.0,0.0,0.0,0.0,178169925.74789625,0.9999999999999996,16,224,747.0282654231308,34.82,56795168.64241695,234.73514405126596,665.7512894240964,1445.0192143426968,11210.616829613795,2545018854.5197315,2320470146.5837173,365.94665963505076,1175423682.6178236,25719029.201541115,1149704653.4162824,0.3312510815399064,25.35179587567944,1589116970.1969163,30522282.108564653,0.7098523030852281
198434936.5574374,56174800.0,charging,56174800.0,0.0,0.0,0.0,0.0,142260136.5574374,0.9999999999999996,17,224,640.3901844724843,33.99,56795168.64241695,234.73514405126596,665.7512894240964,1445.019214197392,11210.616829623197,2545018854.521866,2320470146.585615,365.94665963504764,1175423682.6161873,25719029.20180255,1149704653.4143848,0.33125108153935967,25.35179587565032,1594035153.5093706,30593089.316484567,0.7076724527542406
125339522.99107027,56174800.0,charging,56174800.0,0.0,0.0,0.0,0.0,69164722.99107027,0.9999999999999996,18,224,440.65228945622806,32.82,56795168.64241695,234.73514405126596,665.7512894240964,1445.0192143513102,11210.616829606546,2545018854.5180864,2320470146.5822496,365.9466596350531,1175423682.6193135,25719029.201562785,1149704653.4177506,0.3312510815403294,25.351795875702052,1600968014.3233123,30692901.886684936,0.7046222913080931
0.0,56174800.0,discharging,56174800.0,0.0,56174800.0,0.0,398.0557322808837,0.0,0.9497192759224142,19,224,0.0,31.04,56885355.587191865,1.0,654.15,1445.0192141689324,11210.616829346582,2545018854.4590693,2320551602.919357,365.95248650657766,1175432413.1433783,25809216.062736485,1149623197.0806417,0.3312190059029341,25.310324274111487,1611515443.5958045,30432773.89175826,0.7001580103663347
0.0,56174800.0,discharging,56174800.0,0.0,56174800.0,0.0,398.0557322808837,0.0,0.8994385518448289,20,224,0.0,29.59,56885355.58719191,1.0,654.15,1445.0192143042436,11210.616829292212,2545018854.4467263,2320551602.9083557,365.95248650659556,1175432413.1555557,25809216.063910227,1149623197.0916455,0.3312190059061044,25.310324274280582,1620107450.587442,30558866.937086463,0.6964600809300528
0.0,56174800.0,discharging,56174800.0,0.0,56174800.0,0.0,398.0557322808837,0.0,0.8491578277672435,21,224,0.0,27.89,56885355.58719191,1.0,654.15,1445.0192143073962,11210.616829316208,2545018854.4521737,2320551602.9132075,365.95248650658766,1175432413.1499698,25809216.063177865,1149623197.086792,0.33121900590470604,25.310324274206064,1630180838.0948784,30706700.16264364,0.6921740157632166
0.0,56174800.0,discharging,56174800.0,0.0,56174800.0,0.0,398.0557322808837,0.0,0.7988771036896581,22,224,0.0,27.87,56885355.58719191,1.0,654.15,1445.0192142054846,11210.616829643148,2545018854.5263953,2320551602.9793887,365.95248650648057,1175432413.1664972,25809216.145885594,1149623197.0206115,0.33121900588563874,25.31032427318852,1630299348.536142,30708439.377061952,0.6921239053700844
0.0,56174800.0,discharging,56174800.0,0.0,56174800.0,0.0,398.0557322808837,0.0,0.7485963796120728,23,224,0.0,27.04,56885355.58719191,1.0,654.15,1445.0192141534687,11210.616829418876,2545018854.4754815,2320551604.323308,365.952486506554,1175432411.7401707,25809216.063478634,1149623195.676692,0.33121900549844085,25.310324225040286,1635217531.8485966,30780616.775422223,0.6900507042136804
0.0,56174800.0,discharging,56174800.0,0.0,56174800.0,0.0,398.0557322808837,0.0,0.6983156555344874,0,225,0.0,25.5,56885355.58719191,1.0,654.15,1445.0192143073973,11210.616829230215,2545018854.432652,2320551602.895802,365.95248650661574,1175432413.167321,25809216.063121505,1149623197.1041994,0.3312190059097213,25.310324274473682,1644342835.8259215,30914536.285632845,0.6862367635219974
0.0,56174800.0,discharging,56174800.0,0.0,56174800.0,0.0,398.0557322808837,0.0,0.648034931456902,1,225,0.0,24.58,56885355.58719191,1.0,654.15,1445.0192143073898,11210.616829316188,2545018854.4521694,2320551602.9132032,365.95248650658766,1175432413.1499681,25809216.06317103,1149623197.0867972,0.3312190059047076,25.31032427420615,1649794316.1240637,30994540.148875553,0.6839783550421831
0.0,56174800.0,discharging,56174800.0,0.0,56174800.0,0.0,398.0557322808837,0.0,0.5977542073793167,2,225,0.0,24.08,56885355.58719191,1.0,654.15,1445.0192143042389,11210.616829292143,2545018854.4467106,2320551602.9083414,365.95248650659556,1175432413.1555517,25809216.063892126,1149623197.0916595,0.3312190059061085,25.3103242742808,1652757077.1556628,31038020.509333543,0.6827571826797096
0.0,56174800.0,discharging,56174800.0,0.0,56174800.0,0.0,398.0557322808837,0.0,0.5474734833017314,3,225,0.0,23.42,56885355.58719191,1.0,654.15,1445.019214204252,11210.61682964427,2545018854.52665,2320551602.9796166,365.95248650648017,1175432413.1662884,25809216.14590291,1149623197.0203855,0.3312190058855736,25.310324273185035,1656667921.7173731,31095414.58513809,0.6811518962954468
0.0,56174800.0,discharging,56174800.0,0.0,56174800.0,0.0,398.0557322808837,0.0,0.4971927592241461,4,225,0.0,22.77,56885355.58719191,1.0,654.15,1445.0192143073837,11210.616829316139,2545018854.4521585,2320551602.913193,365.95248650658766,1175432413.1499643,25809216.06315822,1149623197.086806,0.3312190059047101,25.31032427420628,1660519511.0584524,31151939.05373349,0.679578293415407
0.0,56174800.0,discharging,56174800.0,0.0,56174800.0,0.0,398.0557322808837,0.0,0.4469120351465608,5,225,0.0,22.47,56885355.58719191,1.0,654.15,1445.0192143395402,11210.616829503691,2545018854.494736,2320551602.951159,365.95248650652627,1175432413.1958039,25809216.14696333,1149623197.0488405,0.33121900589377185,25.31032427362255,1662297167.6774113,31178027.270008277,0.6788544647590985
91265818.68633026,56174800.0,charging,56174800.0,35091018.68633026,0.0,248.65564523005628,0.0,0.0,0.4783211692808837,6,225,345.21605224599637,22.02,57181053.78846594,381.3684267018744,665.7556498333965,1445.0192141652358,11210.61682943567,2545018854.4792943,2320818677.8034234,365.9715917147355,1175461036.4606283,26104914.264053255,1149356122.196575,0.331113849835681,25.175267845514508,1664963652.6058505,31829212.38694694,0.6773697284502984
177267730.14750463,56174800.0,charging,56174800.0,121092930.14750463,0.0,858.066873115754,0.0,0.0,0.5867085637797158,7,225,593.9030859316871,23.4,58126790.37312648,740.7407978633737,665.7620410661069,1445.0192143073928,11210.616829316235,2545018854.4521804,2321672885.9109964,366.03270134734294,1175552564.9381225,27050650.849120453,1148501914.0890021,0.3307776424735861,24.75253933547477,1656786432.1586375,32235407.834182575,0.6799804993012313
216782158.79366344,56174800.0,charging,56174800.0,160607358.7936634,0.0,1138.066887898316,0.0,2.9802322387695312e-08,0.7304643811984504,8,225,722.1782114733606,26.76,58561318.39881541,905.8579874280816,665.7649086358161,1445.019214202326,11210.616829619032,2545018854.5209208,2322065369.558026,366.0607813826892,1175594609.4001849,27485178.958209384,1148109430.4419756,0.3306232274024651,24.56289006610578,1636876678.026292,32180947.830807544,0.6878788441186355
222353768.58314177,56174800.0,charging,56174800.0,166178968.58314177,0.0,1177.5474239168536,0.0,0.0,0.8792072136932109,9,225,771.0964141880625,28.89,58622587.67904078,929.1398260199534,665.7653095621698,1445.0192143426812,11210.616829613668,2545018854.519703,2322120710.9573054,366.0647408532251,1175600537.2808235,27546448.238131512,1148054089.042692,0.330601457560064,24.536375301478277,1624255316.0316806,32027080.03052453,0.6931511750485178
214477952.63811052,56174800.0,charging,56174800.0,134952523.7893598,0.0,956.2762249287404,0.0,23350628.84875071,0.9999999999999991,10,225,785.9009285320927,30.53,58279200.064178415,798.6552668069727,665.7630517094682,1445.0192143061563,11210.616829231274,2545018854.4328923,2321810547.9354677,366.04255016737807,1175567312.604642,27203060.540108424,1148364252.0645335,0.33072347754849557,24.685698314221497,1614537459.848036,31695827.150878005,0.6975707884986359
212774287.953587,56174800.0,charging,56174800.0,0.0,0.0,0.0,0.0,156599487.953587,0.9999999999999991,11,225,810.7638136376465,31.88,56795168.64241706,234.73514405126596,665.7512894240964,1445.0192141936905,11210.616829712208,2545018854.5420732,2320470146.603634,365.9466596350186,1175423682.5981908,25719029.20182452,1149704653.3963664,0.3312510815341682,25.351795875372776,1606538005.0627182,30773093.18240153,0.7021907166137377
223548133.70686993,56174800.0,charging,56174800.0,0.0,0.0,0.0,0.0,167373333.70686993,0.9999999999999991,12,225,852.7811701387106,33.13,56795168.64241695,234.73514405126596,665.7512894240964,1445.0192142005371,11210.61682973321,2545018854.546841,2320470146.6078877,365.9466596350116,1175423682.5932431,25719029.201130524,1149704653.3921125,0.3312510815329426,25.351795875307268,1599131102.4837208,30666455.82107629,0.7054278904356415
234982965.68408406,56174800.0,charging,56174800.0,0.0,0.0,0.0,0.0,178808165.68408406,0.9999999999999991,13,225,863.9078800341658,34.05,56795168.64241695,234.73514405126596,665.7512894240964,1445.0192143513098,11210.616829520497,2545018854.4985514,2320470146.564828,365.94665963508135,1175423682.6366637,25719029.201490313,1149704653.4351733,0.3312510815453492,25.351795875970417,1593679622.1855786,30587970.72314096,0.7078295832870097
238628269.7973373,56174800.0,charging,56174800.0,0.0,0.0,0.0,0.0,182453469.7973373,0.9999999999999991,14,225,827.0649594808425,34.53,56795168.64241695,234.73514405126596,665.7512894240964,1445.0192143042416,11210.616829292176,2545018854.446718,2320470146.518616,365.94665963515604,1175423682.600511,25719029.11912735,1149704653.4813838,0.3312510815586633,25.351795876681923,1590835371.595244,30547021.976392094,0.7090891439549776
245629919.26323166,56174800.0,charging,56174800.0,0.0,0.0,0.0,0.0,189455119.26323166,0.9999999999999991,15,225,801.8530411916443,34.41,56795168.64241695,234.73514405126596,665.7512894240964,1445.019214306144,11210.616829231181,2545018854.4328713,2320470146.5062695,365.94665963517605,1175423682.6120532,25719029.118322395,1149704653.4937308,0.3312510815622207,25.35179587687206,1591546434.2428277,30557259.16307931,0.7087738337366788
207908559.12581715,56174800.0,charging,56174800.0,0.0,0.0,0.0,0.0,151733759.12581715,0.9999999999999991,16,225,668.8210770893037,33.88,56795168.64241695,234.73514405126596,665.7512894240964,1445.0192142054827,11210.616829729137,2545018854.5459166,2320470146.6070614,365.946659635013,1175423682.5941029,25719029.201164607,1149704653.3929381,0.3312510815331805,25.35179587532002,1594686960.9363222,30602473.404281184,0.7073845612362485
200142476.348082,56174800.0,charging,56174800.0,0.0,0.0,0.0,0.0,143967676.348082,0.9999999999999991,17,225,645.8913573843188,32.82,56795168.64241695,234.73514405126596,665.7512894240964,1445.019214304231,11210.616829292103,2545018854.4467015,2320470146.518601,365.94665963515604,1175423682.600506,25719029.119105503,1149704653.4814005,0.3312510815586681,25.351795876682182,1600968014.3233123,30692901.886684936,0.7046222913471023
126480858.35141088,56174800.0,charging,56174800.0,0.0,0.0,0.0,0.0,70306058.35141088,0.9999999999999991,18,225,443.9610315149826,31.46,56795168.64241695,234.73514405126596,665.7512894240964,1445.0192143426827,11210.616829527653,2545018854.500176,2320470146.5662813,365.94665963507896,1175423682.6351626,25719029.20144413,1149704653.4337184,0.33125108154493005,25.351795875947925,1609026724.3292618,30808923.335806735,0.7011096844191438
0.0,56174800.0,discharging,56174800.0,0.0,56174800.0,0.0,398.0557322808837,0.0,0.9497192759224137,19,225,0.0,29.6,56885355.587191865,1.0,654.15,1445.0192142042351,11210.616829730221,2545018854.5461626,2320551602.997014,365.95248650645186,1175432413.1489317,25809216.145944927,1149623197.002987,0.3312190058805609,25.310324272917562,1620048195.3668098,30557997.329877276,0.69648545006655
0.0,56174800.0,discharging,56174800.0,0.0,56174800.0,0.0,398.0557322808837,0.0,0.8994385518448283,20,225,0.0,28.27,56885355.58719191,1.0,654.15,1445.0192143444672,11210.616829499524,2545018854.49379,2320551602.9503164,365.95248650652763,1175432413.1966534,25809216.146970034,1149623197.0496833,0.33121900589401465,25.31032427363548,1627929139.710863,30673655.088695563,0.6931274930045049
0.0,56174800.0,discharging,56174800.0,0.0,56174800.0,0.0,398.0557322808837,0.0,0.849157827767243,21,225,0.0,26.65,56885355.58719191,1.0,654.15,1445.0192141603204,11210.616829439885,2545018854.480251,2320551602.9382443,365.95248650654696,1175432413.1245422,25809216.062786188,1149623197.0617561,0.331219005897493,25.310324273821102,1637528485.453244,30814531.456579458,0.6890808337431337
0.0,56174800.0,discharging,56174800.0,0.0,56174800.0,0.0,398.0557322808837,0.0,0.7988771036896576,22,225,0.0,26.53,56885355.58719191,1.0,654.15,1445.0192143024603,11210.616829320361,2545018854.453117,2320551602.914049,365.9524865065862,1175432413.1491156,25809216.063164987,1149623197.0859506,0.3312190059044637,25.310324274193096,1638239548.1008277,30824966.743089378,0.6887829600723719
0.0,56174800.0,discharging,56174800.0,0.0,56174800.0,0.0,398.0557322808837,0.0,0.7485963796120723,23,225,0.0,25.79,56885355.58719191,1.0,654.15,1445.0192143042293,11210.616829206028,2545018854.427161,2320551602.8909087,365.9524865066238,1175432413.1728945,25809216.063803528,1149623197.109091,0.3312190059111307,25.310324274548815,1642624434.427594,30889317.676567208,0.6869517478799525
0.0,56174800.0,discharging,56174800.0,0.0,56174800.0,0.0,398.0557322808837,0.0,0.6983156555344869,0,226,0.0,25.02,56885355.58719191,1.0,654.15,1445.0192142005446,11210.616829733266,2545018854.546854,2320551602.99763,365.9524865064509,1175432413.1482904,25809216.14592178,1149623197.0023687,0.3312190058803828,25.310324272908037,1647187086.4162567,30956277.43167252,0.6850566058708591
0.0,56174800.0,discharging,56174800.0,0.0,56174800.0,0.0,398.0557322808837,0.0,0.6480349314569015,1,226,0.0,24.26,56885355.58719191,1.0,654.15,1445.0192142054814,11210.616829643113,2545018854.5263877,2320551602.9793816,365.95248650648057,1175432413.1664941,25809216.145876102,1149623197.020618,0.3312190058856406,25.310324273188616,1651690483.184287,31022367.57956866,0.6831963020302333
0.0,56174800.0,discharging,56174800.0,0.0,56174800.0,0.0,398.0557322808837,0.0,0.5977542073793162,2,226,0.0,23.55,56885355.58719191,1.0,654.15,1445.0192142993005,11210.616829296263,2545018854.447646,2320551602.9091706,365.95248650659414,1175432413.1546996,25809216.063871734,1149623197.090828,0.3312190059058689,25.310324274268098,1655897603.8491573,31084109.691419013,0.6814674918307444
0.0,56174800.0,discharging,56174800.0,0.0,56174800.0,0.0,398.0557322808837,0.0,0.5474734833017308,3,226,0.0,22.88,56885355.58719191,1.0,654.15,1445.019214351313,11210.616829606533,2545018854.518083,2320551602.9719753,365.9524865064924,1175432413.1743603,25809216.146334175,1149623197.028026,0.331219005887775,25.310324273302548,1659867703.6315002,31142373.374432724,0.6798440841130438
0.0,56174800.0,discharging,56174800.0,0.0,56174800.0,0.0,398.0557322808837,0.0,0.4971927592241456,4,226,0.0,22.43,56885355.58719191,1.0,654.15,1445.0192143024658,11210.61682923433,2545018854.433586,2320551602.8966355,365.9524865066145,1175432413.166466,25809216.063100237,1149623197.1033657,0.3312190059094811,25.310324274460847,1662534188.5599391,31181505.698844917,0.6787580707909021
0.0,56174800.0,discharging,56174800.0,0.0,56174800.0,0.0,398.0557322808837,0.0,0.44691203514656025,5,226,0.0,22.02,56885355.58719191,1.0,654.15,1445.0192141973873,11210.61682970917,2545018854.5413837,2320551602.9927535,365.95248650645885,1175432413.153873,25809216.14662611,1149623197.007247,0.33121900588178826,25.310324272983024,1664963652.6058505,31217159.594420478,0.6777716082732748
68319115.99183398,56174800.0,charging,56174800.0,12144315.991833985,0.0,86.05486081267621,0.0,0.0,0.45778212282816144,6,226,273.9574830006258,21.28,56928715.9524014,285.482058392701,665.7539088034193,1445.019214311082,11210.61682922711,2545018854.431947,2320590765.8455243,365.95528799364143,1175436610.5828166,25852576.42834027,1149584034.1544764,0.3312035850436755,25.290432196809363,1669348538.9326172,31751962.776454516,0.675788428137847
166566421.51986408,56174800.0,charging,56174800.0,110391621.51986408,0.0,782.237190729004,0.0,0.0,0.5565910311307725,7,226,561.1851679736993,22.34,58009111.37156801,696.0237143624754,665.7612571062035,1445.0192143061463,11210.616829317281,2545018854.452418,2321566594.394494,366.025096986843,1175541177.4530602,26932971.847555466,1148608205.6055048,0.33081946756521136,24.804389089342806,1663067485.545627,32262476.018092874,0.6775130692234472
215728876.29290324,56174800.0,charging,56174800.0,159554076.29290324,0.0,1130.603307482565,0.0,0.0,0.6994040804969911,8,226,719.2907003342848,26.12,58549735.774917066,901.4566825806658,665.7648327489273,1445.019214193712,11210.616829712364,2545018854.542109,2322054907.59939,366.0600328699717,1175593488.7349784,27473596.334368955,1148119892.4006095,0.33062734294989177,24.567908774187636,1640669012.1467385,32230863.75968796,0.6863052050730318
224926105.24906868,56174800.0,charging,56174800.0,168751305.24906868,0.0,1195.7750518786531,0.0,0.0,0.850449350207979,9,226,780.6413912480513,28.63,58650874.8746624,939.8887351006294,665.7654943828775,1445.0192143513204,11210.616829520584,2545018854.4985714,2322146261.351237,366.0665688980961,1175603274.0825245,27574735.43375975,1148028538.6487648,0.33059140697240413,24.524152485314445,1625795951.7681117,32065446.268029545,0.6924755833079226
220930669.0464534,56174800.0,charging,56174800.0,164755869.0464534,0.0,1167.463312746274,0.0,0.0,0.9979184002390873,10,226,810.0381367570728,30.73,58606938.2908801,923.1931831348186,665.7652072370399,1445.0192142042374,11210.6168297302,2545018854.546158,2322106575.679744,366.063729522858,1175599023.1698868,27530798.849625014,1148068224.3202617,0.330607017932559,24.543142426092388,1613352355.435396,31856552.097310614,0.6978251935445702
219059927.64658085,56174800.0,charging,56174800.0,2325611.899876568,0.0,16.479331440548155,0.0,160559515.74670428,0.9999999999999986,11,226,836.1417860197088,32.43,56820742.68162223,244.45307530023996,665.7531591258773,1445.019214304249,11210.616829206208,2545018854.427202,2320493244.8179097,365.9483119362768,1175426158.3403738,25744603.158284213,1149681555.1820896,0.33124198580587705,25.34002252826953,1603278967.9279594,30740081.537711445,0.7035912803819753
215954641.86316925,56174800.0,charging,56174800.0,0.0,0.0,0.0,0.0,159779841.86316925,0.9999999999999986,12,226,829.6831732105509,33.45,56795168.64241803,234.73514405126596,665.7512894240966,1445.019214307399,11210.616829316234,2545018854.45218,2320470146.5234857,365.9466596351483,1175423682.5949252,25719029.118410442,1149704653.4765148,0.33125108155726035,25.35179587660649,1597234935.4234974,30639156.65657764,0.7062614111681316
231844327.29299992,56174800.0,charging,56174800.0,0.0,0.0,0.0,0.0,175669527.29299992,0.9999999999999986,13,226,857.1960895966633,34.16,56795168.64241692,234.73514405126596,665.7512894240964,1445.0192141652503,11210.616829435774,2545018854.4793177,2320470146.547683,365.9466596351089,1175423682.5703497,25719029.11803276,1149704653.452317,0.3312510815502886,25.351795876234338,1593027814.7586272,30578586.63534433,0.7081178372204131
249417846.9452652,56174800.0,charging,56174800.0,0.0,0.0,0.0,0.0,193243046.9452652,0.9999999999999986,14,226,865.7588440777492,34.41,56795168.64241695,234.73514405126596,665.7512894240964,1445.0192141620935,11210.616829325665,2545018854.454321,2320470146.525393,365.946659635145,1175423682.5932863,25719029.118678734,1149704653.4746075,0.3312510815567109,25.351795876577604,1591546434.2428277,30557259.16307931,0.7087738337248896
248197399.33529735,56174800.0,charging,56174800.0,0.0,0.0,0.0,0.0,192022599.33529735,0.9999999999999986,15,226,812.0476342772633,34.26,56795168.64241695,234.73514405126596,665.7512894240964,1445.019214342687,11210.616829613715,2545018854.5197134,2320470146.583701,365.94665963505076,1175423682.6178157,25719029.201518152,1149704653.4162977,0.3312510815399108,25.351795875679667,1592435262.5523074,30570055.64643833,0.7083800900247637
228817885.22712928,56174800.0,charging,56174800.0,0.0,0.0,0.0,0.0,172643085.22712928,0.9999999999999986,16,226,731.8162020293619,33.87,56795168.64241695,234.73514405126596,665.7512894240964,1445.0192143463833,11210.616829524653,2545018854.499495,2320470146.565671,365.94665963508,1175423682.6358132,25719029.201482937,1149704653.4343302,0.3312510815451063,25.351795875957414,1594746216.1569543,30603326.50317178,0.7073584009213598
185089590.11027348,56174800.0,charging,56174800.0,0.0,0.0,0.0,0.0,128914790.11027348,0.9999999999999986,17,226,601.0778335995009,32.92,56795168.64241695,234.73514405126596,665.7512894240964,1445.019214295621,11210.61682929936,2545018854.4483495,2320470146.5200706,365.94665963515365,1175423682.599016,25719029.11908714,1149704653.4799287,0.33125108155824406,25.351795876659505,1600375462.1169925,30684370.89777892,0.7048819609240642
105282473.41716293,56174800.0,charging,56174800.0,0.0,0.0,0.0,0.0,49107673.417162925,0.9999999999999986,18,226,378.58003173303143,31.72,56795168.64241695,234.73514405126596,665.7512894240964,1445.0192142005467,11210.61682973325,2545018854.54685,2320470146.607896,365.9466596350116,1175423682.5932467,25719029.201142002,1149704653.3921046,0.3312510815329403,25.351795875307147,1607486088.5928297,30786742.76465109,0.7017785019601734
0.0,56174800.0,discharging,56174800.0,0.0,56174800.0,0.0,398.0557322808837,0.0,0.9497192759224132,19,226,0.0,30.08,56885355.587191865,1.0,654.15,1445.0192143427037,11210.616829527778,2545018854.5002046,2320551602.956033,365.9524865065183,1175432413.1902225,25809216.146255694,1149623197.0439668,0.33121900589236764,25.310324273547668,1617203944.7764747,30516256.183837608,0.6977053485014942
0.0,56174800.0,discharging,56174800.0,0.0,56174800.0,0.0,398.0557322808837,0.0,0.8994385518448278,20,226,0.0,28.58,56885355.58719191,1.0,654.15,1445.01921434078,11210.616829588625,2545018854.514018,2320551602.968351,365.9524865064983,1175432413.1786685,25809216.147018712,1149623197.0316498,0.33121900588881903,25.310324273358248,1626092227.8712716,30646697.26521161,0.693907277477013
0.0,56174800.0,discharging,56174800.0,0.0,56174800.0,0.0,398.0557322808837,0.0,0.8491578277672425,21,226,0.0,26.91,56885355.58719191,1.0,654.15,1445.0192141652353,11210.616829349627,2545018854.4597607,2320551602.9199767,365.95248650657675,1175432413.1427324,25809216.06271026,1149623197.080022,0.3312190059027556,25.310324274101884,1635987849.7168124,30791921.669141304,0.6897271114132206
0.0,56174800.0,discharging,56174800.0,0.0,56174800.0,0.0,398.0557322808837,0.0,0.7988771036896571,22,226,0.0,26.67,56885355.58719191,1.0,654.15,1445.019214307396,11210.616829316255,2545018854.4521847,2320551602.913217,365.9524865065876,1175432413.1499708,25809216.063189134,1149623197.0867817,0.3312190059047031,25.310324274205897,1637409975.0119796,30812792.24216114,0.6891305044224023
0.0,56174800.0,discharging,56174800.0,0.0,56174800.0,0.0,398.0557322808837,0.0,0.7485963796120717,23,226,0.0,25.96,56885355.58719191,1.0,654.15,1445.0192141571617,11210.616829415809,2545018854.4747853,2320551602.9333687,365.9524865065549,1175432413.1301293,25809216.063498456,1149623197.0666308,0.3312190058988974,25.310324273896082,1641617095.6768503,30874534.354011495,0.687371569713277
0.0,56174800.0,discharging,56174800.0,0.0,56174800.0,0.0,398.0557322808837,0.0,0.6983156555344864,0,227,0.0,25.0,56885355.58719191,1.0,654.15,1445.0192143073841,11210.616829230123,2545018854.432631,2320551602.895783,365.95248650661586,1175432413.167314,25809216.063095678,1149623197.1042185,0.3312190059097268,25.31032427447398,1647305596.8575206,30958016.64609083,0.6850075207816836
0.0,56174800.0,discharging,56174800.0,0.0,56174800.0,0.0,398.0557322808837,0.0,0.648034931456901,1,227,0.0,24.02,56885355.58719191,1.0,654.15,1445.0192143463862,11210.616829610692,2545018854.519027,2320551602.972816,365.95248650649114,1175432413.1735091,25809216.146324385,1149623197.0271847,0.33121900588753256,25.310324273289638,1653112608.4794548,31043238.152588505,0.6826109349239792
0.0,56174800.0,discharging,56174800.0,0.0,56174800.0,0.0,398.0557322808837,0.0,0.5977542073793156,2,227,0.0,23.35,56885355.58719191,1.0,654.15,1445.0192141534753,11210.61682933289,2545018854.455961,2320551602.916586,365.95248650658215,1175432413.1468399,25809216.063425582,1149623197.0834143,0.33121900590373293,25.310324274154105,1657082708.261797,31101501.835602205,0.6809820813435326
0.0,56174800.0,discharging,56174800.0,0.0,56174800.0,0.0,398.0557322808837,0.0,0.5474734833017303,3,227,0.0,22.96,56885355.58719191,1.0,654.15,1445.019214163993,11210.616829436744,2545018854.479538,2320551602.9376087,365.9524865065482,1175432413.1251733,25809216.062782835,1149623197.0623906,0.3312190058976758,25.31032427383085,1659393661.8664443,31135416.51675945,0.6800375171078824
0.0,56174800.0,discharging,56174800.0,0.0,56174800.0,0.0,398.0557322808837,0.0,0.497192759224145,4,227,0.0,22.73,56885355.58719191,1.0,654.15,1445.0192143110648,11210.616829313032,2545018854.451453,2320551602.9125657,365.95248650658874,1175432413.150599,25809216.063166346,1149623197.0874326,0.3312190059048906,25.31032427421588,1660756531.9409797,31155417.48257012,0.6794816937601983
0.0,56174800.0,discharging,56174800.0,0.0,56174800.0,0.0,398.0557322808837,0.0,0.44691203514655975,5,227,0.0,22.43,56885355.58719191,1.0,654.15,1445.0192143358515,11210.616829506731,2545018854.495426,2320551602.951773,365.95248650652513,1175432413.1951637,25809216.146937106,1149623197.0482266,0.33121900589359493,25.31032427361314,1662534188.5599391,31181505.698844917,0.678758070758347
44316178.79813874,56174800.0,direct_plus_discharge,56174800.0,0.0,11858621.201861262,0.0,84.0304219391702,0.0,0.43629766605950665,6,227,199.74420760721517,21.37,56811575.66650073,185.18204985122787,663.336389553082,1445.0192143513145,11210.616829606535,2545018854.5180836,2320484965.304315,365.94771966811203,1175425270.9213302,25735436.225643538,1149689834.6956866,0.3312452461424419,25.344241465522202,1668815241.9469292,31587352.287815064,0.67612801732586
139674837.35602173,56174800.0,charging,56174800.0,83500037.35602173,0.0,591.6828990086725,0.0,0.0,0.5110365585658653,7,227,479.16234393412975,22.9,57713392.88658186,583.6530449080889,665.7592730179131,1445.0192141652485,11210.616829349688,2545018854.4597745,2321299493.6873603,366.00598833262234,1175512559.6747596,26637253.362117868,1148875306.3126419,0.33092458284910464,24.935616849839565,1659749193.1902366,32049386.90643108,0.6790851581439418
192108058.81733632,56174800.0,charging,56174800.0,135933258.81733632,0.0,963.2257325324114,0.0,0.0,0.6327071774120646,8,227,646.3029270298064,26.53,58289984.90581764,802.7534207490996,665.7631230253465,1445.019214299304,11210.616829296278,2545018854.4476495,2321820289.2415023,366.0432470989606,1175568356.1409974,27213845.382501733,1148354510.7584956,0.33071964488865796,24.680981738927443,1638239548.1008277,32051910.022372372,0.6875174420450119
209777472.38874894,56174800.0,charging,56174800.0,153602672.38874894,0.0,1088.4315429339158,0.0,0.0,0.7701932670458224,9,227,732.6392208858144,29.0,58484290.01555448,876.5878151748374,665.7644033996704,1445.0192143426968,11210.616829613798,2545018854.5197325,2321995793.9301105,366.05580354097435,1175587156.6445699,27408150.574678533,1148179006.0698915,0.33065059772084626,24.59630352775276,1623603508.6047287,31941825.236776657,0.6935352252817337
219353337.94925135,56174800.0,charging,56174800.0,163178537.94925135,0.0,1156.2863137191982,0.0,0.0,0.9162504856208789,10,227,807.0450944117049,30.95,58589592.865648195,916.6020596716605,665.7650937585743,1445.0192142054675,11210.616829643035,2545018854.5263696,2322090908.425198,366.06260858988264,1175597344.9991114,27513453.424307745,1148083891.5748036,0.33061318099135995,24.550647177096796,1612048740.5814924,31827758.46267992,0.6984003313158585
225857860.29978666,56174800.0,charging,56174800.0,93566914.69050281,0.0,663.0169888346923,0.0,76116145.60928385,0.9999999999999979,11,227,863.9786626640154,32.45,57824095.24222418,625.7190585166079,665.7600181295375,1445.019214339547,11210.616829589791,2545018854.5142827,2321399482.700644,366.01314157716183,1175523273.101435,26747955.802079786,1148775317.2993553,0.33088523087146987,24.886334502593723,1603160457.4866955,31281432.683918618,0.7028547935585756
129211089.13347593,56174800.0,charging,56174800.0,0.0,0.0,0.0,0.0,73036289.13347593,0.9999999999999979,12,227,524.6023195214152,33.56,56795168.6424291,234.7351440513152,665.7512894240982,1445.0192141603052,11210.616829353734,2545018854.4606934,2320470146.5310855,365.9466596351367,1175423682.58684,25719029.11791352,1149704653.4689264,0.331251081555073,25.351795876484733,1596583127.9965458,30629772.568787057,0.7065483890088945
16585844.428419784,56174800.0,direct_plus_discharge,56174799.99999999,0.0,39588955.57158021,0.0,280.52811403477597,0.0,0.9645648698061315,13,227,123.5619927125635,34.19,56856095.88080291,69.30653213036815,657.3440367101466,1445.0192143426812,11210.616829613675,2545018854.5197043,2320525175.728034,365.9505960638048,1175429580.7118592,25779956.43989222,1149649624.271967,0.3312294121431211,25.323764651649476,1592850049.0967312,30273132.421576876,0.7082947476583737
73727533.90628672,56174800.0,charging,56174800.0,17552733.906286716,0.0,124.37901601071042,0.0,0.0,0.9802759034074844,14,227,298.74714106228674,34.58,56988190.66174138,308.0819743379026,665.7543205383208,1445.0192143395418,11210.616829589693,2545018854.5142603,2320644483.3900666,365.9591306453126,1175442367.8315027,25912051.22157161,1149530316.609931,0.3311824337814223,25.263196704979997,1590539095.492084,30646677.92749808,0.709067606845091
85743995.13348672,56174800.0,charging,56174800.0,22036221.665293496,0.0,156.14909802406555,0.0,7532973.468193222,0.9999999999999979,15,227,317.3682718934737,33.91,57037494.19847124,326.8169256855272,665.7546612112817,1445.0192141640011,11210.61682935077,2545018854.4600205,2320689014.3069987,365.9623161627135,1175447140.367014,25961354.67401299,1149485785.693001,0.3311649002968893,25.24066199660476,1594509195.2744267,30730606.708239444,0.7072714957452542
0.0,56174800.0,discharging,56174800.0,0.0,56174800.0,0.0,398.0557322808837,0.0,0.9497192759224126,16,227,0.0,33.07,56885355.587191045,1.0,654.1499999999987,1445.0192142091623,11210.616829726041,2545018854.5452137,2320551602.996166,365.95248650645317,1175432413.1497822,25809216.145948984,1149623197.0038333,0.33121900588080483,25.310324272930963,1599486633.8075128,30256243.62829832,0.7054015777093723
113654841.58698395,56174800.0,charging,56174800.0,56174800.0,0.0,398.0557322808837,0.0,1305241.586983949,0.9999999999999979,17,227,389.96890151098086,32.16,57412905.65073915,469.4702881025319,665.7572360805588,1445.0192143407771,11210.616829502564,2545018854.49448,2321028088.496137,365.98657231300194,1175483477.7143555,26336766.21049042,1149146711.503865,0.3310314107645601,25.070345403898923,1604878858.885023,31083887.693049032,0.7024284103702999
69491067.8697694,56174800.0,charging,56174800.0,0.0,0.0,0.0,0.0,13316267.869769394,0.9999999999999979,18,227,269.71015258647583,31.21,56795168.64241709,234.735144051266,665.7512894240964,1445.0192143024508,11210.616829320277,2545018854.453098,2320470146.524303,365.94665963514683,1175423682.594064,25719029.118366003,1149704653.475698,0.3312510815570251,25.351795876594334,1610508104.8450613,30830250.808071848,0.7004677917358479
0.0,56174800.0,discharging,56174800.0,0.0,56174800.0,0.0,398.0557322808837,0.0,0.9497192759224126,19,227,0.0,29.78,56885355.587191865,1.0,654.15,1445.019214342697,11210.616829613753,2545018854.5197225,2320551602.973441,365.9524865064901,1175432413.1728659,25809216.146305654,1149623197.0265603,0.33121900588735265,25.31032427327996,1618981601.3954344,30542344.400112398,0.696942411752689
0.0,56174800.0,discharging,56174800.0,0.0,56174800.0,0.0,398.0557322808837,0.0,0.8994385518448271,20,227,0.0,27.96,56885355.58719191,1.0,654.15,1445.019214202336,11210.616829619108,2545018854.520938,2320551602.9745197,365.95248650648824,1175432413.1720874,25809216.146607578,1149623197.0254798,0.33121900588704134,25.310324273263415,1629766051.5504544,30700612.912179526,0.6923494591187863
0.0,56174800.0,discharging,56174800.0,0.0,56174800.0,0.0,398.0557322808837,0.0,0.8491578277672418,21,227,0.0,27.17,56885355.58719191,1.0,654.15,1445.0192143463737,11210.616829610633,2545018854.519014,2320551602.972804,365.95248650649114,1175432413.1735048,25809216.146308262,1149623197.0271966,0.331219005887536,25.31032427328982,1634447213.9803808,30769311.881703146,0.69037460244519
0.0,56174800.0,discharging,56174800.0,0.0,56174800.0,0.0,398.0557322808837,0.0,0.7988771036896565,22,227,0.0,26.24,56885355.58719191,1.0,654.15,1445.0192143074023,11210.616829230255,2545018854.432661,2320551602.89581,365.95248650661574,1175432413.1673234,25809216.06313365,1149623197.1041896,0.33121900590971853,25.31032427447353,1639957949.4991548,30850185.352155015,0.6880641607640353
0.0,56174800.0,discharging,56174800.0,0.0,56174800.0,0.0,398.0557322808837,0.0,0.748596379612071,23,227,0.0,25.22,56885355.58719191,1.0,654.15,1445.0192141620887,11210.61682941168,2545018854.473848,2320551602.932535,365.95248650655634,1175432413.130979,25809216.063514654,1149623197.0674644,0.33121900589913755,25.31032427390887,1646001982.0036168,30938885.287489314,0.6855478445847293
0.0,56174800.0,discharging,56174800.0,0.0,56174800.0,0.0,398.0557322808837,0.0,0.6983156555344857,0,228,0.0,24.33,56885355.58719191,1.0,654.15,1445.0192143476302,11210.616829609673,2545018854.518796,2320551602.972611,365.9524865064914,1175432413.1737247,25809216.146335542,1149623197.027389,0.33121900588759146,25.310324273292753,1651275696.6398633,31016280.329104546,0.6833672232680423
0.0,56174800.0,discharging,56174800.0,0.0,56174800.0,0.0,398.0557322808837,0.0,0.6480349314569004,1,228,0.0,23.03,56885355.58719191,1.0,654.15,1445.0192142091537,11210.616829639908,2545018854.52566,2320551602.978733,365.9524865064816,1175432413.1671226,25809216.14585509,1149623197.0212674,0.3312190058858277,25.31032427319859,1658978875.3220208,31129329.266295336,0.6802068612531809
0.0,56174800.0,discharging,56174800.0,0.0,56174800.0,0.0,398.0557322808837,0.0,0.597754207379315,2,228,0.0,22.16,56885355.58719191,1.0,654.15,1445.019214295619,11210.61682929938,2545018854.448354,2320551602.9098063,365.9524865065931,1175432413.1540594,25809216.063866258,1149623197.0901933,0.33121900590568604,25.310324274258242,1664134079.5170026,31204985.09349223,0.6781081266208656
0.0,56174800.0,discharging,56174800.0,0.0,56174800.0,0.0,398.0557322808837,0.0,0.5474734833017297,3,228,0.0,21.58,56885355.58719191,1.0,654.15,1445.0192143427062,11210.61682952778,2545018854.5002046,2320551602.9560337,365.9524865065183,1175432413.190223,25809216.146255694,1149623197.0439672,0.3312190058923678,25.310324273547657,1667570882.3136578,31255422.311623506,0.6767161503880442
0.0,56174800.0,discharging,56174800.0,0.0,56174800.0,0.0,398.0557322808837,0.0,0.4971927592241444,4,228,0.0,21.2,56885355.58719191,1.0,654.15,1445.019214200553,11210.616829733332,2545018854.546869,2320551602.9976435,365.9524865064509,1175432413.1482956,25809216.14593945,1149623197.0023563,0.3312190058803792,25.31032427290785,1669822580.6976726,31288467.38557158,0.6758072603771011
0.0,56174800.0,discharging,56174800.0,0.0,56174800.0,0.0,398.0557322808837,0.0,0.4469120351465591,5,228,0.0,21.06,56885355.58719191,1.0,654.15,1445.0192141620935,11210.616829411698,2545018854.473852,2320551602.9325385,365.95248650655634,1175432413.1309822,25809216.063521054,1149623197.067461,0.3312190058991366,25.310324273908815,1670652153.7865207,31300641.88649982,0.6754730213377356
82919737.58949256,56174800.0,charging,56174800.0,26744937.58949256,0.0,189.5151512242499,0.0,0.0,0.47085079109067485,6,228,317.756588149766,20.64,57089274.50010215,346.4930279727335,665.7550183669608,1445.0192143110858,11210.616829227145,2545018854.4319553,2320735782.3423653,365.965661727508,1175452152.633684,26013134.976050764,1149439017.657633,0.33114648652278544,25.217037158128107,1673140873.0530639,31896437.05589347,0.6741430295060113
156264286.2434271,56174800.0,charging,56174800.0,100089486.2434271,0.0,709.2360585217003,0.0,0.0,0.5604385037460475,7,228,528.9911150091872,22.28,57895821.95672511,652.9746388312753,665.760499389965,1445.019214347626,11210.616829609617,2545018854.518783,2321464268.156924,366.01777639309637,1175530214.35893,26819682.51578037,1148710531.8431497,0.3308597350699734,24.85450389477047,1663423016.869419,32204657.196503077,0.6774544609127973
201039732.80908903,56174800.0,charging,56174800.0,144864932.80908903,0.0,1026.5157492530984,0.0,0.0,0.6901036510201232,8,228,674.3641333857715,25.56,58388203.779244706,840.0758105230376,665.7637712999823,1445.0192143042432,11210.616829206132,2545018854.4271846,2321909004.534727,366.04959418699036,1175577859.7211583,27312064.25588635,1148265795.465272,0.3306847414743355,24.638107497334165,1643987304.5021296,32191013.270001013,0.6850499038738753
219090099.04136515,56174800.0,charging,56174800.0,162915299.04136515,0.0,1154.420997665675,0.0,0.0,0.8359252507252609,9,228,764.5049767023306,27.85,58586698.10829347,915.502074928277,665.7650748137703,1445.0192142054914,11210.616829729206,2545018854.5459323,2322088293.7570343,366.0624215189341,1175597064.9100258,27510558.66706048,1148086506.2429655,0.33061420953676707,24.551900068409164,1630417858.977406,32098982.24916834,0.6905713540898198
215053158.86541453,56174800.0,charging,56174800.0,158878358.86541453,0.0,1125.8151605659052,0.0,0.0,0.9781334815335858,10,228,795.3201568067241,29.75,58542305.118071586,898.6330921507979,665.7647840490946,1445.019214302455,11210.616829320305,2545018854.453104,2322048195.7990513,366.05955267374645,1175592769.7949789,27466165.594030697,1148126604.2009482,0.33062998325715437,24.57112949728098,1619159367.0573301,31907576.689785928,0.6953846472119787
217337557.6006871,56174800.0,charging,56174800.0,24429785.451211635,0.0,173.1099378590921,0.0,136732972.14947546,0.9999999999999973,11,228,837.6189970239043,31.43,57063815.48367999,336.8188044653962,665.7548428435582,1445.0192143358458,11210.616829506711,2545018854.495422,2320712787.7598033,365.9640167980348,1175449688.2836146,25987676.043419506,1149462012.240195,0.3311555400141849,25.228647513480254,1609204489.9911573,30957363.37619845,0.7008223059695462
230368746.96291167,56174800.0,charging,56174800.0,0.0,0.0,0.0,0.0,174193946.96291167,0.9999999999999973,12,228,890.2166796901755,32.8,56795168.64241721,234.735144051266,665.7512894240972,1445.0192142005546,11210.61682973334,2545018854.5468707,2320470146.6079144,365.9466596350116,1175423682.5932531,25719029.201168492,1149704653.3920846,0.33125108153293453,25.35179587530672,1601086524.7645762,30694608.08446631,0.7045703803332581
244014183.73583812,56174800.0,charging,56174800.0,0.0,0.0,0.0,0.0,187839383.73583812,0.9999999999999973,13,228,908.4710421287689,33.52,56795168.642416924,234.735144051266,665.7512894240964,1445.0192143513068,11210.61682952048,2545018854.4985476,2320470146.5648246,365.94665963508135,1175423682.6366627,25719029.201487657,1149704653.4351752,0.33125108154534977,25.351795875970453,1596820148.8790736,30633184.96434283,0.7064440064281393
73522968.19648741,56174800.0,charging,56174800.0,0.0,0.0,0.0,0.0,17348168.19648741,0.9999999999999973,14,228,299.675440842685,33.65,56795168.642416954,234.735144051266,665.7512894240964,1445.019214153483,11210.61682941894,2545018854.475496,2320470146.5442758,365.9466596351146,1175423682.574446,25719029.118722696,1149704653.4557233,0.33125108155127003,25.351795876286765,1596049831.0108583,30622094.67876502,0.7067833625814308
91400967.18555227,56174800.0,charging,56174800.0,0.0,0.0,0.0,0.0,35226167.18555227,0.9999999999999973,15,228,335.6963387901385,33.33,56795168.642416954,234.735144051266,665.7512894240964,1445.019214342681,11210.616829613673,2545018854.519704,2320470146.583692,365.94665963505076,1175423682.6178145,25719029.20150623,1149704653.4163084,0.3312510815399139,25.351795875679834,1597945998.0710814,30649393.843264267,0.7059486101485763
195935977.40957928,56174800.0,charging,56174800.0,0.0,0.0,0.0,0.0,139761177.40957928,0.9999999999999973,16,228,635.0001287554993,32.61,56795168.642416954,234.735144051266,665.7512894240964,1445.0192143427084,11210.6168295278,2545018854.5002093,2320470146.566311,365.946659635079,1175423682.6351755,25719029.201485634,1149704653.4336898,0.3312510815449218,25.351795875947474,1602212373.9565837,30710816.96338757,0.7040776074629442
189698240.86864772,56174800.0,charging,56174800.0,0.0,0.0,0.0,0.0,133523440.86864772,0.9999999999999973,17,228,615.2766720445144,31.78,56795168.642416954,234.735144051266,665.7512894240964,1445.0192141571474,11210.616829415745,2545018854.4747705,2320470146.5436287,365.94665963511545,1175423682.575075,25719029.11870345,1149704653.4563715,0.3312510815514568,25.351795876296755,1607130557.2690384,30781624.17130749,0.701933025765365
115242062.88112846,56174800.0,charging,56174800.0,0.0,0.0,0.0,0.0,59067262.88112846,0.9999999999999973,18,228,408.1714595947483,30.57,56795168.642416954,234.735144051266,665.7512894240964,1445.0192142054807,11210.61682964311,2545018854.5263867,2320470146.58965,365.9466596350412,1175423682.6114504,25719029.20110029,1149704653.41035,0.33125108153819716,25.3517958755881,1614300438.9655077,30884849.13707026,0.6988298896936559
0.0,56174800.0,discharging,56174800.0,0.0,56174800.0,0.0,398.0557322808837,0.0,0.949719275922412,19,228,0.0,28.98,56885355.587191865,1.0,654.15,1445.0192143463753,11210.616829610653,2545018854.5190187,2320551602.9728084,365.95248650649114,1175432413.1735048,25809216.146312904,1149623197.0271919,0.3312190058875346,25.310324273289766,1623722019.0459924,30611912.97684519,0.6949160473432892
0.0,56174800.0,discharging,56174800.0,0.0,56174800.0,0.0,398.0557322808837,0.0,0.8994385518448267,20,228,0.0,27.37,56885355.58719191,1.0,654.15,1445.0192142992923,11210.616829296196,2545018854.447631,2320551602.909157,365.95248650659414,1175432413.1546953,25809216.063851207,1149623197.0908442,0.33121900590587355,25.310324274268353,1633262109.5677412,30751919.737519953,0.6908735003699583
0.0,56174800.0,discharging,56174800.0,0.0,56174800.0,0.0,398.0557322808837,0.0,0.8491578277672412,21,228,0.0,25.43,56885355.58719191,1.0,654.15,1445.0192143061538,11210.616829231263,2545018854.43289,2320551602.896015,365.9524865066155,1175432413.1671042,25809216.063118953,1149623197.1039853,0.33121900590965964,25.31032427447036,1644757622.3703454,30920623.53609696,0.6860644040181517
0.0,56174800.0,discharging,56174800.0,0.0,56174800.0,0.0,398.0557322808837,0.0,0.7988771036896559,22,228,0.0,24.28,56885355.58719191,1.0,654.15,1445.0192142042267,11210.616829730117,2545018854.5461392,2320551602.9969926,365.9524865064519,1175432413.1489248,25809216.14591755,1149623197.0030072,0.33121900588056674,25.31032427291786,1651571972.7430232,31020628.36515035,0.6832451279328419
0.0,56174800.0,discharging,56174800.0,0.0,56174800.0,0.0,398.0557322808837,0.0,0.7485963796120706,23,228,0.0,23.61,56885355.58719191,1.0,654.15,1445.0192143444635,11210.61682949947,2545018854.4937778,2320551602.950305,365.95248650652763,1175432413.1966481,25809216.146955024,1149623197.049693,0.3312190058940175,25.310324273635626,1655542072.5253658,31078892.04816405,0.6816132499220895
0.0,56174800.0,discharging,56174800.0,0.0,56174800.0,0.0,398.0557322808837,0.0,0.6983156555344852,0,229,0.0,22.5,56885355.58719191,1.0,654.15,1445.0192143513066,11210.616829606515,2545018854.5180793,2320551602.971972,365.9524865064924,1175432413.174356,25809216.146328434,1149623197.0280275,0.33121900588777536,25.310324273302562,1662119402.0155153,31175418.4483808,0.6789267782163747
0.0,56174800.0,discharging,56174800.0,0.0,56174800.0,0.0,398.0557322808837,0.0,0.6480349314568998,1,229,0.0,21.33,56885355.58719191,1.0,654.15,1445.0192142091641,11210.616829726066,2545018854.5452194,2320551602.9961715,365.9524865064533,1175432413.1497846,25809216.145954948,1149623197.0038297,0.3312190058808037,25.310324272930536,1669052262.8294573,31277162.4918525,0.6761179215531051
0.0,56174800.0,discharging,56174800.0,0.0,56174800.0,0.0,398.0557322808837,0.0,0.5977542073793145,2,229,0.0,20.72,56885355.58719191,1.0,654.15,1445.0192143407849,11210.61682950263,2545018854.494495,2320551602.950943,365.95248650652655,1175432413.1960204,25809216.14696235,1149623197.049058,0.33121900589383446,25.310324273625923,1672666831.2880077,31330208.531611253,0.674662672636306
0.0,56174800.0,discharging,56174800.0,0.0,56174800.0,0.0,398.0557322808837,0.0,0.5474734833017292,3,229,0.0,20.13,56885355.58719191,1.0,654.15,1445.0192141689436,11210.616829432707,2545018854.4786215,2320551602.936793,365.95248650654946,1175432413.1260352,25809216.062827505,1149623197.0632076,0.33121900589791115,25.31032427384339,1676162889.305295,31381515.356951687,0.6732610841183974
0.0,56174800.0,discharging,56174800.0,0.0,56174800.0,0.0,398.0557322808837,0.0,0.49719275922414385,4,229,0.0,19.61,56885355.58719191,1.0,654.15,1445.0192143110798,11210.616829227114,2545018854.431948,2320551602.895177,365.95248650661676,1175432413.1679542,25809216.063130517,1149623197.1048236,0.33121900590990117,25.310324274483207,1679244160.7781575,31426734.931828,0.6720306050613503
0.0,56174800.0,discharging,56174800.0,0.0,56174800.0,0.0,398.0557322808837,0.0,0.4469120351465586,5,229,0.0,19.05,56885355.58719191,1.0,654.15,1445.0192143005634,11210.616829295295,2545018854.4474263,2320551602.9089785,365.9524865065946,1175432413.1549191,25809216.063897904,1149623197.0910213,0.33121900590592457,25.310324274271004,1682562453.1335485,31475432.93554095,0.6707104938780112
87854059.59228343,56174800.0,charging,56174800.0,31679259.592283428,0.0,224.4798535130092,0.0,0.0,0.4752673850639913,6,229,332.9536584115956,18.44,57143535.72243222,367.11186036947447,665.755391943057,1445.0192141603131,11210.616829439876,2545018854.480249,2320784791.3062778,365.96916761149083,1175457404.8917458,26067396.19802247,1149390008.6937234,0.33112719104383176,25.19232633302913,1686177021.5920994,32115599.36179186,0.6689140107321488
177143440.8386407,56174800.0,charging,56174800.0,120968640.83864069,0.0,857.1861566404924,0.0,0.0,0.5835435311659483,7,229,592.0043091499246,21.26,58125423.60180199,740.2214356436558,665.7620319790293,1445.0192142054836,11210.616829643135,2545018854.5263925,2321671651.4622326,366.0326130264359,1175552432.6982586,27049284.1604911,1148503148.5377676,0.33077812821242225,24.753140333445725,1669467049.373881,32421485.647068113,0.6748404051759067
212530617.6969363,56174800.0,charging,56174800.0,156355817.6969363,0.0,1107.9403844736491,0.0,0.0,0.7234938955205145,8,229,710.5116058636213,24.32,58514565.508233875,888.0922613056902,665.764602137422,1445.0192143358418,11210.616829592715,2545018854.514946,2322023140.1405616,366.0577600423445,1175590085.9274693,27438426.068030097,1148151659.8594391,0.3306398398623842,24.58316009698913,1651334951.860495,32369697.268240776,0.6819198726175469
221122532.29948217,56174800.0,charging,56174800.0,164947732.29948217,0.0,1168.822859512478,0.0,0.0,0.8711346777747221,9,229,772.6453662624934,26.89,58609048.152093835,923.9949135964821,665.7652210357587,1445.0192143513102,11210.616829520475,2545018854.4985466,2322108481.3678226,366.0638658710511,1175599227.3433406,27532908.711163927,1148066318.6321766,0.3306062682878471,24.542229867559506,1636106360.1580765,32195744.705277517,0.6881645208535007
216618813.61434707,56174800.0,charging,56174800.0,143971349.57265735,0.0,1020.1838009500917,0.0,16472664.041689724,0.9999999999999969,10,229,803.5407585744233,28.93,58378377.31906771,836.3418339049529,665.7637065401595,1445.0192143513207,11210.61682960658,2545018854.518094,2321900128.9409313,366.0489591787754,1175576908.937292,27302237.878222838,1148274671.0590692,0.33068823333291864,24.64239042214779,1624018295.1491523,31890090.187602974,0.6934409422810848
209462628.20884588,56174800.0,charging,56174800.0,0.0,0.0,0.0,0.0,153287828.20884588,0.9999999999999969,11,229,813.5744336350119,30.71,56795168.64241692,234.735144051266,665.7512894240966,1445.0192141620885,11210.616829411634,2545018854.4738374,2320470146.5427966,365.94665963511693,1175423682.575931,25719029.11872891,1149704653.4572022,0.33125108155169614,25.35179587630955,1613470865.87666,30872905.75260183,0.6991875259259459
201451235.4791592,56174800.0,charging,56174800.0,0.0,0.0,0.0,0.0,145276435.4791592,0.9999999999999969,12,229,790.6973971676783,32.15,56795168.642416924,234.735144051266,665.7512894240964,1445.0192143426964,11210.61682952773,2545018854.500193,2320470146.5662966,365.94665963507896,1175423682.6351702,25719029.201465983,1149704653.4337041,0.3312510815449259,25.35179587594772,1604938114.105655,30750059.512355227,0.7028874280423818
212025691.5951915,56174800.0,charging,56174800.0,0.0,0.0,0.0,0.0,155850891.5951915,0.9999999999999969,13,229,801.2586938179993,33.12,56795168.642416954,234.735144051266,665.7512894240964,1445.01921430247,11210.616829320434,2545018854.453133,2320470146.5243354,365.94665963514683,1175423682.5940754,25719029.118411038,1149704653.4756644,0.33125108155701544,25.351795876593865,1599190357.7043529,30667308.919966895,0.7054018746660716
229694460.66085738,56174800.0,charging,56174800.0,0.0,0.0,0.0,0.0,173519660.66085738,0.9999999999999969,14,229,811.8825106348066,33.65,56795168.642416954,234.735144051266,665.7512894240964,1445.0192141571642,11210.61682932983,2545018854.4552665,2320470146.5262346,365.94665963514365,1175423682.592436,25719029.11867071,1149704653.4737654,0.33125108155646826,25.351795876564665,1596049831.0108583,30622094.67876502,0.7067833625925222
247220179.42697245,56174800.0,charging,56174800.0,0.0,0.0,0.0,0.0,191045379.42697245,0.9999999999999969,15,229,816.4746575968841,33.66,56795168.642416954,234.735144051266,665.7512894240964,1445.0192143110683,11210.616829313078,2545018854.451463,2320470146.522843,365.9466596351491,1175423682.5955594,25719029.118401803,1149704653.4771576,0.33125108155744565,25.35179587661692,1595990575.790226,30621241.579874426,0.7068094804180112
233128897.26030704,56174800.0,charging,56174800.0,0.0,0.0,0.0,0.0,176954097.26030704,0.9999999999999969,16,229,746.7134358885028,33.22,56795168.642416954,234.735144051266,665.7512894240964,1445.0192141603104,11210.616829439818,2545018854.4802356,2320470146.5484977,365.9466596351076,1175423682.5694954,25719029.117992062,1149704653.4515033,0.33125108155005417,25.351795876221875,1598597805.498033,30658777.931060884,0.7056621192419684
198365986.91636077,56174800.0,charging,56174800.0,0.0,0.0,0.0,0.0,142191186.91636077,0.9999999999999969,17,229,640.9725269367759,32.38,56795168.642416954,234.735144051266,665.7512894240964,1445.019214344472,11210.616829499544,2545018854.4937944,2320470146.5605884,365.9466596350883,1175423682.641611,25719029.20220085,1149704653.4394102,0.33125108154656996,25.351795876035624,1603575244.0311193,30730438.2378714,0.7034820143580581
108618150.58319148,56174800.0,charging,56174800.0,0.0,0.0,0.0,0.0,52443350.583191484,0.9999999999999969,18,229,387.36533512809854,31.0,56795168.642416954,234.735144051266,665.7512894240964,1445.0192143476386,11210.616829609678,2545018854.5187974,2320470146.5828805,365.94665963505213,1175423682.618684,25719029.201565027,1149704653.417119,0.33125108154014743,25.35179587569239,1611752464.4783325,30848165.8847744,0.6999295094407517
0.0,56174800.0,discharging,56174800.0,0.0,56174800.0,0.0,398.0557322808837,0.0,0.9497192759224115,19,229,0.0,28.84,56885355.587191865,1.0,654.15,1445.0192141639966,11210.616829350733,2545018854.460012,2320551602.920197,365.9524865065763,1175432413.1425264,25809216.062724926,1149623197.0798016,0.33121900590269204,25.310324274098576,1624551592.1348405,30624087.47777343,0.6945626444613211
0.0,56174800.0,discharging,56174800.0,0.0,56174800.0,0.0,398.0557322808837,0.0,0.8994385518448261,20,229,0.0,27.25,56885355.58719191,1.0,654.15,1445.0192141620828,11210.61682941163,2545018854.4738364,2320551602.9325247,365.95248650655634,1175432413.130977,25809216.06350031,1149623197.0674765,0.33121900589914105,25.310324273909057,1633973172.215325,30762355.024029866,0.6905740751348692
0.0,56174800.0,discharging,56174800.0,0.0,56174800.0,0.0,398.0557322808837,0.0,0.8491578277672408,21,229,0.0,25.36,56885355.58719191,1.0,654.15,1445.0192143476306,11210.616829609662,2545018854.5187936,2320551602.972609,365.9524865064914,1175432413.1737247,25809216.14633289,1149623197.0273917,0.3312190058875922,25.310324273292796,1645172408.9147692,30926710.78656108,0.6858921310287706
0.0,56174800.0,discharging,56174800.0,0.0,56174800.0,0.0,398.0557322808837,0.0,0.7988771036896554,22,229,0.0,24.6,56885355.58719191,1.0,654.15,1445.0192143476193,11210.616829523524,2545018854.4992385,2320551602.9551744,365.95248650651956,1175432413.1910636,25809216.14623658,1149623197.044827,0.3312190058926155,25.310324273560823,1649675805.6827996,30992800.934457228,0.6840272927800535
0.0,56174800.0,discharging,56174800.0,0.0,56174800.0,0.0,398.0557322808837,0.0,0.74859637961207,23,229,0.0,23.78,56885355.58719191,1.0,654.15,1445.0192142956134,11210.616829299312,2545018854.448338,2320551602.909792,365.95248650659323,1175432413.1540554,25809216.063847933,1149623197.0902073,0.3312190059056901,25.310324274258488,1654534733.7746222,31064108.72560834,0.6820265700853139
0.0,56174800.0,discharging,56174800.0,0.0,56174800.0,0.0,398.0557322808837,0.0,0.6983156555344847,0,230,0.0,22.76,56885355.58719191,1.0,654.15,1445.0192142005426,11210.616829647175,2545018854.5273094,2320551602.980205,365.95248650647915,1175432413.165635,25809216.14584025,1149623197.019795,0.3312190058854035,25.31032427317595,1660578766.279084,31152808.660942648,0.6795541408870082
0.0,56174800.0,discharging,56174800.0,0.0,56174800.0,0.0,398.0557322808837,0.0,0.6480349314568993,1,230,0.0,21.77,56885355.58719191,1.0,654.15,1445.0192143061333,11210.616829317165,2545018854.4523916,2320551602.9134016,365.9524865065873,1175432413.1497457,25809216.06314685,1149623197.0865989,0.3312190059046504,25.310324274203083,1666445033.12165,31238899.774649475,0.677171512794674
0.0,56174800.0,discharging,56174800.0,0.0,56174800.0,0.0,398.0557322808837,0.0,0.597754207379314,2,230,0.0,20.97,56885355.58719191,1.0,654.15,1445.019214300548,11210.616829295224,2545018854.44741,2320551602.9089637,365.9524865065946,1175432413.154913,25809216.063877378,1149623197.0910356,0.3312190059059287,25.310324274271228,1671185450.7722085,31308468.351382256,0.6752583279021862
0.0,56174800.0,discharging,56174800.0,0.0,56174800.0,0.0,398.0557322808837,0.0,0.5474734833017286,3,230,0.0,20.13,56885355.58719191,1.0,654.15,1445.0192142054777,11210.6168296431,2545018854.5263844,2320551602.979379,365.95248650648057,1175432413.1664917,25809216.1458719,1149623197.0206199,0.3312190058856412,25.310324273188648,1676162889.305295,31381515.356951687,0.6732610840934564
0.0,56174800.0,discharging,56174800.0,0.0,56174800.0,0.0,398.0557322808837,0.0,0.49719275922414335,4,230,0.0,19.51,56885355.58719191,1.0,654.15,1445.019214351308,11210.616829606526,2545018854.5180817,2320551602.971974,365.9524865064924,1175432413.1743574,25809216.14633241,1149623197.028025,0.33121900588777464,25.310324273302523,1679836712.9844775,31435431.0039196,0.6717944898867119
0.0,56174800.0,discharging,56174800.0,0.0,56174800.0,0.0,398.0557322808837,0.0,0.44691203514655803,5,230,0.0,19.13,56885355.58719191,1.0,654.15,1445.019214197408,11210.616829623266,2545018854.521882,2320551602.975363,365.952486506487,1175432413.1712358,25809216.14659932,1149623197.0246365,0.33121900588679837,25.310324273250426,1682088411.3684926,31468476.07786767,0.6708987635291584
87733765.32317366,56174800.0,charging,56174800.0,31558965.323173657,0.0,223.62744596763864,0.0,0.0,0.475159712531944,6,230,331.80928660590655,18.65,57142212.88333067,366.6091920451009,665.7553828440153,1445.019214306146,11210.616829317274,2545018854.452416,2320783596.4876037,365.96908214097056,1175457276.8717134,26066073.359317224,1149391203.512396,0.3311276614499887,25.192928202696287,1684932661.9588277,32096831.127457462,0.6694067912872107
174625110.87635434,56174800.0,charging,56174800.0,118450310.87635432,0.0,839.3412212377356,0.0,1.4901161193847656e-08,0.5811817615303948,7,230,583.7520043491172,21.55,58097730.30135169,729.6982019789892,665.7618477664046,1445.0192143427003,11210.616829613773,2545018854.5197268,2321646637.9259605,366.0308234881734,1175549752.9345112,27021590.860421635,1148528162.0740895,0.3307879706411392,24.76532376839449,1667748647.9755535,32380724.7726484,0.6755533905149421
220482530.10613078,56174800.0,charging,56174800.0,164307730.10613078,0.0,1164.2877914439516,0.0,0.0,0.7282496930812098,8,230,735.1376464605407,24.73,58602010.24470036,921.3205648306749,665.7651750032327,1445.0192141534758,11210.616829332888,2545018854.4559608,2322102124.34591,366.06341105203234,1175598546.3750253,27525870.72093445,1148072675.654091,0.3306087689482132,24.54527416644948,1648905487.8145835,32382004.35207225,0.6828532782186959
217392450.61342254,56174800.0,charging,56174800.0,161217650.61342254,0.0,1142.3914276780615,0.0,0.0,0.8725517681563333,9,230,761.6129743333809,27.47,58568029.59036133,908.408186774124,665.7649525924344,1445.0192142054777,11210.616829729128,2545018854.5459146,2322071431.4500184,366.0612150856047,1175595258.6990871,27491890.14910756,1148103368.5499797,0.3306208427788281,24.5599830393762,1632669557.3614213,32122178.112455666,0.6896378352233807
208190035.7303276,56174800.0,charging,56174800.0,142388143.0809186,0.0,1008.9651687623331,0.0,9627092.649408996,0.9999999999999964,10,230,776.7329209410065,29.62,58360967.28393161,829.7261591913591,665.7635917485752,1445.019214347634,11210.61682952365,2545018854.499267,2321884403.4506006,366.04783410501886,1175575224.3924108,27284827.843012545,1148290396.5493982,0.33069442012752115,24.649982239595964,1619929684.925546,31820089.5856675,0.6951963392210547
204951263.1475585,56174800.0,charging,56174800.0,0.0,0.0,0.0,0.0,148776463.1475585,0.9999999999999964,11,230,800.7133825647724,31.37,56795168.64241708,234.73514405126596,665.7512894240964,1445.0192143444715,11210.616829585568,2545018854.513324,2320470146.578003,365.94665963506,1175423682.6242607,25719029.20226428,1149704653.4219964,0.3312510815415527,25.35179587576737,1609560021.3149493,30816601.225822218,0.700878467556569
237971848.987427,56174800.0,charging,56174800.0,0.0,0.0,0.0,0.0,181797048.987427,0.9999999999999964,12,230,927.4476503503374,32.77,56795168.64241695,234.73514405126596,665.7512894240964,1445.0192143061383,11210.616829317183,2545018854.4523954,2320470146.523675,365.94665963514774,1175423682.5947025,25719029.118378315,1149704653.476324,0.3312510815572055,25.35179587660406,1601264290.4264722,30697167.381137945,0.7044925282860824
133641565.69474667,56174800.0,charging,56174800.0,0.0,0.0,0.0,0.0,77466765.69474667,0.9999999999999964,13,230,530.813113824069,33.8,56795168.64241695,234.73514405126596,665.7512894240964,1445.0192142091641,11210.616829639988,2545018854.525678,2320470146.5890193,365.94665963504224,1175423682.612084,25719029.201102465,1149704653.4109814,0.33125108153837907,25.351795875597805,1595161002.701378,30609298.19540599,0.7071753326880174
169630379.75445458,56174800.0,charging,56174800.0,0.0,0.0,0.0,0.0,113455579.75445458,0.9999999999999964,14,230,616.7928288138411,34.3,56795168.64241695,234.73514405126596,665.7512894240964,1445.0192143042484,11210.616829292236,2545018854.446732,2320470146.5186286,365.94665963515604,1175423682.6005142,25719029.11914237,1149704653.4813719,0.33125108155865984,25.35179587668173,1592198241.669779,30566643.250875924,0.7084850455940119
152734528.4086848,56174800.0,charging,56174800.0,0.0,0.0,0.0,0.0,96559728.40868479,0.9999999999999964,15,230,525.6862429004099,34.16,56795168.64241695,234.73514405126596,665.7512894240964,1445.0192143463678,11210.61682952456,2545018854.499474,2320470146.5656514,365.94665963508,1175423682.6358035,25719029.201456226,1149704653.4343472,0.3312510815451112,25.351795875957663,1593027814.7586272,30578586.63534435,0.7081178372093453
162529868.94839478,56174800.0,charging,56174800.0,0.0,0.0,0.0,0.0,106355068.94839478,0.9999999999999964,16,230,536.028744488024,33.56,56795168.64241695,234.73514405126596,665.7512894240964,1445.019214160306,11210.616829439829,2545018854.4802384,2320470146.5485,365.9466596351076,1175423682.5694945,25719029.117993392,1149704653.4515011,0.33125108155005356,25.351795876221846,1596583127.9965458,30629772.568780426,0.7065483889981887
126188920.70968774,56174800.0,charging,56174800.0,0.0,0.0,0.0,0.0,70014120.70968774,0.9999999999999964,17,230,426.9355007726764,32.44,56795168.64241695,234.73514405126596,665.7512894240964,1445.0192143358431,11210.61682959274,2545018854.5149517,2320470146.579452,365.9466596350577,1175423682.6227665,25719029.202220093,1149704653.4205463,0.3312510815411349,25.351795875745157,1603219712.7073276,30725319.644527793,0.703637289294667
36682337.80276118,56174800.0,direct_plus_discharge,56174800.0,0.0,19492462.197238818,0.0,138.12396864571554,0.0,0.9825527618552745,18,230,170.15907216314122,30.94,56823831.5676568,153.28285722901273,661.6085128643496,1445.0192141639895,11210.616829350643,2545018854.4599915,2320496034.7115927,365.94851150500403,1175426457.3315713,25747692.043163147,1149678765.2884083,0.33124088720145045,25.33860123533836,1612107995.8021245,30706333.673624102,0.6998227034306983
0.0,56174800.0,discharging,56174800.0,0.0,56174800.0,0.0,398.0557322808837,0.0,0.9322720377776892,19,230,0.0,29.2,56885355.58719147,1.0,654.15,1445.0192143426825,11210.616829613684,2545018854.5197067,2320551602.973427,365.9524865064901,1175432413.1728585,25809216.146284908,1149623197.0265737,0.33121900588735653,25.310324273280337,1622418404.192089,30592781.61824346,0.6954721219645044
0.0,56174800.0,discharging,56174800.0,0.0,56174800.0,0.0,398.0557322808837,0.0,0.8819913137001039,20,230,0.0,27.68,56885355.58719191,1.0,654.15,1445.0192143395436,11210.616829503671,2545018854.494732,2320551602.9511547,365.95248650652627,1175432413.1958036,25809216.146959353,1149623197.0488443,0.33121900589377296,25.310324273622605,1631425197.72815,30724961.91403599,0.6916482186521137
0.0,56174800.0,discharging,56174800.0,0.0,56174800.0,0.0,398.0557322808837,0.0,0.8317105896225184,21,230,0.0,25.99,56885355.58719191,1.0,654.15,1445.0192141689283,11210.616829432633,2545018854.478605,2320551602.9367776,365.9524865065496,1175432413.1260285,25809216.06280676,1149623197.0632217,0.3312190058979152,25.310324273843612,1641439330.0149543,30871925.53238401,0.6874457091942232
0.0,56174800.0,discharging,56174800.0,0.0,56174800.0,0.0,398.0557322808837,0.0,0.7814298655449331,22,230,0.0,25.59,56885355.58719191,1.0,654.15,1445.0192142042254,11210.61682973014,2545018854.546144,2320551602.996997,365.9524865064519,1175432413.1489253,25809216.14592307,1149623197.0030022,0.3312190058805653,25.310324272917786,1643809538.840234,30906709.820750404,0.6864584958330587
0.0,56174800.0,discharging,56174800.0,0.0,56174800.0,0.0,398.0557322808837,0.0,0.7311491414673478,23,230,0.0,24.87,56885355.58719191,1.0,654.15,1445.019214295626,11210.616829213399,2545018854.4288344,2320551602.8924046,365.9524865066214,1175432413.1714113,25809216.06381475,1149623197.1075966,0.33121900591070014,25.310324274525787,1648075914.7257361,30969321.53980991,0.6846886386840505
0.0,56174800.0,discharging,56174800.0,0.0,56174800.0,0.0,398.0557322808837,0.0,0.6808684173897623,0,231,0.0,23.9,56885355.58719191,1.0,654.15,1445.0192143024628,11210.616829320355,2545018854.4531155,2320551602.914048,365.9524865065862,1175432413.1491156,25809216.063165423,1149623197.0859501,0.3312190059044635,25.310324274193082,1653823671.1270385,31053673.43909842,0.6823186274025087
0.0,56174800.0,discharging,56174800.0,0.0,56174800.0,0.0,398.0557322808837,0.0,0.630587693312177,1,231,0.0,22.8,56885355.58719191,1.0,654.15,1445.0192143061472,11210.616829231209,2545018854.4328775,2320551602.8960037,365.9524865066155,1175432413.1671,25809216.063104827,1149623197.103995,0.33121900590966247,25.310324274470517,1660341745.396556,31149330.232106004,0.6796507611940693
0.0,56174800.0,discharging,56174800.0,0.0,56174800.0,0.0,398.0557322808837,0.0,0.5803069692345917,2,231,0.0,22.08,56885355.58719191,1.0,654.15,1445.0192142023332,11210.616829705126,2545018854.540466,2320551602.991934,365.9524865064602,1175432413.1547365,25809216.146670558,1149623197.008066,0.33121900588202424,25.31032427299565,1664608121.2820587,31211941.951165516,0.6779157894949139
0.0,56174800.0,discharging,56174800.0,0.0,56174800.0,0.0,398.0557322808837,0.0,0.5300262451570064,3,231,0.0,21.53,56885355.58719191,1.0,654.15,1445.0192143463846,11210.616829610708,2545018854.519031,2320551602.9728193,365.95248650649114,1175432413.1735091,25809216.146328792,1149623197.0271804,0.33121900588753134,25.310324273289567,1667867158.4168177,31259770.347669307,0.6765964199408717
0.0,56174800.0,discharging,56174800.0,0.0,56174800.0,0.0,398.0557322808837,0.0,0.4797455210794211,4,231,0.0,21.55,56885355.58719191,1.0,654.15,1445.0192143427012,11210.616829527791,2545018854.5002074,2320551602.9560356,365.9524865065183,1175432413.190221,25809216.146257907,1149623197.0439632,0.33121900589236664,25.31032427354759,1667748647.9755535,31258031.13325098,0.6766443070412093
0.0,56174800.0,discharging,56174800.0,0.0,56174800.0,0.0,398.0557322808837,0.0,0.4294647970018358,5,231,0.0,21.41,56885355.58719191,1.0,654.15,1445.0192141583987,11210.616829414721,2545018854.4745383,2320551602.9331512,365.9524865065554,1175432413.1303382,25809216.06348909,1149623197.066849,0.33121900589896025,25.31032427389939,1668578221.064401,31270205.634179223,0.6763092397006419
87845973.76928847,56174800.0,charging,56174800.0,31671173.769288465,0.0,224.4225572130072,0.0,0.0,0.4578129094918999,6,231,330.6154697332471,21.14,57143446.80512146,367.07807249972694,665.7553913314584,1445.0192143110737,11210.616829227087,2545018854.431942,2320784710.952715,365.96916186648366,1175457396.3283381,26067307.281051923,1149390089.0472863,0.3311272226750518,25.19236678867854,1670178112.0214648,31883801.627262633,0.6752927609920647
166879381.04048207,56174800.0,charging,56174800.0,110704581.04048207,0.0,784.4548280175012,0.0,0.0,0.5569019403993737,7,231,559.5751521404138,22.32,58012552.891217045,697.3314644239706,665.7612800780622,1445.0192141603281,11210.616829439947,2545018854.480265,2321569702.906208,366.02531937443644,1175541510.46062,26936413.36682971,1148605097.0937903,0.33081824434572477,24.802869758372598,1663185995.986891,32266133.69309534,0.6774624166537733
202291723.13673514,56174800.0,charging,56174800.0,146116923.13673514,0.0,1035.3873772193708,0.0,0.0,0.6876877143639258,8,231,679.03276446536,24.97,58401971.53203517,845.3074469491718,665.7638619977926,1445.0192143395402,11210.616829589724,2545018854.5142674,2321921440.2345634,366.05048389159555,1175579191.857309,27325832.091872357,1148253359.7654366,0.330679849043751,24.632109156463905,1647483362.5194163,32250363.21120377,0.6835924897953634
251160562.51322764,56174800.0,charging,56174800.0,194985762.51322764,0.0,1381.6729295262166,0.0,0.0,0.8622148212514479,9,231,873.1128439895463,27.52,58939367.13712138,1049.5134975387448,665.7673692194497,1445.0192143463898,11210.616829524683,2545018854.4995017,2322406843.4245734,366.0852129524259,1175631184.2716217,27863227.69619524,1147767956.5754266,0.33048891306201417,24.400165743114485,1632373281.2582617,32321511.807421368,0.6894765102627071
206561891.32477695,56174800.0,charging,56174800.0,150387091.32477695,0.0,1065.6458725776722,0.0,0.0,0.9968227209454696,10,231,773.7647192203569,29.58,58448929.25901449,863.1510092714788,665.7641710210104,1445.0192141652396,11210.616829435692,2545018854.479299,2321963854.471226,366.05351842337063,1175583735.2633824,27372789.734608684,1148210945.5287738,0.33066316277653374,24.611671850712128,1620166705.8080738,31871583.8193437,0.695026836083641
199386219.69024813,56174800.0,charging,56174800.0,3549730.412728402,0.0,25.15345918166736,0.0,139661689.27751973,0.9999999999999961,11,231,784.4662441043206,31.23,56834203.93663266,249.56824501068124,665.7532527445622,1445.0192141571454,11210.616829329687,2545018854.455234,2320505402.9746556,365.94918165043805,1175427461.4381907,25758064.41284559,1149669397.025345,0.33123719817022257,25.33382971635003,1610389594.403797,30849809.684082694,0.7004885418677081
195697253.3430488,56174800.0,charging,56174800.0,0.0,0.0,0.0,0.0,139522453.3430488,0.9999999999999961,12,231,778.127984674955,32.6,56795168.642417066,234.735144051266,665.7512894240964,1445.019214342691,11210.616829613744,2545018854.51972,2320470146.583707,365.94665963505076,1175423682.617819,25719029.20152544,1149704653.4162936,0.3312510815399096,25.351795875679557,1602271629.1772158,30711670.06227823,0.7040516911298046
210240364.5438665,56174800.0,charging,56174800.0,0.0,0.0,0.0,0.0,154065564.5438665,0.9999999999999961,13,231,803.5068123389083,33.59,56795168.642416954,234.735144051266,665.7512894240964,1445.0192143024726,11210.61682932043,2545018854.4531326,2320470146.5243344,365.94665963514683,1175423682.5940764,25719029.118410375,1149704653.475666,0.33125108155701594,25.35179587659389,1596405362.3346496,30627213.272108622,0.7066266961784183
223264567.91815847,56174800.0,charging,56174800.0,0.0,0.0,0.0,0.0,167089767.91815847,0.9999999999999961,14,231,797.8568608766709,34.22,56795168.642416954,234.735144051266,665.7512894240964,1445.0192143407899,11210.61682950262,2545018854.494493,2320470146.561212,365.94665963508714,1175423682.6409736,25719029.20218522,1149704653.4387884,0.33125108154639077,25.351795876026035,1592672283.434835,30573468.042000737,0.7082751656012544
261655300.32425034,56174800.0,charging,56174800.0,0.0,0.0,0.0,0.0,205480500.32425034,0.9999999999999961,15,231,866.8326431826747,34.45,56795168.642416954,234.735144051266,665.7512894240964,1445.019214205477,11210.616829729091,2545018854.545906,2320470146.607052,365.946659635013,1175423682.5940998,25719029.2011529,1149704653.392947,0.331251081533183,25.351795875320146,1591309413.3602993,30553846.767516907,0.7088789059210459
222426184.49050012,56174800.0,charging,56174800.0,0.0,0.0,0.0,0.0,166251384.49050012,0.9999999999999961,16,231,715.4696574671034,34.18,56795168.642416954,234.735144051266,665.7512894240964,1445.0192143463796,11210.616829524626,2545018854.499489,2320470146.5656652,365.94665963508,1175423682.6358097,25719029.201474775,1149704653.434335,0.3312510815451077,25.351795875957478,1592909304.3173628,30576880.437563144,0.7081702722391131
169798916.53403568,56174800.0,charging,56174800.0,0.0,0.0,0.0,0.0,113624116.53403568,0.9999999999999961,17,231,555.7840061602346,33.37,56795168.642416954,234.735144051266,665.7512894240964,1445.019214344473,11210.616829585593,2545018854.5133295,2320470146.578008,365.94665963506,1175423682.6242623,25719029.202271566,1149704653.4219909,0.3312510815415511,25.351795875767355,1597708977.1885533,30645981.447701856,0.706052846355359
90095892.42908737,56174800.0,charging,56174800.0,0.0,0.0,0.0,0.0,33921092.42908737,0.9999999999999961,18,231,330.01602002496844,32.11,56795168.642416954,234.735144051266,665.7512894240964,1445.0192142042224,11210.616829730126,2545018854.546141,2320470146.6072645,365.9466596350128,1175423682.5938797,25719029.201144174,1149704653.3927355,0.3312510815331221,25.351795875316853,1605175134.9881825,30753471.907917645,0.7027841242865157
0.0,56174800.0,discharging,56174800.0,0.0,56174800.0,0.0,398.0557322808837,0.0,0.9497192759224107,19,231,0.0,30.35,56885355.587191865,1.0,654.15,1445.0192143476206,11210.616829523566,2545018854.499248,2320551602.9551835,365.95248650651956,1175432413.1910658,25809216.146247614,1149623197.0448182,0.33121900589261294,25.31032427356071,1615604053.8194113,30492776.789190285,0.6983934211329322
0.0,56174800.0,discharging,56174800.0,0.0,56174800.0,0.0,398.0557322808837,0.0,0.8994385518448254,20,231,0.0,28.77,56885355.58719191,1.0,654.15,1445.019214162093,11210.616829411663,2545018854.473844,2320551602.9325314,365.95248650655634,1175432413.1309805,25809216.063511785,1149623197.0674686,0.3312190058991388,25.310324273908936,1624966378.6792643,30630174.72823757,0.6943860777562908
0.0,56174800.0,discharging,56174800.0,0.0,56174800.0,0.0,398.0557322808837,0.0,0.84915782776724,21,231,0.0,28.03,56885355.58719191,1.0,654.15,1445.019214347631,11210.616829523628,2545018854.499262,2320551602.955196,365.9524865065197,1175432413.1910713,25809216.14626637,1149623197.0448048,0.3312190058926091,25.31032427356047,1629351265.0060306,30694525.6617154,0.6925249914837434
0.0,56174800.0,discharging,56174800.0,0.0,56174800.0,0.0,398.0557322808837,0.0,0.7988771036896546,22,231,0.0,26.35,56885355.58719191,1.0,654.15,1445.0192143110726,11210.616829313061,2545018854.4514594,2320551602.9125714,365.95248650658874,1175432413.1506016,25809216.063174073,1149623197.0874276,0.3312190059048892,25.310324274215805,1639306142.072203,30840619.67285425,0.6883366320970744
0.0,56174800.0,discharging,56174800.0,0.0,56174800.0,0.0,398.0557322808837,0.0,0.7485963796120693,23,231,0.0,24.85,56885355.58719191,1.0,654.15,1445.0192141986302,11210.616829708117,2545018854.5411444,2320551602.9925365,365.9524865064591,1175432413.154092,25809216.14662954,1149623197.0074625,0.3312190058818504,25.310324272986414,1648194425.167,30971060.754228234,0.6846396061891142
0.0,56174800.0,discharging,56174800.0,0.0,56174800.0,0.0,398.0557322808837,0.0,0.6983156555344839,0,232,0.0,23.87,56885355.58719191,1.0,654.15,1445.0192142054827,11210.616829643131,2545018854.5263915,2320551602.9793854,365.95248650648057,1175432413.166496,25809216.145879854,1149623197.0206163,0.3312190058856401,25.310324273188595,1654001436.788934,31056282.260725893,0.6822455895866769
0.0,56174800.0,discharging,56174800.0,0.0,56174800.0,0.0,398.0557322808837,0.0,0.6480349314568985,1,232,0.0,23.12,56885355.58719191,1.0,654.15,1445.0192143110623,11210.616829313021,2545018854.4514503,2320551602.9125633,365.9524865065887,1175432413.150598,25809216.063161273,1149623197.0874367,0.3312190059048918,25.310324274215958,1658445578.3363326,31121502.801412888,0.6804247134794356
0.0,56174800.0,discharging,56174800.0,0.0,56174800.0,0.0,398.0557322808837,0.0,0.5977542073793132,2,232,0.0,22.55,56885355.58719191,1.0,654.15,1445.0192143005509,11210.616829209192,2545018854.4278793,2320551602.891549,365.9524865066228,1175432413.172262,25809216.06381108,1149623197.108451,0.3312190059109462,25.31032427453898,1661823125.9123554,31171070.412334997,0.6790473349549337
0.0,56174800.0,discharging,56174800.0,0.0,56174800.0,0.0,398.0557322808837,0.0,0.5474734833017278,3,232,0.0,21.93,56885355.58719191,1.0,654.15,1445.0192143513198,11210.61682960657,2545018854.5180917,2320551602.971983,365.9524865064924,1175432413.1743624,25809216.146346085,1149623197.0280163,0.33121900588777214,25.310324273302392,1665496949.5915382,31224986.05930291,0.6775554514105079
0.0,56174800.0,discharging,56174800.0,0.0,56174800.0,0.0,398.0557322808837,0.0,0.4971927592241426,4,232,0.0,21.45,56885355.58719191,1.0,654.15,1445.0192141652624,11210.616829435825,2545018854.4793296,2320551602.937423,365.9524865065484,1175432413.1254003,25809216.062824238,1149623197.062576,0.3312190058977292,25.31032427383369,1668341200.1818736,31266727.205342587,0.676404939361442
0.0,56174800.0,discharging,56174800.0,0.0,56174800.0,0.0,398.0557322808837,0.0,0.44691203514655725,5,232,0.0,21.07,56885355.58719191,1.0,654.15,1445.0192143395475,11210.616829503728,2545018854.4947443,2320551602.951166,365.95248650652616,1175432413.1958055,25809216.146973927,1149623197.0488317,0.3312190058937693,25.3103242736224,1670592898.5658886,31299772.279290657,0.6754968845819846
75916806.08470178,56174800.0,charging,56174800.0,19742006.08470178,0.0,139.8922415164741,0.0,-3.725290298461914e-09,0.464582634074954,6,232,293.76126970645504,20.69,57012265.414938465,317.23018884276394,665.7544869611164,1445.0192143463732,11210.616829610648,2545018854.519017,2320666227.7073903,365.9606861201794,1175444698.266668,25936125.974057302,1149508572.292611,0.33117387217160815,25.252188212373255,1672844596.949904,31849109.330188036,0.6743197138921914
167512225.30558953,56174800.0,charging,56174800.0,111337425.30558953,0.0,788.9391748663926,0.0,0.0,0.5642381087949193,7,232,560.523021031659,23.68,58019512.085100524,699.9759026726518,665.761326521816,1445.019214204237,11210.616829644196,2545018854.5266333,2321575988.707602,366.02576907098677,1175542183.936189,26943372.64376296,1148598811.2924259,0.3308157708487766,24.79979802723498,1655127285.980942,32151485.38220665,0.6807403914437182
207979808.04282704,56174800.0,charging,56174800.0,151805008.04282704,0.0,1075.6932581939404,0.0,0.0,0.7001151519352066,8,232,695.7974576250384,27.6,58464521.65331748,869.0759949423549,665.7642735233452,1445.0192143395427,11210.616829589755,2545018854.514274,2321977938.248236,366.0545260490535,1175585243.9649274,27388382.213161953,1148196861.7517655,0.33065762215623257,24.60489286740118,1631899239.4932055,32053965.264970407,0.690041557940708
208657408.63377246,56174800.0,charging,56174800.0,152482608.63377246,0.0,1080.4947492437125,0.0,0.0,0.8365986992080966,9,232,734.8611297828256,29.84,58471973.01873064,871.9074544637893,665.7643224884043,1445.0192142091587,11210.61682972598,2545018854.5451994,2321984668.683958,366.0550075785941,1175585964.893513,27395833.577472642,1148190131.3160403,0.3306549743921711,24.60165457197632,1618626070.0716424,31861320.41012114,0.6956673149625778
204091640.1819064,56174800.0,charging,56174800.0,147916840.1819064,0.0,1048.1416246303181,0.0,0.0,0.9689955360035052,10,232,767.0117938921255,31.58,58421764.666516975,852.8286804360487,665.7639923143887,1445.0192143427048,11210.616829527808,2545018854.5002112,2321939318.236441,366.051762973647,1175581106.989146,27345625.225585025,1148235481.763561,0.33067281556848405,24.623490629869316,1608315661.6816776,31681261.196301058,0.7001449001188118
196569812.45429802,56174800.0,charging,56174800.0,34638911.751202814,0.0,245.45200663888335,0.0,105756100.7030952,0.9999999999999957,11,232,777.2858159234362,32.92,57176082.10747947,379.4792275139508,665.7556156786096,1445.0192143042375,11210.616829292127,2545018854.4467072,2320814187.3256617,365.97127048568495,1175460555.2585132,26099942.584167045,1149360612.6743462,0.33111561772934517,25.177527053168497,1600375462.1169925,30890335.44832665,0.7045820579269048
188578500.08612818,56174800.0,charging,56174800.0,0.0,0.0,0.0,0.0,132403700.08612818,0.9999999999999957,12,232,755.9468586437627,34.01,56795168.64241688,234.73514405126596,665.7512894240965,1445.0192141640093,11210.616829350825,2545018854.460033,2320470146.5304866,365.9466596351368,1175423682.5874867,25719029.11797495,1149704653.4695117,0.33125108155524274,25.351795876499153,1593916643.068107,30591383.11870334,0.7077248218761965
207193539.80651796,56174800.0,charging,56174800.0,0.0,0.0,0.0,0.0,151018739.80651796,0.9999999999999957,13,232,796.886204239428,34.73,56795168.64241695,234.73514405126596,665.7512894240964,1445.0192141689379,11210.616829432696,2545018854.478619,2320470146.54706,365.94665963511005,1175423682.5709887,25719029.11804862,1149704653.45294,0.3312510815504681,25.351795876243916,1589650267.1826038,30529959.998580065,0.7096152848706314
224516912.76192573,56174800.0,charging,56174800.0,0.0,0.0,0.0,0.0,168342112.76192573,0.9999999999999957,14,232,805.6588998581835,35.1,56795168.64241695,234.73514405126596,665.7512894240964,1445.0192143005452,11210.6168292952,2545018854.447405,2320470146.519226,365.946659635155,1175423682.5998693,25719029.11909561,1149704653.4807737,0.33125108155848754,25.351795876672583,1587457824.0192208,30498395.339627802,0.7105907067969799
232697990.78415674,56174800.0,charging,56174800.0,0.0,0.0,0.0,0.0,176523190.78415674,0.9999999999999957,15,232,778.4868831083304,35.08,56795168.64241695,234.73514405126596,665.7512894240964,1445.0192143463742,11210.616829524588,2545018854.4994802,2320470146.565657,365.94665963508,1175423682.6358068,25719029.201464172,1149704653.4343426,0.33125108154510985,25.3517958759576,1587576334.460485,30500101.537409015,0.7105379127070107
223254240.11238116,56174800.0,charging,56174800.0,0.0,0.0,0.0,0.0,167079440.11238116,0.9999999999999957,16,232,718.5157659297184,34.61,56795168.64241695,234.73514405126596,665.7512894240964,1445.0192143073916,11210.616829316179,2545018854.4521675,2320470146.523474,365.9466596351482,1175423682.5949206,25719029.118394338,1149704653.4765263,0.33125108155726374,25.351795876607138,1590361329.8301876,30540197.18526728,0.7092995066723533
184383942.35829353,56174800.0,charging,56174800.0,0.0,0.0,0.0,0.0,128209142.35829353,0.9999999999999957,17,232,599.0854187556287,33.87,56795168.64241695,234.73514405126596,665.7512894240964,1445.0192141584105,11210.616829328736,2545018854.455018,2320470146.526017,365.9466596351441,1175423682.5926452,25719029.118662655,1149704653.4739826,0.3312510815565309,25.351795876567934,1594746216.1569543,30603326.50317178,0.707358400945756
91064597.98942238,56174800.0,charging,56174800.0,0.0,0.0,0.0,0.0,34889797.98942238,0.9999999999999957,18,232,332.4509218993097,32.29,56795168.64241695,234.73514405126596,665.7512894240964,1445.0192143073932,11210.616829316215,2545018854.4521756,2320470146.523482,365.9466596351482,1175423682.594923,25719029.118403386,1149704653.4765196,0.33125108155726185,25.35179587660704,1604108541.0168068,30738116.127886806,0.7032492304107051
0.0,56174800.0,discharging,56174800.0,0.0,56174800.0,0.0,398.0557322808837,0.0,0.9497192759224103,19,232,0.0,29.7,56885355.587191865,1.0,654.15,1445.0192143426866,11210.616829613726,2545018854.519716,2320551602.9734354,365.9524865064901,1175432413.1728609,25809216.146294627,1149623197.0265663,0.33121900588735437,25.310324273280052,1619455643.16049,30549301.257785685,0.6967392436704948
0.0,56174800.0,discharging,56174800.0,0.0,56174800.0,0.0,398.0557322808837,0.0,0.8994385518448249,20,232,0.0,27.83,56885355.58719191,1.0,654.15,1445.0192141973878,11210.616829623166,2545018854.521859,2320551602.9753423,365.95248650648705,1175432413.1712265,25809216.146569304,1149623197.0246572,0.33121900588680436,25.310324273250753,1630536369.4186702,30711917.805898603,0.6920237064294112
0.0,56174800.0,discharging,56174800.0,0.0,56174800.0,0.0,398.0557322808837,0.0,0.8491578277672396,21,232,0.0,26.63,56885355.58719191,1.0,654.15,1445.019214351299,11210.61682960646,2545018854.518067,2320551602.971962,365.9524865064925,1175432413.1743526,25809216.14631364,1149623197.028039,0.3312190058877787,25.310324273302726,1637646995.894508,30816270.670997784,0.6890311702183965
0.0,56174800.0,discharging,56174800.0,0.0,56174800.0,0.0,398.0557322808837,0.0,0.7988771036896543,22,232,0.0,25.75,56885355.58719191,1.0,654.15,1445.0192141689301,11210.616829346567,2545018854.4590664,2320551602.919354,365.95248650657766,1175432413.1433783,25809216.062732954,1149623197.0806453,0.3312190059029351,25.310324274111537,1642861455.3101223,30892796.105403844,0.6868530407665204
0.0,56174800.0,discharging,56174800.0,0.0,56174800.0,0.0,398.0557322808837,0.0,0.7485963796120688,23,232,0.0,24.92,56885355.58719191,1.0,654.15,1445.0192143444572,11210.616829585475,2545018854.5133023,2320551602.96771,365.9524865064993,1175432413.179302,25809216.14701271,1149623197.0322893,0.3312190058890032,25.31032427336815,1647779638.6225762,30964973.503764115,0.6848112504594415
0.0,56174800.0,discharging,56174800.0,0.0,56174800.0,0.0,398.0557322808837,0.0,0.6983156555344835,0,233,0.0,24.49,56885355.58719191,1.0,654.15,1445.0192143427046,11210.616829613802,2545018854.5197334,2320551602.9734497,365.95248650649,1175432413.1728683,25809216.14631956,1149623197.0265486,0.3312190058873493,25.310324273279765,1650327613.1097515,31002366.613757987,0.6837582216999433
0.0,56174800.0,discharging,56174800.0,0.0,56174800.0,0.0,398.0557322808837,0.0,0.6480349314568982,1,233,0.0,24.36,56885355.58719191,1.0,654.15,1445.0192141639907,11210.616829350696,2545018854.4600034,2320551602.92019,365.9524865065763,1175432413.1425233,25809216.06271169,1149623197.0798116,0.33121900590269493,25.310324274098715,1651097930.9779673,31013671.507477064,0.6834405014394754
0.0,56174800.0,discharging,56174800.0,0.0,56174800.0,0.0,398.0557322808837,0.0,0.5977542073793127,2,233,0.0,23.87,56885355.58719191,1.0,654.15,1445.0192142023136,11210.616829705014,2545018854.54044,2320551602.9919105,365.9524865064602,1175432413.154728,25809216.146637227,1149623197.0080907,0.3312190058820314,25.310324272996045,1654001436.788934,31056282.260725893,0.6822455895792436
0.0,56174800.0,discharging,56174800.0,0.0,56174800.0,0.0,398.0557322808837,0.0,0.5474734833017275,3,233,0.0,23.41,56885355.58719191,1.0,654.15,1445.0192143073928,11210.616829230175,2545018854.432643,2320551602.895794,365.95248650661574,1175432413.1673188,25809216.06311091,1149623197.104208,0.3312190059097238,25.310324274473814,1656727176.938005,31096284.19234725,0.6811276318758444
0.0,56174800.0,discharging,56174800.0,0.0,56174800.0,0.0,398.0557322808837,0.0,0.49719275922414213,4,233,0.0,23.02,56885355.58719191,1.0,654.15,1445.019214311066,11210.61682931303,2545018854.4514527,2320551602.912565,365.95248650658874,1175432413.1505997,25809216.063163925,1149623197.0874357,0.33121900590489156,25.310324274215937,1659038130.5426528,31130198.87350449,0.6801826641045602
0.0,56174800.0,discharging,56174800.0,0.0,56174800.0,0.0,398.0557322808837,0.0,0.44691203514655686,5,233,0.0,22.76,56885355.58719191,1.0,654.15,1445.0192143042423,11210.616829292167,2545018854.4467163,2320551602.908346,365.95248650659556,1175432413.1555533,25809216.06389963,1149623197.0916538,0.3312190059061068,25.31032427428071,1660578766.279084,31152808.660942648,0.6795541409294846
51552259.130136415,56174800.0,direct_plus_discharge,56174800.0,0.0,4622540.869863585,0.0,32.7554150785025,0.0,0.4427745090313776,6,233,218.7100803875962,22.6,56799958.35807618,215.41913763966696,665.0338233138116,1445.0192141689347,11210.61682934661,2545018854.459076,2320474472.570157,365.94696909119347,1175424146.263472,25723818.833628125,1149700327.429844,0.3312493780176632,25.349590060474608,1661526849.8091955,31540209.010749783,0.6790636681757757
161652248.81744415,56174800.0,charging,56174800.0,105477448.81744415,0.0,747.4152667770453,0.0,0.0,0.5371848585190043,7,233,542.5260267034276,23.56,57955071.72492373,675.4890789530256,665.7608960396425,1445.0192143073916,11210.616829316194,2545018854.452171,2321517784.163432,366.0216050112391,1175535948.0374734,26878932.200882383,1148657015.836591,0.33083867507131065,24.828269678145123,1655838348.6285257,32126205.184708364,0.6804983038545991
202992852.00994503,56174800.0,charging,56174800.0,146818052.00994503,0.0,1040.355590137776,0.0,0.0,0.6685981962206182,8,233,680.9709721615098,26.86,58409681.63077121,848.2372230596595,665.7639127709973,1445.019214299292,11210.616829210174,2545018854.4281025,2321928404.250674,366.050982137251,1175579937.8566942,27333542.10733441,1148246395.7493598,0.33067710927764177,24.628751254004715,1636284125.8199723,32088806.843322013,0.688243241825055
204241688.26779673,56174800.0,charging,56174800.0,148066888.26779673,0.0,1049.2048683037522,0.0,0.0,0.8011293374800396,9,233,722.2622662162811,29.0,58423414.699191034,853.4556797143058,665.7640031741151,1445.0192142054725,11210.6168297291,2545018854.545908,2321940808.6585484,366.0518696029859,1175581266.599379,27347275.257928163,1148233991.341451,0.33067222922205763,24.622772419028802,1623603508.6047287,31908561.587278448,0.6935823737052417
204168295.11429292,56174800.0,charging,56174800.0,147993495.11429292,0.0,1048.6848029815371,0.0,0.0,0.9335947862777074,10,233,770.3347972935937,30.65,58422607.6172428,853.148995000515,665.7639978623638,1445.0192143073928,11210.616829316232,2545018854.4521794,2321940079.5834064,366.0518174473856,1175581188.509828,27346468.09323456,1148234720.4165936,0.33067251604046716,24.623123714019805,1613826397.2004519,31763328.576762687,0.6977648817503892
200643025.94081917,56174800.0,charging,56174800.0,74189456.6603847,0.0,525.7079419681123,0.0,70278769.28043447,0.9999999999999953,11,233,796.4030261287461,31.88,57611007.29260273,544.7473345042904,665.7585813455365,1445.0192142023275,11210.616829619044,2545018854.5209236,2321207017.00667,365.9993725864298,1175502650.845331,26534867.852000177,1148967782.9933307,0.3309609805302967,24.981365325608785,1606538005.0627182,31215424.799401682,0.7015511383114983
192584016.73456287,56174800.0,charging,56174800.0,0.0,0.0,0.0,0.0,136409216.73456287,0.9999999999999953,12,233,775.5953178024838,32.81,56795168.642415315,234.735144051266,665.7512894240964,1445.019214351308,11210.616829606519,2545018854.51808,2320470146.582237,365.94665963505304,1175423682.6193154,25719029.20155484,1149704653.4177606,0.33125108154033245,25.351795875703036,1601027269.5439441,30693754.985574655,0.7045963348724148
206718204.16459745,56174800.0,charging,56174800.0,0.0,0.0,0.0,0.0,150543404.16459745,0.9999999999999953,13,233,800.3672827115373,33.37,56795168.642416954,234.735144051266,665.7512894240964,1445.0192143073953,11210.616829230159,2545018854.432639,2320470146.506062,365.9466596351763,1175423682.6122694,25719029.118332673,1149704653.4939368,0.33125108156228006,25.35179587687523,1597708977.1885533,30645981.447701856,0.7060528463995421
223985180.33370307,56174800.0,charging,56174800.0,0.0,0.0,0.0,0.0,167810380.33370307,0.9999999999999953,14,233,808.6004068130735,33.51,56795168.642416954,234.735144051266,665.7512894240964,1445.0192141973853,11210.616829709188,2545018854.5413876,2320470146.603025,365.9466596350195,1175423682.5988302,25719029.201856267,1149704653.3969738,0.33125108153434324,25.351795875382134,1596879404.0997057,30634038.06323344,0.7064179155835635
227217305.11096925,56174800.0,charging,56174800.0,0.0,0.0,0.0,0.0,171042505.11096925,0.9999999999999953,15,233,764.7989504338382,33.2,56795168.642416954,234.735144051266,665.7512894240964,1445.0192141652376,11210.616829435674,2545018854.479295,2320470146.547662,365.946659635109,1175423682.570344,25719029.118005384,1149704653.4523387,0.33125108155029487,25.351795876234682,1598716315.939297,30660484.128842086,0.7056100549635045
218079444.26086086,56174800.0,charging,56174800.0,0.0,0.0,0.0,0.0,161904644.26086086,0.9999999999999953,16,233,704.5092832644384,32.25,56795168.642416954,234.735144051266,665.7512894240964,1445.0192143476227,11210.616829523562,2545018854.499247,2320470146.5654526,365.94665963508044,1175423682.6360197,25719029.20147313,1149704653.4345465,0.3312510815451686,25.351795875960672,1604345561.8993351,30741528.523449223,0.7031458202861032
170799938.95688468,56174800.0,charging,56174800.0,0.0,0.0,0.0,0.0,114625138.95688468,0.9999999999999953,17,233,559.7097084376079,31.37,56795168.642416954,234.735144051266,665.7512894240964,1445.0192143358543,11210.616829592796,2545018854.5149646,2320470146.579464,365.9466596350577,1175423682.6227727,25719029.202236205,1149704653.4205365,0.3312510815411321,25.351795875745005,1609560021.3149493,30816601.225822147,0.7008784675556791
80538193.91942361,56174800.0,charging,56174800.0,0.0,0.0,0.0,0.0,24363393.91942361,0.9999999999999953,18,233,301.19857476258244,29.84,56795168.642416954,234.735144051266,665.7512894240964,1445.0192143426866,11210.616829527638,2545018854.5001726,2320470146.5662785,365.94665963507896,1175423682.635164,25719029.201441254,1149704653.4337227,0.33125108154493127,25.35179587594799,1618626070.0716424,30947125.35608417,0.6969709841433316
0.0,56174800.0,discharging,56174800.0,0.0,56174800.0,0.0,398.0557322808837,0.0,0.9497192759224099,19,233,0.0,27.6,56885355.587191865,1.0,654.15,1445.01921416032,11210.61682943989,2545018854.4802523,2320551602.9382453,365.95248650654696,1175432413.1245418,25809216.062788613,1149623197.061753,0.3312190058974921,25.31032427382107,1631899239.4932055,30731918.771709245,0.6914481250679041
0.0,56174800.0,discharging,56174800.0,0.0,56174800.0,0.0,398.0557322808837,0.0,0.8994385518448246,20,233,0.0,26.29,56885355.58719191,1.0,654.15,1445.0192143005504,11210.61682929523,2545018854.4474115,2320551602.9089646,365.9524865065946,1175432413.1549141,25809216.06387804,1149623197.091036,0.33121900590592884,25.31032427427124,1639661673.395995,30845837.31610921,0.688187984620898
0.0,56174800.0,discharging,56174800.0,0.0,56174800.0,0.0,398.0557322808837,0.0,0.8491578277672392,21,233,0.0,25.25,56885355.58719191,1.0,654.15,1445.0192143463782,11210.61682952464,2545018854.499492,2320551602.9553995,365.95248650651945,1175432413.1908543,25809216.146253,1149623197.0446012,0.33121900589255043,25.310324273557384,1645824216.341721,30936276.46586184,0.6856215911430867
0.0,56174800.0,discharging,56174800.0,0.0,56174800.0,0.0,398.0557322808837,0.0,0.7988771036896538,22,233,0.0,23.94,56885355.58719191,1.0,654.15,1445.0192141640034,11210.616829436824,2545018854.479556,2320551602.937625,365.9524865065481,1175432413.1251822,25809216.062806457,1149623197.0623758,0.3312190058976715,25.310324273830624,1653586650.2445104,31050195.010261778,0.6824160354206874
0.0,56174800.0,discharging,56174800.0,0.0,56174800.0,0.0,398.0557322808837,0.0,0.7485963796120685,23,233,0.0,22.64,56885355.58719191,1.0,654.15,1445.0192143444553,11210.61682949944,2545018854.493771,2320551602.9502993,365.95248650652763,1175432413.1966465,25809216.146945536,1149623197.049701,0.33121900589401976,25.310324273635764,1661289828.9266677,31163243.947452568,0.6792644448908786
0.0,56174800.0,discharging,56174800.0,0.0,56174800.0,0.0,398.0557322808837,0.0,0.698315655534483,0,234,0.0,21.96,56885355.58719191,1.0,654.15,1445.0192141652467,11210.616829435707,2545018854.4793024,2320551602.937399,365.9524865065484,1175432413.1253903,25809216.06278958,1149623197.0626006,0.3312190058977363,25.31032427383407,1665319183.9296424,31222377.237675436,0.6776274884015184
0.0,56174800.0,discharging,56174800.0,0.0,56174800.0,0.0,398.0557322808837,0.0,0.6480349314568977,1,234,0.0,21.31,56885355.58719191,1.0,654.15,1445.0192143476163,11210.616829609557,2545018854.5187697,2320551602.9725904,365.9524865064914,1175432413.173714,25809216.14630353,1149623197.0274105,0.3312190058875976,25.310324273293034,1669170773.2707212,31278901.706270825,0.6760701089510135
0.0,56174800.0,discharging,56174800.0,0.0,56174800.0,0.0,398.0557322808837,0.0,0.5977542073793124,2,234,0.0,20.76,56885355.58719191,1.0,654.15,1445.0192142956223,11210.61682921333,2545018854.4288187,2320551602.8923903,365.9524865066214,1175432413.1714058,25809216.063797306,1149623197.1076086,0.3312190059107035,25.31032427452596,1672429810.4054801,31326730.102774616,0.6747579068806742
0.0,56174800.0,discharging,56174800.0,0.0,56174800.0,0.0,398.0557322808837,0.0,0.5474734833017271,3,234,0.0,20.26,56885355.58719191,1.0,654.15,1445.0192142091737,11210.616829726132,2545018854.545234,2320551602.9961853,365.95248650645317,1175432413.1497896,25809216.145974588,1149623197.003815,0.3312190058807995,25.310324272930295,1675392571.4370792,31370210.46323261,0.6735694082359958
0.0,56174800.0,discharging,56174800.0,0.0,56174800.0,0.0,398.0557322808837,0.0,0.49719275922414174,4,234,0.0,19.81,56885355.58719191,1.0,654.15,1445.0192142054746,11210.616829643064,2545018854.5263762,2320551602.9793715,365.95248650648057,1175432413.1664915,25809216.145861976,1149623197.0206296,0.33121900588564396,25.31032427318881,1678059056.365518,31409342.787644796,0.6725033335451713
0.0,56174800.0,discharging,56174800.0,0.0,56174800.0,0.0,398.0557322808837,0.0,0.4469120351465565,5,234,0.0,19.37,56885355.58719191,1.0,654.15,1445.01921434078,11210.616829588615,2545018854.514015,2320551602.9683485,365.9524865064983,1175432413.178667,25809216.14701584,1149623197.0316513,0.3312190058888194,25.31032427335827,1680666286.0733252,31447605.504847836,0.6714642073092256
56156412.62495826,56174800.0,direct_plus_discharge,56174800.0,0.0,18387.375041738153,0.0,0.13029329943252713,0.0,0.4468955770455755,6,234,233.3575153334577,18.96,56776579.06706403,234.65830954310312,665.7511588449437,1445.0192143110783,11210.616829313121,2545018854.451473,2320453356.544067,365.94545859359084,1175421882.9989955,25718826.918104373,1149703056.0808911,0.3312523955056561,25.360036636004597,1683095750.1192365,31864858.988266855,0.6703961886793525
157451987.5141191,56174800.0,charging,56174800.0,101277187.51411909,0.0,717.6521329720987,0.0,0.0,0.5375463727894195,7,234,530.4302320195299,20.93,57908882.742444806,657.9376334278871,665.7605868953266,1445.0192143073846,11210.61682923009,2545018854.4326234,2321476064.9417863,366.01862035609093,1175531478.2765548,26832743.218340673,1148698735.0582142,0.3308550926459978,24.848716316005287,1671422471.654736,32329350.74233909,0.6742171717486793
204259581.57413572,56174800.0,charging,56174800.0,148084781.57413572,0.0,1049.331660622687,0.0,0.0,0.6700935299207064,8,234,685.8668827606504,24.91,58423611.46638146,853.5304496795015,665.7640044691015,1445.0192141534758,11210.616829418896,2545018854.475486,2321940986.324458,366.0518823187,1175581285.6182168,27347471.94267349,1148233813.6755433,0.33067215931948224,24.62268677576033,1647838893.8432083,32267583.929933533,0.6834291926529819
208475515.58344233,56174800.0,charging,56174800.0,152300715.58344233,0.0,1079.2058515289727,0.0,0.0,0.8064142690612082,9,234,738.1251059107104,27.27,58469972.79676793,871.147386045723,665.7643093455929,1445.019214302473,11210.616829234401,2545018854.4336023,2321982861.893909,366.05487831836854,1175585771.3787858,27393833.272696108,1148191938.1060898,0.33065568517539196,24.602523770532695,1633854661.7740612,32085937.213858835,0.6892154130847348
203092862.4724939,56174800.0,charging,56174800.0,146918062.47249392,0.0,1041.0642662328514,0.0,-2.9802322387695312e-08,0.9379171237432525,10,234,769.8863707127,29.23,58410781.41505259,848.6551323416338,665.7639200123032,1445.0192143024697,11210.61682932043,2545018854.4531326,2321929397.645625,366.05105320801897,1175580044.2454207,27334641.891045116,1148245402.3543756,0.3306767184631453,24.628272347656274,1622240638.530193,31881479.430713743,0.6941720867440291
194966695.24937806,56174800.0,charging,56174800.0,69360440.23085067,0.0,491.4894370325436,0.0,69431455.01852739,0.9999999999999949,11,234,780.1483849493192,30.82,57557904.08323332,524.568537833673,665.7582216381204,1445.0192141986217,11210.616829708066,2545018854.541133,2321159053.2609463,365.9959413061503,1175497511.3817074,26481764.642714277,1149015746.7389932,0.33097985932699703,25.00515727907421,1612819058.4497082,31278279.53555407,0.6988733088924282
190886757.06201142,56174800.0,charging,56174800.0,0.0,0.0,0.0,0.0,134711957.06201142,0.9999999999999949,12,234,774.3886771357901,31.87,56795168.64241537,234.735144051266,665.7512894240964,1445.0192143513113,11210.616829520519,2545018854.498556,2320470146.564832,365.9466596350812,1175423682.6366642,25719029.20149738,1149704653.4351668,0.3312510815453475,25.351795875970996,1606597260.2833505,30773946.281291213,0.7021649390350249
204970708.81811562,56174800.0,charging,56174800.0,0.0,0.0,0.0,0.0,148795908.81811562,0.9999999999999949,13,234,799.5025129027582,32.37,56795168.642416954,234.735144051266,665.7512894240964,1445.0192142054748,11210.616829729071,2545018854.5459013,2320470146.607048,365.946659635013,1175423682.594098,25719029.201146506,1149704653.3929515,0.33125108153318433,25.35179587532022,1603634499.2517514,30731291.336762007,0.7034561418340494
218012922.9707142,56174800.0,charging,56174800.0,0.0,0.0,0.0,0.0,161838122.9707142,0.9999999999999949,14,234,792.9984383754448,32.42,56795168.642416954,234.735144051266,665.7512894240964,1445.0192143042395,11210.616829206143,2545018854.4271874,2320470146.5011997,365.9466596351842,1175423682.6178613,25719029.119060837,1149704653.4988005,0.3312510815636814,25.351795876950142,1603338223.1485915,30727025.842308998,0.7035855234108848
221812576.2983037,56174800.0,charging,56174800.0,0.0,0.0,0.0,0.0,165637776.2983037,0.9999999999999949,15,234,751.1346837734047,32.06,56795168.642416954,234.735144051266,665.7512894240964,1445.019214351319,11210.61682960656,2545018854.5180893,2320470146.5822525,365.9466596350531,1175423682.6193151,25719029.20156786,1149704653.4177473,0.33125108154032845,25.351795875701995,1605471411.0913424,30757737.40237065,0.7026550373315054
219339826.45090282,56174800.0,charging,56174800.0,0.0,0.0,0.0,0.0,163165026.45090282,0.9999999999999949,16,234,709.43923060597,31.17,56795168.642416954,234.735144051266,665.7512894240964,1445.0192142054843,11210.616829729184,2545018854.545927,2320470146.6070714,365.946659635013,1175423682.5941064,25719029.201177634,1149704653.3929288,0.3312510815331778,25.351795875319873,1610745125.727589,30833663.203634176,0.7003651979089368
176671478.76318336,56174800.0,charging,56174800.0,0.0,0.0,0.0,0.0,120496678.76318336,0.9999999999999949,17,234,577.805123496345,29.96,56795168.642416954,234.735144051266,665.7512894240964,1445.0192141937184,11210.61682962636,2545018854.5225844,2320470146.586257,365.9466596350467,1175423682.615555,25719029.201812085,1149704653.413743,0.33125108153917476,25.351795875640402,1617915007.4240587,30936888.16939695,0.6972758781345494
92935775.54861636,56174800.0,charging,56174800.0,0.0,0.0,0.0,0.0,36760975.548616365,0.9999999999999949,18,234,338.58818241850145,28.33,56795168.642416954,234.735144051266,665.7512894240964,1445.019214346377,11210.616829610664,2545018854.519021,2320470146.5830793,365.9466596350517,1175423682.6184623,25719029.20154151,1149704653.416921,0.33125108154009036,25.35179587568935,1627573608.3870711,31075943.288564987,0.6931570639834328
0.0,56174800.0,discharging,56174800.0,0.0,56174800.0,0.0,398.0557322808837,0.0,0.9497192759224096,19,234,0.0,26.87,56885355.587191865,1.0,654.15,1445.0192143110783,11210.61682922708,2545018854.43194,2320551602.8951697,365.9524865066169,1175432413.1679525,25809216.063122783,1149623197.1048298,0.33121900590990294,25.31032427448333,1636224870.59934,30795400.097977914,0.6896276052023892
0.0,56174800.0,discharging,56174800.0,0.0,56174800.0,0.0,398.0557322808837,0.0,0.8994385518448241,20,234,0.0,25.54,56885355.58719191,1.0,654.15,1445.0192142956244,11210.616829299395,2545018854.448357,2320551602.9098096,365.9524865065931,1175432413.1540618,25809216.063870896,1149623197.090191,0.3312190059056853,25.31032427425821,1644105814.9433935,30911057.8567962,0.6863352935474147
0.0,56174800.0,discharging,56174800.0,0.0,56174800.0,0.0,398.0557322808837,0.0,0.8491578277672388,21,234,0.0,24.43,56885355.58719191,1.0,654.15,1445.0192141640066,11210.616829436809,2545018854.4795527,2320551602.9376216,365.9524865065481,1175432413.1251812,25809216.06280314,1149623197.0623782,0.33121900589767217,25.310324273830663,1650683144.4335434,31007584.25701295,0.6836115448870489
0.0,56174800.0,discharging,56174800.0,0.0,56174800.0,0.0,398.0557322808837,0.0,0.7988771036896535,22,234,0.0,23.17,56885355.58719191,1.0,654.15,1445.019214311081,11210.6168292271,2545018854.431945,2320551602.895174,365.95248650661676,1175432413.1679537,25809216.063127864,1149623197.104826,0.33121900590990183,25.310324274483246,1658149302.2331727,31117154.765367087,0.6805458027903172
0.0,56174800.0,discharging,56174800.0,0.0,56174800.0,0.0,398.0557322808837,0.0,0.748596379612068,23,234,0.0,21.69,56885355.58719191,1.0,654.15,1445.019214300549,11210.616829295239,2545018854.4474134,2320551602.9089665,365.9524865065946,1175432413.1549149,25809216.06388025,1149623197.0910347,0.3312190059059284,25.31032427427122,1666919074.8867059,31245856.632322747,0.6769797065958034
0.0,56174800.0,discharging,56174800.0,0.0,56174800.0,0.0,398.0557322808837,0.0,0.6983156555344827,0,235,0.0,20.98,56885355.58719191,1.0,654.15,1445.0192141603143,11210.616829353843,2545018854.4607177,2320551602.9208264,365.95248650657527,1175432413.1418912,25809216.06271746,1149623197.0791738,0.3312190059025112,25.310324274088924,1671126195.5515761,31307598.7441731,0.6752821759830854
0.0,56174800.0,discharging,56174800.0,0.0,56174800.0,0.0,398.0557322808837,0.0,0.6480349314568974,1,235,0.0,20.37,56885355.58719191,1.0,654.15,1445.019214307386,11210.616829316186,2545018854.452169,2320551602.913203,365.95248650658766,1175432413.1499665,25809216.063169483,1149623197.086797,0.3312190059047075,25.310324274206142,1674740764.010127,31360644.78393185,0.6738305186087368
0.0,56174800.0,discharging,56174800.0,0.0,56174800.0,0.0,398.0557322808837,0.0,0.597754207379312,2,235,0.0,19.77,56885355.58719191,1.0,654.15,1445.0192142023222,11210.616829705037,2545018854.5404453,2320551602.991915,365.9524865064602,1175432413.1547313,25809216.146645393,1149623197.008086,0.33121900588203,25.31032427299596,1678296077.248046,31412821.216481447,0.6724087346334521
0.0,56174800.0,discharging,56174800.0,0.0,56174800.0,0.0,398.0557322808837,0.0,0.5474734833017266,3,235,0.0,19.21,56885355.58719191,1.0,654.15,1445.0192143110683,11210.616829227025,2545018854.4319277,2320551602.895159,365.9524865066169,1175432413.1679468,25809216.06310557,1149623197.1048412,0.33121900590990627,25.310324274483488,1681614369.603437,31461519.220194396,0.6710871389908402
0.0,56174800.0,discharging,56174800.0,0.0,56174800.0,0.0,398.0557322808837,0.0,0.49719275922414136,4,235,0.0,18.69,56885355.58719191,1.0,654.15,1445.0192143513107,11210.616829606499,2545018854.5180755,2320551602.971968,365.9524865064924,1175432413.1743567,25809216.14632622,1149623197.0280304,0.3312190058877762,25.310324273302605,1684695641.0763,31506738.795070704,0.6698645862000231
0.0,56174800.0,discharging,56174800.0,0.0,56174800.0,0.0,398.0557322808837,0.0,0.4469120351465561,5,235,0.0,18.25,56885355.58719191,1.0,654.15,1445.0192141583952,11210.616829328665,2545018854.455002,2320551602.915731,365.95248650658357,1175432413.1476855,25809216.06341639,1149623197.084269,0.3312190059039792,25.310324274167233,1687302870.784107,31545001.512273744,0.6688335923227298
67473864.344128,56174800.0,charging,56174800.0,11299064.344127998,0.0,80.06539109334956,0.0,0.0,0.45702555823203184,6,235,267.4255478091548,17.87,56919420.979849555,281.95004283975135,665.7538443782194,1445.019214205481,11210.616829729159,2545018854.5459213,2320582370.7512555,365.95468744952717,1175435710.7873464,25843281.53860202,1149592429.2487442,0.33120689068725523,25.294693821387956,1689554569.168122,32038318.101613224,0.6677492906420383
166364956.6126721,56174800.0,charging,56174800.0,110190156.61267209,0.0,780.8096064534711,0.0,0.0,0.5556541400998387,7,235,557.2604284314634,19.82,58006895.92399035,695.1818618946254,665.7612423168362,1445.0192143024506,11210.616829320288,2545018854.4531,2321564593.334595,366.0249538268406,1175540963.0653474,26930756.39986309,1148610206.6654844,0.3308202549983155,24.805367240229973,1677999801.144886,32480807.56277592,0.6715131412879953
201115181.93058202,56174800.0,charging,56174800.0,144940381.930582,0.0,1027.050383204725,0.0,2.9802322387695312e-08,0.6853868200835934,8,235,676.9170913705867,23.79,58389033.47004179,840.39108641903,665.7637767669412,1445.0192143005513,11210.616829209192,2545018854.4278793,2321909753.9473367,366.04964780352344,1175577939.999324,27312893.94666147,1148265046.0526626,0.3306844466402354,24.637745937234293,1654475478.5539901,32346704.037835985,0.680726787863518
203581923.17133138,56174800.0,charging,56174800.0,147407123.17133138,0.0,1044.529759916951,0.0,0.0,0.8173274213362609,9,235,723.9529873996906,26.43,58416159.46522786,850.6987485822153,665.7639554190687,1445.019214311084,11210.616829313145,2545018854.4514785,2321934255.331742,366.05140075119743,1175580564.6094918,27340019.94123326,1148240544.6682587,0.33067480737824184,24.62593071120866,1638832100.3071475,32130096.799703564,0.687173262600646
202118789.30775934,56174800.0,charging,56174800.0,145943989.30775934,0.0,1034.161964722502,0.0,0.0,0.9479584063538402,10,235,769.4449120443181,28.66,58400069.83187525,844.5848160318216,665.7638494725,1445.0192142005685,11210.616829647364,2545018854.5273523,2321919722.5491047,366.05036099911786,1175579007.841472,27323930.39057529,1148255077.4508967,0.33068052481248,24.63293752139481,1625618186.1062157,31925629.848503463,0.6927449316261483
189389009.51567882,56174800.0,charging,56174800.0,58142084.633527085,0.0,411.9959496987215,0.0,75072124.88215174,0.9999999999999946,11,235,763.8247392109937,30.45,57434539.27508047,477.69089310407753,665.7573834393805,1445.0192143395257,11210.616829589604,2545018854.5142403,2321047628.281375,365.98797014596306,1175485571.5535076,26358399.834945217,1149127171.7185624,0.33102371907566713,25.06059850999131,1615011501.6130915,31243126.971348748,0.6980251728778183
193124853.36994016,56174800.0,charging,56174800.0,0.0,0.0,0.0,0.0,136950053.36994016,0.9999999999999946,12,235,787.7094514294117,31.69,56795168.64241674,234.7351440512641,665.7512894240964,1445.0192143110712,11210.61682931309,2545018854.451466,2320470146.5228453,365.9466596351491,1175423682.5955603,25719029.11840577,1149704653.4771545,0.33125108155744476,25.351795876616965,1607663854.2547262,30789302.061322782,0.7017012656389809
203363318.6293969,56174800.0,charging,56174800.0,0.0,0.0,0.0,0.0,147188518.6293969,0.9999999999999946,13,235,798.5843709685672,32.38,56795168.642416954,234.735144051266,665.7512894240964,1445.0192141603052,11210.61682935378,2545018854.4607034,2320470146.531083,365.94665963513575,1175423682.5868406,25719029.11792356,1149704653.4689171,0.33125108155507144,25.35179587649001,1603575244.0311193,30730438.2378714,0.7034820143761129
225734313.8056222,56174800.0,charging,56174800.0,0.0,0.0,0.0,0.0,169559513.8056222,0.9999999999999946,14,235,823.435808745144,32.59,56795168.642416954,234.735144051266,665.7512894240964,1445.0192143395386,11210.616829589728,2545018854.514268,2320470146.5788436,365.9466596350587,1175423682.6234107,25719029.20225493,1149704653.4211557,0.3312510815413105,25.351795875754522,1602330884.3978474,30712523.16116877,0.7040257767181285
230419039.76314706,56174800.0,charging,56174800.0,0.0,0.0,0.0,0.0,174244239.76314706,0.9999999999999946,15,235,781.2401627605892,32.34,56795168.642416954,234.735144051266,665.7512894240964,1445.0192141652485,11210.61682934968,2545018854.4597726,2320470147.9166985,365.9466596351373,1175423681.2012525,25719029.117951665,1149704652.0833008,0.33125108115584984,25.351795827680107,1603812264.913647,30733850.6334338,0.7033785349632035
219694774.88891557,56174800.0,charging,56174800.0,0.0,0.0,0.0,0.0,163519974.88891557,0.9999999999999946,16,235,710.8431502906145,31.74,56795168.642416954,234.735144051266,665.7512894240964,1445.0192143463785,11210.616829610675,2545018854.5190234,2320470146.5830817,365.9466596350517,1175423682.6184618,25719029.201543722,1149704653.416918,0.33125108154008953,25.351795875689305,1607367578.1515658,30785036.566869892,0.7018300023374369
178063659.17146933,56174800.0,charging,56174800.0,0.0,0.0,0.0,0.0,121888859.17146933,0.9999999999999946,17,235,581.8526358046223,30.68,56795168.642416954,234.735144051266,665.7512894240964,1445.0192143407835,11210.616829588605,2545018854.5140133,2320470146.578617,365.94665963505906,1175423682.6236212,25719029.202239152,1149704653.4213822,0.3312510815413757,25.351795875757986,1613648631.5385559,30875465.049273644,0.699110858762646
87019822.4389763,56174800.0,charging,56174800.0,0.0,0.0,0.0,0.0,30845022.438976303,0.9999999999999946,18,235,320.1291085650519,29.21,56795168.642416954,234.735144051266,665.7512894240964,1445.019214204228,11210.616829644137,2545018854.52662,2320470146.5898566,365.94665963504076,1175423682.6112344,25719029.201089136,1149704653.4101453,0.33125108153813815,25.351795875584983,1622359148.9714572,31000870.586192057,0.6953746551327307
0.0,56174800.0,discharging,56174800.0,0.0,56174800.0,0.0,398.0557322808837,0.0,0.9497192759224091,19,235,0.0,27.41,56885355.587191865,1.0,654.15,1445.0192142054702,11210.616829729073,2545018854.545902,2320551602.996779,365.95248650645226,1175432413.1491423,25809216.145921428,1149623197.0032208,0.3312190058806283,25.310324272921207,1633025088.6852133,30748441.308683284,0.6909733664337345
0.0,56174800.0,discharging,56174800.0,0.0,56174800.0,0.0,398.0557322808837,0.0,0.8994385518448238,20,235,0.0,26.07,56885355.58719191,1.0,654.15,1445.0192143358545,11210.616829506767,2545018854.4954348,2320551602.9517803,365.95248650652513,1175432413.1951666,25809216.146947037,1149623197.0482194,0.3312190058935929,25.31032427361302,1640965288.249899,30864968.67471073,0.6876434926850717
0.0,56174800.0,discharging,56174800.0,0.0,56174800.0,0.0,398.0557322808837,0.0,0.8491578277672384,21,235,0.0,24.7,56885355.58719191,1.0,654.15,1445.0192143513166,11210.616829606564,2545018854.5180902,2320551602.971982,365.9524865064924,1175432413.1743608,25809216.146343444,1149623197.0280173,0.3312190058877724,25.310324273302406,1649083253.47648,30984104.862365637,0.6842720866648458
0.0,56174800.0,discharging,56174800.0,0.0,56174800.0,0.0,398.0557322808837,0.0,0.798877103689653,22,235,0.0,23.06,56885355.58719191,1.0,654.15,1445.0192143476281,11210.616829609606,2545018854.5187807,2320551602.972597,365.9524865064914,1175432413.1737216,25809216.14631766,1149623197.0274038,0.3312190058875957,25.310324273292984,1658801109.6601245,31126720.44466785,0.6802794631508706
0.0,56174800.0,discharging,56174800.0,0.0,56174800.0,0.0,398.0557322808837,0.0,0.7485963796120677,23,235,0.0,22.16,56885355.58719191,1.0,654.15,1445.0192141571652,11210.6168293298,2545018854.4552593,2320551602.915963,365.9524865065833,1175432413.1474755,25809216.06343768,1149623197.0840378,0.33121900590391257,25.310324274163623,1664134079.5170026,31204985.09349223,0.6781081266172347
0.0,56174800.0,discharging,56174800.0,0.0,56174800.0,0.0,398.0557322808837,0.0,0.6983156555344823,0,236,0.0,21.34,56885355.58719191,1.0,654.15,1445.0192143061547,11210.61682931732,2545018854.4524264,2320551602.913434,365.9524865065872,1175432413.1497574,25809216.063192092,1149623197.0865653,0.33121900590464076,25.31032427420254,1668993007.6088252,31276292.884643346,0.6761418304458656
0.0,56174800.0,discharging,56174800.0,0.0,56174800.0,0.0,398.0557322808837,0.0,0.648034931456897,1,236,0.0,20.89,56885355.58719191,1.0,654.15,1445.0192143476158,11210.616829523518,2545018854.4992375,2320551602.9551735,365.95248650651956,1175432413.1910622,25809216.14623569,1149623197.0448265,0.3312190058926154,25.31032427356081,1671659492.5372643,31315425.20905554,0.6750676037943136
0.0,56174800.0,discharging,56174800.0,0.0,56174800.0,0.0,398.0557322808837,0.0,0.5977542073793116,2,236,0.0,20.36,56885355.58719191,1.0,654.15,1445.0192141986324,11210.616829708142,2545018854.5411506,2320551602.992542,365.9524865064591,1175432413.154094,25809216.146635283,1149623197.0074587,0.33121900588184927,25.310324272986364,1674800019.230759,31361514.391141005,0.67380677289506
0.0,56174800.0,discharging,56174800.0,0.0,56174800.0,0.0,398.0557322808837,0.0,0.5474734833017263,3,236,0.0,19.84,56885355.58719191,1.0,654.15,1445.0192143073928,11210.616829316232,2545018854.4521794,2320551602.9132123,365.9524865065876,1175432413.1499717,25809216.063182946,1149623197.086789,0.33121900590470515,25.31032427420601,1677881290.703622,31406733.966017324,0.6725743002318062
0.0,56174800.0,discharging,56174800.0,0.0,56174800.0,0.0,398.0557322808837,0.0,0.49719275922414097,4,236,0.0,19.32,56885355.58719191,1.0,654.15,1445.0192141652515,11210.6168293497,2545018854.4597774,2320551602.919992,365.95248650657675,1175432413.142739,25809216.062731896,1149623197.080007,0.3312190059027513,25.310324274101653,1680962562.176485,31451953.540893633,0.6713463279645219
0.0,56174800.0,discharging,56174800.0,0.0,56174800.0,0.0,398.0557322808837,0.0,0.4469120351465557,5,236,0.0,18.78,56885355.58719191,1.0,654.15,1445.0192143358524,11210.61682959279,2545018854.514963,2320551602.9691954,365.95248650649694,1175432413.1778152,25809216.14700936,1149623197.0308058,0.33121900588857583,25.310324273345252,1684162344.0906122,31498912.33018827,0.6700758630110591
56951456.672036424,56174800.0,charging,56174800.0,776656.6720364243,0.0,5.503404379157434,0.0,0.0,0.4476072020155019,6,236,235.06808764107137,18.31,56803709.29710694,237.98052482322862,665.753040600842,1445.019214351313,11210.616829520475,2545018854.4985466,2320477860.4299703,365.9472114335948,1175424509.4262087,25727569.856177825,1149696939.570031,0.3312480439301083,25.347862893200254,1686947339.4603148,31935615.42134635,0.6688628427577743
161644668.08196712,56174800.0,charging,56174800.0,105469868.08196712,0.0,747.3615495370811,0.0,0.0,0.5420107661675542,7,236,542.1112263715934,21.56,57954988.36192964,675.4574016701373,665.7608954821326,1445.0192142005574,11210.61682973336,2545018854.5468755,2321517708.9519877,366.02159962430517,1175535939.9686985,26878848.92063882,1148657091.0480597,0.3308387046774465,24.828306550102337,1667689392.7549217,32300260.461794708,0.6756847542422235
204174115.41011724,56174800.0,charging,56174800.0,147999315.41011724,0.0,1048.726045711666,0.0,0.0,0.6744814245732383,8,236,686.1047987963738,25.51,58422671.621246934,853.1733160124055,665.7639982836068,1445.019214197387,11210.616829709192,2545018854.5413885,2321940137.4741535,366.0518215833587,1175581194.7065344,27346532.18068802,1148234662.5258465,0.3306724932739092,24.623095853834055,1644283580.6052895,32214412.911876526,0.6849007078839009
206851683.8081605,56174800.0,charging,56174800.0,150676883.8081605,0.0,1067.6993477868896,0.0,0.0,0.8093487106094771,9,236,735.3790073772941,28.09,58452116.01787391,864.3619522624999,665.76419197477,1445.019214347627,11210.61682952359,2545018854.4992533,2321966732.911121,366.0537243607679,1175584043.6658168,27375976.576941054,1148208067.0888758,0.3306620303826144,24.610286074289586,1628995733.682239,32004139.930431206,0.6912752284511174
204980443.1509649,56174800.0,charging,56174800.0,148805643.1509649,0.0,1054.4396998651566,0.0,0.0,0.9425410937503389,10,236,781.8499459974581,30.0,58431538.55956041,856.5426819629813,665.7640566325722,1445.0192143513113,11210.616829606508,2545018854.5180774,2321948146.4593787,366.052394588377,1175582052.6593187,27355399.118696734,1148226653.540622,0.33066934244495755,24.619236935634913,1617677986.5415306,31825234.512559813,0.6961045234012122
196151648.35382563,56174800.0,charging,56174800.0,64194432.876753785,0.0,454.88300780976994,0.0,75782415.47707185,0.9999999999999941,11,236,792.4139400616567,31.54,57501095.088371776,502.9815721402689,665.7578360960061,1445.0192143358506,11210.616829506705,2545018854.4954205,2321107742.4209967,365.9922706027105,1175492013.2271132,26424955.64811109,1149067057.5790021,0.3310000562018406,25.030658193245547,1608552682.5642054,31185207.06936916,0.700762643129372
191353695.06464905,56174800.0,charging,56174800.0,0.0,0.0,0.0,0.0,135178895.06464905,0.9999999999999941,12,236,785.4683681706401,32.78,56795168.64241695,234.73514405126596,665.7512894240964,1445.0192141652512,11210.616829435745,2545018854.479311,2320470146.547677,365.9466596351089,1175423682.5703485,25719029.118025035,1149704653.4523234,0.3312510815502905,25.351795876234426,1601205035.2058403,30696314.282247346,0.7045184770592752
205656753.76039174,56174800.0,charging,56174800.0,0.0,0.0,0.0,0.0,149481953.76039174,0.9999999999999941,13,236,811.4789927831578,33.7,56795168.64241695,234.73514405126596,665.7512894240964,1445.0192143513104,11210.616829606519,2545018854.5180798,2320470146.582244,365.9466596350531,1175423682.6193104,25719029.201555282,1149704653.4177551,0.3312510815403307,25.35179587570212,1595753554.907698,30617829.18431201,0.7069139709806355
219347959.97733396,56174800.0,charging,56174800.0,0.0,0.0,0.0,0.0,163173159.97733396,0.9999999999999941,14,236,805.5260770360107,34.33,56795168.64241695,234.73514405126596,665.7512894240964,1445.0192143005513,11210.616829209213,2545018854.427884,2320470146.501821,365.9466596351832,1175423682.6172204,25719029.119041897,1149704653.4981785,0.33125108156350214,25.351795876940578,1592020476.0078835,30564083.95420412,0.7085637826635315
224036051.64747053,56174800.0,charging,56174800.0,0.0,0.0,0.0,0.0,167861251.64747053,0.9999999999999941,15,236,763.1440023811776,34.51,56795168.64241695,234.73514405126596,665.7512894240964,1445.0192141603059,11210.616829439827,2545018854.4802375,2320470146.5484996,365.9466596351076,1175423682.5694952,25719029.117993604,1149704653.4515016,0.33125108155005367,25.351795876221853,1590953882.0365078,30548728.17417329,0.7090365727515671
222539365.44729838,56174800.0,charging,56174800.0,0.0,0.0,0.0,0.0,166364565.44729838,0.9999999999999941,16,236,719.7563674115456,34.14,56795168.64241695,234.73514405126596,665.7512894240964,1445.0192143110742,11210.616829227078,2545018854.43194,2320470146.5054398,365.9466596351773,1175423682.6129065,25719029.118347198,1149704653.4945593,0.3312510815624594,25.35179587688479,1593146325.1998909,30580292.83312555,0.7080654099809686
176818919.00647068,56174800.0,charging,56174800.0,0.0,0.0,0.0,0.0,120644119.00647068,0.9999999999999941,17,236,577.3251001254671,33.51,56795168.64241695,234.73514405126596,665.7512894240964,1445.0192141584116,11210.616829414781,2545018854.4745517,2320470146.5434327,365.9466596351158,1175423682.5752974,25719029.118730947,1149704653.4565663,0.33125108155151295,25.351795876299775,1596879404.0997057,30634038.063233435,0.7064179156201791
88592329.9324341,56174800.0,charging,56174800.0,0.0,0.0,0.0,0.0,32417529.932434097,0.9999999999999941,18,236,323.433857947968,32.4,56795168.64241695,234.73514405126596,665.7512894240964,1445.0192143476295,11210.616829609651,2545018854.5187907,2320470146.582875,365.94665963505213,1175423682.6186805,25719029.201555096,1149704653.4171255,0.3312510815401493,25.351795875692495,1603456733.5898554,30728732.040090196,0.7035337650454121
0.0,56174800.0,discharging,56174800.0,0.0,56174800.0,0.0,398.0557322808837,0.0,0.9497192759224088,19,236,0.0,30.85,56885355.587191865,1.0,654.15,1445.0192143513093,11210.61682952045,2545018854.498541,2320551602.9545503,365.9524865065207,1175432413.1917038,25809216.14625551,1149623197.0454483,0.3312190058927945,25.310324273570423,1612641292.7878122,30449296.4287323,0.6996712199499661
0.0,56174800.0,discharging,56174800.0,0.0,56174800.0,0.0,398.0557322808837,0.0,0.8994385518448234,20,236,0.0,29.04,56885355.58719191,1.0,654.15,1445.0192141534835,11210.616829418988,2545018854.4755073,2320551604.3233314,365.952486506554,1175432411.7401786,25809216.063510425,1149623195.6766682,0.33121900549843397,25.31032422503992,1623366487.7222004,30606695.333590254,0.6950676150339312
0.0,56174800.0,discharging,56174800.0,0.0,56174800.0,0.0,398.0557322808837,0.0,0.849157827767238,21,236,0.0,28.48,56885355.58719191,1.0,654.15,1445.0192142091566,11210.616829639957,2545018854.525671,2320551602.9787436,365.9524865064816,1175432413.1671245,25809216.145868994,1149623197.0212555,0.3312190058858243,25.3103242731984,1626684780.0775914,30655393.337303203,0.6936555424542054
0.0,56174800.0,discharging,56174800.0,0.0,56174800.0,0.0,398.0557322808837,0.0,0.7988771036896527,22,236,0.0,27.63,56885355.58719191,1.0,654.15,1445.019214346376,11210.616829610653,2545018854.5190187,2320551602.9728084,365.95248650649114,1175432413.1735048,25809216.146313347,1149623197.0271914,0.3312190058875345,25.310324273289737,1631721473.8313098,30729309.950081795,0.6915231465753661
0.0,56174800.0,discharging,56174800.0,0.0,56174800.0,0.0,398.0557322808837,0.0,0.7485963796120673,23,236,0.0,26.57,56885355.58719191,1.0,654.15,1445.0192143395375,11210.616829589691,2545018854.51426,2320551602.96857,365.9524865064981,1175432413.1784494,25809216.147021234,1149623197.031428,0.33121900588875514,25.31032427335477,1638002527.2182999,30821488.31425274,0.6888822226497993
0.0,56174800.0,discharging,56174800.0,0.0,56174800.0,0.0,398.0557322808837,0.0,0.6983156555344819,0,237,0.0,25.63,56885355.58719191,1.0,654.15,1445.0192143110683,11210.61682922699,2545018854.43192,2320551602.895152,365.9524865066169,1175432413.1679454,25809216.063096736,1149623197.1048486,0.3312190059099084,25.310324274483605,1643572517.9577057,30903231.391913768,0.6865570896152853
0.0,56174800.0,discharging,56174800.0,0.0,56174800.0,0.0,398.0557322808837,0.0,0.6480349314568966,1,237,0.0,24.6,56885355.58719191,1.0,654.15,1445.0192142042522,11210.616829730307,2545018854.546182,2320551602.9970317,365.95248650645186,1175432413.1489396,25809216.14597119,1149623197.0029683,0.33121900588055553,25.310324272917256,1649675805.6827996,30992800.934457228,0.6840272927551476
0.0,56174800.0,discharging,56174800.0,0.0,56174800.0,0.0,398.0557322808837,0.0,0.5977542073793112,2,237,0.0,24.28,56885355.58719191,1.0,654.15,1445.0192142956219,11210.61682921335,2545018854.4288235,2320551602.8923945,365.9524865066214,1175432413.1714065,25809216.063802827,1149623197.1076038,0.3312190059107022,25.310324274525886,1651571972.7430232,31020628.36515035,0.6832451279950058
0.0,56174800.0,discharging,56174800.0,0.0,56174800.0,0.0,398.0557322808837,0.0,0.5474734833017258,3,237,0.0,24.43,56885355.58719191,1.0,654.15,1445.019214346379,11210.616829610684,2545018854.519026,2320551602.9728146,365.95248650649114,1175432413.1735063,25809216.14632217,1149623197.027184,0.33121900588753234,25.31032427328962,1650683144.4335434,31007584.25701295,0.6836115448661211
0.0,56174800.0,discharging,56174800.0,0.0,56174800.0,0.0,398.0557322808837,0.0,0.4971927592241406,4,237,0.0,24.6,56885355.58719191,1.0,654.15,1445.01921420917,11210.616829726101,2545018854.5452275,2320551602.9961786,365.9524865064533,1175432413.1497874,25809216.14596664,1149623197.003821,0.33121900588080117,25.310324272930398,1649675805.6827996,30992800.934457228,0.6840272927556549
0.0,56174800.0,discharging,56174800.0,0.0,56174800.0,0.0,398.0557322808837,0.0,0.4469120351465553,5,237,0.0,24.4,56885355.58719191,1.0,654.15,1445.01921434446,11210.61682949947,2545018854.4937778,2320551602.950305,365.95248650652763,1175432413.1966484,25809216.14695458,1149623197.0496938,0.3312190058940177,25.31032427363564,1650860910.0954394,31010193.078640427,0.6835382300582303
39671198.7209009,56174800.0,direct_plus_discharge,56174800.0,0.0,16503601.2790991,0.0,116.9448416803179,0.0,0.43214005514483095,6,237,180.9164900308863,24.21,56819033.04172433,165.77227771949472,662.277553846153,1445.0192141689402,11210.616829432682,2545018854.4786158,2320491700.726764,365.9482014787028,1175425992.7905898,25742893.517352898,1149683099.273237,0.33124259384554783,25.340809252455465,1651986759.287447,31307512.12852724,0.6829959079621488
144820868.68771267,56174800.0,charging,56174800.0,88646068.68771267,0.0,628.1477777456971,0.0,0.0,0.511485037596919,7,237,490.0059543930489,25.22,57769982.21132474,605.156537683084,665.7596542627851,1445.0192143426984,11210.616829527762,2545018854.5002007,2321350606.4820423,366.00964494676896,1175518036.288341,26693842.770381726,1148824193.5179594,0.33090446642614907,24.910400883209924,1646001982.0036168,31879513.35814708,0.684687325471853
197524203.47408423,56174800.0,charging,56174800.0,141349403.47408423,0.0,1001.6046395775808,0.0,0.0,0.6380035183856662,8,237,664.8830487569558,28.16,58349544.58376802,825.3856240894625,665.7635163969026,1445.0192143005534,11210.616829295222,2545018854.44741,2321874085.9478064,366.047095947161,1175574119.1126475,27273405.06045373,1148300714.0521939,0.3306984793173641,24.654965682253923,1628580947.1378148,31941817.447134346,0.6915296426780478
205552184.11169818,56174800.0,charging,56174800.0,149377384.11169818,0.0,1058.4910675033086,0.0,0.0,0.7717076532281893,9,237,731.7884191666603,30.26,58437825.8191614,858.9317905450827,665.7640979952516,1445.0192142042415,11210.616829730263,2545018854.546172,2321953825.4134083,366.0528008880783,1175582660.964519,27361686.377926536,1148220974.5865924,0.3306671082917727,24.61650141028267,1616137350.805099,31805838.925932717,0.6967600471555083
207897559.04248536,56174800.0,charging,56174800.0,151722759.04248536,0.0,1075.1104401677012,0.0,0.0,0.9075110772493726,10,237,794.3374078886035,31.87,58463617.18634226,868.7323046943536,665.7642675789871,1445.0192142091687,11210.61682964005,2545018854.525692,2321977121.303309,366.05446759969993,1175585156.441736,27387477.745045193,1148197678.6966908,0.33065794354587047,24.605285996469608,1606597260.2833505,31678502.119976167,0.7008573922941407
203224905.33420593,56174800.0,charging,56174800.0,103330785.96311857,0.0,732.2039717757503,0.0,43719319.37108736,0.9999999999999937,11,237,822.4160734238087,33.19,57931465.53334402,666.5189141400454,665.7607381040086,1445.0192143395327,11210.616829589673,2545018854.5142555,2321496462.426174,366.0200796160144,1175533663.6669908,26855326.09316589,1148678337.573825,0.3308470656684952,24.838715439015413,1598775571.159929,31275154.736127682,0.7046887065078198
194021387.77932423,56174800.0,charging,56174800.0,0.0,0.0,0.0,0.0,137846587.77932423,0.9999999999999937,12,237,800.0698495007701,34.1,56795168.64241698,234.73514405126596,665.7512894240964,1445.0192143513104,11210.616829520475,2545018854.4985466,2320470146.564824,365.94665963508135,1175423682.6366613,25719029.20148699,1149704653.4351742,0.3312510815453495,25.35179587597039,1593383346.0824187,30583705.228687968,0.7079605786995262
168013884.1734713,56174800.0,charging,56174800.0,0.0,0.0,0.0,0.0,111839084.1734713,0.9999999999999937,13,237,678.8566215031735,34.33,56795168.64241695,234.73514405126596,665.7512894240964,1445.0192143513218,11210.616829606593,2545018854.518097,2320470146.5822597,365.9466596350531,1175423682.619318,25719029.201574713,1149704653.4177432,0.3312510815403273,25.351795875701942,1592020476.0078835,30564083.95420412,0.7085637826139591
128297113.87041348,56174800.0,charging,56174800.0,0.0,0.0,0.0,0.0,72122313.87041348,0.9999999999999937,14,237,499.00704567382553,34.18,56795168.64241695,234.73514405126596,665.7512894240964,1445.0192141937146,11210.616829712335,2545018854.5421023,2320470146.60366,365.9466596350186,1175423682.5982032,25719029.201862924,1149704653.3963404,0.3312510815341607,25.351795875372428,1592909304.3173628,30576880.43756314,0.7081702722157099
99192653.06047145,56174800.0,charging,56174800.0,0.0,0.0,0.0,0.0,43017853.060471445,0.9999999999999937,15,237,371.0325803727491,34.34,56795168.64241695,234.73514405126596,665.7512894240964,1445.0192143427055,11210.616829527802,2545018854.50021,2320470146.5663114,365.946659635079,1175423682.6351736,25719029.201486953,1149704653.4336865,0.33125108154492083,25.351795875947417,1591961220.787251,30563230.855313513,0.7085900321993802
0.0,56174800.0,discharging,56174800.0,0.0,56174800.0,0.0,398.0557322808837,0.0,0.9497192759224083,16,237,0.0,33.03,56885355.587191865,1.0,654.15,1445.0192143073814,11210.61682931614,2545018854.452159,2320551602.913193,365.95248650658766,1175432413.149964,25809216.063158445,1149623197.0868056,0.33121900590471,25.310324274206295,1599723654.6900408,30259722.05713545,0.7052974978070108
4838460.318954952,56174800.0,direct_plus_discharge,56174800.00000001,0.0,51336339.681045055,0.0,363.7703077600379,0.0,0.9037693423106141,17,237,72.68654097338307,31.9,56874955.95118976,20.218259432276128,655.0254832222439,1445.0192141973807,11210.616829623124,2545018854.5218496,2320542210.0642376,365.9518145947246,1175431406.4463162,25798816.5105542,1149632589.935762,0.3312227045127606,25.315099737973203,1606419494.6214545,30387886.734336335,0.702362784424582
94913110.76327711,56174800.0,charging,56174800.0,38738310.76327711,0.0,274.5004282739006,0.0,0.0,0.9384430806188963,18,237,342.5472571687302,30.79,57221161.93831404,396.6092042583439,665.755925154833,1445.0192143024542,11210.616829320328,2545018854.4531093,2320854903.7021174,365.9741831811316,1175464918.7121613,26145022.414277047,1149319896.2978842,0.33109958792026645,25.157056452146634,1612996824.111604,31097774.51898855,0.6990594685094041
0.0,56174800.0,discharging,56174800.0,0.0,56174800.0,0.0,398.0557322808837,0.0,0.8881623565413109,19,237,0.0,30.2,56885355.58716863,1.0,654.15,1445.0192141603122,11210.616829439823,2545018854.480237,2320551602.9382124,365.9524865065456,1175432413.1245337,25809216.062769976,1149623197.0617638,0.3312190058974974,25.3103242738315,1616492882.128891,30505820.897315223,0.6980109911133741
0.0,56174800.0,discharging,56174800.0,0.0,56174800.0,0.0,398.0557322808837,0.0,0.8378816324637255,20,237,0.0,28.74,56885355.58719191,1.0,654.15,1445.019214340783,11210.616829502602,2545018854.4944887,2320551602.9509373,365.95248650652655,1175432413.1960173,25809216.146955285,1149623197.049062,0.3312190058938356,25.310324273625984,1625144144.3411598,30632783.549865045,0.6943104337812857
0.0,56174800.0,discharging,56174800.0,0.0,56174800.0,0.0,398.0557322808837,0.0,0.7876009083861402,21,237,0.0,28.44,56885355.58719191,1.0,654.15,1445.0192143073953,11210.616829316199,2545018854.452172,2320551602.9132056,365.95248650658766,1175432413.1499698,25809216.063174997,1149623197.0867949,0.3312190059047069,25.31032427420611,1626921800.9601192,30658871.76613985,0.6935548996212562
0.0,56174800.0,discharging,56174800.0,0.0,56174800.0,0.0,398.0557322808837,0.0,0.7373201843085547,22,237,0.0,27.47,56885355.58719191,1.0,654.15,1445.0192142091541,11210.616829639946,2545018854.5256686,2320551602.978741,365.9524865064816,1175432413.167124,25809216.145865247,1149623197.0212588,0.33121900588582526,25.310324273198454,1632669557.3614213,30743223.665428348,0.6911232197648374
0.0,56174800.0,discharging,56174800.0,0.0,56174800.0,0.0,398.0557322808837,0.0,0.6870394602309694,23,237,0.0,26.03,56885355.58719191,1.0,654.15,1445.0192142023195,11210.616829705055,2545018854.5404496,2320551602.991919,365.9524865064602,1175432413.1547296,25809216.14664827,1149623197.0080814,0.3312190058820287,25.310324272995892,1641202309.1324267,30868447.103547372,0.6875445866872387
0.0,56174800.0,discharging,56174800.0,0.0,56174800.0,0.0,398.0557322808837,0.0,0.6367587361533841,0,238,0.0,24.42,56885355.58719191,1.0,654.15,1445.0192143463805,11210.616829610692,2545018854.519027,2320551602.972816,365.95248650649114,1175432413.1735075,25809216.146323718,1149623197.0271838,0.3312190058875323,25.31032427328962,1650742399.6541753,31008453.864222102,0.6835871048449612
0.0,56174800.0,discharging,56174800.0,0.0,56174800.0,0.0,398.0557322808837,0.0,0.5864780120757987,1,238,0.0,23.26,56885355.58719191,1.0,654.15,1445.019214351318,11210.616829520537,2545018854.4985604,2320551602.9545684,365.9524865065207,1175432413.1917105,25809216.146278035,1149623197.0454323,0.3312190058927899,25.310324273570163,1657616005.247485,31109328.300484646,0.6807638721390546
0.0,56174800.0,discharging,56174800.0,0.0,56174800.0,0.0,398.0557322808837,0.0,0.5361972879982134,2,238,0.0,22.63,56885355.58719191,1.0,654.15,1445.0192142993105,11210.616829296307,2545018854.447656,2320551602.9091797,365.95248650659414,1175432413.1547034,25809216.063884538,1149623197.090819,0.3312190059058663,25.31032427426796,1661349084.1472998,31164113.554661725,0.6792403147294445
0.0,56174800.0,discharging,56174800.0,0.0,56174800.0,0.0,398.0557322808837,0.0,0.48591656392062815,3,238,0.0,22.12,56885355.58719191,1.0,654.15,1445.0192141640027,11210.616829350745,2545018854.460015,2320551602.9202,365.9524865065763,1175432413.1425288,25809216.062727574,1149623197.079801,0.33121900590269193,25.31032427409855,1664371100.3995306,31208463.522328872,0.6780119444355259
0.0,56174800.0,discharging,56174800.0,0.0,56174800.0,0.0,398.0557322808837,0.0,0.4356358398430428,4,238,0.0,21.74,56885355.58719191,1.0,654.15,1445.019214346385,11210.616829610715,2545018854.5190325,2320551602.9728208,365.95248650649114,1175432413.1735084,25809216.14633013,1149623197.0271783,0.3312190058875307,25.310324273289535,1666622798.783546,31241508.596276943,0.6770995726986564
0.0,56174800.0,discharging,56174800.0,0.0,56174800.0,0.0,398.0557322808837,0.0,0.38535511576545756,5,238,0.0,21.23,56885355.58719191,1.0,654.15,1445.0192143042245,11210.61682929208,2545018854.4466963,2320551602.908328,365.95248650659556,1175432413.1555457,25809216.06387182,1149623197.0916739,0.3312190059061126,25.31032427428102,1669644815.0357766,31285858.563944098,0.6758789261285403
23833205.67341499,56174800.0,direct_plus_discharge,56174800.0,0.0,32341594.32658501,0.0,229.1731704038122,0.0,0.35640692581971284,6,238,134.41643620812755,20.58,56844460.461213395,99.59075896936913,658.8366613223328,1445.0192142005546,11210.616829647304,2545018854.527339,2320514666.679476,365.9498443121281,1175428454.3404212,25768321.019897178,1149660133.320524,0.33123355034116236,25.32911319942402,1673496404.3768559,31501421.20507929,0.6742883281555693
139262985.09366757,56174800.0,charging,56174800.0,83088185.09366755,0.0,588.7645058166553,0.0,1.4901161193847656e-08,0.43077717918602715,7,238,474.05960796639613,22.59,57708863.8738519,581.9320561349816,665.7592424735619,1445.0192143073855,11210.616829316179,2545018854.4521675,2321295402.97805,366.0056956840797,1175512121.3717785,26632724.349826768,1148879397.0219517,0.3309261928547755,24.937637096237992,1661586105.0298276,32073741.87593131,0.6783412850702596
195672150.01566744,56174800.0,charging,56174800.0,139497350.01566744,0.0,988.4809525219359,0.0,0.0,0.5556379310835349,8,238,659.8102924825314,27.51,58329178.121178865,817.6465304860653,665.7633819733304,1445.0192141620953,11210.616829325641,2545018854.4543157,2321855690.1301727,366.04577982805426,1175572148.467264,27253038.59743575,1148319109.8698282,0.33070571681546773,24.663855908938338,1632432536.4788935,31987611.178982347,0.6899214188711366
211879879.0132249,56174800.0,charging,56174800.0,155705079.0132249,0.0,1103.3292374242917,0.0,0.0,0.6950058347581822,9,238,754.1861092741051,30.36,58507409.53495576,885.3730484440381,665.7645551818773,1445.0192143061483,11210.616829317292,2545018854.45242,2322016676.478727,366.05729759931955,1175589393.5322206,27431270.01094757,1148158123.5212731,0.33064238261050577,24.586265476732272,1615544798.5987792,31834941.42330733,0.6969602063370524
205537250.73093265,56174800.0,charging,56174800.0,149362450.73093265,0.0,1058.3852492749206,0.0,0.0,0.8286966030876459,10,238,789.1002322921354,32.17,58437661.60136631,858.8693890895321,665.7640969150071,1445.019214346379,11210.616829610637,2545018854.519015,2321953677.060448,366.0527902759154,1175582645.100035,27361522.160481278,1148221122.9395537,0.3306671666526144,24.616572852711137,1604819603.664391,31638098.628827505,0.7016503520564669
192108939.03044188,56174800.0,charging,56174800.0,135934139.03044188,0.0,963.2319697397054,0.0,0.0,0.9503680097916087,11,238,785.3290696938693,33.36,58289994.585253365,802.7570988565451,665.7631230893422,1445.0192141620882,11210.616829325634,2545018854.4543138,2321820297.9902906,366.0432477244499,1175568357.0712156,27213855.061504237,1148354502.0097115,0.3307196414471356,24.68097750647849,1597768232.4091852,31453923.88578265,0.7048483213739231
0.0,56174800.0,discharging,56174800.0,0.0,56174800.0,0.0,398.0557322808837,0.0,0.9000872857140233,12,238,14.570854479358768,33.84,56885355.587191716,1.0,654.1499999999996,1445.0192141603168,11210.616829439894,2545018854.4802527,2320551602.9382434,365.952486506547,1175432413.1245437,25809216.062788174,1149623197.0617554,0.3312190058974928,25.310324273821205,1594923981.81885,30189283.873193406,0.7074111210163534
72242937.12341464,56174800.0,charging,56174800.0,16068137.123414636,0.0,113.8591341500186,0.0,0.0,0.914469492132973,13,238,334.843175776336,30.87,56971865.00726255,301.87835563902826,665.7542076034104,1445.0192143513207,11210.616829520568,2545018854.4985676,2320629738.05781,365.95807584424244,1175440787.5085497,25895725.566356894,1149545061.9421928,0.3311882396775888,25.27066711541286,1612522782.3465483,30955376.93750058,0.6994586788077373
122451316.35136257,56174800.0,charging,56174800.0,66276516.35136257,0.0,469.6366920624122,0.0,0.0,0.9737920216566461,14,238,483.5038569732454,30.45,57523991.12033994,511.6818819649364,665.757991574347,1445.019214304243,11210.616829292188,2545018854.446721,2321128422.4305024,365.9937500225943,1175494229.1665504,26447851.597054612,1149046377.5694957,0.33099191608889683,25.020374366018554,1615011501.6130915,31291810.770785812,0.6979554550647508
0.0,56174800.0,discharging,56174800.0,0.0,56174800.0,0.0,398.0557322808837,0.0,0.9235112975790608,15,238,0.0,30.59,56885355.587191895,1.0,654.15,1445.0192143061438,11210.616829317223,2545018854.4524045,2320551602.9134135,365.9524865065873,1175432413.1497521,25809216.063165378,1149623197.0865867,0.3312190059046469,25.3103242742029,1614181928.5242438,30471906.216170467,0.6990061816066228
0.0,56174800.0,discharging,56174800.0,0.0,56174800.0,0.0,398.0557322808837,0.0,0.8732305735014754,16,238,0.0,30.76,56885355.58719191,1.0,654.15,1445.0192141689438,11210.616829346673,2545018854.45909,2320551602.919376,365.95248650657766,1175432413.1433868,25809216.062761653,1149623197.0806253,0.33121900590292935,25.310324274111224,1613174589.7735004,30457122.89361476,0.6994408712248171
0.0,56174800.0,discharging,56174800.0,0.0,56174800.0,0.0,398.0557322808837,0.0,0.82294984942389,17,238,0.0,29.06,56885355.58719191,1.0,654.15,1445.0192143407746,11210.61682958857,2545018854.5140057,2320551602.968344,365.9524865064984,1175432413.1786587,25809216.147002596,1149623197.031656,0.3312190058888208,25.310324273358265,1623247977.2809365,30604956.119171936,0.6951181533827068
12199773.08417881,56174800.0,direct_plus_discharge,56174800.0,0.0,43975026.915821195,0.0,311.60790142641855,0.0,0.783588851348974,18,238,96.81490390707636,28.33,56863137.585876696,50.97865043235526,656.4641521689887,1445.0192143110796,11210.616829227107,2545018854.4319468,2320531535.6861854,365.9510510213281,1175430262.3756294,25786998.061813317,1149643264.313816,0.33122690775800473,25.320528798175044,1627573608.3870711,30748842.29229746,0.6932567691179958
0.0,56174800.0,discharging,56174800.0,0.0,56174800.0,0.0,398.0557322808837,0.0,0.7333081272713887,19,238,0.0,26.57,56885355.58719164,1.0,654.1499999999999,1445.0192141652526,11210.616829435796,2545018854.4793224,2320551602.9374123,365.9524865065483,1175432413.1254008,25809216.06281299,1149623197.0625877,0.3312190058977326,25.310324273834084,1638002527.2182999,30821488.314252593,0.688882222668471
0.0,56174800.0,discharging,56174800.0,0.0,56174800.0,0.0,398.0557322808837,0.0,0.6830274031938034,20,238,0.0,25.66,56885355.58719191,1.0,654.15,1445.0192143005518,11210.616829295268,2545018854.44742,2320551602.9089727,365.9524865065946,1175432413.1549156,25809216.063888855,1149623197.0910268,0.3312190059059262,25.310324274271085,1643394752.2958097,30900622.57028629,0.6866310534859893
0.0,56174800.0,discharging,56174800.0,0.0,56174800.0,0.0,398.0557322808837,0.0,0.632746679116218,21,238,0.0,23.59,56885355.58719191,1.0,654.15,1445.019214165255,11210.616829349727,2545018854.459783,2320551602.919997,365.95248650657675,1175432413.1427426,25809216.062739395,1149623197.0800033,0.33121900590275016,25.310324274101593,1655660582.9666295,31080631.262582377,0.6815646569739776
0.0,56174800.0,discharging,56174800.0,0.0,56174800.0,0.0,398.0557322808837,0.0,0.5824659550386326,22,238,0.0,21.82,56885355.58719191,1.0,654.15,1445.01921434269,11210.616829613744,2545018854.51972,2320551602.973439,365.9524865064901,1175432413.172862,25809216.146300144,1149623197.026562,0.33121900588735315,25.310324273279964,1666148757.01849,31234551.73860367,0.6772914468378812
0.0,56174800.0,discharging,56174800.0,0.0,56174800.0,0.0,398.0557322808837,0.0,0.5321852309610474,23,238,0.0,20.91,56885355.58719191,1.0,654.15,1445.019214339539,11210.616829503642,2545018854.494725,2320551602.9511485,365.95248650652627,1175432413.1958022,25809216.146948986,1149623197.0488532,0.33121900589377545,25.310324273622747,1671540982.096,31313685.994637214,0.6751152747156591
0.0,56174800.0,discharging,56174800.0,0.0,56174800.0,0.0,398.0557322808837,0.0,0.4819045068834621,0,239,0.0,20.96,56885355.58719191,1.0,654.15,1445.0192142042285,11210.616829730172,2545018854.5461516,2320551602.9970036,365.9524865064519,1175432413.1489277,25809216.14593146,1149623197.0029962,0.3312190058805636,25.310324272917693,1671244705.9928405,31309337.958591424,0.6752344814469754
0.0,56174800.0,discharging,56174800.0,0.0,56174800.0,0.0,398.0557322808837,0.0,0.43162378280587677,1,239,0.0,20.85,56885355.58719191,1.0,654.15,1445.01921420547,11210.616829729075,2545018854.5459027,2320551602.9967794,365.95248650645226,1175432413.1491427,25809216.14592121,1149623197.0032215,0.3312190058806285,25.3103242729212,1671896513.419792,31318903.637892175,0.6749722821257708
0.0,56174800.0,discharging,56174800.0,0.0,56174800.0,0.0,398.0557322808837,0.0,0.3813430587282915,2,239,0.0,20.7,56885355.58719191,1.0,654.15,1445.0192142993087,11210.616829210292,2545018854.428129,2320551602.891772,365.95248650662234,1175432413.1720488,25809216.063820675,1149623197.1082282,0.3312190059108821,25.310324274535553,1672785341.7292717,31331947.74602958,0.6746150656462138
0.0,56174800.0,discharging,56174800.0,0.0,56174800.0,0.0,398.0557322808837,0.0,0.33106233465070617,3,239,0.0,20.56,56885355.58719191,1.0,654.15,1445.0192143463735,11210.616829610626,2545018854.5190125,2320551602.9728026,365.95248650649114,1175432413.173503,25809216.146305833,1149623197.0271971,0.3312190058875361,25.310324273289822,1673614914.8181198,31344122.246957812,0.6742820044557566
0.0,56174800.0,discharging,56174800.0,0.0,56174800.0,0.0,398.0557322808837,0.0,0.2807816105731209,4,239,0.0,19.79,56885355.58719191,1.0,654.15,1445.0192143110683,11210.616829226992,2545018854.4319205,2320551602.8951526,365.9524865066169,1175432413.167946,25809216.063097402,1149623197.1048486,0.3312190059099084,25.310324274483605,1678177566.806782,31411082.00206312,0.672456030815277
0.0,56174800.0,discharging,56174800.0,0.0,56174800.0,0.0,398.0557322808837,0.0,0.23050088649553557,5,239,0.0,18.96,56885355.58719191,1.0,654.15,1445.019214202324,11210.61682970506,2545018854.540451,2320551602.99192,365.9524865064602,1175432413.1547327,25809216.146650035,1149623197.0080826,0.331219005882029,25.310324272995913,1683095750.1192365,31483259.400423393,0.6704988166921221
74560080.91919844,56174800.0,charging,56174800.0,18385280.91919844,0.0,130.27846043922352,0.0,0.0,0.24695711307733223,6,239,286.9034524996441,17.57,56997345.92533008,311.5609015971947,665.7543838428869,1445.0192143513134,11210.616829606543,2545018854.5180855,2320652752.4239283,365.95972216821883,1175443254.0605483,25921206.4844757,1149522047.5760727,0.33117917791712476,25.259009246400225,1691332225.7870815,32107883.971261416,0.6669927437961602
168965931.55655268,56174800.0,charging,56174800.0,112791131.55655268,0.0,799.2401658133731,0.0,0.0,0.3479137656011267,7,239,565.2602509334691,15.91,58035498.04586879,706.0504404765792,665.7614331657198,1445.0192143463885,11210.616829524712,2545018854.4995084,2321590427.7053027,366.026802070499,1175543730.899648,26959358.604949683,1148584372.2946982,0.3308100890503984,24.79274474650187,1701168592.4119902,32837671.573149316,0.6623876719193569
200434717.02853686,56174800.0,charging,56174800.0,144259917.02853686,0.0,1022.2285955904385,0.0,0.0,0.4770373776757085,8,239,679.3225543190275,16.39,58381550.60667877,837.5476579279024,665.7637274556131,1445.0192142023204,11210.616829705064,2545018854.5404515,2321902995.208256,366.0491642436725,1175577215.9578838,27305411.166138943,1148271804.791745,0.33068710568143755,24.641007166376117,1698324341.8216553,32991470.81476827,0.6632364796825674
207329730.86776197,56174800.0,charging,56174800.0,151154930.86776197,0.0,1071.0867986077983,0.0,0.0,0.6123325522366935,9,239,746.1951761281468,17.61,58457372.954446524,866.3595462975269,665.7642265355075,1445.0192143110746,11210.616829227081,2545018854.4319406,2321971481.1503067,366.0540640792626,1175584552.2800682,27381233.43037656,1148203318.8496916,0.3306601623946715,24.608000403286642,1691095204.9045534,32927215.15566555,0.6660025446824442
200114013.8699142,56174800.0,charging,56174800.0,143939213.8699142,0.0,1019.9560867314781,0.0,0.0,0.7411691105606697,10,239,778.5801620129467,19.09,58378023.93262193,836.2075498698919,665.7637042108142,1445.019214204231,11210.616829730145,2545018854.5461454,2321899809.7723966,366.04893634211805,1175576874.718957,27301884.491356526,1148274990.2276003,0.33068835890371406,24.6425444743909,1682325432.2510207,32752725.33769094,0.6695175873745605
152561700.49910057,56174800.0,charging,56174800.0,96386900.49910057,0.0,682.9994634685687,0.0,0.0,0.8274427269988047,11,239,646.8238828165563,20.52,57855105.7593408,637.5028080805355,665.7602263448015,1445.0192143444747,11210.6168295856,2545018854.5133314,2321427492.1938696,366.0151454002263,1175526274.1253269,26778966.319198314,1148747307.8061285,0.33087420782638977,24.872563089303647,1673851935.7006474,32334943.640875317,0.6732834027240148
189198020.89603466,56174800.0,charging,56174800.0,133023220.89603466,0.0,942.6051468653708,0.0,0.0,0.946508640287062,12,239,798.2159442434676,21.47,58257984.113298826,790.5933744178017,665.7629113400372,1445.0192143061458,11210.616829231196,2545018854.4328747,2321791384.865123,366.0411791658054,1175565259.7240865,27181844.58920721,1148383415.1348794,0.3307310172196606,24.694981861547895,1668222689.7406094,32477083.755072605,0.6752417052272837
194597144.52636534,56174800.0,charging,56174800.0,59761797.164363384,0.0,423.4732643940398,0.0,78660547.36200196,0.9999999999999934,13,239,792.1361163335504,22.16,57452350.755967356,484.4591139833241,665.757504680456,1445.0192142005553,11210.616829733346,2545018854.546872,2321063715.879781,365.98912101834753,1175487295.434938,26376211.314718913,1149111084.120219,0.3310173863887202,25.052579167902962,1664134079.5170026,31968216.39403024,0.6775010486634553
179196917.55694127,56174800.0,charging,56174800.0,0.0,0.0,0.0,0.0,123022117.55694127,0.9999999999999934,14,239,685.2924348233955,22.65,56795168.64241692,234.73514405126596,665.7512894240964,1445.019214198637,11210.616829622119,2545018854.521621,2320470146.585397,365.94665963504804,1175423682.6164021,25719029.201798696,1149704653.4146035,0.3312510815394227,25.351795875653703,1661230573.706036,31560503.458426576,0.6791769338366522
222430859.0638662,56174800.0,charging,56174800.0,0.0,0.0,0.0,0.0,166256059.0638662,0.9999999999999934,15,239,772.6443762800027,22.84,56795168.64241695,234.73514405126596,665.7512894240964,1445.0192143476202,11210.616829609588,2545018854.5187764,2320470146.5828614,365.94665963505213,1175423682.6186738,25719029.201536775,1149704653.4171371,0.33125108154015265,25.35179587569267,1660104724.514028,31544294.579505164,0.6796354565518585
224378518.0095989,56174800.0,charging,56174800.0,0.0,0.0,0.0,0.0,168203718.0095989,0.9999999999999934,16,239,734.7142853763509,22.71,56795168.64241695,234.73514405126596,665.7512894240964,1445.0192143427032,11210.61682961382,2545018854.5197372,2320470146.5837226,365.94665963505076,1175423682.6178246,25719029.201548178,1149704653.4162765,0.3312510815399047,25.35179587567933,1660875042.3822439,31555384.865082983,0.6793216636303491
153739147.5630858,56174800.0,charging,56174800.0,0.0,0.0,0.0,0.0,97564347.5630858,0.9999999999999934,17,239,513.3159360017673,22.16,56795168.64241695,234.73514405126596,665.7512894240964,1445.01921433954,11210.616829503651,2545018854.494727,2320470146.561417,365.9466596350867,1175423682.6407597,25719029.20217759,1149704653.4385822,0.33125108154633137,25.351795876022933,1664134079.5170026,31602305.30406606,0.6779972781912663
26950231.131814443,56174800.0,direct_plus_discharge,56174800.0,0.0,29224568.868185557,0.0,207.08586699763453,0.0,0.9738417852213449,18,239,142.53321040220257,21.1,56839456.17098204,112.61573493704252,659.4939761424704,1445.0192142005553,11210.616829733306,2545018854.546863,2320510146.847142,365.94952099077454,1175427969.8825824,25763316.7297239,1149664653.1528585,0.33123533014723894,25.331414235299313,1670415132.9039924,31479088.0958408,0.6755206281136854
0.0,56174800.0,discharging,56174800.0,0.0,56174800.0,0.0,398.0557322808837,0.0,0.9235610611437596,19,239,0.0,19.51,56885355.58718968,1.0,654.1499999999982,1445.0192143110764,11210.61682922707,2545018854.431938,2320551602.895168,365.95248650661676,1175432413.1679492,25809216.063118823,1149623197.1048303,0.33121900590990333,25.310324274484273,1679836712.9844775,31435431.003918294,0.6717944899315943
0.0,56174800.0,discharging,56174800.0,0.0,56174800.0,0.0,398.0557322808837,0.0,0.8732803370661743,20,239,0.0,18.72,56885355.58719191,1.0,654.15,1445.0192143358536,11210.616829592802,2545018854.514966,2320551602.9691978,365.95248650649694,1175432413.1778145,25809216.147014216,1149623197.0308003,0.3312190058885743,25.31032427334516,1684517875.414404,31504129.973443225,0.6699349969996264
0.0,56174800.0,discharging,56174800.0,0.0,56174800.0,0.0,398.0557322808837,0.0,0.8229996129885888,21,239,0.0,17.71,56885355.58719191,1.0,654.15,1445.0192142091648,11210.616829726065,2545018854.545219,2320551602.996171,365.9524865064533,1175432413.149784,25809216.145955823,1149623197.0038283,0.33121900588080333,25.31032427293051,1690502652.698234,31591960.30156837,0.6675726108922915
0.0,56174800.0,discharging,56174800.0,0.0,56174800.0,0.0,398.0557322808837,0.0,0.7727188889110035,22,239,0.0,16.84,56885355.58719191,1.0,654.15,1445.0192143476208,11210.616829523566,2545018854.499248,2320551602.9551835,365.95248650651956,1175432413.1910653,25809216.146247614,1149623197.0448177,0.33121900589261283,25.31032427356068,1695657856.8932161,31667616.12876528,0.6655510006655172
0.0,56174800.0,discharging,56174800.0,0.0,56174800.0,0.0,398.0557322808837,0.0,0.7224381648334182,23,239,0.0,16.56,56885355.58719191,1.0,654.15,1445.0192141620785,11210.616829411558,2545018854.47382,2320551602.93251,365.95248650655634,1175432413.1309712,25809216.063480437,1149623197.0674908,0.3312190058991452,25.310324273909277,1697317003.0709114,31691965.130621754,0.6649029693948302
0.0,56174800.0,discharging,56174800.0,0.0,56174800.0,0.0,398.0557322808837,0.0,0.6721574407558327,0,240,0.0,16.38,56885355.58719191,1.0,654.15,1445.0192143110737,11210.616829227061,2545018854.4319363,2320551602.895166,365.9524865066169,1175432413.1679502,25809216.063116603,1149623197.1048336,0.33121900590990405,25.31032427448337,1698383597.042287,31707618.060386635,0.6644870438444531
0.0,56174800.0,discharging,56174800.0,0.0,56174800.0,0.0,398.0557322808837,0.0,0.6218767166782474,1,240,0.0,15.9,56885355.58719191,1.0,654.15,1445.0192143427264,11210.616829613966,2545018854.5197706,2320551602.9734836,365.9524865064901,1175432413.1728811,25809216.146365043,1149623197.0265162,0.33121900588733993,25.31032427327926,1701227847.6326222,31749359.20642631,0.6633804486808165
0.0,56174800.0,discharging,56174800.0,0.0,56174800.0,0.0,398.0557322808837,0.0,0.5715959926006621,2,240,0.0,15.45,56885355.58719191,1.0,654.15,1445.0192141584084,11210.616829414794,2545018854.474555,2320551602.9331665,365.9524865065553,1175432413.1303427,25809216.063510284,1149623197.0668325,0.33121900589895553,25.31032427389912,1703894332.5610614,31788491.530838497,0.6623463579345549
0.0,56174800.0,discharging,56174800.0,0.0,56174800.0,0.0,398.0557322808837,0.0,0.5213152685230767,3,240,0.0,15.01,56885355.58719191,1.0,654.15,1445.0192142054843,11210.616829643142,2545018854.5263944,2320551602.9793878,365.95248650648057,1175432413.1664975,25809216.1458836,1149623197.020614,0.33121900588563946,25.31032427318856,1706501562.2688682,31826754.24804153,0.6613383594441555
0.0,56174800.0,discharging,56174800.0,0.0,56174800.0,0.0,398.0557322808837,0.0,0.4710345444454915,4,240,0.0,14.63,56885355.58719191,1.0,654.15,1445.0192143426955,11210.616829613771,2545018854.5197268,2320551602.973445,365.9524865064901,1175432413.172864,25809216.146310955,1149623197.026553,0.33121900588735054,25.310324273279814,1708753260.6528835,31859799.321989607,0.6604702811106958
0.0,56174800.0,discharging,56174800.0,0.0,56174800.0,0.0,398.0557322808837,0.0,0.42075382036790615,5,240,0.0,14.29,56885355.58719191,1.0,654.15,1445.0192143444701,11210.61682949951,2545018854.493787,2320551602.9503136,365.95248650652763,1175432413.1966515,25809216.14696694,1149623197.0496845,0.331219005894015,25.310324273635498,1710767938.1543708,31889365.967101034,0.6596955088821927
62472502.38386269,56174800.0,charging,56174800.0,6297702.383862689,0.0,44.625642353787285,0.0,0.0,0.4263907436125951,6,240,251.3616735525493,14.03,56864422.53971572,261.05107354755273,665.7534627444043,1445.0192143427053,11210.616829613817,2545018854.519737,2320532696.329158,365.9511340408077,1175430386.7696896,25788283.098845944,1149642103.6708436,0.3312264507380621,25.3199384122501,1712308573.8908029,32335335.154067248,0.6589551585344606
174951776.9669102,56174800.0,charging,56174800.0,118776976.96691021,0.0,841.6559835490843,0.0,0.0,0.5327051836398479,7,240,583.6294855751008,14.29,58101322.5478885,731.0632270760666,665.7618716714844,1445.0192141639982,11210.616829436745,2545018854.4795384,2321649882.52798,366.0310556184637,1175550100.4955018,27025183.02348185,1148524917.47202,0.3307866939289699,24.76374273473827,1710767938.1543708,33016311.12896199,0.6586393459764561
206040811.18802595,56174800.0,charging,56174800.0,149866011.18802595,0.0,1061.9534885298174,0.0,0.0,0.6668466769278248,8,240,696.9614461346141,17.1,58443199.1009228,860.973594826523,665.7641333380199,1445.019214300552,11210.616829209195,2545018854.4278803,2321958678.6929517,366.0531481245457,1175583180.8845916,27367059.577544384,1148216121.3070471,0.330665198959724,24.6141640160916,1694117221.1567845,32963997.549477305,0.6648304138048375
207312658.33370495,56174800.0,charging,56174800.0,151137858.33370495,0.0,1070.9658222973183,0.0,0.0,0.8021265702706439,9,240,747.2461916851703,18.97,58457185.21303687,866.2882060570419,665.7642253013436,1445.0192143024692,11210.616829320428,2545018854.453132,2321971311.5927844,366.0540519468359,1175584534.0962458,27381045.689029664,1148203488.407216,0.3306602291013628,24.608082024315266,1683036494.8986044,32807695.055011302,0.6691770121844545
203696488.5297884,56174800.0,charging,56174800.0,147521688.5297884,0.0,1045.3415722893071,0.0,0.0,0.9341697162440301,10,240,793.8924662870717,20.8,58417419.305260934,851.1774777618599,665.763963712374,1445.019214165248,11210.616829349723,2545018854.4597826,2321935393.281296,366.05148216526413,1175580686.4995108,27341279.780804504,1148239406.7187064,0.3306743596938984,24.62538223124355,1672192789.5229518,32624794.07960351,0.6735262574499559
185005891.93769306,56174800.0,charging,56174800.0,73547131.4658932,0.0,521.1564130680401,0.0,55283960.471799865,0.9999999999999931,11,240,772.4850433031744,22.56,57603943.83982056,542.0632787167002,665.7585335376226,1445.01921429931,11210.616829296356,2545018854.447667,2321200637.1001015,365.9989161779398,1175501967.2164211,26527804.316584617,1148974162.8998365,0.3309634916559624,24.98452745252322,1661763870.6917236,32017997.32200438,0.678348366219802
179942052.25792107,56174800.0,charging,56174800.0,0.0,0.0,0.0,0.0,123767252.25792107,0.9999999999999931,12,240,766.9098982964833,24.11,56795168.642417245,234.735144051266,665.7512894240972,1445.019214160316,11210.616829439856,2545018854.480244,2320470146.548506,365.9466596351076,1175423682.5694995,25719029.118002657,1149704653.4514968,0.3312510815500523,25.351795876221644,1652579311.4937668,31435951.020398974,0.6827162906677192
197340247.87382725,56174800.0,charging,56174800.0,0.0,0.0,0.0,0.0,141165447.87382725,0.9999999999999931,13,240,806.5426929627857,25.31,56795168.642416924,234.735144051266,665.7512894240964,1445.0192143061497,11210.616829231263,2545018854.43289,2320470146.5062866,365.94665963517605,1175423682.6120563,25719029.11834271,1149704653.4937136,0.3312510815622157,25.351795876871794,1645468685.017929,31333579.153526604,0.685653089848258
211280874.6833371,56174800.0,charging,56174800.0,0.0,0.0,0.0,0.0,155106074.6833371,0.9999999999999931,14,240,800.0399377340522,26.09,56795168.642416954,234.735144051266,665.7512894240964,1445.0192142993064,11210.616829296272,2545018854.447648,2320470146.5194445,365.9466596351547,1175423682.5996554,25719029.11909968,1149704653.4805558,0.33125108155842475,25.351795876669183,1640846777.808635,31267037.440059707,0.6875755962279155
226386716.15069103,56174800.0,charging,56174800.0,0.0,0.0,0.0,0.0,170211916.15069103,0.9999999999999931,15,240,787.5428072262483,26.37,56795168.642416954,234.735144051266,665.7512894240964,1445.0192142091553,11210.616829639961,2545018854.525672,2320470146.5890136,365.94665963504224,1175423682.6120808,25719029.201094735,1149704653.4109862,0.33125108153838045,25.351795875597876,1639187631.630939,31243150.671122864,0.6882683590316444
226176561.3386532,56174800.0,charging,56174800.0,0.0,0.0,0.0,0.0,170001761.3386532,0.9999999999999931,16,240,740.8449564918305,26.1,56795168.642416954,234.735144051266,665.7512894240964,1445.0192142042245,11210.61682973014,2545018854.546144,2320470146.6072645,365.9466596350127,1175423682.5938818,25719029.20114617,1149704653.3927357,0.33125108153312216,25.3517958753169,1640787522.5880024,31266184.3411691,0.6876003136910227
183973196.4336155,56174800.0,charging,56174800.0,0.0,0.0,0.0,0.0,127798396.4336155,0.9999999999999931,17,240,602.5738237149125,25.22,56795168.642416954,234.735144051266,665.7512894240964,1445.0192143042382,11210.616829292167,2545018854.4467163,2320470146.5186143,365.94665963515604,1175423682.6005094,25719029.119124267,1149704653.4813852,0.33125108155866373,25.35179587668194,1646001982.0036168,31341257.04354203,0.6854319537690406
79148934.05765454,56174800.0,charging,56174800.0,0.0,0.0,0.0,0.0,22974134.057654545,0.9999999999999931,18,240,296.7089972095202,23.83,56795168.642416954,234.735144051266,665.7512894240964,1445.0192143513013,11210.616829520415,2545018854.498533,2320470146.564811,365.94665963508135,1175423682.6366582,25719029.201469332,1149704653.4351888,0.33125108154535365,25.35179587597066,1654238457.6714623,31459837.789335627,0.6820346538470625
0.0,56174800.0,discharging,56174800.0,0.0,56174800.0,0.0,398.0557322808837,0.0,0.9497192759224077,19,240,0.0,21.99,56885355.587191865,1.0,654.15,1445.0192143024599,11210.616829320319,2545018854.4531074,2320551602.9140425,365.9524865065862,1175432413.1491122,25809216.06315483,1149623197.0859573,0.33121900590446557,25.310324274193192,1665141418.2677464,31219768.416047927,0.6776995407053308
0.0,56174800.0,discharging,56174800.0,0.0,56174800.0,0.0,398.0557322808837,0.0,0.8994385518448224,20,240,0.0,20.82,56885355.58719191,1.0,654.15,1445.0192141571672,11210.616829329812,2545018854.4552627,2320551602.915966,365.9524865065833,1175432413.1474771,25809216.063442532,1149623197.0840347,0.3312190059039117,25.310324274163577,1672074279.081688,31321512.459519655,0.6749008086041309
0.0,56174800.0,discharging,56174800.0,0.0,56174800.0,0.0,398.0557322808837,0.0,0.849157827767237,21,240,0.0,19.95,56885355.58719191,1.0,654.15,1445.0192143476363,11210.61682960969,2545018854.5188,2320551602.9726143,365.95248650649137,1175432413.1737251,25809216.14634128,1149623197.0273838,0.3312190058875899,25.310324273292657,1677229483.2766702,31397168.286716565,0.6728346394313135
0.0,56174800.0,discharging,56174800.0,0.0,56174800.0,0.0,398.0557322808837,0.0,0.7988771036896516,22,240,0.0,19.47,56885355.58719191,1.0,654.15,1445.0192143426843,11210.616829613698,2545018854.51971,2320551602.97343,365.9524865064901,1175432413.1728592,25809216.14628888,1149623197.0265703,0.33121900588735553,25.31032427328009,1680073733.8670053,31438909.432756238,0.6717000902839492
0.0,56174800.0,discharging,56174800.0,0.0,56174800.0,0.0,398.0557322808837,0.0,0.7485963796120663,23,240,0.0,18.66,56885355.58719191,1.0,654.15,1445.0192141584043,11210.616829328726,2545018854.455016,2320551602.915744,365.95248650658357,1175432413.1476905,25809216.063434273,1149623197.0842562,0.33121900590397546,25.310324274167034,1684873406.7381954,31509347.616698187,0.669794190233719
0.0,56174800.0,discharging,56174800.0,0.0,56174800.0,0.0,398.0557322808837,0.0,0.6983156555344808,0,241,0.0,18.03,56885355.58719191,1.0,654.15,1445.0192143073932,11210.616829316237,2545018854.452181,2320551602.9132133,365.9524865065876,1175432413.1499715,25809216.06318471,1149623197.0867867,0.33121900590470454,25.31032427420597,1688606485.6380107,31564132.87087526,0.6683192845622064
0.0,56174800.0,discharging,56174800.0,0.0,56174800.0,0.0,398.0557322808837,0.0,0.6480349314568955,1,241,0.0,17.56,56885355.58719191,1.0,654.15,1445.0192142005485,11210.616829647219,2545018854.5273194,2320551602.9802094,365.95248650647903,1175432413.1656427,25809216.145851295,1149623197.0197914,0.33121900588540243,25.310324273175976,1691391481.0077133,31605004.40970577,0.66722318167775
0.0,56174800.0,discharging,56174800.0,0.0,56174800.0,0.0,398.0557322808837,0.0,0.5977542073793102,2,241,0.0,17.24,56885355.58719191,1.0,654.15,1445.0192143444729,11210.616829585595,2545018854.51333,2320551602.967735,365.95248650649927,1175432413.1793113,25809216.147046708,1149623197.0322645,0.3312190058889961,25.310324273367755,1693287648.067937,31632831.840398885,0.6664789539129112
0.0,56174800.0,discharging,56174800.0,0.0,56174800.0,0.0,398.0557322808837,0.0,0.5474734833017249,3,241,0.0,16.96,56885355.58719191,1.0,654.15,1445.0192143476283,11210.61682960961,2545018854.5187817,2320551602.972598,365.9524865064914,1175432413.1737208,25809216.1463181,1149623197.0274026,0.33121900588759534,25.310324273292967,1694946794.2456324,31657180.842255365,0.6658291151964274
0.0,56174800.0,discharging,56174800.0,0.0,56174800.0,0.0,398.0557322808837,0.0,0.4971927592241395,4,241,0.0,16.68,56885355.58719191,1.0,654.15,1445.0192142042317,11210.616829644157,2545018854.5266247,2320551602.9795933,365.95248650648017,1175432413.1662776,25809216.145870022,1149623197.0204077,0.33121900588558,25.310324273185373,1696605940.4233277,31681529.84411183,0.6651805424722035
0.0,56174800.0,discharging,56174800.0,0.0,56174800.0,0.0,398.0557322808837,0.0,0.44691203514655425,5,241,0.0,16.37,56885355.58719191,1.0,654.15,1445.0192141973837,11210.616829709164,2545018854.5413823,2320551602.9927526,365.95248650645885,1175432413.1538737,25809216.14662611,1149623197.0072477,0.3312190058817885,25.310324272983035,1698442852.2629192,31708487.667595793,0.6644639520687352
72702824.19539642,56174800.0,charging,56174800.0,16528024.195396423,0.0,117.11790294321808,0.0,0.0,0.4617058755183292,6,241,281.2328898620014,15.1,56976922.24403081,303.80006533962285,665.7542425944173,1445.019214307399,11210.616829230225,2545018854.432654,2320634305.690431,365.958402592329,1175441277.0295339,25900782.71996336,1149540494.3095706,0.3311864411839356,25.268352531958417,1705968265.2831805,32307762.385822795,0.6613106756417066
168958699.41627747,56174800.0,charging,56174800.0,112783899.41627747,0.0,799.1889187258319,0.0,0.0,0.5626560547258026,7,241,564.3500972724893,17.06,58035418.51624386,706.0202198529313,665.7614326353117,1445.0192143476277,11210.616829609628,2545018854.5187855,2321590355.8888154,366.026796931327,1175543723.1865609,26959279.075375766,1148584444.111185,0.33081011731211735,24.792779826465722,1694354242.0393124,32737379.33585621,0.6650396712576507
196000057.27323115,56174800.0,charging,56174800.0,139825257.27323115,0.0,990.8045097669949,0.0,0.0,0.6878103085911073,8,241,665.2598632459452,19.93,58332784.016496584,819.0167419926426,665.7634057799222,1445.0192143395502,11210.616829589755,2545018854.514274,2321858947.1751547,366.0460128474364,1175572497.4011884,27256644.576343358,1148315852.824845,0.330704435390139,24.66228143553425,1677347993.7179341,32653733.18382555,0.6715290603275609
214497778.01024348,56174800.0,charging,56174800.0,158322978.01024348,0.0,1121.8797209559752,0.0,0.0,0.8295214312381778,9,241,771.6614266822957,22.16,58536197.765526004,896.3123468158581,665.7647440128528,1445.019214160327,11210.616829353898,2545018854.46073,2322042679.357221,366.0591579945246,1175592178.8838465,27460058.24106519,1148132120.6427813,0.33063215334704654,24.57377726216783,1664134079.5170026,32571583.812036507,0.6766831427851054
201679903.47902954,56174800.0,charging,56174800.0,145505103.47902954,0.0,1031.0520111500327,0.0,0.0,0.959759580015024,10,241,788.6274380217541,23.97,58395243.53932349,842.7508632944918,665.7638176811247,1445.0192143061417,11210.616829317225,2545018854.452405,2321915363.1683836,366.05004911268645,1175578540.8469138,27319104.015296146,1148259436.8316176,0.33068223986542106,24.635040058333235,1653408884.5826142,32334357.83238354,0.6811591516075839
191223687.28042758,56174800.0,charging,56174800.0,44957537.62582182,0.0,318.5699915476671,0.0,90091349.65460575,0.9999999999999926,11,241,799.4328965253436,25.66,57289552.86442587,422.5972115759834,665.7563937371054,1445.0192143005518,11210.616829209212,2545018854.427884,2320916674.889287,365.97860208564646,1175471538.4517646,26213413.341051057,1149258125.1107135,0.3310752697545421,25.126061868077283,1643394752.2958097,31576406.956316214,0.6861360679331677
185330195.82971886,56174800.0,charging,56174800.0,0.0,0.0,0.0,0.0,129155395.82971886,0.9999999999999926,12,241,792.0033372922225,26.94,56795168.64241792,234.735144051266,665.7512894240983,1445.0192141652394,11210.616829435698,2545018854.4793,2320470146.547667,365.9466596351091,1175423682.5703459,25719029.11801113,1149704653.4523346,0.3312510815502936,25.35179587623419,1635810084.0549164,31194524.034359194,0.6896829486093194
207678190.43316677,56174800.0,charging,56174800.0,0.0,0.0,0.0,0.0,151503390.43316677,0.9999999999999926,13,241,850.2457895993972,27.87,56795168.642416924,234.735144051266,665.7512894240964,1445.0192143061547,11210.61682931735,2545018854.4524336,2320470146.52371,365.9466596351478,1175423682.5947146,25719029.1184249,1149704653.4762897,0.3312510815571956,25.35179587660353,1630299348.536142,31115185.837532632,0.6920034884067684
217668329.3707343,56174800.0,charging,56174800.0,0.0,0.0,0.0,0.0,161493529.3707343,0.9999999999999926,14,241,826.5237773616437,28.36,56795168.642416954,234.735144051266,665.7512894240964,1445.0192141534794,11210.616829332872,2545018854.455957,2320470146.5268526,365.94665963514285,1175423682.5917952,25719029.118647125,1149704653.473148,0.33125108155629046,25.351795876555126,1627395842.7251751,31073383.99189318,0.6932324308175333
219472210.54544815,56174800.0,charging,56174800.0,0.0,0.0,0.0,0.0,163297410.54544815,0.9999999999999926,15,241,768.0180655306063,28.4,56795168.642416954,234.735144051266,665.7512894240964,1445.0192143061472,11210.616829317285,2545018854.4524183,2320470146.523696,365.94665963514774,1175423682.5947104,25719029.11840635,1149704653.476304,0.33125108155719973,25.351795876603752,1627158821.8426473,31069971.596330777,0.6933329453844226
219313348.9393017,56174800.0,charging,56174800.0,0.0,0.0,0.0,0.0,163138548.9393017,0.9999999999999926,16,241,721.1281879062215,28.01,56795168.642416954,234.735144051266,665.7512894240964,1445.0192143476374,11210.616829523635,2545018854.499264,2320470146.565464,365.9466596350803,1175423682.6360307,25719029.201494105,1149704653.4345365,0.3312510815451657,25.351795875960583,1629469775.4472945,31103242.453064226,0.6923541699408268
181657061.93057466,56174800.0,charging,56174800.0,0.0,0.0,0.0,0.0,125482261.93057466,0.9999999999999926,17,241,595.198637889787,27.2,56795168.642416954,234.735144051266,665.7512894240964,1445.019214153458,11210.616829418805,2545018854.4754653,2320470146.5442443,365.94665963511454,1175423682.5744383,25719029.118682522,1149704653.4557557,0.33125108155127936,25.351795876287355,1634269448.318485,31172343.463202946,0.6903301328987325
68440472.32030113,56174800.0,charging,56174800.0,0.0,0.0,0.0,0.0,12265672.32030113,0.9999999999999926,18,241,263.8575522275488,25.9,56795168.642416954,234.735144051266,665.7512894240964,1445.0192141603154,11210.616829439883,2545018854.4802504,2320470146.5485115,365.94665963510766,1175423682.5694993,25719029.1180106,1149704653.4514887,0.33125108155004995,25.351795876221637,1641972627.0006425,31283246.318981133,0.6871063008256797
0.0,56174800.0,discharging,56174800.0,0.0,56174800.0,0.0,398.0557322808837,0.0,0.9497192759224072,19,241,0.0,24.08,56885355.587191865,1.0,654.15,1445.0192143024676,11210.61682923437,2545018854.433595,2320551602.8966436,365.9524865066145,1175432413.1664672,25809216.06311127,1149623197.103356,0.3312190059094783,25.310324274460715,1652757077.1556628,31038020.50933352,0.6827571826866561
0.0,56174800.0,discharging,56174800.0,0.0,56174800.0,0.0,398.0557322808837,0.0,0.8994385518448218,20,241,0.0,22.74,56885355.58719191,1.0,654.15,1445.0192143444888,11210.61682958569,2545018854.5133514,2320551602.9677544,365.95248650649927,1175432413.1793196,25809216.147073857,1149623197.0322459,0.3312190058889907,25.310324273367474,1660697276.720348,31154547.87536096,0.6795058410667637
0.0,56174800.0,discharging,56174800.0,0.0,56174800.0,0.0,398.0557322808837,0.0,0.8491578277672365,21,241,0.0,21.22,56885355.58719191,1.0,654.15,1445.0192143513088,11210.61682952045,2545018854.498541,2320551602.9545527,365.9524865065207,1175432413.1917021,25809216.146255728,1149623197.0454464,0.33121900589279396,25.310324273570338,1669704070.256409,31286728.171153255,0.6758550358462764
0.0,56174800.0,discharging,56174800.0,0.0,56174800.0,0.0,398.0557322808837,0.0,0.798877103689651,22,241,0.0,21.25,56885355.58719191,1.0,654.15,1445.0192142005565,11210.616829733319,2545018854.546866,2320551602.9976406,365.9524865064509,1175432413.148295,25809216.14593592,1149623197.002359,0.33121900588038,25.31032427290789,1669526304.5945127,31284119.349525787,0.6759267116534234
0.0,56174800.0,discharging,56174800.0,0.0,56174800.0,0.0,398.0557322808837,0.0,0.7485963796120657,23,241,0.0,20.29,56885355.58719191,1.0,654.15,1445.0192143042252,11210.616829292063,2545018854.4466925,2320551602.9083247,365.9524865065956,1175432413.1555445,25809216.063868947,1149623197.0916755,0.3312190059061131,25.310324274281054,1675214805.775183,31367601.641605124,0.6736406001230447
0.0,56174800.0,discharging,56174800.0,0.0,56174800.0,0.0,398.0557322808837,0.0,0.6983156555344804,0,242,0.0,19.56,56885355.58719191,1.0,654.15,1445.0192143463692,11210.616829524579,2545018854.499478,2320551602.9553866,365.95248650651945,1175432413.1908484,25809216.146234903,1149623197.0446134,0.33121900589255393,25.31032427355757,1679540436.8813176,31431082.967873797,0.6719125267181206
0.0,56174800.0,discharging,56174800.0,0.0,56174800.0,0.0,398.0557322808837,0.0,0.648034931456895,1,242,0.0,18.89,56885355.58719191,1.0,654.15,1445.0192142054857,11210.616829729195,2545018854.5459294,2320551602.9968057,365.9524865064523,1175432413.1491494,25809216.145954985,1149623197.0031943,0.33121900588062064,25.310324272920745,1683510536.6636603,31489346.65088751,0.6703342712661527
0.0,56174800.0,discharging,56174800.0,0.0,56174800.0,0.0,398.0557322808837,0.0,0.5977542073793096,2,242,0.0,18.31,56885355.58719191,1.0,654.15,1445.019214339536,11210.616829503668,2545018854.494731,2320551602.9511538,365.95248650652627,1175432413.195801,25809216.146955386,1149623197.0488455,0.3312190058937733,25.310324273622626,1686947339.4603148,31539783.869018782,0.668973995465039
0.0,56174800.0,discharging,56174800.0,0.0,56174800.0,0.0,398.0557322808837,0.0,0.5474734833017243,3,242,0.0,17.75,56885355.58719191,1.0,654.15,1445.019214168938,11210.616829432658,2545018854.4786105,2320551602.936783,365.9524865065496,1175432413.126032,25809216.06281448,1149623197.0632176,0.33121900589791403,25.310324273843552,1690265631.8157058,31588481.87273173,0.6676658538745619
0.0,56174800.0,discharging,56174800.0,0.0,56174800.0,0.0,398.0557322808837,0.0,0.497192759224139,4,242,0.0,17.16,56885355.58719191,1.0,654.15,1445.0192143110742,11210.616829313101,2545018854.451469,2320551602.91258,365.95248650658874,1175432413.1506052,25809216.06318511,1149623197.08742,0.331219005904887,25.31032427421569,1693761689.8329926,31639788.698072158,0.666293156341886
0.0,56174800.0,discharging,56174800.0,0.0,56174800.0,0.0,398.0557322808837,0.0,0.4469120351465537,5,242,0.0,16.31,56885355.58719191,1.0,654.15,1445.0192142956262,11210.61682921336,2545018854.428826,2320551602.8923965,365.9524865066214,1175432413.1714091,25809216.063805256,1149623197.1076038,0.3312190059107022,25.310324274525893,1698798383.586711,31713705.310850754,0.6643254355073483
52475970.17774046,56174800.0,direct_plus_discharge,56174800.0,0.0,3698829.822259538,0.0,26.20998051585215,0.0,0.443601300765604,6,242,220.19701286871518,15.79,56798475.3678877,219.2790080054018,665.2548427987648,1445.0192142042197,11210.616829730106,2545018854.546137,2320473133.2204633,365.9468732773644,1175424002.706145,25722335.926608812,1149701666.7795362,0.3312499054436382,25.35027298355748,1701879655.0595737,32129205.16197084,0.6630310220171801
168411209.42055002,56174800.0,charging,56174800.0,112236409.42055002,0.0,795.309393900363,0.0,0.0,0.5440614347319657,7,242,562.3266553048254,17.64,58029397.937052295,703.7324477021855,665.7613924782048,1445.0192142091598,11210.61682963998,2545018854.5256763,2321584917.9178257,366.0264078862463,1175543140.5779114,26953258.495735053,1148589882.0821762,0.3308122571671267,24.79543576069056,1690917439.242658,32683427.418541253,0.6663897102274721
186169967.55704674,56174800.0,charging,56174800.0,129995167.55704674,0.0,921.1483016387493,0.0,0.0,0.6604170096758077,8,242,635.1209418612048,20.23,58224685.54150757,777.9401822974515,665.7626908238394,1445.019214335863,11210.616829592864,2545018854.5149803,2321761308.4036846,366.03902737776224,1175562037.6976628,27148546.101347733,1148413491.5963151,0.3307428509388687,24.7095660890448,1675570337.0989747,32566957.225386936,0.6723191955425104
191926083.3530224,56174800.0,charging,56174800.0,135751283.3530224,0.0,961.9362508305694,0.0,0.0,0.781924746622827,9,242,698.4788887736407,22.18,58287983.77757359,801.9930079513766,665.7631097946668,1445.0192143513025,11210.616829606462,2545018854.518067,2321818481.8063354,366.0431177830642,1175568162.5303607,27211844.336695757,1148356318.193665,0.3307203560184961,24.68185676700522,1664015569.0757387,32431654.407897387,0.6769183870250486
196727043.04852986,56174800.0,charging,56174800.0,140552243.04852986,0.0,995.9559451996856,0.0,0.0,0.9077297081217346,10,242,774.2625367807528,23.76,58340778.45560338,822.0545651925119,665.7634585497991,1445.0192143061483,11210.616829231218,2545018854.43288,2321866168.007027,366.04652946306027,1175573270.9244912,27264638.931518987,1148308631.9929721,0.33070159447417674,24.65879145101782,1654653244.215886,32322587.897375986,0.6806906240941782
185912781.37103403,56174800.0,charging,56174800.0,103086526.4431105,0.0,730.4731440362054,0.0,26651454.92792353,0.9999999999999921,11,242,784.3006640057805,24.94,57928779.4864841,665.4982377225951,665.7607201250689,1445.0192141937132,11210.616829712337,2545018854.5421023,2321494036.3371444,366.0199060481391,1175533403.7087846,26852640.045929246,1148680763.6628554,0.3308480203999896,24.839904556296386,1647661128.1813123,31991548.053121522,0.6838799353673823
176233353.74355316,56174800.0,charging,56174800.0,0.0,0.0,0.0,0.0,120058553.74355316,0.9999999999999921,12,242,762.8755427365118,25.8,56795168.64241778,234.735144051266,665.7512894240983,1445.019214351307,11210.616829520453,2545018854.498542,2320470146.564819,365.94665963508135,1175423682.6366618,25719029.20148015,1149704653.4351816,0.3312510815453515,25.351795875970183,1642565179.2069619,31291777.30788767,0.6868595604662603
185184637.22940496,56174800.0,charging,56174800.0,0.0,0.0,0.0,0.0,129009837.22940496,0.9999999999999921,13,242,771.6422974928282,26.76,56795168.642416924,234.735144051266,665.7512894240964,1445.019214347619,11210.61682960959,2545018854.518777,2320470146.582862,365.94665963505213,1175423682.6186743,25719029.20153656,1149704653.4171376,0.3312510815401528,25.351795875692687,1636876678.026292,31209879.81438939,0.6892356083160437
220030889.0074442,56174800.0,charging,56174800.0,0.0,0.0,0.0,0.0,163856089.0074442,0.9999999999999921,14,242,840.5746288606725,27.74,56795168.642416954,234.735144051266,665.7512894240964,1445.0192141937123,11210.616829712364,2545018854.5421085,2320470146.603666,365.9466596350186,1175423682.5982046,25719029.201868452,1149704653.396336,0.3312510815341595,25.35179587537235,1631069666.404358,31126276.123110466,0.6916781734216854
31050574.609646417,56174800.0,direct_plus_discharge,56174800.0,0.0,25124225.390353583,0.0,178.03075285977283,0.0,0.9775119049019156,15,242,164.25686699612945,27.19,56832873.19336944,129.74965827862198,660.3731881005998,1445.0192143110828,11210.616829227143,2545018854.431955,2320504201.0336266,365.94909567280723,1175427332.6356885,25756733.669316486,1149670598.966372,0.3312376714666206,25.334441790607507,1634328703.5391169,30985086.756140117,0.6903627446467837
92550106.60615894,56174800.0,charging,56174800.0,25124225.390353583,0.0,178.03075285977283,0.0,11251081.21580536,0.9999999999999921,16,242,338.45854568529336,26.23,57071452.02623059,339.72062982391003,665.7548955089417,1445.0192141689256,11210.616829432576,2545018854.4785914,2320719685.0845904,365.9645102011772,1175450427.4172394,25995312.501828834,1149455114.9154105,0.33115282436621074,25.225163849457687,1640017204.7197871,31407275.280596077,0.6877098718304921
0.0,56174800.0,discharging,56174800.0,0.0,56174800.0,0.0,398.0557322808837,0.0,0.9497192759224068,17,242,58.437596625885206,25.38,56885355.587191895,1.0,654.15,1445.0192143042316,11210.616829206083,2545018854.4271736,2320551602.89092,365.9524865066238,1175432413.172899,25809216.0638181,1149623197.1090808,0.33121900591112774,25.31032427454867,1645053898.4735053,30924971.572142754,0.6859413430897067
50045582.14538731,56174800.0,direct_plus_discharge,56174800.0,0.0,6129217.854612693,0.0,43.43175768185953,0.0,0.944233159162593,18,242,209.42571977814768,24.58,56802377.28246956,209.12325338099922,664.6754516688377,1445.0192143024697,11210.616829320385,2545018854.453122,2320476657.3221474,365.9471253742091,1175424380.4363053,25726237.75845095,1149698142.6778543,0.3312485176923361,25.34847621048544,1649794316.1240637,31358723.92375392,0.6838747664788168
0.0,56174800.0,discharging,56174800.0,0.0,56174800.0,0.0,398.0557322808837,0.0,0.8939524350850077,19,242,0.0,21.85,56885355.58719168,1.0,654.15,1445.0192142091717,11210.616829726112,2545018854.54523,2320551602.996181,365.95248650645317,1175432413.1497893,25809216.14596929,1149623197.00382,0.33121900588080094,25.31032427293048,1665970991.356594,31231942.916976064,0.6773634276656946
0.0,56174800.0,discharging,56174800.0,0.0,56174800.0,0.0,398.0557322808837,0.0,0.8436717110074222,20,242,0.0,20.41,56885355.58719191,1.0,654.15,1445.0192141571597,11210.61682932979,2545018854.4552574,2320551602.9159613,365.9524865065833,1175432413.1474738,25809216.063435253,1149623197.0840385,0.33121900590391273,25.31032427416363,1674503743.127599,31357166.355095208,0.6739255180146335
0.0,56174800.0,discharging,56174800.0,0.0,56174800.0,0.0,398.0557322808837,0.0,0.7933909869298369,21,242,0.0,19.58,56885355.58719191,1.0,654.15,1445.019214302461,11210.616829320365,2545018854.4531174,2320551602.91405,365.9524865065862,1175432413.149116,25809216.063166525,1149623197.0859494,0.3312190059044633,25.310324274193075,1679421926.4400537,31429343.75345548,0.671959753085912
0.0,56174800.0,discharging,56174800.0,0.0,56174800.0,0.0,398.0557322808837,0.0,0.7431102628522516,22,242,0.0,18.86,56885355.58719191,1.0,654.15,1445.0192143073946,11210.616829230177,2545018854.4326434,2320551602.895794,365.95248650661574,1175432413.167319,25809216.063112672,1149623197.1042063,0.3312190059097233,25.310324274473786,1683688302.3255558,31491955.47251499,0.6702637765782586
0.0,56174800.0,discharging,56174800.0,0.0,56174800.0,0.0,398.0557322808837,0.0,0.6928295387746661,23,242,0.0,18.4,56885355.58719191,1.0,654.15,1445.0192142956262,11210.616829299408,2545018854.44836,2320551602.909812,365.9524865065931,1175432413.1540627,25809216.063874867,1149623197.0901878,0.3312190059056844,25.31032427425816,1686414042.4746273,31531957.40413634,0.6691847107949361
0.0,56174800.0,discharging,56174800.0,0.0,56174800.0,0.0,398.0557322808837,0.0,0.6425488146970808,0,243,0.0,17.88,56885355.58719191,1.0,654.15,1445.0192141603152,11210.616829439856,2545018854.480244,2320551602.938238,365.95248650654696,1175432413.1245408,25809216.06277714,1149623197.0617638,0.33121900589749514,25.310324273821223,1689495313.94749,31577176.979012653,0.6679690734251923
0.0,56174800.0,discharging,56174800.0,0.0,56174800.0,0.0,398.0557322808837,0.0,0.5922680906194955,1,243,0.0,17.32,56885355.58719191,1.0,654.15,1445.0192143463746,11210.616829524592,2545018854.4994807,2320551602.955389,365.95248650651945,1175432413.1908526,25809216.14623954,1149623197.0446131,0.3312190058925539,25.310324273557573,1692813606.302881,31625874.982725605,0.6666648551722699
0.0,56174800.0,discharging,56174800.0,0.0,56174800.0,0.0,398.0557322808837,0.0,0.5419873665419102,2,243,0.0,16.93,56885355.58719191,1.0,654.15,1445.019214340792,11210.616829588716,2545018854.514038,2320551602.96837,365.9524865064983,1175432413.1786737,25809216.147042777,1149623197.031631,0.3312190058888136,25.31032427335796,1695124559.9075282,31659789.663882837,0.6657595647753979
0.0,56174800.0,discharging,56174800.0,0.0,56174800.0,0.0,398.0557322808837,0.0,0.49170664246432483,3,243,0.0,16.41,56885355.58719191,1.0,654.15,1445.0192142042388,11210.616829644208,2545018854.526636,2320551602.979604,365.95248650648017,1175432413.1662827,25809216.145885687,1149623197.020397,0.33121900588557696,25.310324273185206,1698205831.3803911,31705009.23875915,0.6645563285845049
0.0,56174800.0,discharging,56174800.0,0.0,56174800.0,0.0,398.0557322808837,0.0,0.44142591838673956,4,243,0.0,15.91,56885355.58719191,1.0,654.15,1445.0192143024658,11210.61682932041,2545018854.453128,2320551602.9140596,365.9524865065862,1175432413.1491191,25809216.063179336,1149623197.08594,0.3312190059044606,25.31032427419293,1701168592.4119902,31748489.599217143,0.6634034651858229
0.0,56174800.0,discharging,56174800.0,0.0,56174800.0,0.0,398.0557322808837,0.0,0.39114519430915423,5,243,0.0,15.42,56885355.58719191,1.0,654.15,1445.0192141937086,11210.61682971229,2545018854.542092,2320551602.9933844,365.9524865064579,1175432413.15324,25809216.146624822,1149623197.0066152,0.33121900588160624,25.31032427297333,1704072098.222957,31791100.352465972,0.6622775331316896
46766492.03677662,56174800.0,direct_plus_discharge,56174800.0,0.0,9408307.963223383,0.0,66.6674543714433,0.0,0.3827240421780245,6,243,203.1601117214117,14.95,56807641.76260189,195.42106505096845,663.9045291894619,1445.0192143476206,11210.616829523551,2545018854.4992447,2320481412.2092385,365.9474655043323,1175424890.1124167,25731502.321654867,1149693387.790762,0.33124664529288234,25.346052385223704,1706857093.5926602,32156082.882913824,0.6611182729051107
162966584.93788344,56174800.0,charging,56174800.0,106791784.93788344,0.0,756.7286782513127,0.0,0.0,0.47831082258871666,7,243,546.3520183012969,16.27,57969525.075211346,680.9812369770242,665.7609926755679,1445.0192143024583,11210.616829320305,2545018854.453104,2321530838.8552737,366.02253896649427,1175537346.6958961,26893385.551169697,1148643961.1447265,0.3308335378087295,24.82187825591603,1699035404.469239,32768979.93686989,0.6632642644213153
196264778.28287366,56174800.0,charging,56174800.0,140089978.28287366,0.0,992.6803280225719,0.0,0.0,0.6037020219178836,8,243,667.6822497206181,18.92,58335695.07206877,820.1229199288672,665.7634249969526,1445.019214202326,11210.616829619066,2545018854.5209284,2321861576.565342,366.04620096518,1175572779.0661314,27259555.63147195,1148313223.4346595,0.3307034009022639,24.661010498591992,1683332771.0017643,32743861.967423353,0.6691503172838071
202346205.60596234,56174800.0,charging,56174800.0,146171405.60596234,0.0,1035.7734410626724,0.0,0.0,0.7345365618415896,9,243,735.3728990094438,21.33,58402570.658999614,845.5351104257186,665.7638659436933,1445.0192142042306,11210.616829730183,2545018854.546154,2321921981.4201813,366.05052260858645,1175579249.7975607,27326431.21774518,1148252818.5798156,0.330679636135017,24.63184819238487,1669052262.8294573,32570004.6586142,0.6747988907519776
198578423.7497617,56174800.0,charging,56174800.0,142403623.7497617,0.0,1009.0748650847504,0.0,0.0,0.8619986500628212,10,243,784.6513629077735,23.39,58361137.52008835,829.7908475753122,665.763592871343,1445.0192143513084,11210.616829606515,2545018854.5180793,2321884557.2317643,366.04784510600365,1175575240.8474612,27284998.07922627,1148290242.768235,0.33069435962767624,24.649907984265838,1656845687.3792691,32366307.064480346,0.6797786462239527
179799829.5241854,56174800.0,charging,56174800.0,123625029.52418539,0.0,876.0093788584113,0.0,0.0,0.9726524663396732,11,243,765.5607504792046,25.04,58154635.09164328,751.3215691689641,665.7622261010786,1445.0192143395343,11210.616829503628,2545018854.494722,2321698036.2701178,366.0345006772304,1175555259.381278,27078495.65139755,1148476763.7298806,0.33076774637935097,24.740301558618473,1647068575.9749925,32107602.144862194,0.6839525111747421
125337188.8122975,56174800.0,charging,56174800.0,30553303.717169512,0.0,216.50130814418844,0.0,38609085.095127985,0.9999999999999917,12,243,568.3481502095847,26.38,57131153.9317748,362.4068785174655,665.7553067595048,1445.0192143476343,11210.616829609657,2545018854.518792,2320773608.05717,365.96836760650734,1175456206.433744,26055014.490915537,1149401191.9428284,0.3311315939879983,25.19796092702745,1639128376.4103074,31427273.89741532,0.6880352604422991
43102193.94520567,56174800.0,direct_plus_discharge,56174800.0,0.0,13072606.054794326,0.0,92.63274236776401,0.0,0.9882990220166952,13,243,239.07803625843,27.25,56813524.68251482,180.10922521581668,663.0573825303936,1445.019214165254,11210.616829349723,2545018854.4597826,2320486726.9790463,365.9478455913352,1175425458.179016,25737385.158063326,1149688073.0209527,0.3312445525652716,25.343344307236055,1633973172.215325,31073998.56564041,0.6904837852021385
157249921.91856444,56174800.0,charging,56174800.0,13072606.054794326,0.0,92.63274236776401,0.0,88002515.86377011,0.9999999999999917,14,243,623.0558921870888,27.88,56938924.07287334,289.36106288668117,665.7539795336809,1445.0192143444747,11210.61682958559,2545018854.5133286,2320599985.8699408,365.9559475364149,1175437598.7627864,25862784.632734537,1149574814.1300519,0.33119995461663626,25.285753505919157,1630240093.3155103,31193190.903298013,0.6919175299118749
147339741.44003156,56174800.0,charging,56174800.0,0.0,0.0,0.0,0.0,91164941.44003156,0.9999999999999917,15,243,540.1247552261415,27.77,56795168.6424169,234.73514405126596,665.7512894240965,1445.0192143426946,11210.616829613782,2545018854.5197287,2320470146.583715,365.94665963505076,1175423682.6178226,25719029.201536477,1149704653.4162862,0.3312510815399075,25.351795875679517,1630891900.7424622,31123716.826438643,0.6917532189607261
43384409.15017867,56174800.0,direct_plus_discharge,56174800.0,0.0,12790390.849821327,0.0,90.6329599016702,0.0,0.9885516261176754,16,243,191.01043188489547,27.8,56813071.59452852,181.28850536977885,663.1220983594035,1445.0192142005449,11210.616829647237,2545018854.5273237,2320486316.425852,365.9478163178675,1175425415.7273397,25736932.153191473,1149688483.5741482,0.331244714094029,25.343552900974853,1630714135.0805662,31029141.397247527,0.6918568589072296
197311164.1118961,56174800.0,charging,56174800.0,12790390.849821327,0.0,90.6329599016702,0.0,128345973.26207477,0.9999999999999917,17,243,642.7838858902203,26.82,56935820.63902102,288.1817827327531,665.7539580332092,1445.0192143444813,11210.616829585664,2545018854.5133457,2320597182.8550186,365.95574702460425,1175437298.3438752,25859681.198895607,1149577617.1449795,0.3312010583166977,25.28717572585937,1636521146.7025003,31282141.962378144,0.6892765021858468
93892941.56068723,56174800.0,charging,56174800.0,0.0,0.0,0.0,0.0,37718141.56068723,0.9999999999999917,18,243,339.361790745553,25.28,56795168.64241709,234.735144051266,665.7512894240964,1445.019214163992,11210.61682935066,2545018854.4599953,2320470146.5304523,365.94665963513694,1175423682.5874765,25719029.11792925,1149704653.4695473,0.33125108155525296,25.35179587649963,1645646450.679825,31336138.450198494,0.6855793619574698
0.0,56174800.0,discharging,56174800.0,0.0,56174800.0,0.0,398.0557322808837,0.0,0.9497192759224062,19,243,0.0,23.38,56885355.587191865,1.0,654.15,1445.0192143024678,11210.616829320423,2545018854.4531307,2320551602.914062,365.9524865065862,1175432413.1491191,25809216.063181985,1149623197.0859373,0.3312190059044598,25.310324274192908,1656904942.5999014,31098893.013974708,0.6810548488285004
0.0,56174800.0,discharging,56174800.0,0.0,56174800.0,0.0,398.0557322808837,0.0,0.8994385518448209,20,243,0.0,22.36,56885355.58719191,1.0,654.15,1445.0192143407796,11210.616829588584,2545018854.514008,2320551602.9683423,365.9524865064983,1175432413.1786647,25809216.14700657,1149623197.0316582,0.3312190058888214,25.31032427335838,1662948975.1043632,31187592.949309036,0.678589447102494
0.0,56174800.0,discharging,56174800.0,0.0,56174800.0,0.0,398.0557322808837,0.0,0.8491578277672356,21,243,0.0,21.48,56885355.58719191,1.0,654.15,1445.0192141603,11210.616829353741,2545018854.460695,2320551602.9208055,365.95248650657527,1175432413.1418822,25809216.06268876,1149623197.0791934,0.3312190059025168,25.310324274089222,1668163434.519977,31264118.3837151,0.6764767318941682
0.0,56174800.0,discharging,56174800.0,0.0,56174800.0,0.0,398.0557322808837,0.0,0.7988771036896501,22,243,0.0,20.6,56885355.58719191,1.0,654.15,1445.0192142042301,11210.616829730174,2545018854.546152,2320551602.997004,365.9524865064519,1175432413.148928,25809216.145932786,1149623197.0029953,0.3312190058805633,25.310324272917676,1673377893.9355915,31340643.81812117,0.6743771312053896
0.0,56174800.0,discharging,56174800.0,0.0,56174800.0,0.0,398.0557322808837,0.0,0.7485963796120648,23,243,0.0,19.6,56885355.58719191,1.0,654.15,1445.0192143407778,11210.616829502562,2545018854.49448,2320551602.9509287,365.95248650652655,1175432413.1960154,25809216.146944243,1149623197.049071,0.33121900589383824,25.310324273626126,1679303415.9987895,31427604.53903716,0.6720069860471973
0.0,56174800.0,discharging,56174800.0,0.0,56174800.0,0.0,398.0557322808837,0.0,0.6983156555344795,0,244,0.0,19.09,56885355.58719191,1.0,654.15,1445.0192143110705,11210.616829313063,2545018854.45146,2320551602.912572,365.95248650658874,1175432413.1506007,25809216.06317385,1149623197.087427,0.331219005904889,25.310324274215795,1682325432.2510207,31471954.506704316,0.6708046155107985
0.0,56174800.0,discharging,56174800.0,0.0,56174800.0,0.0,398.0557322808837,0.0,0.6480349314568941,1,244,0.0,18.85,56885355.58719191,1.0,654.15,1445.0192143427096,11210.616829613848,2545018854.5197434,2320551602.973459,365.95248650649,1175432413.172873,25809216.14633149,1149623197.0265415,0.33121900588734726,25.31032427327966,1683747557.546188,31492825.079724148,0.6702402815788125
0.0,56174800.0,discharging,56174800.0,0.0,56174800.0,0.0,398.0557322808837,0.0,0.5977542073793087,2,244,0.0,18.38,56885355.58719191,1.0,654.15,1445.0192141534822,11210.616829332897,2545018854.455963,2320551602.9165874,365.95248650658215,1175432413.1468425,25809216.063429553,1149623197.083413,0.3312190059037325,25.310324274154084,1686532552.915891,31533696.618554667,0.6691378736966244
0.0,56174800.0,discharging,56174800.0,0.0,56174800.0,0.0,398.0557322808837,0.0,0.5474734833017234,3,244,0.0,17.79,56885355.58719191,1.0,654.15,1445.0192143061572,11210.61682931734,2545018854.4524307,2320551602.9134383,365.9524865065872,1175432413.149759,25809216.06319717,1149623197.086562,0.33121900590463976,25.31032427420249,1690028610.9331777,31585003.443895094,0.6677591228868895
0.0,56174800.0,discharging,56174800.0,0.0,56174800.0,0.0,398.0557322808837,0.0,0.4971927592241381,4,244,0.0,17.32,56885355.58719191,1.0,654.15,1445.0192143476272,11210.6168295236,2545018854.4992557,2320551602.9551907,365.9524865065197,1175432413.1910682,25809216.14625909,1149623197.044809,0.33121900589261033,25.310324273560532,1692813606.302881,31625874.982725605,0.6666648551723835
0.0,56174800.0,discharging,56174800.0,0.0,56174800.0,0.0,398.0557322808837,0.0,0.4469120351465528,5,244,0.0,16.83,56885355.58719191,1.0,654.15,1445.0192141973953,11210.616829709259,2545018854.541404,2320551602.992772,365.95248650645885,1175432413.1538785,25809216.14665084,1149623197.0072277,0.3312190058817827,25.310324272982726,1695717112.113848,31668485.735974442,0.6655278349189843
24258671.09710968,56174800.0,direct_plus_discharge,56174800.0,0.0,31916128.90289032,0.0,226.15831408409258,0.0,0.4183446691569832,6,244,135.68730688241658,16.47,56843777.38932582,101.36863245569764,658.9258292739722,1445.0192143073828,11210.61682931616,2545018854.452163,2320514049.665312,365.94980017974973,1175428388.1999857,25767637.86529688,1149660750.334689,0.33123379329951647,25.32942726170118,1697850300.056599,31859030.888135895,0.6646554596006982
133098295.97806013,56174800.0,charging,56174800.0,76923495.97806013,0.0,545.081398085126,0.0,0.0,0.48719705628352544,7,244,456.3774036804013,17.69,57641072.6825767,556.171943280403,665.7587847080193,1445.0192141640075,11210.616829350773,2545018854.4600205,2321234172.586074,366.0013152818612,1175505560.572048,26564933.158120006,1148940627.413928,0.3309502921988789,24.967914494726234,1690621163.139498,32460286.541913297,0.6667941481387087
186558616.44395676,56174800.0,charging,56174800.0,130383816.44395678,0.0,923.9022752582215,0.0,-1.4901161193847656e-08,0.6039005015793009,8,244,637.4691425498951,20.7,58228959.3938521,779.5642121552204,665.7627191410186,1445.0192143395448,11210.616829589755,2545018854.514274,2321765168.7068987,366.03930355795353,1175562451.2467983,27152819.95369826,1148409631.2931,0.3307413320732105,24.707693278798992,1672785341.7292717,32528241.666731726,0.6734301787511296
126670208.9002908,56174800.0,charging,56174800.0,70495408.9002908,0.0,499.5318472383628,0.0,0.0,0.6669992612304625,9,244,484.79995596110433,22.72,57570384.9848129,529.3111810493979,665.7583062399436,1445.0192143110796,11210.61682922707,2545018854.431938,2321170326.128215,365.99674776140466,1175498719.3325257,26494245.46080589,1149004473.8717198,0.3309754222012544,24.999561487946504,1660815787.1616118,31985499.830833815,0.6787592156862812
32339817.617059454,56174800.0,direct_plus_discharge,56174800.0,0.0,23834982.382940546,0.0,168.8951516755442,0.0,0.6456651368082884,10,244,189.311784644432,24.74,56830803.35265767,135.13696082464236,660.6531137074621,1445.019214165248,11210.616829435752,2545018854.479313,2320502331.6067877,365.94896194294006,1175427132.2214804,25754663.828271374,1149672468.393209,0.3312384076119988,25.335393867937444,1648846232.593952,31205664.13894995,0.6843077113444588
177464855.31794256,56174800.0,charging,56174800.0,121290055.31794256,0.0,859.4637059317082,0.0,0.0,0.7542289733470305,11,244,760.9837336283263,26.15,58128958.098033,741.5645160658217,665.762055477508,1445.0192141986468,11210.616829708228,2545018854.5411696,2321674845.3835835,366.03284142568305,1175552773.2739184,27052818.657501776,1148499954.6164167,0.3307768716187153,24.75158614744596,1640491246.484843,31996502.79271703,0.6867015648470474
204722532.4651743,56174800.0,charging,56174800.0,148547732.4651743,0.0,1052.6121396976894,0.0,0.0,0.8871905067825282,12,244,886.9111888419293,27.09,58428702.395026505,855.4649620248343,665.7640379710847,1445.0192143463732,11210.616829524597,2545018854.499482,2321945584.6948404,366.0522113078839,1175581778.2592354,27352562.954074677,1148229215.3051608,0.33067035026901964,24.62047111591921,1634921255.745437,32079076.091172792,0.6887996321153126
161683399.29527593,56174800.0,charging,56174800.0,105508599.29527593,0.0,747.6359996726537,0.0,0.0,0.9816287383201266,13,244,692.9654543567667,27.74,57955414.27713112,675.6192460725264,665.7608983305214,1445.0192143426889,11210.616829613717,2545018854.519714,2321518093.6268106,366.02162714636273,1175535981.2094233,26879274.83623343,1148656706.37319,0.33083855329759265,24.828118160198304,1631069666.404358,31762520.333412796,0.6907833006448374
158734884.11515293,56174800.0,charging,56174800.0,20524802.88513032,0.0,145.4391549655957,0.0,82035281.23002261,0.9999999999999913,14,244,632.5464049938739,28.27,57020873.59073296,320.5012270967758,665.7545464333276,1445.0192143444729,11210.616829499513,2545018854.493788,2320674002.592163,365.96124229749523,1175445531.558346,25944734.15050937,1149500797.4078367,0.33117081091439554,25.24825426888429,1627929139.710863,31204704.83935673,0.6928318659664608
203454921.93656936,56174800.0,charging,56174800.0,-2.2817880380898714e-09,0.0,-1.616879469818539e-14,0.0,147280121.93656936,0.9999999999999913,15,244,726.6225128505704,28.61,56795168.64239088,234.73514405126596,665.7512894240964,1445.019214168927,11210.616829432587,2545018854.4785943,2320470146.547013,365.9466596351083,1175423682.5709784,25719029.118018944,1149704653.4529595,0.3312510815504762,25.35179587625582,1625914462.2093756,31052056.519613884,0.6938611254105872
160075666.8428357,56174800.0,charging,56174800.0,0.0,0.0,0.0,0.0,103900866.8428357,0.9999999999999913,16,244,545.4091030730305,28.19,56795168.64241695,234.73514405126596,665.7512894240964,1445.01921435131,11210.616829606513,2545018854.518079,2320470146.582243,365.9466596350531,1175423682.619311,25719029.20155484,1149704653.4177563,0.33125108154033106,25.351795875702138,1628403181.4759188,31087886.6730334,0.6928055688182597
164793944.73041627,56174800.0,charging,56174800.0,0.0,0.0,0.0,0.0,108619144.73041627,0.9999999999999913,17,244,545.6839920315533,27.32,56795168.64241695,234.73514405126596,665.7512894240964,1445.0192142993014,11210.61682921025,2545018854.4281197,2320470146.502034,365.9466596351828,1175423682.6169999,25719029.119034715,1149704653.497965,0.3312510815634407,25.351795876937217,1633558385.6709013,31162106.276515726,0.6906292432028767
50462440.16377318,56174800.0,direct_plus_discharge,56174800.0,0.0,5712359.836226821,0.0,40.477893604626566,0.0,0.9948870029130912,18,244,209.80953755849595,26.17,56801708.0295105,210.86515948470998,664.7743400004703,1445.0192142091644,11210.616829726066,2545018854.5452194,2320476052.939184,365.9470821346608,1175424315.6490896,25725568.588274647,1149698747.0608149,0.33124875569844553,25.348784372840054,1640372736.0435786,31226281.56617701,0.6877838135516413
0.0,56174800.0,discharging,56174800.0,0.0,56174800.0,0.0,398.0557322808837,0.0,0.9446062788355057,19,244,0.0,24.12,56885355.58719175,1.0,654.15,1445.0192143513075,11210.616829520486,2545018854.498549,2320551602.9545574,365.9524865065207,1175432413.1917057,25809216.146263685,1149623197.045442,0.33121900589279274,25.31032427357038,1652520056.2731347,31034542.080496818,0.6828547159502119
0.0,56174800.0,discharging,56174800.0,0.0,56174800.0,0.0,398.0557322808837,0.0,0.8943255547579204,20,244,0.0,22.48,56885355.58719191,1.0,654.15,1445.019214157159,11210.616829415781,2545018854.474779,2320551602.933363,365.952486506555,1175432413.1301267,25809216.06349029,1149623197.0666363,0.331219005898899,25.31032427389618,1662237912.4567792,31177157.662799112,0.6788785675477998
0.0,56174800.0,discharging,56174800.0,0.0,56174800.0,0.0,398.0557322808837,0.0,0.8440448306803351,21,244,0.0,21.09,56885355.58719191,1.0,654.15,1445.0192143463648,11210.616829610573,2545018854.5190005,2320551602.9727936,365.9524865064912,1175432413.1734982,25809216.146291044,1149623197.0272071,0.331219005887539,25.310324273289954,1670474388.1246247,31298033.064872343,0.6755446161383017
0.0,56174800.0,discharging,56174800.0,0.0,56174800.0,0.0,398.0557322808837,0.0,0.7937641066027497,22,244,0.0,19.71,56885355.58719191,1.0,654.15,1445.0192143513113,11210.616829520466,2545018854.4985447,2320551602.9545536,365.9524865065207,1175432413.1917057,25809216.146259047,1149623197.0454466,0.331219005892794,25.310324273570384,1678651608.571838,31418038.8597364,0.6722668861891761
0.0,56174800.0,discharging,56174800.0,0.0,56174800.0,0.0,398.0557322808837,0.0,0.7434833825251643,23,244,0.0,18.66,56885355.58719191,1.0,654.15,1445.0192141534753,11210.616829418928,2545018854.4754934,2320551604.323319,365.952486506554,1175432411.740174,25809216.063492984,1149623195.676681,0.3312190054984377,25.31032422504012,1684873406.7381954,31509347.616698187,0.6697941894136367
0.0,56174800.0,discharging,56174800.0,0.0,56174800.0,0.0,398.0557322808837,0.0,0.6932026584475789,0,245,0.0,17.67,56885355.58719191,1.0,654.15,1445.0192141639882,11210.616829350663,2545018854.459996,2320551602.920184,365.9524865065764,1175432413.1425207,25809216.062704396,1149623197.0798163,0.3312190059026963,25.310324274098768,1690739673.5807617,31595438.730405007,0.6674793940287034
0.0,56174800.0,discharging,56174800.0,0.0,56174800.0,0.0,398.0557322808837,0.0,0.6429219343699936,1,245,0.0,16.92,56885355.58719191,1.0,654.15,1445.0192143476302,11210.616829609664,2545018854.518794,2320551602.972609,365.9524865064914,1175432413.1737232,25809216.146332894,1149623197.0273902,0.3312190058875918,25.310324273292768,1695183815.1281602,31660659.271092,0.6657363845272343
0.0,56174800.0,discharging,56174800.0,0.0,56174800.0,0.0,398.0557322808837,0.0,0.5926412102924082,2,245,0.0,16.92,56885355.58719191,1.0,654.15,1445.0192142993099,11210.616829296323,2545018854.44766,2320551602.909183,365.95248650659414,1175432413.1547046,25809216.06388763,1149623197.090817,0.3312190059058657,25.310324274267934,1695183815.1281602,31660659.271092,0.6657363845639641
0.0,56174800.0,discharging,56174800.0,0.0,56174800.0,0.0,398.0557322808837,0.0,0.5423604862148229,3,245,0.0,16.83,56885355.58719191,1.0,654.15,1445.0192143024603,11210.61682923428,2545018854.433575,2320551602.896625,365.9524865066145,1175432413.166463,25809216.063088086,1149623197.1033747,0.3312190059094837,25.31032427446099,1695717112.113848,31668485.735974442,0.6655278349746447
0.0,56174800.0,discharging,56174800.0,0.0,56174800.0,0.0,398.0557322808837,0.0,0.4920797621372376,4,245,0.0,16.56,56885355.58719191,1.0,654.15,1445.0192141652426,11210.616829435683,2545018854.479297,2320551602.937394,365.95248650654844,1175432413.12539,25809216.062783618,1149623197.0626063,0.3312190058977379,25.31032427383417,1697317003.0709114,31691965.130621754,0.6649029693920051
0.0,56174800.0,discharging,56174800.0,0.0,56174800.0,0.0,398.0557322808837,0.0,0.4417990380596523,5,245,0.0,16.06,56885355.58719191,1.0,654.15,1445.019214344472,11210.616829499528,2545018854.493791,2320551602.9503174,365.95248650652763,1175432413.1966531,25809216.14697224,1149623197.049681,0.331219005894014,25.310324273635437,1700279764.1025105,31735445.491079748,0.6637489039830285
0.0,56174800.0,discharging,56174800.0,0.0,56174800.0,0.0,398.0557322808837,0.0,0.391518313982067,6,245,51.095291679195526,15.82,56885355.58719191,1.0,654.15,1445.0192143110758,11210.61682931313,2545018854.4514756,2320551602.9125857,365.95248650658874,1175432413.1506062,25809216.063191295,1149623197.0874147,0.3312190059048855,25.31032427421561,1701701889.3976781,31756316.064099584,0.6631963744295557
0.0,56174800.0,discharging,56174800.0,0.0,56174800.0,0.0,398.0557322808837,0.0,0.3412375899044817,7,245,0.0,15.94,56885355.58719191,1.0,654.15,1445.019214160309,11210.616829439847,2545018854.4802423,2320551602.938236,365.95248650654696,1175432413.1245394,25809216.062774494,1149623197.061765,0.33121900589749553,25.310324273821237,1700990826.7500944,31745880.77758966,0.6634725241678978
0.0,56174800.0,discharging,56174800.0,0.0,56174800.0,0.0,398.0557322808837,0.0,0.2909568658268964,8,245,0.0,17.23,56885355.58719191,1.0,654.15,1445.0192143005593,11210.616829209279,2545018854.427899,2320551602.891567,365.9524865066228,1175432413.172268,25809216.06383536,1149623197.1084325,0.33121900591094094,25.310324274538694,1693346903.2885687,31633701.44760804,0.6664557235901554
199725713.653941,56174800.0,charging,56174800.0,143550913.653941,0.0,1017.2045838010887,0.0,0.0,0.41944586588598126,9,245,731.5306608803058,18.8,58373753.91450534,834.5849769878974,665.763676062787,1445.019214200554,11210.616829733293,2545018854.5468597,2321895952.9128637,366.0486604041639,1175576461.560381,27297614.473241962,1148278847.087139,0.3306898762820827,24.644406061246805,1684043833.649348,32775755.603566233,0.6688407181949854
199540027.57001618,56174800.0,charging,56174800.0,143365227.57001618,0.0,1015.8888085760577,0.0,0.0,0.5477686627587465,10,245,796.5072389865691,21.03,58371711.98171722,833.8090587886617,665.7636626008834,1445.0192143110712,11210.616829227043,2545018854.431932,2321894108.450908,366.04852845020673,1175576264.0067284,27295572.457637012,1148280691.5490913,0.3306906019268761,24.645296374290734,1670829919.4484167,32579090.372274067,0.6741074427391722
183747159.17261803,56174800.0,charging,56174800.0,127572359.17261803,0.0,903.9802340062872,0.0,0.0,0.6619556396858564,11,245,791.9640943605307,23.01,58198042.6624383,767.8161004114904,665.7625142032282,1445.0192143407874,11210.616829588638,2545018854.514021,2321737243.567137,366.03730569448805,1175559459.655133,27121903.22226871,1148437556.4328642,0.3307523195169641,24.721247251213295,1659097385.7632844,32309032.771974046,0.6789837994273428
173607462.76238927,56174800.0,charging,56174800.0,117432662.76238927,0.0,832.1301467842685,0.0,0.0,0.767066816121764,12,245,770.7434784833978,24.19,58086539.53780425,725.4458009624233,665.7617732771055,1445.0192142054811,11210.616829729164,2545018854.5459228,2321636530.077961,366.03010034401984,1175548670.018598,27010400.096558187,1148538269.92204,0.3307919479665189,24.770250345936102,1652105269.728711,32144149.392520357,0.6819288502538405
145952360.9846051,56174800.0,charging,56174800.0,89777560.9846051,0.0,636.165554307602,0.0,0.0,0.8474245703500927,13,245,639.0649439171543,24.84,57782424.88431008,609.8846543351049,665.7597379898878,1445.0192141640061,11210.616829350793,2545018854.4600253,2321361844.963218,366.0104489547695,1175519240.3966408,26706285.359857842,1148812955.036783,0.33090004339055457,24.904863104162995,1648253680.3876324,31919363.769705564,0.683746807527763
126109948.90633254,56174800.0,charging,56174800.0,69935148.90633254,0.0,495.5618339554897,0.0,0.0,0.910021854639207,14,245,521.1856406331805,25.36,57564223.977940395,526.9700474737028,665.7582644821085,1445.0192143358452,11210.61682959274,2545018854.5149517,2321164761.474433,365.9963496668454,1175498123.0633109,26488084.537743807,1149010038.525567,0.3309776125094865,25.002323461325247,1645172408.9147692,31753809.87362285,0.6851881887539134
123597620.59280336,56174800.0,charging,56174800.0,67422820.59280336,0.0,477.7594263532934,0.0,0.0,0.9703704137575178,15,245,469.43433436892775,23.54,57536596.67572797,516.4718926323799,665.7580771213222,1445.0192143463705,11210.616829524564,2545018854.4994745,2321139808.0185137,365.99456452841446,1175495449.2162542,26460457.234766856,1149034991.9814873,0.3309874345215832,25.01471603199455,1655956859.0697894,31895852.005331825,0.6807673349942839
0.0,56174800.0,discharging,56174800.0,0.0,56174800.0,0.0,398.0557322808837,0.0,0.9200896896799324,16,245,4.138367276145273,22.36,56885355.5871907,1.0,654.15,1445.0192143513136,11210.61682960653,2545018854.518082,2320551602.9719744,365.9524865064924,1175432413.174358,25809216.14633176,1149623197.028026,0.3312190058877751,25.31032427330306,1662948975.1043632,31187592.949308373,0.6785894471003504
0.0,56174800.0,discharging,56174800.0,0.0,56174800.0,0.0,398.0557322808837,0.0,0.8698089656023471,17,245,0.0,21.87,56885355.58719191,1.0,654.15,1445.01921415348,11210.616829418925,2545018854.475493,2320551604.323318,365.952486506554,1175432411.7401764,25809216.063492764,1149623195.6766837,0.33121900549843847,25.310324225040162,1665852480.9153302,31230203.702557866,0.6774114226116983
0.0,56174800.0,discharging,56174800.0,0.0,56174800.0,0.0,398.0557322808837,0.0,0.8195282415247617,18,245,22.15208737249252,20.56,56885355.58719191,1.0,654.15,1445.0192143024565,11210.616829234275,2545018854.4335737,2320551602.896624,365.9524865066145,1175432413.1664598,25809216.063085437,1149623197.1033745,0.33121900590948367,25.31032427446098,1673614914.8181198,31344122.246957812,0.6742820045004365
0.0,56174800.0,discharging,56174800.0,0.0,56174800.0,0.0,398.0557322808837,0.0,0.7692475174471763,19,245,0.0,17.67,56885355.58719191,1.0,654.15,1445.0192143476193,11210.61682960959,2545018854.518777,2320551602.972594,365.9524865064914,1175432413.173719,25809216.14631126,1149623197.0274076,0.3312190058875968,25.31032427329304,1690739673.5807617,31595438.730405007,0.6674793939982745
0.0,56174800.0,discharging,56174800.0,0.0,56174800.0,0.0,398.0557322808837,0.0,0.718966793369591,20,245,0.0,16.03,56885355.58719191,1.0,654.15,1445.019214162088,11210.616829325625,2545018854.454312,2320551602.91512,365.9524865065846,1175432413.1483233,25809216.063443724,1149623197.0848796,0.3312190059041551,25.310324274176537,1700457529.7644067,31738054.312707234,0.6636797874631348
0.0,56174800.0,discharging,56174800.0,0.0,56174800.0,0.0,398.0557322808837,0.0,0.6686860692920056,21,245,0.0,14.98,56885355.58719191,1.0,654.15,1445.0192143073832,11210.616829316163,2545018854.4521637,2320551602.913198,365.95248650658766,1175432413.149965,25809216.06316352,1149623197.0868015,0.3312190059047088,25.31032427420621,1706679327.9307642,31829363.069669012,0.6612697440271325
0.0,56174800.0,discharging,56174800.0,0.0,56174800.0,0.0,398.0557322808837,0.0,0.6184053452144203,22,245,0.0,14.42,56885355.58719191,1.0,654.15,1445.0192142042297,11210.61682973014,2545018854.546144,2320551602.996997,365.9524865064519,1175432413.1489272,25809216.145923954,1149623197.0030034,0.33121900588056563,25.310324272917807,1709997620.2861552,31878061.073381957,0.6599915305699201
0.0,56174800.0,discharging,56174800.0,0.0,56174800.0,0.0,398.0557322808837,0.0,0.5681246211368349,23,245,0.0,14.12,56885355.58719191,1.0,654.15,1445.0192142993058,11210.616829210236,2545018854.4281163,2320551602.8917623,365.95248650662245,1175432413.1720455,25809216.06380654,1149623197.108239,0.33121900591088516,25.310324274535695,1711775276.9051147,31904149.289656762,0.6593088040369092
0.0,56174800.0,discharging,56174800.0,0.0,56174800.0,0.0,398.0557322808837,0.0,0.5178438970592496,0,246,0.0,13.96,56885355.58719191,1.0,654.15,1445.0192143513204,11210.616829606575,2545018854.5180926,2320551602.9719844,365.9524865064924,1175432413.1743634,25809216.146345872,1149623197.0280175,0.3312190058877725,25.310324273302413,1712723360.4352264,31918063.005003322,0.6589452603739595
0.0,56174800.0,discharging,56174800.0,0.0,56174800.0,0.0,398.0557322808837,0.0,0.46756317298166433,1,246,0.0,13.74,56885355.58719191,1.0,654.15,1445.0192141689283,11210.616829346593,2545018854.4590716,2320551602.919359,365.95248650657766,1175432413.1433787,25809216.062739357,1149623197.0806394,0.3312190059029334,25.310324274111434,1714026975.2891297,31937194.363604832,0.6584460420566907
0.0,56174800.0,discharging,56174800.0,0.0,56174800.0,0.0,398.0557322808837,0.0,0.41728244890407906,2,246,0.0,13.68,56885355.58719191,1.0,654.15,1445.0192141584014,11210.616829414741,2545018854.4745426,2320551602.9331555,365.9524865065554,1175432413.1303406,25809216.06349329,1149623197.0668473,0.3312190058989598,25.31032427389937,1714382506.6129217,31942412.006859787,0.6583100228424038
0.0,56174800.0,discharging,56174800.0,0.0,56174800.0,0.0,398.0557322808837,0.0,0.36700172482649374,3,246,0.0,13.57,56885355.58719191,1.0,654.15,1445.0192143024508,11210.616829320286,2545018854.4530997,2320551602.914036,365.9524865065863,1175432413.1491086,25809216.063144233,1149623197.0859644,0.3312190059044676,25.31032427419329,1715034314.0398734,31951977.686160553,0.6580608002081855
0.0,56174800.0,discharging,56174800.0,0.0,56174800.0,0.0,398.0557322808837,0.0,0.31672100074890847,4,246,0.0,13.46,56885355.58719191,1.0,654.15,1445.0192143024658,11210.616829234345,2545018854.4335895,2320551602.8966384,365.9524865066145,1175432413.1664662,25809216.063103545,1149623197.1033628,0.3312190059094803,25.310324274460804,1715686121.4668255,31961543.36546131,0.6578117662027069
0.0,56174800.0,discharging,56174800.0,0.0,56174800.0,0.0,398.0557322808837,0.0,0.26644027667132314,5,246,0.0,13.09,56885355.58719191,1.0,654.15,1445.0192143444676,11210.61682958552,2545018854.513313,2320551602.967719,365.9524865064993,1175432413.1793067,25809216.147026837,1149623197.03228,0.33121900588900055,25.310324273368007,1717878564.6302087,31993718.83220023,0.6569754878096372
0.0,56174800.0,discharging,56174800.0,0.0,56174800.0,0.0,398.0557322808837,0.0,0.21615955259373784,6,246,0.0,12.77,56885355.58719191,1.0,654.15,1445.0192142054775,11210.616829643057,2545018854.526375,2320551602.97937,365.95248650648057,1175432413.1664913,25809216.14586174,1149623197.0206296,0.33121900588564396,25.310324273188805,1719774731.690432,32021546.262893345,0.6562539328852598
23119002.27526456,56174800.0,direct_plus_discharge,56174800.0,0.0,33055797.72473544,0.0,234.23402966184722,0.0,0.18657209621539925,7,246,132.2236013593005,13.15,56845607.09319833,96.60634892168326,658.6873705212117,1445.019214302453,11210.616829320292,2545018854.453101,2320515702.2456284,365.9499183948145,1175428565.3235245,25769467.569153197,1149659097.7543712,0.3312331425531775,25.328586021552386,1717523033.3064167,32137531.549098343,0.6570755041560354
0.0,56174800.0,discharging,56174800.0,0.0,56174800.0,0.0,398.0557322808837,0.0,0.13629137213781395,8,246,8.503475011097073,14.47,56885355.58719028,1.0,654.1499999999972,1445.0192143358504,11210.616829592786,2545018854.514962,2320551602.9691925,365.9524865064968,1175432413.1778123,25809216.147008043,1149623197.0308044,0.3312190058885756,25.310324273345962,1709701344.182995,31873713.037335142,0.6601054558427586
0.0,56174800.0,discharging,56174800.0,0.0,56174800.0,0.0,398.0557322808837,0.0,0.08601064806022864,9,246,0.0,15.75,56885355.58719191,1.0,654.15,1445.0192142054782,11210.616829643108,2545018854.5263863,2320551602.9793806,365.95248650648057,1175432413.166493,25809216.145873893,1149623197.0206192,0.33121900588564096,25.310324273188634,1702116675.942102,31762403.3145637,0.6630353931679458
0.0,56174800.0,discharging,56174800.0,0.0,56174800.0,0.0,398.0557322808837,0.0,0.03572992398264333,10,246,0.0,15.87,56885355.58719191,1.0,654.15,1445.0192143427091,11210.61682961389,2545018854.519753,2320551602.9734674,365.95248650649,1175432413.172875,25809216.146342527,1149623197.0265324,0.33121900588734465,25.31032427327952,1701405613.2945182,31751968.028053783,0.6633114088502301
0.0,56174800.0,discharging,39918306.08173261,0.0,39918306.08173261,0.0,282.8618981959264,0.0,-4.084748134278415e-18,11,246,0.0,15.98,40423994.6923065,1.0,654.15,1445.0192141986463,11210.616829622155,2545018854.5216293,2305687958.604045,364.8901384804936,1173834696.64765,25604349.169965148,1148230347.477685,0.3323941557961418,35.54315304997949,1700753805.8675663,22556854.762035802,0.6662933002794663
0.0,56174800.0,shutdown,0.0,0.0,0.0,0.0,0.0,0.0,-4.084748134278415e-18,12,246,3.453364712291276,16.25,0.0,1.0,567.279923475184,1445.0192143426948,11210.616829613775,2545018854.519727,2259509895.652418,362.89907080586624,1179588764.9067006,25103923.82730837,1154484841.0793922,0.33816193353233515,,1699153914.910503,0.0,0.6794468888006538
0.0,56174800.0,shutdown,0.0,0.0,0.0,0.0,0.0,0.0,-4.084748134278415e-18,13,246,18.977357622194443,17.5,0.0,1.0,567.279923475184,1445.0192143476313,11210.616829609626,2545018854.5187855,2259509895.651582,362.89907080586624,1179588764.9075518,25103923.827322144,1154484841.0802295,0.3381619335325804,,1691747012.3315053,0.0,0.6824216816491727
0.0,56174800.0,shutdown,0.0,0.0,0.0,0.0,0.0,0.0,-4.084748134278415e-18,14,246,22.20493702648952,18.15,0.0,1.0,567.279923475184,1445.019214158395,11210.61682932866,2545018854.455001,2259509895.5949526,362.89907080586624,1179588764.8812704,25103923.744412925,1154484841.1368575,0.3381619335491674,,1687895422.9904265,0.0,0.6839788919454909
0.0,56174800.0,shutdown,0.0,0.0,0.0,0.0,0.0,0.0,-4.084748134278415e-18,15,246,0.0,18.51,0.0,1.0,567.279923475184,1445.0192141602922,11210.616829439714,2545018854.4802117,2259509895.617336,362.89907080586624,1179588764.85821,25103923.74373416,1154484841.114476,0.3381619335426116,,1685762235.0476756,0.0,0.6848444087263739
0.0,56174800.0,shutdown,0.0,0.0,0.0,0.0,0.0,0.0,-4.084748134278415e-18,16,246,0.0,19.53,0.0,1.0,567.279923475184,1445.0192143061383,11210.616829231176,2545018854.4328704,2259509895.575305,362.89907080586624,1179588764.9005964,25103923.74409231,1154484841.1565042,0.33816193355492213,,1679718202.5432136,0.0,0.687308644633684
0.0,56174800.0,shutdown,0.0,0.0,0.0,0.0,0.0,0.0,-4.084748134278415e-18,17,246,0.0,19.92,0.0,1.0,567.279923475184,1445.0192142993076,11210.616829296301,2545018854.4476547,2259509895.588431,362.89907080586624,1179588764.888259,25103923.74487931,1154484841.1433797,0.3381619335510778,,1677407248.9385662,0.0,0.6882555454997094
38309965.35875819,56174800.0,direct_partial,38309965.35875818,0.0,-4.563576076179743e-09,0.0,-3.233758939637078e-14,0.0,0.0,18,246,175.60922881613288,19.69,38733879.90600344,160.08415227267588,665.5653012566316,1445.0192143476208,11210.61682960956,2545018854.51877,2304162362.5406747,364.78120514289,1173670177.9244761,25522575.10635779,1148147602.8181183,0.33253289791606394,37.08765995921378,1678770119.0131018,21691480.955430105,0.675197606837676
0.0,56174800.0,shutdown,0.0,0.0,0.0,0.0,0.0,0.0,0.0,19,246,0.0,16.74,0.0,1.0,567.279923475184,1445.0192141689445,11210.616829346678,2545018854.459091,2259509895.5985847,362.89907080586624,1179588764.876986,25103923.74376062,1154484841.1332254,0.33816193354810353,,1696250409.0995357,0.0,0.6806099116852036
0.0,56174800.0,shutdown,0.0,0.0,0.0,0.0,0.0,0.0,0.0,20,246,0.0,16.15,0.0,1.0,567.279923475184,1445.0192143358597,11210.61682959283,2545018854.514972,2259509895.648196,362.89907080586624,1179588764.9116328,25103923.828019142,1154484841.0836136,0.33816193353357166,,1699746467.1168227,0.0,0.6792100253880196
0.0,56174800.0,shutdown,0.0,0.0,0.0,0.0,0.0,0.0,0.0,21,246,0.0,15.96,0.0,1.0,567.279923475184,1445.0192143513043,11210.616829520452,2545018854.4985414,2259509895.633609,362.89907080586624,1179588764.925454,25103923.82725271,1154484841.0982013,0.3381619335378445,,1700872316.3088305,0.0,0.6787604395864477
0.0,56174800.0,shutdown,0.0,0.0,0.0,0.0,0.0,0.0,0.0,22,246,0.0,16.1,0.0,1.0,567.279923475184,1445.0192142005494,11210.61682973331,2545018854.5468636,2259509895.6765103,362.89907080586624,1179588764.8822296,25103923.82693003,1154484841.0552995,0.3381619335252781,,1700042743.2199826,0.0,0.6790916555831039
0.0,56174800.0,shutdown,0.0,0.0,0.0,0.0,0.0,0.0,0.0,23,246,0.0,15.99,0.0,1.0,567.279923475184,1445.0192143444644,11210.616829585544,2545018854.5133185,2259509895.646728,362.89907080586624,1179588764.9131098,25103923.828029558,1154484841.0850801,0.3381619335340012,,1700694550.646934,0.0,0.6788313872387731
0.0,56174800.0,shutdown,0.0,0.0,0.0,0.0,0.0,0.0,0.0,0,247,0.0,16.22,0.0,1.0,567.279923475184,1445.0192142005565,11210.616829647279,2545018854.5273333,2259509895.6591706,362.89907080586624,1179588764.8995056,25103923.826865714,1154484841.07264,0.33816193353035734,,1699331680.5723984,0.0,0.679375812427487
0.0,56174800.0,shutdown,0.0,0.0,0.0,0.0,0.0,0.0,0.0,1,247,0.0,16.37,0.0,1.0,567.279923475184,1445.0192143513095,11210.616829606526,2545018854.5180817,2259509895.650957,362.89907080586624,1179588764.9081833,25103923.82732917,1154484841.0808542,0.33816193353276336,,1698442852.2629192,0.0,0.6797313430608967
0.0,56174800.0,shutdown,0.0,0.0,0.0,0.0,0.0,0.0,0.0,2,247,0.0,16.58,0.0,1.0,567.279923475184,1445.0192142993062,11210.616829210232,2545018854.4281154,2259509895.5710835,362.89907080586624,1179588764.9055316,25103923.7448044,1154484841.1607273,0.33816193355615914,,1697198492.6296475,0.0,0.6802297115948783
0.0,56174800.0,shutdown,0.0,0.0,0.0,0.0,0.0,0.0,0.0,3,247,0.0,16.69,0.0,1.0,567.279923475184,1445.0192141639964,11210.616829436776,2545018854.479545,2259509895.616744,362.89907080586624,1179588764.8588562,25103923.743789528,1154484841.1150668,0.3381619335427846,,1696546685.2026958,0.0,0.6804910534938413
0.0,56174800.0,shutdown,0.0,0.0,0.0,0.0,0.0,0.0,0.0,4,247,0.0,16.45,0.0,1.0,567.279923475184,1445.0192142005435,11210.616829733259,2545018854.546852,2259509895.6765003,362.89907080586624,1179588764.882226,25103923.826915238,1154484841.0553107,0.3381619335252814,,1697968810.4978633,0.0,0.6799211115761326
0.0,56174800.0,shutdown,0.0,0.0,0.0,0.0,0.0,0.0,0.0,5,247,0.0,16.25,0.0,1.0,567.279923475184,1445.0192142956123,11210.616829213302,2545018854.4288125,2259509895.5717025,362.89907080586624,1179588764.904893,25103923.74478458,1154484841.1601083,0.33816193355597784,,1699153914.910503,0.0,0.6794468888481576
0.0,56174800.0,shutdown,0.0,0.0,0.0,0.0,0.0,0.0,0.0,6,247,0.0,16.05,0.0,1.0,567.279923475184,1445.019214351311,11210.616829606515,2545018854.5180793,2259509895.6509547,362.89907080586624,1179588764.9081829,25103923.827327393,1154484841.0808554,0.33816193353276375,,1700339019.3231425,0.0,0.6789733270606373
4177517.7178240307,56174800.0,charging_only,0.0,4177517.7178240307,0.0,29.601972312937665,0.0,0.0,0.0037391965026868632,7,247,75.72625445472606,16.48,0.0,17.456407913693322,583.8231531377685,1445.01921434639,11210.616829524688,2545018854.499503,2259509895.6344624,362.89907080586624,1179588764.924614,25147231.07140828,1154441533.8532057,0.33814924834598875,,1697791044.8359673,0.0,0.6799667941261538
27479933.325170096,56174800.0,direct_plus_discharge,31657451.042994127,0.0,4177517.717824031,0.0,29.60197231293767,0.0,0.0,8,247,149.59508427693285,17.12,32012285.179596283,114.82917798733573,664.3664049880291,1445.0192141973912,11210.616829709192,2545018854.5413885,2298095950.6364822,364.34824176651273,1173014995.1025841,25453494.69606697,1147561500.4065173,0.33301143624527435,44.83615192078128,1693998710.7155206,18025717.000778086,0.6702950506011592
210067935.02315915,56174800.0,charging,56174800.0,153893135.02315915,0.0,1090.4897668464246,0.0,0.0,0.13774607581217993,9,247,770.6988346067691,18.97,58487484.143867485,877.8015584962161,665.7644243766077,1445.019214306146,11210.616829317258,2545018854.452412,2321998678.9520736,366.05600995571757,1175587465.6677802,27411344.619843528,1148176121.0479367,0.3306494627527841,24.594916226968074,1683036494.8986044,32824707.277854335,0.6691544278707098
228933538.1076306,56174800.0,charging,56174800.0,172758738.1076306,0.0,1224.171799549875,0.0,0.0,0.29237830312374313,10,247,912.9172483284459,20.68,58694943.38198212,956.6344169602859,665.7657819607294,1445.0192143073912,11210.616829230177,2545018854.4326434,2322186066.2258215,366.0694168156789,1175607537.6320798,27618803.85790159,1147988733.7741783,0.33057574952327284,24.505134082075664,1672903852.1705356,32790435.09809875,0.6730331117028467
205523720.23751172,56174800.0,charging,56174800.0,149348920.23751172,0.0,1058.2893719337144,0.0,0.0,0.4260569606311597,11,247,889.3319263601412,22.4,58437512.81068919,858.8128498170782,665.7640959362384,1445.0192141986404,11210.616829708199,2545018854.541163,2321953542.6859117,366.0527806606224,1175582630.6842377,27361373.370145336,1148221257.3140924,0.33066721951885886,24.616637583343635,1662711954.2218354,32495580.801106494,0.6773337385493353
196262306.11762834,56174800.0,charging,56174800.0,140087506.11762834,0.0,992.6628102112571,0.0,0.0,0.5514459471841606,12,247,875.8045464567972,23.67,58335667.88642902,820.1125896016567,665.7634248174983,1445.019214347624,11210.61682952359,2545018854.4992533,2321861551.990836,366.04619920842583,1175572776.4546564,27259528.445490103,1148313248.0091662,0.3307034105686365,24.661022367265055,1655186541.2015736,32327641.166132137,0.6804762057750524
11349271.940952934,56174800.0,direct_plus_discharge,56174800.0,0.0,44825528.059047066,0.0,317.6345691737448,0.0,0.5113236858148454,13,247,125.05659338851481,24.28,56864503.03977344,47.42469904541855,656.2955235833557,1445.019214204233,11210.616829730168,2545018854.5461507,2320532769.060013,365.95113924179986,1175430394.5384998,25788363.59851304,1149642030.9399867,0.3312264221012181,25.31990142623,1651571972.7430232,31093781.57153281,0.6832266170462953
0.0,56174800.0,discharging,56174800.0,0.0,56174800.0,0.0,398.0557322808837,0.0,0.46104296173726017,14,247,68.27270196124226,24.85,56885355.58718961,1.0,654.1499999999963,1445.01921434447,11210.61682958557,2545018854.5133243,2320551602.9677296,365.95248650649916,1175432413.1793075,25809216.147040524,1149623197.0322669,0.331219005888997,25.310324273368778,1648194425.167,30971060.754226834,0.6846396062038866
15204004.977171876,56174800.0,direct_plus_discharge,56174800.0,0.0,40970795.022828124,0.0,290.31985543236175,0.0,0.4243709799984355,15,247,117.73562138631532,24.76,56858314.38230693,63.532300933383034,657.0649570837185,1445.0192143476281,11210.61682952357,2545018854.499249,2320527179.4502287,365.9507393989114,1175429795.491136,25782174.941365596,1149647620.5497706,0.33122862312931034,25.32274510377841,1648727722.152688,31079036.00956782,0.6843927820647117
0.0,56174800.0,discharging,56174800.0,0.0,56174800.0,0.0,398.0557322808837,0.0,0.3740902559208502,16,247,48.498458814897184,24.33,56885355.58719116,1.0,654.1499999999988,1445.0192142054818,11210.616829729175,2545018854.545925,2320551602.9968,365.95248650645226,1175432413.1491477,25809216.145948585,1149623197.003199,0.33121900588062214,25.310324272921168,1651275696.6398633,31016280.329104096,0.6833672232536634
121352152.41391939,56174800.0,charging,56174800.0,65177352.41391939,0.0,461.84799488831123,0.0,0.0,0.43242895001200526,17,247,418.49830211900684,23.63,57511903.95238752,507.08885439400854,665.7579095103015,1445.0192141583996,11210.616829328686,2545018854.4550066,2321117505.117399,365.99296901350544,1175493059.3112197,26435764.4286178,1149057294.882602,0.3309962133715793,25.025802336791777,1655423562.084102,31874382.24792257,0.6810043826240162
38164075.424466066,56174800.0,direct_plus_discharge,56174800.0,0.0,18010724.575533934,0.0,127.6243468570154,0.0,0.4163079798826981,18,247,174.18807922837436,22.51,56821452.68264712,159.47452847799053,661.9390079802702,1445.019214306155,11210.616829317338,2545018854.4524302,2320493886.1092997,365.94835780844477,1175426227.0493515,25745313.15866239,1149680913.8906891,0.33124173327962014,25.339695820705074,1662060146.7948835,31441726.608772673,0.6788778518325594
0.0,56174800.0,discharging,56174800.0,0.0,56174800.0,0.0,398.0557322808837,0.0,0.36602725580511275,19,247,0.0,21.1,56885355.58719073,1.0,654.1499999999983,1445.0192143476324,11210.616829609658,2545018854.5187926,2320551602.9726076,365.95248650649125,1175432413.1737251,25809216.146332014,1149623197.027393,0.33121900588759273,25.31032427329333,1670415132.9039924,31297163.457662467,0.6755684844525978
0.0,56174800.0,discharging,56174800.0,0.0,56174800.0,0.0,398.0557322808837,0.0,0.3157465317275274,20,247,0.0,19.27,56885355.58719191,1.0,654.15,1445.0192143395416,11210.616829503666,2545018854.4947305,2320551602.9511538,365.95248650652627,1175432413.1958025,25809216.14695605,1149623197.0488465,0.33121900589377357,25.310324273622644,1681258838.279645,31456301.576939434,0.6712284899549094
0.0,56174800.0,discharging,56174800.0,0.0,56174800.0,0.0,398.0557322808837,0.0,0.26546580764994215,21,247,0.0,17.98,56885355.58719191,1.0,654.15,1445.0192142054866,11210.616829729162,2545018854.5459223,2320551602.9967985,365.9524865064523,1175432413.1491485,25809216.14594703,1149623197.0032015,0.33121900588062275,25.310324272920855,1688902761.7411702,31568480.906921055,0.6682025066770313
0.0,56174800.0,discharging,56174800.0,0.0,56174800.0,0.0,398.0557322808837,0.0,0.21518508357235686,22,247,0.0,17.91,56885355.58719191,1.0,654.15,1445.019214346378,11210.616829524615,2545018854.4994864,2320551602.9553943,365.95248650651945,1175432413.1908517,25809216.146247268,1149623197.0446043,0.3312190058925513,25.310324273557427,1689317548.285594,31574568.15738517,0.6680390862739457
0.0,56174800.0,discharging,56174800.0,0.0,56174800.0,0.0,398.0557322808837,0.0,0.16490435949477156,23,247,0.0,17.27,56885355.58719191,1.0,654.15,1445.0192142956216,11210.616829299415,2545018854.448362,2320551602.9098134,365.9524865065931,1175432413.154062,25809216.06387465,1149623197.0901873,0.3312190059056843,25.310324274258157,1693109882.406041,31630223.018771403,0.6665486547650199
0.0,56174800.0,discharging,56174800.0,0.0,56174800.0,0.0,398.0557322808837,0.0,0.11462363541718625,0,248,0.0,16.77,56885355.58719191,1.0,654.15,1445.019214200543,11210.616829733262,2545018854.546853,2320551602.997629,365.9524865064509,1175432413.1482902,25809216.14592002,1149623197.00237,0.3312190058803832,25.310324272908062,1696072643.43764,31673703.379229404,0.6653888744261505
0.0,56174800.0,discharging,56174800.0,0.0,56174800.0,0.0,398.0557322808837,0.0,0.06434291133960093,1,248,0.0,16.18,56885355.58719191,1.0,654.15,1445.0192143426987,11210.616829527773,2545018854.500203,2320551602.956032,365.9524865065183,1175432413.1902204,25809216.14625327,1149623197.043967,0.33121900589236775,25.31032427354765,1699568701.4549267,31725010.20456983,0.6640255141584376
0.0,56174800.0,discharging,56174800.0,0.0,56174800.0,0.0,398.0557322808837,0.0,0.01406218726201563,2,248,0.0,15.58,56885355.58719191,1.0,654.15,1445.0192141973894,11210.616829709172,2545018854.541384,2320551602.992754,365.95248650645885,1175432413.1538742,25809216.146628756,1149623197.0072453,0.3312190058817878,25.310324272982996,1703124014.6928456,31777186.63711942,0.6626447639358085
0.0,56174800.0,discharging,15710604.242440173,0.0,15710604.242440173,0.0,111.32564915762373,0.0,0.0,3,248,0.0,15.44,15911223.462798735,1.0,654.15,1445.0192143476315,11210.616829523626,2545018854.499262,2283570178.828808,363.31288419766486,1171439705.1930578,25299279.77943329,1146140425.4136245,0.3341603763891284,90.0189303511604,1703953587.7816935,8891701.978232373,0.6691441616272703
0.0,56174800.0,shutdown,0.0,0.0,0.0,0.0,0.0,0.0,0.0,4,248,0.0,15.67,0.0,1.0,567.279923475184,1445.019214351341,11210.616829606724,2545018854.5181265,2259509896.40547,362.89907080586624,1179588764.1537209,25103923.827385902,1154484840.326335,0.338161933311756,,1702590717.7071574,0.0,0.6780753755553508
0.0,56174800.0,shutdown,0.0,0.0,0.0,0.0,0.0,0.0,0.0,5,248,0.0,15.71,0.0,1.0,567.279923475184,1445.0192141973878,11210.6168297092,2545018854.5413904,2259509895.6716514,362.89907080586624,1179588764.8877923,25103923.827632803,1154484841.0601594,0.33816193352670165,,1702353696.82463,0.0,0.6781697852882156
0.0,56174800.0,shutdown,0.0,0.0,0.0,0.0,0.0,0.0,0.0,6,248,0.0,15.54,0.0,1.0,567.279923475184,1445.019214204231,11210.616829644145,2545018854.526622,2259509895.6585393,362.89907080586624,1179588764.9001365,25103923.826864786,1154484841.0732718,0.3381619335305424,,1703361035.5753732,0.0,0.6777687272171878
176186996.12270635,56174800.0,charging,56174800.0,120012196.12270635,0.0,850.4087706633742,0.0,0.0,0.10742005524168936,7,248,585.8840690171922,15.89,58114905.87325743,736.2247825505978,665.7619620369155,1445.019214302456,11210.61682932032,2545018854.453108,2321662151.4242163,366.03193337120547,1175551414.9250543,27038766.349219494,1148512648.5758348,0.3307818663008726,24.7577661532877,1701287102.8532543,32884368.00621881,0.6622832100949164
209600096.2508242,56174800.0,charging,56174800.0,153425296.2508242,0.0,1087.174652148888,0.0,0.0,0.24474737972365418,8,248,713.2728089619122,19.29,58482339.46468824,875.8466213782058,665.7643905886196,1445.0192143444642,11210.616829499468,2545018854.4937773,2321994032.080856,366.0556774903091,1175586967.9435954,27406200.024451703,1148180767.9191437,0.33065129082734085,24.597150782893394,1681140327.8383806,32793709.08009738,0.6699095433004438
210138682.42556697,56174800.0,charging,56174800.0,153963882.42556697,0.0,1090.9910843245893,0.0,0.0,0.38255677984886544,9,248,772.2616443259543,21.38,58488262.13129867,878.0971875273027,665.7644294855546,1445.0192143476359,11210.616829609675,2545018854.5187964,2321999381.724945,366.0560602316334,1175587540.9654987,27412122.69044313,1148175418.2750556,0.3306491862899325,24.594578346739002,1668755986.7262974,32613422.499444816,0.6748536867120272
200672643.2819959,56174800.0,charging,56174800.0,144497843.2819959,0.0,1023.9145456792592,0.0,0.0,0.5118933540399297,10,248,811.6308244538216,23.08,58384167.00855753,838.5418698054576,665.763744698874,1445.0192142005667,11210.616829733392,2545018854.5468826,2321905358.4589033,366.0493333214599,1175577469.1084187,27308027.567319494,1148269441.5410993,0.33068617592803046,24.63986677380365,1658682599.2188609,32406270.298715487,0.6790118853237267
183656346.00356305,56174800.0,charging,56174800.0,127481546.00356305,0.0,903.3367301129235,0.0,0.0,0.62599904626472,11,248,807.4376375937842,24.51,58197044.01793286,767.4366234517171,665.7625075798956,1445.0192143407846,11210.616829502598,2545018854.4944882,2321736341.5374236,366.0372411614634,1175559363.0402725,27120904.577696018,1148438458.4625764,0.33075267443164297,24.721685299802957,1650209102.6684875,32177356.92959223,0.6826246442431171
176553150.74143732,56174800.0,charging,56174800.0,120378350.7414373,0.0,853.0033494582605,0.0,1.4901161193847656e-08,0.7337468377752372,12,248,801.3224736777348,25.57,58118932.36304918,737.7548166080904,665.7619888157528,1445.019214311072,11210.616829313092,2545018854.451467,2321665788.2858167,366.0321935627565,1175551804.5532222,27042792.839039177,1148509011.714183,0.33078043525788237,24.755995058677822,1643928049.281498,32041613.791029114,0.6852803108671076
131958154.79190783,56174800.0,charging,56174800.0,75783354.79190783,0.0,537.0023353246454,0.0,0.0,0.8015787117109819,13,248,599.2950070898524,26.38,57628534.900414824,551.4076858986189,665.7586999280762,1445.0192142042254,11210.61682964411,2545018854.5266137,2321222848.2780743,366.000505143601,1175504347.1810057,26552395.459080055,1148951951.7219257,0.33095474938388936,24.973522014927617,1639128376.4103074,31701010.317429945,0.6876536652088153
206850474.17963523,56174800.0,charging,56174800.0,150675674.17963523,0.0,1067.6907763354839,0.0,0.0,0.9364449150375693,14,248,828.7357766802942,26.51,58452102.71597117,864.3568976414168,665.7641918873101,1445.019214295616,11210.616829299377,2545018854.448353,2321966720.850861,366.05372350123633,1175584042.341782,27375963.1926357,1148208079.1491463,0.33066203512240755,24.610291859046107,1638358058.5420916,32142851.91319939,0.687343581774047
26922229.100907728,56174800.0,direct_plus_discharge,56174800.0,0.0,29252570.899092272,0.0,207.28428993670906,0.0,0.9102616363087219,15,248,156.43752851485604,26.08,56839501.127394706,112.49872409305881,659.4880290236897,1445.0192141652544,11210.616829435758,2545018854.479314,2320510187.3913136,365.9495238954522,1175427974.2116933,25763361.603011437,1149664612.608682,0.33123531417550395,25.33139356289355,1640906033.0292668,31049671.481010992,0.6876166692139868
57683297.09897459,56174800.0,charging,56174800.0,1508497.098974593,0.0,10.689239968382982,0.0,0.0,0.9116118560942019,16,248,238.48782075489933,25.73,56811757.121325344,241.03863394048173,665.753096609612,1445.0192143061358,11210.616829231161,2545018854.4328666,2320485129.1172466,365.94773139177033,1175425288.4799762,25735617.597222626,1149689670.8827536,0.3312451816275685,25.344157942468485,1642979965.751386,31306959.539619934,0.686674221434852
112982810.34647861,56174800.0,charging,56174800.0,56808010.34647861,0.0,402.5426731895363,0.0,0.0,0.9624593516549855,17,248,393.5685512267453,24.62,57419868.87034047,472.1162560791943,665.7572835230462,1445.019214339542,11210.616829589704,2545018854.5142627,2321034377.781666,365.9870222333509,1175484151.6485064,26343729.43011143,1149140422.218395,0.331028935025467,25.067207367264224,1649557295.2415357,31737965.30476061,0.6834851969100356
0.0,56174800.0,discharging,56174800.0,0.0,56174800.0,0.0,398.0557322808837,0.0,0.9121786275774001,18,248,0.0,23.37,56885355.587191895,1.0,654.15,1445.0192142091587,11210.61682963998,2545018854.5256763,2320551602.978748,365.9524865064816,1175432413.1671276,25809216.145876493,1149623197.0212512,0.33121900588582304,25.310324273198344,1656964197.820533,31099762.621183887,0.6810305912344864
0.0,56174800.0,discharging,56174800.0,0.0,56174800.0,0.0,398.0557322808837,0.0,0.8618979034998148,19,248,0.0,22.6,56885355.58719191,1.0,654.15,1445.0192142091805,11210.61682972618,2545018854.545245,2320551602.996195,365.95248650645317,1175432413.1497927,25809216.145987175,1149623197.0038054,0.3312190058807967,25.31032427293015,1661526849.8091955,31166722.376289196,0.6791679344061633
0.0,56174800.0,discharging,56174800.0,0.0,56174800.0,0.0,398.0557322808837,0.0,0.8116171794222294,20,248,0.0,21.32,56885355.58719191,1.0,654.15,1445.0192143395384,11210.616829589706,2545018854.514263,2320551602.968573,365.9524865064981,1175432413.17845,25809216.14702411,1149623197.031426,0.3312190058887545,25.310324273354738,1669111518.0500891,31278032.099061664,0.6760940144160413
0.0,56174800.0,discharging,56174800.0,0.0,56174800.0,0.0,398.0557322808837,0.0,0.761336455344644,21,248,0.0,20.15,56885355.58719191,1.0,654.15,1445.0192143426887,11210.61682952768,2545018854.500182,2320551602.9560127,365.9524865065183,1175432413.1902137,25809216.146226995,1149623197.0439868,0.3312190058923734,25.310324273547966,1676044378.864031,31379776.14253337,0.673308500218311
0.0,56174800.0,discharging,56174800.0,0.0,56174800.0,0.0,398.0557322808837,0.0,0.7110557312670587,22,248,0.0,19.3,56885355.58719191,1.0,654.15,1445.0192143513134,11210.616829606524,2545018854.518081,2320551602.971974,365.9524865064924,1175432413.1743588,25809216.146331966,1149623197.0280268,0.3312190058877752,25.310324273302555,1681081072.617749,31453692.75531195,0.6712991877730384
0.0,56174800.0,discharging,56174800.0,0.0,56174800.0,0.0,398.0557322808837,0.0,0.6607750071894734,23,248,0.0,18.83,56885355.58719191,1.0,654.15,1445.0192142023377,11210.616829619117,2545018854.52094,2320551602.9745216,365.95248650648824,1175432413.1720896,25809216.146610223,1149623197.0254793,0.33121900588704123,25.310324273263408,1683866067.9874523,31494564.29414247,0.6701932966109697
0.0,56174800.0,discharging,56174800.0,0.0,56174800.0,0.0,398.0557322808837,0.0,0.6104942831118879,0,249,0.0,18.44,56885355.58719191,1.0,654.15,1445.0192143024622,11210.61682932036,2545018854.4531164,2320551602.914049,365.9524865065862,1175432413.1491153,25809216.06316476,1149623197.0859506,0.3312190059044637,25.310324274193096,1686177021.5920994,31528478.975299705,0.6692784046544665
0.0,56174800.0,discharging,56174800.0,0.0,56174800.0,0.0,398.0557322808837,0.0,0.5602135590343026,1,249,0.0,17.78,56885355.58719191,1.0,654.15,1445.0192143110808,11210.61682931316,2545018854.451482,2320551602.912592,365.95248650658874,1175432413.1506097,25809216.063199908,1149623197.0874097,0.33121900590488407,25.310324274215535,1690087866.1538103,31585873.051104255,0.6677358031948125
0.0,56174800.0,discharging,56174800.0,0.0,56174800.0,0.0,398.0557322808837,0.0,0.5099328349567174,2,249,0.0,17.3,56885355.58719191,1.0,654.15,1445.0192141936986,11210.616829626231,2545018854.522555,2320551602.975965,365.9524865064859,1175432413.1705842,25809216.14654838,1149623197.024036,0.33121900588662534,25.310324273241157,1692932116.744145,31627614.197143923,0.6666183701254322
0.0,56174800.0,discharging,56174800.0,0.0,56174800.0,0.0,398.0557322808837,0.0,0.45965211087913205,3,249,0.0,16.96,56885355.58719191,1.0,654.15,1445.0192143073805,11210.616829316146,2545018854.45216,2320551602.9131947,365.95248650658766,1175432413.1499648,25809216.063159104,1149623197.0868058,0.33121900590471004,25.31032427420628,1694946794.2456324,31657180.842255365,0.665829115230832
0.0,56174800.0,discharging,56174800.0,0.0,56174800.0,0.0,398.0557322808837,0.0,0.4093713868015467,4,249,0.0,16.54,56885355.58719191,1.0,654.15,1445.0192141603218,11210.61682935386,2545018854.4607215,2320551602.9208302,365.95248650657527,1175432413.1418934,25809216.06272232,1149623197.0791712,0.3312190059025104,25.310324274088885,1697435513.5121753,31693704.34504007,0.664856729738114
0.0,56174800.0,discharging,56174800.0,0.0,56174800.0,0.0,398.0557322808837,0.0,0.35909066272396145,5,249,0.0,16.4,56885355.58719191,1.0,654.15,1445.0192143395536,11210.616829589817,2545018854.5142884,2320551602.968591,365.9524865064979,1175432413.1784637,25809216.147055455,1149623197.0314083,0.3312190058887494,25.31032427335456,1698265086.6010232,31705878.84596831,0.6645332320559308
0.0,56174800.0,discharging,56174800.0,0.0,56174800.0,0.0,398.0557322808837,0.0,0.3088099386463761,6,249,0.0,16.34,56885355.58719191,1.0,654.15,1445.0192143024635,11210.616829320345,2545018854.453113,2320551602.914046,365.9524865065862,1175432413.1491148,25809216.063161887,1149623197.085953,0.33121900590446435,25.31032427419313,1698620617.9248152,31711096.48922327,0.6643946865848568
176946402.035929,56174800.0,charging,56174800.0,120771602.035929,0.0,855.7899358279368,0.0,0.0,0.4169097200141155,7,249,587.629847332103,17.41,58123256.826655306,739.3980783421929,665.7620175721983,1445.0192141652467,11210.61682934971,2545018854.4597797,2321669694.2970233,366.03247300950295,1175552223.005174,27047117.30219733,1148505105.7029767,0.3307788983138381,24.754093170239972,1692280309.317193,32756394.40765057,0.6657858950032938
207104754.76383978,56174800.0,charging,56174800.0,150929954.76383978,0.0,1069.4926135320625,0.0,0.0,0.5520035238286918,8,249,706.5199267041967,19.26,58454898.961386256,865.4194486351895,665.7642102714783,1445.0192141571567,11210.61682941581,2545018854.474786,2321969246.567701,366.05390420260596,1175584312.869991,27378759.437692072,1148205553.432299,0.33066104149422587,24.609076022926544,1681318093.500277,32780949.022970323,0.6698595150850079
179256262.95090938,56174800.0,charging,56174800.0,123081462.95090938,0.0,872.1576554812245,0.0,0.0,0.6621708066263201,9,249,670.1345363535861,20.91,58148657.65712131,749.0501916495176,665.7621863944422,1445.019214342699,11210.616829527762,2545018854.5002007,2321692637.2455983,366.0341144139248,1175554680.9705822,27072518.21617982,1148482162.7544024,0.3307698707604749,24.742927657978136,1671540982.096,32465020.736771524,0.6739895052277657
145523107.69748932,56174800.0,charging,56174800.0,89348307.69748932,0.0,633.1238571135426,0.0,0.0,0.7421443464722414,10,249,611.2714248110058,22.64,57777704.51785784,608.0909526719819,665.759706230636,1445.0192143061452,11210.616829317247,2545018854.4524097,2321357581.409071,366.0101439388011,1175518783.584765,26701564.993836533,1148817218.5909283,0.330901721356169,24.90696368630805,1661289828.9266677,32107681.14546597,0.6784096538219146
113156129.16169456,56174800.0,charging,56174800.0,56981329.16169456,0.0,403.77081370643776,0.0,0.0,0.7931469755720019,11,249,531.4030375555697,24.23,57421774.80401557,472.84049572146284,665.7572965067428,1445.0192143395348,11210.61682958965,2545018854.5142503,2321036099.245282,365.9871453831238,1175484336.1185493,26345635.363832306,1149138700.754717,0.3310282573829835,25.06634857408929,1651868248.8461826,31772656.903517727,0.6825319442111218
49170230.5715466,56174800.0,direct_plus_discharge,56174800.0,0.0,7004569.428453401,0.0,49.634516066907395,0.0,0.7868773524898662,12,249,285.1990143480154,25.25,56803782.63298343,205.4654606023689,664.4684508722428,1445.01921420055,11210.616829647231,2545018854.5273223,2320477926.6921372,365.94721617167374,1175424516.4995093,25727643.191646975,1149696873.3078623,0.3312480178397443,25.347829126658006,1645824216.341721,31294296.493450712,0.6855191595042963
85966681.88887283,56174800.0,charging,56174800.0,29791881.888872832,0.0,211.10585816595471,0.0,0.0,0.8135433556266184,13,249,421.6530248249281,26.01,57122780.80997834,359.225158911005,665.7552491337194,1445.0192143110805,11210.616829313143,2545018854.451478,2320766045.3623047,365.9678266081752,1175455395.923679,26046641.28598161,1149408754.6376975,0.3311345714972046,25.20177267766648,1641320819.5736904,31454412.247583788,0.6871268373493616
172314615.60490224,56174800.0,charging,56174800.0,116139815.60490225,0.0,822.9690065220734,0.0,-1.4901161193847656e-08,0.9174973353978276,14,249,707.1041144961747,26.42,58072322.49501277,720.0434379144253,665.7616786026782,1445.0192142956075,11210.616829213275,2545018854.4288063,2321623688.67126,366.02918164430287,1175547294.3003407,26996182.97160235,1148551111.3287382,0.33079700094017495,24.776511940902314,1638891355.527779,31941762.25257921,0.6874122251386464
210508439.05748016,56174800.0,charging,56174800.0,92173904.9808092,0.0,653.1460947671304,0.0,62159734.07667096,0.9999999999999915,15,249,771.6709619714442,26.48,57808776.74263668,619.8981506563265,665.7599151937625,1445.019214209165,11210.616829726066,2545018854.5452194,2321385646.67758,366.01215173657874,1175521790.6238198,26732637.301400118,1148789153.3224196,0.3308906760700832,24.89314272280826,1638535824.2039876,31791524.306591377,0.6877628833334904
221105441.3856211,56174800.0,charging,56174800.0,0.0,0.0,0.0,0.0,164930641.3856211,0.9999999999999915,16,249,746.2420653095854,25.94,56795168.642416894,234.73514405126596,665.7512894240964,1445.019214347623,11210.616829609617,2545018854.518783,2320470146.5828676,365.94665963505213,1175423682.618677,25719029.20154451,1149704653.4171324,0.33125108154015126,25.35179587569261,1641735606.1181142,31279833.923418686,0.6872050465885663
84595988.2910146,56174800.0,charging,56174800.0,0.0,0.0,0.0,0.0,28421188.291014597,0.9999999999999915,17,249,309.50669028099657,24.64,56795168.64241695,234.73514405126596,665.7512894240964,1445.0192142023113,11210.61682961892,2545018854.5208955,2320470146.5847526,365.94665963504906,1175423682.6170285,25719029.201780114,1149704653.4152484,0.33125108153960847,25.351795875663566,1649438784.8002717,31390736.779196903,0.6840102691288261
27580968.218341168,56174800.0,direct_plus_discharge,56174800.0,0.0,28593831.781658832,0.0,202.61645165740887,0.0,0.9744063429485292,18,249,142.6438189631656,23.12,56838443.54163957,115.25136801209266,659.6281370453374,1445.0192143476258,11210.616829609624,2545018854.518785,2320509232.2204766,365.94945556604694,1175427871.8802931,25762304.100770637,1149665567.7795224,0.3312356903038117,25.331879904791702,1658445578.3363326,31309627.042830724,0.6803740353156951
0.0,56174800.0,discharging,56174800.0,0.0,56174800.0,0.0,398.0557322808837,0.0,0.9241256188709439,19,249,0.0,21.73,56885355.58718845,1.0,654.15,1445.0192143513107,11210.61682952046,2545018854.4985433,2320551602.954551,365.9524865065205,1175432413.1917048,25809216.146258343,1149623197.0454464,0.3312190058927943,25.31032427357189,1666682054.0041778,31242378.203484207,0.6770755960856822
0.0,56174800.0,discharging,56174800.0,0.0,56174800.0,0.0,398.0557322808837,0.0,0.8738448947933586,20,249,0.0,20.61,56885355.58719191,1.0,654.15,1445.0192141986208,11210.616829708051,2545018854.5411296,2320551602.9925227,365.9524865064592,1175432413.1540859,25809216.1466099,1149623197.007476,0.33121900588185427,25.310324272986634,1673318638.7149594,31339774.21091201,0.6744009170929828
0.0,56174800.0,discharging,56174800.0,0.0,56174800.0,0.0,398.0557322808837,0.0,0.8235641707157731,21,249,0.0,20.0,56885355.58719191,1.0,654.15,1445.0192141652458,11210.616829435732,2545018854.479308,2320551602.937404,365.9524865065484,1175432413.125392,25809216.062797084,1149623197.062595,0.3312190058977346,25.31032427383398,1676933207.1735103,31392820.250670765,0.6729530421052006
0.0,56174800.0,discharging,56174800.0,0.0,56174800.0,0.0,398.0557322808837,0.0,0.7732834466381878,22,249,0.0,19.19,56885355.58719191,1.0,654.15,1445.0192143073903,11210.616829230159,2545018854.432639,2320551602.89579,365.95248650661574,1175432413.1673164,25809216.063105833,1149623197.1042106,0.3312190059097246,25.310324274473853,1681732880.0447009,31463258.434612714,0.6710400352201658
0.0,56174800.0,discharging,56174800.0,0.0,56174800.0,0.0,398.0557322808837,0.0,0.7230027225606025,23,249,0.0,18.42,56885355.58719191,1.0,654.15,1445.0192143407785,11210.616829588591,2545018854.51401,2320551602.9683437,365.9524865064983,1175432413.178664,25809216.14700856,1149623197.0316553,0.3312190058888206,25.310324273358333,1686295532.0333633,31530218.189718015,0.6692315544125254
0.0,56174800.0,discharging,56174800.0,0.0,56174800.0,0.0,398.0557322808837,0.0,0.6727219984830171,0,250,0.0,17.93,56885355.58719191,1.0,654.15,1445.0192143426991,11210.616829527731,2545018854.5001936,2320551602.956023,365.9524865065183,1175432413.1902199,25809216.146243546,1149623197.0439763,0.3312190058923704,25.310324273547796,1689199037.84433,31572828.942966852,0.6680857696670376
0.0,56174800.0,discharging,56174800.0,0.0,56174800.0,0.0,398.0557322808837,0.0,0.6224412744054317,1,250,0.0,17.63,56885355.58719191,1.0,654.15,1445.0192141603104,11210.616829439818,2545018854.4802356,2320551602.93823,365.95248650654696,1175432413.1245363,25809216.062767863,1149623197.0617685,0.33121900589749653,25.31032427382129,1690976694.4632895,31598917.15924165,0.6673862031396773
0.0,56174800.0,discharging,56174800.0,0.0,56174800.0,0.0,398.0557322808837,0.0,0.5721605503278464,2,250,0.0,17.35,56885355.58719191,1.0,654.15,1445.0192143395402,11210.616829589708,2545018854.5142636,2320551602.9685736,365.9524865064981,1175432413.1784506,25809216.14702499,1149623197.0314255,0.33121900588875436,25.310324273354727,1692635840.640985,31623266.161098126,0.6667345948739614
0.0,56174800.0,discharging,56174800.0,0.0,56174800.0,0.0,398.0557322808837,0.0,0.5218798262502611,3,250,0.0,16.95,56885355.58719191,1.0,654.15,1445.0192143024522,11210.616829234266,2545018854.433572,2320551602.896622,365.9524865066145,1175432413.1664593,25809216.063081246,1149623197.103378,0.3312190059094847,25.31032427446104,1695006049.4662642,31658050.44946452,0.6658059301513747
0.0,56174800.0,discharging,56174800.0,0.0,56174800.0,0.0,398.0557322808837,0.0,0.4715991021726758,4,250,0.0,16.5,56885355.58719191,1.0,654.15,1445.0192142042242,11210.61682973015,2545018854.5461464,2320551602.9969993,365.9524865064519,1175432413.1489258,25809216.14592506,1149623197.0030007,0.3312190058805649,25.310324272917764,1697672534.3947034,31697182.773876715,0.6647642696584438
0.0,56174800.0,discharging,56174800.0,0.0,56174800.0,0.0,398.0557322808837,0.0,0.42131837809509054,5,250,0.0,16.49,56885355.58719191,1.0,654.15,1445.0192143358443,11210.616829506707,2545018854.495421,2320551602.951768,365.95248650652513,1175432413.1951606,25809216.146929596,1149623197.0482311,0.33121900589359626,25.310324273613208,1697731789.6153352,31698052.38108587,0.6647411586937391
0.0,56174800.0,discharging,56174800.0,0.0,56174800.0,0.0,398.0557322808837,0.0,0.3710376540175052,6,250,0.0,16.41,56885355.58719191,1.0,654.15,1445.0192142054807,11210.616829729115,2545018854.545912,2320551602.9967875,365.95248650645226,1175432413.1491466,25809216.145934224,1149623197.0032125,0.3312190058806259,25.31032427292106,1698205831.3803911,31705009.23875915,0.6645563285745711
0.0,56174800.0,discharging,56174800.0,0.0,56174800.0,0.0,398.0557322808837,0.0,0.32075692993991994,7,250,3.709306551524163,17.31,56885355.58719191,1.0,654.15,1445.0192143110694,11210.61682931307,2545018854.451462,2320551602.9125733,365.95248650658874,1175432413.1506035,25809216.0631754,1149623197.087428,0.33121900590488934,25.31032427421582,1692872861.5235128,31626744.589934766,0.666641611869292
44521262.671603106,56174800.0,direct_plus_discharge,56174800.0,0.0,11653537.328396894,0.0,82.577193597799,0.0,0.3103261265380927,8,250,202.0181259795036,18.77,56811246.41053596,186.03902473285186,663.3836843340548,1445.0192143444774,11210.61682949954,2545018854.493794,2320484667.900638,365.9476983953932,1175425239.0696807,25735106.97031926,1149690132.0993614,0.3312453632528576,25.344393024768525,1684221599.311244,31811627.87332091,0.6699696217337339
168091225.48881412,56174800.0,charging,56174800.0,111916425.48881412,0.0,793.0419814971991,0.0,0.0,0.41049985051668625,9,250,634.460469700664,20.69,58025879.172197506,702.3953450456293,665.7613690042897,1445.0192142042256,11210.61682973015,2545018854.5461464,2321581739.677119,366.02618050655735,1175542800.0538127,26949739.73084641,1148593060.3229663,0.33081350781775126,24.796988292877636,1672844596.949904,32415615.300235517,0.6735588223262214
185343516.3057671,56174800.0,charging,56174800.0,129168716.30576709,0.0,915.2920518964704,0.0,0.0,0.5261156886509772,10,250,762.9193484088886,22.67,58215597.311135605,774.4867271267971,665.762630594363,1445.0192141640011,11210.616829350764,2545018854.4600186,2321753099.5257735,366.038440088734,1175561158.2609026,27139457.786675394,1148421700.4742272,0.33074608079163015,24.71354948370222,1661112063.2647717,32348513.15051563,0.6781508329560308
184272827.8101555,56174800.0,charging,56174800.0,128098027.81015551,0.0,907.7051322605236,0.0,0.0,0.6407731790417802,11,250,821.7368120358894,24.29,58203823.27886401,770.0126886210697,665.7625525376942,1445.019214340781,11210.61682958863,2545018854.5140185,2321742464.8322563,366.0376792418298,1175560019.006435,27127683.838690516,1148432335.1677444,0.3307502651394639,24.718711920140063,1651512717.522391,32200340.310234394,0.6820831672150088
128815663.75312987,56174800.0,charging,56174800.0,72640863.75312987,0.0,514.7345823174807,0.0,0.0,0.70579228417662,12,250,617.096968637187,25.36,57593977.892415136,538.2762980402312,665.7584660647473,1445.019214302452,11210.616829320275,2545018854.4530973,2321191635.679446,365.9982722239067,1175501002.6889198,26517838.36836507,1148983164.3205547,0.3309670346352242,24.98899026956356,1645172408.9147692,31770230.66725732,0.6851654536060552
180882411.741987,56174800.0,charging,56174800.0,124707611.74198699,0.0,883.6805776425864,0.0,0.0,0.8174150939841046,13,250,807.2570808360089,25.95,58166539.91552341,755.8453074438311,665.7623051576953,1445.019214307391,11210.61682923014,2545018854.4326353,2321708789.074282,366.03526997091217,1175556411.317152,27090400.391432516,1148466010.9257195,0.3307635154371545,24.735072955026368,1641676350.8974826,32034672.800258934,0.6861793909849536
194714637.29918444,56174800.0,charging,56174800.0,138539837.29918444,0.0,981.6959986720265,0.0,0.0,0.9414187990795184,14,250,796.2631425911969,26.4,58318648.648160286,813.6454145865061,665.7633124395896,1445.019214197387,11210.616829709155,2545018854.5413804,2321846179.561182,366.04509939499997,1175571129.6464097,27242509.207592294,1148328620.4388175,0.3307094586166173,24.66845459501682,1639009865.9690435,32079066.387998488,0.6871738530510879
205122218.39443982,56174800.0,charging,56174800.0,65448286.71101772,0.0,463.7678406204097,0.0,83499131.68342209,0.9999999999999912,15,250,757.9933990448541,26.54,57514883.33357164,508.2209955188155,665.7579297415615,1445.0192143463744,11210.616829524593,2545018854.499481,2321120196.1806555,365.9931615252289,1175493347.7119646,26438743.892620202,1149054603.8193445,0.33099515411437574,25.024464176982686,1638180292.8801954,31624639.122843094,0.688137028341975
138741846.26218867,56174800.0,charging,56174800.0,0.0,0.0,0.0,0.0,82567046.26218867,0.9999999999999912,16,250,490.9257685093313,26.23,56795168.64241709,234.735144051266,665.7512894240964,1445.019214342688,11210.616829613733,2545018854.5197177,2320470146.5837045,365.94665963505076,1175423682.617818,25719029.201522134,1149704653.416296,0.3312510815399103,25.351795875679585,1640017204.7197871,31255094.055591356,0.6879218032027096
155093085.48895675,56174800.0,charging,56174800.0,0.0,0.0,0.0,0.0,98918285.48895675,0.9999999999999912,17,250,519.3029172133828,25.45,56795168.642416954,234.735144051266,665.7512894240964,1445.0192141986345,11210.616829708151,2545018854.5411525,2320470146.602813,365.94665963501996,1175423682.59905,25719029.201863233,1149704653.3971868,0.3312510815344046,25.351795875385456,1644639111.9290814,31321635.7690582,0.6859973629909035
10558392.33856216,56174800.0,direct_plus_discharge,56174800.0,0.0,45616407.66143784,0.0,323.2387575157714,0.0,0.9591698411558939,18,250,92.47750579476514,23.59,56865772.773088485,44.11988554551457,656.139288224622,1445.0192143513173,11210.616829520563,2545018854.498566,2320533915.835229,365.9512212781066,1175430517.4969537,25789633.332181033,1149640884.1647727,0.3312259705296105,25.319318063239905,1655660582.9666295,31148139.771192204,0.6815478653079385
0.0,56174800.0,discharging,56174800.0,0.0,56174800.0,0.0,398.0557322808837,0.0,0.9088891170783084,19,250,0.0,22.85,56885355.58719078,1.0,654.1499999999984,1445.0192142091514,11210.616829725926,2545018854.5451875,2320551602.9961424,365.95248650645317,1175432413.1497757,25809216.14591719,1149623197.0038586,0.33121900588081216,25.310324272931474,1660045469.293396,31144982.19605952,0.6797715751004679
0.0,56174800.0,discharging,56174800.0,0.0,56174800.0,0.0,398.0557322808837,0.0,0.8586083930007231,20,250,0.0,21.81,56885355.58719191,1.0,654.15,1445.0192143358545,11210.61682950677,2545018854.4954348,2320551602.951781,365.95248650652513,1175432413.1951666,25809216.14694726,1149623197.0482194,0.3312190058935929,25.31032427361302,1666208012.2391222,31235421.345812827,0.6772674566363956
0.0,56174800.0,discharging,56174800.0,0.0,56174800.0,0.0,398.0557322808837,0.0,0.8083276689231378,21,250,0.0,20.82,56885355.58719191,1.0,654.15,1445.019214302465,11210.616829320355,2545018854.4531155,2320551602.914048,365.9524865065862,1175432413.1491163,25809216.0631641,1149623197.0859523,0.3312190059044641,25.31032427419312,1672074279.081688,31321512.459519655,0.6749008086052567
0.0,56174800.0,discharging,56174800.0,0.0,56174800.0,0.0,398.0557322808837,0.0,0.7580469448455524,22,250,0.0,19.87,56885355.58719191,1.0,654.15,1445.0192141603231,11210.616829439952,2545018854.480266,2320551602.938258,365.952486506547,1175432413.1245458,25809216.062804293,1149623197.0617416,0.33121900589748876,25.310324273820864,1677703525.041726,31404125.14438984,0.6726452818443306
0.0,56174800.0,discharging,56174800.0,0.0,56174800.0,0.0,398.0557322808837,0.0,0.707766220767967,23,250,0.0,19.03,56885355.58719191,1.0,654.15,1445.0192142023132,11210.616829618966,2545018854.5209055,2320551602.97449,365.95248650648836,1175432413.1720772,25809216.146566514,1149623197.0255105,0.3312190058870502,25.310324273263905,1682680963.5748127,31477172.149959277,0.6706634429264209
0.0,56174800.0,discharging,56174800.0,0.0,56174800.0,0.0,398.0557322808837,0.0,0.6574854966903817,0,251,0.0,18.55,56885355.58719191,1.0,654.15,1445.0192143476306,11210.616829609662,2545018854.5187936,2320551602.972609,365.9524865064914,1175432413.1737244,25809216.14633289,1149623197.0273914,0.3312190058875921,25.31032427329279,1685525214.1651475,31518913.29599894,0.669536198075029
0.0,56174800.0,discharging,56174800.0,0.0,56174800.0,0.0,398.0557322808837,0.0,0.6072047726127963,1,251,0.0,18.24,56885355.58719191,1.0,654.15,1445.019214351311,11210.616829520482,2545018854.498548,2320551602.954557,365.9524865065207,1175432413.191707,25809216.146263678,1149623197.0454433,0.3312190058927931,25.31032427357033,1687362126.004739,31545871.119482897,0.6688101975025964
0.0,56174800.0,discharging,56174800.0,0.0,56174800.0,0.0,398.0557322808837,0.0,0.5569240485352109,2,251,0.0,17.95,56885355.58719191,1.0,654.15,1445.0192143395443,11210.616829589719,2545018854.514266,2320551602.968576,365.9524865064981,1175432413.178452,25809216.14702786,1149623197.031424,0.33121900588875397,25.310324273354713,1689080527.4030662,31571089.728548534,0.6681324595782413
0.0,56174800.0,discharging,56174800.0,0.0,56174800.0,0.0,398.0557322808837,0.0,0.5066433244576257,3,251,0.0,17.27,56885355.58719191,1.0,654.15,1445.019214165251,11210.616829435743,2545018854.4793105,2320551602.9374065,365.9524865065484,1175432413.125393,25809216.062800836,1149623197.062592,0.3312190058977338,25.310324273833935,1693109882.406041,31630223.018771403,0.6665486547490203
0.0,56174800.0,discharging,56174800.0,0.0,56174800.0,0.0,398.0557322808837,0.0,0.4563626003800404,4,251,0.0,16.6,56885355.58719191,1.0,654.15,1445.0192143110773,11210.616829227076,2545018854.431939,2320551602.8951693,365.9524865066169,1175432413.1679506,25809216.06312036,1149623197.1048303,0.3312190059099031,25.31032427448332,1697079982.1883836,31688486.701785117,0.6649954680413989
0.0,56174800.0,discharging,56174800.0,0.0,56174800.0,0.0,398.0557322808837,0.0,0.40608187630245507,5,251,0.0,16.0,56885355.58719191,1.0,654.15,1445.0192142956241,11210.61682929943,2545018854.4483647,2320551602.9098167,365.9524865065931,1175432413.1540637,25809216.06387973,1149623197.090184,0.3312190059056833,25.310324274258107,1700635295.4263024,31740663.134334706,0.6636106853187691
0.0,56174800.0,discharging,56174800.0,0.0,56174800.0,0.0,398.0557322808837,0.0,0.3558011522248698,6,251,0.0,15.65,56885355.58719191,1.0,654.15,1445.0192142005494,11210.616829647264,2545018854.52733,2320551602.980219,365.95248650647903,1175432413.1656444,25809216.14586388,1149623197.0197806,0.3312190058853994,25.31032427317581,1702709228.1484218,31771099.386655305,0.6628055555138784
173182192.9314859,56174800.0,charging,56174800.0,117007392.93148589,0.0,829.1166764388963,0.0,0.0,0.46053167977504617,7,251,576.6274471299868,17.09,58081862.9761942,723.668744791018,665.7617421399453,1445.019214306153,11210.61682931734,2545018854.4524307,2321632305.969123,366.0297981463338,1175548217.4830763,27005723.452198934,1148542494.0308774,0.33079361010410374,24.772309700749474,1694176476.3774166,32760972.869133856,0.6650747509887966
195030921.46361834,56174800.0,charging,56174800.0,138856121.46361834,0.0,983.9371944516746,0.0,0.0,0.5848184832847314,8,251,670.7175598500062,19.13,58322126.72789577,814.9670571895866,665.7633354106366,1445.0192141584012,11210.616829414701,2545018854.4745336,2321849321.0437274,366.0453241545757,1175571466.160462,27245987.204189286,1148325478.9562726,0.3307082226378531,24.666935380793394,1682088411.3684926,32717846.207528394,0.6696531890311025
223568542.92871165,56174800.0,charging,56174800.0,167393742.92871165,0.0,1186.1553387057243,0.0,0.0,0.7346486313317703,9,251,825.5429890788832,21.71,58635946.17911722,934.2159496732124,665.7653968650477,1445.0192143427014,11210.616829527782,2545018854.500205,2322132777.0036244,366.0656041382881,1175601829.7345562,27559806.73818138,1148042022.9963748,0.33059671119846185,24.53060166251573,1666800564.445442,32666745.659254357,0.6755305125143297
197979071.82056493,56174800.0,charging,56174800.0,141804271.82056493,0.0,1004.8278455836506,0.0,0.0,0.8615742539318103,10,251,814.0770392914216,23.83,58354546.63115437,827.2863622645073,665.7635493973269,1445.0192143427018,11210.61682961379,2545018854.51973,2321878604.06846,366.0474191893102,1175574603.1218185,27278407.190278158,1148296195.9315405,0.3306967017655517,24.652783171458204,1654238457.6714623,32324083.902745638,0.6808500530669565
173230988.41138166,56174800.0,charging,56174800.0,117056188.41138166,0.0,829.462442164487,0.0,0.0,0.9663484571525877,11,251,782.4674664324386,25.57,58082399.56508777,723.8726442976007,665.7617457128783,1445.0192142023236,11210.616829619055,2545018854.520926,2321632790.695036,366.0298328204153,1175548269.429452,27006260.124487754,1148542009.3049643,0.3307934193753093,24.77207339266721,1643928049.281498,32021463.337061122,0.685308239095129
161854306.69222564,56174800.0,charging,56174800.0,37596290.105675295,0.0,266.4080475419427,0.0,68083216.58655034,0.999999999999991,12,251,760.3295418261852,26.8,57208603.48819515,391.83709321266736,665.7558389890027,1445.0192141689292,11210.61682943263,2545018854.4786043,2320843560.8518925,365.9733717534501,1175463703.1119163,26132463.963796332,1149331239.14812,0.3311040534968611,25.162755960518364,1636639657.1437643,31433807.968050133,0.6890171585284931
184935488.54124424,56174800.0,charging,56174800.0,0.0,0.0,0.0,0.0,128760688.54124424,0.999999999999991,13,251,830.3994623993301,27.83,56795168.64241359,234.735144051266,665.7512894240982,1445.019214302466,11210.6168293204,2545018854.4531255,2320470146.524327,365.9466596351466,1175423682.594072,25719029.118400246,1149704653.4756718,0.3312510815570179,25.351795876595446,1630536369.4186702,31118598.23309328,0.691903358914772
195109106.70268795,56174800.0,charging,56174800.0,0.0,0.0,0.0,0.0,138934306.70268795,0.999999999999991,14,251,803.4015155192554,28.23,56795168.642416924,234.735144051266,665.7512894240964,1445.0192143407842,11210.616829502596,2545018854.494488,2320470146.561207,365.94665963508714,1175423682.6409707,25719029.202179477,1149704653.4387913,0.3312510815463916,25.351795876026088,1628166160.593391,31084474.277470976,0.6929059596401913
212096025.67405203,56174800.0,charging,56174800.0,0.0,0.0,0.0,0.0,155921225.67405203,0.999999999999991,15,251,785.9376193245259,27.59,56795168.642416954,234.735144051266,665.7512894240964,1445.0192143061436,11210.616829317223,2545018854.4524045,2320470146.523683,365.94665963514774,1175423682.5947065,25719029.118389573,1149704653.476317,0.33125108155720345,25.351795876603948,1631958494.7138379,31139072.60646949,0.6913031899438089
216002823.11980885,56174800.0,charging,56174800.0,0.0,0.0,0.0,0.0,159828023.11980885,0.999999999999991,16,251,735.3830427705267,26.69,56795168.642416954,234.735144051266,665.7512894240964,1445.0192142042306,11210.616829644116,2545018854.526615,2320470146.589852,365.94665963504076,1175423682.6112323,25719029.201084502,1149704653.4101477,0.33125108153813887,25.351795875585015,1637291464.5707157,31215851.506623615,0.6890617993291773
146862756.94955164,56174800.0,charging,56174800.0,0.0,0.0,0.0,0.0,90687956.94955164,0.999999999999991,17,251,495.1872828916612,25.83,56795168.642416954,234.735144051266,665.7512894240964,1445.0192142992978,11210.616829296234,2545018854.4476395,2320470146.5194364,365.9466596351547,1175423682.5996506,25719029.119088642,1149704653.480562,0.33125108155842653,25.351795876669275,1642387413.545066,31289218.011215344,0.6869335639892994
41789045.12110693,56174800.0,direct_plus_discharge,56174800.0,0.0,14385754.87889307,0.0,101.93774063692398,0.0,0.9871236538142742,18,251,183.85719588221832,24.44,56815632.903293006,174.62202849441186,662.7574073773683,1445.0192143426905,11210.616829613748,2545018854.519721,2320488629.7780776,365.9479818004171,1175425663.6843264,25739493.462403517,1149686170.2219229,0.33124380313460355,25.3423740341021,1650623889.2129114,31304391.52373973,0.6835524340659658
0.0,56174800.0,discharging,56174800.0,0.0,56174800.0,0.0,398.0557322808837,0.0,0.9368429297366888,19,251,0.0,22.77,56885355.58719178,1.0,654.15,1445.0192142005485,11210.616829647264,2545018854.52733,2320551602.980219,365.95248650647903,1175432413.1656454,25809216.145862784,1149623197.0197825,0.3312190058854,25.310324273175898,1660519511.0584524,31151939.05373342,0.6795782933757873
0.0,56174800.0,discharging,56174800.0,0.0,56174800.0,0.0,398.0557322808837,0.0,0.8865622056591035,20,251,0.0,21.19,56885355.58719191,1.0,654.15,1445.0192143005565,11210.616829295299,2545018854.4474273,2320551602.908979,365.9524865065946,1175432413.1549184,25809216.063898124,1149623197.0910203,0.3312190059059243,25.310324274270986,1669881835.918305,31289336.99278074,0.6757833752401042
0.0,56174800.0,discharging,56174800.0,0.0,56174800.0,0.0,398.0557322808837,0.0,0.8362814815815182,21,251,0.0,19.96,56885355.58719191,1.0,654.15,1445.019214165245,11210.616829349654,2545018854.459767,2320551602.9199824,365.95248650657675,1175432413.142737,25809216.062718645,1149623197.0800183,0.3312190059027545,25.310324274101827,1677170228.0560384,31396298.67950741,0.6728583166594826
0.0,56174800.0,discharging,56174800.0,0.0,56174800.0,0.0,398.0557322808837,0.0,0.7860007575039327,22,251,0.0,18.87,56885355.58719191,1.0,654.15,1445.019214351319,11210.616829606599,2545018854.5180984,2320551602.971989,365.9524865064924,1175432413.1743627,25809216.146351177,1149623197.0280116,0.3312190058877708,25.31032427330232,1683629047.1049242,31491085.86530583,0.6702872731352667
0.0,56174800.0,discharging,56174800.0,0.0,56174800.0,0.0,398.0557322808837,0.0,0.7357200334263474,23,251,0.0,18.07,56885355.58719191,1.0,654.15,1445.0192142992998,11210.616829296228,2545018854.4476385,2320551602.9091635,365.95248650659414,1175432413.1546981,25809216.063862022,1149623197.090836,0.3312190059058712,25.31032427426823,1688369464.7554827,31560654.442038614,0.6684127362262968
0.0,56174800.0,discharging,56174800.0,0.0,56174800.0,0.0,398.0557322808837,0.0,0.6854393093487621,0,252,0.0,17.48,56885355.58719191,1.0,654.15,1445.0192141603136,11210.616829353841,2545018854.460717,2320551602.9208264,365.95248650657527,1175432413.14189,25809216.062715694,1149623197.0791743,0.3312190059025113,25.310324274088927,1691865522.7727692,31611961.267379045,0.6670369689914637
0.0,56174800.0,discharging,56174800.0,0.0,56174800.0,0.0,398.0557322808837,0.0,0.6351585852711766,1,252,0.0,17.19,56885355.58719191,1.0,654.15,1445.0192142091648,11210.61682972606,2545018854.5452175,2320551602.99617,365.9524865064533,1175432413.1497846,25809216.14595362,1149623197.003831,0.33121900588080405,25.31032427293055,1693583924.1710968,31637179.876444682,0.6663628182536718
0.0,56174800.0,discharging,56174800.0,0.0,56174800.0,0.0,398.0557322808837,0.0,0.5848778611935914,2,252,0.0,16.76,56885355.58719191,1.0,654.15,1445.0192143358477,11210.616829506713,2545018854.4954224,2320551602.9517694,365.95248650652513,1175432413.1951616,25809216.146932904,1149623197.0482287,0.3312190058935956,25.31032427361317,1696131898.658272,31674572.986438558,0.6653657200125513
0.0,56174800.0,discharging,56174800.0,0.0,56174800.0,0.0,398.0557322808837,0.0,0.5345971371160061,3,252,0.0,16.15,56885355.58719191,1.0,654.15,1445.0192143463842,11210.616829610704,2545018854.51903,2320551602.972819,365.95248650649114,1175432413.1735103,25809216.14632725,1149623197.027183,0.33121900588753206,25.310324273289613,1699746467.1168227,31727619.02619731,0.6639563399923873
0.0,56174800.0,discharging,56174800.0,0.0,56174800.0,0.0,398.0557322808837,0.0,0.48431641303842077,4,252,0.0,15.73,56885355.58719191,1.0,654.15,1445.0192143110712,11210.61682931305,2545018854.451457,2320551602.9125695,365.95248650658874,1175432413.150602,25809216.063169885,1149623197.0874321,0.3312190059048905,25.31032427421588,1702235186.3833659,31764142.528982025,0.6629894129247063
0.0,56174800.0,discharging,56174800.0,0.0,56174800.0,0.0,398.0557322808837,0.0,0.43403568896083544,5,252,0.0,15.51,56885355.58719191,1.0,654.15,1445.0192141534824,11210.6168293329,2545018854.455963,2320551602.916588,365.95248650658215,1175432413.146842,25809216.06342933,1149623197.0834126,0.33121900590373243,25.31032427415408,1703538801.2372692,31783273.887583543,0.662484050403554
0.0,56174800.0,discharging,56174800.0,0.0,56174800.0,0.0,398.0557322808837,0.0,0.38375496488325017,6,252,0.0,15.44,56885355.58719191,1.0,654.15,1445.0192143073862,11210.616829316159,2545018854.4521627,2320551602.913197,365.95248650658766,1175432413.1499662,25809216.06316329,1149623197.086803,0.3312190059047092,25.310324274206234,1703953587.7816935,31789361.13804766,0.6623234147673097
141055228.36875188,56174800.0,charging,56174800.0,84880428.36875188,0.0,601.4643767425719,0.0,0.0,0.45972941247178556,7,252,480.3726998820647,17.49,57728572.62223745,589.421223579313,665.7593753575571,1445.0192143476258,11210.616829523591,2545018854.4992537,2321313204.393642,366.00696919392556,1175514028.7876608,26652433.181301553,1148861595.6063592,0.33091918667438064,24.928847971072372,1691806267.5521374,32526926.249753308,0.6662642694207466
185542729.28212276,56174800.0,charging,56174800.0,129367929.28212276,0.0,916.7036789460212,0.0,0.0,0.5755235613912829,8,252,641.647214966732,20.0,58217787.9950014,775.319169551189,665.7626451141649,1445.0192141974037,11210.616829709323,2545018854.541418,2321755078.3055544,366.0385816523865,1175561370.2489243,27141648.55447873,1148419721.6944456,0.33074530222874915,24.712589186685435,1676933207.1735103,32583209.852203842,0.6717804580622353
202663624.8367113,56174800.0,charging,56174800.0,146488824.8367113,0.0,1038.0226799444451,0.0,0.0,0.706642215700055,9,252,756.4459456521347,22.28,58406061.220712885,846.8614960800421,665.7638889312244,1445.019214342699,11210.616829613817,2545018854.519737,2321925134.2220025,366.0507481772558,1175579587.5578403,27329921.779843543,1148249665.7779968,0.3306783957675542,24.63032790403111,1663423016.869419,32488610.675092056,0.6770692806915493
188044503.74682844,56174800.0,charging,56174800.0,131869703.74682844,0.0,934.431301768889,0.0,0.0,0.8246756432919147,10,252,780.9675511042619,24.07,58245299.23978283,785.7732234927512,665.7628273654469,1445.0192141652365,11210.616829349592,2545018854.459753,2321779927.425569,366.0403594550688,1175564032.2897215,27169159.71529267,1148394872.5744288,0.33073552517325305,24.700535661737316,1652816332.3762946,32242544.011537526,0.6815161705424677
174292149.7967758,56174800.0,charging,56174800.0,118117349.79677579,0.0,836.9818525109636,0.0,0.0,0.9303996667669837,11,252,792.7732266987082,25.74,58094068.83065818,728.3068722906178,665.761823397632,1445.0192142956123,11210.616829299333,2545018854.4483433,2321643330.699283,366.0305868849125,1175549398.608037,27017929.307319637,1148531469.3007174,0.3307892719875309,24.766935471965244,1642920710.5307539,32013065.65120014,0.6857175403787119
139488106.17431659,56174800.0,charging,56174800.0,77759118.84770285,0.0,551.0026380946372,0.0,5554187.326613739,0.9999999999999906,12,252,672.7363655526445,26.86,57650261.770416625,559.6637234857284,665.7588468209112,1445.0192143061445,11210.616829231189,2545018854.4328732,2321242472.3268275,366.0019090425481,1175506449.9194963,26574122.246323064,1148932327.6731732,0.330947025489618,24.963806225776384,1636284125.8199723,31671403.03450678,0.6888267149797684
178033406.65002018,56174800.0,charging,56174800.0,0.0,0.0,0.0,0.0,121858606.65002018,0.9999999999999906,13,252,809.8528167634385,27.48,56795168.64241709,234.735144051266,665.7512894240964,1445.019214200555,11210.61682973335,2545018854.5468726,2320470146.6079164,365.9466596350116,1175423682.5932524,25719029.201168723,1149704653.3920836,0.33125108153293426,25.35179587530676,1632610302.1407895,31148456.694266178,0.6910284602781556
191896941.67553765,56174800.0,charging,56174800.0,0.0,0.0,0.0,0.0,135722141.67553765,0.9999999999999906,14,252,798.3869467075987,26.59,56795168.642416954,234.735144051266,665.7512894240964,1445.019214202322,11210.616829705074,2545018854.540454,2320470146.6021924,365.94665963502075,1175423682.5996878,25719029.201879963,1149704653.3978078,0.33125108153458355,25.351795875394973,1637884016.777036,31224382.495529633,0.6888136527854479
190727681.91798836,56174800.0,charging,56174800.0,0.0,0.0,0.0,0.0,134552881.91798836,0.9999999999999906,15,252,718.5692719462171,24.49,56795168.642416954,234.735144051266,665.7512894240964,1445.0192143426918,11210.616829527715,2545018854.5001903,2320470146.566294,365.94665963507896,1175423682.6351695,25719029.201460686,1149704653.433709,0.3312510815449273,25.35179587594778,1650327613.1097515,31403533.262555934,0.6836435514165018
206131933.90350842,56174800.0,charging,56174800.0,0.0,0.0,0.0,0.0,149957133.90350842,0.9999999999999906,16,252,707.7537333566256,24.71,56795168.642416954,234.735144051266,665.7512894240964,1445.0192143426962,11210.616829613766,2545018854.519725,2320470146.5837116,365.94665963505076,1175423682.6178205,25719029.20153317,1149704653.4162874,0.33125108153990784,25.351795875679507,1649023998.255848,31384765.086962696,0.6841815387401325
174053050.53439677,56174800.0,charging,56174800.0,0.0,0.0,0.0,0.0,117878250.53439677,0.9999999999999906,17,252,578.0495500609569,24.24,56795168.642416954,234.735144051266,665.7512894240964,1445.0192143042366,11210.616829206088,2545018854.427175,2320470146.5011888,365.94665963518423,1175423682.6178582,25719029.119044945,1149704653.4988132,0.331251081563685,25.351795876950348,1651808993.625551,31424860.734820966,0.6830332282828878
3994420.6016605683,56174800.0,direct_plus_discharge,56174800.0,0.0,52180379.398339435,0.0,369.75118971674743,0.0,0.9532945865620857,18,252,73.25787535495473,23.33,56876311.031463005,16.69130811915909,654.8634921707876,1445.0192142091614,11210.616829726006,2545018854.5452056,2320543433.988147,365.9519021452377,1175431537.6020646,25800171.590211537,1149631366.011853,0.33122222257185807,25.314477392118903,1657201218.7030613,31126381.624479998,0.680929083780198
0.0,56174800.0,discharging,56174800.0,0.0,56174800.0,0.0,398.0557322808837,0.0,0.9030138624845003,19,252,0.0,22.93,56885355.587191895,1.0,654.15,1445.0192143463848,11210.616829610706,2545018854.5190306,2320551602.972819,365.95248650649114,1175432413.17351,25809216.14632968,1149623197.0271804,0.33121900588753134,25.310324273289574,1659571427.5283403,31138025.33838692,0.6799649668237829
0.0,56174800.0,discharging,56174800.0,0.0,56174800.0,0.0,398.0557322808837,0.0,0.852733138406915,20,252,0.0,21.39,56885355.58719191,1.0,654.15,1445.019214295609,11210.616829213277,2545018854.428807,2320551602.892376,365.9524865066214,1175432413.1714046,25809216.063779432,1149623197.1076252,0.33121900591070835,25.3103242745263,1668696731.5056653,31271944.848597545,0.6762614000471447
0.0,56174800.0,discharging,56174800.0,0.0,56174800.0,0.0,398.0557322808837,0.0,0.8024524143293296,21,252,0.0,20.47,56885355.58719191,1.0,654.15,1445.019214163999,11210.616829436802,2545018854.479551,2320551602.93762,365.9524865065481,1175432413.1251788,25809216.062798515,1149623197.0623803,0.3312190058976728,25.310324273830695,1674148211.8038073,31351948.711840246,0.6740680673491106
0.0,56174800.0,discharging,56174800.0,0.0,56174800.0,0.0,398.0557322808837,0.0,0.7521716902517442,22,252,0.0,19.95,56885355.58719191,1.0,654.15,1445.019214346383,11210.616829524686,2545018854.499502,2320551602.9554067,365.9524865065192,1175432413.1908586,25809216.146264493,1149623197.044594,0.3312190058925484,25.31032427355729,1677229483.2766702,31397168.286716565,0.6728346394413861
