Q_solar,Q_design,mode,Q_to_pb,Q_to_storage,Q_from_storage,m_dot_charge,m_dot_discharge,Q_defocus,tank_soc,hour,day_of_year,DNI,T_amb,Q_sg_oil,m_oil_field,T_sg_oil_in,m_steam,m_orc,Q_nuclear_condenser,Q_orc_condenser,T_orc_live,P_turbine,P_pumps,P_net,efficiency,solar_efficiency,ex_nuclear,ex_solar,efficiency_II
0.0,93624666.66666667,shutdown,0.0,0.0,0.0,0.0,0.0,0.0,0.0,23,222,0.0,27.35,0.0,1.0,567.279923475184,1445.0192141534708,11210.61682941886,2545018854.4754777,2259509895.613098,362.89907080586624,1179588764.8631454,25103923.744471643,1154484841.1186738,0.33816193354384116,,1633380620.0090048,0.0,0.7068069909586102
0.0,93624666.66666667,shutdown,0.0,0.0,0.0,0.0,0.0,0.0,0.0,0,223,0.0,26.49,0.0,1.0,567.279923475184,1445.01921434638,11210.616829524635,2545018854.4994907,2259509895.634452,362.89907080586624,1179588764.924609,25103923.827249113,1154484841.09736,0.3381619335375981,,1638476568.9833553,0.0,0.7046086974644359
0.0,93624666.66666667,shutdown,0.0,0.0,0.0,0.0,0.0,0.0,0.0,1,223,0.0,25.36,0.0,1.0,567.279923475184,1445.0192143110876,11210.61682931321,2545018854.4514933,2259509895.591839,362.89907080586624,1179588764.8841846,25103923.744212776,1154484841.1399717,0.3381619335500796,,1645172408.9147692,0.0,0.7017409451338432
0.0,93624666.66666667,shutdown,0.0,0.0,0.0,0.0,0.0,0.0,0.0,2,223,0.0,24.29,0.0,1.0,567.279923475184,1445.0192141986447,11210.616829708228,2545018854.5411696,2259509895.671455,362.89907080586624,1179588764.8880131,25103923.827656988,1154484841.0603561,0.3381619335267593,,1651512717.522391,0.0,0.6990468973150391
0.0,93624666.66666667,shutdown,0.0,0.0,0.0,0.0,0.0,0.0,0.0,3,223,0.0,23.04,0.0,1.0,567.279923475184,1445.0192143463692,11210.616829610619,2545018854.5190105,2259509895.651782,362.89907080586624,1179588764.90733,25103923.827300828,1154484841.0800292,0.3381619335325218,,1658919620.1013885,0.0,0.6959257260514349
0.0,93624666.66666667,shutdown,0.0,0.0,0.0,0.0,0.0,0.0,0.0,4,223,0.0,22.04,0.0,1.0,567.279923475184,1445.0192141603186,11210.616829439874,2545018854.4802485,2259509895.617368,362.89907080586624,1179588764.858222,25103923.74378052,1154484841.1144414,0.3381619335426015,,1664845142.1645865,0.0,0.6934487850403981
0.0,93624666.66666667,shutdown,0.0,0.0,0.0,0.0,0.0,0.0,0.0,5,223,0.0,21.02,0.0,1.0,567.279923475184,1445.0192143042304,11210.616829206077,2545018854.427172,2259509895.570246,362.89907080586624,1179588764.9063792,25103923.744813975,1154484841.1615653,0.3381619335564046,,1670889174.6690485,0.0,0.6909404038662427
74616793.12353167,93624666.66666667,direct_partial,74616793.12353167,0.0,0.0,0.0,0.0,0.0,0.0,6,223,295.48703842435293,20.83,75439962.69554041,311.7978823688864,665.8498495068521,1445.0192143476281,11210.616829609608,2545018854.518781,2337315311.1523776,367.1527563207378,1177223312.1023538,25921830.131134674,1151301481.971219,0.3299387564421243,19.131186291946193,1672015023.8610563,42132393.05403561,0.6716467152184539
173411329.25441748,93624666.66666667,charging,93624666.66666667,79786662.5877508,0.0,565.3698527207029,0.0,0.0,0.07141513929103614,7,223,582.7343139944613,25.06,95534249.38465184,724.6262265759237,665.9135907596739,1445.0192141689301,11210.616829346609,2545018854.4590755,2355481762.0286274,368.4557944711762,1179151147.8315864,27008243.193454076,1152142904.6381323,0.32828940331331563,15.136197205920325,1646950065.5337286,52752019.220980786,0.6778499096824974
214102549.8664209,93624666.66666667,charging,93624666.66666667,120477883.19975422,0.0,853.7086384059925,0.0,0.0,0.17925201993179307,8,223,712.7758799170493,29.36,95981718.22980067,894.660824509169,665.914690306462,1445.019214197386,11210.616829623137,2545018854.5218525,2355886437.0183764,368.48484687614996,1179193941.7707942,27455712.12248288,1151738229.6483114,0.3281322588281659,15.061861614865034,1621470320.661977,52379391.9793698,0.6880774426461861
223445875.131732,93624666.66666667,charging,93624666.66666667,129821208.46506532,0.0,919.9156241081558,0.0,0.0,0.2954518882401917,9,223,771.1695635197646,31.92,96084463.90572657,933.703363193252,665.9149413368394,1445.0192143476293,11210.616829609644,2545018854.5187893,2355979357.386183,368.4915179660886,1179203767.0786805,27558457.798196983,1151645309.2804835,0.3280961814802113,15.044890752471462,1606300984.1801906,52066098.21945061,0.6944453501899372
224966777.0974966,93624666.66666667,charging,93624666.66666667,131342110.43082993,0.0,930.6927652054071,0.0,0.0,0.41301307963455886,10,223,815.5964308468866,33.72,96101188.79714221,940.0586887488679,665.9149821487631,1445.019214342697,11210.616829613773,2545018854.5197268,2355994482.949306,368.49260389044804,1179205366.406954,27575182.689594664,1151630183.7173593,0.32809030901812986,15.0421316773611,1595635044.466434,51815397.672546454,0.699037830978473
219151842.53611672,93624666.66666667,charging,93624666.66666667,125527175.86945005,0.0,889.4880250907029,0.0,0.0,0.5253694617512792,11,223,825.3000262252257,35.1,96037243.74919468,915.7600797299739,665.9148260341141,1445.0192143042425,11210.616829206132,2545018854.4271846,2355936652.6519265,368.48845203746856,1179199251.5739086,27511237.55916649,1151688014.0147421,0.32811276178499565,15.052685762898392,1587457824.0192208,51581888.15665722,0.7026602256548373
216226389.28255615,93624666.66666667,charging,93624666.66666667,122601722.61588947,0.0,868.7582060775591,0.0,0.0,0.6351073404137076,12,223,817.8287812436515,36.01,96005073.43900475,903.5356180338147,665.9147474154717,1445.0192141639989,11210.616829436747,2545018854.4795384,2355907558.7639055,368.4863632804985,1179196175.150694,27479067.24793013,1151717107.9027638,0.3281240578875698,15.058000764182111,1582065598.9417107,51433409.24385149,0.7050614063010996
232185456.73250136,93624666.66666667,charging,93624666.66666667,138560790.0658347,0.0,981.844470386608,0.0,0.0,0.7591297998309633,13,223,845.4780312646234,36.5,96180570.3981765,970.2230650169238,665.9151756619019,1445.0192143061374,11210.616829231161,2545018854.4328666,2356066273.6651626,368.4977580585158,1179212957.2089133,27654564.207407072,1151558393.0015063,0.328062437218402,15.029049321869293,1579162093.1307435,51456685.56676006,0.7062094513110794
250447810.71138638,93624666.66666667,charging,93624666.66666667,156823144.0447197,0.0,1111.251868120784,0.0,0.0,0.8994984568567466,14,223,858.2632849960625,36.6,96381395.89131132,1046.5351532121429,665.9156638059139,1445.0192143042368,11210.616829292168,2545018854.4467163,2356247896.204873,368.51079766968996,1179232160.1631448,27855389.70135216,1151376770.4617927,0.32799193039520136,14.996048805697168,1578569540.9244237,51549686.712542266,0.7063144529193964
252519431.10413295,93624666.66666667,charging,93624666.66666667,112282672.72070569,0.0,795.6372165507543,0.0,46612091.716760576,0.9999999999999998,15,223,818.1172209769102,36.46,95891598.01922539,860.415862135829,665.9144696810772,1445.0192141603252,11210.616829439967,2545018854.4802694,2355804934.990336,368.47899560069817,1179185323.5045073,27365591.828175217,1151819731.676332,0.32816390464205525,15.076777019068215,1579399114.0132716,51307797.82495846,0.7063315445066287
227435729.8282187,93624666.66666667,charging,93624666.66666667,0.0,0.0,0.0,0.0,133811063.16155203,0.9999999999999998,16,223,725.5211752845889,35.9,94656859.98126759,391.2252400854433,665.9107947354955,1445.01921430246,11210.616829234326,2545018854.433585,2354688299.25714,368.39883341756195,1179067221.200035,26130853.790539157,1152936367.4094958,0.32859764104023875,15.283992887634838,1582717406.3686626,50726497.523589574,0.7058316264563608
204645567.79672608,93624666.66666667,charging,93624666.66666667,0.0,0.0,0.0,0.0,111020901.1300594,0.9999999999999998,17,223,658.5077342976938,35.12,94656859.98129843,391.2252400854433,665.9107947354955,1445.0192141534778,11210.616829418906,2545018854.475488,2354688299.29453,368.3988334174628,1179067221.1630645,26130853.790927563,1152936367.3721368,0.3285976410295882,15.283992887284722,1587339313.577957,50837371.759868845,0.7037924405171092
131275595.24071562,93624666.66666667,charging,93624666.66666667,0.0,0.0,0.0,0.0,37650928.57404895,0.9999999999999998,18,223,459.082031740249,34.05,94656859.98129839,391.2252400854433,665.9107947354955,1445.0192143024633,11210.616829234337,2545018854.433588,2354688299.257167,368.3988334175639,1179067221.2000427,26130853.790542535,1152936367.4095001,0.3285976410402371,15.283992887629983,1593679622.1855786,50989468.46858821,0.701014188179897
0.0,93624666.66666667,discharging,93624666.66666667,0.0,93624666.66666667,0.0,663.4262204681396,0.0,0.9161987932040242,19,223,0.0,32.53,94807171.5559229,1.0,654.15,1445.0192143061454,11210.616829317225,2545018854.452405,2354824231.19407,368.40859138920985,1179081600.8378263,26281165.36523013,1152800435.4725962,0.3285448242404856,15.258478854481519,1602686415.7216399,50504402.77014821,0.6973184357050205
0.0,93624666.66666667,discharging,93624666.66666667,0.0,93624666.66666667,0.0,663.4262204681396,0.0,0.8323975864080486,20,223,0.0,30.58,94807171.5559233,1.0,654.15,1445.0192141584077,11210.616829414792,2545018854.4745545,2354824231.213821,368.4085913891563,1179081600.8184187,26281165.365573704,1152800435.452845,0.3285448242348566,15.258478854299236,1614241183.7448757,50787019.88324795,0.6923609059239202
0.0,93624666.66666667,discharging,93624666.66666667,0.0,93624666.66666667,0.0,663.4262204681396,0.0,0.748596379612073,21,223,0.0,29.88,94807171.5559233,1.0,654.15,1445.0192142054716,11210.616829643051,2545018854.5263734,2354824231.26002,368.408591389031,1179081600.8545692,26281165.447921645,1152800435.4066474,0.32854482422169035,15.258478853873127,1618389049.1891143,50888472.18025803,0.6905984299488805
0.0,93624666.66666667,discharging,93624666.66666667,0.0,93624666.66666667,0.0,663.4262204681396,0.0,0.6647951728160975,22,223,0.0,28.58,94807171.5559233,1.0,654.15,1445.0192143463823,11210.6168296107,2545018854.519029,2354824231.2534714,368.40859138904887,1179081600.8615882,26281165.448392216,1152800435.413196,0.32854482422355674,15.258478853933548,1626092227.8712716,51076883.588991046,0.687348954578281
0.0,93624666.66666667,discharging,93624666.66666667,0.0,93624666.66666667,0.0,663.4262204681396,0.0,0.5809939660201219,23,223,0.0,27.37,94807171.5559233,1.0,654.15,1445.0192143395416,11210.616829503677,2545018854.494733,2354824231.2318096,368.4085913891075,1179081600.8838809,26281165.449024323,1152800435.4348564,0.32854482422972986,15.258478854133331,1633262109.5677412,51252251.13096562,0.6843518003353175
0.0,93624666.66666667,discharging,93624666.66666667,0.0,93624666.66666667,0.0,663.4262204681396,0.0,0.49719275922414635,0,224,0.0,26.4,94807171.5559233,1.0,654.15,1445.0192143061395,11210.616829317196,2545018854.4523983,2354824231.1940646,368.40859138921,1179081600.837824,26281165.36522108,1152800435.472603,0.32854482424048753,15.258478854481526,1639009865.9690435,51392835.028251015,0.6819679327254271
0.0,93624666.66666667,discharging,93624666.66666667,0.0,93624666.66666667,0.0,663.4262204681396,0.0,0.41339155242817077,1,224,0.0,25.51,94807171.5559233,1.0,654.15,1445.0192141603204,11210.616829439892,2545018854.4802527,2354824231.2188993,368.40859138914254,1179081600.8126202,26281165.364854023,1152800435.447766,0.3285448242334091,15.258478854252411,1644283580.6052895,51521824.37730669,0.6797952359749656
0.0,93624666.66666667,discharging,93624666.66666667,0.0,93624666.66666667,0.0,663.4262204681396,0.0,0.3295903456321952,2,224,0.0,24.82,94807171.5559233,1.0,654.15,1445.0192143395411,11210.616829503679,2545018854.4947333,2354824231.23181,368.4085913891075,1179081600.8838806,26281165.449023884,1152800435.4348567,0.3285448242297299,15.258478854133333,1648372190.828896,51621827.35578807,0.6781202893089349
0.0,93624666.66666667,discharging,93624666.66666667,0.0,93624666.66666667,0.0,663.4262204681396,0.0,0.24578913883621967,3,224,0.0,24.16,94807171.5559233,1.0,654.15,1445.0192143061345,11210.616829317196,2545018854.4523983,2354824231.1940646,368.40859138921,1179081600.8378236,26281165.36522218,1152800435.4726014,0.3285448242404871,15.258478854481506,1652283035.3906069,51717482.37868328,0.6765258715893668
0.0,93624666.66666667,discharging,93624666.66666667,0.0,93624666.66666667,0.0,663.4262204681396,0.0,0.16198793204024414,4,224,0.0,23.78,94807171.5559233,1.0,654.15,1445.0192142054789,11210.616829643108,2545018854.5263863,2354824231.2600317,368.408591389031,1179081600.854573,26281165.447938863,1152800435.406634,0.32854482422168657,15.258478853873001,1654534733.7746222,51772556.48277448,0.6756112700149889
0.0,93624666.66666667,discharging,93624666.66666667,0.0,93624666.66666667,0.0,663.4262204681396,0.0,0.07818672524426862,5,224,0.0,23.32,94807171.5559233,1.0,654.15,1445.0192143358447,11210.616829592753,2545018854.5149546,2354824231.2498384,368.4085913890587,1179081600.8658905,26281165.449063733,1152800435.4168267,0.3285448242245914,15.258478853967032,1657260473.923693,51839225.13509539,0.674507424026627
86630450.47318651,93624666.66666667,direct_plus_discharge,93624666.66666667,0.0,6994216.193480164,0.0,49.56115284124842,0.0,0.07192636909590039,6,224,331.38675910712817,22.73,94665457.3500589,361.998819240113,665.1373473587039,1445.0192142005496,11210.616829733266,2545018854.5468535,2354696074.236133,368.3993915392042,1179068043.672655,26139451.242121793,1152928592.4305334,0.32859461993315536,15.28253137672225,1660756531.9409797,52554432.26334093,0.6729243065142967
178781173.3308209,93624666.66666667,charging,93624666.66666667,85156506.66415423,0.0,603.4206729473334,0.0,-1.4901161193847656e-08,0.1481479277839846,7,224,598.8100526674673,24.17,95593299.90927118,747.0649557357498,665.9137364502895,1445.0192143426862,11210.616829527671,2545018854.5001802,2355535164.9261055,368.45962830408644,1179156795.5421991,27067293.80163786,1152089501.7405612,0.3282686634289918,15.126347607508741,1652223780.1699748,52912396.40286605,0.6756583536079505
220477638.19004697,93624666.66666667,charging,93624666.66666667,126852971.5233803,0.0,898.8826390435788,0.0,0.0,0.261690997978963,8,224,732.7396056931765,28.69,96051823.1164699,921.30012319801,665.9148616462513,1445.0192143005609,11210.616829295273,2545018854.4474216,2355949837.8546534,368.4893986504931,1179200645.7385166,27525816.926504668,1151674828.812012,0.3281076425217775,15.050278212009841,1625440420.4443197,52514302.09193297,0.6863563201939316
221377451.8697555,93624666.66666667,charging,93624666.66666667,127752785.20308883,0.0,905.2587363895906,0.0,0.0,0.3760394699439639,9,224,766.0042253849584,30.95,96061718.09091577,925.0601346929453,665.9148858099626,1445.019214204236,11210.616829644185,2545018854.526631,2355958786.6755795,368.49004111477484,1179201591.9740226,27535711.98293743,1151665879.9910853,0.3281041680992048,15.048644629877915,1612048740.5814924,52193696.67566234,0.6920060768845379
222859110.42379528,93624666.66666667,charging,93624666.66666667,129234443.75712861,0.0,915.7577979032682,0.0,0.0,0.49171413915279777,10,224,811.274459186228,32.45,96078011.43459529,931.2514755453793,665.9149255877904,1445.0192142042397,11210.616829730243,2545018854.546168,2355973521.963604,368.4910990164486,1179203150.0297506,27552005.326690957,1151651144.7030597,0.32809844708618635,15.045955461484722,1603160457.4866955,51986132.477992035,0.6958000890589576
216645818.5925656,93624666.66666667,charging,93624666.66666667,123021151.92589894,0.0,871.7302903775634,0.0,-1.4901161193847656e-08,0.6018274389899637,11,224,820.2450952299513,33.79,96009685.77419932,905.2882686797341,665.9147586904443,1445.0192143395295,11210.616829589642,2545018854.514249,2355911730.06079,368.4866627500532,1179196616.2732232,27483679.6673471,1151712936.605876,0.3281224383151079,15.057238520560105,1595220257.92201,51755954.2463301,0.6992893571240952
218237615.91327867,93624666.66666667,charging,93624666.66666667,124612949.246612,0.0,883.0097973475782,0.0,0.0,0.7133655186549209,12,224,829.3091745931756,34.72,96027190.28003995,911.9398415091556,665.9148014708295,1445.019214346386,11210.616829524675,2545018854.4995003,2355927560.6349664,368.4877992838842,1179198290.204145,27501184.1724448,1151697106.0317001,0.3281162918683301,15.054346358703354,1589709522.4032362,51631284.067688026,0.701680663449771
229540023.64547616,93624666.66666667,charging,93624666.66666667,135915356.97880948,0.0,963.0988797542266,0.0,0.0,0.8350201139922969,13,224,840.8486964524756,35.13,96151479.38368411,959.1687111650036,665.9151047820511,1445.019214311079,11210.616829313109,2545018854.4514704,2356039964.452846,368.4958692024928,1179210175.4068348,27625473.19301305,1151584702.213822,0.32807265127373314,15.033841112108933,1587280058.357325,51638931.38538695,0.7026489469101856
242675248.11033934,93624666.66666667,charging,93624666.66666667,149050581.44367266,0.0,1056.175337401337,0.0,0.0,0.9684317355587816,14,224,836.65864838493,35.39,96295923.40955377,1014.056290771973,665.9154562973099,1445.0192141973853,11210.61682962311,2545018854.5218463,2356170596.5378327,368.5052478988617,1179223987.4310822,27769917.302252017,1151454070.1288302,0.32802193753808134,15.010077192235872,1585739422.6208935,51678931.97645713,0.7032131201509455
254511406.69166324,93624666.66666667,charging,93624666.66666667,35268802.78406896,0.0,249.9154268263107,0.0,125617937.24092762,0.9999999999999998,15,224,826.7394655120816,35.31,95044700.16442265,538.601421256255,665.9123759792186,1445.0192143476243,11210.616829609604,2545018854.51878,2355039037.886813,368.42401169279333,1179104322.8367329,26518694.056879234,1152585628.7798536,0.32846136976421164,15.218325011564366,1586213464.3859494,51018655.19175386,0.7039842518342139
234344725.74789625,93624666.66666667,charging,93624666.66666667,0.0,0.0,0.0,0.0,140720059.08122957,0.9999999999999998,16,224,747.0282654231308,34.82,94656859.9813145,391.22524008551017,665.9107947354955,1445.0192143426968,11210.616829613795,2545018854.5197315,2354688299.333987,368.39883341735697,1179067221.2064517,26130853.87375609,1152936367.3326955,0.32859764101834554,15.283992886917801,1589116970.1969163,50880015.6969016,0.7030112721239737
198434936.5574374,93624666.66666667,charging,93624666.66666667,0.0,0.0,0.0,0.0,104810269.89077072,0.9999999999999998,17,224,640.3901844724843,33.99,94656859.98129839,391.2252400854433,665.9107947354955,1445.019214197392,11210.616829623197,2545018854.521866,2354688299.3358736,368.39883341735083,1179067221.2048106,26130853.87401735,1152936367.3307934,0.3285976410178049,15.283992886902833,1594035153.5093706,50997997.25599304,0.70085904760909
125339522.99107027,93624666.66666667,charging,93624666.66666667,0.0,0.0,0.0,0.0,31714856.3244036,0.9999999999999998,18,224,440.65228945622806,32.82,94656859.98129839,391.2252400854433,665.9107947354955,1445.0192143513102,11210.616829606546,2545018854.5180864,2354688299.3325086,368.3988334173599,1179067221.2079358,26130853.873777583,1152936367.3341582,0.32859764101876393,15.283992886933854,1600968014.3233123,51164308.610387154,0.6978474734317185
0.0,93624666.66666667,discharging,93624666.66666667,0.0,93624666.66666667,0.0,663.4262204681396,0.0,0.9161987932040242,19,224,0.0,31.04,94807171.5559229,1.0,654.15,1445.0192141689324,11210.616829346582,2545018854.4590693,2354824231.2000117,368.4085913891938,1179081600.8314543,26281165.36480123,1152800435.466653,0.32854482423879183,15.258478854426693,1611515443.5958045,50720351.23092682,0.6935240108860844
0.0,93624666.66666667,discharging,93624666.66666667,0.0,93624666.66666667,0.0,663.4262204681396,0.0,0.8323975864080486,20,224,0.0,29.59,94807171.5559233,1.0,654.15,1445.0192143042436,11210.616829292212,2545018854.4467263,2354824231.18901,368.4085913892236,1179081600.8436325,26281165.365974974,1152800435.4776576,0.32854482424192805,15.25847885452811,1620107450.587442,50930502.417590775,0.689870887375462
0.0,93624666.66666667,discharging,93624666.66666667,0.0,93624666.66666667,0.0,663.4262204681396,0.0,0.748596379612073,21,224,0.0,27.89,94807171.5559233,1.0,654.15,1445.0192143073962,11210.616829316208,2545018854.4521737,2354824231.193863,368.4085913892104,1179081600.8380451,26281165.36524261,1152800435.4728024,0.3285448242405443,15.258478854483368,1630180838.0948784,51176886.56747241,0.6856366248320577
0.0,93624666.66666667,discharging,93624666.66666667,0.0,93624666.66666667,0.0,663.4262204681396,0.0,0.6647951728160975,22,224,0.0,27.87,94807171.5559233,1.0,654.15,1445.0192142054846,11210.616829643148,2545018854.5263953,2354824231.2600384,368.40859138903096,1179081600.8545785,26281165.44795034,1152800435.4066281,0.32854482422168485,15.258478853872957,1630299348.536142,51179785.20452983,0.6855871192656858
0.0,93624666.66666667,discharging,93624666.66666667,0.0,93624666.66666667,0.0,663.4262204681396,0.0,0.5809939660201219,23,224,0.0,27.04,94807171.5559233,1.0,654.15,1445.0192141534687,11210.616829418876,2545018854.4754815,2354824231.214647,368.4085913891541,1179081600.8175635,26281165.36554338,1152800435.4520202,0.32854482423462145,15.258478854291637,1635217531.8485966,51300078.64241322,0.6835389255831108
0.0,93624666.66666667,discharging,93624666.66666667,0.0,93624666.66666667,0.0,663.4262204681396,0.0,0.49719275922414635,0,225,0.0,25.5,94807171.5559233,1.0,654.15,1445.0192143073973,11210.616829230215,2545018854.432652,2354824231.1764584,368.4085913892578,1179081600.8553958,26281165.36518625,1152800435.4902096,0.32854482424550535,15.258478854643931,1644342835.8259215,51523273.69583541,0.679770902323949
0.0,93624666.66666667,discharging,93624666.66666667,0.0,93624666.66666667,0.0,663.4262204681396,0.0,0.41339155242817077,1,225,0.0,24.58,94807171.5559233,1.0,654.15,1445.0192143073898,11210.616829316188,2545018854.4521694,2354824231.1938586,368.4085913892105,1179081600.8380446,26281165.365235776,1152800435.4728088,0.32854482424054615,15.258478854483442,1649794316.1240637,51656611.00047724,0.6775396322602417
0.0,93624666.66666667,discharging,93624666.66666667,0.0,93624666.66666667,0.0,663.4262204681396,0.0,0.3295903456321952,2,225,0.0,24.08,94807171.5559233,1.0,654.15,1445.0192143042389,11210.616829292143,2545018854.4467106,2354824231.188996,368.40859138922366,1179081600.8436291,26281165.365956873,1152800435.4776723,0.32854482424193227,15.258478854528256,1652757077.1556628,51729076.92691301,0.6763331181755223
0.0,93624666.66666667,discharging,93624666.66666667,0.0,93624666.66666667,0.0,663.4262204681396,0.0,0.24578913883621967,3,225,0.0,23.42,94807171.5559233,1.0,654.15,1445.019214204252,11210.61682964427,2545018854.52665,2354824231.260267,368.40859138903045,1179081600.8543692,26281165.447967656,1152800435.4064014,0.32854482422162024,15.258478853870853,1656667921.7173731,51824731.949808225,0.6747470835955786
0.0,93624666.66666667,discharging,93624666.66666667,0.0,93624666.66666667,0.0,663.4262204681396,0.0,0.16198793204024414,4,225,0.0,22.77,94807171.5559233,1.0,654.15,1445.0192143073837,11210.616829316139,2545018854.4521585,2354824231.193848,368.4085913892105,1179081600.838041,26281165.36522297,1152800435.4728181,0.3285448242405488,15.258478854483528,1660519511.0584524,51918937.654174745,0.6731923336219574
0.0,93624666.66666667,discharging,93624666.66666667,0.0,93624666.66666667,0.0,663.4262204681396,0.0,0.07818672524426862,5,225,0.0,22.47,94807171.5559233,1.0,654.15,1445.0192143395402,11210.616829503691,2545018854.494736,2354824231.2318125,368.4085913891075,1179081600.8838816,26281165.44902808,1152800435.4348536,0.328544824229729,15.258478854133307,1662297167.6774113,51962417.210036196,0.6724771706675582
91265818.68633026,93624666.66666667,direct_plus_discharge,93624666.66666667,0.0,2358847.980336413,0.0,16.71484295719957,0.0,0.0760753766602013,6,225,345.21605224599637,22.02,94658015.40639293,381.3684267018744,665.8061371008986,1445.0192141652358,11210.61682943567,2545018854.4792943,2354689344.185988,368.39890842502876,1179067331.6959898,26132009.21531341,1152935322.4806764,0.3285972350164018,15.283796455288423,1664963652.6058505,52693538.28522329,0.6712255091381564
177267730.14750463,93624666.66666667,charging,93624666.66666667,83643063.48083796,0.0,592.6963849284981,0.0,0.0,0.15094228844064317,7,225,593.9030859316871,23.4,95576657.03979425,740.7407978633737,665.9136954068507,1445.0192143073928,11210.616829316235,2545018854.4521804,2355520113.747689,368.4585477695091,1179155203.7680974,27050650.849120453,1152104552.918977,0.32827450872400576,15.129122398721343,1656786432.1586375,53013697.54421846,0.6738241113124724
216782158.79366344,93624666.66666667,charging,93624666.66666667,123157492.12699677,0.0,872.6963997110603,0.0,0.0,0.26117762314098764,8,225,722.1782114733606,26.76,96011185.06548224,905.8579874280817,665.914762355268,1445.019214202326,11210.616829619032,2545018854.5209208,2355913085.983645,368.4867600960364,1179196759.6412323,27485178.958209384,1151711580.683023,0.3281219118569666,15.056990760529096,1636876678.026292,52770343.8335729,0.6816285092582746
222353768.58314177,93624666.66666667,charging,93624666.66666667,128729101.9164751,0.0,912.1769357295977,0.0,0.0,0.3763999729173579,9,225,771.0964141880625,28.89,96072454.34570901,929.1398260199534,665.9149120224789,1445.0192143426812,11210.616829613668,2545018854.519703,2355968496.2544074,368.49073820306114,1179202618.6503892,27546448.238131512,1151656170.4122577,0.32810039832266963,15.046872540323086,1624255316.0316806,52496730.801019244,0.6868374919163976
214477952.63811052,93624666.66666667,charging,93624666.66666667,120853285.97144385,0.0,856.3687497937533,0.0,0.0,0.4845728676281478,10,225,785.9009285320927,30.53,95985846.41866945,896.2295034130434,665.9147004028774,1445.0192143061563,11210.616829231274,2545018854.4328923,2355890170.3538475,368.4851149106228,1179194336.540753,27459840.22793049,1151734496.3128223,0.32813080927034716,15.061179047765133,1614537459.848036,52213000.10248745,0.6910059567927228
212774287.953587,93624666.66666667,charging,93624666.66666667,119149621.28692032,0.0,844.2965484942544,0.0,0.0,0.5912208527011062,11,225,810.7638136376465,31.88,95967111.74181236,889.110475394497,665.9146545760497,1445.0192141936905,11210.616829712208,2545018854.5420732,2355873227.354545,368.48389850988735,1179192544.9466753,27441105.634553008,1151751439.3121223,0.3281373878003571,15.064277169074135,1606538005.0627182,52008253.210246645,0.6944343177448876
223548133.70686993,93624666.66666667,charging,93624666.66666667,129923467.04020326,0.0,920.6402303730385,0.0,0.0,0.7075122502219111,12,225,852.7811701387106,33.13,96085588.41184427,934.1306665635442,665.9149440812932,1445.0192142005371,11210.61682973321,2545018854.546841,2355980374.3853936,368.4915909786003,1179203874.5851643,27559582.3038918,1151644292.2812724,0.32809578663360733,15.044705214388784,1599131102.4837208,51892115.53614466,0.6975336747005186
234982965.68408406,93624666.66666667,charging,93624666.66666667,141358299.01741737,0.0,1001.6676735717474,0.0,0.0,0.8340386931993949,13,225,863.9078800341658,34.05,96211333.74420504,981.9128915358339,665.9152505698444,1445.0192143513098,11210.616829520497,2545018854.4985514,2356094095.396932,368.49975550443514,1179215898.9063478,27685327.63661185,1151530571.2697358,0.32805163615076227,15.023985221025795,1593679622.1855786,51827124.6411282,0.6998030080948716
238628269.7973373,93624666.66666667,charging,93624666.66666667,145003603.1306706,0.0,1027.4983698659494,0.0,0.0,0.9638279609719359,14,225,827.0649594808425,34.53,96251420.03303003,997.1453620766405,665.915348107229,1445.0192143042416,11210.616829292176,2545018854.446718,2356130348.523853,368.5023582946243,1179219731.9858875,27725413.843071405,1151494318.142816,0.32803756208778373,15.017391283734455,1590835371.595244,51779345.6170579,0.7010130288477074
245629919.26323166,93624666.66666667,charging,93624666.66666667,40412247.34270504,0.0,286.361975638839,0.0,111593005.25385997,0.9999999999999998,15,225,801.8530411916443,34.41,95101261.04321659,560.0941047974717,665.9125169683763,1445.019214306144,11210.616829231181,2545018854.4328713,2355090188.3225513,368.4276836757793,1179109733.1965704,26575254.852455687,1152534478.3441148,0.3284414990069221,15.208793046316268,1591546434.2428277,51177557.702105306,0.7015995894596697
207908559.12581715,93624666.66666667,charging,93624666.66666667,0.0,0.0,0.0,0.0,114283892.45915048,0.9999999999999998,16,225,668.8210770893037,33.88,94656859.98129818,391.2252400854433,665.9107947354955,1445.0192142054827,11210.616829729137,2545018854.5459166,2354688299.357318,368.3988334172927,1179067221.182727,26130853.873379406,1152936367.3093476,0.32859764101169275,15.283992886704706,1594686960.9363222,51013633.366235115,0.7005748015774148
200142476.348082,93624666.66666667,charging,93624666.66666667,0.0,0.0,0.0,0.0,106517809.68141533,0.9999999999999998,17,225,645.8913573843188,32.82,94656859.98129839,391.2252400854433,665.9107947354955,1445.019214304231,11210.616829292103,2545018854.4467015,2354688299.268863,368.3988334175323,1179067221.189126,26130853.7913203,1152936367.3978057,0.3285976410369041,15.283992887521894,1600968014.3233123,51164308.610387154,0.697847473470243
126480858.35141088,93624666.66666667,charging,93624666.66666667,0.0,0.0,0.0,0.0,32856191.68474421,0.9999999999999998,18,225,443.9610315149826,31.46,94656859.98129839,391.2252400854433,665.9107947354955,1445.0192143426827,11210.616829527653,2545018854.500176,2354688299.316535,368.3988334174031,1179067221.22379,26130853.87365893,1152936367.350131,0.32859764102331634,15.283992887081487,1609026724.3292618,51357627.79156323,0.6943792055601309
0.0,93624666.66666667,discharging,93624666.66666667,0.0,93624666.66666667,0.0,663.4262204681396,0.0,0.9161987932040242,19,225,0.0,29.6,94807171.5559229,1.0,654.15,1445.0192142042351,11210.616829730221,2545018854.5461626,2354824231.277661,368.4085913889831,1179081600.8370163,26281165.448009674,1152800435.3890066,0.3285448242166628,15.258478853710503,1620048195.3668098,50929053.09906184,0.6898959494795011
0.0,93624666.66666667,discharging,93624666.66666667,0.0,93624666.66666667,0.0,663.4262204681396,0.0,0.8323975864080486,20,225,0.0,28.27,94807171.5559233,1.0,654.15,1445.0192143444672,11210.616829499524,2545018854.49379,2354824231.2309647,368.4085913891098,1179081600.8847368,26281165.44903478,1152800435.435702,0.32854482422997083,15.258478854141185,1627929139.710863,51121812.46338122,0.6865785900915707
0.0,93624666.66666667,discharging,93624666.66666667,0.0,93624666.66666667,0.0,663.4262204681396,0.0,0.748596379612073,21,225,0.0,26.65,94807171.5559233,1.0,654.15,1445.0192141603204,11210.616829439885,2545018854.480251,2354824231.218898,368.40859138914254,1179081600.81262,26281165.364850935,1152800435.447769,0.32854482423340986,15.258478854252436,1637528485.453244,51356602.06503312,0.6825807415599513
0.0,93624666.66666667,discharging,93624666.66666667,0.0,93624666.66666667,0.0,663.4262204681396,0.0,0.6647951728160975,22,225,0.0,26.53,94807171.5559233,1.0,654.15,1445.0192143024603,11210.616829320361,2545018854.453117,2354824231.1947045,368.40859138920825,1179081600.837192,26281165.365229733,1152800435.4719622,0.3285448242403049,15.258478854475612,1638239548.1008277,51373993.88737772,0.6822864559403546
0.0,93624666.66666667,discharging,93624666.66666667,0.0,93624666.66666667,0.0,663.4262204681396,0.0,0.5809939660201219,23,225,0.0,25.79,94807171.5559233,1.0,654.15,1445.0192143042293,11210.616829206028,2545018854.427161,2354824231.171562,368.4085913892709,1179081600.8609731,26281165.365868274,1152800435.4951048,0.32854482424690046,15.258478854689091,1642624434.427594,51481243.458502665,0.6804772869503442
0.0,93624666.66666667,discharging,93624666.66666667,0.0,93624666.66666667,0.0,663.4262204681396,0.0,0.49719275922414635,0,226,0.0,25.02,94807171.5559233,1.0,654.15,1445.0192142005446,11210.616829733266,2545018854.546854,2354824231.2782793,368.40859138898156,1179081600.8363729,26281165.44798653,1152800435.3883862,0.328544824216486,15.258478853704688,1647187086.4162567,51592840.98521376,0.6786049309822969
0.0,93624666.66666667,discharging,93624666.66666667,0.0,93624666.66666667,0.0,663.4262204681396,0.0,0.41339155242817077,1,226,0.0,24.26,94807171.5559233,1.0,654.15,1445.0192142054814,11210.616829643113,2545018854.5263877,2354824231.260033,368.408591389031,1179081600.8545747,26281165.44794085,1152800435.4066339,0.3285448242216865,15.258478853873001,1651690483.184287,51702989.19339612,0.6767669678794157
0.0,93624666.66666667,discharging,93624666.66666667,0.0,93624666.66666667,0.0,663.4262204681396,0.0,0.3295903456321952,2,226,0.0,23.55,94807171.5559233,1.0,654.15,1445.0192142993005,11210.616829296263,2545018854.447646,2354824231.1898293,368.40859138922144,1179081600.8427722,26281165.36593648,1152800435.4768357,0.32854482424169384,15.258478854520536,1655897603.8491573,51805890.80893492,0.6750588958112097
0.0,93624666.66666667,discharging,93624666.66666667,0.0,93624666.66666667,0.0,663.4262204681396,0.0,0.24578913883621967,3,226,0.0,22.88,94807171.5559233,1.0,654.15,1445.019214351313,11210.616829606533,2545018854.518083,2354824231.2526274,368.4085913890511,1179081600.86244,26281165.44839892,1152800435.4140413,0.3285448242237976,15.258478853941343,1659867703.6315002,51902995.15035886,0.673454941268947
0.0,93624666.66666667,discharging,93624666.66666667,0.0,93624666.66666667,0.0,663.4262204681396,0.0,0.16198793204024414,4,226,0.0,22.43,94807171.5559233,1.0,654.15,1445.0192143024658,11210.61682923433,2545018854.433586,2354824231.1772923,368.40859138925543,1179081600.85454,26281165.365164984,1152800435.489375,0.32854482424526754,15.25847885463622,1662534188.5599391,51968214.484151065,0.6723819304321673
0.0,93624666.66666667,discharging,93624666.66666667,0.0,93624666.66666667,0.0,663.4262204681396,0.0,0.07818672524426862,5,226,0.0,22.02,94807171.5559233,1.0,654.15,1445.0192141973873,11210.61682970917,2545018854.5413837,2354824231.273406,368.40859138899475,1179081600.8419528,26281165.448690858,1152800435.393262,0.3285448242178755,15.258478853749628,1664963652.6058505,52027636.543828405,0.6714072707754817
68319115.99183398,93624666.66666667,direct_plus_discharge,93624666.66666667,0.0,25305550.674832687,0.0,179.31562737457963,0.0,0.05553633020747961,6,226,273.9574830006258,21.28,94694855.64451884,285.482058392701,662.582011664153,1445.019214311082,11210.61682922711,2545018854.431947,2354722659.97638,368.4013000151318,1179070856.1440778,26168849.453790843,1152902006.6902869,0.3285842896356708,15.277535818562047,1669348538.9326172,52615526.81186727,0.6695273319724208
166566421.51986408,93624666.66666667,charging,93624666.66666667,72941754.85319741,0.0,516.8667025417483,0.0,0.0,0.12082475579170045,7,226,561.1851679736993,22.34,95458978.03832029,696.0237143624754,665.9134047880337,1445.0192143061463,11210.616829317281,2545018854.452418,2355413689.867643,368.45090754583805,1179143948.646664,26932971.847555056,1152210976.7991087,0.3283158412762412,15.148770092574171,1663067485.545627,53100357.20604878,0.6713859496118236
215728876.29290324,93624666.66666667,charging,93624666.66666667,122104209.62623657,0.0,865.2328192953091,0.0,0.0,0.23011732243952898,8,226,719.2907003342848,26.12,95999602.441584,901.4566825806658,665.9147340400754,1445.019214193712,11210.616829712364,2545018854.542109,2355902611.0046577,368.4860080597047,1179195651.996378,27473596.334368955,1151722055.662009,0.328125978949075,15.058905006126798,1640669012.1467385,52856239.55428099,0.680073742334335
224926105.24906868,93624666.66666667,charging,93624666.66666667,131301438.582402,0.0,930.4045636913974,0.0,0.0,0.34764210943212653,9,226,780.6413912480513,28.63,96100741.54132928,939.8887351006294,665.9149810575581,1445.0192143513204,11210.616829520584,2545018854.4985714,2355994078.4436626,368.4925748507631,1179205323.656766,27574735.43375975,1151630588.2230062,0.32809046606374914,15.042205448020583,1625795951.7681117,52549713.84664579,0.6861700851124598
220930669.0464534,93624666.66666667,charging,93624666.66666667,127306002.37978671,0.0,902.092824559018,0.0,0.0,0.46159067674484455,10,226,810.0381367570728,30.73,96056804.95754603,923.1931831348186,665.9148738126205,1445.0192142042374,11210.6168297302,2545018854.546158,2355954343.3861833,368.4897221129356,1179201122.1301126,27530798.849625014,1151670323.2804875,0.32810589323052763,15.049455706856362,1613352355.435396,52222760.94021313,0.6914550487441185
219059927.64658085,93624666.66666667,charging,93624666.66666667,125435260.97991417,0.0,888.8367143844481,0.0,0.0,0.5738647880355117,11,226,836.1417860197088,32.43,96036232.9894074,915.3759990597179,665.9148235647925,1445.019214304249,11210.616829206208,2545018854.427202,2355935738.548411,368.48838641064515,1179199154.9176579,27510226.799401373,1151688928.1182566,0.3281131166949216,15.052852700898974,1603278967.9279594,51966404.47920348,0.6957813912769908
215954641.86316925,93624666.66666667,charging,93624666.66666667,122329975.19650258,0.0,866.8325985450091,0.0,0.0,0.6833594320622497,12,226,829.6831732105509,33.45,96002085.11616337,902.400079150982,665.9147401098621,1445.019214307399,11210.616829316234,2545018854.45218,2355904856.184912,368.486169254865,1179195889.407244,27476078.925490268,1151719810.4817536,0.3281251072087718,15.058494659447613,1597234935.4234974,51800872.072343916,0.6984201345092127
231844327.29299992,93624666.66666667,charging,93624666.66666667,138219660.62633324,0.0,979.4272205015471,0.0,0.0,0.8070765546519187,13,226,857.1960895966633,34.16,96176819.10258712,968.7976025654065,665.915166524325,1445.0192141652503,11210.616829435774,2545018854.4793177,2356062881.1217313,368.49751448946154,1179212598.456471,27650812.911537178,1151561785.5449338,0.328063754303791,15.029667061620605,1593027814.7586272,51792639.609152496,0.700113974438359
249417846.9452652,93624666.66666667,charging,93624666.66666667,155793180.27859855,0.0,1103.9535247150907,0.0,0.0,0.9465233156685617,14,226,865.7588440777492,34.41,96370069.69637161,1042.231289326414,665.9156363294816,1445.0192141620935,11210.616829325665,2545018854.454321,2356237652.997798,368.51006225103663,1179231077.1748366,27844063.50596687,1151387013.6688697,0.327995906644811,14.997906316016564,1591546434.2428277,51860559.75425789,0.7006097807022669
248197399.33529735,93624666.66666667,charging,93624666.66666667,59745401.48519509,0.0,423.357084290549,0.0,94827331.18343556,0.9999999999999994,15,226,812.0476342772633,34.26,95313861.79660632,640.8806981205053,665.913045424737,1445.019214342687,11210.616829613715,2545018854.5197134,2355282453.535124,368.441486123923,1179130068.8205826,26787855.689039327,1152342213.1315434,0.32836681428705194,15.173065499659174,1592435262.5523074,51313470.970494546,0.7010452325410466
228817885.22712928,93624666.66666667,charging,93624666.66666667,0.0,0.0,0.0,0.0,135193218.5604626,0.9999999999999994,16,226,731.8162020293619,33.87,94656859.98129822,391.2252400854434,665.9107947354955,1445.0192143463833,11210.616829524653,2545018854.499495,2354688299.3159323,368.39883341740483,1179067221.2244332,26130853.873697735,1152936367.3507354,0.3285976410234886,15.283992887087047,1594746216.1569543,51015054.830802605,0.7005489724878282
185089590.11027348,93624666.66666667,charging,93624666.66666667,0.0,0.0,0.0,0.0,91464923.44360681,0.9999999999999994,17,226,601.0778335995009,32.92,94656859.98129839,391.2252400854433,665.9107947354955,1445.019214295621,11210.61682929936,2545018854.4483495,2354688299.270327,368.3988334175282,1179067221.187641,26130853.79130194,1152936367.396339,0.32859764103648603,15.283992887508395,1600375462.1169925,51150093.96471244,0.6981038610941728
105282473.41716293,93624666.66666667,charging,93624666.66666667,0.0,0.0,0.0,0.0,11657806.750496253,0.9999999999999994,18,226,378.58003173303143,31.72,94656859.98129839,391.2252400854433,665.9107947354955,1445.0192142005467,11210.61682973325,2545018854.54685,2354688299.3581524,368.3988334172904,1179067221.1818724,26130853.8733568,1152936367.3085155,0.32859764101145555,15.28399288669698,1607486088.5928297,51320669.71280897,0.6950395888705949
0.0,93624666.66666667,discharging,93624666.66666667,0.0,93624666.66666667,0.0,663.4262204681396,0.0,0.9161987932040239,19,226,0.0,30.08,94807171.5559229,1.0,654.15,1445.0192143427037,11210.616829527778,2545018854.5002046,2354824231.236686,368.4085913890942,1179081600.8783002,26281165.44832044,1152800435.4299798,0.3285448242283401,15.258478854088427,1617203944.7764747,50859485.80968351,0.6911010782275139
0.0,93624666.66666667,discharging,93624666.66666667,0.0,93624666.66666667,0.0,663.4262204681396,0.0,0.8323975864080484,20,226,0.0,28.58,94807171.5559233,1.0,654.15,1445.01921434078,11210.616829588625,2545018854.514018,2354824231.249005,368.408591389061,1179081600.866747,26281165.44908346,1152800435.4176633,0.3285448242248299,15.258478853974735,1626092227.8712716,51076883.588991046,0.6873489545809446
0.0,93624666.66666667,discharging,93624666.66666667,0.0,93624666.66666667,0.0,663.4262204681396,0.0,0.7485963796120728,21,226,0.0,26.91,94807171.5559233,1.0,654.15,1445.0192141652353,11210.616829349627,2545018854.4597607,2354824231.2006307,368.40859138919217,1179081600.83081,26281165.364775006,1152800435.4660351,0.3285448242386157,15.258478854420911,1635987849.7168124,51318919.78328653,0.6832192321539593
0.0,93624666.66666667,discharging,93624666.66666667,0.0,93624666.66666667,0.0,663.4262204681396,0.0,0.6647951728160972,22,226,0.0,26.67,94807171.5559233,1.0,654.15,1445.019214307396,11210.616829316255,2545018854.4521847,2354824231.193873,368.4085913892104,1179081600.8380468,26281165.36525388,1152800435.4727929,0.3285448242405416,15.258478854483283,1637409975.0119796,51353703.4279757,0.6826298138634329
0.0,93624666.66666667,discharging,93624666.66666667,0.0,93624666.66666667,0.0,663.4262204681396,0.0,0.5809939660201217,23,226,0.0,25.96,94807171.5559233,1.0,654.15,1445.0192141571617,11210.616829415809,2545018854.4747853,2354824231.214024,368.4085913891558,1179081600.8182056,26281165.365563203,1152800435.4526424,0.3285448242347988,15.2584788542974,1641617095.6768503,51456605.043514505,0.6808920574232249
0.0,93624666.66666667,discharging,93624666.66666667,0.0,93624666.66666667,0.0,663.4262204681396,0.0,0.4971927592241461,0,227,0.0,25.0,94807171.5559233,1.0,654.15,1445.0192143073841,11210.616829230123,2545018854.432631,2354824231.176435,368.40859138925777,1179081600.8553927,26281165.365160424,1152800435.4902322,0.3285448242455118,15.258478854644192,1647305596.8575206,51595739.62227118,0.6785564357014942
0.0,93624666.66666667,discharging,93624666.66666667,0.0,93624666.66666667,0.0,663.4262204681396,0.0,0.4133915524281705,1,227,0.0,24.02,94807171.5559233,1.0,654.15,1445.0192143463862,11210.616829610692,2545018854.519027,2354824231.2534695,368.40859138904887,1179081600.8615878,26281165.44838913,1152800435.4131987,0.32854482422355746,15.258478853933573,1653112608.4794548,51737772.83808531,0.6761886251404027
0.0,93624666.66666667,discharging,93624666.66666667,0.0,93624666.66666667,0.0,663.4262204681396,0.0,0.32959034563219497,2,227,0.0,23.35,94807171.5559233,1.0,654.15,1445.0192141534753,11210.61682933289,2545018854.455961,2354824231.1972427,368.4085913892013,1179081600.8349135,26281165.36549033,1152800435.469423,0.32854482423958126,15.258478854452157,1657082708.261797,51834877.17950923,0.6745793040521185
0.0,93624666.66666667,discharging,93624666.66666667,0.0,93624666.66666667,0.0,663.4262204681396,0.0,0.24578913883621942,3,227,0.0,22.96,94807171.5559233,1.0,654.15,1445.019214163993,11210.616829436744,2545018854.479538,2354824231.2182617,368.40859138914425,1179081600.813252,26281165.36484758,1152800435.4484043,0.32854482423359094,15.258478854258305,1659393661.8664443,51891400.602129154,0.6736460574169095
0.0,93624666.66666667,discharging,93624666.66666667,0.0,93624666.66666667,0.0,663.4262204681396,0.0,0.1619879320402439,4,227,0.0,22.73,94807171.5559233,1.0,654.15,1445.0192143110648,11210.616829313032,2545018854.451453,2354824231.1932187,368.4085913892121,1179081600.838678,26281165.365231093,1152800435.4734468,0.328544824240728,15.258478854489335,1660756531.9409797,51924734.92828959,0.6730968906904271
0.0,93624666.66666667,discharging,93624666.66666667,0.0,93624666.66666667,0.0,663.4262204681396,0.0,0.07818672524426835,5,227,0.0,22.43,94807171.5559233,1.0,654.15,1445.0192143358515,11210.616829506731,2545018854.495426,2354824231.232428,368.40859138910594,1179081600.8832397,26281165.449001852,1152800435.434238,0.3285448242295536,15.258478854127622,1662534188.5599391,51968214.484151065,0.672381930400008
44316178.79813874,93624666.66666667,direct_plus_discharge,93624666.66666667,0.0,49308487.868527934,0.0,349.400910126426,0.0,0.03405187343882506,6,227,199.74420760721517,21.37,94733391.63523206,185.18204985122787,659.4281848145508,1445.0192143513145,11210.616829606535,2545018854.5180836,2354757509.453026,368.40380170062815,1179074542.7413507,26207385.527708285,1152867157.2136424,0.32857074862457786,15.270992213990654,1668815241.9469292,52422675.8561438,0.6697895423342295
139674837.35602173,93624666.66666667,charging,93624666.66666667,46050170.68935506,0.0,326.3124108214167,0.0,0.0,0.07527028322679348,7,227,479.16234393412975,22.9,95163259.55325188,583.6530449080889,665.9126713198275,1445.0192141652485,11210.616829349688,2545018854.4597745,2355146256.458063,368.4317087023162,1179115663.5707262,26637253.362117868,1152478410.2086084,0.3284197185956316,15.198357713952133,1659749193.1902366,52855785.609406285,0.6729388413995943
192108058.81733632,93624666.66666667,charging,93624666.66666667,98483392.15066965,0.0,697.8552443451555,0.0,0.0,0.1634204193546026,8,227,646.3029270298064,26.53,95739851.57248501,802.7534207490996,665.9140972507839,1445.019214299304,11210.616829296278,2545018854.4476495,2355667700.6061087,368.46914322994337,1179170811.4430583,27213845.382501733,1151956966.0605564,0.32821719408760164,15.101955349620505,1638239548.1008277,52654236.118939325,0.6812710395006311
209777472.38874894,93624666.66666667,charging,93624666.66666667,116152805.72208227,0.0,823.06105474666,0.0,0.0,0.26738602626997016,9,227,732.6392208858144,29.0,95934156.68222086,876.5878151748374,665.9145739214621,1445.0192143426968,11210.616829613798,2545018854.5197325,2355843423.7625875,368.4817588184345,1179189393.4787598,27408150.574678533,1151781242.9040813,0.32814895992032145,15.069729828187512,1623603508.6047287,52405291.90481219,0.6872167034886192
219353337.94925135,93624666.66666667,charging,93624666.66666667,125728671.28258468,0.0,890.9158255319425,0.0,0.0,0.3799227621266366,10,227,807.0450944117049,30.95,96039459.53231499,916.6020596716605,665.9148314471685,1445.0192142054675,11210.616829643035,2545018854.5263696,2355938656.6341662,368.48859590408324,1179199463.45681,27513453.424307745,1151686010.0325022,0.3281119837285121,15.052319813641372,1612048740.5814924,52181599.24062082,0.6920232028431857
225857860.29978666,93624666.66666667,charging,93624666.66666667,132233193.63311999,0.0,937.0069982175543,0.0,0.0,0.498281540848854,11,227,863.9786626640154,32.45,96110987.7652096,943.782218585222,665.9150060535301,1445.019214339547,11210.616829589791,2545018854.5142827,2356003344.8833346,368.4932401250618,1179206303.44173,27584981.658401415,1151621321.7833285,0.32808686842023016,15.040515605390159,1603160457.4866955,52003980.72370287,0.6957745678903589
129211089.13347593,93624666.66666667,charging,93624666.66666667,35586422.46680926,0.0,252.16608611481752,0.0,0.0,0.5301340990949363,12,227,524.6023195214152,33.56,95048192.93039344,539.92864453042,665.9123846904762,1445.0192141603052,11210.616829353734,2545018854.4606934,2355042196.495544,368.42423844571624,1179104656.910345,26522186.739271753,1152582470.1710734,0.3284601426942946,15.217736062360443,1596583127.9965458,51270314.75317457,0.6994447687336781
16585844.428419784,93624666.66666667,direct_plus_discharge,93624666.66666667,0.0,77038822.23824689,0.0,545.8986022220319,0.0,0.46117848618267954,13,227,123.5619927125635,34.19,94777911.84953453,69.30653213036815,656.0353054788173,1445.0192143426812,11210.616829613675,2545018854.5197043,2354797770.644462,368.4066918852053,1179078801.764163,26251905.741956964,1152826896.022206,0.32855510522024806,15.263439082686624,1592850049.0967312,50376271.90033139,0.7015630660800903
73727533.90628672,93624666.66666667,direct_plus_discharge,93624666.66666667,0.0,19897132.760379955,0.0,140.99147217654544,0.0,0.44336903706564224,14,227,298.74714106228674,34.58,94686172.59290528,308.0819743379026,663.3227315034499,1445.0192143395418,11210.616829589693,2545018854.5142603,2354714807.6785254,368.4007363287391,1179070025.474208,26160166.486068863,1152909858.9881392,0.3285873407527192,15.279010978608197,1590539095.492084,50759175.20812894,0.7024377467334338
85743995.13348672,93624666.66666667,direct_plus_discharge,93624666.66666667,0.0,7880671.533179954,0.0,55.842592728502126,0.0,0.4363152358788841,15,227,317.3682718934737,33.91,94666880.52733676,358.29462764780743,665.0104846781127,1445.0192141640011,11210.61682935077,2545018854.4600205,2354697361.1840625,368.39948392894786,1179068179.8188155,26140874.336208392,1152927305.4826071,0.32859411985823156,15.282289469975266,1594509195.2744267,50955671.44949176,0.7006696580389821
0.0,93624666.66666667,discharging,93624666.66666667,0.0,93624666.66666667,0.0,663.4262204681396,0.0,0.3525140290829086,16,227,0.0,33.07,94807171.55592233,1.0,654.1499999999993,1445.0192142091623,11210.616829726041,2545018854.5452137,2354824231.2768145,368.4085913889855,1179081600.8378649,26281165.44801373,1152800435.389851,0.32854482421690356,15.258478853718373,1599486633.8075128,50426139.56959723,0.698703867253692
113654841.58698395,93624666.66666667,charging,93624666.66666667,20030174.920317277,0.0,141.93421152582806,0.0,0.0,0.3704425610651184,17,227,389.96890151098086,32.16,94877125.65792646,474.92444320308203,665.9119572822316,1445.0192143407771,11210.616829502564,2545018854.49448,2354887493.3553996,368.413132749047,1179088292.86228,26351119.551011104,1152737173.3112688,0.3285202450898381,15.246632338718697,1604878858.885023,51377478.41800679,0.6959895925218508
69491067.8697694,93624666.66666667,direct_plus_discharge,93624666.66666667,0.0,24133598.796897277,0.0,171.0111534295093,0.0,0.34884115221086465,18,227,269.71015258647583,31.21,94692974.11117305,290.37924170066685,662.7415454199789,1445.0192143024508,11210.616829320277,2545018854.453098,2354720958.46211,368.40117786968284,1179070676.1250129,26166967.920457006,1152903708.204556,0.3285849507811698,15.277855448500652,1610508104.8450613,51205805.09385586,0.6938039702916945
0.0,93624666.66666667,discharging,93624666.66666667,0.0,93624666.66666667,0.0,663.4262204681396,0.0,0.2650399454148891,19,227,0.0,29.78,94807171.55592325,1.0,654.15,1445.019214342697,11210.616829613753,2545018854.5197225,2354824231.2540874,368.40859138904705,1179081600.8609507,26281165.4483704,1152800435.4125803,0.3285448242233812,15.258478853927889,1618981601.3954344,50902965.36554515,0.6903473799081989
0.0,93624666.66666667,discharging,93624666.66666667,0.0,93624666.66666667,0.0,663.4262204681396,0.0,0.18123873861891357,20,227,0.0,27.96,94807171.55592325,1.0,654.15,1445.019214202336,11210.616829619108,2545018854.520938,2354824231.2551727,368.40859138904415,1179081600.860166,26281165.448672324,1152800435.4114938,0.3285448242230716,15.258478853917847,1629766051.5504544,51166741.337771386,0.6858099504565675
0.0,93624666.66666667,discharging,93624666.66666667,0.0,93624666.66666667,0.0,663.4262204681396,0.0,0.09743753182293804,21,227,0.0,27.17,94807171.55592325,1.0,654.15,1445.0192143463737,11210.616829610633,2545018854.519014,2354824231.253457,368.40859138904887,1179081600.8615832,26281165.44837301,1152800435.4132102,0.32854482422356074,15.258478853933685,1634447213.9803808,51281237.5015399,0.6838589183209107
0.0,93624666.66666667,discharging,93624666.66666667,0.0,93624666.66666667,0.0,663.4262204681396,0.0,0.013636325026962513,22,227,0.0,26.24,94807171.55592325,1.0,654.15,1445.0192143074023,11210.616829230255,2545018854.432661,2354824231.1764665,368.4085913892578,1179081600.8553982,26281165.365198396,1152800435.4901998,0.3285448242455026,15.258478854643847,1639957949.4991548,51416024.12471044,0.6815763121979813
0.0,93624666.66666667,shutdown,0.0,0.0,0.0,0.0,0.0,0.0,0.013636325026962513,23,227,0.0,25.22,0.0,1.0,567.279923475184,1445.0192141620887,11210.61682941168,2545018854.473848,2259509896.366163,362.89907080586624,1179588764.1101565,25103923.744512293,1154484840.3656442,0.3381619333232701,,1646001982.0036168,0.0,0.7013872723046986
0.0,93624666.66666667,shutdown,0.0,0.0,0.0,0.0,0.0,0.0,0.013636325026962513,0,228,0.0,24.33,0.0,1.0,567.279923475184,1445.0192143476302,11210.616829609673,2545018854.518796,2259509895.6515913,362.89907080586624,1179588764.9075525,25103923.827333182,1154484841.0802193,0.3381619335325774,,1651275696.6398633,0.0,0.6991472371509189
0.0,93624666.66666667,shutdown,0.0,0.0,0.0,0.0,0.0,0.0,0.013636325026962513,1,228,0.0,23.03,0.0,1.0,567.279923475184,1445.0192142091537,11210.616829639908,2545018854.52566,2259509895.6576853,362.89907080586624,1179588764.9009793,25103923.82685273,1154484841.0741265,0.33816193353079277,,1658978875.3220208,0.0,0.6959008690511698
0.0,93624666.66666667,shutdown,0.0,0.0,0.0,0.0,0.0,0.0,0.013636325026962513,2,228,0.0,22.16,0.0,1.0,567.279923475184,1445.019214295619,11210.61682929938,2545018854.448354,2259509895.5890517,362.89907080586624,1179588764.8876228,25103923.744863898,1154484841.1427588,0.33816193355089597,,1664134079.5170026,0.0,0.693745086620566
0.0,93624666.66666667,shutdown,0.0,0.0,0.0,0.0,0.0,0.0,0.013636325026962513,3,228,0.0,21.58,0.0,1.0,567.279923475184,1445.0192143427062,11210.61682952778,2545018854.5002046,2259509895.6350856,362.89907080586624,1179588764.9239786,25103923.827253334,1154484841.0967252,0.3381619335374122,,1667570882.3136578,0.0,0.6923153032601196
0.0,93624666.66666667,shutdown,0.0,0.0,0.0,0.0,0.0,0.0,0.013636325026962513,4,228,0.0,21.2,0.0,1.0,567.279923475184,1445.019214200553,11210.616829733332,2545018854.546869,2259509895.6765146,362.89907080586624,1179588764.8822327,25103923.82693709,1154484841.0552955,0.33816193352527696,,1669822580.6976726,0.0,0.691381739833065
0.0,93624666.66666667,shutdown,0.0,0.0,0.0,0.0,0.0,0.0,0.013636325026962513,5,228,0.0,21.06,0.0,1.0,567.279923475184,1445.0192141620935,11210.616829411698,2545018854.473852,2259509895.611689,362.89907080586624,1179588764.8646395,25103923.744518694,1154484841.1201208,0.338161933544265,,1670652153.7865207,0.0,0.6910384298152608
82919737.58949256,93624666.66666667,direct_plus_discharge,93624666.66666667,0.0,10704929.077174112,0.0,75.85533696300594,0.0,0.004054598252688079,6,228,317.756588149766,20.64,94671414.78752041,346.4930279727335,664.6084872655155,1445.0192143110858,11210.616829227145,2545018854.4319553,2354701461.637918,368.3997782833036,1179068613.6255765,26145408.596802264,1152923205.0287743,0.3285925265528444,15.281518798569724,1673140873.0530639,52821941.77693285,0.6679884381763662
156264286.2434271,93624666.66666667,charging,93624666.66666667,62639619.576760426,0.0,443.86557033444444,0.0,0.0,0.06012182818967053,7,228,528.9911150091872,22.28,95345688.62331948,652.9746388312753,665.9131243335523,1445.019214347626,11210.616829609617,2545018854.518783,2355311236.1859736,368.44355241207154,1179133112.9964743,26819682.515780736,1152313430.4806936,0.3283556345606791,15.167730712007746,1663423016.869419,53045911.42914291,0.6713278705388022
201039732.80908903,93624666.66666667,charging,93624666.66666667,107415066.14242236,0.0,761.1452610658425,0.0,0.0,0.1562664927453559,8,228,674.3641333857715,25.56,95838070.44591126,840.0758105230376,665.9143384430276,1445.0192143042432,11210.616829206132,2545018854.4271846,2355756526.3385577,368.47552022108346,1179180204.5839944,27312064.25588635,1151868140.328108,0.32818270165431523,15.085649411430085,1643987304.5021296,52847871.30132954,0.6788332518994918
219090099.04136515,93624666.66666667,charging,93624666.66666667,125465432.37469848,0.0,889.0505094784191,0.0,0.0,0.2685676097321036,9,228,764.5049767023306,27.85,96036564.77496012,915.502074928277,665.9148243753618,1445.0192142054914,11210.616829729206,2545018854.5459323,2355936038.7120543,368.4884079525954,1179199186.6216726,27510558.66706048,1151688627.9546123,0.3281130001642734,15.052797901545635,1630417858.977406,52627100.17206859,0.6842886886020069
215053158.86541453,93624666.66666667,charging,93624666.66666667,121428492.19874786,0.0,860.4446723786494,0.0,0.0,0.37725535782203823,10,228,795.3201568067241,29.75,95992171.78473826,898.6330921507979,665.9147158713034,1445.019214302455,11210.616829320305,2545018854.453104,2355895890.851224,368.4855256029788,1179194941.4094727,27466165.594030697,1151728775.815442,0.3281285881699897,15.060133305415054,1619159367.0573301,52328879.56337138,0.6890438973435362
217337557.6006871,93624666.66666667,charging,93624666.66666667,123712890.93402041,0.0,876.6319665281692,0.0,0.0,0.4879878167519122,11,228,837.6189970239043,31.43,96017292.61544316,908.1788077776503,665.9147772832036,1445.0192143358458,11210.616829506711,2545018854.495422,2355918609.4581575,368.48715664734107,1179197343.7170243,27491286.508514527,1151706057.2085097,0.32811976728192443,15.055981559526412,1609204489.9911573,52100341.10383218,0.6932539023855145
230368746.96291167,93624666.66666667,charging,93624666.66666667,136744080.29624498,0.0,968.9712294017559,0.0,0.0,0.6103841825710814,12,228,890.2166796901755,32.8,96160592.59926884,962.6316605176825,665.9151269908757,1445.0192142005546,11210.61682973334,2545018854.5468707,2356048206.312939,368.49646091526597,1179211046.8450806,27634586.491353843,1151576460.3537269,0.3280694515178823,15.032339696195288,1601086524.7645762,51980287.76268954,0.6966303186458368
244014183.73583812,93624666.66666667,charging,93624666.66666667,150389517.06917143,0.0,1065.6630614499295,0.0,0.0,0.7449942534910724,13,228,908.4710421287689,33.52,96310647.27306145,1019.6512416561171,665.9154920698468,1445.0192143513068,11210.61682952048,2545018854.4985476,2356183912.492018,368.50620392273845,1179225395.3401139,27784641.165465478,1151440754.1746483,0.3280167682792205,15.007658826222846,1596820148.8790736,51957292.303911984,0.6983603277277364
73522968.19648741,93624666.66666667,direct_plus_discharge,93624666.66666667,0.0,20101698.47017926,0.0,142.44102880004425,0.0,0.727001702484751,14,228,299.675440842685,33.65,94686501.01697397,307.2271646837927,663.2945049803043,1445.019214153483,11210.61682941894,2545018854.475496,2354715104.6486907,368.4007576494504,1179070056.844588,26160494.82661303,1152909562.017975,0.32858722535735535,15.278955178150333,1596049831.0108583,50890241.144641384,0.7000312770998752
91400967.18555227,93624666.66666667,direct_plus_discharge,93624666.66666667,0.0,2223699.4811144024,0.0,15.75717804651934,0.0,0.7250113220999276,15,228,335.6963387901385,33.33,94657798.42956005,381.9331657384743,665.8257737423071,1445.019214342681,11210.616829613673,2545018854.519704,2354689148.002888,368.39889433928676,1179067310.9857626,26131792.321981695,1152935518.663781,0.3285973112509927,15.283833342472885,1597945998.0710814,51086757.46544215,0.6991586521206886
195935977.40957928,93624666.66666667,charging,93624666.66666667,102311310.7429126,0.0,724.9799504116993,0.0,0.0,0.8165877368887738,16,228,635.0001287554993,32.61,95781946.01656422,818.7489743097427,665.9142006808905,1445.0192143427084,11210.6168295278,2545018854.5002093,2355705769.3770204,368.47187625866644,1179174837.1986146,27255939.909001447,1151918897.2896132,0.32820241114892806,15.094962889268231,1602212373.9565837,51802875.16317239,0.6964378943317774
189698240.86864772,93624666.66666667,charging,93624666.66666667,96073574.20198107,0.0,680.7792271946031,0.0,-1.4901161193847656e-08,0.9025809024291448,17,228,615.2766720445144,31.78,95713351.54524443,792.6836214205263,665.9140320911087,1445.0192141571474,11210.616829415745,2545018854.4747705,2355643734.971083,368.4674226928713,1179168277.050448,27187345.354864217,1151980931.6955838,0.3282265006594894,15.106360518715215,1607130557.2690384,51885063.087285876,0.6943761816107318
115242062.88112846,93624666.66666667,charging,93624666.66666667,21617396.21446179,0.0,153.18129268201383,0.0,0.0,0.9219301183468728,18,228,408.1714595947483,30.57,94894579.84261154,481.5568943933355,665.9120009615979,1445.0192142054807,11210.61682964311,2545018854.5263867,2354903277.8815255,368.41426586538415,1179089962.5197697,26368573.734627225,1152721388.7851424,0.32851411250914436,15.243679247270471,1614300438.9655077,51613513.052736916,0.6919453357051409
0.0,93624666.66666667,discharging,93624666.66666667,0.0,93624666.66666667,0.0,663.4262204681396,0.0,0.8381289115508973,19,228,0.0,28.98,94807171.555921,1.0,654.1499999999975,1445.0192143463753,11210.616829610653,2545018854.5190187,2354824231.253461,368.4085913890487,1179081600.8615813,26281165.44837765,1152800435.4132037,0.32854482422355913,15.258478853933962,1623722019.0459924,51018910.84784102,0.6883455314406647
0.0,93624666.66666667,discharging,93624666.66666667,0.0,93624666.66666667,0.0,663.4262204681396,0.0,0.7543277047549217,20,228,0.0,27.37,94807171.55592336,1.0,654.15,1445.0192142992923,11210.616829296196,2545018854.447631,2354824231.189815,368.40859138922144,1179081600.8427684,26281165.365915954,1152800435.4768524,0.32854482424169856,15.258478854520689,1633262109.5677412,51252251.13096565,0.6843518003602481
0.0,93624666.66666667,discharging,93624666.66666667,0.0,93624666.66666667,0.0,663.4262204681396,0.0,0.6705264979589461,21,228,0.0,25.43,94807171.55592336,1.0,654.15,1445.0192143061538,11210.616829231263,2545018854.43289,2354824231.176673,368.408591389257,1179081600.8551779,26281165.3651837,1152800435.4899943,0.32854482424544396,15.258478854641906,1644757622.3703454,51533418.92553645,0.6796006153574402
0.0,93624666.66666667,discharging,93624666.66666667,0.0,93624666.66666667,0.0,663.4262204681396,0.0,0.5867252911629706,22,228,0.0,24.28,94807171.55592336,1.0,654.15,1445.0192142042267,11210.616829730117,2545018854.5461392,2354824231.277641,368.4085913889832,1179081600.8370082,26281165.447982296,1152800435.389026,0.3285448242166683,15.258478853710598,1651571972.7430232,51700090.556338735,0.6768152077572197
0.0,93624666.66666667,discharging,93624666.66666667,0.0,93624666.66666667,0.0,663.4262204681396,0.0,0.502924084366995,23,228,0.0,23.61,94807171.55592336,1.0,654.15,1445.0192143444635,11210.61682949947,2545018854.4937778,2354824231.230953,368.40859138910986,1179081600.8847322,26281165.44901977,1152800435.4357126,0.32854482422997383,15.258478854141279,1655542072.5253658,51797194.897762656,0.6752029063184517
0.0,93624666.66666667,discharging,93624666.66666667,0.0,93624666.66666667,0.0,663.4262204681396,0.0,0.4191228775710194,0,229,0.0,22.5,94807171.55592336,1.0,654.15,1445.0192143513066,11210.616829606515,2545018854.5180793,2354824231.2526236,368.40859138905114,1179081600.8624365,26281165.44839318,1152800435.4140434,0.3285448242237982,15.258478853941359,1662119402.0155153,51958069.25445009,0.6725486185638564
0.0,93624666.66666667,discharging,93624666.66666667,0.0,93624666.66666667,0.0,663.4262204681396,0.0,0.3353216707750439,1,229,0.0,21.33,94807171.55592336,1.0,654.15,1445.0192142091641,11210.616829726066,2545018854.5452194,2354824231.276821,368.4085913889854,1179081600.837866,26281165.448019695,1152800435.3898463,0.3285448242169021,15.258478853718158,1669052262.8294573,52127639.522309795,0.6697733536248567
0.0,93624666.66666667,discharging,93624666.66666667,0.0,93624666.66666667,0.0,663.4262204681396,0.0,0.25152046397906835,2,229,0.0,20.72,94807171.55592336,1.0,654.15,1445.0192143407849,11210.61682950263,2545018854.494495,2354824231.2315974,368.4085913891082,1179081600.884097,26281165.449027095,1152800435.43507,0.32854482422979076,15.258478854135298,1672666831.2880077,52216047.952561446,0.6683354848664419
0.0,93624666.66666667,discharging,93624666.66666667,0.0,93624666.66666667,0.0,663.4262204681396,0.0,0.1677192571830928,3,229,0.0,20.13,94807171.55592336,1.0,654.15,1445.0192141689436,11210.616829432707,2545018854.4786215,2354824231.217446,368.4085913891465,1179081600.8141146,26281165.36489225,1152800435.4492223,0.3285448242338241,15.258478854265835,1676162889.305295,52301557.74575566,0.6669506204863085
0.0,93624666.66666667,discharging,93624666.66666667,0.0,93624666.66666667,0.0,663.4262204681396,0.0,0.08391805038711726,4,229,0.0,19.61,94807171.55592336,1.0,654.15,1445.0192143110798,11210.616829227114,2545018854.431948,2354824231.1758285,368.40859138925936,1179081600.8560352,26281165.365195263,1152800435.49084,0.328544824245685,15.25847885464977,1679244160.7781575,52376922.309248865,0.6657348115879058
0.0,93624666.66666667,discharging,93624666.66666667,0.0,93624666.66666667,0.0,663.4262204681396,0.0,0.00011684359114172688,5,229,0.0,19.05,94807171.55592336,1.0,654.15,1445.0192143005634,11210.616829295295,2545018854.4474263,2354824231.189634,368.40859138922184,1179081600.8429956,26281165.36596265,1152800435.477033,0.32854482424175,15.258478854522345,1682562453.1335485,52458084.146856934,0.6644304264455648
87854059.59228343,93624666.66666667,direct_plus_discharge,87984599.98294169,0.0,130540.39065826224,0.0,0.9250117632053378,0.0,0.0,6,229,332.9536584115956,18.44,88952349.16248293,367.11186036947447,666.1296805513875,1445.0192141603131,11210.616829439876,2545018854.480249,2349530006.2194705,368.028634349923,1178521003.418604,26066409.6551322,1152454593.7634716,0.32899522428245725,16.25259812642448,1686177021.5920994,50014562.3477315,0.6637830781026357
177143440.8386407,93624666.66666667,charging,93624666.66666667,83518774.17197402,0.0,591.8156684532366,0.0,0.0,0.07475566338356672,7,229,592.0043091499246,21.26,95575290.26854058,740.2214356436558,665.9136920355846,1445.0192142054836,11210.616829643135,2545018854.5263925,2355518877.7617726,368.4584590320941,1179155073.0654583,27049284.160490744,1152105788.9049675,0.32827498874281524,15.129350316676389,1669467049.373881,53320082.80772538,0.6687452949837328
212530617.6969363,93624666.66666667,charging,93624666.66666667,118905951.03026962,0.0,842.5698962863931,0.0,1.4901161193847656e-08,0.18118554501974268,8,229,710.5116058636213,24.32,95964432.17489995,888.0922613056902,665.9146480201109,1445.0192143358418,11210.616829592715,2545018854.514946,2355870804.0088477,368.483724531913,1179192288.725849,27438426.068030097,1151753862.6578188,0.32813832872492976,15.06472038365852,1651334951.860495,53096266.22609301,0.6757408867169128
221122532.29948217,93624666.66666667,charging,93624666.66666667,127497865.6328155,0.0,903.4523713252222,0.0,0.0,0.29530584455556025,9,229,772.6453662624934,26.89,96058914.81875962,923.9949135964821,665.9148789648241,1445.0192143513102,11210.616829520475,2545018854.4985466,2355956251.4458675,368.48985910290105,1179201323.9319618,27532908.711163927,1151668415.2207978,0.3281051524117406,15.049107393856143,1636106360.1580765,52777832.33713049,0.6819108262948977
216618813.61434707,93624666.66666667,charging,93624666.66666667,122994146.9476804,0.0,871.5389325733521,0.0,0.0,0.4053949728806152,10,229,803.5407585744233,28.93,96009388.8087544,905.1754241755732,665.9147579645372,1445.0192143513207,11210.61682960658,2545018854.518094,2355911461.497019,368.4866434686703,1179196587.870891,27483382.7012433,1151713205.1696477,0.3281225425897001,15.057287595401128,1624018295.1491523,52456492.84951957,0.6869851031547753
209462628.20884588,93624666.66666667,charging,93624666.66666667,115837961.54217921,0.0,820.8300627255815,0.0,0.0,0.5090787702775308,11,229,813.5744336350119,30.71,95930694.43755296,875.2721897712178,665.9145654447163,1445.0192141620885,11210.616829411634,2545018854.4738374,2355840292.5728087,368.48153402393694,1179189062.3410556,27404688.24719824,1151784374.0938573,0.3281501757055133,15.070302900037964,1613470865.87666,52157059.91383897,0.6915015990424308
201451235.4791592,93624666.66666667,charging,93624666.66666667,107826568.81249253,0.0,764.061177040093,0.0,0.0,0.6055917610615426,12,229,790.6973971676783,32.15,95842595.6142882,841.7953384703806,665.9143495434228,1445.0192143426964,11210.61682952773,2545018854.500193,2355760618.816176,368.475814025248,1179180637.357162,27316589.506667018,1151864047.8504949,0.32818111253473375,15.084898964128502,1604938114.105655,51901892.938179016,0.6952174277259716
212025691.5951915,93624666.66666667,charging,93624666.66666667,118401024.92852484,0.0,838.9919800467669,0.0,0.0,0.7115696953832393,13,229,801.2586938179993,33.12,95958879.65776587,885.9823490099933,665.9146344339321,1445.01921430247,11210.616829320434,2545018854.453133,2355865782.421214,368.4833640202282,1179191757.7125454,27432873.46709337,1151758884.245452,0.32814027848604105,15.065638878272782,1599190357.7043529,51825105.51753141,0.6976063579670205
229694460.66085738,93624666.66666667,charging,93624666.66666667,136069793.9941907,0.0,964.1932234679352,0.0,0.0,0.8333625236107679,14,229,811.8825106348066,33.65,96153177.68007071,959.8140502681665,665.9151089211026,1445.0192141571642,11210.61682932983,2545018854.4552665,2356041500.3548303,368.4959794713143,1179210337.8014948,27627171.489657708,1151583166.3118372,0.3280720549844896,15.033561293776769,1596049831.0108583,51853544.713279426,0.6988171656640956
247220179.42697245,93624666.66666667,charging,93624666.66666667,153595512.76030576,0.0,1088.3808096666357,0.0,0.0,0.9708422048318166,15,229,816.4746575968841,33.66,96345902.62220241,1033.0479935873416,665.9155776805683,1445.0192143110683,11210.616829313078,2545018854.451463,2356215796.725978,368.50849306739315,1179228766.3722103,27819896.43152079,1151408869.9406896,0.32800439098625456,15.001871206795814,1595990575.790226,51956061.96630859,0.6986930544718264
233128897.26030704,93624666.66666667,charging,93624666.66666667,32575770.179566752,0.0,230.8325450814461,0.0,106928460.41407363,0.9999999999999993,16,229,746.7134358885028,33.22,95015085.71266796,527.3481654128416,665.9123020925573,1445.0192141603104,11210.616829439818,2545018854.4802356,2355012256.227208,368.42208910592865,1179101489.961036,26489079.521576032,1152612410.43946,0.32847177406915273,15.223320336012714,1598597805.498033,51300963.42011415,0.6985958363950038
198365986.91636077,93624666.66666667,charging,93624666.66666667,0.0,0.0,0.0,0.0,104741320.2496941,0.9999999999999993,17,229,640.9725269367759,32.38,94656859.9812609,391.2252400854433,665.9107947354955,1445.019214344472,11210.616829499544,2545018854.4937944,2354688299.3108134,368.3988334174161,1179067221.2302294,26130853.87441583,1152936367.3558135,0.32859764102493944,15.283992887139968,1603575244.0311193,51226853.051335596,0.6967216015670575
108618150.58319148,93624666.66666667,charging,93624666.66666667,0.0,0.0,0.0,0.0,14993483.916524813,0.9999999999999993,18,229,387.36533512809854,31.0,94656859.98129843,391.2252400854433,665.9107947354955,1445.0192143476386,11210.616829609678,2545018854.5187974,2354688299.333139,368.3988334173581,1179067221.2073066,26130853.873779826,1152936367.3335268,0.328597641018584,15.28399288692806,1611752464.4783325,51423015.16166691,0.6932139040331957
0.0,93624666.66666667,discharging,93624666.66666667,0.0,93624666.66666667,0.0,663.4262204681396,0.0,0.9161987932040238,19,229,0.0,28.84,94807171.5559229,1.0,654.15,1445.0192141639966,11210.616829350733,2545018854.460012,2354824231.2008505,368.40859138919154,1179081600.8306043,26281165.364789672,1152800435.4658146,0.32854482423855286,15.258478854418984,1624551592.1348405,51039201.30724423,0.6879964010172631
0.0,93624666.66666667,discharging,93624666.66666667,0.0,93624666.66666667,0.0,663.4262204681396,0.0,0.8323975864080482,20,229,0.0,27.25,94807171.5559233,1.0,654.15,1445.0192141620828,11210.61682941163,2545018854.4738364,2354824231.213177,368.40859138915806,1179081600.8190558,26281165.365565058,1152800435.4534907,0.32854482423504056,15.258478854305242,1633973172.215325,51269642.9533102,0.6840559859251705
0.0,93624666.66666667,discharging,93624666.66666667,0.0,93624666.66666667,0.0,663.4262204681396,0.0,0.7485963796120726,21,229,0.0,25.36,94807171.5559233,1.0,654.15,1445.0192143476306,11210.616829609662,2545018854.5187936,2354824231.253262,368.40859138904943,1179081600.8618028,26281165.448397636,1152800435.4134052,0.3285448242236163,15.25847885393546,1645172408.9147692,51543564.15523742,0.6794304136405042
0.0,93624666.66666667,discharging,93624666.66666667,0.0,93624666.66666667,0.0,663.4262204681396,0.0,0.6647951728160971,22,229,0.0,24.6,94807171.5559233,1.0,654.15,1445.0192143476193,11210.616829523524,2545018854.4992385,2354824231.235825,368.4085913890966,1179081600.8791451,26281165.448301326,1152800435.4308438,0.3285448242285863,15.25847885409635,1649675805.6827996,51653712.3634198,0.6775879823414233
0.0,93624666.66666667,discharging,93624666.66666667,0.0,93624666.66666667,0.0,663.4262204681396,0.0,0.5809939660201215,23,229,0.0,23.78,94807171.5559233,1.0,654.15,1445.0192142956134,11210.616829299312,2545018854.448338,2354824231.190442,368.40859138921985,1179081600.8421361,26281165.36591268,1152800435.4762235,0.3285448242415193,15.25847885451494,1654534733.7746222,51772556.48277448,0.6756112700557725
0.0,93624666.66666667,discharging,93624666.66666667,0.0,93624666.66666667,0.0,663.4262204681396,0.0,0.49719275922414596,0,230,0.0,22.76,94807171.5559233,1.0,654.15,1445.0192142005426,11210.616829647175,2545018854.5273094,2354824231.260853,368.4085913890288,1179081600.8537176,26281165.447904997,1152800435.4058125,0.3285448242214524,15.258478853865439,1660578766.279084,51920386.97270346,0.6731684703124154
0.0,93624666.66666667,discharging,93624666.66666667,0.0,93624666.66666667,0.0,663.4262204681396,0.0,0.4133915524281704,1,230,0.0,21.77,94807171.5559233,1.0,654.15,1445.0192143061333,11210.616829317165,2545018854.4523916,2354824231.194058,368.40859138921,1179081600.8378212,26281165.365211595,1152800435.4726098,0.3285448242404894,15.258478854481586,1666445033.12165,52063869.5070463,0.6708143517378599
0.0,93624666.66666667,discharging,93624666.66666667,0.0,93624666.66666667,0.0,663.4262204681396,0.0,0.3295903456321948,2,230,0.0,20.97,94807171.5559233,1.0,654.15,1445.019214300548,11210.616829295224,2545018854.44741,2354824231.189619,368.408591389222,1179081600.8429892,26281165.365942124,1152800435.477047,0.328544824241754,15.25847885452249,1671185450.7722085,52179814.98934352,0.6689240281094018
0.0,93624666.66666667,discharging,93624666.66666667,0.0,93624666.66666667,0.0,663.4262204681396,0.0,0.24578913883621928,3,230,0.0,20.13,94807171.5559233,1.0,654.15,1445.0192142054777,11210.6168296431,2545018854.5263844,2354824231.2600303,368.408591389031,1179081600.8545723,26281165.447936647,1152800435.4066358,0.328544824221687,15.258478853873017,1676162889.305295,52301557.74575563,0.6669506204616701
0.0,93624666.66666667,discharging,93624666.66666667,0.0,93624666.66666667,0.0,663.4262204681396,0.0,0.16198793204024375,4,230,0.0,19.51,94807171.5559233,1.0,654.15,1445.019214351308,11210.616829606526,2545018854.5180817,2354824231.252626,368.4085913890511,1179081600.8624372,26281165.448397156,1152800435.41404,0.32854482422379727,15.25847885394133,1679836712.9844775,52391415.49453599,0.6655015101424654
0.0,93624666.66666667,discharging,93624666.66666667,0.0,93624666.66666667,0.0,663.4262204681396,0.0,0.07818672524426822,5,230,0.0,19.13,94807171.5559233,1.0,654.15,1445.019214197408,11210.616829623266,2545018854.521882,2354824231.256015,368.40859138904193,1179081600.8593156,26281165.448664065,1152800435.4106517,0.32854482422283154,15.258478853910075,1682088411.3684926,52446489.59862717,0.6646164541099104
87733765.32317366,93624666.66666667,direct_plus_discharge,93624666.66666667,0.0,5890901.343493015,0.0,41.74304221961722,0.0,0.07291391991126393,6,230,331.80928660590655,18.65,94663686.01139027,366.6091920451009,665.295707031832,1445.019214306146,11210.616829317274,2545018854.452416,2354694472.2730455,368.3992765480492,1179067874.2143314,26137679.820709962,1152930194.3936214,0.3285952423967598,15.282832474563731,1684932661.9588277,53144007.940174304,0.663336787358533
174625110.87635434,93624666.66666667,charging,93624666.66666667,81000444.20968767,0.0,573.9707330504798,0.0,0.0,0.14541548619132452,7,230,583.7520043491172,21.55,95547596.9679694,729.6982019789892,665.9136237068088,1445.0192143427003,11210.616829613773,2545018854.5197268,2355493833.077995,368.45666105551896,1179152424.449094,27021590.86042188,1152130833.5886722,0.32828471526758646,15.133969770435497,1667748647.9755535,53263018.572171256,0.6694497521331724
220482530.10613078,93624666.66666667,charging,93624666.66666667,126857863.4394641,0.0,898.9173032566957,0.0,0.0,0.25896293502374923,8,230,735.1376464605407,24.73,96051876.91136749,921.3205648306749,665.914861777633,1445.0192141534758,11210.616829332888,2545018854.4559608,2355949886.512926,368.4894021432847,1179200650.874676,27525870.72093445,1151674780.1537416,0.32810762363066426,15.050269329921539,1648905487.8145835,53085523.798328765,0.6766632563249221
217392450.61342254,93624666.66666667,charging,93624666.66666667,123767783.94675587,0.0,877.0209394908057,0.0,0.0,0.3697445273804826,9,230,761.6129743333809,27.47,96017896.2570277,908.408186774124,665.9147787585079,1445.0192142054777,11210.616829729128,2545018854.5459146,2355919155.419793,368.4871958404969,1179197401.3959794,27491890.14910756,1151705511.246872,0.3281195553091095,15.055881821373834,1632669557.3614213,52671659.03039387,0.6833663711806587
208190035.7303276,93624666.66666667,charging,93624666.66666667,114565369.06366093,0.0,811.8124475149934,0.0,0.0,0.47228925759290286,10,230,776.7329209410065,29.62,95916700.12924215,869.954464051437,665.9145311756947,1445.019214347634,11210.61682952365,2545018854.499267,2355827636.571902,368.48062541048284,1179187724.1164205,27390694.021656465,1151797030.094764,0.3281550898493838,15.07261966222684,1619929684.925546,52306449.956658736,0.6887765466064986
204951263.1475585,93624666.66666667,charging,93624666.66666667,111326596.48089184,0.0,788.8624416026378,0.0,0.0,0.5719350396900781,11,230,800.7133825647724,31.37,95881084.3427019,856.4207487775831,665.9144439153494,1445.0192143444715,11210.616829585568,2545018854.513324,2355795426.784477,368.47831297841077,1179184318.118071,27355078.23587951,1151829239.8821917,0.32816759662326156,15.078518917651268,1609560021.3149493,52035049.65937676,0.6932069431373445
237971848.987427,93624666.66666667,charging,93624666.66666667,144347182.3207603,0.0,1022.8469591591332,0.0,0.0,0.7011367608470213,12,230,927.4476503503374,32.77,96244201.57515484,994.4024055663713,665.9153305493645,1445.0192143061383,11210.616829317183,2545018854.4523954,2356123820.308159,368.501889601524,1179219041.742957,27718195.38444952,1151500846.3585076,0.32804009642457177,15.01857826833939,1601264290.4264722,52029832.5778507,0.6964888039800385
133641565.69474667,93624666.66666667,charging,93624666.66666667,40016899.02808,0.0,283.5605297434538,0.0,0.0,0.7369549330251417,13,230,530.813113824069,33.8,95096913.51932639,558.4420803383916,665.9125061372525,1445.0192142091641,11210.616829639988,2545018854.525678,2355086256.7432065,368.4274014295564,1179109317.3348064,26570907.411343876,1152538409.9234626,0.3284430263191462,15.209525313184495,1595161002.701378,51262329.642716,0.7000255567822504
169630379.75445458,93624666.66666667,charging,93624666.66666667,76005713.08778791,0.0,538.5779705613578,0.0,0.0,0.8049858345697343,14,230,616.7928288138411,34.3,95492671.44512664,708.826940676831,665.9134880699213,1445.0192143042484,11210.616829292236,2545018854.446732,2355444160.704067,368.453095055066,1179147171.2177854,26966665.255185165,1152180505.9626002,0.32830400682619443,15.143139692491731,1592198241.669779,51404028.758373536,0.7010093175780667
152734528.4086848,93624666.66666667,charging,93624666.66666667,59109861.74201812,0.0,418.85363723129973,0.0,0.0,0.85789366243053,15,230,525.6862429004099,34.16,95306872.96139583,638.224996397224,665.9130280901512,1445.0192143463678,11210.61682952456,2545018854.499474,2355276133.1545544,368.44103238993574,1179129400.3658795,26780866.85377692,1152348533.5121026,0.32836926926817067,15.174237439903905,1593027814.7586272,51324019.50414009,0.7007919530972818
162529868.94839478,93624666.66666667,charging,93624666.66666667,68905202.2817281,0.0,488.2636120149195,0.0,0.0,0.9195690660534672,16,230,536.028744488024,33.56,95414589.31037895,679.1563512506467,665.9132949803386,1445.019214160306,11210.616829439829,2545018854.4802384,2355373546.721812,368.4480256671726,1179139703.0641444,26888583.11929082,1152251119.9448535,0.3283314326710193,15.1561938233784,1596583127.9965458,51468014.121111445,0.6991598079075827
126188920.70968774,93624666.66666667,charging,93624666.66666667,32564254.043021068,0.0,230.75094151248388,0.0,0.0,0.9487165534024126,17,230,426.9355007726764,32.44,95014959.07326503,527.3000434441229,665.9123017764987,1445.0192143358431,11210.61682959274,2545018854.5149517,2355012141.732748,368.42208088435723,1179101477.9003189,26488952.966390476,1152612524.9339285,0.3284718185522739,15.223341703769748,1603219712.7073276,51412188.4595689,0.6965975478419527
36682337.80276118,93624666.66666667,direct_plus_discharge,93624666.66666667,0.0,56942328.86390549,0.0,403.49445683297137,0.0,0.8977488325393004,18,230,170.15907216314122,30.94,94745647.53638847,153.28285722901276,658.4685154855632,1445.0192141639895,11210.616829350643,2545018854.4599915,2354768592.836339,368.4045973337205,1179075715.175557,26219641.34522789,1152856073.830329,0.32856644215284997,15.268912216650177,1612107995.8021245,50990778.04487662,0.6931975971358556
0.0,93624666.66666667,discharging,93624666.66666667,0.0,93624666.66666667,0.0,663.4262204681396,0.0,0.8139476257433248,19,230,0.0,29.2,94807171.55592127,1.0,654.1499999999985,1445.0192143426825,11210.616829613684,2545018854.5197067,2354824231.25407,368.40859138904705,1179081600.8609445,26281165.448349655,1152800435.4125948,0.32854482422338555,15.258478853928356,1622418404.192089,50987025.84020949,0.6888948814934492
0.0,93624666.66666667,discharging,93624666.66666667,0.0,93624666.66666667,0.0,663.4262204681396,0.0,0.7301464189473492,20,230,0.0,27.68,94807171.5559233,1.0,654.15,1445.0192143395436,11210.616829503671,2545018854.494732,2354824231.231808,368.4085913891075,1179081600.883881,26281165.4490241,1152800435.434857,0.32854482422972997,15.258478854133333,1631425197.72815,51207322.25657543,0.6851171730862078
0.0,93624666.66666667,discharging,93624666.66666667,0.0,93624666.66666667,0.0,663.4262204681396,0.0,0.6463452121513736,21,230,0.0,25.99,94807171.5559233,1.0,654.15,1445.0192141689283,11210.616829432633,2545018854.478605,2354824231.21743,368.4085913891465,1179081600.8141072,26281165.364871506,1152800435.4492357,0.3285448242338279,15.258478854265965,1641439330.0149543,51452257.08792835,0.6809653047080658
0.0,93624666.66666667,discharging,93624666.66666667,0.0,93624666.66666667,0.0,663.4262204681396,0.0,0.5625440053553982,22,230,0.0,25.59,94807171.5559233,1.0,654.15,1445.0192142042254,11210.61682973014,2545018854.546144,2354824231.2776437,368.40859138898315,1179081600.8370101,26281165.447987817,1152800435.3890224,0.32854482421666725,15.258478853710587,1643809538.840234,51510229.82907697,0.679989968083648
0.0,93624666.66666667,discharging,93624666.66666667,0.0,93624666.66666667,0.0,663.4262204681396,0.0,0.47874279855942253,23,230,0.0,24.87,94807171.5559233,1.0,654.15,1445.019214295626,11210.616829213399,2545018854.4288344,2354824231.1730556,368.408591389267,1179081600.8594909,26281165.3658795,1152800435.4936113,0.32854482424647485,15.258478854675294,1648075914.7257361,51614580.76314448,0.6782413848599137
0.0,93624666.66666667,discharging,93624666.66666667,0.0,93624666.66666667,0.0,663.4262204681396,0.0,0.394941591763447,0,231,0.0,23.9,94807171.5559233,1.0,654.15,1445.0192143024628,11210.616829320355,2545018854.4531155,2354824231.194703,368.40859138920825,1179081600.8371923,26281165.36523017,1152800435.4719622,0.3285448242403049,15.258478854475612,1653823671.1270385,51755164.66042989,0.6758998243195908
0.0,93624666.66666667,discharging,93624666.66666667,0.0,93624666.66666667,0.0,663.4262204681396,0.0,0.31114038496747143,1,231,0.0,22.8,94807171.5559233,1.0,654.15,1445.0192143061472,11210.616829231209,2545018854.4328775,2354824231.1766615,368.408591389257,1179081600.855173,26281165.365169574,1152800435.4900036,0.3285448242454466,15.258478854642,1660341745.396556,51914589.69858859,0.6732639335955187
0.0,93624666.66666667,discharging,93624666.66666667,0.0,93624666.66666667,0.0,663.4262204681396,0.0,0.2273391781714959,2,231,0.0,22.08,94807171.5559233,1.0,654.15,1445.0192142023332,11210.616829705126,2545018854.540466,2354824231.2725825,368.408591388997,1179081600.8428192,26281165.448735304,1152800435.394084,0.3285448242181098,15.258478853757262,1664608121.2820587,52018940.632656105,0.671549727352112
0.0,93624666.66666667,discharging,93624666.66666667,0.0,93624666.66666667,0.0,663.4262204681396,0.0,0.14353797137552035,3,231,0.0,21.53,94807171.5559233,1.0,654.15,1445.0192143463846,11210.616829610708,2545018854.519031,2354824231.253473,368.40859138904887,1179081600.861587,26281165.44839354,1152800435.4131935,0.32854482422355596,15.258478853933514,1667867158.4168177,52098653.151735455,0.6702461337658082
0.0,93624666.66666667,discharging,93624666.66666667,0.0,93624666.66666667,0.0,663.4262204681396,0.0,0.05973676457954483,4,231,0.0,21.55,94807171.5559233,1.0,654.15,1445.0192143427012,11210.616829527791,2545018854.5002074,2354824231.23669,368.40859138909434,1179081600.878298,26281165.448322654,1152800435.4299755,0.3285448242283388,15.258478854088315,1667748647.9755535,52095754.51467802,0.6702934485008002
0.0,93624666.66666667,discharging,66739309.4364557,0.0,66739309.4364557,0.0,472.9160529213965,0.0,0.0,5,231,0.0,21.41,67583000.68737556,1.0,654.15,1445.0192141583987,11210.616829414721,2545018854.4745383,2330215428.9779177,366.64414655735214,1176466232.1857483,25942351.72721709,1150523880.4585311,0.3304599891001826,21.332602638703285,1668578221.064401,37150762.38962528,0.6745056756488776
87845973.76928847,93624666.66666667,direct_partial,87845973.76928847,0.0,0.0,0.0,0.0,0.0,0.0,6,231,330.6154697332471,21.14,88814620.57441139,367.07807249972694,665.8950570934871,1445.0192143110737,11210.616829227087,2545018854.431942,2349405477.243532,368.01969944479504,1178507803.8068163,26067307.281051923,1152440496.5257645,0.32900413563329844,16.277494370757193,1670178112.0214648,49563308.50892172,0.6701242889005602
166879381.04048207,93624666.66666667,charging,93624666.66666667,73254714.3738154,0.0,519.0843398302454,0.0,0.0,0.06556854818908363,7,231,559.5751521404138,22.32,95462419.55788213,697.3314644239706,665.9134132973152,1445.0192141603281,11210.616829439947,2545018854.480265,2355416802.2505083,368.4511309824349,1179144277.782987,26936413.36682971,1152207864.4161575,0.32831463246194587,15.148194808528634,1663185995.986891,53105139.251570046,0.6713359061055046
202291723.13673514,93624666.66666667,charging,93624666.66666667,108667056.47006847,0.0,770.0168890321149,0.0,0.0,0.16283383943524551,8,231,679.03276446536,24.97,95851838.19870155,845.3074469491718,665.9143722125527,1445.0192143395402,11210.616829589724,2545018854.5142674,2355768977.5180798,368.4764141163924,1179181521.2404585,27325832.091872357,1151855689.148586,0.3281778668297669,15.083366408675422,1647483362.5194163,52940390.126402,0.6773933187867591
251160562.51322764,93624666.66666667,charging,93624666.66666667,157535895.84656096,0.0,1116.3024413389608,0.0,0.0,0.30384046360437744,9,231,873.1128439895463,27.52,96389233.80378842,1049.5134975387448,665.915682816284,1445.0192143463898,11210.616829524683,2545018854.4995017,2356254984.725958,368.51130659187345,1179232909.636904,27863227.69619524,1151369681.9407089,0.32798917876497347,14.994763633174506,1632373281.2582617,52868182.00152809,0.6832075444628546
206561891.32477695,93624666.66666667,charging,93624666.66666667,112937224.65811028,0.0,800.2753843904164,0.0,0.0,0.40492788058000895,10,231,773.7647192203569,29.58,95898795.92568101,863.1510092714788,665.9144873176399,1445.0192141652396,11210.616829435692,2545018854.479299,2355811444.5494637,368.4794629401566,1179186011.8518114,27372789.734608684,1151813222.1172028,0.32816137703293236,15.075584694990452,1620166705.8080738,52302443.77613923,0.6886902651708411
199386219.69024813,93624666.66666667,charging,93624666.66666667,105761553.02358146,0.0,749.4284347423619,0.0,0.0,0.49959252496851786,11,231,784.4662441043206,31.23,95819887.27040848,833.1663486265685,665.914293828524,1445.0192141571454,11210.616829329687,2545018854.455234,2355740082.1074243,368.4743396486241,1179178465.6391988,27293881.079954665,1151884584.5592442,0.328189087063116,15.088665594541627,1610389594.403797,52021972.79753305,0.692899765187776
195697253.3430488,93624666.66666667,charging,93624666.66666667,102072586.67638214,0.0,723.2883470038392,0.0,0.0,0.5909552635374239,12,231,778.127984674955,32.6,95779320.84141846,817.7514286462472,665.9141942332341,1445.019214342691,11210.616829613744,2545018854.51972,2355703395.277485,368.4717058157939,1179174586.123043,27253314.733862124,1151921271.389181,0.32820333305543115,15.095398786751858,1602271629.1772158,51802893.246293664,0.6964143729760216
210240364.5438665,93624666.66666667,charging,93624666.66666667,116615697.87719981,0.0,826.3411176177765,0.0,0.0,0.6953351941838799,13,231,803.5068123389083,33.59,95939246.96496482,878.5220820829833,665.9145863830879,1445.0192143024726,11210.61682932043,2545018854.4531326,2355848027.2008715,368.4820893176825,1179189880.240087,27413240.774291623,1151776639.4657955,0.32814717247933384,15.068887359136374,1596405362.3346496,51746785.625630654,0.6988290740580055
223264567.91815847,93624666.66666667,charging,93624666.66666667,129639901.2514918,0.0,918.6308776441398,0.0,0.0,0.8113727787284027,14,231,797.8568608766709,34.22,96082470.1260302,932.9457427852451,665.9149364706913,1445.0192143407899,11210.61682950262,2545018854.494493,2355977554.2419167,368.4913885128966,1179203576.443882,27556464.01913184,1151647112.42475,0.32809688154802813,15.045219726967337,1592672283.434835,51733158.78731731,0.7003425571667303
261655300.32425034,93624666.66666667,charging,93624666.66666667,168030633.65758365,0.0,1190.6683588760507,0.0,0.0,0.9617729924811671,15,231,866.8326431826747,34.45,96504641.20957407,1093.3673927346456,665.9159623731406,1445.019214205477,11210.616829729091,2545018854.545906,2356359357.4604235,368.5188001464371,1179243944.3078854,27978635.101642977,1151265309.2062423,0.3279486646140892,14.97586459614379,1591309413.3602993,51927203.04413883,0.7006083589625229
222426184.49050012,93624666.66666667,charging,93624666.66666667,42708106.16520515,0.0,302.63047619075564,0.0,86093411.6586283,0.9999999999999994,16,231,715.4696574671034,34.18,95126507.89697583,569.6877081822887,665.9125798471516,1445.0192143463796,11210.616829524626,2545018854.499489,2355113020.262365,368.42932273177,1179112148.1936684,26600501.789367106,1152511646.4043012,0.32843262954774544,15.204541958561075,1592909304.3173628,51224003.939642556,0.7009843062093991
169798916.53403568,93624666.66666667,charging,93624666.66666667,0.0,0.0,0.0,0.0,76174249.86736901,0.9999999999999994,17,231,555.7840061602346,33.37,94656859.98129818,391.2252400854433,665.9107947354955,1445.019214344473,11210.616829585593,2545018854.5133295,2354688299.328268,368.39883341737135,1179067221.2128832,26130853.874486364,1152936367.3383968,0.328597641019972,15.283992886973037,1597708977.1885533,51086128.05917614,0.6992599405886576
90095892.42908737,93624666.66666667,direct_plus_discharge,93624666.66666667,0.0,3528774.237579301,0.0,25.00496331439624,0.0,0.9968414783181809,18,231,330.01602002496844,32.11,94659893.68766354,376.47970776521123,665.6364777626299,1445.0192142042224,11210.616829730126,2545018854.546141,2354691042.8358254,368.39903035864677,1179067511.4105651,26133887.57972449,1152933623.8308406,0.3285965749786842,15.28347714138713,1605175134.9881825,51248992.82444399,0.6960376901496448
0.0,93624666.66666667,discharging,93624666.66666667,0.0,93624666.66666667,0.0,663.4262204681396,0.0,0.9130402715222053,19,231,0.0,30.35,94807171.55591683,1.0,654.1499999999943,1445.0192143476206,11210.616829523566,2545018854.499248,2354824231.2358294,368.40859138909616,1179081600.8791447,26281165.44831236,1152800435.4308324,0.3285448242285836,15.258478854097254,1615604053.8194113,50820354.20940454,0.6917808151852863
0.0,93624666.66666667,discharging,93624666.66666667,0.0,93624666.66666667,0.0,663.4262204681396,0.0,0.8292390647262298,20,231,0.0,28.77,94807171.5559233,1.0,654.15,1445.019214162093,11210.616829411663,2545018854.473844,2354824231.2131834,368.408591389158,1179081600.8190596,26281165.36557653,1152800435.453483,0.3285448242350384,15.25847885430517,1624966378.6792643,51049346.53694545,0.6878219685586597
0.0,93624666.66666667,discharging,93624666.66666667,0.0,93624666.66666667,0.0,663.4262204681396,0.0,0.7454378579302543,21,231,0.0,28.03,94807171.5559233,1.0,654.15,1445.019214347631,11210.616829523628,2545018854.499262,2354824231.2358456,368.4085913890966,1179081600.8791525,26281165.448331118,1152800435.4308214,0.3285448242285799,15.258478854096133,1629351265.0060306,51156596.108070396,0.6859833637829975
0.0,93624666.66666667,discharging,93624666.66666667,0.0,93624666.66666667,0.0,663.4262204681396,0.0,0.6616366511342787,22,231,0.0,26.35,94807171.5559233,1.0,654.15,1445.0192143110726,11210.616829313061,2545018854.4514594,2354824231.1932244,368.4085913892121,1179081600.8386805,26281165.36523882,1152800435.4734416,0.3285448242407265,15.258478854489287,1639306142.072203,51400081.62089458,0.6818455029729054
0.0,93624666.66666667,discharging,93624666.66666667,0.0,93624666.66666667,0.0,663.4262204681396,0.0,0.5778354443383031,23,231,0.0,24.85,94807171.5559233,1.0,654.15,1445.0192141986302,11210.616829708117,2545018854.5411444,2354824231.2731886,368.40859138899526,1179081600.8421714,26281165.448694285,1152800435.3934772,0.3285448242179369,15.258478853751654,1648194425.167,51617479.40020192,0.678192941404889
0.0,93624666.66666667,discharging,93624666.66666667,0.0,93624666.66666667,0.0,663.4262204681396,0.0,0.49403423754232756,0,232,0.0,23.87,94807171.5559233,1.0,654.15,1445.0192142054827,11210.616829643131,2545018854.5263915,2354824231.260035,368.40859138903096,1179081600.854577,26281165.4479446,1152800435.4066324,0.32854482422168607,15.258478853873,1654001436.788934,51759512.61601602,0.6758276626093379
0.0,93624666.66666667,discharging,93624666.66666667,0.0,93624666.66666667,0.0,663.4262204681396,0.0,0.410233030746352,1,232,0.0,23.12,94807171.5559233,1.0,654.15,1445.0192143110623,11210.616829313021,2545018854.4514503,2354824231.1932163,368.4085913892121,1179081600.8386762,26281165.36522602,1152800435.4734502,0.32854482424072895,15.258478854489368,1658445578.3363326,51868211.50566969,0.6740286152869909
0.0,93624666.66666667,discharging,93624666.66666667,0.0,93624666.66666667,0.0,663.4262204681396,0.0,0.32643182395037645,2,232,0.0,22.55,94807171.5559233,1.0,654.15,1445.0192143005509,11210.616829209192,2545018854.4278793,2354824231.1722045,368.4085913892692,1179081600.8603384,26281165.365875825,1152800435.4944627,0.3285448242467175,15.258478854683146,1661823125.9123554,51950822.66180647,0.672667732202125
0.0,93624666.66666667,discharging,93624666.66666667,0.0,93624666.66666667,0.0,663.4262204681396,0.0,0.2426306171544009,3,232,0.0,21.93,94807171.5559233,1.0,654.15,1445.0192143513198,11210.61682960657,2545018854.5180917,2354824231.252635,368.4085913890511,1179081600.8624423,26281165.44841083,1152800435.4140315,0.32854482422379483,15.258478853941252,1665496949.5915382,52040680.410586834,0.6711936992103079
0.0,93624666.66666667,discharging,93624666.66666667,0.0,93624666.66666667,0.0,663.4262204681396,0.0,0.15882941035842535,4,232,0.0,21.45,94807171.5559233,1.0,654.15,1445.0192141652624,11210.616829435825,2545018854.4793296,2354824231.218074,368.4085913891449,1179081600.8134806,26281165.364888985,1152800435.4485917,0.32854482423364434,15.258478854260048,1668341200.1818736,52110247.69996518,0.6700569416637013
0.0,93624666.66666667,discharging,93624666.66666667,0.0,93624666.66666667,0.0,663.4262204681396,0.0,0.07502820356244982,5,232,0.0,21.07,94807171.5559233,1.0,654.15,1445.0192143395475,11210.616829503728,2545018854.4947443,2354824231.23182,368.4085913891075,1179081600.8838837,26281165.449038673,1152800435.434845,0.3285448242297266,15.258478854133225,1670592898.5658886,52165321.80405636,0.6691597357099203
75916806.08470178,93624666.66666667,direct_plus_discharge,93624666.66666667,0.0,17707860.581964895,0.0,125.47824667078177,0.0,0.05917831977245634,6,232,293.76126970645504,20.69,94682657.7825447,317.23018884276394,663.6258575939273,1445.0192143463732,11210.616829610648,2545018854.519017,2354711629.1239457,368.400508154493,1179069689.2177188,26156651.674996715,1152913037.5427222,0.3285885758250228,15.279608185435587,1672844596.949904,52759107.269166514,0.6681215592687187
167512225.30558953,93624666.66666667,charging,93624666.66666667,73887558.63892286,0.0,523.5686866791368,0.0,0.0,0.12531331177403152,7,232,560.523021031659,23.68,95469378.75174175,699.9759026726518,665.9134305023182,1445.019214204237,11210.616829644196,2545018854.5266333,2355423095.8799644,368.4515828001836,1179144943.4304676,26943372.64376296,1152201570.7867045,0.32831218809395135,15.147031637213699,1655127285.980942,52914033.87229822,0.6745747643187607
207979808.04282704,93624666.66666667,charging,93624666.66666667,114355141.37616037,0.0,810.3227700066846,0.0,0.0,0.2276698721959285,8,232,695.7974576250384,27.6,95914388.3199884,869.0759949423549,665.9145255136158,1445.0192143395427,11210.616829589755,2545018854.514274,2355825545.8563943,368.4804753109341,1179187503.0234396,27388382.213161953,1151799120.8102777,0.3281559016490951,15.073002447949431,1631899239.4932055,52596137.73071408,0.6837650826376648
208657408.63377246,93624666.66666667,charging,93624666.66666667,115032741.96710579,0.0,815.1242610564566,0.0,0.0,0.33063293675042826,9,232,734.8611297828256,29.84,95921839.68539727,871.9074544637893,665.9145437625104,1445.0192142091587,11210.61682972598,2545018854.5451994,2355832284.669268,368.4809591079732,1179188215.5748699,27395833.577472642,1151792381.9973972,0.3281532850602266,15.071768728092206,1618626070.0716424,52277563.58644548,0.689323045803541
204091640.1819064,93624666.66666667,charging,93624666.66666667,110466973.51523973,0.0,782.7711364430623,0.0,0.0,0.42950929082744665,10,232,767.0117938921255,31.58,95871631.33318365,852.8286804360487,665.9144207441714,1445.0192143427048,11210.616829527808,2545018854.5002112,2355786877.7738056,368.4776992229523,1179183414.1184483,27345625.225585025,1151837788.8928633,0.32817091616976063,15.08008541213383,1608315661.6816776,51999684.269005634,0.6937463968529004
196569812.45429802,93624666.66666667,charging,93624666.66666667,102945145.78763135,0.0,729.4713179443082,0.0,0.0,0.5216530362519909,11,232,777.2858159234362,32.92,95788916.10575545,821.3975526853675,665.9142177983201,1445.0192143042375,11210.616829292127,2545018854.4467072,2355712072.836091,368.47232880092884,1179175503.7463613,27262909.915784523,1151912593.8305767,0.3281999634065366,15.093805656001722,1600375462.1169925,51762053.832981594,0.6972256139152136
188578500.08612818,93624666.66666667,charging,93624666.66666667,94953833.4194615,0.0,672.8447220935508,0.0,0.0,0.6066439485164394,12,232,755.9468586437627,34.01,95701038.10005021,788.0046103001519,665.9140018019046,1445.0192141640093,11210.616829350825,2545018854.460033,2355632599.1337237,368.46662323372584,1179167099.441883,27175031.908941608,1151992067.5329416,0.32823082508376944,15.108408245270287,1593916643.068107,51557904.32711601,0.7000971661072112
207193539.80651796,93624666.66666667,charging,93624666.66666667,113568873.13985129,0.0,804.7512578949687,0.0,0.0,0.7082967389873829,13,232,796.886204239428,34.73,95905741.96987478,865.7904507532684,665.9145043345773,1445.0192141689379,11210.616829432696,2545018854.478619,2355817726.333988,368.47991392729125,1179186676.111519,27379735.778840758,1151806940.3326783,0.3281589378768463,15.074434261233213,1589650267.1826038,51564524.523063496,0.7018014620351054
224516912.76192573,93624666.66666667,charging,93624666.66666667,130892246.09525906,0.0,927.5050177185853,0.0,0.0,0.8254552675413095,14,232,805.6588998581835,35.1,96096241.77732575,938.1788606121634,665.9149700785676,1445.0192143005452,11210.6168292952,2545018854.447405,2355990008.9262886,368.49228268716325,1179204893.327715,27570235.58733741,1151634657.7403774,0.32809204603382924,15.042947678857997,1587457824.0192208,51613585.79443688,0.7026140843194282
232697990.78415674,93624666.66666667,charging,93624666.66666667,139073324.11749005,0.0,985.4762967082071,0.0,0.0,0.9499364839676093,15,232,778.4868831083304,35.08,96186206.57759705,972.3647683153157,665.915189389428,1445.0192143463742,11210.616829524588,2545018854.4994802,2356071370.9554553,368.49812401165207,1179213496.181189,27660200.469977688,1151553295.7112114,0.32806045831795533,15.028121280770707,1587576334.460485,51664809.670287795,0.7024916985730225
223254240.11238116,93624666.66666667,charging,93624666.66666667,55932130.09575573,0.0,396.3361685897538,0.0,73697443.34995875,0.9999999999999992,16,232,718.5157659297184,34.61,95271928.4232776,624.9463501761134,665.9129413782781,1445.0192143073916,11210.616829316179,2545018854.4521675,2355244530.993859,368.43876370192913,1179126057.9053957,26745922.232587386,1152380135.6728084,0.32838154442781387,15.180099780088359,1590361329.8301876,51240814.33971467,0.701985033197873
184383942.35829353,93624666.66666667,charging,93624666.66666667,0.0,0.0,0.0,0.0,90759275.69162686,0.9999999999999992,17,232,599.0854187556287,33.87,94656859.98129831,391.2252400854433,665.9107947354955,1445.0192141584105,11210.616829328736,2545018854.455018,2354688299.2762756,368.39883341751215,1179067221.181268,26130853.790877454,1152936367.3903906,0.3285976410347907,15.283992887453415,1594746216.1569543,51015054.83080266,0.7005489725119236
91064597.98942238,93624666.66666667,direct_plus_discharge,93624666.66666667,0.0,2560068.6772442907,0.0,18.14069675387949,0.0,0.9977085435679303,18,232,332.4509218993097,32.29,94658338.46014406,380.5275947047019,665.7769149065414,1445.0192143073932,11210.616829316215,2545018854.4521756,2354689636.3097124,368.39892939701247,1179067362.6264186,26132332.269464012,1152935030.3569546,0.32859712150341397,15.283741534520022,1604108541.0168068,51231715.74024247,0.6964942860845125
0.0,93624666.66666667,discharging,93624666.66666667,0.0,93624666.66666667,0.0,663.4262204681396,0.0,0.9139073367719547,19,232,0.0,29.7,94807171.5559232,1.0,654.15,1445.0192143426866,11210.616829613726,2545018854.519716,2354824231.2540817,368.40859138904705,1179081600.8609457,26281165.448359374,1152800435.4125862,0.32854482422338294,15.258478853927954,1619455643.16049,50914559.913774855,0.6901466712534099
0.0,93624666.66666667,discharging,93624666.66666667,0.0,93624666.66666667,0.0,663.4262204681396,0.0,0.8301061299759791,20,232,0.0,27.83,94807171.55592336,1.0,654.15,1445.0192141973878,11210.616829623166,2545018854.521859,2354824231.255994,368.40859138904193,1179081600.8593063,26281165.44863405,1152800435.4106722,0.32854482422283743,15.258478853910258,1630536369.4186702,51185582.47864474,0.6854881296578695
0.0,93624666.66666667,discharging,93624666.66666667,0.0,93624666.66666667,0.0,663.4262204681396,0.0,0.7463049231800035,21,232,0.0,26.63,94807171.55592336,1.0,654.15,1445.019214351299,11210.61682960646,2545018854.518067,2354824231.252612,368.40859138905114,1179081600.8624334,26281165.448378388,1152800435.414055,0.32854482422380155,15.258478853941467,1637646995.894508,51359500.7020906,0.6825316763061507
0.0,93624666.66666667,discharging,93624666.66666667,0.0,93624666.66666667,0.0,663.4262204681396,0.0,0.662503716384028,22,232,0.0,25.75,94807171.55592336,1.0,654.15,1445.0192141689301,11210.616829346567,2545018854.4590664,2354824231.200009,368.4085913891939,1179081600.8314543,26281165.3647977,1152800435.4666567,0.32854482423879283,15.25847885442666,1642861455.3101223,51487040.73261755,0.6803797673023563
0.0,93624666.66666667,discharging,93624666.66666667,0.0,93624666.66666667,0.0,663.4262204681396,0.0,0.5787025095880525,23,232,0.0,24.92,94807171.55592336,1.0,654.15,1445.0192143444572,11210.616829585475,2545018854.5133023,2354824231.248366,368.4085913890626,1179081600.867378,26281165.449077457,1152800435.4183006,0.3285448242250115,15.25847885398062,1647779638.6225762,51607334.17050094,0.6783625235890691
0.0,93624666.66666667,discharging,93624666.66666667,0.0,93624666.66666667,0.0,663.4262204681396,0.0,0.4949013027920769,0,233,0.0,24.49,94807171.55592336,1.0,654.15,1445.0192143427046,11210.616829613802,2545018854.5197334,2354824231.254098,368.40859138904705,1179081600.8609524,26281165.448384307,1152800435.412568,0.3285448242233777,15.258478853927759,1650327613.1097515,51669654.867235705,0.6773221421106037
0.0,93624666.66666667,discharging,93624666.66666667,0.0,93624666.66666667,0.0,663.4262204681396,0.0,0.4111000959961013,1,233,0.0,24.36,94807171.55592336,1.0,654.15,1445.0192141639907,11210.616829350696,2545018854.4600034,2354824231.200843,368.40859138919154,1179081600.830602,26281165.364776436,1152800435.4658256,0.32854482423855597,15.25847885441902,1651097930.9779673,51688496.008109,0.6770082361451968
0.0,93624666.66666667,discharging,93624666.66666667,0.0,93624666.66666667,0.0,663.4262204681396,0.0,0.32729888920012573,2,233,0.0,23.87,94807171.55592336,1.0,654.15,1445.0192142023136,11210.616829705014,2545018854.54044,2354824231.272559,368.408591388997,1179081600.8428104,26281165.448701974,1152800435.3941085,0.3285448242181168,15.258478853757488,1654001436.788934,51759512.61601606,0.6758276626019957
0.0,93624666.66666667,discharging,93624666.66666667,0.0,93624666.66666667,0.0,663.4262204681396,0.0,0.2434976824041502,3,233,0.0,23.41,94807171.55592336,1.0,654.15,1445.0192143073928,11210.616829230175,2545018854.432643,2354824231.176446,368.40859138925777,1179081600.8553982,26281165.365175657,1152800435.4902225,0.328544824245509,15.258478854644098,1656727176.938005,51826181.268336974,0.6747231100235845
0.0,93624666.66666667,discharging,93624666.66666667,0.0,93624666.66666667,0.0,663.4262204681396,0.0,0.15969647560817468,4,233,0.0,23.02,94807171.55592336,1.0,654.15,1445.019214311066,11210.61682931303,2545018854.4514527,2354824231.193218,368.4085913892121,1179081600.8386786,26281165.36522867,1152800435.47345,0.3285448242407289,15.258478854489358,1659038130.5426528,51882704.69095689,0.673789465727119
0.0,93624666.66666667,discharging,93624666.66666667,0.0,93624666.66666667,0.0,663.4262204681396,0.0,0.07589526881219914,5,233,0.0,22.76,94807171.55592336,1.0,654.15,1445.0192143042423,11210.616829292167,2545018854.4467163,2354824231.1890006,368.4085913892236,1179081600.8436298,26281165.365964375,1152800435.4776654,0.32854482424193027,15.258478854528171,1660578766.279084,51920386.97270349,0.6731684703543734
51552259.130136415,93624666.66666667,direct_plus_discharge,93624666.66666666,0.0,42072407.53653025,0.0,298.1259032657583,0.0,0.038237259978629666,6,233,218.7100803875962,22.6,94721774.32680751,215.41913763966696,660.3567190516599,1445.0192141689347,11210.61682934661,2545018854.459076,2354747003.4708643,368.4030475252648,1179073431.331496,26195768.13569287,1152877663.1958032,0.328574830763547,15.27296433100929,1661526849.8091955,52299301.82227351,0.6726923043497303
161652248.81744415,93624666.66666667,charging,93624666.66666667,68027582.15077747,0.0,482.0447785897894,0.0,0.0,0.09912712674786622,7,233,542.5260267034276,23.56,95404938.39155328,675.4890789530256,665.9132710926533,1445.0192143073916,11210.616829316194,2545018854.452171,2355364818.847194,368.4473990962669,1179138780.020341,26878932.200882565,1152259847.8194582,0.32833482258321756,15.157808792174826,1655838348.6285257,52895499.85204244,0.6743354729257953
202992852.00994503,93624666.66666667,charging,93624666.66666667,109368185.34327836,0.0,774.9851019505202,0.0,0.0,0.19701998173108984,8,233,680.9709721615098,26.86,95859548.29740447,848.2372230596595,665.9143911196455,1445.019214299292,11210.616829210174,2545018854.4281025,2355775950.202853,368.4769147089258,1179182258.571148,27333542.10733441,1151848716.4638135,0.32817515932298863,15.082088188578771,1636284125.8199723,52672580.92108719,0.6819883019301145
204241688.26779673,93624666.66666667,charging,93624666.66666667,110617021.60113005,0.0,783.8343801164963,0.0,0.0,0.29603064027212095,9,233,722.2622662162811,29.0,95873281.36585766,853.4556797143058,665.9144247890531,1445.0192142054725,11210.6168297291,2545018854.545908,2355788370.0510516,368.4778063544529,1179183571.8735423,27347275.257928163,1151836296.6156142,0.3281703367271938,15.079811956284093,1623603508.6047287,52372028.222301945,0.6872631916789664
204168295.11429292,93624666.66666667,charging,93624666.66666667,110543628.44762625,0.0,783.3143147942814,0.0,0.0,0.3949756063513986,10,233,770.3347972935937,30.65,95872474.28390948,853.148995000515,665.9144228105938,1445.0192143073928,11210.616829316232,2545018854.4521794,2355787640.068507,368.4777539532988,1179183494.6913939,27346468.09323456,1151837026.5981593,0.32817062016851745,15.079945711391543,1613826397.2004519,52134034.79416137,0.6913951883113414
200643025.94081917,93624666.66666667,charging,93624666.66666667,107018359.2741525,0.0,758.3341884327399,0.0,0.0,0.49076518804816577,11,233,796.4030261287461,31.88,95833707.98242281,838.4181091361266,665.9143277407642,1445.0192142023275,11210.616829619044,2545018854.5209236,2355752581.1550865,368.47523698055306,1179179787.3867352,27307701.875154,1151872085.5115812,0.32818423359826876,15.086372941738325,1606538005.0627182,51935935.05860865,0.6945373440280377
192584016.73456287,93624666.66666667,charging,93624666.66666667,98959350.0678962,0.0,701.2278914623059,0.0,0.0,0.5793413427591939,12,233,775.5953178024838,32.81,95745085.53539841,804.7422849775884,665.9141101160748,1445.019214351308,11210.616829606519,2545018854.51808,2355672434.0767155,368.4694830499342,1179171312.01782,27219079.42786953,1151952232.5899503,0.32821535596344437,15.101085581930809,1601027269.5439441,51754177.51078205,0.6969779547336651
206718204.16459745,93624666.66666667,charging,93624666.66666667,113093537.49793078,0.0,801.3830202328164,0.0,0.0,0.6805686716307074,13,233,800.3672827115373,33.37,95900514.84993261,863.8041867989881,665.9144915290178,1445.0192143073953,11210.616829230159,2545018854.432639,2355812999.049059,368.4795745451586,1179186176.2767887,27374508.65918155,1151811667.617607,0.32816077343059774,15.075299984215516,1597708977.1885533,51757571.29526391,0.698293438370331
223985180.33370307,93624666.66666667,charging,93624666.66666667,130360513.6670364,0.0,923.7371513248703,0.0,0.0,0.7972512591664805,14,233,808.6004068130735,33.51,96090394.47925869,935.9569339095214,665.9149558101914,1445.0192141973853,11210.616829709188,2545018854.5413876,2355984720.863793,368.491903029832,1179204334.1749043,27564388.372031353,1151639945.802873,0.3280940991189844,15.043912286409254,1596879404.0997057,51839878.532882206,0.6985057783542115
227217305.11096925,93624666.66666667,charging,93624666.66666667,133592638.44430257,0.0,946.6400507573182,0.0,0.0,0.9168268445252997,15,233,764.7989504338382,33.2,96125937.16192737,949.4628702935091,665.9150425134973,1445.0192141652376,11210.616829435674,2545018854.479295,2356016864.7138567,368.4942107719661,1179207732.923659,27599930.970850147,1151607801.9528089,0.32808161945435166,15.038050745841812,1598716315.939297,51903808.25730877,0.6976819106172734
218079444.26086086,93624666.66666667,charging,93624666.66666667,92922993.05297765,0.0,658.4541475080372,0.0,31531784.541216537,0.9999999999999991,16,233,704.5092832644384,32.25,95678705.57278915,779.5184277775311,665.9139468474363,1445.0192143476227,11210.616829523562,2545018854.499247,2355612402.468721,368.4651732813596,1179164963.663124,27152699.46517896,1152012264.197945,0.32823866822018216,15.112123489733268,1604345561.8993351,51798746.57769049,0.6955989633882355
170799938.95688468,93624666.66666667,charging,93624666.66666667,0.0,0.0,0.0,0.0,77175272.29021801,0.9999999999999991,17,233,559.7097084376079,31.37,94656859.9812981,391.2252400854433,665.9107947354955,1445.0192143358543,11210.616829592796,2545018854.5149646,2354688299.3297234,368.39883341736754,1179067221.2113938,26130853.874451004,1152936367.336943,0.32859764101955763,15.28399288695965,1609560021.3149493,51370420.9726703,0.6941509036037594
80538193.91942361,93624666.66666667,direct_plus_discharge,93624666.66666667,0.0,13086472.747243062,0.0,92.7310020218615,0.0,0.9882866102709219,18,233,301.19857476258244,29.84,94675238.28395382,336.54137711758113,664.2720707527144,1445.0192143426866,11210.616829527638,2545018854.5001726,2354704919.411283,368.4000264963114,1179068979.4316957,26149232.17631148,1152919747.2553842,0.3285911829842827,15.280868989647841,1618626070.0716424,51491651.7526847,0.6903224438550417
0.0,93624666.66666667,discharging,93624666.66666667,0.0,93624666.66666667,0.0,663.4262204681396,0.0,0.9044854034749463,19,233,0.0,27.6,94807171.55592321,1.0,654.15,1445.01921416032,11210.61682943989,2545018854.4802523,2354824231.2188993,368.40859138914254,1179081600.8126197,26281165.36485336,1152800435.4477663,0.3285448242334092,15.258478854252425,1631899239.4932055,51218916.80480511,0.6849194936993199
0.0,93624666.66666667,discharging,93624666.66666667,0.0,93624666.66666667,0.0,663.4262204681396,0.0,0.8206841966789707,20,233,0.0,26.29,94807171.5559233,1.0,654.15,1445.0192143005504,11210.61682929523,2545018854.4474115,2354824231.18962,368.408591389222,1179081600.8429904,26281165.365942787,1152800435.4770477,0.32854482424175424,15.258478854522497,1639661673.395995,51408777.53206688,0.6816986452837546
0.0,93624666.66666667,discharging,93624666.66666667,0.0,93624666.66666667,0.0,663.4262204681396,0.0,0.7368829898829952,21,233,0.0,25.25,94807171.5559233,1.0,654.15,1445.0192143463782,11210.61682952464,2545018854.499492,2354824231.236055,368.40859138909605,1179081600.878929,26281165.448317748,1152800435.4306111,0.32854482422851994,15.258478854094141,1645824216.341721,51559506.659053296,0.6791631260564911
0.0,93624666.66666667,discharging,93624666.66666667,0.0,93624666.66666667,0.0,663.4262204681396,0.0,0.6530817830870196,22,233,0.0,23.94,94807171.5559233,1.0,654.15,1445.0192141640034,11210.616829436824,2545018854.479556,2354824231.218277,368.4085913891442,1179081600.8132608,26281165.364871204,1152800435.4483895,0.3285448242335867,15.258478854258172,1653586650.2445104,51749367.38631502,0.6759960638431494
0.0,93624666.66666667,discharging,93624666.66666667,0.0,93624666.66666667,0.0,663.4262204681396,0.0,0.569280576291044,23,233,0.0,22.64,94807171.5559233,1.0,654.15,1445.0192143444553,11210.61682949944,2545018854.493771,2354824231.230947,368.40859138910986,1179081600.8847299,26281165.449010283,1152800435.4357195,0.32854482422997583,15.258478854141353,1661289828.9266677,51937778.79504805,0.6728822429897313
0.0,93624666.66666667,discharging,93624666.66666667,0.0,93624666.66666667,0.0,663.4262204681396,0.0,0.4854793694950685,0,234,0.0,21.96,94807171.5559233,1.0,654.15,1445.0192141652467,11210.616829435707,2545018854.4793024,2354824231.2180495,368.4085913891448,1179081600.813472,26281165.36485433,1152800435.4486177,0.3285448242336518,15.258478854260302,1665319183.9296424,52036332.4550007,0.6712648746576829
0.0,93624666.66666667,discharging,93624666.66666667,0.0,93624666.66666667,0.0,663.4262204681396,0.0,0.4016781626990929,1,234,0.0,21.31,94807171.5559233,1.0,654.15,1445.0192143476163,11210.616829609557,2545018854.5187697,2354824231.25324,368.40859138904943,1179081600.8617954,26281165.448368277,1152800435.413427,0.3285448242236226,15.258478853935667,1669170773.2707212,52130538.1593672,0.6697261123072401
0.0,93624666.66666667,discharging,93624666.66666667,0.0,93624666.66666667,0.0,663.4262204681396,0.0,0.3178769559031173,2,234,0.0,20.76,94807171.5559233,1.0,654.15,1445.0192142956223,11210.61682921333,2545018854.4288187,2354824231.1730413,368.40859138926703,1179081600.859486,26281165.365862053,1152800435.493624,0.3285448242464784,15.258478854675415,1672429810.4054801,52210250.67844655,0.6684295822103862
0.0,93624666.66666667,discharging,93624666.66666667,0.0,93624666.66666667,0.0,663.4262204681396,0.0,0.2340757491071418,3,234,0.0,20.26,94807171.5559233,1.0,654.15,1445.0192142091737,11210.616829726132,2545018854.545234,2354824231.2768335,368.4085913889855,1179081600.8378725,26281165.448039334,1152800435.3898332,0.32854482421689835,15.258478853718055,1675392571.4370792,52282716.60488233,0.6672552668715571
0.0,93624666.66666667,discharging,93624666.66666667,0.0,93624666.66666667,0.0,663.4262204681396,0.0,0.15027454231116627,4,234,0.0,19.81,94807171.5559233,1.0,654.15,1445.0192142054746,11210.616829643064,2545018854.5263762,2354824231.2600226,368.408591389031,1179081600.8545716,26281165.447926722,1152800435.4066448,0.3285448242216896,15.258478853873102,1678059056.365518,52347935.93867452,0.6662019054093091
0.0,93624666.66666667,discharging,93624666.66666667,0.0,93624666.66666667,0.0,663.4262204681396,0.0,0.06647333551519073,5,234,0.0,19.37,94807171.5559233,1.0,654.15,1445.01921434078,11210.616829588615,2545018854.514015,2354824231.2490025,368.408591389061,1179081600.8667455,26281165.449080586,1152800435.417665,0.32854482422483033,15.258478853974749,1680666286.0733252,52411705.953938,0.6651751627572051
56156412.62495826,93624666.66666667,direct_plus_discharge,93624666.66666667,0.0,37468254.04170841,0.0,265.50078148668837,0.0,0.03293639469581957,6,234,233.3575153334577,18.96,94714382.49742931,234.65830954310312,660.9573456128566,1445.0192143110783,11210.616829313121,2545018854.451473,2354740318.7818995,368.4025676610802,1179072724.1915278,26188376.30676098,1152884347.8847668,0.328577428141691,15.274219395807483,1683095750.1192365,52855375.32402313,0.6641225844364645
157451987.5141191,93624666.66666667,charging,93624666.66666667,63827320.84745242,0.0,452.2816447848428,0.0,0.0,0.0900667077212734,7,234,530.4302320195299,20.93,95358749.40911768,657.9376334278871,665.9131567001893,1445.0192143073846,11210.61682923009,2545018854.4326234,2355323047.664409,368.4444003578838,1179134362.2206044,26832743.218340673,1152301619.0022638,0.32835104681055494,15.165542504415958,1671422471.654736,53246499.87016011,0.6681291529141596
204259581.57413572,93624666.66666667,charging,93624666.66666667,110634914.90746905,0.0,783.9611724354311,0.0,0.0,0.18909338213416996,8,234,685.8668827606504,24.91,95873478.13304758,853.5304496795015,665.9144252713968,1445.0192141534758,11210.616829418896,2545018854.475486,2355788547.9381866,368.47781913012284,1179183590.6711543,27347471.94267349,1151836118.7284808,0.3281702676476985,15.079779347787687,1647838893.8432083,52960983.96280965,0.6772320093380508
208475515.58344233,93624666.66666667,charging,93624666.66666667,114850848.91677566,0.0,813.8353633417169,0.0,0.0,0.2918936385562816,9,234,738.1251059107104,27.27,95919839.46343356,871.147386045723,665.9145388641102,1445.019214302473,11210.616829234401,2545018854.4336023,2355830475.630493,368.48082923917264,1179188024.3088672,27393833.272696108,1151794191.0361712,0.32815398747461066,15.072099886136472,1633854661.7740612,52646661.76594964,0.682948880596503
203092862.4724939,93624666.66666667,charging,93624666.66666667,109468195.80582722,0.0,775.6937780455954,0.0,0.0,0.3898760105199357,10,234,769.8863707127,29.23,95860648.08171932,848.6551323416337,665.9143938163447,1445.0192143024697,11210.61682932043,2545018854.4531326,2355776944.834347,368.47698611441837,1179182363.723366,27334641.891045116,1151847721.832321,0.32817477311010973,15.081905877088817,1622240638.530193,52332015.81889944,0.6878457729742666
194966695.24937806,93624666.66666667,charging,93624666.66666667,101342028.58271138,0.0,718.1115980532451,0.0,0.0,0.4805848439582403,11,234,780.1483849493192,30.82,95771287.11862673,814.6986779581241,665.9141744995271,1445.0192141986217,11210.616829708066,2545018854.541133,2355696129.8788786,368.4711842164283,1179173817.799169,27245281.011381105,1151928536.787788,0.3282061543484426,15.09673289584693,1612819058.4497082,52054545.14158741,0.6919014958871142
190886757.06201142,93624666.66666667,charging,93624666.66666667,97262090.39534475,0.0,689.2010762030031,0.0,0.0,0.5676418220049355,12,234,774.3886771357901,31.87,95726421.29249318,797.6500212983449,665.9140642321956,1445.0192143513113,11210.616829520519,2545018854.498556,2355655554.7929735,368.4682712567013,1179169527.058601,27200415.184904773,1151969111.873696,0.3282219106552104,15.104187595256038,1606597260.2833505,51879212.48439818,0.694594786714841
204970708.81811562,93624666.66666667,charging,93624666.66666667,111346042.15144895,0.0,789.0002340048056,0.0,0.0,0.6673050094581741,13,234,799.5025129027582,32.37,95881298.18076056,856.5020055382568,665.9144444394555,1445.0192142054748,11210.616829729071,2545018854.5459013,2355795620.201845,368.47832686220124,1179184338.537645,27355292.07282357,1151829046.4648216,0.32816752152325973,15.078483485035472,1603634499.2517514,51891181.33497809,0.6957482206235578
218012922.9707142,93624666.66666667,charging,93624666.66666667,124388256.30404754,0.0,881.4176187587653,0.0,0.0,0.7786419718277023,14,234,792.9984383754448,32.42,96024719.40081891,911.0009270806154,665.9147954330324,1445.0192143042395,11210.616829206143,2545018854.4271874,2355925325.9756336,368.48763885449966,1179198053.9018307,27498713.21079607,1151699340.6910346,0.32811715949614056,15.054754543582543,1603338223.1485915,51961614.468261465,0.6957647880574581
221812576.2983037,93624666.66666667,charging,93624666.66666667,128187909.63163702,0.0,908.3420366067529,0.0,0.0,0.8933799132938185,15,234,751.1346837734047,32.06,96066503.02050677,926.8783698342494,665.9148974930679,1445.019214351319,11210.61682960656,2545018854.5180893,2355963114.0313687,368.49035179269913,1179202049.548289,27540496.912991058,1151661552.635298,0.3281024879854163,15.047854796864703,1605471411.0913424,52036165.965021245,0.6948152567004137
219339826.45090282,93624666.66666667,charging,93624666.66666667,119118452.57957125,0.0,844.0756864239295,0.0,6596707.204664901,0.9999999999999991,16,234,709.43923060597,31.17,95966768.98911674,888.9802321001757,665.9146537374774,1445.0192142054843,11210.616829729184,2545018854.545927,2355872917.38251,368.4838762557404,1179192512.1653674,27440762.881212175,1151751749.2841551,0.3281375081553447,15.064333860748807,1610745125.727589,52110387.43202715,0.6926348923098525
176671478.76318336,93624666.66666667,charging,93624666.66666667,0.0,0.0,0.0,0.0,83046812.09651668,0.9999999999999991,17,234,577.805123496345,29.96,94656859.9813005,391.2252400854433,665.9107947354983,1445.0192141937184,11210.61682962636,2545018854.5225844,2354688299.3365183,368.3988334173491,1179067221.2041774,26130853.874026883,1152936367.3301506,0.32859764101762157,15.283992886896522,1617915007.4240587,51570847.4766852,0.690593672264864
92935775.54861636,93624666.66666667,direct_plus_discharge,93624666.66666667,0.0,688891.118050307,0.0,4.88149594582111,0.0,0.9993833899857901,18,234,338.58818241850145,28.33,94655334.34108756,388.34660133940105,666.0493279886547,1445.019214346377,11210.616829610664,2545018854.519021,2354686919.6478953,368.39873437627284,1179067075.2523167,26129328.23354528,1152937747.0187714,0.328598177123399,15.284252265913972,1627573608.3870711,51810624.50056181,0.6865240987980111
0.0,93624666.66666667,discharging,93624666.66666667,0.0,93624666.66666667,0.0,663.4262204681396,0.0,0.9155821831898145,19,234,0.0,26.87,94807171.55591954,1.0,654.1499999999967,1445.0192143110783,11210.61682922708,2545018854.43194,2354824231.1758204,368.4085913892591,1179081600.8560295,26281165.36518753,1152800435.4908419,0.3285448242456859,15.25847885465036,1636224870.59934,51324717.05739914,0.6831209251110496
0.0,93624666.66666667,discharging,93624666.66666667,0.0,93624666.66666667,0.0,663.4262204681396,0.0,0.831780976393839,20,234,0.0,25.54,94807171.5559233,1.0,654.15,1445.0192142956244,11210.616829299395,2545018854.448357,2354824231.1904597,368.40859138921985,1179081600.8421433,26281165.365935642,1152800435.4762077,0.3285448242415149,15.25847885451479,1644105814.9433935,51517476.42172055,0.6798682474738301
0.0,93624666.66666667,discharging,93624666.66666667,0.0,93624666.66666667,0.0,663.4262204681396,0.0,0.7479797695978634,21,234,0.0,24.43,94807171.5559233,1.0,654.15,1445.0192141640066,11210.616829436809,2545018854.4795527,2354824231.218274,368.4085913891442,1179081600.8132598,26281165.36486789,1152800435.448392,0.32854482423358744,15.258478854258192,1650683144.4335434,51678350.77840797,0.6771772262769977
0.0,93624666.66666667,discharging,93624666.66666667,0.0,93624666.66666667,0.0,663.4262204681396,0.0,0.6641785628018878,22,234,0.0,23.17,94807171.5559233,1.0,654.15,1445.019214311081,11210.6168292271,2545018854.431945,2354824231.175825,368.40859138925936,1179081600.8560348,26281165.36519261,1152800435.490842,0.3285448242456856,15.258478854649798,1658149302.2331727,51860964.91302612,0.6741482537498019
0.0,93624666.66666667,discharging,93624666.66666667,0.0,93624666.66666667,0.0,663.4262204681396,0.0,0.5803773560059123,23,234,0.0,21.69,94807171.5559233,1.0,654.15,1445.019214300549,11210.616829295239,2545018854.4474134,2354824231.189622,368.408591389222,1179081600.842991,26281165.365944996,1152800435.477046,0.32854482424175374,15.258478854522481,1666919074.8867059,52075464.05527601,0.6706248387424077
0.0,93624666.66666667,discharging,93624666.66666667,0.0,93624666.66666667,0.0,663.4262204681396,0.0,0.4965761492099367,0,235,0.0,20.98,94807171.5559233,1.0,654.15,1445.0192141603143,11210.616829353843,2545018854.4607177,2354824231.201481,368.4085913891897,1179081600.8299677,26281165.364782207,1152800435.4651856,0.3285448242383736,15.25847885441311,1671126195.5515761,52178365.670814805,0.6689475913923597
0.0,93624666.66666667,discharging,93624666.66666667,0.0,93624666.66666667,0.0,663.4262204681396,0.0,0.4127749424139612,1,235,0.0,20.37,94807171.5559233,1.0,654.15,1445.019214307386,11210.616829316186,2545018854.452169,2354824231.193858,368.4085913892105,1179081600.8380432,26281165.36523423,1152800435.472809,0.32854482424054626,15.258478854483446,1674740764.010127,52266774.101066455,0.6675132621213758
0.0,93624666.66666667,discharging,93624666.66666667,0.0,93624666.66666667,0.0,663.4262204681396,0.0,0.3289737356179856,2,235,0.0,19.77,94807171.5559233,1.0,654.15,1445.0192142023222,11210.616829705037,2545018854.5404453,2354824231.272564,368.408591388997,1179081600.8428144,26281165.44871014,1152800435.3941042,0.3285448242181156,15.258478853757458,1678296077.248046,52353733.212789394,0.6661084341997172
0.0,93624666.66666667,discharging,93624666.66666667,0.0,93624666.66666667,0.0,663.4262204681396,0.0,0.24517252882201004,3,235,0.0,19.21,94807171.5559233,1.0,654.15,1445.0192143110683,11210.616829227025,2545018854.4319277,2354824231.1758094,368.40859138925936,1179081600.8560271,26281165.365170315,1152800435.490857,0.3285448242456898,15.258478854649933,1681614369.603437,52434895.05039745,0.6648025860562783
0.0,93624666.66666667,discharging,93624666.66666667,0.0,93624666.66666667,0.0,663.4262204681396,0.0,0.16137132202603452,4,235,0.0,18.69,94807171.5559233,1.0,654.15,1445.0192143513107,11210.616829606499,2545018854.5180755,2354824231.2526197,368.40859138905114,1179081600.8624372,26281165.44839097,1152800435.4140463,0.32854482422379905,15.258478853941394,1684695641.0763,52510259.613890655,0.6635945888487021
0.0,93624666.66666667,discharging,93624666.66666667,0.0,93624666.66666667,0.0,663.4262204681396,0.0,0.077570115230059,5,235,0.0,18.25,94807171.5559233,1.0,654.15,1445.0192141583952,11210.616829328665,2545018854.455002,2354824231.1963854,368.4085913892037,1179081600.835763,26281165.36548114,1152800435.4702818,0.328544824239826,15.258478854460115,1687302870.784107,52574029.629154146,0.6625758610833128
67473864.344128,93624666.66666667,direct_plus_discharge,93624666.66666667,0.0,26150802.322538674,0.0,185.30509709390628,0.0,0.05416315559714451,6,235,267.4255478091548,17.87,94696212.67051037,281.95004283975135,662.4672816626236,1445.019214205481,11210.616829729159,2545018854.5459213,2354723887.281761,368.40138811029817,1179070985.9475012,26170206.562596533,1152900779.3849046,0.32858381276258114,15.277305297372447,1689554569.168122,53096434.727957256,0.6615786963696928
166364956.6126721,93624666.66666667,charging,93624666.66666667,72740289.94600542,0.0,515.4391182662152,0.0,0.0,0.11927125474656118,7,235,557.2604284314634,19.82,95456762.5905806,695.1818618946254,665.913399309932,1445.0192143024506,11210.616829320288,2545018854.4531,2355411686.315506,368.45076371050993,1179143736.7510266,26930756.399863485,1152212980.3511631,0.32831661943617524,15.14914044837336,1677999801.144886,53460359.20668297,0.6654574022177958
201115181.93058202,93624666.66666667,charging,93624666.66666667,107490515.26391535,0.0,761.6798950174692,0.0,0.0,0.21548345201192573,8,235,676.9170913705867,23.79,95838900.13670862,840.3910864190302,665.9143404783666,1445.0192143005513,11210.616829209192,2545018854.4278793,2355757276.684029,368.4755740901728,1179180283.9292982,27312893.94666147,1151867389.9826367,0.32818241029175765,15.085511811521087,1654475478.5539901,53103068.69906326,0.6745618770132842
203581923.17133138,93624666.66666667,charging,93624666.66666667,109957256.5046647,0.0,779.1592717296951,0.0,0.0,0.313903570546203,9,235,723.9529873996906,26.43,95866026.13189425,850.6987485822153,665.914407002572,1445.019214311084,11210.616829313145,2545018854.4514785,2355781808.567107,368.47733529452205,1179182878.0407932,27340019.94123326,1151842858.09956,0.32817288452715315,15.081014417757558,1638832100.3071475,52738044.80788911,0.6809311818524841
202118789.30775934,93624666.66666667,charging,93624666.66666667,108494122.64109267,0.0,768.7914765352463,0.0,0.0,0.411014072845392,10,235,769.4449120443181,28.66,95849936.49854186,844.5848160318216,665.9143675486417,1445.0192142005685,11210.616829647364,2545018854.5273523,2355767257.69446,368.47629064505315,1179181339.362783,27323930.39057529,1151857408.9722075,0.3281785346416579,15.083681714054055,1625618186.1062157,52408210.7386425,0.6864358100313618
189389009.51567882,93624666.66666667,charging,93624666.66666667,95764342.84901215,0.0,678.5880077750369,0.0,0.0,0.4967304527748704,11,235,763.8247392109937,30.45,95709951.02310961,791.391450087752,665.9140237271182,1445.0192143395257,11210.616829589604,2545018854.5142403,2355640659.6994333,368.4672019113434,1179167951.8834784,27183944.91624633,1151984006.967232,0.3282276948929695,15.106925972709401,1615011501.6130915,52074376.31636124,0.6910165950166974
193124853.36994016,93624666.66666667,charging,93624666.66666667,99500186.70327349,0.0,705.0602704461107,0.0,0.0,0.5857906974628002,12,235,787.7094514294117,31.69,95751032.9496334,807.002255026679,665.9141247333542,1445.0192143110712,11210.61682931309,2545018854.451466,2355677812.6458364,368.4698691920373,1179171880.7797863,27225026.75895478,1151946854.0208316,0.3282132673247546,15.100097371158695,1607663854.2547262,51918436.823137335,0.6941185503206753
203363318.6293969,93624666.66666667,charging,93624666.66666667,109738651.96273021,0.0,777.6102356669114,0.0,0.0,0.6840151482838837,13,235,798.5843709685672,32.38,95863622.20494263,849.7852754832235,665.9144011086615,1445.0192141603052,11210.61682935378,2545018854.4607034,2355779634.5416265,368.4771792149594,1179182648.1388223,27337616.013782546,1151845032.1250398,0.32817372869930356,15.08141287745899,1603575244.0311193,51880172.615155466,0.6957874072250883
225734313.8056222,93624666.66666667,charging,93624666.66666667,132109647.13895552,0.0,936.1315453417919,0.0,0.0,0.8022633434849521,14,235,823.435808745144,32.59,96109629.1623916,943.2659603323269,665.9150027394829,1445.0192143395386,11210.616829589728,2545018854.514268,2356002116.197124,368.4931519126561,1179206173.525105,27583623.05556372,1151622550.4695413,0.3280873454497631,15.04073965012599,1602330884.3978474,51983039.583803385,0.696133021535467
230419039.76314706,93624666.66666667,charging,93624666.66666667,136794373.09648037,0.0,969.3276051685793,0.0,0.0,0.9247047251904569,15,235,781.2401627605892,32.34,96161145.6537333,962.8418168103261,665.9151283385295,1445.0192141652485,11210.61682934968,2545018854.4597726,2356048706.404648,368.49649682483596,1179211099.7246194,27635139.462601963,1151575960.2620175,0.3280692573581398,15.032248589554714,1603812264.913647,52047012.88270988,0.6954552090891157
219694774.88891557,93624666.66666667,charging,93624666.66666667,84121640.66779277,0.0,596.0875922422085,0.0,41948467.55445613,0.999999999999999,16,235,710.8431502906145,31.74,95581919.8060093,742.740607118048,665.9137083870451,1445.0192143463785,11210.616829610675,2545018854.5190234,2355524873.238554,368.45888945307496,1179155707.126582,27055913.698471326,1152099793.4281106,0.32827266032068925,15.128244856369868,1607367578.1515658,51819535.6372843,0.6943760494843911
178063659.17146933,93624666.66666667,charging,93624666.66666667,0.0,0.0,0.0,0.0,84438992.50480266,0.999999999999999,17,235,581.8526358046223,30.68,94656859.98129974,391.2252400854433,665.9107947354971,1445.0192143407835,11210.616829588605,2545018854.5140133,2354688299.3288765,368.3988334173698,1179067221.212244,26130853.87445395,1152936367.33779,0.3285976410197989,15.283992886967209,1613648631.5385559,51468502.027826786,0.6924055636064514
87019822.4389763,93624666.66666667,direct_plus_discharge,93624666.66666667,0.0,6604844.227690369,0.0,46.80205547068183,0.0,0.9940881614142286,18,235,320.1291085650519,29.21,94664832.22512674,363.6258705955106,665.1931756554889,1445.019214204228,11210.616829644137,2545018854.52662,2354695508.8973756,368.39935095752435,1179067983.886425,26138826.11713326,1152929157.7692919,0.328594839604023,15.282637636073623,1622359148.9714572,51635439.08172291,0.6887293220643704
0.0,93624666.66666667,discharging,93624666.66666667,0.0,93624666.66666667,0.0,663.4262204681396,0.0,0.910286954618253,19,235,0.0,27.41,94807171.55591913,1.0,654.1499999999977,1445.0192142054702,11210.616829729073,2545018854.545902,2354824231.2774253,368.40859138898355,1179081600.8372233,26281165.44798618,1152800435.3892372,0.32854482421672887,15.258478853713225,1633025088.6852133,51246453.85684834,0.6844504619779551
0.0,93624666.66666667,discharging,93624666.66666667,0.0,93624666.66666667,0.0,663.4262204681396,0.0,0.8264857478222775,20,235,0.0,26.07,94807171.5559233,1.0,654.15,1445.0192143358545,11210.616829506767,2545018854.4954348,2354824231.2324324,368.4085913891059,1179081600.8832457,26281165.449011784,1152800435.434234,0.32854482422955245,15.258478854127617,1640965288.249899,51440662.53969862,0.681160707864677
0.0,93624666.66666667,discharging,93624666.66666667,0.0,93624666.66666667,0.0,663.4262204681396,0.0,0.742684541026302,21,235,0.0,24.7,94807171.5559233,1.0,654.15,1445.0192143513166,11210.616829606564,2545018854.5180902,2354824231.2526336,368.4085913890511,1179081600.8624403,26281165.44840819,1152800435.4140322,0.328544824223795,15.258478853941257,1649083253.47648,51639219.17813265,0.6778298364074984
0.0,93624666.66666667,discharging,93624666.66666667,0.0,93624666.66666667,0.0,663.4262204681396,0.0,0.6588833342303264,22,235,0.0,23.06,94807171.5559233,1.0,654.15,1445.0192143476281,11210.616829609606,2545018854.5187807,2354824231.2532506,368.40859138904943,1179081600.8618004,26281165.448382407,1152800435.413418,0.32854482422361997,15.258478853935584,1658801109.6601245,51876907.41684199,0.6738851051486631
0.0,93624666.66666667,discharging,93624666.66666667,0.0,93624666.66666667,0.0,663.4262204681396,0.0,0.5750821274343508,23,235,0.0,22.16,94807171.5559233,1.0,654.15,1445.0192141571652,11210.6168293298,2545018854.4552593,2354824231.1966147,368.408591389203,1179081600.835556,26281165.36550243,1152800435.4700537,0.32854482423976095,15.258478854458016,1664134079.5170026,52007346.08442637,0.6717397635605993
0.0,93624666.66666667,discharging,93624666.66666667,0.0,93624666.66666667,0.0,663.4262204681396,0.0,0.49128092063837525,0,236,0.0,21.34,94807171.5559233,1.0,654.15,1445.0192143061547,11210.61682931732,2545018854.4524264,2354824231.1940885,368.4085913892099,1179081600.8378344,26281165.36525684,1152800435.4725776,0.32854482424048026,15.25847885448129,1668993007.6088252,52126190.20378105,0.669796976837913
0.0,93624666.66666667,discharging,93624666.66666667,0.0,93624666.66666667,0.0,663.4262204681396,0.0,0.40747971384239967,1,236,0.0,20.89,94807171.5559233,1.0,654.15,1445.0192143476158,11210.616829523518,2545018854.4992375,2354824231.235824,368.4085913890966,1179081600.8791437,26281165.448300436,1152800435.4308434,0.32854482422858616,15.258478854096344,1671659492.5372643,52191409.537573256,0.668735581507267
0.0,93624666.66666667,discharging,93624666.66666667,0.0,93624666.66666667,0.0,663.4262204681396,0.0,0.3236785070464241,2,236,0.0,20.36,94807171.5559233,1.0,654.15,1445.0192141986324,11210.616829708142,2545018854.5411506,2354824231.273194,368.40859138899526,1179081600.8421736,26281165.44870003,1152800435.3934736,0.32854482421793585,15.258478853751624,1674800019.230759,52268223.41959517,0.6674897997223256
0.0,93624666.66666667,discharging,93624666.66666667,0.0,93624666.66666667,0.0,663.4262204681396,0.0,0.2398773002504486,3,236,0.0,19.84,94807171.5559233,1.0,654.15,1445.0192143073928,11210.616829316232,2545018854.4521794,2354824231.1938677,368.4085913892104,1179081600.8380477,26281165.365247693,1152800435.4728,0.32854482424054365,15.25847885448335,1677881290.703622,52343587.983088374,0.6662720260662349
0.0,93624666.66666667,discharging,93624666.66666667,0.0,93624666.66666667,0.0,663.4262204681396,0.0,0.15607609345447304,4,236,0.0,19.32,94807171.5559233,1.0,654.15,1445.0192141652515,11210.6168293497,2545018854.4597774,2354824231.2006407,368.4085913891921,1179081600.8308213,26281165.364796642,1152800435.4660246,0.3285448242386127,15.258478854420868,1680962562.176485,52418952.54658158,0.6650586877004983
0.0,93624666.66666667,discharging,93624666.66666667,0.0,93624666.66666667,0.0,663.4262204681396,0.0,0.07227488665849752,5,236,0.0,18.78,94807171.5559233,1.0,654.15,1445.0192143358524,11210.61682959279,2545018854.514963,2354824231.249846,368.40859138905864,1179081600.8658957,26281165.44907411,1152800435.4168217,0.32854482422459,15.258478853966984,1684162344.0906122,52497215.74713222,0.6638033510289878
56951456.672036424,93624666.66666667,direct_plus_discharge,93624666.66666667,0.0,36673209.99463025,0.0,259.8670838080984,0.0,0.0394495708090535,6,236,235.06808764107137,18.31,94713106.07822388,237.98052482322862,661.0618487732075,1445.019214351313,11210.616829520475,2545018854.4985466,2354739164.5148225,368.402484798181,1179072602.1224732,26187099.970627956,1152885502.1518452,0.3285778766450512,15.274436139508763,1686947339.4603148,52954408.38785136,0.6626152905344703
161644668.08196712,93624666.66666667,charging,93624666.66666667,68020001.41530044,0.0,481.99106134982526,0.0,0.0,0.10033265224271565,7,236,542.1112263715934,21.56,95404855.0285526,675.4574016701373,665.9132708862971,1445.0192142005574,11210.61682973336,2545018854.5468755,2355364743.541955,368.4473936838256,1179138772.045353,26878848.92063905,1152259923.124714,0.328334851840666,15.15782274264885,1667689392.7549217,53181992.00009436,0.6695793383122296
204174115.41011724,93624666.66666667,charging,93624666.66666667,110549448.74345057,0.0,783.3555575244102,0.0,0.0,0.19928282793000954,8,236,686.1047987963738,25.51,95872538.28793007,853.1733160124055,665.9144229674928,1445.019214197387,11210.616829709192,2545018854.5413885,2355787698.031224,368.47775810866744,1179183500.8161478,27346532.18068802,1151836968.63546,0.3281705976699971,15.079935103463034,1644283580.6052895,52874081.883463584,0.6786858958915922
206851683.8081605,93624666.66666667,charging,93624666.66666667,113227017.14149384,0.0,802.3288595996337,0.0,0.0,0.300629631247858,9,236,735.3790073772941,28.09,95901982.68453969,864.3619522624999,665.9144951251048,1445.019214347627,11210.61682952359,2545018854.4992533,2355814326.572125,368.47966984736115,1179186316.6714787,27375976.576941054,1151810340.0945377,0.32816025797209825,15.07505686941163,1628995733.682239,52518765.3565203,0.6849838884844418
204980443.1509649,93624666.66666667,charging,93624666.66666667,111355776.48429821,0.0,789.0692116779007,0.0,0.0,0.40030153167032967,10,236,781.8499459974581,30.0,95881405.22622716,856.5426819629813,665.9144447018177,1445.0192143513113,11210.616829606508,2545018854.5180774,2355795716.9855433,368.4783338124137,1179184348.7998214,27355399.118696734,1151828949.6811247,0.328167483940069,15.078465748195411,1617677986.5415306,52232482.71735127,0.6897549125446915
196151648.35382563,93624666.66666667,charging,93624666.66666667,102526981.68715896,0.0,726.508198943847,0.0,0.0,0.49207098837902613,11,236,792.4139400616567,31.54,95784317.68368,819.6501889143981,665.9142065056064,1445.0192143358506,11210.616829506705,2545018854.4954205,2355707914.2260213,368.47203024221756,1179175064.0173965,27258311.576752327,1151916752.440644,0.32820157826702695,15.094569105988557,1608552682.5642054,51958065.788279496,0.6937123132647864
191353695.06464905,93624666.66666667,charging,93624666.66666667,97729028.39798237,0.0,692.5098080288342,0.0,0.0,0.5795459114984578,12,236,785.4683681706401,32.78,95731556.06617533,799.6011944099879,665.9140768572216,1445.0192141652512,11210.616829435745,2545018854.479311,2355660198.478428,368.4686046364284,1179170018.0633564,27205549.875117816,1151964468.1882386,0.3282201073746503,15.103334071038391,1601205035.2058403,51751174.86512668,0.6969116672115475
205656753.76039174,93624666.66666667,charging,93624666.66666667,112032087.09372506,0.0,793.8615618933841,0.0,1.4901161193847656e-08,0.6798231614218326,13,236,811.4789927831578,33.7,95888842.40611206,859.3687510958923,665.9144629284771,1445.0192143513104,11210.616829606519,2545018854.5180798,2355802442.9346995,368.47881668664036,1179185060.0305498,27362836.298582803,1151822223.731967,0.3281648722933247,15.077233529955834,1595753554.907698,51703751.18145168,0.6991514860353159
219347959.97733396,93624666.66666667,charging,93624666.66666667,125723293.31066729,0.0,890.8777171176755,0.0,0.0,0.7923550835840654,14,236,805.5260770360107,34.33,96039400.39240906,916.5795869790513,665.9148313026956,1445.0192143005513,11210.616829209213,2545018854.427884,2355938603.0618396,368.48859206447514,1179199457.8071945,27513394.202368896,1151686063.6048255,0.3281120045193998,15.052329581493858,1592020476.0078835,51694097.59311638,0.700660614745142
224036051.64747053,93624666.66666667,charging,93624666.66666667,130411384.98080386,0.0,924.097626449905,0.0,0.0,0.909083204819843,15,236,763.1440023811776,34.51,96090953.89545906,936.1695076109903,665.9149571753344,1445.0192141603059,11210.616829439827,2545018854.4802375,2355985226.730881,368.4919393521028,1179204387.6401558,27564947.704369124,1151639439.9357867,0.3280939027114697,15.043819996893685,1590953882.0365078,51695881.28607036,0.7010864188153976
222539365.44729838,93624666.66666667,charging,93624666.66666667,101574368.3007739,0.0,719.7579618429036,0.0,27340330.479857802,0.9999999999999992,16,236,719.7563674115456,34.14,95773842.0870884,815.6695456281155,665.9141807758049,1445.0192143110742,11210.616829227078,2545018854.43194,2355698440.4053645,368.47135010110554,1179174062.1576529,27247835.89635208,1151926226.2613008,0.32820525711602755,15.096308585099642,1593146325.1998909,51578441.56167178,0.7003762875957815
176818919.00647068,93624666.66666667,charging,93624666.66666667,0.0,0.0,0.0,0.0,83194252.33980401,0.9999999999999992,17,236,577.3251001254671,33.51,94656859.98129815,391.2252400854433,665.9107947354955,1445.0192141584116,11210.616829414781,2545018854.4745517,2354688299.2936897,368.39883341746497,1179067221.1639214,26130853.790945746,1152936367.3729756,0.3285976410298273,15.283992887292568,1596879404.0997057,51066227.55523153,0.6996203911261003
88592329.9324341,93624666.66666667,direct_plus_discharge,93624666.66666667,0.0,5032336.734232575,0.0,35.659236594147885,0.0,0.9954956753775805,18,236,323.433857947968,32.4,94662307.61184014,370.1968378797468,665.4192932563317,1445.0192143476295,11210.616829609651,2545018854.5187907,2354693225.800961,368.39918706525975,1179067742.3700168,26136301.50431229,1152931440.8657045,0.3285957267430628,15.283066785993364,1603456733.5898554,51194875.296715386,0.6967819900417115
0.0,93624666.66666667,discharging,93624666.66666667,0.0,93624666.66666667,0.0,663.4262204681396,0.0,0.911694468581605,19,236,0.0,30.85,94807171.55592336,1.0,654.15,1445.0192143513093,11210.61682952045,2545018854.498541,2354824231.2352047,368.4085913890983,1179081600.8797808,26281165.44832026,1152800435.4314606,0.3285448242287621,15.258478854101995,1612641292.7878122,50747888.282972656,0.6930431245737456
0.0,93624666.66666667,discharging,93624666.66666667,0.0,93624666.66666667,0.0,663.4262204681396,0.0,0.8278932617856294,20,236,0.0,29.04,94807171.55592336,1.0,654.15,1445.0192141534835,11210.616829418988,2545018854.4755073,2354824231.214665,368.408591389154,1179081600.817576,26281165.365575172,1152800435.4520009,0.32854482423461595,15.2584788542915,1623366487.7222004,51010214.93667016,0.6884952672964101
0.0,93624666.66666667,discharging,93624666.66666667,0.0,93624666.66666667,0.0,663.4262204681396,0.0,0.7440920549896538,21,236,0.0,28.48,94807171.55592336,1.0,654.15,1445.0192142091566,11210.616829639957,2545018854.525671,2354824231.259392,368.4085913890327,1179081600.8552082,26281165.44793374,1152800435.4072745,0.3285448242218691,15.258478853878925,1626684780.0775914,51091376.774278216,0.6871002610803313
0.0,93624666.66666667,discharging,93624666.66666667,0.0,93624666.66666667,0.0,663.4262204681396,0.0,0.6602908481936783,22,236,0.0,27.63,94807171.55592336,1.0,654.15,1445.019214346376,11210.616829610653,2545018854.5190187,2354824231.2534614,368.40859138904887,1179081600.8615832,26281165.448378094,1152800435.4132051,0.3285448242235593,15.258478853933621,1631721473.8313098,51214568.84921905,0.6849936100822108
0.0,93624666.66666667,discharging,93624666.66666667,0.0,93624666.66666667,0.0,663.4262204681396,0.0,0.5764896413977028,23,236,0.0,26.57,94807171.55592336,1.0,654.15,1445.0192143395375,11210.616829589691,2545018854.51426,2354824231.2492175,368.40859138906035,1179081600.8665335,26281165.44908598,1152800435.4174476,0.3285448242247684,15.258478853972758,1638002527.2182999,51368196.61326289,0.6823845229203739
0.0,93624666.66666667,discharging,93624666.66666667,0.0,93624666.66666667,0.0,663.4262204681396,0.0,0.4926884346017272,0,237,0.0,25.63,94807171.55592336,1.0,654.15,1445.0192143110683,11210.61682922699,2545018854.43192,2354824231.175803,368.4085913892594,1179081600.8560255,26281165.365161482,1152800435.490864,0.32854482424569187,15.25847885464999,1643572517.9577057,51504432.55496214,0.6800873760581814
0.0,93624666.66666667,discharging,93624666.66666667,0.0,93624666.66666667,0.0,663.4262204681396,0.0,0.4088872278057516,1,237,0.0,24.6,94807171.55592336,1.0,654.15,1445.0192142042522,11210.616829730307,2545018854.546182,2354824231.2776785,368.4085913889831,1179081600.8370245,26281165.448035937,1152800435.3889885,0.3285448242166576,15.258478853710262,1649675805.6827996,51653712.36341983,0.6775879823168217
0.0,93624666.66666667,discharging,93624666.66666667,0.0,93624666.66666667,0.0,663.4262204681396,0.0,0.325086021009776,2,237,0.0,24.28,94807171.55592336,1.0,654.15,1445.0192142956219,11210.61682921335,2545018854.4288235,2354824231.173045,368.40859138926703,1179081600.859487,26281165.365867574,1152800435.4936194,0.32854482424647713,15.258478854675365,1651571972.7430232,51700090.556338735,0.6768152078186271
0.0,93624666.66666667,discharging,93624666.66666667,0.0,93624666.66666667,0.0,663.4262204681396,0.0,0.2412848142138005,3,237,0.0,24.43,94807171.55592336,1.0,654.15,1445.019214346379,11210.616829610684,2545018854.519026,2354824231.253468,368.40859138904887,1179081600.8615847,26281165.448386915,1152800435.4131978,0.3285448242235572,15.25847885393355,1650683144.4335434,51678350.778408,0.677177226256324
0.0,93624666.66666667,discharging,93624666.66666667,0.0,93624666.66666667,0.0,663.4262204681396,0.0,0.15748360741782497,4,237,0.0,24.6,94807171.55592336,1.0,654.15,1445.01921420917,11210.616829726101,2545018854.5452275,2354824231.276829,368.4085913889854,1179081600.837869,26281165.44803139,1152800435.3898375,0.32854482421689957,15.258478853718074,1649675805.6827996,51653712.36341983,0.6775879823173208
0.0,93624666.66666667,discharging,93624666.66666667,0.0,93624666.66666667,0.0,663.4262204681396,0.0,0.07368240062184943,5,237,0.0,24.4,94807171.55592336,1.0,654.15,1445.01921434446,11210.61682949947,2545018854.4937778,2354824231.230953,368.40859138910986,1179081600.8847322,26281165.449019328,1152800435.4357128,0.32854482422997394,15.25847885414128,1650860910.0954394,51682698.73399415,0.677104791593743
39671198.7209009,93624666.66666667,direct_plus_discharge,93624666.66666667,0.0,53953467.94576577,0.0,382.3153298675737,0.0,0.025389937901734848,6,237,180.9164900308863,24.21,94740849.01045565,165.77227771949472,658.8418579478648,1445.0192141689402,11210.616829432682,2545018854.4786158,2354764253.3795257,368.4042858211253,1179075256.1065595,26214842.81941764,1152860413.2871418,0.3285681282538363,15.269726529361376,1651986759.287447,51980756.3996149,0.6765741733182593
144820868.68771267,93624666.66666667,charging,93624666.66666667,51196202.021046,0.0,362.7772895584412,0.0,0.0,0.07121443763543268,7,237,490.0059543930489,25.22,95219848.87799299,605.156537683084,665.9128120295267,1445.0192143426984,11210.616829527762,2545018854.5002007,2355197432.928517,368.4353825827496,1179121076.508535,26693842.77038199,1152427233.738153,0.32839983910002674,15.188844693437167,1646001982.0036168,52555485.320940666,0.6784740910493723
197524203.47408423,93624666.66666667,charging,93624666.66666667,103899536.80741756,0.0,736.234151390325,0.0,0.0,0.16421243570578956,8,237,664.8830487569558,28.16,95799411.25043441,825.3856240894625,665.9142435680362,1445.0192143005534,11210.616829295222,2545018854.44741,2355721564.284031,368.47301021257897,1179176507.4430895,27273405.06045373,1151903102.3826358,0.32819627773891724,15.092063480111142,1628580947.1378148,52452507.52720862,0.685235085111482
205552184.11169818,93624666.66666667,charging,93624666.66666667,111927517.44503151,0.0,793.1205793160528,0.0,0.0,0.2643960878299225,9,237,731.7884191666603,30.26,95887692.48582788,858.9317905450827,665.9144601104957,1445.0192142042415,11210.616829730263,2545018854.546172,2355801403.008272,368.4787420256008,1179184950.036322,27361686.377926536,1151823263.6583955,0.32816527609253304,15.077424040092787,1616137350.805099,52198470.341143474,0.6904025251145341
207897559.04248536,93624666.66666667,charging,93624666.66666667,114272892.37581868,0.0,809.7399519804453,0.0,0.0,0.36667902913271566,10,237,794.3374078886035,31.87,95913483.85300855,868.7323046943536,665.9145232983228,1445.0192142091687,11210.61682964005,2545018854.525692,2355824727.894614,368.48041658632644,1179187416.5170972,27387477.745045193,1151799938.772052,0.3281562192546305,15.073152213138396,1606597260.2833505,51980621.86955172,0.6944503186530913
203224905.33420593,93624666.66666667,charging,93624666.66666667,109600238.66753925,0.0,776.6294363480949,0.0,0.0,0.46477958951352766,11,237,822.4160734238087,33.19,95862100.1164828,849.2068939885806,665.9143973766766,1445.0192143395327,11210.616829589673,2545018854.5142555,2355778258.0619307,368.47708039035604,1179182502.6143734,27336094.00963694,1151846408.6047366,0.32817426319014353,15.081665179141721,1598775571.159929,51762744.60566908,0.6978610539377
194021387.77932423,93624666.66666667,charging,93624666.66666667,100396721.11265756,0.0,711.4131308184197,0.0,0.0,0.5546423007748017,12,237,800.0698495007701,34.1,95760891.86295168,810.7485635802212,665.9141489601453,1445.0192143513104,11210.616829520475,2545018854.4985466,2355686728.7383375,368.4705092925244,1179172823.6836834,27234885.755354963,1151937937.9283285,0.32820980500380736,15.098459502374563,1593383346.0824187,51577217.3294754,0.7002830119763097
168013884.1734713,93624666.66666667,charging,93624666.66666667,74389217.50680463,0.0,527.1234512356617,0.0,0.0,0.6212263156677275,13,237,678.8566215031735,34.33,95474895.34010883,702.0721623231859,665.9134441390302,1445.0192143513218,11210.616829606593,2545018854.518097,2355428084.8326755,368.4519409587826,1179145471.066594,26948889.232599556,1152196581.8339944,0.32831025044911544,15.146109706230352,1592020476.0078835,51390155.682791516,0.7011008445580401
128297113.87041348,93624666.66666667,charging,93624666.66666667,34672447.20374681,0.0,245.68963951198253,0.0,0.0,0.6522607964481884,14,237,499.00704567382553,34.18,95038142.225416,536.1094566555321,665.9123596214291,1445.0192141937146,11210.616829712335,2545018854.5421023,2355033107.2784677,368.4235859470523,1179103695.5063946,26512136.11819522,1152591559.3881993,0.3284636737112327,15.219430926998283,1592909304.3173628,51176406.02526216,0.7010532067382308
99192653.06047145,93624666.66666667,charging,93624666.66666667,5567986.393804774,0.0,39.454860565875734,0.0,0.0,0.6572445683091411,15,237,371.0325803727491,34.34,94718089.41615729,414.4919377545984,665.9115585517841,1445.0192143427055,11210.616829527802,2545018854.50021,2354743671.11757,368.4028083073742,1179073078.857656,26192083.308560222,1152880995.5490959,0.32857612557323823,15.273589970171802,1591961220.787251,50981252.383451946,0.7017172021392564
0.0,93624666.66666667,discharging,93624666.66666667,0.0,93624666.66666667,0.0,663.4262204681396,0.0,0.5734433615131656,16,237,0.0,33.03,94807171.5559212,1.0,654.1499999999974,1445.0192143073814,11210.61682931614,2545018854.452159,2354824231.193848,368.4085913892103,1179081600.8380387,26281165.36522319,1152800435.4728155,0.3285448242405483,15.258478854483819,1599723654.6900408,50431936.843711354,0.6986010539777856
4838460.318954952,93624666.66666667,direct_plus_discharge,93624666.66666666,0.0,88786206.34771171,0.0,629.1407959472937,0.0,0.49397294518298107,17,237,72.68654097338307,31.9,94796771.91992137,20.218259432276128,654.6722785148904,1445.0192141973807,11210.616829623124,2545018854.5218496,2354814826.4865355,368.407916256827,1179080605.9927506,26270765.81261894,1152809840.1801317,0.3285484783290383,15.260241493349843,1606419494.6214545,50625426.61754917,0.6957022259349216
94913110.76327711,93624666.66666667,charging,93624666.66666667,1288444.0966104418,0.0,9.129940086644742,0.0,0.0,0.495126200772873,18,237,342.5472571687302,30.79,94671028.6049807,396.6092042583439,665.9114403062149,1445.0192143024542,11210.616829320328,2545018854.4531093,2354701112.41931,368.3997532131158,1179068576.6616344,26145022.414277047,1152923554.2473574,0.32859266224960126,15.28158443355525,1612996824.111604,51460609.48233257,0.6926722972770395
0.0,93624666.66666667,discharging,93624666.66666667,0.0,93624666.66666667,0.0,663.4262204681396,0.0,0.4113249939768974,19,237,0.0,30.2,94807171.55592327,1.0,654.15,1445.0192141603122,11210.616829439823,2545018854.480237,2354824231.218885,368.40859138914254,1179081600.8126152,26281165.364834603,1152800435.4477806,0.3285448242334132,15.258478854252548,1616492882.128891,50842093.98733912,0.6914030185662097
0.0,93624666.66666667,discharging,93624666.66666667,0.0,93624666.66666667,0.0,663.4262204681396,0.0,0.3275237871809219,20,237,0.0,28.74,94807171.5559233,1.0,654.15,1445.019214340783,11210.616829502602,2545018854.4944887,2354824231.2315917,368.4085913891082,1179081600.884094,26281165.44902003,1152800435.4350739,0.3285448242297918,15.25847885413534,1625144144.3411598,51053694.49253158,0.6877472388564821
0.0,93624666.66666667,discharging,93624666.66666667,0.0,93624666.66666667,0.0,663.4262204681396,0.0,0.24372258038494635,21,237,0.0,28.44,94807171.5559233,1.0,654.15,1445.0192143073953,11210.616829316199,2545018854.452172,2354824231.1938634,368.4085913892104,1179081600.8380432,26281165.365239743,1152800435.4728034,0.3285448242405446,15.258478854483355,1626921800.9601192,51097174.04839306,0.6870008341037713
0.0,93624666.66666667,discharging,93624666.66666667,0.0,93624666.66666667,0.0,663.4262204681396,0.0,0.15992137358897082,22,237,0.0,27.47,94807171.5559233,1.0,654.15,1445.0192142091541,11210.616829639946,2545018854.5256686,2354824231.2593894,368.4085913890327,1179081600.8552074,26281165.447929993,1152800435.4072773,0.32854482422186987,15.258478853878962,1632669557.3614213,51237757.94567846,0.6845985078442618
0.0,93624666.66666667,discharging,93624666.66666667,0.0,93624666.66666667,0.0,663.4262204681396,0.0,0.07612016679299528,23,237,0.0,26.03,94807171.5559233,1.0,654.15,1445.0192142023195,11210.616829705055,2545018854.5404496,2354824231.2725677,368.408591388997,1179081600.8428128,26281165.448713016,1152800435.3940997,0.3285448242181143,15.258478853757415,1641202309.1324267,51446459.81381349,0.6810629922424937
0.0,93624666.66666667,discharging,85043229.26943228,0.0,85043229.26943228,0.0,602.6179871112126,0.0,0.0,0,238,0.0,24.42,86117589.49087515,1.0,654.15,1445.0192143463805,11210.616829610692,2545018854.519027,2346967038.0244637,367.8447640374528,1178249212.0255435,26173020.780574683,1152076191.2449687,0.32915356749844193,16.780039918977888,1650742399.6541753,46943071.253773995,0.6786158042742865
0.0,93624666.66666667,shutdown,0.0,0.0,0.0,0.0,0.0,0.0,0.0,1,238,0.0,23.26,0.0,1.0,567.279923475184,1445.019214351318,11210.616829520537,2545018854.4985604,2259509895.633626,362.89907080586624,1179588764.9254608,25103923.827275675,1154484841.098185,0.3381619335378398,,1657616005.247485,0.0,0.6964730296060446
0.0,93624666.66666667,shutdown,0.0,0.0,0.0,0.0,0.0,0.0,0.0,2,238,0.0,22.63,0.0,1.0,567.279923475184,1445.0192142993105,11210.616829296307,2545018854.447656,2259509895.588432,362.89907080586624,1179588764.888259,25103923.744882178,1154484841.1433768,0.338161933551077,,1661349084.1472998,0.0,0.6949080432038912
0.0,93624666.66666667,shutdown,0.0,0.0,0.0,0.0,0.0,0.0,0.0,3,238,0.0,22.12,0.0,1.0,567.279923475184,1445.0192141640027,11210.616829350745,2545018854.460015,2259509895.5994043,362.89907080586624,1179588764.8761325,25103923.743725214,1154484841.1324072,0.33816193354786384,,1664371100.3995306,0.0,0.6936462912960182
0.0,93624666.66666667,shutdown,0.0,0.0,0.0,0.0,0.0,0.0,0.0,4,238,0.0,21.74,0.0,1.0,567.279923475184,1445.019214346385,11210.616829610715,2545018854.5190325,2259509895.6518016,362.89907080586624,1179588764.907336,25103923.82732777,1154484841.0800083,0.3381619335325156,,1666622798.783546,0.0,0.6927091372580869
0.0,93624666.66666667,shutdown,0.0,0.0,0.0,0.0,0.0,0.0,0.0,5,238,0.0,21.23,0.0,1.0,567.279923475184,1445.0192143042245,11210.61682929208,2545018854.4466963,2259509895.58758,362.89907080586624,1179588764.8891022,25103923.74486946,1154484841.1442327,0.3381619335513277,,1669644815.0357766,0.0,0.6914553507115193
23833205.67341499,93624666.66666667,direct_partial,23833205.67341499,0.0,0.0,0.0,0.0,0.0,0.0,6,238,134.41643620812755,20.58,24097923.744335923,99.59075896936913,665.2099591358826,1445.0192142005546,11210.616829647304,2545018854.527339,2290954873.908977,363.83900124382524,1172241710.3940654,25363378.62960485,1146878331.7644606,0.33357930960716425,59.50102770230801,1673496404.3768559,13457248.504568644,0.6798517136529028
139262985.09366757,93624666.66666667,charging,93624666.66666667,45638318.427000895,0.0,323.3940176293995,0.0,0.0,0.040849770647924145,7,238,474.05960796639613,22.59,95158730.54051627,581.9320561349816,665.9126600511902,1445.0192143073855,11210.616829316179,2545018854.4521675,2355142160.652425,368.4314146717512,1179115230.3640966,26632724.349826768,1152482506.0142698,0.3284213096387215,15.199119558358781,1661586105.0298276,52897568.29156771,0.6722038383612106
195672150.01566744,93624666.66666667,charging,93624666.66666667,102047483.34900077,0.0,723.1104643346802,0.0,0.0,0.13219003982704164,8,238,659.8102924825314,27.51,95779044.78784479,817.6465304860653,665.9141935552011,1445.0192141620953,11210.616829325641,2545018854.4543157,2355703145.5659533,368.4716878928285,1179174559.6981492,27253038.59743575,1151921521.1007135,0.32820343001687263,15.095444626033824,1632432536.4788935,52534843.23062677,0.6836461850669767
211879879.0132249,93624666.66666667,charging,93624666.66666667,118255212.34655823,0.0,837.9587492370358,0.0,0.0,0.2380374607832988,9,238,754.1861092741051,30.36,95957276.20162192,885.3730484440381,665.9146305102229,1445.0192143061483,11210.616829317292,2545018854.45242,2355864332.3023596,368.4832599116494,1179191604.3752542,27431270.01094757,1151760334.3643067,0.32814084153488887,15.065904140825861,1615544798.5987792,52221951.0329295,0.6906003699969728
205537250.73093265,93624666.66666667,charging,93624666.66666667,111912584.06426598,0.0,793.0147610876649,0.0,0.0,0.33820774639437223,10,238,789.1002322921354,32.17,95887528.26803403,858.8693890895321,665.9144597080601,1445.019214346379,11210.616829610637,2545018854.519015,2355801254.4706936,368.4787313634854,1179184934.3564577,27361522.160481278,1151823412.1959765,0.3281653337662212,15.077451247087001,1604819603.664391,51923352.83380326,0.6952336255169901
192108939.03044188,93624666.66666667,charging,93624666.66666667,98484272.36377521,0.0,697.8614815524495,0.0,0.0,0.4263586703799448,11,238,785.3290696938693,33.36,95739861.25192036,802.7570988565451,665.9140972745778,1445.0192141620882,11210.616829325634,2545018854.4543138,2355667709.3657765,368.4691438583737,1179170812.3623967,27213855.061504237,1151956957.3008926,0.3282171906866029,15.101953740973828,1597768232.4091852,51672278.07200439,0.6983925458244222
0.0,93624666.66666667,discharging,93624666.66666667,0.0,93624666.66666667,0.0,663.4262204681396,0.0,0.3425574635839692,12,238,14.570854479358768,33.84,94807171.55592191,1.0,654.1499999999987,1445.0192141603168,11210.616829439894,2545018854.4802527,2354824231.2188935,368.40859138914243,1179081600.812624,26281165.36485292,1152800435.447771,0.32854482423341064,15.258478854252727,1594923981.81885,50314542.04288587,0.7006889388548327
72242937.12341464,93624666.66666667,direct_plus_discharge,93624666.66666667,0.0,21381729.543252036,0.0,151.51135403723725,0.0,0.32341918728452873,13,238,334.843175776336,30.87,94688556.06820154,301.87835563902826,663.1182595992892,1445.0192143513207,11210.616829520568,2545018854.4985676,2354716963.119988,368.40089105912773,1179070253.5073102,26162549.960629173,1152907703.546681,0.32858650322575705,15.278606023984509,1612522782.3465483,51276669.27556483,0.692936701248855
122451316.35136257,93624666.66666667,charging,93624666.66666667,28826649.684695896,0.0,204.26620387515632,0.0,3.725290298461914e-09,0.34922123408981165,14,238,483.5038569732454,30.45,94973857.78700976,511.6818819649364,665.9121991542861,1445.019214304243,11210.616829292188,2545018854.446721,2354974972.049962,368.41941257686557,1179097546.2137606,26447851.597054612,1152649694.616706,0.32848625875589815,15.230279791274283,1615011501.6130915,51673760.175409235,0.6915821007379707
0.0,93624666.66666667,discharging,93624666.66666667,0.0,93624666.66666667,0.0,663.4262204681396,0.0,0.2654200272938361,15,238,0.0,30.59,94807171.55592331,1.0,654.15,1445.0192143061438,11210.616829317223,2545018854.4524045,2354824231.1940694,368.40859138920985,1179081600.837827,26281165.365230124,1152800435.472597,0.32854482424048576,15.258478854481458,1614181928.5242438,50785570.56471924,0.6923861493412852
0.0,93624666.66666667,discharging,93624666.66666667,0.0,93624666.66666667,0.0,663.4262204681396,0.0,0.18161882049786057,16,238,0.0,30.76,94807171.5559233,1.0,654.15,1445.0192141689438,11210.616829346673,2545018854.45909,2354824231.200031,368.4085913891938,1179081600.8314629,26281165.3648264,1152800435.4666364,0.32854482423878706,15.258478854426478,1613174589.7735004,50760932.14973107,0.6928155690397135
0.0,93624666.66666667,discharging,93624666.66666667,0.0,93624666.66666667,0.0,663.4262204681396,0.0,0.09781761370188505,17,238,0.0,29.06,94807171.5559233,1.0,654.15,1445.0192143407746,11210.61682958857,2545018854.5140057,2354824231.248993,368.408591389061,1179081600.8667412,26281165.449067343,1152800435.4176738,0.32854482422483283,15.258478853974832,1623247977.2809365,51007316.2996127,0.6885451936976134
12199773.08417881,93624666.66666667,direct_plus_discharge,93624666.66666667,0.0,81424893.58248787,0.0,576.9783896136744,0.0,0.024936132908578806,18,238,96.81490390707636,28.33,94784953.55460845,50.97865043235526,655.5214452886119,1445.0192143110796,11210.616829227107,2545018854.4319468,2354804138.632226,368.40714902358,1179079475.3983202,26258947.363878064,1152820528.0344422,0.32855263098029597,15.262245064113998,1627573608.3870711,51192531.05947244,0.6867070409309688
0.0,93624666.66666667,discharging,27859230.442890313,0.0,27859230.442890313,0.0,197.41105219291555,0.0,0.0,19,238,0.0,26.57,28212948.62371724,1.0,654.15,1445.0192141652526,11210.616829435796,2545018854.4793224,2294667587.495029,364.1037021831784,1172644021.6043034,25452378.65644812,1147191642.9478552,0.3332715494567328,50.847817072986835,1638002527.2182999,15286272.843696557,0.6938846031648173
0.0,93624666.66666667,shutdown,0.0,0.0,0.0,0.0,0.0,0.0,0.0,20,238,0.0,25.66,0.0,1.0,567.279923475184,1445.0192143005518,11210.616829295268,2545018854.44742,2259509895.5882225,362.89907080586624,1179588764.8884742,25103923.744886495,1154484841.1435878,0.33816193355113877,,1643394752.2958097,0.0,0.702500016828447
0.0,93624666.66666667,shutdown,0.0,0.0,0.0,0.0,0.0,0.0,0.0,21,238,0.0,23.59,0.0,1.0,567.279923475184,1445.019214165255,11210.616829349727,2545018854.459783,2259509895.599199,362.89907080586624,1179588764.8763487,25103923.743737034,1154484841.1326118,0.3381619335479238,,1655660582.9666295,0.0,0.6972956009280562
0.0,93624666.66666667,shutdown,0.0,0.0,0.0,0.0,0.0,0.0,0.0,22,238,0.0,21.82,0.0,1.0,567.279923475184,1445.01921434269,11210.616829613744,2545018854.51972,2259509895.652412,362.89907080586624,1179588764.9066973,25103923.827297784,1154484841.0793996,0.3381619335323373,,1666148757.01849,0.0,0.6929062223383381
0.0,93624666.66666667,shutdown,0.0,0.0,0.0,0.0,0.0,0.0,0.0,23,238,0.0,20.91,0.0,1.0,567.279923475184,1445.019214339539,11210.616829503642,2545018854.494725,2259509895.630221,362.89907080586624,1179588764.9295385,25103923.827946626,1154484841.1015918,0.33816193353883767,,1671540982.096,0.0,0.6906709757447559
0.0,93624666.66666667,shutdown,0.0,0.0,0.0,0.0,0.0,0.0,0.0,0,239,0.0,20.96,0.0,1.0,567.279923475184,1445.0192142042285,11210.616829730172,2545018854.5461516,2259509895.675878,362.89907080586624,1179588764.8828616,25103923.8269291,1154484841.0559325,0.33816193352546353,,1671244705.9928405,0.0,0.6907934169760525
0.0,93624666.66666667,shutdown,0.0,0.0,0.0,0.0,0.0,0.0,0.0,1,239,0.0,20.85,0.0,1.0,567.279923475184,1445.01921420547,11210.616829729075,2545018854.5459027,2259509895.675657,362.89907080586624,1179588764.8830736,25103923.82691885,1154484841.0561547,0.33816193352552865,,1671896513.419792,0.0,0.6905241034893398
0.0,93624666.66666667,shutdown,0.0,0.0,0.0,0.0,0.0,0.0,0.0,2,239,0.0,20.7,0.0,1.0,567.279923475184,1445.0192142993087,11210.616829210292,2545018854.428129,2259509895.571096,362.89907080586624,1179588764.9055333,25103923.744818315,1154484841.160715,0.3381619335561556,,1672785341.7292717,0.0,0.6901571961213181
0.0,93624666.66666667,shutdown,0.0,0.0,0.0,0.0,0.0,0.0,0.0,3,239,0.0,20.56,0.0,1.0,567.279923475184,1445.0192143463735,11210.616829610626,2545018854.5190125,2259509895.6517835,362.89907080586624,1179588764.9073305,25103923.827303473,1154484841.080027,0.3381619335325211,,1673614914.8181198,0.0,0.6898151007488427
0.0,93624666.66666667,shutdown,0.0,0.0,0.0,0.0,0.0,0.0,0.0,4,239,0.0,19.79,0.0,1.0,567.279923475184,1445.0192143110683,11210.616829226992,2545018854.4319205,2259509895.5744615,362.89907080586624,1179588764.901445,25103923.744095042,1154484841.1573498,0.3381619335551698,,1678177566.806782,0.0,0.6879396221188268
0.0,93624666.66666667,shutdown,0.0,0.0,0.0,0.0,0.0,0.0,0.0,5,239,0.0,18.96,0.0,1.0,567.279923475184,1445.019214202324,11210.61682970506,2545018854.540451,2259509895.670817,362.89907080586624,1179588764.8886442,25103923.827647675,1154484841.0609965,0.33816193352694685,,1683095750.1192365,0.0,0.6859293899228305
74560080.91919844,93624666.66666667,direct_partial,74560080.91919844,0.0,0.0,0.0,0.0,0.0,0.0,6,239,286.9034524996441,17.57,75382626.8445285,311.5609015971947,665.8496211672192,1445.0192143513134,11210.616829606543,2545018854.5180855,2337263493.312323,367.1490429171796,1177217794.0914156,25921206.4844757,1151296587.60694,0.3299427751917436,19.14559930083777,1691332225.7870815,42469433.5655049,0.6640301567347918
168965931.55655268,93624666.66666667,charging,93624666.66666667,75341264.889886,0.0,533.8696776261172,0.0,0.0,0.06743616980540428,7,239,565.2602509334691,15.91,95485364.71253532,706.0504404765792,665.9134700144381,1445.0192143463885,11210.616829524712,2545018854.4995084,2355437552.8593454,368.45262067223035,1179146472.4122796,26959358.604949683,1152187113.80733,0.32830657320655515,15.144360359999304,1701168592.4119902,54037037.31467231,0.6564399602494209
200434717.02853686,93624666.66666667,charging,93624666.66666667,106810050.36187018,0.0,756.8581074031827,0.0,0.0,0.16303929916159576,8,239,679.3225543190275,16.39,95831417.27334566,837.5476579279024,665.9143221206665,1445.0192142023204,11210.616829705064,2545018854.5404515,2355750509.5315332,368.47508825241187,1179179568.3012736,27305411.166138943,1151874157.1351347,0.32818503802384386,15.08675289071644,1698324341.8216553,54163851.889015906,0.6572792679967717
207329730.86776197,93624666.66666667,charging,93624666.66666667,113705064.2010953,0.0,805.7163104205424,0.0,0.0,0.2648139910041906,9,239,746.1951761281468,17.61,95907239.62111333,866.3595462975269,665.9145080033129,1445.0192143110746,11210.616829227081,2545018854.4319406,2355819080.721499,368.4800111657403,1179186819.375543,27381233.43037656,1151805585.9451666,0.3281584119782896,15.074186235996947,1691095204.9045534,54031009.77916464,0.660012769422478
200114013.8699142,93624666.66666667,charging,93624666.66666667,106489347.20324753,0.0,754.5855985442222,0.0,0.0,0.3601300666097766,10,239,778.5801620129467,19.09,95827890.59928885,836.2075498698919,665.9143134676895,1445.019214204231,11210.616829730145,2545018854.5461454,2355747320.130404,368.47485927730224,1179179231.0276165,27301884.491356526,1151877346.53626,0.32818627648992255,15.08733787900723,1682325432.2510207,53773316.636305586,0.6634860760509754
152561700.49910057,93624666.66666667,charging,93624666.66666667,58937033.832433894,0.0,417.6289752813128,0.0,0.0,0.41288320032952136,11,239,646.8238828165563,20.52,95304972.42600743,637.5028080805355,665.913023375767,1445.0192143444747,11210.6168295856,2545018854.5133314,2355274414.415421,368.4409090020813,1179129218.5704417,26778966.319198314,1152350252.2512434,0.32836993686946947,15.174556165477862,1673851935.7006474,53275142.29824888,0.6672064070620632
189198020.89603466,93624666.66666667,charging,93624666.66666667,95573354.22936799,0.0,677.2346586781149,0.0,0.0,0.49842863089938855,12,239,798.2159442434676,21.47,95707850.77996553,790.5933744178017,665.9140185610228,1445.0192143061458,11210.616829231196,2545018854.4328747,2355638760.244597,368.4670655517358,1179167751.0112789,27181844.58920721,1151985906.4220717,0.32822843250786954,15.10727523144121,1668222689.7406094,53363875.11517106,0.6691420169851147
194597144.52636534,93624666.66666667,charging,93624666.66666667,100972477.85969867,0.0,715.492954396948,0.0,0.0,0.5888066882968978,13,239,792.1361163335504,22.16,95767223.28292055,813.1544527503704,665.9141645160298,1445.0192142005553,11210.616829733346,2545018854.546872,2355692454.693946,368.4709203670794,1179173429.147726,27241217.175004832,1151932211.9727213,0.3282075814974538,15.09740783639435,1664134079.5170026,53297757.67509221,0.6707295084595999
179196917.55694127,93624666.66666667,charging,93624666.66666667,85572250.8902746,0.0,606.3666446707733,0.0,0.0,0.6654003697289954,14,239,685.2924348233955,22.65,95597871.72073239,748.8022076851443,665.9137477224637,1445.019214198637,11210.616829622119,2545018854.521621,2355539299.5073643,368.4599251282708,1179157232.7727501,27071865.613447446,1152085367.1593027,0.3282670577283098,15.12558553888119,1661230573.706036,53133137.283716165,0.6720192219270497
222430859.0638662,93624666.66666667,charging,93624666.66666667,128806192.39719953,0.0,912.723200384864,0.0,0.0,0.7806917213565572,15,239,772.6443762800027,22.84,96073302.08606108,929.4619605909318,665.9149140919842,1445.0192143476202,11210.616829609588,2545018854.5187764,2355969262.9276876,368.4907932455588,1179202699.7174926,27547295.978482146,1151655403.7390103,0.32810010066016954,15.046732632067227,1660104724.514028,53370043.63264673,0.6721169317156981
224378518.0095989,93624666.66666667,charging,93624666.66666667,130753851.34293224,0.0,926.5243497948671,0.0,0.0,0.8977263760674877,16,239,734.7142853763509,22.71,96094719.89277245,937.6005566017642,665.9149663650838,1445.0192143427032,11210.61682961382,2545018854.5197372,2355988632.6373587,368.4921838730694,1179204747.8145452,27568713.78523909,1151636034.0293062,0.32809258038041966,15.043198726944972,1660875042.3822439,53400704.49518376,0.6717915925293956
153739147.5630858,93624666.66666667,charging,93624666.66666667,60114480.89641912,0.0,425.97238822228667,0.0,0.0,0.9515334145797766,17,239,513.3159360017673,22.16,95317920.44944009,642.4229538786036,665.9130554903493,1445.01921433954,11210.616829503651,2545018854.494727,2355286123.9616528,368.4417496228456,1179130457.0475469,26791914.34253461,1152338542.7050123,0.3283653886101695,15.172384993514253,1664134079.5170026,53047634.77799166,0.6710638327395165
26950231.131814443,93624666.66666667,direct_plus_discharge,93624666.66666667,0.0,66674435.53485223,0.0,472.45635518489036,0.0,0.8918547170827378,18,239,142.53321040220257,21.1,94761272.13971676,112.61573493704252,657.2737194282594,1445.0192142005553,11210.616829733306,2545018854.546863,2354782722.7891335,368.40561165872714,1179077209.9093258,26235266.03178864,1152841943.8775373,0.3285609519893355,15.26626128229637,1670415132.9039924,52338300.548266865,0.6691856893109391
0.0,93624666.66666667,discharging,93624666.66666667,0.0,93624666.66666667,0.0,663.4262204681396,0.0,0.8080535102867623,19,239,0.0,19.51,94807171.5559232,1.0,654.15,1445.0192143110764,11210.61682922707,2545018854.431938,2354824231.175819,368.40859138925936,1179081600.8560314,26281165.365183562,1152800435.4908478,0.32854482424568726,15.258478854649868,1679836712.9844775,52391415.49453594,0.6655015101868058
0.0,93624666.66666667,discharging,93624666.66666667,0.0,93624666.66666667,0.0,663.4262204681396,0.0,0.7242523034907867,20,239,0.0,18.72,94807171.55592336,1.0,654.15,1445.0192143358536,11210.616829592802,2545018854.514966,2354824231.2498484,368.40859138905864,1179081600.8658948,26281165.449078962,1152800435.4168158,0.3285448242245883,15.258478853966913,1684517875.414404,52505911.65830454,0.6636641616517839
0.0,93624666.66666667,discharging,93624666.66666667,0.0,93624666.66666667,0.0,663.4262204681396,0.0,0.6404510966948112,21,239,0.0,17.71,94807171.55592336,1.0,654.15,1445.0192142091648,11210.616829726065,2545018854.545219,2354824231.276821,368.4085913889854,1179081600.8378656,26281165.44802057,1152800435.3898451,0.3285448242169018,15.258478853718145,1690502652.698234,52652292.829704806,0.66132987107506
0.0,93624666.66666667,discharging,93624666.66666667,0.0,93624666.66666667,0.0,663.4262204681396,0.0,0.5566498898988356,22,239,0.0,16.84,94807171.55592336,1.0,654.15,1445.0192143476208,11210.616829523566,2545018854.499248,2354824231.2358336,368.4085913890967,1179081600.8791456,26281165.44831236,1152800435.4308333,0.3285448242285833,15.258478854096227,1695657856.8932161,52778383.54170305,0.6593322700426737
0.0,93624666.66666667,discharging,93624666.66666667,0.0,93624666.66666667,0.0,663.4262204681396,0.0,0.47284868310286,23,239,0.0,16.56,94807171.55592336,1.0,654.15,1445.0192141620785,11210.616829411558,2545018854.47382,2354824231.213162,368.4085913891581,1179081600.8190515,26281165.365545183,1152800435.4535062,0.328544824235045,15.258478854305388,1697317003.0709114,52818964.46050709,0.6586919284217334
0.0,93624666.66666667,discharging,93624666.66666667,0.0,93624666.66666667,0.0,663.4262204681396,0.0,0.3890474763068844,0,240,0.0,16.38,94807171.55592336,1.0,654.15,1445.0192143110737,11210.616829227061,2545018854.4319363,2354824231.175817,368.40859138925936,1179081600.8560305,26281165.36518135,1152800435.490849,0.3285448242456876,15.258478854649852,1698383597.042287,52845052.194023974,0.6582809366404386
0.0,93624666.66666667,discharging,93624666.66666667,0.0,93624666.66666667,0.0,663.4262204681396,0.0,0.3052462695109089,1,240,0.0,15.9,94807171.55592336,1.0,654.15,1445.0192143427264,11210.616829613966,2545018854.5197706,2354824231.254129,368.40859138904705,1179081600.8609672,26281165.44842979,1152800435.4125373,0.32854482422336895,15.258478853927492,1701227847.6326222,52914619.48340232,0.6571874616933765
0.0,93624666.66666667,discharging,93624666.66666667,0.0,93624666.66666667,0.0,663.4262204681396,0.0,0.22144506271493333,2,240,0.0,15.45,94807171.55592336,1.0,654.15,1445.0192141584084,11210.616829414794,2545018854.474555,2354824231.2138214,368.4085913891563,1179081600.8184195,26281165.36557503,1152800435.4528444,0.32854482423485637,15.258478854299218,1703894332.5610614,52979838.81719451,0.6561656231467506
0.0,93624666.66666667,discharging,93624666.66666667,0.0,93624666.66666667,0.0,663.4262204681396,0.0,0.1376438559189578,3,240,0.0,15.01,94807171.55592336,1.0,654.15,1445.0192142054843,11210.616829643142,2545018854.5263944,2354824231.260037,368.40859138903096,1179081600.8545787,26281165.447948348,1152800435.4066303,0.32854482422168546,15.258478853872969,1706501562.2688682,53043608.83245798,0.6551695599181889
0.0,93624666.66666667,discharging,93624666.66666667,0.0,93624666.66666667,0.0,663.4262204681396,0.0,0.05384264912298227,4,240,0.0,14.63,94807171.55592336,1.0,654.15,1445.0192143426955,11210.616829613771,2545018854.5197268,2354824231.2540913,368.40859138904705,1179081600.8609486,26281165.448375702,1152800435.4125729,0.3285448242233791,15.2584788539278,1708753260.6528835,53098682.93654918,0.6543117539513365
0.0,93624666.66666667,discharging,60154265.90290579,0.0,60154265.90290579,0.0,426.254305556943,0.0,0.0,5,240,0.0,14.29,60914971.36572163,1.0,654.15,1445.0192143444701,11210.61682949951,2545018854.493787,2324191386.3548117,366.2129073932803,1175822245.570679,25859366.022590894,1149962879.548088,0.33093266713692454,23.64798470570956,1710767938.1543708,34148328.59363109,0.659036139133067
62472502.38386269,93624666.66666667,direct_partial,62472502.38386269,0.0,0.0,0.0,0.0,0.0,0.0,6,240,251.3616735525493,14.03,63162124.92357721,261.05107354755273,665.7914904392317,1445.0192143427053,11210.616829613817,2545018854.519737,2326221362.245517,366.35819445163645,1176039423.2371929,25788283.09884595,1150251140.138347,0.3308016994357511,22.81464962162584,1712308573.8908029,35918011.26933627,0.6579531222681773
174951776.9669102,93624666.66666667,charging,93624666.66666667,81327110.30024353,0.0,576.2854953618285,0.0,1.4901161193847656e-08,0.07279395730886254,7,240,583.6294855751008,14.29,95551189.21455534,731.0632270760665,665.9136325723312,1445.0192141639982,11210.616829436745,2545018854.4795384,2355497081.720416,368.45689428047797,1179152767.9697318,27025183.02348185,1152127584.94625,0.3282834535900012,15.133370405526541,1710767938.1543708,54306750.77028227,0.6527358826091192
206040811.18802595,93624666.66666667,charging,93624666.66666667,112416144.52135928,0.0,796.5830003425615,0.0,0.0,0.17341496787844926,8,240,696.9614461346141,17.1,95893065.76758958,860.973594826523,665.9144732776195,1445.019214300552,11210.616829209195,2545018854.4278803,2355806262.3289127,368.47909089749305,1179185463.9152973,27367059.577544384,1151818404.3377528,0.32816338924156313,15.076533874311265,1694117221.1567845,54096463.56723566,0.6588544720833617
207312658.33370495,93624666.66666667,charging,93624666.66666667,113687991.66703828,0.0,805.5953341100623,0.0,0.0,0.2751743785028782,9,240,747.2461916851703,18.97,95907051.8797036,866.2882060570419,665.9145075434167,1445.0192143024692,11210.616829320428,2545018854.453132,2355818910.952909,368.4799989761594,1179186801.402787,27381045.689029664,1151805755.7137573,0.3281584778995548,15.074217327204025,1683036494.8986044,53835032.60736121,0.663149655845689
203696488.5297884,93624666.66666667,charging,93624666.66666667,110071821.86312173,0.0,779.9710841020512,0.0,0.0,0.3736970417578741,10,240,793.8924662870717,20.8,95867285.97192831,851.1774777618599,665.9144100913103,1445.019214165248,11210.616829349723,2545018854.4597826,2355782947.9331207,368.477417092035,1179182998.514353,27341279.780804504,1151841718.7335486,0.32817244211402957,15.080805602527485,1672192789.5229518,53549251.87564821,0.6674472146486371
185005891.93769306,93624666.66666667,charging,93624666.66666667,91381225.27102639,0.0,647.5291508288914,0.0,0.0,0.4554901976520499,11,240,772.4850433031744,22.56,95661751.22640756,773.075911161719,665.9139051101619,1445.01921429931,11210.616829296356,2545018854.447667,2355597069.5575957,368.46407251325127,1179163342.1455147,27135745.0364454,1152027597.1090693,0.32824462263536014,15.114945177574592,1661763870.6917236,53181580.384380646,0.6717575747882758
179942052.25792107,93624666.66666667,charging,93624666.66666667,86317385.5912544,0.0,611.64668374606,0.0,0.0,0.5327508313883943,12,240,766.9098982964833,24.11,95606065.73799595,751.9158689954131,665.9137679227903,1445.019214160316,11210.616829439856,2545018854.480244,2355546709.81118,368.4604571242236,1179158016.4024038,27080059.546915025,1152077956.8554888,0.32826417987547873,15.124219873011503,1652579311.4937668,52928078.78192534,0.6755045234188387
197340247.87382725,93624666.66666667,charging,93624666.66666667,103715581.20716059,0.0,734.9306384064344,0.0,-1.4901161193847656e-08,0.6255841751871017,13,240,806.5426929627857,25.31,95797388.34724227,824.6169369855413,665.9142386014499,1445.0192143061497,11210.616829231263,2545018854.43289,2355719734.8268695,368.4728788727873,1179176313.9962988,27271382.156502903,1151904931.8397958,0.3281969881407388,15.092399248971898,1645468685.017929,52861396.18980461,0.6782573921205244
211280874.6833371,93624666.66666667,charging,93624666.66666667,117656208.01667042,0.0,833.7141928314427,0.0,0.0,0.7308954416500208,14,240,800.0399377340522,26.09,95950689.1351316,882.870015631041,665.9146143900842,1445.0192142993064,11210.616829296272,2545018854.447648,2355858375.1511807,368.4828322293593,1179190974.4606345,27424682.945147723,1151766291.5154867,0.3281431545692989,15.066993943768761,1640846777.808635,52833623.37874396,0.68003756240435
226386716.15069103,93624666.66666667,charging,93624666.66666667,132762049.48402436,0.0,940.7544811280901,0.0,0.0,0.8497275866346217,15,240,787.5428072262483,26.37,96116803.43043809,945.9921250618698,665.9150202386553,1445.0192142091553,11210.616829639961,2545018854.525672,2356008604.4353614,368.49361772916404,1179206859.553754,27590797.322453734,1151616062.2313004,0.32808482643820447,15.039556626026163,1639187631.630939,52884703.10453277,0.6805950541182608
226176561.3386532,93624666.66666667,charging,93624666.66666667,132551894.67198654,0.0,939.2653200167365,0.0,0.0,0.9683716270577885,16,240,740.8449564918305,26.1,96114492.42257306,945.1139604742472,665.9150146020269,1445.0192142042245,11210.61682973014,2545018854.546144,2356006514.435906,368.49346767812943,1179206638.545397,27588486.314635552,1151618152.2307615,0.3280856378664589,15.039937687657156,1640787522.5880024,52922401.49991339,0.6799382443548723
183973196.4336155,93624666.66666667,charging,93624666.66666667,35335957.406113595,0.0,250.3912857925024,0.0,55012572.36083524,0.9999999999999992,17,240,602.5738237149125,25.22,95045438.64315799,538.882037295464,665.9123778211003,1445.0192143042382,11210.616829292167,2545018854.4467163,2355039705.661047,368.4240596355105,1179104393.458817,26519432.453199062,1152584961.0056179,0.32846111033868164,15.218200486372785,1646001982.0036168,52459193.857094385,0.6786054208283769
79148934.05765454,93624666.66666667,direct_plus_discharge,93624666.66666667,0.0,14475732.609012127,0.0,102.57532459363611,0.0,0.9870431168934346,18,240,296.7089972095202,23.83,94677468.69870096,330.7361385804256,664.0768980227895,1445.0192143513013,11210.616829520415,2545018854.498533,2354706936.4468384,368.4001712901005,1179069192.8109145,26151462.591088362,1152917730.2198262,0.32859039923308214,15.280489951910045,1654238457.6714623,52337018.76307424,0.6755738296606488
0.0,93624666.66666667,discharging,93624666.66666667,0.0,93624666.66666667,0.0,663.4262204681396,0.0,0.903241910097459,19,240,0.0,21.99,94807171.55592327,1.0,654.15,1445.0192143024599,11210.616829320319,2545018854.4531074,2354824231.1946955,368.40859138920825,1179081600.8371902,26281165.36521958,1152800435.4719706,0.3285448242403073,15.258478854475694,1665141418.2677464,52031984.499414526,0.6713360651954402
0.0,93624666.66666667,discharging,93624666.66666667,0.0,93624666.66666667,0.0,663.4262204681396,0.0,0.8194407033014834,20,240,0.0,20.82,94807171.5559233,1.0,654.15,1445.0192141571672,11210.616829329812,2545018854.4552627,2354824231.196617,368.408591389203,1179081600.8355575,26281165.36550728,1152800435.47005,0.32854482423975995,15.25847885445798,1672074279.081688,52201554.76727426,0.6685707778533011
0.0,93624666.66666667,discharging,93624666.66666667,0.0,93624666.66666667,0.0,663.4262204681396,0.0,0.7356394965055079,21,240,0.0,19.95,94807171.5559233,1.0,654.15,1445.0192143476363,11210.61682960969,2545018854.5188,2354824231.253268,368.40859138904943,1179081600.861804,26281165.448406026,1152800435.413398,0.32854482422361425,15.25847885393539,1677229483.2766702,52327645.47927251,0.6665292613043655
0.0,93624666.66666667,discharging,93624666.66666667,0.0,93624666.66666667,0.0,663.4262204681396,0.0,0.6518382897095324,22,240,0.0,19.47,94807171.5559233,1.0,654.15,1445.0192143426843,11210.616829613698,2545018854.51971,2354824231.254081,368.40859138904716,1179081600.86094,26281165.448353626,1152800435.4125865,0.328544824223383,15.258478853927889,1680073733.8670053,52397212.76865085,0.6654082353595877
0.0,93624666.66666667,discharging,93624666.66666667,0.0,93624666.66666667,0.0,663.4262204681396,0.0,0.5680370829135568,23,240,0.0,18.66,94807171.5559233,1.0,654.15,1445.0192141584043,11210.616829328726,2545018854.455016,2354824231.1963983,368.40859138920365,1179081600.8357673,26281165.36549902,1152800435.4702682,0.3285448242398221,15.258478854459982,1684873406.7381954,52514607.569476806,0.6635250306648657
0.0,93624666.66666667,discharging,93624666.66666667,0.0,93624666.66666667,0.0,663.4262204681396,0.0,0.48423587611758123,0,241,0.0,18.03,94807171.5559233,1.0,654.15,1445.0192143073932,11210.616829316237,2545018854.452181,2354824231.193869,368.4085913892104,1179081600.8380475,26281165.365249455,1152800435.472798,0.3285448242405431,15.258478854483332,1688606485.6380107,52605914.63678589,0.6620676692233894
0.0,93624666.66666667,discharging,93624666.66666667,0.0,93624666.66666667,0.0,663.4262204681396,0.0,0.40043466932160565,1,241,0.0,17.56,94807171.5559233,1.0,654.15,1445.0192142005485,11210.616829647219,2545018854.5273194,2354824231.260862,368.4085913890288,1179081600.8537214,26281165.447916042,1152800435.4058053,0.32854482422145037,15.258478853865377,1691391481.0077133,52674032.607635505,0.660984593988167
0.0,93624666.66666667,discharging,93624666.66666667,0.0,93624666.66666667,0.0,663.4262204681396,0.0,0.31663346252563007,2,241,0.0,17.24,94807171.5559233,1.0,654.15,1445.0192143444729,11210.616829585595,2545018854.51333,2354824231.2483907,368.40859138906256,1179081600.8673868,26281165.449111454,1152800435.4182754,0.3285448242250043,15.258478853980382,1693287648.067937,52720410.8005544,0.6602492065044379
0.0,93624666.66666667,discharging,93624666.66666667,0.0,93624666.66666667,0.0,663.4262204681396,0.0,0.23283225572965455,3,241,0.0,16.96,94807171.5559233,1.0,654.15,1445.0192143476283,11210.61682960961,2545018854.5187817,2354824231.253251,368.40859138904943,1179081600.861799,26281165.448382847,1152800435.4134161,0.3285448242236194,15.258478853935559,1694946794.2456324,52760991.71935844,0.6596070834443879
0.0,93624666.66666667,discharging,93624666.66666667,0.0,93624666.66666667,0.0,663.4262204681396,0.0,0.14903104893367902,4,241,0.0,16.68,94807171.5559233,1.0,654.15,1445.0192142042317,11210.616829644157,2545018854.5266247,2354824231.260243,368.4085913890305,1179081600.8543591,26281165.44793477,1152800435.4064243,0.3285448242216268,15.258478853871074,1696605940.4233277,52801572.63816246,0.658966208158673
0.0,93624666.66666667,discharging,93624666.66666667,0.0,93624666.66666667,0.0,663.4262204681396,0.0,0.06522984213770347,5,241,0.0,16.37,94807171.5559233,1.0,654.15,1445.0192141973837,11210.616829709164,2545018854.5413823,2354824231.2734046,368.40859138899475,1179081600.8419535,26281165.448690858,1152800435.3932626,0.32854482421787573,15.258478853749631,1698442852.2629192,52846501.51255265,0.6582581187443569
72702824.19539642,93624666.66666667,direct_plus_discharge,93624666.66666667,0.0,20921842.47127025,0.0,148.25258524403776,0.0,0.046503199791088176,6,241,281.2328898620014,15.1,94687817.73339728,303.80006533962285,663.181506035225,1445.019214307399,11210.616829230225,2545018854.432654,2354716295.3606505,368.40084312809404,1179070182.8486803,26161811.542663056,1152908371.3060172,0.3285867626863403,15.278731466143809,1705968265.2831805,53532020.69553167,0.6552476180273642
168958699.41627747,93624666.66666667,charging,93624666.66666667,75334032.7496108,0.0,533.8184305385761,0.0,0.0,0.11393289628017148,7,241,564.3500972724893,17.06,95485285.18291336,706.0202198529313,665.9134698179015,1445.0192143476277,11210.616829609628,2545018854.5187855,2355437480.953395,368.4526155088001,1179146464.7886503,26959279.075375766,1152187185.7132745,0.32830660113544907,15.144373647144652,1694354242.0393124,53872093.876675054,0.6590606502387365
196000057.27323115,93624666.66666667,charging,93624666.66666667,102375390.60656448,0.0,725.4340215797391,0.0,0.0,0.2055666674270859,8,241,665.2598632459452,19.93,95782650.68316202,819.0167419926426,665.914202411552,1445.0192143395502,11210.616829589755,2545018854.514274,2355706406.6655107,368.4719220100132,1179174904.5774982,27256644.576343358,1151918260.001155,0.32820216368011834,15.094845886739058,1677347993.7179341,53627100.973363325,0.6654736186175967
214497778.01024348,93624666.66666667,charging,93624666.66666667,120873111.3435768,0.0,856.5092327687194,0.0,0.0,0.31375730735576624,9,241,771.6614266822957,22.16,95986064.43219277,896.3123468158581,665.9147009360544,1445.019214160327,11210.616829353898,2545018854.46073,2355890367.543815,368.4851290656985,1179194357.3639188,27460058.24106519,1151734299.1228535,0.3281307327096663,15.061143002124453,1664134079.5170026,53419584.59982639,0.6705667037862707
201679903.47902954,93624666.66666667,charging,93624666.66666667,108055236.81236286,0.0,765.681522962777,0.0,0.0,0.4104749734142223,10,241,788.6274380217541,23.97,95845110.20599014,842.7508632944918,665.9143557113513,1445.0192143061417,11210.616829317225,2545018854.452405,2355762892.8873534,368.475977289625,1179180877.794611,27319104.015296146,1151861773.7793148,0.3281802295007009,15.084481979263199,1653408884.5826142,53080603.17868149,0.6749890825817015
191223687.28042758,93624666.66666667,charging,93624666.66666667,97599020.6137609,0.0,691.5885703252644,0.0,0.0,0.4978335296658346,11,241,799.4328965253436,25.66,95730126.41053581,799.05793665105,665.9140733422194,1445.0192143005518,11210.616829209212,2545018854.427884,2355658905.50392,368.468511814889,1179169881.383241,27204120.220494237,1151965761.1627467,0.3282206094691625,15.103571705828541,1643394752.2958097,52773955.00967735,0.6791575367480664
185330195.82971886,93624666.66666667,charging,93624666.66666667,91705529.16305219,0.0,649.8271745552219,0.0,0.0,0.5799169622412311,12,241,792.0033372922225,26.94,95665317.49662177,774.4310654446191,665.9139138906345,1445.0192141652394,11210.616829435698,2545018854.4793,2355600294.784053,368.46430405462104,1179163683.1881635,27139311.3055493,1152024371.8826141,0.32824337014115396,15.114351565059438,1635810084.0549164,52554331.934190534,0.6823315872881124
207678190.43316677,93624666.66666667,charging,93624666.66666667,114053523.7665001,0.0,808.1855017212233,0.0,0.0,0.682003551932333,13,241,850.2457895993972,27.87,95911071.52384242,867.8156388208886,665.9145173896487,1445.0192143061547,11210.61682931735,2545018854.4524336,2355822546.193535,368.4802599605679,1179187185.8063154,27385065.33318408,1151802120.4731314,0.3281570663763489,15.073551670714886,1630299348.536142,52555430.52763694,0.684433460808729
217668329.3707343,93624666.66666667,charging,93624666.66666667,124043662.70406763,0.0,878.9758217647519,0.0,0.0,0.7930320767868279,14,241,826.5237773616437,28.36,96020930.01092277,909.5609890954258,665.9147861727434,1445.0192141534794,11210.616829332872,2545018854.455957,2355921898.9821625,368.48739281652763,1179197691.5049906,27494923.820486203,1151702767.6845043,0.328118490074337,15.05538058376631,1627395842.7251751,52544991.03382497,0.685561505822487
219472210.54544815,93624666.66666667,charging,93624666.66666667,125847543.87878148,0.0,891.7581590752261,0.0,0.0,0.9056752126700144,15,241,768.0180655306063,28.4,96040766.73771644,917.0987873145214,665.914834640493,1445.0192143061472,11210.616829317285,2545018854.4524183,2355939838.7692065,368.48868077880394,1179199588.4445,27514760.547038175,1151684827.897462,0.328111524746721,15.05210393018527,1627158821.8426473,52550080.38682055,0.6856454867678783
219313348.9393017,93624666.66666667,charging,93624666.66666667,105381856.77533874,0.0,746.7378996957118,0.0,20306825.49729629,0.999999999999999,16,241,721.1281879062215,28.01,95815711.86747946,831.579728762733,665.9142835813096,1445.0192143476374,11210.616829523635,2545018854.499264,2355736306.053205,368.4740685540104,1179178066.3733518,27289705.75988982,1151888360.613462,0.32819055334405944,15.089358362010698,1629469775.4472945,52483018.009611875,0.6848517777041729
181657061.93057466,93624666.66666667,charging,93624666.66666667,0.0,0.0,0.0,0.0,88032395.26390798,0.999999999999999,17,241,595.198637889787,27.2,94656859.98124932,391.2252400854433,665.910794735496,1445.019214153458,11210.616829418805,2545018854.4754653,2354688299.2944603,368.3988334174596,1179067221.1630538,26130853.790897567,1152936367.3721561,0.3285976410295983,15.283992887292818,1634269448.318485,51963171.69727897,0.6837350634109888
68440472.32030113,93624666.66666667,direct_plus_discharge,93624666.66666667,0.0,25184194.34636554,0.0,178.45569405581554,0.0,0.9774582281192643,18,241,263.8575522275488,25.9,94694660.81059802,285.98916469738333,662.5985066826928,1445.0192141603154,11210.616829439883,2545018854.4802504,2354722483.824652,368.40128736678366,1179070837.4615397,26168654.61952556,1152902182.842014,0.32858435808593967,15.27756891546722,1641972627.0006425,51956203.01179323,0.6806083953559904
0.0,93624666.66666667,discharging,93624666.66666667,0.0,93624666.66666667,0.0,663.4262204681396,0.0,0.8936570213232887,19,241,0.0,24.08,94807171.5559232,1.0,654.15,1445.0192143024676,11210.61682923437,2545018854.433595,2354824231.177301,368.40859138925543,1179081600.8545413,26281165.36517602,1152800435.4893653,0.32854482424526477,15.258478854636143,1652757077.1556628,51729076.926912956,0.6763331181823825
0.0,93624666.66666667,discharging,93624666.66666667,0.0,93624666.66666667,0.0,663.4262204681396,0.0,0.8098558145273131,20,241,0.0,22.74,94807171.55592336,1.0,654.15,1445.0192143444888,11210.61682958569,2545018854.5133514,2354824231.2484083,368.40859138906245,1179081600.8673966,26281165.449138604,1152800435.418258,0.3285448242249993,15.258478853980227,1660697276.720348,51923285.60976091,0.6731207488539162
0.0,93624666.66666667,discharging,93624666.66666667,0.0,93624666.66666667,0.0,663.4262204681396,0.0,0.7260546077313376,21,241,0.0,21.22,94807171.55592336,1.0,654.15,1445.0192143513088,11210.61682952045,2545018854.498541,2354824231.2352047,368.4085913890983,1179081600.8797812,26281165.448320474,1152800435.4314609,0.32854482422876213,15.258478854101998,1669704070.256409,52143582.026125655,0.6695136087697845
0.0,93624666.66666667,discharging,93624666.66666667,0.0,93624666.66666667,0.0,663.4262204681396,0.0,0.6422534009353621,22,241,0.0,21.25,94807171.55592336,1.0,654.15,1445.0192142005565,11210.616829733319,2545018854.546866,2354824231.2782907,368.40859138898156,1179081600.8363776,26281165.448000666,1152800435.388377,0.32854482421648334,15.258478853704595,1669526304.5945127,52139234.070539534,0.6695844282753299
0.0,93624666.66666667,discharging,93624666.66666667,0.0,93624666.66666667,0.0,663.4262204681396,0.0,0.5584521941393865,23,241,0.0,20.29,94807171.55592336,1.0,654.15,1445.0192143042252,11210.616829292063,2545018854.4466925,2354824231.188979,368.4085913892237,1179081600.8436217,26281165.365933694,1152800435.477688,0.32854482424193676,15.258478854528395,1675214805.775183,52278368.6492962,0.6673256094697727
0.0,93624666.66666667,discharging,93624666.66666667,0.0,93624666.66666667,0.0,663.4262204681396,0.0,0.47465098734341094,0,242,0.0,19.56,94807171.55592336,1.0,654.15,1445.0192143463692,11210.616829524579,2545018854.499478,2354824231.236042,368.40859138909605,1179081600.8789234,26281165.44829965,1152800435.4306238,0.32854482422852355,15.258478854094255,1679540436.8813176,52384168.90189244,0.665618140409354
0.0,93624666.66666667,discharging,93624666.66666667,0.0,93624666.66666667,0.0,663.4262204681396,0.0,0.39084978054743535,1,242,0.0,18.89,94807171.55592336,1.0,654.15,1445.0192142054857,11210.616829729195,2545018854.5459294,2354824231.277454,368.4085913889837,1179081600.8372333,26281165.44801973,1152800435.3892136,0.32854482421672176,15.258478853712337,1683510536.6636603,52481273.24331638,0.6640586832324897
0.0,93624666.66666667,discharging,93624666.66666667,0.0,93624666.66666667,0.0,663.4262204681396,0.0,0.3070485737514598,2,242,0.0,18.31,94807171.55592336,1.0,654.15,1445.019214339536,11210.616829503668,2545018854.494731,2354824231.2318077,368.40859138910764,1179081600.8838792,26281165.449020132,1152800435.434859,0.3285448242297306,15.258478854133351,1686947339.4603148,52565333.71798188,0.6627145942711389
0.0,93624666.66666667,discharging,93624666.66666667,0.0,93624666.66666667,0.0,663.4262204681396,0.0,0.22324736695548425,3,242,0.0,17.75,94807171.55592336,1.0,654.15,1445.019214168938,11210.616829432658,2545018854.4786105,2354824231.2174354,368.4085913891465,1179081600.8141108,26281165.36487923,1152800435.4492316,0.32854482423382675,15.25847885426592,1690265631.8157058,52646495.55558994,0.6614220059320572
0.0,93624666.66666667,discharging,93624666.66666667,0.0,93624666.66666667,0.0,663.4262204681396,0.0,0.13944616015950873,4,242,0.0,17.16,94807171.55592336,1.0,654.15,1445.0192143110742,11210.616829313101,2545018854.451469,2354824231.193233,368.4085913892121,1179081600.838684,26281165.365249857,1152800435.4734342,0.3285448242407244,15.258478854489212,1693761689.8329926,52732005.34878415,0.6600656152689115
0.0,93624666.66666667,discharging,93624666.66666667,0.0,93624666.66666667,0.0,663.4262204681396,0.0,0.05564495336353318,5,242,0.0,16.31,94807171.55592336,1.0,654.15,1445.0192142956262,11210.61682921336,2545018854.428826,2354824231.1730475,368.40859138926703,1179081600.8594894,26281165.365870003,1152800435.4936194,0.32854482424647713,15.258478854675365,1698798383.586711,52855197.42372498,0.6581212449716399
52475970.17774046,93624666.66666667,direct_plus_discharge,93624666.66666667,0.0,41148696.48892621,0.0,291.580468703108,0.0,0.018813736264193217,6,242,220.19701286871518,15.79,94720291.33661914,219.2790080054018,660.4766006342065,1445.0192142042197,11210.616829730106,2545018854.546137,2354745662.429997,368.40295125197844,1179073289.4653435,26194285.22867356,1152879004.23667,0.328575351840739,15.273216112700645,1701879655.0595737,53282818.83188117,0.656850303824333
168411209.42055002,93624666.66666667,charging,93624666.66666667,74786542.75388335,0.0,529.9389057131071,0.0,0.0,0.08575338751216464,7,242,562.3266553048254,17.64,95479264.60371886,703.7324477021855,665.913454938501,1445.0192142091598,11210.61682963998,2545018854.5256763,2355432036.210249,368.452224628678,1179145888.9521544,26953258.495735053,1152192630.4564192,0.32830871579078036,15.145379591370375,1690917439.242658,53785535.263650894,0.660394718924836
186169967.55704674,93624666.66666667,charging,93624666.66666667,92545300.89038007,0.0,655.7778134514936,0.0,0.0,0.16858847973761648,8,242,635.1209418612048,20.23,95674552.20817418,777.9401822974515,665.9139366242772,1445.019214335863,11210.616829592864,2545018854.5149803,2355608646.337192,368.46490362213456,1179164566.4308214,27148546.101347733,1152016020.3294737,0.3282401268814689,15.112814635619634,1675570337.0989747,53523459.42713923,0.6662542093690723
191926083.3530224,93624666.66666667,charging,93624666.66666667,98301416.68635572,0.0,696.5657626433135,0.0,0.0,0.25657573396624556,9,242,698.4788887736407,22.18,95737850.44424015,801.9930079513766,665.9140923315595,1445.0192143513025,11210.616829606462,2545018854.518067,2355665890.920684,368.4690133046171,1179170620.082678,27211844.336695757,1151958775.7459824,0.3282178968438269,15.10228791675588,1664015569.0757387,53278530.69520013,0.6707987734306176
196727043.04852986,93624666.66666667,charging,93624666.66666667,103102376.38186319,0.0,730.5854570124299,0.0,0.0,0.34886021274676304,10,242,774.2625367807528,23.76,95790645.12227,822.0545651925119,665.9142220441246,1445.0192143061483,11210.616829231218,2545018854.43288,2355713636.486517,368.47244105967184,1179175669.1116679,27264638.931518987,1151911030.1801488,0.3281993562154531,15.093518616098956,1654653244.215886,53080639.085833944,0.6745260730864299
185912781.37103403,93624666.66666667,charging,93624666.66666667,92288114.70436735,0.0,653.9553871036326,0.0,0.0,0.4314651037493272,11,242,784.3006640057805,24.94,95671724.01074177,776.8654897943774,665.9139296623994,1445.0192141937132,11210.616829712337,2545018854.5421023,2355606088.647095,368.46472000007066,1179164295.9230924,27145717.90352036,1152018578.019572,0.3282411201418809,15.113285299590563,1647661128.1813123,52845192.02211033,0.6774562166177437
176233353.74355316,93624666.66666667,charging,93624666.66666667,82608687.07688649,0.0,585.366773484773,0.0,0.0,0.5054061698737196,12,242,762.8755427365118,25.8,95565282.32043083,736.4184950837505,665.9136673471373,1445.019214351307,11210.616829520453,2545018854.498542,2355509826.9592066,368.45780926941575,1179154115.9202878,27039276.212827444,1152114839.7074604,0.32827850375409257,15.131019410075494,1642565179.2069619,52662962.46941055,0.6796222947125926
185184637.22940496,93624666.66666667,charging,93624666.66666667,91559970.56273828,0.0,648.7957434644528,0.0,0.0,0.5873593164165978,13,242,771.6422974928282,26.76,95663716.83343671,773.8228261805259,665.9139099497409,1445.019214347619,11210.61682960959,2545018854.518777,2355598847.240695,368.464200130848,1179163530.1518617,27137710.725889575,1152025819.425972,0.3282439322891531,15.114617992604849,1636876678.026292,52579310.74604714,0.6818915834931595
220030889.0074442,93624666.66666667,charging,93624666.66666667,126406222.34077753,0.0,895.7169655916604,0.0,0.0,0.7005025120702812,14,242,840.5746288606725,27.74,96046910.35303262,919.4333122127811,665.9148496473463,1445.0192141937123,11210.616829712364,2545018854.5421085,2355945394.968253,368.4890796728572,1179200175.9442332,27520904.245817587,1151679271.6984155,0.32810936751343367,15.051089394385365,1631069666.404358,52648636.72776575,0.6840094744803886
31050574.609646417,93624666.66666667,direct_plus_discharge,93624666.66666667,0.0,62574092.057020254,0.0,443.4012410470287,0.0,0.6444939342538144,15,242,164.25686699612945,27.19,94754689.16206902,129.74965827862198,657.773268185337,1445.0192143110828,11210.616829227143,2545018854.431955,2354776769.4688454,368.4051843019944,1179076580.1691685,26228682.971381374,1152847897.197787,0.32856326512615236,15.267378071399946,1634328703.5391169,51489593.54417111,0.6838506256530626
92550106.60615894,93624666.66666667,direct_plus_discharge,93624666.66666667,0.0,1074560.0605077296,0.0,7.61435362057711,0.0,0.6435321211648994,16,242,338.45854568529336,26.23,94655953.5209285,386.73502364328385,665.9930573933135,1445.0192141689256,11210.616829432576,2545018854.4785914,2354687479.556061,368.3987745721121,1179067134.4404666,26129947.329857953,1152937187.1106086,0.32859795955589166,15.28414699648746,1640017204.7197871,52105811.217628144,0.6813554193469176
0.0,93624666.66666667,discharging,93624666.66666667,0.0,93624666.66666667,0.0,663.4262204681396,0.0,0.5597309143689239,17,242,58.437596625885206,25.38,94807171.55592127,1.0,654.15,1445.0192143042316,11210.616829206083,2545018854.4271736,2354824231.1715684,368.4085913892708,1179081600.8609803,26281165.36588286,1152800435.4950974,0.32854482424689857,15.258478854689383,1645053898.4735053,51540665.518178895,0.6794790340379446
50045582.14538731,93624666.66666667,direct_plus_discharge,93624666.66666667,0.0,43579084.521279365,0.0,308.8022458691154,0.0,0.5207243148907198,18,242,209.42571977814768,24.58,94724193.25120103,209.12325338099922,660.1618402192623,1445.0192143024697,11210.616829320385,2545018854.453122,2354749190.9813333,368.403204557569,1179073662.745851,26198187.060515698,1152875475.6853354,0.32857398079416306,15.27255366244444,1649794316.1240637,52004011.110238224,0.6774454159670875
0.0,93624666.66666667,discharging,93624666.66666667,0.0,93624666.66666667,0.0,663.4262204681396,0.0,0.4369231080947443,19,242,0.0,21.85,94807171.55592336,1.0,654.15,1445.0192142091717,11210.616829726112,2545018854.54523,2354824231.2768307,368.4085913889854,1179081600.8378713,26281165.448034037,1152800435.3898373,0.3285448242168995,15.258478853718074,1665970991.356594,52052274.958816595,0.6710039718275826
0.0,93624666.66666667,discharging,93624666.66666667,0.0,93624666.66666667,0.0,663.4262204681396,0.0,0.3531219012987687,20,242,0.0,20.41,94807171.55592336,1.0,654.15,1445.0192141571597,11210.61682932979,2545018854.4552574,2354824231.196613,368.408591389203,1179081600.8355541,26281165.3655,1152800435.4700541,0.3285448242397611,15.258478854458009,1674503743.127599,52260976.82695162,0.6676071280286503
0.0,93624666.66666667,discharging,93624666.66666667,0.0,93624666.66666667,0.0,663.4262204681396,0.0,0.26932069450279317,21,242,0.0,19.58,94807171.55592336,1.0,654.15,1445.019214302461,11210.616829320365,2545018854.4531174,2354824231.194705,368.40859138920825,1179081600.8371928,26281165.36523127,1152800435.4719615,0.3285448242403047,15.258478854475598,1679421926.4400537,52381270.26483501,0.6656648039831553
0.0,93624666.66666667,discharging,93624666.66666667,0.0,93624666.66666667,0.0,663.4262204681396,0.0,0.18551948770681762,22,242,0.0,18.86,94807171.55592336,1.0,654.15,1445.0192143073946,11210.616829230177,2545018854.4326434,2354824231.1764464,368.40859138925777,1179081600.8553982,26281165.36517742,1152800435.4902208,0.3285448242455085,15.258478854644077,1683688302.3255558,52485621.19890253,0.663989027752484
0.0,93624666.66666667,discharging,93624666.66666667,0.0,93624666.66666667,0.0,663.4262204681396,0.0,0.10171828091084209,23,242,0.0,18.4,94807171.55592336,1.0,654.15,1445.0192142956262,11210.616829299408,2545018854.44836,2354824231.1904626,368.40859138921985,1179081600.8421443,26281165.365939613,1152800435.4762046,0.328544824241514,15.258478854514752,1686414042.4746273,52552289.85122344,0.6629228030736772
0.0,93624666.66666667,discharging,93624666.66666667,0.0,93624666.66666667,0.0,663.4262204681396,0.0,0.017917074114866555,0,243,0.0,17.88,94807171.55592336,1.0,654.15,1445.0192141603152,11210.616829439856,2545018854.480244,2354824231.2188916,368.40859138914254,1179081600.8126185,26281165.364841886,1152800435.4477766,0.328544824233412,15.258478854252502,1689495313.94749,52627654.41471664,0.6617216214832067
0.0,93624666.66666667,shutdown,0.0,0.0,0.0,0.0,0.0,0.0,0.017917074114866555,1,243,0.0,17.32,0.0,1.0,567.279923475184,1445.0192143463746,11210.616829524592,2545018854.4994807,2259509895.6344066,362.89907080586624,1179588764.9246047,25103923.82723718,1154484841.0973675,0.3381619335376003,,1692813606.302881,0.0,0.6819917070602782
0.0,93624666.66666667,shutdown,0.0,0.0,0.0,0.0,0.0,0.0,0.017917074114866555,2,243,0.0,16.93,0.0,1.0,567.279923475184,1445.019214340792,11210.616829588716,2545018854.514038,2259509895.6473675,362.89907080586624,1179588764.9124842,25103923.828040417,1154484841.0844438,0.3381619335338148,,1695124559.9075282,0.0,0.6810619516641437
0.0,93624666.66666667,shutdown,0.0,0.0,0.0,0.0,0.0,0.0,0.017917074114866555,3,243,0.0,16.41,0.0,1.0,567.279923475184,1445.0192142042388,11210.616829644208,2545018854.526636,2259509895.658552,362.89907080586624,1179588764.900143,25103923.826883327,1154484841.0732596,0.33816193353053886,,1698205831.3803911,0.0,0.6798262140784392
0.0,93624666.66666667,shutdown,0.0,0.0,0.0,0.0,0.0,0.0,0.017917074114866555,4,243,0.0,15.91,0.0,1.0,567.279923475184,1445.0192143024658,11210.61682932041,2545018854.453128,2259509895.5932903,362.89907080586624,1179588764.8826966,25103923.744176976,1154484841.1385198,0.3381619335496543,,1701168592.4119902,0.0,0.6786422264601308
0.0,93624666.66666667,shutdown,0.0,0.0,0.0,0.0,0.0,0.0,0.017917074114866555,5,243,0.0,15.42,0.0,1.0,567.279923475184,1445.0192141937086,11210.61682971229,2545018854.542092,2259509895.6722736,362.89907080586624,1179588764.8871586,25103923.827622462,1154484841.0595362,0.3381619335265191,,1704072098.222957,0.0,0.6774859128692137
46766492.03677662,93624666.66666667,direct_plus_discharge,66783865.959927596,0.0,20017373.92315098,0.0,141.84350340936024,0.0,-2.0423740671392075e-18,6,243,203.1601117214117,14.95,67550404.89480269,195.42106505096845,662.2049195769683,1445.0192143476206,11210.616829523551,2545018854.4992447,2330185977.959737,366.642037584094,1176463087.4941776,25865199.493928198,1150597888.0002494,0.330484340075213,21.343945514945517,1706857093.5926602,38161810.70763634,0.659361274061158
162966584.93788344,93624666.66666667,charging,93624666.66666667,69341918.27121677,0.0,491.3581900640568,0.0,0.0,0.06206629769230191,7,243,546.3520183012969,16.27,95419391.74187727,680.9812369770242,665.913306865387,1445.0192143024583,11210.616829320305,2545018854.453104,2355377889.798045,368.44833745793755,1179140162.4197907,26893385.551169697,1152246776.868621,0.3283297458206359,15.155390314475149,1699035404.469239,53948107.00673577,0.6573061123081836
196264778.28287366,93624666.66666667,charging,93624666.66666667,102640111.61620699,0.0,727.3098398353161,0.0,0.0,0.15393701430307868,8,243,667.6822497206181,18.92,95785561.73873463,820.1229199288672,665.9142095608382,1445.019214202326,11210.616829619066,2545018854.5209284,2355709039.3289633,368.47211101404747,1179175182.9691753,27259555.63147195,1151915627.3377035,0.32820114137316375,15.094362555023391,1683332771.0017643,53774010.37766352,0.6631230962226587
202346205.60596234,93624666.66666667,charging,93624666.66666667,108721538.93929566,0.0,770.4029528754165,0.0,0.0,0.25125107150839443,9,243,735.3728990094438,21.33,95852437.32566641,845.5351104257186,665.9143736818713,1445.0192142042306,11210.616829730183,2545018854.546154,2355769519.3773136,368.4764530157171,1179181578.507095,27326431.21774518,1151855147.28935,0.32817765642791713,15.083267074622887,1669052262.8294573,53464666.676422246,0.6687046887950011
198578423.7497617,93624666.66666667,charging,93624666.66666667,104953757.08309503,0.0,743.7043768974946,0.0,0.0,0.3451926770112359,10,243,784.6513629077735,23.39,95811004.18675505,829.7908475753122,665.9142720267178,1445.0192143513084,11210.616829606515,2545018854.5180793,2355732048.6030545,368.4737629006561,1179177616.1428375,27284998.07922627,1151892618.0636113,0.3281922065574331,15.090139515705893,1656845687.3792691,53145159.08469903,0.673625019950002
179799829.5241854,93624666.66666667,charging,93624666.66666667,86175162.85751872,0.0,610.6388906711555,0.0,0.0,0.42232601056969765,11,243,765.5607504792046,25.04,95604501.75831056,751.3215691689641,665.9137640674516,1445.0192143395343,11210.616829503628,2545018854.494722,2355545295.4234076,368.460355582905,1179157866.8946562,27078495.65139755,1152079371.2432587,0.32826472916423133,15.12448051746407,1647068575.9749925,52793693.636280246,0.6777486575466599
125337188.8122975,93624666.66666667,charging,93624666.66666667,31712522.14563082,0.0,224.71555261705993,0.0,0.0,0.45071113300553683,12,243,568.3481502095847,26.38,95005592.83938761,523.7409491593272,665.9122783985594,1445.0192143476343,11210.616829609657,2545018854.518792,2355003671.452551,368.42147282454465,1179100581.9459767,26479586.731862035,1152620995.2141147,0.3284751091779955,15.224922239237875,1639128376.4103074,52271698.08133095,0.6814597046535797
43102193.94520567,93624666.66666667,direct_plus_discharge,93624666.66666667,0.0,50522472.721461,0.0,358.00323055501985,0.0,0.40548967230385013,13,243,239.07803625843,27.25,94735340.65124547,180.10922521581668,659.2742210167871,1445.019214165254,11210.616829349723,2545018854.4597826,2354759271.963306,368.4039282276076,1179074729.163487,26209334.460128073,1152865394.703359,0.32857006379095527,15.270661403216103,1633973172.215325,51568938.22807307,0.6839730598009719
157249921.91856444,93624666.66666667,charging,93624666.66666667,63625255.25189777,0.0,450.8498040198151,0.0,0.0,0.4624391212326689,14,243,623.0558921870888,27.88,95356527.35586946,657.0932708902311,665.9131511942194,1445.0192143444747,11210.61682958559,2545018854.5133286,2355321038.2164383,368.44425609519783,1179134149.6992848,26830521.24905568,1152303628.4502292,0.32835182731303575,15.165914744970856,1630240093.3155103,52250042.105565,0.6848798719178482
147339741.44003156,93624666.66666667,charging,93624666.66666667,53715074.77336489,0.0,380.62607118199236,0.0,0.0,0.510518203908289,15,243,540.1247552261415,27.77,95247548.14738534,615.6820394803736,665.9128808431219,1445.0192143426946,11210.616829613782,2545018854.5197287,2355222482.755066,368.4371808778602,1179123725.9514399,26721542.03983823,1152402183.9116015,0.3283901087342732,15.184192392420984,1630891900.7424622,52206043.75086135,0.6846911005280316
43384409.15017867,93624666.66666667,direct_plus_discharge,93624666.66666667,0.0,50240257.516488,0.0,356.00344808892606,0.0,0.4655493473075825,16,243,191.01043188489547,27.8,94734887.56323047,181.28850536977885,659.3099670037689,1445.0192142005449,11210.616829647237,2545018854.5273237,2354758862.280429,368.40389881373045,1179074685.841464,26208881.45525637,1152865804.3862076,0.32857022298052774,15.270738305182586,1630714135.0805662,51492003.57996554,0.6853296857566962
197311164.1118961,93624666.66666667,charging,93624666.66666667,103686497.44522943,0.0,734.7245503001484,0.0,0.0,0.5583566589244433,17,243,642.7838858902203,26.82,95797068.52205367,824.4954059601265,665.9142378162035,1445.0192143444813,11210.616829585664,2545018854.5133457,2355719445.6596913,368.4728581074945,1179176283.4222353,27271062.415261567,1151905221.0069737,0.32819710043579,15.092452335349341,1636521146.7025003,52643994.12797258,0.6819375993282948
93892941.56068723,93624666.66666667,charging,93624666.66666667,268274.8940205574,0.0,1.9010011498381738,0.0,0.0,0.5585967853854755,18,243,339.361790745553,25.28,94659810.11784577,392.34626848061794,665.9114121011963,1445.019214163992,11210.61682935066,2545018854.4599953,2354690967.1841435,368.39902493369027,1179067503.409213,26133803.926689975,1152933699.4825232,0.3285966043666683,15.283491348942581,1645646450.679825,52237760.247380786,0.6790414164066654
0.0,93624666.66666667,discharging,93624666.66666667,0.0,93624666.66666667,0.0,663.4262204681396,0.0,0.47479557858950006,19,243,0.0,23.38,94807171.55592327,1.0,654.15,1445.0192143024678,11210.616829320423,2545018854.4531307,2354824231.1947174,368.40859138920814,1179081600.8371952,26281165.36524673,1152800435.4719484,0.32854482424030096,15.25847885447548,1656904942.5999014,51830529.22392307,0.6746511993699663
0.0,93624666.66666667,discharging,93624666.66666667,0.0,93624666.66666667,0.0,663.4262204681396,0.0,0.3909943717935245,20,243,0.0,22.36,94807171.5559233,1.0,654.15,1445.0192143407796,11210.616829588584,2545018854.514008,2354824231.248996,368.408591389061,1179081600.866743,26281165.449071318,1152800435.4176717,0.3285448242248322,15.258478853974813,1662948975.1043632,51978359.71385207,0.6722153248200864
0.0,93624666.66666667,discharging,93624666.66666667,0.0,93624666.66666667,0.0,663.4262204681396,0.0,0.3071931649975489,21,243,0.0,21.48,94807171.5559233,1.0,654.15,1445.0192141603,11210.616829353741,2545018854.460695,2354824231.201462,368.40859138918984,1179081600.8299575,26281165.364753507,1152800435.465204,0.32854482423837883,15.25847885441326,1668163434.519977,52105899.74437902,0.6701278762015365
0.0,93624666.66666667,discharging,93624666.66666667,0.0,93624666.66666667,0.0,663.4262204681396,0.0,0.22339195820157337,22,243,0.0,20.6,94807171.5559233,1.0,654.15,1445.0192142042301,11210.616829730174,2545018854.546152,2354824231.277651,368.40859138898315,1179081600.8370125,26281165.447997533,1152800435.389015,0.32854482421666514,15.258478853710523,1673377893.9355915,52233439.774905995,0.6680533517997965
0.0,93624666.66666667,discharging,93624666.66666667,0.0,93624666.66666667,0.0,663.4262204681396,0.0,0.13959075140559785,23,243,0.0,19.6,94807171.5559233,1.0,654.15,1445.0192143407778,11210.616829502562,2545018854.49448,2354824231.2315836,368.4085913891082,1179081600.884092,26281165.44900899,1152800435.4350832,0.3285448242297945,15.25847885413543,1679303415.9987895,52378371.62777755,0.6657114740550021
0.0,93624666.66666667,discharging,93624666.66666667,0.0,93624666.66666667,0.0,663.4262204681396,0.0,0.055789544609622314,0,244,0.0,19.09,94807171.5559233,1.0,654.15,1445.0192143110705,11210.616829313063,2545018854.45146,2354824231.193225,368.4085913892121,1179081600.8386796,26281165.365238596,1152800435.473441,0.3285448242407263,15.258478854489281,1682325432.2510207,52452286.87274204,0.6645234272755827
0.0,93624666.66666667,discharging,62329383.03952757,0.0,62329383.03952757,0.0,441.66722815951,0.0,0.0,1,244,0.0,18.85,63117499.681765616,1.0,654.15,1445.0192143427096,11210.616829613848,2545018854.5197434,2326181048.3390064,366.3553088383054,1176035111.9018815,25886777.201377645,1150148334.7005038,0.33077637865437914,22.829082900631647,1683747557.546188,34943059.71069543,0.6692003337611735
0.0,93624666.66666667,shutdown,0.0,0.0,0.0,0.0,0.0,0.0,0.0,2,244,0.0,18.38,0.0,1.0,567.279923475184,1445.0192141534822,11210.616829332897,2545018854.455963,2259509895.595793,362.89907080586624,1179588764.8804293,25103923.744427193,1154484841.136002,0.3381619335489168,,1686532552.915891,0.0,0.6845316084412261
0.0,93624666.66666667,shutdown,0.0,0.0,0.0,0.0,0.0,0.0,0.0,3,244,0.0,17.79,0.0,1.0,567.279923475184,1445.0192143061572,11210.61682931734,2545018854.4524307,2259509895.5926714,362.89907080586624,1179588764.8833344,25103923.74419481,1154484841.1391397,0.33816193354983587,,1690028610.9331777,0.0,0.6831155600979273
0.0,93624666.66666667,shutdown,0.0,0.0,0.0,0.0,0.0,0.0,0.0,4,244,0.0,17.32,0.0,1.0,567.279923475184,1445.0192143476272,11210.6168295236,2545018854.4992557,2259509895.6342435,362.89907080586624,1179588764.9248235,25103923.82725673,1154484841.0975668,0.3381619335376587,,1692813606.302881,0.0,0.6819917070603959
0.0,93624666.66666667,shutdown,0.0,0.0,0.0,0.0,0.0,0.0,0.0,5,244,0.0,16.83,0.0,1.0,567.279923475184,1445.0192141973953,11210.616829709259,2545018854.541404,2259509895.671663,362.89907080586624,1179588764.8877954,25103923.82764848,1154484841.060147,0.33816193352669804,,1695717112.113848,0.0,0.680823961032621
24258671.09710968,93624666.66666667,direct_partial,24258671.09710968,0.0,0.0,0.0,0.0,0.0,0.0,6,244,135.68730688241658,16.47,24528067.88051339,101.36863245569764,665.2264546440091,1445.0192143073828,11210.61682931616,2545018854.452163,2291342938.7134943,363.86666273686706,1172283789.6430137,25368057.259374913,1146915732.3836389,0.33354845728817634,58.460809678957375,1697850300.056599,13849269.751001474,0.670044996571773
133098295.97806013,93624666.66666667,charging,93624666.66666667,39473629.311393455,0.0,279.7109098978702,0.0,0.0,0.03533190440815202,7,244,456.3774036804013,17.69,95090939.34924325,556.171943280403,665.9124912519975,1445.0192141640075,11210.616829350773,2545018854.4600205,2355080853.9739156,368.42701358030615,1179108745.8508818,26564933.158120006,1152543812.692762,0.3284451251373097,15.210531671880613,1690621163.139498,53559583.25718865,0.6607937939194714
186558616.44395676,93624666.66666667,charging,93624666.66666667,92933949.77729009,0.0,658.5317870709656,0.0,0.0,0.11851486698553715,8,244,637.4691425498951,20.7,95678826.06051922,779.5642121552203,665.9139471439936,1445.0192143395448,11210.616829589755,2545018854.514274,2355612511.4466605,368.4651811040484,1179164975.173704,27152819.95369826,1152012155.2200058,0.3282386259010188,15.11210344058964,1672785341.7292717,53458321.206302546,0.6673519966821743
126670208.9002908,93624666.66666667,charging,93624666.66666667,33045542.23362413,0.0,234.16135905110696,0.0,0.0,0.14809314391830855,9,244,484.79995596110433,22.72,95020251.65147929,529.3111810493979,665.9123149846395,1445.0192143110796,11210.61682922707,2545018854.431938,2355016927.9634356,368.42242448123494,1179101984.1639712,26494245.46080589,1152607738.7031653,0.3284699591462044,15.22244872893846,1660815787.1616118,52802017.77368762,0.6726165749349715
32339817.617059454,93624666.66666667,direct_plus_discharge,93624666.66666667,0.0,61284849.04960722,0.0,434.26563986280007,0.0,0.09323853677774434,10,244,189.311784644432,24.74,94752619.32139128,135.13696082464236,657.931487792134,1445.019214165248,11210.616829435752,2545018854.479313,2354774897.6817307,368.40504993100353,1179076382.1152713,26226613.13033612,1152849768.9849353,0.3285639924104714,15.267729247140746,1648846232.593952,51851712.01815718,0.6778686201375249
177464855.31794256,93624666.66666667,charging,93624666.66666667,83840188.65127589,0.0,594.0932177444523,0.0,0.0,0.16828189059809623,11,244,760.9837336283263,26.15,95578824.76469958,741.5645160658217,665.9137007535445,1445.0192141986468,11210.616829708228,2545018854.5411696,2355522074.228986,368.45868850824286,1179155411.0951834,27052818.657501776,1152102592.4376817,0.3282737473534092,15.128760928239846,1640491246.484843,52620191.80715068,0.6804647150691508
204722532.4651743,93624666.66666667,charging,93624666.66666667,111097865.7985076,0.0,787.2416515104334,0.0,1.4901161193847656e-08,0.2677229413152036,12,244,886.9111888419293,27.09,95878569.06169313,855.4649620248342,665.914437750348,1445.0192143463732,11210.616829524597,2545018854.499482,2355793152.0323153,368.478149668744,1179184077.5884268,27352562.954074677,1151831514.6343522,0.3281684798976607,15.078935704448256,1634921255.745437,52649919.93924408,0.6825380352725161
161683399.29527593,93624666.66666667,charging,93624666.66666667,68058732.62860925,0.0,482.2655114853979,0.0,0.0,0.3286406901344117,13,244,692.9654543567667,27.74,95405280.94379827,675.6192460725264,665.9132719406126,1445.0192143426889,11210.616829613717,2545018854.519714,2355365128.6959534,368.44742133576506,1179138812.8069477,26879274.83623343,1152259537.9707143,0.32833470224357575,15.15775146391315,1631069666.404358,52296821.94053703,0.6844971347288902
158734884.11515293,93624666.66666667,charging,93624666.66666667,65110217.44848625,0.0,461.3722752092534,0.0,0.0,0.3869192933187385,14,244,632.5464049938739,28.27,95372857.02869102,663.2984165271871,665.9131916510943,1445.0192143444729,11210.616829499513,2545018854.493788,2355335805.9866495,368.4453162683992,1179135711.6018178,26846850.921800125,1152288860.6800177,0.32834609134568715,15.163179581936404,1627929139.710863,52203136.22122247,0.6858322271326901
203454921.93656936,93624666.66666667,charging,93624666.66666667,109830255.26990269,0.0,778.2593384944406,0.0,0.0,0.48522573607593095,15,244,726.6225128505704,28.61,95864629.538374,850.1680541580866,665.9144035784608,1445.019214168927,11210.616829432587,2545018854.4785943,2355780545.5572987,368.4772446179536,1179182744.4566758,27338623.347289313,1151844121.1093864,0.3281733749546004,15.081245905642557,1625914462.2093756,52423444.82447209,0.6863004859045686
160075666.8428357,93624666.66666667,charging,93624666.66666667,66451000.17616902,0.0,470.8730878600742,0.0,0.0,0.5447044419108877,16,244,545.4091030730305,28.19,95387601.20421048,668.9010858152677,665.9132281680179,1445.01921435131,11210.616829606513,2545018854.518079,2355349139.9535203,368.4462735078173,1179137121.8098269,26861595.096681766,1152275526.713145,0.3283409123340362,15.160710788172162,1628403181.4759188,52222668.40064662,0.6856228748342617
164793944.73041627,93624666.66666667,charging,93624666.66666667,71169278.0637496,0.0,504.30689731993135,0.0,0.0,0.608406365782879,17,244,545.6839920315533,27.32,95439486.65581353,688.6171442545524,665.9133565832993,1445.0192142993014,11210.61682921025,2545018854.4281197,2355396062.7084928,368.44964209219995,1179142084.4239385,26913480.465764616,1152228603.958174,0.3283226875229999,15.152029051675967,1633558385.6709013,52375772.32725868,0.6834363005767107
50462440.16377318,93624666.66666667,direct_plus_discharge,93624666.66666667,0.0,43162226.50289349,0.0,305.8483817918824,0.0,0.5697728859775886,18,244,209.80953755849595,26.17,94723523.99819769,210.86515948471,660.2156762372855,1445.0192142091644,11210.616829726066,2545018854.5452194,2354748585.835125,368.40316111062174,1179073598.7218363,26197517.890339643,1152876080.8314967,0.32857421593531316,15.272667280833366,1640372736.0435786,51779004.16381796,0.681307741757365
0.0,93624666.66666667,discharging,93624666.66666667,0.0,93624666.66666667,0.0,663.4262204681396,0.0,0.48597167918161305,19,244,0.0,24.12,94807171.55592237,1.0,654.15,1445.0192143513075,11210.616829520486,2545018854.498549,2354824231.2352123,368.4085913890983,1179081600.8797815,26281165.44832843,1152800435.431453,0.32854482422875997,15.258478854102071,1652520056.2731347,51723279.65279764,0.6764294811251969
0.0,93624666.66666667,discharging,93624666.66666667,0.0,93624666.66666667,0.0,663.4262204681396,0.0,0.40217047238563747,20,244,0.0,22.48,94807171.5559233,1.0,654.15,1445.019214157159,11210.616829415781,2545018854.474779,2354824231.2140183,368.4085913891558,1179081600.8182025,26281165.365555037,1152800435.4526474,0.32854482423480025,15.258478854297445,1662237912.4567792,51960967.89150748,0.672500984960639
0.0,93624666.66666667,discharging,93624666.66666667,0.0,93624666.66666667,0.0,663.4262204681396,0.0,0.3183692655896619,21,244,0.0,21.09,94807171.5559233,1.0,654.15,1445.0192143463648,11210.616829610573,2545018854.5190005,2354824231.2534447,368.408591389049,1179081600.8615785,26281165.44835579,1152800435.4132228,0.32854482422356435,15.258478853933802,1670474388.1246247,52162423.166998945,0.6692068971571897
0.0,93624666.66666667,discharging,93624666.66666667,0.0,93624666.66666667,0.0,663.4262204681396,0.0,0.23456805879368636,22,244,0.0,19.71,94807171.5559233,1.0,654.15,1445.0192143513113,11210.616829520466,2545018854.4985447,2354824231.235208,368.4085913890983,1179081600.879783,26281165.448323794,1152800435.4314592,0.32854482422876163,15.258478854101995,1678651608.571838,52362429.12396168,0.665968276586586
0.0,93624666.66666667,discharging,93624666.66666667,0.0,93624666.66666667,0.0,663.4262204681396,0.0,0.15076685199771084,23,244,0.0,18.66,94807171.5559233,1.0,654.15,1445.0192141534753,11210.616829418928,2545018854.4754934,2354824231.214658,368.4085913891541,1179081600.8175669,26281165.36555773,1152800435.4520092,0.32854482423461834,15.258478854291535,1684873406.7381954,52514607.569476806,0.6635250306543562
0.0,93624666.66666667,discharging,93624666.66666667,0.0,93624666.66666667,0.0,663.4262204681396,0.0,0.0669656452017353,0,245,0.0,17.67,94807171.5559233,1.0,654.15,1445.0192141639882,11210.616829350663,2545018854.459996,2354824231.200836,368.40859138919154,1179081600.8306,26281165.364769142,1152800435.4658308,0.32854482423855746,15.258478854419074,1690739673.5807617,52658090.10381963,0.661237761960556
0.0,93624666.66666667,discharging,74815583.80650702,0.0,74815583.80650702,0.0,530.1446911804044,0.0,8.16949626855683e-18,1,245,0.0,16.92,75761053.57872729,1.0,654.15,1445.0192143476302,11210.616829609664,2545018854.518794,2337605502.024219,367.17355253233563,1177254212.1136389,26044130.331361257,1151210081.7822776,0.32988220801012125,19.04930583506863,1695183815.1281602,42166298.84115728,0.6626241150392607
0.0,93624666.66666667,shutdown,0.0,0.0,0.0,0.0,0.0,0.0,8.16949626855683e-18,2,245,0.0,16.92,0.0,1.0,567.279923475184,1445.0192142993099,11210.616829296323,2545018854.44766,2259509895.588435,362.89907080586624,1179588764.8882604,25103923.74488527,1154484841.1433752,0.3381619335510765,,1695183815.1281602,0.0,0.6810381451501135
0.0,93624666.66666667,shutdown,0.0,0.0,0.0,0.0,0.0,0.0,8.16949626855683e-18,3,245,0.0,16.83,0.0,1.0,567.279923475184,1445.0192143024603,11210.61682923428,2545018854.433575,2259509895.5759306,362.89907080586624,1179588764.8999655,25103923.744085725,1154484841.1558797,0.3381619335547392,,1695717112.113848,0.0,0.6808239610890766
0.0,93624666.66666667,shutdown,0.0,0.0,0.0,0.0,0.0,0.0,8.16949626855683e-18,4,245,0.0,16.56,0.0,1.0,567.279923475184,1445.0192141652426,11210.616829435683,2545018854.479297,2259509895.6165233,362.89907080586624,1179588764.8590684,25103923.743781257,1154484841.115287,0.3381619335428492,,1697317003.0709114,0.0,0.6801822164195066
0.0,93624666.66666667,shutdown,0.0,0.0,0.0,0.0,0.0,0.0,8.16949626855683e-18,5,245,0.0,16.06,0.0,1.0,567.279923475184,1445.019214344472,11210.616829499528,2545018854.493791,2259509895.6293917,362.89907080586624,1179588764.9303873,25103923.82796988,1154484841.1024175,0.33816193353907953,,1700279764.1025105,0.0,0.6789969894817928
0.0,93624666.66666667,shutdown,0.0,0.0,0.0,0.0,0.0,0.0,8.16949626855683e-18,6,245,51.095291679195526,15.82,0.0,1.0,567.279923475184,1445.0192143110758,11210.61682931313,2545018854.4514756,2259509895.591823,362.89907080586624,1179588764.8841772,25103923.744188935,1154484841.1399882,0.3381619335500844,,1701701889.3976781,0.0,0.6784295465221709
0.0,93624666.66666667,shutdown,0.0,0.0,0.0,0.0,0.0,0.0,8.16949626855683e-18,7,245,0.0,15.94,0.0,1.0,567.279923475184,1445.019214160309,11210.616829439847,2545018854.4802423,2259509895.6173625,362.89907080586624,1179588764.8582215,25103923.743772134,1154484841.1144495,0.3381619335426038,,1700990826.7500944,0.0,0.6787131493943463
0.0,93624666.66666667,shutdown,0.0,0.0,0.0,0.0,0.0,0.0,8.16949626855683e-18,8,245,0.0,17.23,0.0,1.0,567.279923475184,1445.0192143005593,11210.616829209279,2545018854.427899,2259509895.5708914,362.89907080586624,1179588764.9057515,25103923.744833,1154484841.1609185,0.33816193355621516,,1693346903.2885687,0.0,0.6817769229204295
199725713.653941,93624666.66666667,charging,93624666.66666667,106101046.98727433,0.0,751.8340956138328,0.0,0.0,0.09496851734069467,9,245,731.5306608803058,18.8,95823620.5811718,834.5849769878974,665.9143029900075,1445.019214200554,11210.616829733293,2545018854.5468597,2355743458.4698625,368.4745820395012,1179178822.6701279,27297614.473241962,1151881208.1968858,0.32818777600173316,15.088046227424009,1684043833.649348,53812650.246010065,0.6628172227518899
199540027.57001618,93624666.66666667,charging,93624666.66666667,105915360.90334949,0.0,750.5183203888018,0.0,1.4901161193847656e-08,0.18977083149506963,10,245,796.5072389865691,21.03,95821578.64838398,833.8090587886616,665.9142979792261,1445.0192143110712,11210.616829227043,2545018854.431932,2355741611.7119436,368.47444946405506,1179178627.4123597,27295572.457637012,1151883054.9547226,0.3281884931023495,15.088384984563225,1670829919.4484167,53490617.90415174,0.6680214206131673
183747159.17261803,93624666.66666667,charging,93624666.66666667,90122492.50595136,0.0,638.6097458190313,0.0,0.0,0.27043732570378937,11,245,791.9640943605307,23.01,95647909.32910495,767.8161004114904,665.9138710239968,1445.0192143407874,11210.616829588638,2545018854.514021,2355584551.538283,368.46317382356824,1179162018.3506536,27121903.22226871,1152040115.1283848,0.3282494839627961,15.117249605641423,1659097385.7632844,53109247.71007564,0.6728394182140104
173607462.76238927,93624666.66666667,charging,93624666.66666667,79982796.09572259,0.0,566.7596585970126,0.0,1.4901161193847656e-08,0.34202801942130673,12,245,770.7434784833978,24.19,95536406.20447084,725.4458009624232,665.9135960841838,1445.0192142054811,11210.616829729164,2545018854.5459228,2355483712.6432,368.455934501211,1179151354.1200256,27010400.096558187,1152140954.0234675,0.32828864575577854,15.135837234535959,1652105269.728711,52878026.51695623,0.6757491152907213
145952360.9846051,93624666.66666667,charging,93624666.66666667,52327694.317938425,0.0,370.7950661203461,0.0,7.450580596923828e-09,0.3888652909312452,13,245,639.0649439171543,24.84,95232291.55096388,609.8846543351049,665.9128429459334,1445.0192141640061,11210.616829350793,2545018854.4600253,2355208685.4099183,368.43619038677366,1179122266.6165943,26706285.359857842,1152415981.2567365,0.3283954681573408,15.186754518410964,1648253680.3876324,52616698.74496089,0.6775448590294362
126109948.90633254,93624666.66666667,charging,93624666.66666667,32485282.239665866,0.0,230.19134576823384,0.0,0.0,0.4179420925019695,14,245,521.1856406331805,25.36,95014090.64460182,526.9700474737028,665.9122996091108,1445.0192143358452,11210.61682959274,2545018854.5149517,2355011356.375667,368.42202450557875,1179101394.8287377,26488084.537743807,1152613310.290994,0.3284721236554682,15.223488236475307,1645172408.9147692,52421911.141431645,0.6789686420798318
123597620.59280336,93624666.66666667,charging,93624666.66666667,29972953.926136687,0.0,212.38893816603758,0.0,0.0,0.4447701689018901,15,245,469.43433436892775,23.54,94986463.34239468,516.4718926323799,665.9122306374136,1445.0192143463705,11210.616829524564,2545018854.4994745,2354986371.8256655,368.42023093175453,1179098752.075769,26460457.234766856,1152638294.841002,0.32848182997636477,15.228151276626946,1655956859.0697894,52666270.811797045,0.6746006621839913
0.0,93624666.66666667,discharging,93624666.66666667,0.0,93624666.66666667,0.0,663.4262204681396,0.0,0.36096896210591456,16,245,4.138367276145273,22.36,94807171.55592327,1.0,654.15,1445.0192143513136,11210.61682960653,2545018854.518082,2354824231.2526264,368.4085913890511,1179081600.862439,26281165.4483965,1152800435.4140425,0.32854482422379794,15.25847885394136,1662948975.1043632,51978359.71385205,0.6722153248179701
0.0,93624666.66666667,discharging,93624666.66666667,0.0,93624666.66666667,0.0,663.4262204681396,0.0,0.27716775530993903,17,245,0.0,21.87,94807171.5559233,1.0,654.15,1445.01921415348,11210.616829418925,2545018854.475493,2354824231.214657,368.4085913891541,1179081600.817569,26281165.36555751,1152800435.4520116,0.328544824234619,15.258478854291559,1665852480.9153302,52049376.32175912,0.6710513936494991
0.0,93624666.66666667,discharging,93624666.66666667,0.0,93624666.66666667,0.0,663.4262204681396,0.0,0.19336654851396348,18,245,22.15208737249252,20.56,94807171.5559233,1.0,654.15,1445.0192143024565,11210.616829234275,2545018854.4335737,2354824231.177281,368.4085913892555,1179081600.8545344,26281165.365150183,1152800435.4893842,0.3285448242452701,15.258478854636305,1673614914.8181198,52239237.04902086,0.667959360437387
0.0,93624666.66666667,discharging,93624666.66666667,0.0,93624666.66666667,0.0,663.4262204681396,0.0,0.10956534171798796,19,245,0.0,17.67,94807171.5559233,1.0,654.15,1445.0192143476193,11210.61682960959,2545018854.518777,2354824231.253247,368.40859138904943,1179081600.8617976,26281165.448376007,1152800435.4134216,0.32854482422362097,15.25847885393562,1690739673.5807617,52658090.10381963,0.6612377619304944
0.0,93624666.66666667,discharging,93624666.66666667,0.0,93624666.66666667,0.0,663.4262204681396,0.0,0.025764134922012426,20,245,0.0,16.03,94807171.5559233,1.0,654.15,1445.019214162088,11210.616829325625,2545018854.454312,2354824231.195772,368.40859138920536,1179081600.8364024,26281165.36550847,1152800435.4708939,0.3285448242400004,15.258478854465729,1700457529.7644067,52895778.342528984,0.6574832523147043
0.0,93624666.66666667,discharging,28784293.642705407,0.0,28784293.642705407,0.0,203.96606813259837,0.0,0.0,21,245,0.0,14.98,29149669.620218437,1.0,654.15,1445.0192143073832,11210.616829316163,2545018854.4521637,2295512800.855315,364.163980173836,1172735529.2408383,25464036.453484666,1147271492.7873535,0.33320407268670904,49.21970735344578,1706679327.9307642,16310268.400813809,0.6658609519349463
0.0,93624666.66666667,shutdown,0.0,0.0,0.0,0.0,0.0,0.0,0.0,22,245,0.0,14.42,0.0,1.0,567.279923475184,1445.0192142042297,11210.61682973014,2545018854.546144,2259509895.6758714,362.89907080586624,1179588764.8828611,25103923.826921593,1154484841.0559394,0.3381619335254656,,1709997620.2861552,0.0,0.6751382735039977
0.0,93624666.66666667,shutdown,0.0,0.0,0.0,0.0,0.0,0.0,0.0,23,245,0.0,14.12,0.0,1.0,567.279923475184,1445.0192142993058,11210.616829210236,2545018854.4281163,2259509895.5710845,362.89907080586624,1179588764.9055314,25103923.74480418,1154484841.1607273,0.33816193355615914,,1711775276.9051147,0.0,0.6744371511475694
0.0,93624666.66666667,shutdown,0.0,0.0,0.0,0.0,0.0,0.0,0.0,0,246,0.0,13.96,0.0,1.0,567.279923475184,1445.0192143513204,11210.616829606575,2545018854.5180926,2259509895.650967,362.89907080586624,1179588764.9081888,25103923.827343512,1154484841.0808454,0.3381619335327608,,1712723360.4352264,0.0,0.6740638142446279
0.0,93624666.66666667,shutdown,0.0,0.0,0.0,0.0,0.0,0.0,0.0,1,246,0.0,13.74,0.0,1.0,567.279923475184,1445.0192141689283,11210.616829346593,2545018854.4590716,2259509895.598567,362.89907080586624,1179588764.8769794,25103923.743736997,1154484841.1332424,0.3381619335481085,,1714026975.2891297,0.0,0.6735511504645362
0.0,93624666.66666667,shutdown,0.0,0.0,0.0,0.0,0.0,0.0,0.0,2,246,0.0,13.68,0.0,1.0,567.279923475184,1445.0192141584014,11210.616829414741,2545018854.4745426,2259509895.612303,362.89907080586624,1179588764.8640013,25103923.74449093,1154484841.1195104,0.33816193354408625,,1714382506.6129217,0.0,0.6734114683661862
0.0,93624666.66666667,shutdown,0.0,0.0,0.0,0.0,0.0,0.0,0.0,3,246,0.0,13.57,0.0,1.0,567.279923475184,1445.0192143024508,11210.616829320286,2545018854.4530997,2259509895.593265,362.89907080586624,1179588764.8826869,25103923.744141873,1154484841.138545,0.3381619335496617,,1715034314.0398734,0.0,0.6731555349578294
0.0,93624666.66666667,shutdown,0.0,0.0,0.0,0.0,0.0,0.0,0.0,4,246,0.0,13.46,0.0,1.0,567.279923475184,1445.0192143024658,11210.616829234345,2545018854.4335895,2259509895.5759435,362.89907080586624,1179588764.8999689,25103923.744101185,1154484841.1558676,0.33816193355473567,,1715686121.4668255,0.0,0.672899796012129
0.0,93624666.66666667,shutdown,0.0,0.0,0.0,0.0,0.0,0.0,0.0,5,246,0.0,13.09,0.0,1.0,567.279923475184,1445.0192143444676,11210.61682958552,2545018854.513313,2259509895.6467233,362.89907080586624,1179588764.9131105,25103923.828024477,1154484841.085086,0.338161933534003,,1717878564.6302087,0.0,0.6720410073535092
0.0,93624666.66666667,shutdown,0.0,0.0,0.0,0.0,0.0,0.0,0.0,6,246,0.0,12.77,0.0,1.0,567.279923475184,1445.0192142054775,11210.616829643057,2545018854.526375,2259509895.65832,362.89907080586624,1179588764.9003491,25103923.82685938,1154484841.0734897,0.33816193353060625,,1719774731.690432,0.0,0.6713000370337472
23119002.27526456,93624666.66666667,charging_only,0.0,23119002.27526456,0.0,163.8217026190365,0.0,0.0,0.020693267699246714,7,246,132.2236013593005,13.15,0.0,96.60634892168326,619.3213104244816,1445.019214302453,11210.616829320292,2545018854.453101,2259509895.5932665,362.89907080586624,1179588764.8826876,25355524.671641726,1154233240.2110457,0.33808823673434263,,1717523033.3064167,0.0,0.6720336308905404
0.0,93624666.66666667,shutdown,0.0,0.0,0.0,0.0,0.0,0.0,0.020693267699246714,8,246,8.503475011097073,14.47,0.0,1.0,567.279923475184,1445.0192143358504,11210.616829592786,2545018854.514962,2259509895.6481876,362.89907080586624,1179588764.9116268,25103923.82800568,1154484841.083621,0.3381619335335738,,1709701344.182995,0.0,0.6752552690044868
0.0,93624666.66666667,shutdown,0.0,0.0,0.0,0.0,0.0,0.0,0.020693267699246714,9,246,0.0,15.75,0.0,1.0,567.279923475184,1445.0192142054782,11210.616829643108,2545018854.5263863,2259509895.65833,362.89907080586624,1179588764.9003515,25103923.826871533,1154484841.07348,0.33816193353060336,,1702116675.942102,0.0,0.6782642208910185
0.0,93624666.66666667,shutdown,0.0,0.0,0.0,0.0,0.0,0.0,0.020693267699246714,10,246,0.0,15.87,0.0,1.0,567.279923475184,1445.0192143427091,11210.61682961389,2545018854.519753,2259509895.652441,362.89907080586624,1179588764.9067094,25103923.827340167,1154484841.0793693,0.33816193353232843,,1701405613.2945182,0.0,0.678547685547999
0.0,93624666.66666667,shutdown,0.0,0.0,0.0,0.0,0.0,0.0,0.020693267699246714,11,246,0.0,15.98,0.0,1.0,567.279923475184,1445.0192141986463,11210.616829622155,2545018854.5216293,2259509895.654107,362.89907080586624,1179588764.9052856,25103923.827580754,1154484841.077705,0.33816193353184093,,1700753805.8675663,0.0,0.678807736366519
0.0,93624666.66666667,shutdown,0.0,0.0,0.0,0.0,0.0,0.0,0.020693267699246714,12,246,3.453364712291276,16.25,0.0,1.0,567.279923475184,1445.0192143426948,11210.616829613775,2545018854.519727,2259509895.652418,362.89907080586624,1179588764.9067006,25103923.82730837,1154484841.0793922,0.33816193353233515,,1699153914.910503,0.0,0.6794468888006538
0.0,93624666.66666667,shutdown,0.0,0.0,0.0,0.0,0.0,0.0,0.020693267699246714,13,246,18.977357622194443,17.5,0.0,1.0,567.279923475184,1445.0192143476313,11210.616829609626,2545018854.5187855,2259509895.651582,362.89907080586624,1179588764.9075518,25103923.827322144,1154484841.0802295,0.3381619335325804,,1691747012.3315053,0.0,0.6824216816491727
0.0,93624666.66666667,shutdown,0.0,0.0,0.0,0.0,0.0,0.0,0.020693267699246714,14,246,22.20493702648952,18.15,0.0,1.0,567.279923475184,1445.019214158395,11210.61682932866,2545018854.455001,2259509895.5949526,362.89907080586624,1179588764.8812704,25103923.744412925,1154484841.1368575,0.3381619335491674,,1687895422.9904265,0.0,0.6839788919454909
0.0,93624666.66666667,shutdown,0.0,0.0,0.0,0.0,0.0,0.0,0.020693267699246714,15,246,0.0,18.51,0.0,1.0,567.279923475184,1445.0192141602922,11210.616829439714,2545018854.4802117,2259509895.617336,362.89907080586624,1179588764.85821,25103923.74373416,1154484841.114476,0.3381619335426116,,1685762235.0476756,0.0,0.6848444087263739
0.0,93624666.66666667,shutdown,0.0,0.0,0.0,0.0,0.0,0.0,0.020693267699246714,16,246,0.0,19.53,0.0,1.0,567.279923475184,1445.0192143061383,11210.616829231176,2545018854.4328704,2259509895.575305,362.89907080586624,1179588764.9005964,25103923.74409231,1154484841.1565042,0.33816193355492213,,1679718202.5432136,0.0,0.687308644633684
0.0,93624666.66666667,shutdown,0.0,0.0,0.0,0.0,0.0,0.0,0.020693267699246714,17,246,0.0,19.92,0.0,1.0,567.279923475184,1445.0192142993076,11210.616829296301,2545018854.4476547,2259509895.588431,362.89907080586624,1179588764.888259,25103923.74487931,1154484841.1433797,0.3381619335510778,,1677407248.9385662,0.0,0.6882555454997094
38309965.35875819,93624666.66666667,direct_plus_discharge,61428967.63402275,0.0,23119002.27526456,0.0,163.8217026190365,0.0,0.0,18,246,175.60922881613288,19.69,62141599.96866404,160.08415227267588,661.2450982343385,1445.0192143476208,11210.61682960956,2545018854.51877,2325299447.488238,366.29220824767043,1175940813.0395927,25811292.893753927,1150129520.1458387,0.3308638290673218,23.185780862164222,1678770119.0131018,34621477.42497366,0.6712589944626859
0.0,93624666.66666667,shutdown,0.0,0.0,0.0,0.0,0.0,0.0,0.0,19,246,0.0,16.74,0.0,1.0,567.279923475184,1445.0192141689445,11210.616829346678,2545018854.459091,2259509895.598582,362.89907080586624,1179588764.8769853,25103923.74376062,1154484841.1332247,0.3381619335481033,,1696250409.0995357,0.0,0.6806099116852031
0.0,93624666.66666667,shutdown,0.0,0.0,0.0,0.0,0.0,0.0,0.0,20,246,0.0,16.15,0.0,1.0,567.279923475184,1445.0192143358597,11210.61682959283,2545018854.514972,2259509895.648196,362.89907080586624,1179588764.9116328,25103923.828019142,1154484841.0836136,0.33816193353357166,,1699746467.1168227,0.0,0.6792100253880196
0.0,93624666.66666667,shutdown,0.0,0.0,0.0,0.0,0.0,0.0,0.0,21,246,0.0,15.96,0.0,1.0,567.279923475184,1445.0192143513043,11210.616829520452,2545018854.4985414,2259509895.633609,362.89907080586624,1179588764.925454,25103923.82725271,1154484841.0982013,0.3381619335378445,,1700872316.3088305,0.0,0.6787604395864477
0.0,93624666.66666667,shutdown,0.0,0.0,0.0,0.0,0.0,0.0,0.0,22,246,0.0,16.1,0.0,1.0,567.279923475184,1445.0192142005494,11210.61682973331,2545018854.5468636,2259509895.6765103,362.89907080586624,1179588764.8822296,25103923.82693003,1154484841.0552995,0.3381619335252781,,1700042743.2199826,0.0,0.6790916555831039
0.0,93624666.66666667,shutdown,0.0,0.0,0.0,0.0,0.0,0.0,0.0,23,246,0.0,15.99,0.0,1.0,567.279923475184,1445.0192143444644,11210.616829585544,2545018854.5133185,2259509895.646728,362.89907080586624,1179588764.9131098,25103923.828029558,1154484841.0850801,0.3381619335340012,,1700694550.646934,0.0,0.6788313872387731
0.0,93624666.66666667,shutdown,0.0,0.0,0.0,0.0,0.0,0.0,0.0,0,247,0.0,16.22,0.0,1.0,567.279923475184,1445.0192142005565,11210.616829647279,2545018854.5273333,2259509895.6591706,362.89907080586624,1179588764.8995056,25103923.826865714,1154484841.07264,0.33816193353035734,,1699331680.5723984,0.0,0.679375812427487
0.0,93624666.66666667,shutdown,0.0,0.0,0.0,0.0,0.0,0.0,0.0,1,247,0.0,16.37,0.0,1.0,567.279923475184,1445.0192143513095,11210.616829606526,2545018854.5180817,2259509895.650957,362.89907080586624,1179588764.9081833,25103923.82732917,1154484841.0808542,0.33816193353276336,,1698442852.2629192,0.0,0.6797313430608967
0.0,93624666.66666667,shutdown,0.0,0.0,0.0,0.0,0.0,0.0,0.0,2,247,0.0,16.58,0.0,1.0,567.279923475184,1445.0192142993062,11210.616829210232,2545018854.4281154,2259509895.5710835,362.89907080586624,1179588764.9055316,25103923.7448044,1154484841.1607273,0.33816193355615914,,1697198492.6296475,0.0,0.6802297115948783
0.0,93624666.66666667,shutdown,0.0,0.0,0.0,0.0,0.0,0.0,0.0,3,247,0.0,16.69,0.0,1.0,567.279923475184,1445.0192141639964,11210.616829436776,2545018854.479545,2259509895.616744,362.89907080586624,1179588764.8588562,25103923.743789528,1154484841.1150668,0.3381619335427846,,1696546685.2026958,0.0,0.6804910534938413
0.0,93624666.66666667,shutdown,0.0,0.0,0.0,0.0,0.0,0.0,0.0,4,247,0.0,16.45,0.0,1.0,567.279923475184,1445.0192142005435,11210.616829733259,2545018854.546852,2259509895.6765003,362.89907080586624,1179588764.882226,25103923.826915238,1154484841.0553107,0.3381619335252814,,1697968810.4978633,0.0,0.6799211115761326
0.0,93624666.66666667,shutdown,0.0,0.0,0.0,0.0,0.0,0.0,0.0,5,247,0.0,16.25,0.0,1.0,567.279923475184,1445.0192142956123,11210.616829213302,2545018854.4288125,2259509895.5717025,362.89907080586624,1179588764.904893,25103923.74478458,1154484841.1601083,0.33816193355597784,,1699153914.910503,0.0,0.6794468888481576
0.0,93624666.66666667,shutdown,0.0,0.0,0.0,0.0,0.0,0.0,0.0,6,247,0.0,16.05,0.0,1.0,567.279923475184,1445.019214351311,11210.616829606515,2545018854.5180793,2259509895.6509547,362.89907080586624,1179588764.9081829,25103923.827327393,1154484841.0808554,0.33816193353276375,,1700339019.3231425,0.0,0.6789733270606373
4177517.7178240307,93624666.66666667,charging_only,0.0,4177517.7178240307,0.0,29.601972312937665,0.0,0.0,0.0037391965026868632,7,247,75.72625445472606,16.48,0.0,17.456407913693322,583.8231531377685,1445.01921434639,11210.616829524688,2545018854.499503,2259509895.6344624,362.89907080586624,1179588764.924614,25147231.07140828,1154441533.8532057,0.33814924834598875,,1697791044.8359673,0.0,0.6799667941261538
27479933.325170096,93624666.66666667,direct_plus_discharge,31657451.042994127,0.0,4177517.717824031,0.0,29.60197231293767,0.0,0.0,8,247,149.59508427693285,17.12,32012285.179596283,114.82917798733573,664.3664049880291,1445.0192141973912,11210.616829709192,2545018854.5413885,2298095950.6364822,364.34824176651273,1173014995.1025841,25453494.69606697,1147561500.4065173,0.33301143624527435,44.83615192078128,1693998710.7155206,18025717.000778086,0.6702950506011592
210067935.02315915,93624666.66666667,charging,93624666.66666667,116443268.35649247,0.0,825.1192786591687,0.0,0.0,0.10422559309378972,9,247,770.6988346067691,18.97,95937350.81052832,877.8015584962161,665.9145817412281,1445.019214306146,11210.616829317258,2545018854.452412,2355846312.375465,368.4819662051864,1179189698.9110556,27411344.619843528,1151778354.291212,0.3281478383154728,15.069201172609842,1683036494.8986044,53852044.84607351,0.6631273843631458
228933538.1076306,93624666.66666667,charging,93624666.66666667,135308871.44096392,0.0,958.801311362619,0.0,0.0,0.22533733768696265,10,247,912.9172483284459,20.68,96144810.04864892,956.6344169602859,665.9150885262796,1445.0192143073912,11210.616829230177,2545018854.4326434,2356033932.8498983,368.49543616892726,1179209537.674669,27618803.85790159,1151590733.8167675,0.328074992951874,15.034940074966666,1672903852.1705356,53721639.25203219,0.66696034521532
205523720.23751172,93624666.66666667,charging,93624666.66666667,111899053.57084505,0.0,792.9188837464586,0.0,0.0,0.32549551247598896,11,247,889.3319263601412,22.4,95887379.47735639,858.8128498170782,665.9144593434295,1445.0192141986404,11210.616829708199,2545018854.541163,2355801119.9288735,368.47872170288724,1179184920.1079435,27361373.370145336,1151823546.7377982,0.3281653860099955,15.077475897874097,1662711954.2218354,53330089.112352856,0.671209397935181
196262306.11762834,93624666.66666667,charging,93624666.66666667,102637639.45096166,0.0,727.2923220240012,0.0,0.0,0.41736401631059966,12,247,875.8045464567972,23.67,95785534.55309567,820.1125896016567,665.9142094940755,1445.019214347624,11210.61682952359,2545018854.4992533,2355709014.723893,368.47210924903743,1179175180.3882656,27259528.445490103,1151915651.9427755,0.3282011509257217,15.094367068780565,1655186541.2015736,53090752.01098685,0.6743142091273134
11349271.940952934,93624666.66666667,direct_plus_discharge,93624666.66666666,0.0,82275394.72571373,0.0,583.0050573610006,0.0,0.34372127222289434,13,247,125.05659338851481,24.28,94786319.0084507,47.42469904541855,655.4224919274184,1445.019214204233,11210.616829730168,2545018854.5461507,2354805373.5630155,368.40723766680173,1179079606.0041747,26260312.900578056,1152819293.1035967,0.32855215116928876,15.262013551965552,1651571972.7430232,51772392.55655605,0.6767975499192979
0.0,93624666.66666667,discharging,93624666.66666667,0.0,93624666.66666667,0.0,663.4262204681396,0.0,0.2599200654269188,14,247,68.27270196124226,24.85,94807171.55592199,1.0,654.1499999999984,1445.01921434447,11210.61682958557,2545018854.5133243,2354824231.248383,368.40859138906245,1179081600.867386,26281165.44910527,1152800435.4182808,0.32854482422500597,15.258478853980657,1648194425.167,51617479.4002011,0.6781929414194814
15204004.977171876,93624666.66666667,direct_plus_discharge,93624666.66666666,0.0,78420661.68949479,0.0,555.6903436196176,0.0,0.18972760096970392,15,247,117.73562138631532,24.76,94780130.35104021,63.532300933383034,655.8727673716119,1445.0192143476281,11210.61682952357,2545018854.499249,2354799776.896406,368.40683590739195,1179079014.0136929,26254124.24343033,1152824889.7702625,0.3285543257037672,15.263062885847026,1648727722.152688,51729175.901394434,0.6779500798223687
0.0,93624666.66666667,discharging,93624666.66666667,0.0,93624666.66666667,0.0,663.4262204681396,0.0,0.1059263941737284,16,247,48.498458814897184,24.33,94807171.5559224,1.0,654.1499999999984,1445.0192142054818,11210.616829729175,2545018854.545925,2354824231.2774496,368.4085913889837,1179081600.8372302,26281165.448013343,1152800435.389217,0.3285448242167228,15.258478853712512,1651275696.6398633,51692843.96369453,0.6769358375702272
121352152.41391939,93624666.66666667,charging,93624666.66666667,27727485.747252718,0.0,196.4775067010554,0.0,0.0,0.1307446055464933,17,247,418.49830211900684,23.63,94961770.61905417,507.08885439400854,665.9121689580238,1445.0192141583996,11210.616829328686,2545018854.4550066,2354964041.132406,368.41862787677326,1179096389.9628785,26435764.4286178,1152660625.5342607,0.3284905054211825,15.23232130360133,1655423562.084102,52639741.38144248,0.6748348396664167
38164075.424466066,93624666.66666667,direct_plus_discharge,93624666.66666667,0.0,55460591.242200606,0.0,392.99483504427127,0.0,0.08110315269879588,18,247,174.18807922837436,22.51,94743268.65138903,159.47452847799053,658.6532192847675,1445.019214306155,11210.616829317338,2545018854.4524302,2354766441.5213065,368.40444290034645,1179075487.6060863,26217262.46072709,1152858225.1453593,0.328567278046669,15.269315904682585,1662060146.7948835,52214371.82175275,0.6725050233352814
0.0,93624666.66666667,discharging,90610337.57577331,0.0,90610337.57577331,0.0,642.066625532134,0.0,0.0,19,247,0.0,21.1,91754855.40025984,1.0,654.1499999999986,1445.0192143476324,11210.616829609658,2545018854.5187926,2352064047.2481794,368.210474065604,1178789468.7112207,26243178.3836282,1152546290.3275926,0.3287583809667159,15.760113607535539,1670415132.9039924,50481651.698468946,0.6697358613484995
0.0,93624666.66666667,shutdown,0.0,0.0,0.0,0.0,0.0,0.0,0.0,20,247,0.0,19.27,0.0,1.0,567.279923475184,1445.0192143395416,11210.616829503666,2545018854.4947305,2259509895.6302137,362.89907080586624,1179588764.9295406,25103923.82795369,1154484841.101587,0.3381619335388363,,1681258838.279645,0.0,0.6866788235194757
0.0,93624666.66666667,shutdown,0.0,0.0,0.0,0.0,0.0,0.0,0.0,21,247,0.0,17.98,0.0,1.0,567.279923475184,1445.0192142054866,11210.616829729162,2545018854.5459223,2259509895.6756744,362.89907080586624,1179588764.8830812,25103923.82694467,1154484841.0561366,0.3381619335255233,,1688902761.7411702,0.0,0.6835709356445858
0.0,93624666.66666667,shutdown,0.0,0.0,0.0,0.0,0.0,0.0,0.0,22,247,0.0,17.91,0.0,1.0,567.279923475184,1445.019214346378,11210.616829524615,2545018854.4994864,2259509895.634448,362.89907080586624,1179588764.9246056,25103923.827244908,1154484841.0973606,0.3381619335375983,,1689317548.285594,0.0,0.6834030950954076
0.0,93624666.66666667,shutdown,0.0,0.0,0.0,0.0,0.0,0.0,0.0,23,247,0.0,17.27,0.0,1.0,567.279923475184,1445.0192142956216,11210.616829299415,2545018854.448362,2259509895.5890584,362.89907080586624,1179588764.8876255,25103923.74487229,1154484841.1427531,0.3381619335508943,,1693109882.406041,0.0,0.6818723658396821
0.0,93624666.66666667,shutdown,0.0,0.0,0.0,0.0,0.0,0.0,0.0,0,248,0.0,16.77,0.0,1.0,567.279923475184,1445.019214200543,11210.616829733262,2545018854.546853,2259509895.676501,362.89907080586624,1179588764.8822272,25103923.82691766,1154484841.0553095,0.33816193352528107,,1696072643.43764,0.0,0.6806812464797336
0.0,93624666.66666667,shutdown,0.0,0.0,0.0,0.0,0.0,0.0,0.0,1,248,0.0,16.18,0.0,1.0,567.279923475184,1445.0192143426987,11210.616829527773,2545018854.500203,2259509895.635084,362.89907080586624,1179588764.9239762,25103923.82725091,1154484841.0967252,0.3381619335374122,,1699568701.4549267,0.0,0.6792810670780305
0.0,93624666.66666667,shutdown,0.0,0.0,0.0,0.0,0.0,0.0,0.0,2,248,0.0,15.58,0.0,1.0,567.279923475184,1445.0192141973894,11210.616829709172,2545018854.541384,2259509895.671645,362.89907080586624,1179588764.887791,25103923.827626396,1154484841.0601645,0.3381619335267031,,1703124014.6928456,0.0,0.6778630511345195
0.0,93624666.66666667,shutdown,0.0,0.0,0.0,0.0,0.0,0.0,0.0,3,248,0.0,15.44,0.0,1.0,567.279923475184,1445.0192143476315,11210.616829523626,2545018854.499262,2259509895.6342483,362.89907080586624,1179588764.9248266,25103923.82726423,1154484841.0975623,0.3381619335376574,,1703953587.7816935,0.0,0.6775330322233355
0.0,93624666.66666667,shutdown,0.0,0.0,0.0,0.0,0.0,0.0,0.0,4,248,0.0,15.67,0.0,1.0,567.279923475184,1445.019214351341,11210.616829606724,2545018854.5181265,2259509895.650997,362.89907080586624,1179588764.9081998,25103923.827385902,1154484841.080814,0.3381619335327516,,1702590717.7071574,0.0,0.6780753759984866
0.0,93624666.66666667,shutdown,0.0,0.0,0.0,0.0,0.0,0.0,0.0,5,248,0.0,15.71,0.0,1.0,567.279923475184,1445.0192141973878,11210.6168297092,2545018854.5413904,2259509895.6716514,362.89907080586624,1179588764.8877923,25103923.827632803,1154484841.0601594,0.33816193352670165,,1702353696.82463,0.0,0.6781697852882156
0.0,93624666.66666667,shutdown,0.0,0.0,0.0,0.0,0.0,0.0,0.0,6,248,0.0,15.54,0.0,1.0,567.279923475184,1445.019214204231,11210.616829644145,2545018854.526622,2259509895.6585393,362.89907080586624,1179588764.9001365,25103923.826864786,1154484841.0732718,0.3381619335305424,,1703361035.5753732,0.0,0.6777687272171878
176186996.12270635,93624666.66666667,charging,93624666.66666667,82562329.45603968,0.0,585.0382824761183,0.0,0.0,0.07389957252329915,7,248,585.8840690171922,15.89,95564772.53992407,736.2247825505978,665.91366608943,1445.019214302456,11210.61682932032,2545018854.453108,2355509365.8942256,368.457776172217,1179154067.1216903,27038766.349219494,1152115300.7724707,0.3282786828119054,15.131104439343588,1701287102.8532543,54084858.15830496,0.6563368484640413
209600096.2508242,93624666.66666667,charging,93624666.66666667,115975429.58415754,0.0,821.8041639616322,0.0,0.0,0.17770641428687375,8,248,713.2728089619122,19.29,95932206.13135527,875.8466213782058,665.9145691459291,1445.0192143444642,11210.616829499468,2545018854.4937773,2355841659.720476,368.4816321742536,1179189206.9706426,27406200.024451703,1151783006.9461908,0.3281496448661284,15.070052678908034,1681140327.8383806,53803056.74657035,0.6638735403009886
210138682.42556697,93624666.66666667,charging,93624666.66666667,116514015.7589003,0.0,825.6205961373336,0.0,0.0,0.28199533169369484,9,248,772.2616443259543,21.38,95938128.79796502,878.0971875273027,665.9145836457934,1445.0192143476359,11210.616829609675,2545018854.5187964,2355847016.02296,368.48201671777144,1179189773.3341491,27412122.69044313,1151777650.643706,0.3281475651076935,15.069072413686678,1668755986.7262974,53505273.64083178,0.6687589607619608
200672643.2819959,93624666.66666667,charging,93624666.66666667,107047976.61532922,0.0,758.5440574920034,0.0,0.0,0.37781142316636895,10,248,811.6308244538216,23.08,95834033.67522432,838.5418698054576,665.9143285398076,1445.0192142005667,11210.616829733392,2545018854.5468826,2355752875.723956,368.4752581266391,1179179818.5100327,27308027.567319494,1151871790.9427133,0.3281841192179002,15.086318921869212,1658682599.2188609,53202550.04599853,0.6728674475839489
183656346.00356305,93624666.66666667,charging,93624666.66666667,90031679.33689637,0.0,637.9662419256676,0.0,0.0,0.4583966326727691,11,248,807.4376375937842,24.51,95646910.6845994,767.4366234517171,665.9138685644184,1445.0192143407846,11210.616829502598,2545018854.4944882,2355583648.385483,368.46310898636455,1179161922.85888,27120904.577696018,1152041018.281184,0.32824983469817604,15.117415888061181,1650209102.6684875,52893244.21455842,0.6764367510793501
176553150.74143732,93624666.66666667,charging,93624666.66666667,82928484.07477064,0.0,587.6328612710047,0.0,0.0,0.532623941464896,12,248,801.3224736777348,25.57,95568799.0297159,737.7548166080904,665.9136760230393,1445.019214311072,11210.616829313092,2545018854.451467,2355513007.2845182,368.45803759064,1179154452.2211876,27042792.839039177,1152111659.3821485,0.3282772686207692,15.13043286524499,1643928049.281498,52697909.49242246,0.6790604926348826
131958154.79190783,93624666.66666667,charging,93624666.66666667,38333488.12524116,0.0,271.63184713738957,0.0,0.0,0.5669353326822505,13,248,599.2950070898524,26.38,95078401.56708123,551.4076858986189,665.912460006768,1445.0192142042254,11210.61682964411,2545018854.5266137,2355069515.556258,368.4261996150112,1179107546.5694888,26552395.459080055,1152555151.1104088,0.328449529824042,15.212644091203167,1639128376.4103074,52311768.81613616,0.6814046328290908
206850474.17963523,93624666.66666667,charging,93624666.66666667,113225807.51296856,0.0,802.3202881482281,0.0,0.0,0.6682810532904477,14,248,828.7357766802942,26.51,95901969.38262036,864.3568976414168,665.9144950925166,1445.019214295616,11210.616829299377,2545018854.448353,2355814314.4969025,368.4796689838295,1179186315.36239,27375963.1926357,1151810352.1697543,0.32816026265609743,15.075059072960052,1638358058.5420916,52746302.46594903,0.6810995103124081
26922229.100907728,93624666.66666667,direct_plus_discharge,93624666.66666667,0.0,66702437.56575894,0.0,472.6547781239649,0.0,0.6085772918432102,15,248,156.43752851485604,26.08,94761317.09611173,112.49872409305881,657.2703269050431,1445.0192141652544,11210.616829435758,2545018854.479314,2354782763.3845615,368.40561457739324,1179077214.1871626,26235310.905076265,1152841903.2820864,0.32856093620987326,15.266253656628416,1640906033.0292668,51620119.70144209,0.681136832906304
57683297.09897459,93624666.66666667,direct_plus_discharge,93624666.66666667,0.0,35941369.56769208,0.0,254.68124821887287,0.0,0.5764070289102998,16,248,238.48782075489933,25.73,94711931.13052176,241.03863394048173,661.1582509169168,1445.0192143061358,11210.616829231161,2545018854.4328666,2354738101.9113693,368.4024085229081,1179072489.6950507,26185924.939752355,1152886564.7552984,0.3285782895217144,15.27463565879546,1642979965.751386,51896913.79233905,0.6802184740791704
112982810.34647861,93624666.66666667,charging,93624666.66666667,19358143.67981194,0.0,137.17218500228043,0.0,0.0,0.5937340417526932,17,248,393.5685512267453,24.62,94869735.53694762,472.1162560791943,665.9119387835096,1445.019214339542,11210.616829589704,2545018854.5142627,2354880810.202065,368.4126529869626,1179087585.8947144,26343729.43011173,1152743856.4646027,0.32852284164040163,15.247883007990326,1649557295.2415357,52447668.134998165,0.6772858371562702
0.0,93624666.66666667,discharging,93624666.66666667,0.0,93624666.66666667,0.0,663.4262204681396,0.0,0.5099328349567176,18,248,0.0,23.37,94807171.55592331,1.0,654.15,1445.0192142091587,11210.61682963998,2545018854.5256763,2354824231.259396,368.4085913890327,1179081600.855211,26281165.44794124,1152800435.4072697,0.3285448242218677,15.25847885387889,1656964197.820533,51831978.54245182,0.674627232523951
0.0,93624666.66666667,discharging,93624666.66666667,0.0,93624666.66666667,0.0,663.4262204681396,0.0,0.426131628160742,19,248,0.0,22.6,94807171.5559233,1.0,654.15,1445.0192142091805,11210.61682972618,2545018854.545245,2354824231.2768435,368.4085913889855,1179081600.8378756,26281165.448051922,1152800435.3898237,0.3285448242168956,15.258478853717966,1661526849.8091955,51943576.0691629,0.672786887931769
0.0,93624666.66666667,discharging,93624666.66666667,0.0,93624666.66666667,0.0,663.4262204681396,0.0,0.3423304213647665,20,248,0.0,21.32,94807171.5559233,1.0,654.15,1445.0192143395384,11210.616829589706,2545018854.514263,2354824231.2492204,368.40859138906035,1179081600.8665342,26281165.449088857,1152800435.4174454,0.3285448242247678,15.25847885397275,1669111518.0500891,52129088.840838484,0.6697497321421819
0.0,93624666.66666667,discharging,93624666.66666667,0.0,93624666.66666667,0.0,663.4262204681396,0.0,0.2585292145687909,21,248,0.0,20.15,94807171.5559233,1.0,654.15,1445.0192143426887,11210.61682952768,2545018854.500182,2354824231.2366695,368.40859138909434,1179081600.878288,26281165.44829174,1152800435.4299963,0.3285448242283447,15.258478854088482,1676044378.864031,52298659.1086982,0.6669974710472875
0.0,93624666.66666667,discharging,93624666.66666667,0.0,93624666.66666667,0.0,663.4262204681396,0.0,0.17472800777281539,22,248,0.0,19.3,94807171.5559233,1.0,654.15,1445.0192143513134,11210.616829606524,2545018854.518081,2354824231.2526255,368.4085913890511,1179081600.8624387,26281165.448396713,1152800435.414042,0.32854482422379777,15.258478853941348,1681081072.617749,52421851.183639005,0.6650121090572336
0.0,93624666.66666667,discharging,93624666.66666667,0.0,93624666.66666667,0.0,663.4262204681396,0.0,0.09092680097683986,23,248,0.0,18.83,94807171.5559233,1.0,654.15,1445.0192142023377,11210.616829619117,2545018854.52094,2354824231.2551746,368.40859138904415,1179081600.8601682,26281165.44867497,1152800435.4114933,0.3285448242230714,15.258478853917838,1683866067.9874523,52489969.154488645,0.6639193867802679
0.0,93624666.66666667,discharging,93624666.66666667,0.0,93624666.66666667,0.0,663.4262204681396,0.0,0.007125594180864331,0,249,0.0,18.44,94807171.5559233,1.0,654.15,1445.0192143024622,11210.61682932036,2545018854.4531164,2354824231.194704,368.40859138920825,1179081600.837192,26281165.365229506,1152800435.4719625,0.32854482424030496,15.258478854475614,1686177021.5920994,52546492.57710855,0.6630153823063641
0.0,93624666.66666667,shutdown,0.0,0.0,0.0,0.0,0.0,0.0,0.007125594180864331,1,249,0.0,17.78,0.0,1.0,567.279923475184,1445.0192143110808,11210.61682931316,2545018854.451482,2259509895.591829,362.89907080586624,1179588764.8841808,25103923.744197547,1154484841.1399832,0.33816193355008295,,1690087866.1538103,0.0,0.683091609767771
0.0,93624666.66666667,shutdown,0.0,0.0,0.0,0.0,0.0,0.0,0.007125594180864331,2,249,0.0,17.3,0.0,1.0,567.279923475184,1445.0192141936986,11210.616829626231,2545018854.522555,2259509895.6549287,362.89907080586624,1179588764.9044287,25103923.82754602,1154484841.0768826,0.33816193353160007,,1692932116.744145,0.0,0.681943965536665
0.0,93624666.66666667,shutdown,0.0,0.0,0.0,0.0,0.0,0.0,0.007125594180864331,3,249,0.0,16.96,0.0,1.0,567.279923475184,1445.0192143073805,11210.616829316146,2545018854.45216,2259509895.5924306,362.89907080586624,1179588764.8835368,25103923.744156744,1154484841.13938,0.33816193354990626,,1694946794.2456324,0.0,0.681133381330241
0.0,93624666.66666667,shutdown,0.0,0.0,0.0,0.0,0.0,0.0,0.007125594180864331,4,249,0.0,16.54,0.0,1.0,567.279923475184,1445.0192141603218,11210.61682935386,2545018854.4607215,2259509895.600032,362.89907080586624,1179588764.8754992,25103923.74371996,1154484841.1317792,0.3381619335476799,,1697435513.5121753,0.0,0.6801347279125949
0.0,93624666.66666667,shutdown,0.0,0.0,0.0,0.0,0.0,0.0,0.007125594180864331,5,249,0.0,16.4,0.0,1.0,567.279923475184,1445.0192143395536,11210.616829589817,2545018854.5142884,2259509895.647589,362.89907080586624,1179588764.912274,25103923.828053094,1154484841.084221,0.3381619335337495,,1698265086.6010232,0.0,0.6798024938467373
0.0,93624666.66666667,shutdown,0.0,0.0,0.0,0.0,0.0,0.0,0.007125594180864331,6,249,0.0,16.34,0.0,1.0,567.279923475184,1445.0192143024635,11210.616829320345,2545018854.453113,2259509895.593277,362.89907080586624,1179588764.8826923,25103923.744159527,1154484841.1385329,0.3381619335496581,,1698620617.9248152,0.0,0.6796602072032738
176946402.035929,93624666.66666667,charging,93624666.66666667,83321735.36926232,0.0,590.4194476406809,0.0,0.0,0.0817048928302135,7,249,587.629847332103,17.41,95573123.49332199,739.3980783421929,665.9136866908392,1445.0192141652467,11210.61682934971,2545018854.4597797,2355516918.159533,368.4583183550244,1179154865.8093581,27047117.30219733,1152107748.507161,0.3282757497756274,15.129711655329718,1692280309.317193,53871432.5426265,0.6597981841372248
207104754.76383978,93624666.66666667,charging,93624666.66666667,113480088.09717311,0.0,804.1221253448066,0.0,0.0,0.18327821392639962,8,249,706.5199267041967,19.26,95904765.6280523,865.4194486351895,665.9145019428105,1445.0192141571567,11210.61682941581,2545018854.474786,2355816843.357478,368.4798505361473,1179186582.7468796,27378759.437692072,1151807823.3091874,0.3281592807271186,15.074595957139216,1681318093.500277,53791983.22808711,0.6638240643965241
179256262.95090938,93624666.66666667,charging,93624666.66666667,85631596.2842427,0.0,606.7871672939687,0.0,0.0,0.2599250140056377,9,249,670.1345363535861,20.91,95598524.3237878,749.0501916495176,665.9137493314219,1445.019214342699,11210.616829527762,2545018854.5002007,2355539889.6762342,368.45996749850053,1179157295.2066126,27072518.21617982,1152084776.9904327,0.3282668285291722,15.125476763567027,1671540982.096,53383294.362134025,0.6679045525152334
145523107.69748932,93624666.66666667,charging,93624666.66666667,51898441.03082265,0.0,367.7533689262867,0.0,0.0,0.30637807113316873,10,249,611.2714248110058,22.64,95227571.18452433,608.0909526719819,665.9128312181504,1445.0192143061452,11210.616829317247,2545018854.4524097,2355204416.5445485,368.4358839307535,1179121815.1159542,26701564.993836533,1152420250.1221175,0.3283971263605236,15.18754740225841,1661289828.9266677,52928696.67696445,0.672271494508737
113156129.16169456,93624666.66666667,charging,93624666.66666667,19531462.495027885,0.0,138.40032551918193,0.0,0.0,0.32386021751453903,11,249,531.4030375555697,24.23,94871641.47068216,472.84049572146284,665.9119435546585,1445.0192143395348,11210.61682958965,2545018854.5142503,2354882533.811166,368.41277671895,1179087768.219333,26345635.363832306,1152742132.8555007,0.32852217198014944,15.247560438056768,1651868248.8461826,52504284.92508549,0.6763439975794647
49170230.5715466,93624666.66666667,direct_plus_discharge,93624666.66666667,0.0,44454436.09512007,0.0,315.0050042541632,0.0,0.28407011171401314,12,249,285.1990143480154,25.25,94725598.60171558,205.4654606023689,660.0489941794402,1445.01921420055,11210.616829647231,2545018854.5273223,2354750461.953936,368.4032957902779,1179073797.2064424,26199592.493711714,1152874204.7127306,0.3285734869583902,15.27231508056459,1645824216.341721,51901325.14320997,0.679069835813602
85966681.88887283,93624666.66666667,direct_plus_discharge,93624666.66666667,0.0,7657984.77779384,0.0,54.264630021301144,0.0,0.2772156321323751,13,249,421.6530248249281,26.01,94666523.01048067,359.225158911005,665.0423228891717,1445.0192143110805,11210.616829313143,2545018854.451478,2354697037.862361,368.3994607197602,1179068145.6241255,26140516.81981008,1152927628.8043153,0.3285942454899044,15.282350239018898,1641320819.5736904,52082109.8850397,0.6808347905556243
172314615.60490224,93624666.66666667,charging,93624666.66666667,78689948.93823557,0.0,557.5985183348175,0.0,0.0,0.3476491291851942,14,249,707.1041144961747,26.42,95522189.16168024,720.0434379144251,665.9135609823559,1445.0192142956075,11210.616829213275,2545018854.4288063,2355470855.2455983,368.4550114690833,1179149994.3926687,26996182.971602347,1152153811.4210663,0.3282936392250825,15.138210342632753,1638891355.527779,52550272.25860526,0.6811667588723754
210508439.05748016,93624666.66666667,charging,93624666.66666667,116883772.39081348,0.0,828.2406988681295,0.0,0.0,0.4522690069369579,15,249,771.6709619714442,26.48,95942194.89798903,879.6422731574434,665.9145935993799,1445.019214209165,11210.616829726066,2545018854.5452194,2355850693.304735,368.4822807193249,1179190162.152017,27416188.790085897,1151773973.3619313,0.32814613728856745,15.068399500243505,1638535824.2039876,52772755.25273177,0.6809957611235574
221105441.3856211,93624666.66666667,charging,93624666.66666667,127480774.71895443,0.0,903.3312647750909,0.0,0.0,0.5663740088032851,16,249,746.2420653095854,25.94,96058726.87523021,923.9234965531277,665.9148785058819,1445.019214347623,11210.616829609617,2545018854.518783,2355956081.4927955,368.4898468999831,1179201305.9415634,27532720.76769545,1151668585.173868,0.32810521839875917,15.0491384203477,1641735606.1181142,52914767.266496465,0.6795906714809369
84595988.2910146,93624666.66666667,direct_plus_discharge,93624666.66666667,0.0,9028678.375652075,0.0,63.977391683615544,0.0,0.5582926540643022,17,249,309.50669028099657,24.64,94668723.61764629,353.4975023969916,664.846679713975,1445.0192142023113,11210.61682961892,2545018854.5208955,2354699028.004734,368.3996035781867,1179068356.172276,26142717.510342695,1152925638.6619334,0.3285934721911274,15.281976197244356,1649438784.8002717,52265865.83662051,0.6775121865186365
27580968.218341168,93624666.66666667,direct_plus_discharge,93624666.66666666,0.0,66043698.44832549,0.0,467.9869398446647,0.0,0.49917851429444976,18,249,142.6438189631656,23.12,94760259.51037082,115.25136801209267,657.3502029005947,1445.0192143476258,11210.616829609624,2545018854.518785,2354781807.0077415,368.405545920399,1179077113.06176,26234253.402835384,1152842859.6589246,0.32856130781069603,15.266433062845724,1658445578.3363326,52051484.24681007,0.6739811981424482
0.0,93624666.66666667,discharging,93624666.66666667,0.0,93624666.66666667,0.0,663.4262204681396,0.0,0.41537730749847424,19,249,0.0,21.73,94807171.55591889,1.0,654.1499999999958,1445.0192143513107,11210.61682952046,2545018854.4985433,2354824231.2352004,368.4085913890981,1179081600.879785,26281165.44832313,1152800435.4314618,0.32854482422876286,15.258478854102751,1666682054.0041778,52069666.78115845,0.6707195818280964
0.0,93624666.66666667,discharging,93624666.66666667,0.0,93624666.66666667,0.0,663.4262204681396,0.0,0.3315761007024987,20,249,0.0,20.61,94807171.5559233,1.0,654.15,1445.0192141986208,11210.616829708051,2545018854.5411296,2354824231.273175,368.4085913889954,1179081600.8421655,26281165.448674645,1152800435.3934908,0.3285448242179408,15.258478853751788,1673318638.7149594,52231990.45637728,0.6680768537907819
0.0,93624666.66666667,discharging,93624666.66666667,0.0,93624666.66666667,0.0,663.4262204681396,0.0,0.24777489390652316,21,249,0.0,20.0,94807171.5559233,1.0,654.15,1445.0192141652458,11210.616829435732,2545018854.479308,2354824231.218055,368.4085913891449,1179081600.813473,26281165.36486183,1152800435.4486113,0.32854482423364995,15.258478854260236,1676933207.1735103,52320398.886628926,0.666646252122096
0.0,93624666.66666667,discharging,93624666.66666667,0.0,93624666.66666667,0.0,663.4262204681396,0.0,0.16397368711054763,22,249,0.0,19.19,94807171.5559233,1.0,654.15,1445.0192143073903,11210.616829230159,2545018854.432639,2354824231.1764426,368.40859138925777,1179081600.8553958,26281165.36517058,1152800435.4902253,0.32854482424550985,15.258478854644132,1681732880.0447009,52437793.68745488,0.6647560433075783
0.0,93624666.66666667,discharging,93624666.66666667,0.0,93624666.66666667,0.0,663.4262204681396,0.0,0.0801724803145721,23,249,0.0,18.42,94807171.5559233,1.0,654.15,1445.0192143407785,11210.616829588591,2545018854.51401,2354824231.248997,368.408591389061,1179081600.8667426,26281165.449073307,1152800435.4176693,0.32854482422483156,15.25847885397479,1686295532.0333633,52549391.21416596,0.6629690894255583
0.0,93624666.66666667,discharging,89570568.6383049,0.0,89570568.6383049,0.0,634.6988024903625,0.0,0.0,0,250,0.0,17.93,90701983.12577137,1.0,654.15,1445.0192143426991,11210.616829527731,2545018854.5001936,2351112007.3283243,368.1421516618702,1178688636.356498,26230075.046518147,1152458561.30998,0.3288321137884956,15.940978729817452,1689199037.84433,50341923.126918614,0.6625072862133241
0.0,93624666.66666667,shutdown,0.0,0.0,0.0,0.0,0.0,0.0,0.0,1,250,0.0,17.63,0.0,1.0,567.279923475184,1445.0192141603104,11210.616829439818,2545018854.4802356,2259509895.6173515,362.89907080586624,1179588764.8582182,25103923.743765503,1154484841.1144526,0.33816193354260476,,1690976694.4632895,0.0,0.6827325562170934
0.0,93624666.66666667,shutdown,0.0,0.0,0.0,0.0,0.0,0.0,0.0,2,250,0.0,17.35,0.0,1.0,567.279923475184,1445.0192143395402,11210.616829589708,2545018854.5142636,2259509895.6475673,362.89907080586624,1179588764.912265,25103923.82802263,1154484841.0842423,0.3381619335337558,,1692635840.640985,0.0,0.6820633318546829
0.0,93624666.66666667,shutdown,0.0,0.0,0.0,0.0,0.0,0.0,0.0,3,250,0.0,16.95,0.0,1.0,567.279923475184,1445.0192143024522,11210.616829234266,2545018854.433572,2259509895.5759277,362.89907080586624,1179588764.899962,25103923.744078886,1154484841.155883,0.3381619335547402,,1695006049.4662642,0.0,0.6811095697973559
0.0,93624666.66666667,shutdown,0.0,0.0,0.0,0.0,0.0,0.0,0.0,4,250,0.0,16.5,0.0,1.0,567.279923475184,1445.0192142042242,11210.61682973015,2545018854.5461464,2259509895.6758738,362.89907080586624,1179588764.8828595,25103923.8269227,1154484841.0559368,0.3381619335254648,,1697672534.3947034,0.0,0.6800397707250194
0.0,93624666.66666667,shutdown,0.0,0.0,0.0,0.0,0.0,0.0,0.0,5,250,0.0,16.49,0.0,1.0,567.279923475184,1445.0192143358443,11210.616829506707,2545018854.495421,2259509895.6308384,362.89907080586624,1179588764.928898,25103923.827927236,1154484841.1009707,0.33816193353865576,,1697731789.6153352,0.0,0.6800160356086334
0.0,93624666.66666667,shutdown,0.0,0.0,0.0,0.0,0.0,0.0,0.0,6,250,0.0,16.41,0.0,1.0,567.279923475184,1445.0192142054807,11210.616829729115,2545018854.545912,2259509895.675665,362.89907080586624,1179588764.8830774,25103923.826931864,1154484841.0561454,0.3381619335255259,,1698205831.3803911,0.0,0.6798262140683614
0.0,93624666.66666667,shutdown,0.0,0.0,0.0,0.0,0.0,0.0,0.0,7,250,3.709306551524163,17.31,0.0,1.0,567.279923475184,1445.0192143110694,11210.61682931307,2545018854.451462,2259509895.5918107,362.89907080586624,1179588764.8841743,25103923.74417304,1154484841.1400013,0.3381619335500883,,1692872861.5235128,0.0,0.6819678354941637
44521262.671603106,93624666.66666667,direct_partial,44521262.671603106,0.0,0.0,0.0,0.0,0.0,0.0,8,250,202.0181259795036,18.77,45013480.946139514,186.03902473285186,665.6468970463878,1445.0192143444774,11210.61682949954,2545018854.493794,2309831147.9882054,365.1860786892396,1174280993.5177565,25590878.834319886,1148690114.6834366,0.3320860473689848,31.93937158532606,1684221599.311244,25272781.461016975,0.6719472889782288
168091225.48881412,93624666.66666667,charging,93624666.66666667,74466558.82214744,0.0,527.6714933099433,0.0,0.0,0.06665324126020337,9,250,634.460469700664,20.69,95475745.83880928,702.3953450456293,665.9134462413286,1445.0192142042256,11210.61682973015,2545018854.5461464,2355428854.0114717,368.45199617645005,1179145552.3860948,26949739.730846856,1152195812.655248,0.3283099517132746,15.14596758032,1672844596.949904,53346256.915546626,0.6674788074998437
185343516.3057671,93624666.66666667,charging,93624666.66666667,91718849.63910042,0.0,649.9215637092145,0.0,0.0,0.14874859667610416,10,250,762.9193484088886,22.67,95665463.97780237,774.4867271267971,665.9139142512703,1445.0192141640011,11210.616829350764,2545018854.4600186,2355600427.238842,368.4643135650164,1179163697.2145011,27139457.786675394,1152024239.4278257,0.328243318701418,15.114327184099906,1661112063.2647717,53167842.36595675,0.6720164167146122
184272827.8101555,93624666.66666667,charging,93624666.66666667,90648161.14348882,0.0,642.3346440732677,0.0,1.4901161193847656e-08,0.2298856043485169,11,250,821.7368120358894,24.29,95653689.94553107,770.0126886210697,665.9138852601673,1445.019214340781,11210.61682958863,2545018854.5140185,2355589779.304318,368.46354913172485,1179162571.2010403,27127683.838690516,1152034887.3623497,0.32824745377662295,15.116287155190356,1651512717.522391,52928595.65457317,0.6759017623288149
128815663.75312987,93624666.66666667,charging,93624666.66666667,35190997.0864632,0.0,249.36409413022483,0.0,0.0,0.26138422676496637,12,250,617.096968637187,25.36,95043844.55908182,538.2762980402312,665.9123738451672,1445.019214302452,11210.616829320275,2545018854.4530973,2355038264.067102,368.42395614647637,1179104240.9679308,26517838.36836507,1152586402.5995657,0.32846167037402474,15.21846929074831,1645172408.9147692,52438331.951610364,0.6789462241569824
180882411.741987,93624666.66666667,charging,93624666.66666667,87257745.07532032,0.0,618.3100894553306,0.0,0.0,0.33948655385406074,13,250,807.2570808360089,25.95,95616406.58219013,755.8453074438311,665.9137934106587,1445.019214307391,11210.61682923014,2545018854.4326353,2355556061.6164627,368.4611285034692,1179159005.441638,27090400.391432516,1152068605.0502055,0.32826054804437665,15.122496737607232,1641676350.8974826,52669605.52216676,0.6799488620875638
194714637.29918444,93624666.66666667,charging,93624666.66666667,101089970.63251777,0.0,716.3255104847706,0.0,0.0,0.4299697762310844,14,250,796.2631425911969,26.4,95768515.3148272,813.6454145865061,665.9141676902155,1445.019214197387,11210.616829709155,2545018854.5413804,2355693623.157198,368.47100425377727,1179173552.7170613,27242509.207592294,1151931043.509469,0.32820712775872074,15.097193243605968,1639009865.9690435,52688700.89660935,0.680931618712514
205122218.39443982,93624666.66666667,charging,93624666.66666667,111497551.72777314,0.0,790.073833828059,0.0,0.0,0.5297685762935761,15,250,757.9933990448541,26.54,95882964.2849998,857.1351118817347,665.9144485229128,1445.0192143463744,11210.616829524593,2545018854.499481,2355797126.932037,368.47843503752733,1179184497.9120114,27356958.17738166,1151827539.7346296,0.32816693646344103,15.078207422147983,1638180292.8801954,52731526.99405346,0.6811872305797056
138741846.26218867,93624666.66666667,charging,93624666.66666667,45117179.595522,0.0,319.7012176695539,0.0,0.0,0.5701518879992039,16,250,490.9257685093313,26.23,95152999.73692615,579.7543964250442,665.9126457908479,1445.019214342688,11210.616829613733,2545018854.5197177,2355136978.0786977,368.4310426190868,1179114682.217334,26626993.629415665,1152487688.5879183,0.3284233228572017,15.200083664385135,1640017204.7197871,52374258.0486534,0.6809817432561737
155093085.48895675,93624666.66666667,charging,93624666.66666667,61468418.82229007,0.0,435.5664188649489,0.0,7.450580596923828e-09,0.6251708040663553,17,250,519.3029172133828,25.45,95332809.28863163,648.0805942096024,665.9130924079199,1445.0192141986345,11210.616829708151,2545018854.5411525,2355299588.7513466,368.44271624803696,1179131881.0967314,26806803.181411162,1152325077.9153202,0.32836015862197615,15.169889106781195,1644639111.9290814,52584923.44867627,0.6789469474245589
10558392.33856216,93624666.66666667,direct_plus_discharge,93624666.66666667,0.0,83066274.32810451,0.0,588.6092457030272,0.0,0.5508201625038677,18,250,92.47750579476514,23.59,94787588.74181801,44.11988554551457,655.3306745975748,1445.0192143513173,11210.616829520563,2545018854.498566,2354806521.786135,368.4073200963778,1179079727.514777,26261582.63424578,1152818144.880531,0.32855170503322173,15.26179827643531,1655660582.9666295,51866861.58293833,0.675138867349002
0.0,93624666.66666667,discharging,93624666.66666667,0.0,93624666.66666667,0.0,663.4262204681396,0.0,0.46701895570789215,19,250,0.0,22.85,94807171.55592325,1.0,654.15,1445.0192142091514,11210.616829725926,2545018854.5451875,2354824231.2767906,368.40859138898554,1179081600.8378603,26281165.447981935,1152800435.3898785,0.3285448242169113,15.258478853718504,1660045469.293396,51907343.10594499,0.6733833006613087
0.0,93624666.66666667,discharging,93624666.66666667,0.0,93624666.66666667,0.0,663.4262204681396,0.0,0.38321774891191657,20,250,0.0,21.81,94807171.55592325,1.0,654.15,1445.0192143358545,11210.61682950677,2545018854.4954348,2354824231.232433,368.4085913891059,1179081600.8832457,26281165.449012008,1152800435.4342337,0.3285448242295524,15.258478854127624,1666208012.2391222,52058072.23293139,0.6709091483863151
0.0,93624666.66666667,discharging,93624666.66666667,0.0,93624666.66666667,0.0,663.4262204681396,0.0,0.299416542115941,21,250,0.0,20.82,94807171.55592325,1.0,654.15,1445.019214302465,11210.616829320355,2545018854.4531155,2354824231.194703,368.40859138920825,1179081600.8371928,26281165.365228847,1152800435.471964,0.32854482424030534,15.258478854475637,1672074279.081688,52201554.76727423,0.6685707778544111
0.0,93624666.66666667,discharging,93624666.66666667,0.0,93624666.66666667,0.0,663.4262204681396,0.0,0.21561533531996546,22,250,0.0,19.87,94807171.55592325,1.0,654.15,1445.0192141603231,11210.616829439952,2545018854.480266,2354824231.218909,368.40859138914254,1179081600.8126268,26281165.36486904,1152800435.4477577,0.3285448242334067,15.258478854252372,1677703525.041726,52339240.0275022,0.6663421614330024
0.0,93624666.66666667,discharging,93624666.66666667,0.0,93624666.66666667,0.0,663.4262204681396,0.0,0.13181412852398994,23,250,0.0,19.03,94807171.55592325,1.0,654.15,1445.0192142023132,11210.616829618966,2545018854.5209055,2354824231.2551427,368.40859138904426,1179081600.8601563,26281165.44863126,1152800435.411525,0.32854482422308046,15.258478853918152,1682680963.5748127,52460982.78391431,0.6643839357527656
0.0,93624666.66666667,discharging,93624666.66666667,0.0,93624666.66666667,0.0,663.4262204681396,0.0,0.04801292172801439,0,251,0.0,18.55,94807171.55592325,1.0,654.15,1445.0192143476306,11210.616829609662,2545018854.5187936,2354824231.253262,368.40859138904943,1179081600.8618026,26281165.448397636,1152800435.413405,0.32854482422361625,15.258478853935463,1685525214.1651475,52530550.073292635,0.6632701085505877
0.0,93624666.66666667,discharging,53641158.216518454,0.0,53641158.216518454,0.0,380.10229701344724,0.0,0.0,1,251,0.0,18.24,54319784.43845946,1.0,654.15,1445.019214351311,11210.616829520482,2545018854.498548,2318234489.9295297,365.78675583619184,1175183955.0679963,25777286.781012814,1149406668.2869835,0.3314015833961167,26.497192953290604,1687362126.004739,30123129.25612712,0.6692381578043893
0.0,93624666.66666667,shutdown,0.0,0.0,0.0,0.0,0.0,0.0,0.0,2,251,0.0,17.95,0.0,1.0,567.279923475184,1445.0192143395443,11210.616829589719,2545018854.514266,2259509896.4020257,362.89907080586624,1179588764.1577837,25103923.8280255,1154484840.3297582,0.3381619333127587,,1689080527.4030662,0.0,0.68349899344631
0.0,93624666.66666667,shutdown,0.0,0.0,0.0,0.0,0.0,0.0,0.0,3,251,0.0,17.27,0.0,1.0,567.279923475184,1445.019214165251,11210.616829435743,2545018854.4793105,2259509895.6165357,362.89907080586624,1179588764.8590722,25103923.743798476,1154484841.1152737,0.33816193354284524,,1693109882.406041,0.0,0.681872365823452
0.0,93624666.66666667,shutdown,0.0,0.0,0.0,0.0,0.0,0.0,0.0,4,251,0.0,16.6,0.0,1.0,567.279923475184,1445.0192143110773,11210.616829227076,2545018854.431939,2259509895.5744786,362.89907080586624,1179588764.9014492,25103923.744118,1154484841.1573312,0.3381619335551644,,1697079982.1883836,0.0,0.6802772133748368
0.0,93624666.66666667,shutdown,0.0,0.0,0.0,0.0,0.0,0.0,0.0,5,251,0.0,16.0,0.0,1.0,567.279923475184,1445.0192142956241,11210.61682929943,2545018854.4483647,2259509895.5890617,362.89907080586624,1179588764.887627,25103923.74487737,1154484841.1427495,0.33816193355089325,,1700635295.4263024,0.0,0.678855039788735
0.0,93624666.66666667,shutdown,0.0,0.0,0.0,0.0,0.0,0.0,0.0,6,251,0.0,15.65,0.0,1.0,567.279923475184,1445.0192142005494,11210.616829647264,2545018854.52733,2259509895.659168,362.89907080586624,1179588764.899503,25103923.82686152,1154484841.0726414,0.33816193353035773,,1702709228.1484218,0.0,0.678028181199243
173182192.9314859,93624666.66666667,charging,93624666.66666667,79557526.26481923,0.0,563.7461882516405,0.0,-1.4901161193847656e-08,0.07121004483178617,7,251,576.6274471299868,17.09,95531729.64286093,723.668744791018,665.9135845389204,1445.019214306153,11210.61682931734,2545018854.4524307,2355479483.2743635,368.4556308784992,1179150906.84453,27005723.452198934,1152145183.3923311,0.3282902883199111,15.136617768479253,1694176476.3774166,53894000.8814898,0.6590953845287596
195030921.46361834,93624666.66666667,charging,93624666.66666667,101406254.79695167,0.0,718.5667062644188,0.0,0.0,0.1619763656230812,8,251,670.7175598500062,19.13,95771993.39456247,814.9670571895866,665.9141762345266,1445.0192141584012,11210.616829414701,2545018854.4745336,2355696768.5506587,368.4712300724034,1179173885.3201978,27245987.204189286,1151927898.1160085,0.3282059063335032,15.096615600662734,1682088411.3684926,53736188.73930281,0.6636199867454772
223568542.92871165,93624666.66666667,charging,93624666.66666667,129943876.26204498,0.0,920.7848505184684,0.0,0.0,0.2782860309517299,9,251,825.5429890788832,21.71,96085812.84578393,934.2159496732124,665.9149446290357,1445.0192143427014,11210.616829527782,2545018854.500205,2355980577.316059,368.49160555089173,1179203896.0887892,27559806.73818138,1151644089.3506079,0.32809570784166053,15.044668184815492,1666800564.445442,53540044.79504465,0.6694279511654656
197979071.82056493,93624666.66666667,charging,93624666.66666667,104354405.15389825,0.0,739.4573573963947,0.0,0.0,0.37169117083337966,10,251,814.0770392914216,23.83,95804413.29782133,827.2863622645073,665.9142558480524,1445.0192143427018,11210.61682961379,2545018854.51973,2355726088.028994,368.47333497747815,1179176985.827951,27278407.190278158,1151898578.637673,0.32819452111730235,15.091233282587613,1654238457.6714623,53078199.80813878,0.6746836174714916
173230988.41138166,93624666.66666667,charging,93624666.66666667,79606321.74471499,0.0,564.0919539772311,0.0,0.0,0.44294489133576675,11,251,782.4674664324386,25.57,95532266.2317548,723.8726442976007,665.9135858636822,1445.0192142023236,11210.616829619055,2545018854.520926,2355479968.603789,368.45566571603194,1179150958.1873658,27006260.124487754,1152144698.0628781,0.3282900998371375,15.136528205626787,1643928049.281498,52677759.01857471,0.6790880311893299
161854306.69222564,93624666.66666667,charging,93624666.66666667,68229640.02555896,0.0,483.4765646452674,0.0,0.0,0.5040156152909584,12,251,760.3295418261852,26.8,95407160.35990761,676.3334092282904,665.9132765928348,1445.0192141689292,11210.61682943263,2545018854.4786043,2355366828.3170767,368.44754335399773,1179138992.518445,26881154.16885482,1152257838.3495903,0.3283340421039719,15.157436942554797,1636639657.1437643,52432528.74364677,0.6821838924215147
184935488.54124424,93624666.66666667,charging,93624666.66666667,91310821.87457757,0.0,647.030270983685,0.0,0.0,0.5857457547836344,13,251,830.3994623993301,27.83,95660977.02189745,772.7817196130688,665.9139032039151,1445.019214302466,11210.6168293204,2545018854.4531255,2355596369.401592,368.464022247729,1179163268.0962908,27134970.831214048,1152028297.2650769,0.3282448945375413,15.115074051145495,1630536369.4186702,52424095.0082867,0.6845248724588068
195109106.70268795,93624666.66666667,charging,93624666.66666667,101484440.03602128,0.0,719.1207283987461,0.0,0.0,0.6765820573182129,14,251,803.4015155192554,28.23,95772853.17360158,815.2937663786836,665.9141783465794,1445.0192143407842,11210.616829502596,2545018854.494488,2355697546.1224465,368.4712858945453,1179173967.610916,27246847.06669946,1151927120.5442164,0.3282056043890768,15.096472813873785,1628166160.593391,52427894.57679337,0.6854285346306114
212096025.67405203,93624666.66666667,charging,93624666.66666667,118471359.00738536,0.0,839.4903687061858,0.0,0.0,0.7826229459968889,15,251,785.9376193245259,27.59,95959653.10001165,886.2762509043132,665.9146363265237,1445.0192143061436,11210.616829317223,2545018854.4524045,2355866481.8988338,368.48341423799593,1179191831.6771507,27433646.90931751,1151758184.7678332,0.32814000689455086,15.065510929547504,1631958494.7138379,52622407.60485954,0.6837060678905511
216002823.11980885,93624666.66666667,charging,93624666.66666667,122378156.45314218,0.0,867.1740118725846,0.0,0.0,0.8921607159176365,16,251,735.3830427705267,26.69,96002614.95063213,902.6014120300999,665.9147414051915,1445.0192142042306,11210.616829644116,2545018854.526615,2355905335.418553,368.486203655748,1179195940.090747,27476608.842633404,1151719331.2481136,0.3281249211446278,15.058407088211753,1637291464.5707157,52775723.76324758,0.681463636001038
146862756.94955164,93624666.66666667,charging,93624666.66666667,53238090.28288497,0.0,377.24614974667605,0.0,0.0,0.9398128611487956,17,251,495.1872828916612,25.83,95242302.89556134,613.6888855557842,665.9128678153504,1445.0192142992978,11210.616829296234,2545018854.4476395,2355217739.150336,368.43684034474467,1179123224.2218957,26716296.70556635,1152406927.5163293,0.3283919513239226,15.185073164888543,1642387413.545066,52480636.7737845,0.6799390237485038
41789045.12110693,93624666.66666667,direct_plus_discharge,93624666.66666667,0.0,51835621.54555974,0.0,367.3082288241798,0.0,0.8934160322446886,18,251,183.85719588221832,24.44,94737448.8720192,174.6220284944119,659.1082599144328,1445.0192143426905,11210.616829613748,2545018854.519721,2354761178.5534816,368.40406508963883,1179074930.877648,26211442.764468264,1152863488.11318,0.3285693229864776,15.270303584576927,1650623889.2129114,51963114.025291175,0.6771245674497183
0.0,93624666.66666667,discharging,93624666.66666667,0.0,93624666.66666667,0.0,663.4262204681396,0.0,0.809614825448713,19,251,0.0,22.77,94807171.55591986,1.0,654.149999999997,1445.0192142005485,11210.616829647264,2545018854.52733,2354824231.260866,368.4085913890285,1179081600.8537254,26281165.44792753,1152800435.405798,0.32854482422144865,15.258478853865881,1660519511.0584524,51918937.65417266,0.6731923335828209
0.0,93624666.66666667,discharging,93624666.66666667,0.0,93624666.66666667,0.0,663.4262204681396,0.0,0.7258136186527374,20,251,0.0,21.19,94807171.5559233,1.0,654.15,1445.0192143005565,11210.616829295299,2545018854.4474273,2354824231.1896343,368.40859138922184,1179081600.8429947,26281165.36596287,1152800435.4770317,0.3285448242417497,15.258478854522341,1669881835.918305,52147929.98171178,0.6694428042447466
0.0,93624666.66666667,discharging,93624666.66666667,0.0,93624666.66666667,0.0,663.4262204681396,0.0,0.6420124118567618,21,251,0.0,19.96,94807171.5559233,1.0,654.15,1445.019214165245,11210.616829349654,2545018854.459767,2354824231.200631,368.4085913891921,1179081600.8308191,26281165.36478339,1152800435.4660358,0.3285448242386159,15.258478854420973,1677170228.0560384,52326196.160743795,0.6665526562092152
0.0,93624666.66666667,discharging,93624666.66666667,0.0,93624666.66666667,0.0,663.4262204681396,0.0,0.5582112050607864,22,251,0.0,18.87,94807171.5559233,1.0,654.15,1445.019214351319,11210.616829606599,2545018854.5180984,2354824231.252641,368.4085913890511,1179081600.8624425,26281165.448415924,1152800435.4140265,0.3285448242237934,15.258478853941208,1683629047.1049242,52484171.880373776,0.6640122445976196
0.0,93624666.66666667,discharging,93624666.66666667,0.0,93624666.66666667,0.0,663.4262204681396,0.0,0.4744099982648108,23,251,0.0,18.07,94807171.5559233,1.0,654.15,1445.0192142992998,11210.616829296228,2545018854.4476385,2354824231.189822,368.40859138922144,1179081600.8427715,26281165.36592677,1152800435.4768448,0.3285448242416964,15.258478854520627,1688369464.7554827,52600117.36267101,0.6621600097540408
0.0,93624666.66666667,discharging,93624666.66666667,0.0,93624666.66666667,0.0,663.4262204681396,0.0,0.3906087914688352,0,252,0.0,17.48,94807171.5559233,1.0,654.15,1445.0192141603136,11210.616829353841,2545018854.460717,2354824231.201481,368.4085913891897,1179081600.8299665,26281165.36478044,1152800435.465186,0.3285448242383737,15.258478854413115,1691865522.7727692,52685627.15586523,0.6608005936153517
0.0,93624666.66666667,discharging,93624666.66666667,0.0,93624666.66666667,0.0,663.4262204681396,0.0,0.3068075846728596,1,252,0.0,17.19,94807171.5559233,1.0,654.15,1445.0192142091648,11210.61682972606,2545018854.5452175,2354824231.2768197,368.4085913889854,1179081600.837866,26281165.44801837,1152800435.3898478,0.3285448242169025,15.258478853718183,1693583924.1710968,52727657.393197976,0.6601344499801134
0.0,93624666.66666667,discharging,93624666.66666667,0.0,93624666.66666667,0.0,663.4262204681396,0.0,0.2230063778768841,2,252,0.0,16.76,94807171.5559233,1.0,654.15,1445.0192143358477,11210.616829506713,2545018854.4954224,2354824231.2324243,368.40859138910594,1179081600.8832376,26281165.44899765,1152800435.4342399,0.3285448242295541,15.258478854127638,1696131898.658272,52789978.08993275,0.6591491882860189
0.0,93624666.66666667,discharging,93624666.66666667,0.0,93624666.66666667,0.0,663.4262204681396,0.0,0.13920517108090855,3,252,0.0,16.15,94807171.5559233,1.0,654.15,1445.0192143463842,11210.616829610704,2545018854.51903,2354824231.253472,368.40859138904887,1179081600.8615882,26281165.448391996,1152800435.4131963,0.3285448242235568,15.258478853933543,1699746467.1168227,52878386.52018439,0.6577565261732602
0.0,93624666.66666667,discharging,93624666.66666667,0.0,93624666.66666667,0.0,663.4262204681396,0.0,0.05540396428493303,4,252,0.0,15.73,94807171.5559233,1.0,654.15,1445.0192143110712,11210.61682931305,2545018854.451457,2354824231.1932225,368.4085913892121,1179081600.8386807,26281165.365234632,1152800435.4734461,0.3285448242407278,15.258478854489333,1702235186.3833659,52939257.89839044,0.6568010599910422
0.0,93624666.66666667,discharging,61898603.68977251,0.0,61898603.68977251,0.0,438.61471725571977,0.0,0.0,5,252,0.0,15.51,62681291.580680914,1.0,654.15,1445.0192141534824,11210.6168293329,2545018854.455963,2325786986.334462,366.3271030999076,1175992965.7224376,25881348.367145866,1150111617.3552918,0.33080731907766875,22.986695597286424,1703538801.2372692,35021608.591031216,0.6615310062587221
0.0,93624666.66666667,shutdown,0.0,0.0,0.0,0.0,0.0,0.0,0.0,6,252,0.0,15.44,0.0,1.0,567.279923475184,1445.0192143073862,11210.616829316159,2545018854.4521627,2259509895.5923963,362.89907080586624,1179588764.8835351,25103923.74416093,1154484841.1393743,0.3381619335499046,,1703953587.7816935,0.0,0.6775330322478738
141055228.36875188,93624666.66666667,charging,93624666.66666667,47430561.70208521,0.0,336.093888555316,0.0,0.0,0.04245396487014518,7,252,480.3726998820647,17.49,95178439.28890416,589.421223579313,665.9127090807116,1445.0192143476258,11210.616829523591,2545018854.4992537,2355159984.2454696,368.4326941955173,1179117115.6025796,26652433.181301553,1152464682.421278,0.32841438597656836,15.195804794891357,1691806267.5521374,53637466.699395776,0.6602703139642989
185542729.28212276,93624666.66666667,charging,93624666.66666667,91918062.61545609,0.0,651.3331907587655,0.0,0.0,0.1247276310712524,8,252,641.647214966732,20.0,95667654.66166817,775.319169551189,665.9139196445873,1445.0192141974037,11210.616829709323,2545018854.541418,2355602408.482235,368.4644557958494,1179163906.73891,27141648.55447873,1152022258.1844313,0.32824254930642033,15.113962563120449,1676933207.1735103,53552642.29034511,0.6657218598703679
202663624.8367113,93624666.66666667,charging,93624666.66666667,109038958.17004463,0.0,772.6521917571894,0.0,-1.4901161193847656e-08,0.2223258026616342,9,252,756.4459456521347,22.28,95855927.88737959,846.8614960800421,665.9143822418715,1445.019214342699,11210.616829613817,2545018854.519737,2355772676.1036844,368.47667964687355,1179181912.3428257,27329921.779843543,1151851990.562982,0.32817643066514535,15.082688372884594,1663423016.869419,53329865.18179486,0.6709480453510142
188044503.74682844,93624666.66666667,charging,93624666.66666667,94419837.08016177,0.0,669.0608135816332,0.0,0.0,0.30683874753510365,10,252,780.9675511042619,24.07,95695165.90644969,785.7732234927512,665.9139873544623,1445.0192141652365,11210.616829349592,2545018854.459753,2355627288.540425,368.4662419777884,1179166537.8415332,27169159.71529267,1151997378.1262405,0.32823288737918466,15.109384976853777,1652816332.3762946,52983167.43392747,0.6753416085855374
174292149.7967758,93624666.66666667,charging,93624666.66666667,80667483.13010912,0.0,571.6113643237078,0.0,0.0,0.37904228829178255,11,252,792.7732266987082,25.74,95543935.49732494,728.3068722906178,665.91361466976,1445.0192142956123,11210.616829299333,2545018854.4483433,2355490521.7331347,368.45642333659487,1179152074.2408524,27017929.307319637,1152134144.9335327,0.3282860012893008,15.134580732640382,1642920710.5307539,52659804.205073915,0.679492442217075
139488106.17431659,93624666.66666667,charging,93624666.66666667,45863439.50764991,0.0,324.9892300130592,0.0,0.0,0.42009355945132687,12,252,672.7363655526445,26.86,95161206.12784135,582.8727596051341,665.9126662108299,1445.0192143061445,11210.616829231189,2545018854.4328732,2355144399.4249816,368.43157539077606,1179115467.1787672,26635199.937081255,1152480267.2416859,0.3284204399698644,15.198703120541849,1636284125.8199723,52288747.17182731,0.6825173409304691
178033406.65002018,93624666.66666667,charging,93624666.66666667,84408739.98335351,0.0,598.1219836115214,0.0,0.0,0.49564581001278224,13,252,809.8528167634385,27.48,95585076.94893329,743.9402962881951,665.913716173202,1445.019214200555,11210.61682973335,2545018854.5468726,2355527728.455157,368.4590944297917,1179156009.0525284,27059070.841019597,1152096938.2115088,0.32827155146587506,15.127718463598718,1632610302.1407895,52432727.04947013,0.683719595436767
191896941.67553765,93624666.66666667,charging,93624666.66666667,98272275.00887097,0.0,696.3592641462814,0.0,0.0,0.5836069802207335,14,252,798.3869467075987,26.59,95737529.98217072,801.8712349168081,665.9140915437724,1445.019214202322,11210.616829705074,2545018854.540454,2355665601.126321,368.4689924982607,1179170589.4153132,27211523.874966964,1151959065.5403464,0.32821800938094603,15.102341175489029,1637884016.777036,52644332.82466687,0.6814195489899674
190727681.91798836,93624666.66666667,charging,93624666.66666667,97103015.25132169,0.0,688.0738666189586,0.0,0.0,0.6705215738989178,15,252,718.5692719462171,24.49,95724671.99203071,796.9853010528393,665.9140599308282,1445.0192143426918,11210.616829527715,2545018854.5001903,2355653972.7908735,368.4681576818779,1179169359.760203,27198665.884406548,1151970693.8757963,0.3282225249942375,15.104478392467907,1650327613.1097515,52939133.90823117,0.6763301731174078
206131933.90350842,93624666.66666667,charging,93624666.66666667,112507267.23684175,0.0,797.228697687969,0.0,0.0,0.7712241462384507,16,252,707.7537333566256,24.71,95894067.81608175,861.3543652742171,665.914475732957,1445.0192143426962,11210.616829613766,2545018854.519725,2355807168.6318574,368.47915595739534,1179185559.7433393,27368061.708531395,1151817498.034808,0.328163037339611,15.076367879858916,1649023998.255848,53001161.77396659,0.6767335319617904
174053050.53439677,93624666.66666667,charging,93624666.66666667,80428383.8677301,0.0,569.9171022707213,0.0,0.0,0.8432136749463313,17,252,578.0495500609569,24.24,95541306.19623183,727.30775881274,665.9136081798309,1445.0192143042366,11210.616829206088,2545018854.427175,2355488143.884349,368.4562526306881,1179151822.7885127,27015300.00619314,1152136522.7823195,0.32828692477509175,15.13501949307365,1651808993.625551,52873565.6655046,0.6758657302515435
3994420.6016605683,93624666.66666667,direct_plus_discharge,93624666.66666667,0.0,89630246.0650061,0.0,635.1216779040033,0.0,0.7629877787900361,18,252,73.25787535495473,23.33,94798127.00013942,16.69130811915909,654.5759588265023,1445.0192142091614,11210.616829726006,2545018854.5452056,2354816051.9555545,368.40800422694787,1179080735.603333,26272120.89227656,1152808614.7110565,0.32854800218918684,15.260011798033077,1657201218.7030613,51860789.760641344,0.6745270850338138
0.0,93624666.66666667,discharging,93624666.66666667,0.0,93624666.66666667,0.0,663.4262204681396,0.0,0.6791865719940605,19,252,0.0,22.93,94807171.5559231,1.0,654.1499999999999,1445.0192143463848,11210.616829610706,2545018854.5190306,2354824231.2534723,368.40859138904887,1179081600.8615878,26281165.448394425,1152800435.4131932,0.32854482422355596,15.258478853933543,1659571427.5283403,51895748.55771517,0.6735743761382126
0.0,93624666.66666667,discharging,93624666.66666667,0.0,93624666.66666667,0.0,663.4262204681396,0.0,0.5953853651980849,20,252,0.0,21.39,94807171.5559233,1.0,654.15,1445.019214295609,11210.616829213277,2545018854.428807,2354824231.17303,368.40859138926703,1179081600.8594816,26281165.36584418,1152800435.4936373,0.32854482424648224,15.258478854675548,1668696731.5056653,52118943.61113748,0.6699151176754532
0.0,93624666.66666667,discharging,93624666.66666667,0.0,93624666.66666667,0.0,663.4262204681396,0.0,0.5115841584021094,21,252,0.0,20.47,94807171.5559233,1.0,654.15,1445.019214163999,11210.616829436802,2545018854.479551,2354824231.2182727,368.40859138914425,1179081600.813258,26281165.36486326,1152800435.4483948,0.3285448242335882,15.258478854258227,1674148211.8038073,52252280.91577929,0.6677479763877942
0.0,93624666.66666667,discharging,93624666.66666667,0.0,93624666.66666667,0.0,663.4262204681396,0.0,0.4277829516061338,22,252,0.0,19.95,94807171.5559233,1.0,654.15,1445.019214346383,11210.616829524686,2545018854.499502,2354824231.236065,368.40859138909605,1179081600.8789327,26281165.44832924,1152800435.4306035,0.3285448242285178,15.258478854094072,1677229483.2766702,52327645.47927251,0.6665292613143134
