Q_solar,Q_design,mode,Q_to_pb,Q_to_storage,Q_from_storage,m_dot_charge,m_dot_discharge,Q_defocus,tank_soc,hour,day_of_year,DNI,T_amb,Q_sg_oil,m_oil_field,T_sg_oil_in,m_steam,m_orc,Q_nuclear_condenser,Q_orc_condenser,T_orc_live,P_turbine,P_pumps,P_net,efficiency,solar_efficiency,ex_nuclear,ex_solar,efficiency_II
0.0,112349600.0,shutdown,0.0,0.0,0.0,0.0,0.0,0.0,0.0,23,222,0.0,27.35,0.0,1.0,567.279923475184,1445.0192141534708,11210.61682941886,2545018854.4754777,2259509895.613075,362.89907080586624,1179588764.8631473,25103923.744471643,1154484841.1186757,0.3381619335438417,,1633380620.0090048,0.0,0.7068069909586113
0.0,112349600.0,shutdown,0.0,0.0,0.0,0.0,0.0,0.0,0.0,0,223,0.0,26.49,0.0,1.0,567.279923475184,1445.01921434638,11210.616829524635,2545018854.4994907,2259509895.634452,362.89907080586624,1179588764.924609,25103923.827249113,1154484841.09736,0.3381619335375981,,1638476568.9833553,0.0,0.7046086974644359
0.0,112349600.0,shutdown,0.0,0.0,0.0,0.0,0.0,0.0,0.0,1,223,0.0,25.36,0.0,1.0,567.279923475184,1445.0192143110876,11210.61682931321,2545018854.4514933,2259509895.591839,362.89907080586624,1179588764.8841846,25103923.744212776,1154484841.1399717,0.3381619335500796,,1645172408.9147692,0.0,0.7017409451338432
0.0,112349600.0,shutdown,0.0,0.0,0.0,0.0,0.0,0.0,0.0,2,223,0.0,24.29,0.0,1.0,567.279923475184,1445.0192141986447,11210.616829708228,2545018854.5411696,2259509895.671455,362.89907080586624,1179588764.8880131,25103923.827656988,1154484841.0603561,0.3381619335267593,,1651512717.522391,0.0,0.6990468973150391
0.0,112349600.0,shutdown,0.0,0.0,0.0,0.0,0.0,0.0,0.0,3,223,0.0,23.04,0.0,1.0,567.279923475184,1445.0192143463692,11210.616829610619,2545018854.5190105,2259509895.651782,362.89907080586624,1179588764.90733,25103923.827300828,1154484841.0800292,0.3381619335325218,,1658919620.1013885,0.0,0.6959257260514349
0.0,112349600.0,shutdown,0.0,0.0,0.0,0.0,0.0,0.0,0.0,4,223,0.0,22.04,0.0,1.0,567.279923475184,1445.0192141603186,11210.616829439874,2545018854.4802485,2259509895.617368,362.89907080586624,1179588764.858222,25103923.74378052,1154484841.1144414,0.3381619335426015,,1664845142.1645865,0.0,0.6934487850403981
0.0,112349600.0,shutdown,0.0,0.0,0.0,0.0,0.0,0.0,0.0,5,223,0.0,21.02,0.0,1.0,567.279923475184,1445.0192143042304,11210.616829206077,2545018854.427172,2259509895.570246,362.89907080586624,1179588764.9063792,25103923.744813975,1154484841.1615653,0.3381619335564046,,1670889174.6690485,0.0,0.6909404038662427
74616793.12353167,112349600.0,direct_partial,74616793.12353167,0.0,0.0,0.0,0.0,0.0,0.0,6,223,295.48703842435293,20.83,75439962.69554041,311.7978823688864,665.8498495068521,1445.0192143476281,11210.616829609608,2545018854.518781,2337315311.1523776,367.1527563207378,1177223312.1023538,25921830.131134674,1151301481.971219,0.3299387564421243,19.131186291946193,1672015023.8610563,42132393.05403561,0.6716467152184539
173411329.25441748,112349600.0,charging,112349600.0,61061729.25441748,0.0,432.68460862707497,0.0,0.0,0.05465489793184105,7,223,582.7343139944613,25.06,114259182.71798515,724.6262265759237,665.9522570405718,1445.0192141689301,11210.616829346609,2545018854.4590755,2372420914.4787455,369.67280001537665,1180936928.7148108,27008243.193454076,1153928685.5213568,0.32705326501338,12.68691728655202,1646950065.5337286,63094507.59585472,0.6747945074961006
214102549.8664209,112349600.0,charging,112349600.0,101752949.8664209,0.0,721.0233943123646,0.0,0.0,0.14573153721340287,8,223,712.7758799170493,29.36,114706651.56311335,894.660824509169,665.9530269105304,1445.019214197386,11210.616829623137,2545018854.5218525,2372825832.7706013,369.701913807293,1180979479.3518813,27455712.12248288,1153523767.2293985,0.3268970422118884,12.634266739963286,1621470320.661977,62601010.831459634,0.6849613467420362
223445875.131732,112349600.0,charging,112349600.0,111096275.13173199,0.0,787.230380014528,0.0,0.0,0.24517116416260643,9,223,771.1695635197646,31.92,114809397.23905976,933.703363193252,665.9532028389184,1445.0192143476293,11210.616829609644,2545018854.5187893,2372918808.9862466,369.708598978094,1180989248.8119502,27558457.798196983,1153430791.0137532,0.3268611764399056,12.622235294211276,1606300984.1801906,62215757.52622273,0.6912911103511763
224966777.0974966,112349600.0,charging,112349600.0,112617177.09749661,0.0,798.0075211117793,0.0,-1.4901161193847656e-08,0.3459721141977785,10,223,815.5964308468866,33.72,114826122.13047561,940.0586887488681,665.9532314467191,1445.019214342697,11210.616829613773,2545018854.5197268,2372933943.639603,369.7096871940149,1180990839.0499904,27575182.689594664,1153415656.3603957,0.3268553384160618,12.620278858472524,1595635044.466434,61914460.418690324,0.6958559324840996
219151842.53611672,112349600.0,charging,112349600.0,106802242.53611672,0.0,756.802780997075,0.0,0.0,0.4415682549553038,11,223,825.3000262252257,35.1,114762177.08252804,915.7600797299739,665.9531220242807,1445.0192143042425,11210.616829206132,2545018854.4271846,2372876078.5861254,369.7055265788692,1180984758.973043,27511237.55916649,1153473521.4138765,0.3268776595104896,12.627762067006012,1587457824.0192208,61642160.19881791,0.6994563898203081
216226389.28255615,112349600.0,charging,112349600.0,103876789.28255615,0.0,736.0729619839312,0.0,0.0,0.5345458922585372,12,223,817.8287812436515,36.01,114730006.7723386,903.5356180338147,665.9530669285836,1445.0192141639989,11210.616829436747,2545018854.4795384,2372846967.21156,369.70343341287196,1180981700.0363731,27479067.24793013,1153502632.788443,0.3268888893666109,12.631529969809586,1582065598.9417107,61468101.90969461,0.7018430058299931
232185456.73250136,112349600.0,charging,112349600.0,119835856.73250136,0.0,849.1592262929801,0.0,0.0,0.6418081103165978,13,223,845.4780312646234,36.5,114905503.73150954,970.2230650169238,665.953367115006,1445.0192143061374,11210.616829231161,2545018854.4328666,2373005777.4981766,369.71485223664183,1180998386.709232,27654564.207407072,1153343822.501825,0.3268276300632773,12.611000763777925,1579162093.1307435,61477604.74122275,0.7029842225552625
250447810.71138638,112349600.0,charging,112349600.0,138098210.71138638,0.0,978.5666240271561,0.0,0.0,0.765416525983186,14,223,858.2632849960625,36.6,115106329.2246458,1046.5351532121429,665.9537095048761,1445.0192143042368,11210.616829292168,2545018854.4467163,2373187509.1655602,369.7279193445269,1181017480.535792,27855389.70135216,1153162090.83444,0.3267575366843064,12.587585472080091,1578569540.9244237,61567794.98651947,0.7030887387207523
252519431.10413295,112349600.0,charging,112349600.0,140169831.10413295,0.0,993.2461666769341,0.0,0.0,0.8908791996686934,15,223,818.1172209769102,36.46,115129110.19731714,1055.1917414209329,665.953748269152,1445.0192141603252,11210.616829439967,2545018854.4802694,2373208124.300078,369.7294016514463,1181019646.372857,27878170.672937512,1153141475.6999197,0.3267495860006795,12.584934477011927,1579399114.0132716,61604186.13039077,0.7027051533649977
227435729.8282187,112349600.0,charging,112349600.0,115086129.8282187,0.0,815.5025684852362,0.0,0.0,0.9938900504247232,16,223,725.5211752845889,35.9,114853272.4447368,950.3755919670693,665.9532778694213,1445.01921430246,11210.616829234326,2545018854.433585,2372958512.3834915,369.7114537513075,1180993420.5371528,27602332.92064413,1153391087.6165087,0.3268458614085296,12.617104096541377,1582717406.3686626,61553131.0855621,0.7014606546452326
204645567.79672608,112349600.0,charging,112349600.0,6826178.455020724,0.0,48.370434137607354,0.0,85469789.34170535,1.0,17,223,658.5077342976938,35.12,113662771.03694531,497.99453710669286,665.9512215093382,1445.0192141534778,11210.616829418906,2545018854.475488,2371881225.6041245,369.6339977169297,1180880205.9091163,26411831.513241548,1154468374.3958747,0.3272615466178822,12.75773723645469,1587339313.577957,61048072.99923355,0.7003622957787135
131275595.24071562,112349600.0,charging,112349600.0,0.0,0.0,0.0,0.0,18925995.240715623,1.0,18,223,459.082031740249,34.05,113587705.65073909,469.470288102532,665.9506666706008,1445.0192143024633,11210.616829234337,2545018854.433588,2371813300.1317425,369.62911417258806,1180873065.9949074,26336766.12664993,1154536299.8682575,0.3272877660897955,12.766703435599663,1593679622.1855786,61190215.983284876,0.6976598843240553
0.0,112349600.0,discharging,112349600.0,0.0,112349600.0,0.0,796.1114645617674,0.0,0.8994385518448293,19,223,0.0,32.53,113768079.54028897,1.0,654.15,1445.0192143061454,11210.616829317225,2545018854.452405,2371976517.7915425,369.64084886159753,1180890222.2247193,26517140.0162625,1154373082.2084568,0.32722476539866124,12.745178581031727,1602686415.7216399,60605002.9464259,0.6940293620542203
0.0,112349600.0,discharging,112349600.0,0.0,112349600.0,0.0,796.1114645617674,0.0,0.7988771036896588,20,223,0.0,30.58,113768079.54028903,1.0,654.15,1445.0192141584077,11210.616829414792,2545018854.4745545,2371976517.8112903,369.6408488615332,1180890222.2053154,26517140.016606078,1154373082.1887093,0.3272247653930635,12.745178580879932,1614241183.7448757,60944141.913182124,0.689101715796872
0.0,112349600.0,discharging,112349600.0,0.0,112349600.0,0.0,796.1114645617674,0.0,0.6983156555344882,21,223,0.0,29.88,113768079.54028903,1.0,654.15,1445.0192142054716,11210.616829643051,2545018854.5263734,2371976517.8574896,369.64084886138244,1180890222.241465,26517140.098954014,1154373082.1425111,0.3272247653799679,12.745178580524835,1618389049.1891143,61065884.10637665,0.6873498414615723
0.0,112349600.0,discharging,112349600.0,0.0,112349600.0,0.0,796.1114645617674,0.0,0.5977542073793176,22,223,0.0,28.58,113768079.54028903,1.0,654.15,1445.0192143463823,11210.6168296107,2545018854.519029,2371976517.8509407,369.64084886140375,1180890222.2484837,26517140.099424586,1154373082.149059,0.32722476538182405,12.745178580575171,1626092227.8712716,61291976.750880785,0.6841198815225085
0.0,112349600.0,discharging,112349600.0,0.0,112349600.0,0.0,796.1114645617674,0.0,0.497192759224147,23,223,0.0,27.37,113768079.54028903,1.0,654.15,1445.0192143395416,11210.616829503677,2545018854.494733,2371976517.8292823,369.6408488614745,1180890222.270774,26517140.100056693,1154373082.1707172,0.3272247653879634,12.745178580741621,1633262109.5677412,61502416.82768847,0.6811406919319564
0.0,112349600.0,discharging,112349600.0,0.0,112349600.0,0.0,796.1114645617674,0.0,0.3966313110689764,0,224,0.0,26.4,113768079.54028903,1.0,654.15,1445.0192143061395,11210.616829317196,2545018854.4523983,2371976517.7915325,369.6408488615976,1180890222.2247212,26517140.01625345,1154373082.2084677,0.32722476539866435,12.74517858103185,1639009865.9690435,61671116.72397232,0.6787710887320716
0.0,112349600.0,discharging,112349600.0,0.0,112349600.0,0.0,796.1114645617674,0.0,0.29606986291380577,1,224,0.0,25.51,113768079.54028903,1.0,654.15,1445.0192141603204,11210.616829439892,2545018854.4802527,2371976517.8163695,369.64084886151653,1180890222.199516,26517140.015886396,1154373082.1836298,0.32722476539162365,12.7451785808409,1644283580.6052895,61825903.22674822,0.6766113740783092
0.0,112349600.0,discharging,112349600.0,0.0,112349600.0,0.0,796.1114645617674,0.0,0.1955084147586352,2,224,0.0,24.82,113768079.54028903,1.0,654.15,1445.0192143395411,11210.616829503679,2545018854.4947333,2371976517.8292828,369.6408488614745,1180890222.2707736,26517140.100056253,1154373082.1707175,0.32722476538796347,12.745178580741621,1648372190.828896,61945906.24575426,0.6749464232093269
0.0,112349600.0,discharging,112349600.0,0.0,112349600.0,0.0,796.1114645617674,0.0,0.09494696660346458,3,224,0.0,24.16,113768079.54028903,1.0,654.15,1445.0192143061345,11210.616829317196,2545018854.4523983,2371976517.7915325,369.6408488615976,1180890222.2247207,26517140.01625455,1154373082.208466,0.32722476539866385,12.745178581031835,1652283035.3906069,62060691.74219481,0.6733615108442267
0.0,112349600.0,discharging,106076970.00000013,0.0,106076970.00000013,0.0,751.6634856107612,0.0,0.0,4,224,0.0,23.78,107416400.83827476,1.0,654.15,1445.0192142054789,11210.616829643108,2545018854.5263863,2366229543.304712,369.22776412570647,1180285518.0922415,26438091.396956887,1153847426.6952846,0.32766571610804407,13.488295265908999,1654534733.7746222,58658238.4888,0.6735069810442043
0.0,112349600.0,shutdown,0.0,0.0,0.0,0.0,0.0,0.0,0.0,5,224,0.0,23.32,0.0,1.0,567.279923475184,1445.0192143358447,11210.616829592753,2545018854.5149546,2259509895.648181,362.89907080586624,1179588764.9116244,25103923.827996626,1154484841.0836277,0.33816193353357576,,1657260473.923693,0.0,0.6966224436345212
86630450.47318651,112349600.0,direct_partial,86630450.47318651,0.0,0.0,0.0,0.0,0.0,0.0,6,224,331.38675910712817,22.73,87585730.54225409,361.998819240113,665.8914794448935,1445.0192142005496,11210.616829733266,2545018854.5468535,2348294386.748097,367.9399838616489,1178390004.35296,26053940.62779725,1152336063.7251627,0.3290897760046311,16.503341871672095,1660756531.9409797,48668179.03003843,0.6741075265435891
178781173.3308209,112349600.0,charging,112349600.0,66431573.33082089,0.0,470.73542885370546,0.0,0.0,0.05946131732888911,7,224,598.8100526674673,24.17,114318233.24260429,747.0649557357497,665.9523589814845,1445.0192143426862,11210.616829527671,2545018854.5001802,2372474349.491081,369.6766419551366,1180942544.3105607,27067293.80163786,1153875250.5089228,0.32703264678268135,12.679945620196769,1652223780.1699748,63279901.972670145,0.6726160150631362
220477638.19004697,112349600.0,charging,112349600.0,108128038.19004697,0.0,766.197394949951,0.0,0.0,0.1562441461646724,8,224,732.7396056931765,28.69,114776756.44980319,921.30012319801,665.9531469831282,1445.0192143005609,11210.616829295273,2545018854.4474216,2372889271.7134147,369.7064751898387,1180986145.213088,27525816.926504668,1153460328.2865834,0.32687257026909383,12.626055173954676,1625440420.4443197,62754754.11562652,0.6832505776989029
221377451.8697555,112349600.0,charging,112349600.0,109027851.8697555,0.0,772.5734922959628,0.0,0.0,0.2538323767704782,9,224,766.0042253849584,30.95,114786651.42424875,925.0601346929453,665.9531639190214,1445.019214204236,11210.616829644185,2545018854.526631,2372898225.912642,369.7071190100261,1180987086.0702937,27535711.98293743,1153451374.0873563,0.3268691162220911,12.624896957069955,1612048740.5814924,62370621.90545421,0.6888664810792573
222859110.42379528,112349600.0,charging,112349600.0,110509510.42379528,0.0,783.0725538096403,0.0,0.0,0.3527468046201169,10,224,811.274459186228,32.45,114802944.76792863,931.2514755453793,665.9531917997913,1445.0192142042397,11210.616829730243,2545018854.546168,2372912970.0565953,369.7081791443162,1180988635.2700922,27552005.326690957,1153436629.9434013,0.32686342875948177,12.622990240216037,1603160457.4866955,62120893.90747357,0.692637690908955
216645818.5925656,112349600.0,charging,112349600.0,104296218.5925656,0.0,739.0450462839354,0.0,0.0,0.44609986309808775,11,224,820.2450952299513,33.79,114734619.10753268,905.2882686797341,665.9530748296804,1445.0192143395295,11210.616829589642,2545018854.514249,2372851141.015569,369.70373351457187,1180982138.651777,27483679.6673471,1153498458.9844298,0.3268872792922484,12.63098962646147,1595220257.92201,61853049.339463286,0.6961058716772974
218237615.91327867,112349600.0,charging,112349600.0,105888015.91327867,0.0,750.3245532539503,0.0,0.0,0.5408777014038498,12,224,829.3091745931756,34.72,114752123.6133733,911.9398415091556,665.9531048097638,1445.019214346386,11210.616829524675,2545018854.4995003,2372866981.104552,369.70487244746005,1180983803.067893,27501184.1724448,1153482618.8954482,0.326881168891598,12.628939338316865,1589709522.4032362,61702237.60534689,0.6984827447816243
229540023.64547616,112349600.0,charging,112349600.0,117190423.64547616,0.0,830.4136356605987,0.0,0.0,0.6457720553820309,13,224,840.8486964524756,35.13,114876412.71701735,959.1687111650036,665.9533174183048,1445.019214311079,11210.616829313109,2545018854.4514704,2372979452.475797,369.71295939579585,1180995620.7172174,27625473.19301305,1153370147.5242045,0.3268377842215734,12.614399423656671,1587280058.357325,61698360.16268572,0.699445265365799
242675248.11033934,112349600.0,charging,112349600.0,130325648.11033934,0.0,923.4900933077091,0.0,0.0,0.7624234355893205,14,224,836.65864838493,35.39,115020856.74288729,1014.056290771973,665.9535639276401,1445.0192141973853,11210.61682962311,2545018854.5218463,2373110163.0563025,369.7223578734322,1181009354.245946,27769917.302252017,1153239436.9436939,0.3267873678729338,12.597541161980304,1585739422.6208935,61731052.37552679,0.7000061333094298
254511406.69166324,112349600.0,charging,112349600.0,142161806.69166324,0.0,1007.361344678102,0.0,0.0,0.889669079127607,15,224,826.7394655120816,35.31,115151015.34055345,1063.5155214163274,665.9537855286732,1445.0192143476243,11210.616829609604,2545018854.51878,2373227946.8918447,369.73082697353817,1181021729.007833,27900075.89967735,1153121653.1081557,0.32674194107754345,12.582386390109514,1586213464.3859494,61814758.435354434,0.6996977582908719
234344725.74789625,112349600.0,charging,112349600.0,121995125.74789625,0.0,864.4598487983461,0.0,0.0,0.9988640073968718,16,224,747.0282654231308,34.82,114929248.54914567,979.2459066358375,665.9534076600922,1445.0192143426968,11210.616829613795,2545018854.5197315,2373027264.7524824,369.7163972250721,1181000644.355787,27678309.108269628,1153322335.2475173,0.3268193420771143,12.608227966416246,1589116970.1969163,61780244.02637559,0.6986033565936619
198434936.5574374,112349600.0,charging,112349600.0,1269157.4843622383,0.0,8.993274774766888,0.0,84816179.07307515,1.0000000000000002,17,224,640.3901844724843,33.99,113601662.18547532,474.7736601646579,665.9511147950359,1445.019214197392,11210.616829623197,2545018854.521866,2371825929.237237,369.6300221424932,1180874393.5076237,26350722.7448606,1154523670.762763,0.3272828911321848,12.765035497613635,1594035153.5093706,61208004.83063222,0.6974949057760206
125339522.99107027,112349600.0,charging,112349600.0,1.4261175238061696e-10,0.0,1.010549668636587e-15,0.0,12989922.99107027,1.0000000000000002,18,224,440.65228945622806,32.82,113587705.65073943,469.470288102532,665.9506666706012,1445.0192143513102,11210.616829606546,2545018854.5180864,2371813300.2070785,369.6291141723427,1180873066.0028074,26336766.20988498,1154536299.7929225,0.3272877660684395,12.766703435019634,1600968014.3233123,61400010.619648926,0.6945130575598846
0.0,112349600.0,discharging,112349600.0,0.0,112349600.0,0.0,796.1114645617674,0.0,0.8994385518448296,19,224,0.0,31.04,113768079.54028903,1.0,654.15,1445.0192141689324,11210.616829346582,2545018854.4590693,2371976517.7974854,369.6408488615783,1180890222.2183475,26517140.0158336,1154373082.202514,0.32722476539697665,12.745178580986037,1611515443.5958045,60864139.90051142,0.6902578180182961
0.0,112349600.0,discharging,112349600.0,0.0,112349600.0,0.0,796.1114645617674,0.0,0.7988771036896589,20,224,0.0,29.59,113768079.54028903,1.0,654.15,1445.0192143042436,11210.616829292212,2545018854.4467263,2371976517.7864785,369.64084886161413,1180890222.23053,26517140.017007343,1154373082.2135227,0.32722476540009726,12.74517858107068,1620107450.587442,61116320.15784296,0.6866266717736154
0.0,112349600.0,discharging,112349600.0,0.0,112349600.0,0.0,796.1114645617674,0.0,0.6983156555344884,21,224,0.0,27.89,113768079.54028903,1.0,654.15,1445.0192143073962,11210.616829316208,2545018854.4521737,2371976517.7913346,369.64084886159833,1180890222.22494,26517140.01627498,1154373082.2086651,0.3272247653987203,12.74517858103335,1630180838.0948784,61411979.76988682,0.6824178194760766
0.0,112349600.0,discharging,112349600.0,0.0,112349600.0,0.0,796.1114645617674,0.0,0.5977542073793177,22,224,0.0,27.87,113768079.54028903,1.0,654.15,1445.0192142054846,11210.616829643148,2545018854.5263953,2371976517.8575096,369.64084886138244,1180890222.2414732,26517140.098982714,1154373082.1424904,0.32722476537996203,12.745178580524668,1630299348.536142,61415458.118263796,0.6823686105966164
0.0,112349600.0,discharging,112349600.0,0.0,112349600.0,0.0,796.1114645617674,0.0,0.49719275922414713,23,224,0.0,27.04,113768079.54028903,1.0,654.15,1445.0192141534687,11210.616829418876,2545018854.4754815,2371976517.812116,369.6408488615305,1180890222.2044592,26517140.016575754,1154373082.1878834,0.3272247653928294,12.745178580873585,1635217531.8485966,61559809.57590874,0.6803326836146609
0.0,112349600.0,discharging,112349600.0,0.0,112349600.0,0.0,796.1114645617674,0.0,0.39663131106897653,0,225,0.0,25.5,113768079.54028903,1.0,654.15,1445.0192143073973,11210.616829230215,2545018854.432652,2371976517.773932,369.64084886165506,1180890222.2422879,26517140.016218625,1154373082.2260692,0.32722476540365375,12.745178581167101,1644342835.8259215,61827642.400936715,0.6765871857223519
0.0,112349600.0,discharging,112349600.0,0.0,112349600.0,0.0,796.1114645617674,0.0,0.29606986291380594,1,225,0.0,24.58,113768079.54028903,1.0,654.15,1445.0192143073898,11210.616829316188,2545018854.4521694,2371976517.7913303,369.64084886159833,1180890222.2249382,26517140.01626815,1154373082.20867,0.32722476539872164,12.745178581033388,1649794316.1240637,61987646.4262781,0.6743692289459563
0.0,112349600.0,discharging,112349600.0,0.0,112349600.0,0.0,796.1114645617674,0.0,0.1955084147586353,2,225,0.0,24.08,113768079.54028903,1.0,654.15,1445.0192143042389,11210.616829292143,2545018854.4467106,2371976517.786464,369.64084886161413,1180890222.2305267,26517140.016989246,1154373082.2135375,0.3272247654001014,12.7451785810708,1652757077.1556628,62074605.13570277,0.6731699059064847
0.0,112349600.0,discharging,112349600.0,0.0,112349600.0,0.0,796.1114645617674,0.0,0.0949469666034647,3,225,0.0,23.42,113768079.54028903,1.0,654.15,1445.019214204252,11210.61682964427,2545018854.52665,2371976517.857733,369.64084886138164,1180890222.2412689,26517140.09900003,1154373082.142269,0.32722476537989925,12.745178580523005,1656667921.7173731,62189390.63214331,0.6715933160061723
0.0,112349600.0,discharging,106076970.00000028,0.0,106076970.00000028,0.0,751.6634856107622,0.0,0.0,4,225,0.0,22.77,107416400.83827493,1.0,654.15,1445.0192143073837,11210.616829316139,2545018854.4521585,2366229543.2385345,369.2277641259101,1180285518.0757053,26438091.314240996,1153847426.7614644,0.3276657161268376,13.488295266447755,1660519511.0584524,58824088.16371664,0.6710976370770013
0.0,112349600.0,shutdown,0.0,0.0,0.0,0.0,0.0,0.0,0.0,5,225,0.0,22.47,0.0,1.0,567.279923475184,1445.0192143395402,11210.616829503691,2545018854.494736,2259509895.6302032,362.89907080586624,1179588764.9295402,25103923.82796097,1154484841.1015792,0.33816193353883395,,1662297167.6774113,0.0,0.6945117055782777
91265818.68633026,112349600.0,direct_partial,91265818.68633026,0.0,0.0,0.0,0.0,0.0,0.0,6,225,345.21605224599637,22.02,92272072.4747962,381.3684267018744,665.9046114198803,1445.0192141652358,11210.61682943567,2545018854.4792943,2352531742.9812937,368.24404015737616,1178838989.9691653,26104914.264053255,1152734075.705112,0.32876344216251574,15.674344501425708,1664963652.6058505,51371398.16603669,0.6716253188366066
177267730.14750463,112349600.0,charging,112349600.0,64918130.14750463,0.0,460.0111408348702,0.0,0.0,0.058106670421246766,7,225,593.9030859316871,23.4,114301590.37312627,740.7407978633737,665.9523302609762,1445.0192143073928,11210.616829316235,2545018854.4521804,2372459289.261596,369.6755591359142,1180940961.5875247,27050650.849120453,1153890310.7384043,0.3270384577913527,12.681909794278102,1656786432.1586375,63402847.19751904,0.6707926415924936
216782158.79366344,112349600.0,charging,112349600.0,104432558.79366344,0.0,740.0111556174325,0.0,0.0,0.15158176376239613,8,225,722.1782114733606,26.76,114736118.39881536,905.8579874280817,665.9530773978842,1445.019214202326,11210.616829619032,2545018854.5209208,2372852497.7533913,369.7038310660407,1180982281.2048187,27485178.958209384,1153497102.2466094,0.32688675592155514,12.630813991181272,1636876678.026292,63065046.61183178,0.6785509676763543
222353768.58314177,112349600.0,charging,112349600.0,110004168.58314177,0.0,779.4916916359699,0.0,0.0,0.2500438721795713,9,225,771.0964141880625,28.89,114797387.67904235,929.1398260199534,665.9531822915247,1445.0192143426812,11210.616829613668,2545018854.519703,2372907941.3269687,369.70781756948634,1180988106.9111612,27546448.238131512,1153441658.6730297,0.3268653685531292,12.623640493885542,1624255316.0316806,62731560.98643941,0.6837288863276916
214477952.63811052,112349600.0,charging,112349600.0,102128352.63811052,0.0,723.6835057001255,0.0,0.0,0.34145652553116607,10,225,785.9009285320927,30.53,114710779.75200257,896.2295034130434,665.9530339851714,1445.0192143061563,11210.616829231274,2545018854.4328923,2372829568.3501143,369.70218240766553,1180979871.8778186,27459840.22793049,1153520031.649888,0.3268956011552064,12.633782917090647,1614537459.848036,62401731.18948216,0.6878723079613924
212774287.953587,112349600.0,charging,112349600.0,100424687.953587,0.0,711.6113044006265,0.0,0.0,0.4313442692449294,11,225,810.7638136376465,31.88,114692045.07514563,889.110475394497,665.9530018747324,1445.0192141936905,11210.616829712208,2545018854.5420732,2372812615.1668234,369.7009634388243,1180978090.4677303,27441105.634553008,1153536984.8331773,0.3269021411044137,12.635978898856864,1606538005.0627182,62159036.87368648,0.6912800561416346
223548133.70686993,112349600.0,charging,112349600.0,111198533.70686993,0.0,787.9549862794107,0.0,0.0,0.5308754254065392,12,225,852.7811701387106,33.13,114810521.74517812,934.1306665635442,665.9532047626384,1445.0192142005371,11210.61682973321,2545018854.546841,2372919826.5966444,369.7086721446707,1180989355.7072477,27559582.3038918,1153429773.4033558,0.32686078390882983,12.62210373425393,1599131102.4837208,62007762.70950908,0.6943608373579199
234982965.68408406,112349600.0,charging,112349600.0,122633365.68408406,0.0,868.9824294781197,0.0,0.0,0.640641627024828,13,225,863.9078800341658,34.05,114936267.0775384,981.9128915358339,665.9534196412673,1445.0192143513098,11210.616829520497,2545018854.4985514,2373033615.94828,369.71685389594234,1181001311.6883333,27685327.63661185,1153315984.0517213,0.32681689233419653,12.60740859849337,1593679622.1855786,61916911.36157921,0.6966165733511851
238628269.7973373,112349600.0,charging,112349600.0,126278669.7973373,0.0,894.8131257723215,0.0,0.0,0.7536706534381739,14,225,827.0649594808425,34.53,114976353.36636312,997.1453620766405,665.9534880437078,1445.0192143042416,11210.616829292176,2545018854.446718,2373069890.859181,369.7194621757304,1181005122.9838927,27725413.843071405,1153279709.1408212,0.32680290080172514,12.602730699154492,1590835371.595244,61855639.92482498,0.6978193147429826
245629919.26323166,112349600.0,charging,112349600.0,133280319.26323166,0.0,944.4269509273847,0.0,0.0,0.8729666893447909,15,225,801.8530411916443,34.41,115053348.35333656,1026.4028440075626,665.9536192929764,1445.019214306144,11210.616829231181,2545018854.4328713,2373139565.419323,369.72447201174555,1181012443.4099188,27802408.829242513,1153210034.5806763,0.32677602766157293,12.59375485231474,1591546434.2428277,61917804.38389276,0.6974508475239061
207908559.12581715,112349600.0,charging,112349600.0,95558959.12581715,0.0,677.1326546926056,0.0,0.0,0.9584992352006989,16,225,668.8210770893037,33.88,114638538.15086234,868.7782702544529,665.9529101084635,1445.0192142054827,11210.616829729137,2545018854.5459166,2372764196.0344276,369.6974820336626,1180973002.675182,27387598.70962503,1153585403.965557,0.326920819883716,12.642254656748927,1594686960.9363222,61785746.55824559,0.6964107520433385
200142476.348082,112349600.0,charging,112349600.0,46365624.30665275,0.0,328.5477213278018,0.0,41427252.04142926,1.0000000000000002,17,225,645.8913573843188,32.82,114097574.16915134,663.2162649577886,665.9519775117998,1445.019214304231,11210.616829292103,2545018854.4467015,2372274674.97721,369.6622855808679,1180921559.668631,26846634.64584132,1154074925.0227897,0.3271096960221029,12.706034123605177,1600968014.3233123,61675724.02468403,0.694120392964929
126480858.35141088,112349600.0,charging,112349600.0,0.0,0.0,0.0,0.0,14131258.35141088,1.0000000000000002,18,225,443.9610315149826,31.46,113587705.65073931,469.4702881025319,665.9506666706009,1445.0192143426827,11210.616829527653,2545018854.500176,2371813300.1911077,369.6291141723947,1180873066.018658,26336766.209766325,1154536299.8088915,0.32728776607296645,12.766703435142611,1609026724.3292618,61631978.67286413,0.6910665222850261
0.0,112349600.0,discharging,112349600.0,0.0,112349600.0,0.0,796.1114645617674,0.0,0.8994385518448297,19,225,0.0,29.6,113768079.54028866,1.0,654.15,1445.0192142042351,11210.616829730221,2545018854.5461626,2371976517.8751335,369.64084886132497,1180890222.223909,26517140.099042043,1154373082.124867,0.3272247653749665,12.74517858038924,1620048195.3668098,61114580.98365425,0.6866515832754914
0.0,112349600.0,discharging,112349600.0,0.0,112349600.0,0.0,796.1114645617674,0.0,0.798877103689659,20,225,0.0,28.27,113768079.54028903,1.0,654.15,1445.0192143444672,11210.616829499524,2545018854.49379,2371976517.82844,369.64084886147714,1180890222.2716274,26517140.100067154,1154373082.1715603,0.3272247653882024,12.745178580748117,1627929139.710863,61345891.15072407,0.6833541377704441
0.0,112349600.0,discharging,112349600.0,0.0,112349600.0,0.0,796.1114645617674,0.0,0.6983156555344885,21,225,0.0,26.65,113768079.54028903,1.0,654.15,1445.0192141603204,11210.616829439885,2545018854.480251,2371976517.8163676,369.64084886151653,1180890222.1995158,26517140.015883304,1154373082.1836326,0.3272247653916245,12.745178580840925,1637528485.453244,61627637.369259976,0.6793802327393431
0.0,112349600.0,discharging,112349600.0,0.0,112349600.0,0.0,796.1114645617674,0.0,0.5977542073793178,22,225,0.0,26.53,113768079.54028903,1.0,654.15,1445.0192143024603,11210.616829320361,2545018854.453117,2371976517.7921767,369.6408488615956,1180890222.2240858,26517140.016262107,1154373082.2078238,0.32722476539848183,12.745178581026865,1638239548.1008277,61648507.459521905,0.6790877072356962
0.0,112349600.0,discharging,112349600.0,0.0,112349600.0,0.0,796.1114645617674,0.0,0.49719275922414724,23,225,0.0,25.79,113768079.54028903,1.0,654.15,1445.0192143042293,11210.616829206028,2545018854.427161,2371976517.769036,369.64084886167103,1180890222.2478652,26517140.016900644,1154373082.2309647,0.3272247654050415,12.745178581204739,1642624434.427594,61777206.349470414,0.6772893516487506
0.0,112349600.0,discharging,112349600.0,0.0,112349600.0,0.0,796.1114645617674,0.0,0.39663131106897664,0,226,0.0,25.02,113768079.54028903,1.0,654.15,1445.0192142005446,11210.616829733266,2545018854.546854,2371976517.8757486,369.64084886132287,1180890222.2232697,26517140.0990189,1154373082.124251,0.3272247653747918,12.745178580384483,1647187086.4162567,61911122.7619844,0.6754281737146575
0.0,112349600.0,discharging,112349600.0,0.0,112349600.0,0.0,796.1114645617674,0.0,0.29606986291380605,1,226,0.0,24.26,113768079.54028903,1.0,654.15,1445.0192142054814,11210.616829643113,2545018854.5263877,2371976517.8575025,369.64084886138244,1180890222.24147,26517140.098973222,1154373082.1424968,0.32722476537996387,12.745178580524716,1651690483.184287,62043300.00030988,0.6736011704206172
0.0,112349600.0,discharging,112349600.0,0.0,112349600.0,0.0,796.1114645617674,0.0,0.19550841475863545,2,226,0.0,23.55,113768079.54028903,1.0,654.15,1445.0192142993005,11210.616829296263,2545018854.447646,2371976517.787302,369.6408488616115,1180890222.229666,26517140.016968854,1154373082.212697,0.3272247653998632,12.7451785810643,1655897603.8491573,62166781.367692895,0.6719032721622913
0.0,112349600.0,discharging,112349600.0,0.0,112349600.0,0.0,796.1114645617674,0.0,0.09494696660346484,3,226,0.0,22.88,113768079.54028903,1.0,654.15,1445.019214351313,11210.616829606533,2545018854.518083,2371976517.8500977,369.6408488614066,1180890222.2493355,26517140.09943129,1154373082.1499043,0.32722476538206363,12.745178580581667,1659867703.6315002,62283306.03832196,0.6703088612253727
0.0,112349600.0,discharging,106076970.00000045,0.0,106076970.00000045,0.0,751.6634856107634,0.0,0.0,4,226,0.0,22.43,107416400.83827507,1.0,654.15,1445.0192143024658,11210.61682923433,2545018854.433586,2366229543.221976,369.2277641259609,1180285518.0922072,26438091.31418301,1153847426.7780242,0.3276657161315402,13.488295266582558,1662534188.5599391,58879918.747351974,0.6702904442806742
0.0,112349600.0,shutdown,0.0,0.0,0.0,0.0,0.0,0.0,0.0,5,226,0.0,22.02,0.0,1.0,567.279923475184,1445.0192141973873,11210.61682970917,2545018854.5413837,2259509896.4260736,362.89907080586624,1179588764.133307,25103923.82762375,1154484840.3056831,0.3381619333057068,,1664963652.6058505,0.0,0.6933994255663106
68319115.99183398,112349600.0,direct_partial,68319115.99183398,0.0,0.0,0.0,0.0,0.0,0.0,6,226,273.9574830006258,21.28,69073031.94423538,285.482058392701,665.8221765299567,1445.019214311082,11210.61682922711,2545018854.431947,2331561740.510008,366.7405622649372,1176609951.9101872,25852576.42834027,1150757375.481847,0.33038565798877306,20.877880598387737,1669348538.9326172,38528581.01991834,0.6737940113126103
166566421.51986408,112349600.0,charging,112349600.0,54216821.51986408,0.0,384.1814584481204,0.0,0.0,0.048528184225025736,7,226,561.1851679736993,22.34,114183911.37156807,696.0237143624754,665.9521269445498,1445.0192143061463,11210.616829317281,2545018854.452418,2372352801.3778253,369.6679027536587,1180929770.4697325,26932971.847555466,1153996798.6221771,0.32707954789509974,12.695814478656093,1663067485.545627,63519302.60158361,0.6683688341322962
215728876.29290324,112349600.0,charging,112349600.0,103379276.29290323,0.0,732.5475752016812,0.0,1.4901161193847656e-08,0.14106050951365914,8,226,719.2907003342848,26.12,114724535.77491711,901.4566825806658,665.9530575557447,1445.019214193712,11210.616829712364,2545018854.542109,2372842016.4784203,369.7030774421845,1180981179.8559487,27473596.334368955,1153507583.5215797,0.3268907991618752,12.632170962593204,1640669012.1467385,63168932.220254414,0.6770054554396774
224926105.24906868,112349600.0,charging,112349600.0,112576505.24906868,0.0,797.7193195977695,0.0,0.0,0.24182505514706162,9,226,780.6413912480513,28.63,114825674.8746625,939.8887351006294,665.9532306817997,1445.0192143513204,11210.616829520584,2545018854.4985714,2372933538.8908763,369.70965809306136,1180990796.5428858,27574735.43375975,1153416061.109126,0.32685549454071383,12.620331170061412,1625795951.7681117,62791852.427102625,0.6830654930963732
220930669.0464534,112349600.0,charging,112349600.0,108581069.04645339,0.0,769.4075804653902,0.0,0.0,0.3390133811005846,10,226,810.0381367570728,30.73,114781738.29087934,923.1931831348186,665.953155510238,1445.0192142042374,11210.6168297302,2545018854.546158,2372893779.952774,369.7067993349195,1180986618.896855,27530798.849625014,1153455820.04723,0.3268708312364742,12.625472019004675,1613352355.435396,62405870.193808384,0.6883187576860241
219059927.64658085,112349600.0,charging,112349600.0,106710327.64658085,0.0,756.1514702908203,0.0,0.0,0.43452725103205664,11,226,836.1417860197088,32.43,114761166.32274069,915.3759990597179,665.9531202936967,1445.019214304249,11210.616829206208,2545018854.427202,2372875163.9332104,369.70546081352745,1180984662.8661919,27510226.799401373,1153474436.0667906,0.32687801233904584,12.627880418715,1603278967.9279594,62101728.08865418,0.6926190743208204
215954641.86316925,112349600.0,charging,112349600.0,103605041.86316925,0.0,734.1473544513813,0.0,0.0,0.5272616536995995,12,226,829.6831732105509,33.45,114727018.44949663,902.400079150982,665.9530618091401,1445.019214307399,11210.616829316234,2545018854.45218,2372844263.0081935,369.70323897766934,1180981415.9172957,27476078.925490268,1153505336.9918053,0.3268899325339848,12.63188008041573,1597234935.4234974,61907524.29317005,0.6952418885047339
231844327.29299992,112349600.0,charging,112349600.0,119494727.29299992,0.0,846.7419764079193,0.0,0.0,0.6342185349300735,13,226,857.1960895966633,34.16,114901752.43592139,968.7976025654065,665.9533607080111,1445.0192141652503,11210.616829435774,2545018854.4793177,2373002382.9160633,369.71460815374655,1180998029.9954736,27650812.911537178,1153347217.0839365,0.32682893942507946,12.611438925126281,1593027814.7586272,61879334.31411398,0.6969256358159833
249417846.9452652,112349600.0,charging,112349600.0,137068246.9452652,0.0,971.2682806214627,0.0,0.0,0.7569050545875214,14,226,865.7588440777492,34.41,115095003.02970484,1042.231289326414,665.953690226437,1445.0192141620935,11210.616829325665,2545018854.454321,2373177259.8045654,369.7271823756555,1181016403.7014017,27844063.50596687,1153172340.1954348,0.32676148961856905,12.588903878419007,1591546434.2428277,61940227.17767853,0.6974185925423476
248197399.33529735,112349600.0,charging,112349600.0,135847799.33529735,0.0,962.6201649700281,0.0,0.0,0.8784991806889987,15,226,812.0476342772633,34.26,115081582.14248522,1037.1314590549607,665.953667377697,1445.019214342687,11210.616829613715,2545018854.5197134,2373165114.9584513,369.7263091110889,1181015127.7431343,27830642.701586474,1153184485.0415478,0.3267661736347438,12.590466449305245,1592435262.5523074,61958923.76637763,0.6970433615990781
228817885.22712928,112349600.0,charging,112349600.0,116468285.22712928,0.0,825.2965486941436,0.0,0.0,0.9827471657872062,16,226,731.8162020293619,33.87,114868471.5828051,956.1511434005325,665.9533038479581,1445.0192143463833,11210.616829524653,2545018854.499495,2372972266.432171,369.7124426975324,1180994865.7097015,27617532.14187116,1153377333.5678303,0.3268405560750484,12.615327473264992,1594746216.1569543,61911427.98593977,0.6962074135507664
185089590.11027348,112349600.0,charging,112349600.0,19275269.58126912,0.0,136.58493751795328,0.0,53464720.529004365,1.0000000000000004,17,226,601.0778335995009,32.92,113799669.86535305,550.0150017781692,665.9514601604337,1445.019214295621,11210.61682929936,2545018854.4483495,2372005103.4982605,369.6429040755088,1180893226.843762,26548730.342070542,1154344496.5016913,0.32721373222016026,12.741415780776066,1600375462.1169925,61497562.22030399,0.6946045092476353
105282473.41716293,112349600.0,direct_plus_discharge,112349600.0,0.0,7067126.582837075,0.0,50.07779728726958,0.0,0.9936743835005558,18,226,378.58003173303143,31.72,113596420.074927,439.9391998485321,665.2963027121405,1445.0192142005467,11210.61682973325,2545018854.54685,2371821185.7637243,369.6296811063172,1180873894.8699286,26345480.633652583,1154528414.236276,0.32728472215984206,12.76566193098832,1607486088.5928297,61541207.31173871,0.6917372873824404
0.0,112349600.0,discharging,112349600.0,0.0,112349600.0,0.0,796.1114645617674,0.0,0.8931129353453852,19,226,0.0,30.08,113768079.54028878,1.0,654.15,1445.0192143427037,11210.616829527778,2545018854.5002046,2371976517.8341575,369.6408488614585,1180890222.2651947,26517140.099352814,1154373082.1658418,0.3272247653865814,12.745178580704195,1617203944.7764747,61031100.62260665,0.6878494674095749
0.0,112349600.0,discharging,112349600.0,0.0,112349600.0,0.0,796.1114645617674,0.0,0.7925514871902145,20,226,0.0,28.58,113768079.54028903,1.0,654.15,1445.01921434078,11210.616829588625,2545018854.514018,2371976517.846475,369.64084886141836,1180890222.253642,26517140.10011583,1154373082.1535263,0.32722476538309037,12.745178580609494,1626092227.8712716,61291976.750880785,0.6841198815251559
0.0,112349600.0,discharging,112349600.0,0.0,112349600.0,0.0,796.1114645617674,0.0,0.691990039035044,21,226,0.0,26.91,113768079.54028903,1.0,654.15,1445.0192141652353,11210.616829349627,2545018854.4597607,2371976517.7980995,369.64084886157616,1180890222.2177072,26517140.015807375,1154373082.2018998,0.32722476539680256,12.745178580981339,1635987849.7168124,61582418.84035916,0.6800149034084136
0.0,112349600.0,discharging,112349600.0,0.0,112349600.0,0.0,796.1114645617674,0.0,0.5914285908798733,22,226,0.0,26.67,113768079.54028903,1.0,654.15,1445.019214307396,11210.616829316255,2545018854.4521847,2371976517.7913446,369.6408488615983,1180890222.2249405,26517140.016286254,1154373082.2086544,0.32722476539871725,12.745178581033256,1637409975.0119796,61624159.020882994,0.6794290115105637
0.0,112349600.0,discharging,112349600.0,0.0,112349600.0,0.0,796.1114645617674,0.0,0.4908671427247028,23,226,0.0,25.96,113768079.54028903,1.0,654.15,1445.0192141571617,11210.616829415809,2545018854.4747853,2371976517.811495,369.6408488615325,1180890222.205101,26517140.016595572,1154373082.1885054,0.3272247653930057,12.745178580878383,1641617095.6768503,61747640.388266034,0.6777016441324143
0.0,112349600.0,discharging,112349600.0,0.0,112349600.0,0.0,796.1114645617674,0.0,0.3903056945695322,0,227,0.0,25.0,113768079.54028903,1.0,654.15,1445.0192143073841,11210.616829230123,2545018854.432631,2371976517.7739124,369.6408488616552,1180890222.2422807,26517140.016192794,1154373082.226088,0.3272247654036591,12.745178581167252,1647305596.8575206,61914601.11036137,0.6753799677762642
0.0,112349600.0,discharging,112349600.0,0.0,112349600.0,0.0,796.1114645617674,0.0,0.28974424641436153,1,227,0.0,24.02,113768079.54028903,1.0,654.15,1445.0192143463862,11210.616829610692,2545018854.519027,2371976517.850939,369.64084886140375,1180890222.248484,26517140.0994215,1154373082.1490624,0.327224765381825,12.745178580575205,1653112608.4794548,62085040.18083373,0.6730262737071284
0.0,112349600.0,discharging,112349600.0,0.0,112349600.0,0.0,796.1114645617674,0.0,0.18918279825919096,2,227,0.0,23.35,113768079.54028903,1.0,654.15,1445.0192141534753,11210.61682933289,2545018854.455961,2371976517.7947116,369.64084886158724,1180890222.221811,26517140.016522698,1154373082.2052884,0.32722476539776313,12.745178581007387,1657082708.261797,62201564.85146276,0.6714265350167853
0.0,112349600.0,discharging,112349600.0,0.0,112349600.0,0.0,796.1114645617674,0.0,0.08862135010402034,3,227,0.0,22.96,113768079.54028903,1.0,654.15,1445.019214163993,11210.616829436744,2545018854.479538,2371976517.815732,369.64084886151863,1180890222.2001474,26517140.01587995,1154373082.1842675,0.32722476539180445,12.745178580845806,1659393661.8664443,62269392.64481402,0.6704988407339485
0.0,112349600.0,discharging,99009843.41716345,0.0,99009843.41716345,0.0,701.5856883234943,0.0,0.0,4,227,0.0,22.73,100260213.17845057,1.0,654.15,1445.0192143110648,11210.616829313032,2545018854.451453,2359756052.153119,368.7627091142116,1179602821.5013025,26349030.237261582,1153253791.264041,0.32816402921427035,14.438307609786275,1660756531.9409797,54911299.51149352,0.6721894355783915
0.0,112349600.0,shutdown,0.0,0.0,0.0,0.0,0.0,0.0,0.0,5,227,0.0,22.43,0.0,1.0,567.279923475184,1445.0192143358515,11210.616829506731,2545018854.495426,2259509895.630823,362.89907080586624,1179588764.9288993,25103923.827934746,1154484841.1009645,0.3381619335386539,,1662534188.5599391,0.0,0.6944126918081373
44316178.79813874,112349600.0,direct_partial,44316178.79813874,0.0,0.0,0.0,0.0,0.0,0.0,6,227,199.74420760721517,21.37,44806141.82835836,185.18204985122787,665.6445681649892,1445.0192143513145,11210.616829606535,2545018854.5180836,2309643957.0276756,365.17270484041325,1174260845.3598666,25588623.589362554,1148672221.770504,0.3321007812144409,32.08632108404429,1668815241.9469292,24981290.06450048,0.6781642305090945
139674837.35602173,112349600.0,charging,112349600.0,27325237.356021732,0.0,193.6271667277888,0.0,0.0,0.02445816842877332,7,227,479.16234393412975,22.9,113888192.88658156,583.6530449080889,665.9516141747788,1445.0192141652485,11210.616829349688,2545018854.4597745,2372085207.0928445,369.64866327339143,1180901646.2692745,26637253.362117868,1154264392.9071567,0.32718281583711895,12.730882706664845,1659749193.1902366,63258989.8237543,0.6699123105080367
192108058.81733632,112349600.0,charging,112349600.0,79758458.81733632,0.0,565.1700002515277,0.0,0.0,0.09584806319738735,8,227,646.3029270298064,26.53,114464784.90581837,802.7534207490996,665.9526115250283,1445.019214299304,11210.616829296278,2545018854.4476495,2372606964.864145,369.68617699290917,1180956480.5183556,27213845.382501733,1153742635.1358538,0.32698147933100297,12.66267440217661,1638239548.1008277,62955403.98752393,0.6781954259384224
209777472.38874894,112349600.0,charging,112349600.0,97427872.38874894,0.0,690.3758106530322,0.0,0.0,0.18305342875355984,9,227,732.6392208858144,29.0,114659090.01555419,876.5878151748374,665.9529453657492,1445.0192143426968,11210.616829613798,2545018854.5197325,2372782793.6602883,369.69881922963503,1180974956.9143918,27408150.574678533,1153566806.3397133,0.326913645357174,12.639843462657339,1623603508.6047287,62637030.06479795,0.6841057250645259
219353337.94925135,112349600.0,charging,112349600.0,107003737.94925135,0.0,758.2305814383146,0.0,0.0,0.2788299232510312,10,227,807.0450944117049,30.95,114764392.86564828,916.6020596716605,665.9531258179528,1445.0192142054675,11210.616829643035,2545018854.5263696,2372878083.7727513,369.70567074909354,1180984969.6515584,27513453.424307745,1153471516.2272506,0.32687688601690307,12.627502623533216,1612048740.5814924,62358524.46826204,0.6888834874907065
225857860.29978666,112349600.0,charging,112349600.0,113508260.29978667,0.0,804.3217541239264,0.0,-1.4901161193847656e-08,0.3804284606140535,11,227,863.9786626640154,32.45,114835921.09854296,943.7822185852222,665.9532482039165,1445.019214339547,11210.616829589791,2545018854.5142827,2372942810.8994446,369.7103247711709,1180991770.7589536,27584981.658401415,1153406789.100552,0.3268519179949549,12.619132864559147,1603160457.4866955,62138742.1563826,0.6926123481880977
129211089.13347593,112349600.0,charging,112349600.0,16861489.13347593,0.0,119.48084202118966,0.0,0.0,0.3955207775009406,12,227,524.6023195214152,33.56,113773126.26372789,539.92864453042,665.951413932664,1445.0192141603052,11210.616829353734,2545018854.4606934,2371981084.517167,369.64117719251453,1180890702.222057,26522186.739271753,1154368515.4827855,0.3272230027743818,12.744577313287186,1596583127.9965458,61373874.867474616,0.6962596216238924
16585844.428419784,112349600.0,direct_plus_discharge,112349600.0,0.0,95763755.57158022,0.0,678.5838463156597,0.0,0.3098049232294888,13,227,123.5619927125635,34.19,113738819.83390015,69.30653213036815,655.7147365018367,1445.0192143426812,11210.616829613675,2545018854.5197043,2371950041.115986,369.6389452799816,1180887439.2770052,26487880.392989337,1154399558.8840158,0.327234984742541,12.748665639328914,1592850049.0967312,60428306.98155868,0.6982487580750437
73727533.90628672,112349600.0,direct_plus_discharge,112349600.0,0.0,38622066.09371328,0.0,273.6767162701733,0.0,0.2752352327532564,14,227,298.74714106228674,34.58,113647080.57727095,308.0819743379026,661.6580264367872,1445.0192143395418,11210.616829589693,2545018854.5142603,2371867027.5860558,369.63297693600964,1180878713.5510428,26396141.137101237,1154482572.4139416,0.3272670270136603,12.759610407115389,1590539095.492084,60791051.16524845,0.6991228100273448
85743995.13348672,112349600.0,direct_plus_discharge,112349600.0,0.0,26605604.866513282,0.0,188.52783682212998,0.0,0.25142119020730314,15,227,317.3682718934737,33.91,113627788.5117016,358.29462764780743,663.0111606501232,1445.0192141640011,11210.61682935077,2545018854.4600205,2371849570.457674,369.6317218465704,1180876878.529569,26376848.987240773,1154500029.5423281,0.3272737654755263,12.761914257087428,1594509195.2744267,61003412.31539329,0.6973671020380258
0.0,112349600.0,discharging,112349600.0,0.0,112349600.0,0.0,796.1114645617674,0.0,0.15085974205213248,16,227,0.0,33.07,113768079.540289,1.0,654.15,1445.0192142091623,11210.616829726041,2545018854.5452137,2371976517.874289,369.64084886132775,1180890222.2247574,26517140.0990461,1154373082.1257114,0.32722476537520584,12.745178580395685,1599486633.8075128,60511087.54024727,0.6954064257320007
113654841.58698395,112349600.0,charging,112349600.0,1305241.586983949,0.0,9.248967432200178,0.0,0.0,0.15202803267514725,17,227,389.96890151098086,32.16,113602058.99125977,474.92444320308203,665.9511154883464,1445.0192143407771,11210.616829502564,2545018854.49448,2371826288.2755876,369.6300479575833,1180874431.275425,26351119.551011104,1154523311.7244139,0.3272827525377274,12.76498808176248,1604878858.885023,61520391.397404,0.6928251507126766
69491067.8697694,112349600.0,direct_plus_discharge,112349600.0,0.0,42858532.130230606,0.0,303.6963975231372,0.0,0.11366638246169833,18,227,269.71015258647583,31.21,113653882.09553996,290.37924170066685,661.1900632002518,1445.0192143024508,11210.616829320277,2545018854.453098,2371873182.118627,369.63341942519594,1180879360.4528632,26402942.57148938,1154476417.881374,0.3272646513709496,12.758798359785102,1610508104.8450613,61336556.89683699,0.6905404816010374
0.0,112349600.0,discharging,112349600.0,0.0,112349600.0,0.0,796.1114645617674,0.0,0.013104934306527717,19,227,0.0,29.78,113768079.54028772,1.0,654.15,1445.019214342697,11210.616829613753,2545018854.5197225,2371976517.8515606,369.6408488614019,1180890222.2478428,26517140.099402755,1154373082.1484401,0.32722476538164874,12.74517858057054,1618981601.3954344,61083275.84826087,0.6871003005802359
0.0,112349600.0,shutdown,0.0,0.0,0.0,0.0,0.0,0.0,0.013104934306527717,20,227,0.0,27.96,0.0,1.0,567.279923475184,1445.019214202336,11210.616829619108,2545018854.520938,2259509895.6534667,362.89907080586624,1179588764.9059162,25103923.827605218,1154484841.078311,0.33816193353201845,,1629766051.5504544,0.0,0.7083745792716744
0.0,112349600.0,shutdown,0.0,0.0,0.0,0.0,0.0,0.0,0.013104934306527717,21,227,0.0,27.17,0.0,1.0,567.279923475184,1445.0192143463737,11210.616829610633,2545018854.519014,2259509895.651785,362.89907080586624,1179588764.9073324,25103923.8273059,1154484841.0800266,0.338161933532521,,1634447213.9803808,0.0,0.7063457487063786
0.0,112349600.0,shutdown,0.0,0.0,0.0,0.0,0.0,0.0,0.013104934306527717,22,227,0.0,26.24,0.0,1.0,567.279923475184,1445.0192143074023,11210.616829230255,2545018854.432661,2259509895.5751195,362.89907080586624,1179588764.900822,25103923.74413129,1154484841.1566906,0.33816193355497676,,1639957949.4991548,0.0,0.7039722216714591
0.0,112349600.0,shutdown,0.0,0.0,0.0,0.0,0.0,0.0,0.013104934306527717,23,227,0.0,25.22,0.0,1.0,567.279923475184,1445.0192141620887,11210.61682941168,2545018854.473848,2259509895.6116858,362.89907080586624,1179588764.8646362,25103923.744512293,1154484841.1201239,0.33816193354426594,,1646001982.0036168,0.0,0.7013872727630696
0.0,112349600.0,shutdown,0.0,0.0,0.0,0.0,0.0,0.0,0.013104934306527717,0,228,0.0,24.33,0.0,1.0,567.279923475184,1445.0192143476302,11210.616829609673,2545018854.518796,2259509895.6515913,362.89907080586624,1179588764.9075525,25103923.827333182,1154484841.0802193,0.3381619335325774,,1651275696.6398633,0.0,0.6991472371509189
0.0,112349600.0,shutdown,0.0,0.0,0.0,0.0,0.0,0.0,0.013104934306527717,1,228,0.0,23.03,0.0,1.0,567.279923475184,1445.0192142091537,11210.616829639908,2545018854.52566,2259509895.6576853,362.89907080586624,1179588764.9009793,25103923.82685273,1154484841.0741265,0.33816193353079277,,1658978875.3220208,0.0,0.6959008690511698
0.0,112349600.0,shutdown,0.0,0.0,0.0,0.0,0.0,0.0,0.013104934306527717,2,228,0.0,22.16,0.0,1.0,567.279923475184,1445.019214295619,11210.61682929938,2545018854.448354,2259509895.5890517,362.89907080586624,1179588764.8876228,25103923.744863898,1154484841.1427588,0.33816193355089597,,1664134079.5170026,0.0,0.693745086620566
0.0,112349600.0,shutdown,0.0,0.0,0.0,0.0,0.0,0.0,0.013104934306527717,3,228,0.0,21.58,0.0,1.0,567.279923475184,1445.0192143427062,11210.61682952778,2545018854.5002046,2259509895.6350856,362.89907080586624,1179588764.9239786,25103923.827253334,1154484841.0967252,0.3381619335374122,,1667570882.3136578,0.0,0.6923153032601196
0.0,112349600.0,shutdown,0.0,0.0,0.0,0.0,0.0,0.0,0.013104934306527717,4,228,0.0,21.2,0.0,1.0,567.279923475184,1445.019214200553,11210.616829733332,2545018854.546869,2259509895.6765146,362.89907080586624,1179588764.8822327,25103923.82693709,1154484841.0552955,0.33816193352527696,,1669822580.6976726,0.0,0.691381739833065
0.0,112349600.0,shutdown,0.0,0.0,0.0,0.0,0.0,0.0,0.013104934306527717,5,228,0.0,21.06,0.0,1.0,567.279923475184,1445.0192141620935,11210.616829411698,2545018854.473852,2259509895.611689,362.89907080586624,1179588764.8646395,25103923.744518694,1154484841.1201208,0.338161933544265,,1670652153.7865207,0.0,0.6910384298152608
82919737.58949256,112349600.0,direct_plus_discharge,97560876.45906007,0.0,14641138.869567508,0.0,103.74739659334442,0.0,0.0,6,228,317.756588149766,20.64,98657229.33500765,346.4930279727335,664.1367684598454,1445.0192143110858,11210.616829227145,2545018854.4319553,2358306196.6902857,368.6585889444251,1179449693.1206973,26195013.3518962,1153254679.768801,0.3283140381981214,14.67135828518775,1673140873.0530639,55014852.06752417,0.6673326153453727
156264286.2434271,112349600.0,charging,112349600.0,43914686.2434271,0.0,311.1803262408166,0.0,0.0,0.03930698857778736,7,228,528.9911150091872,22.28,114070621.95665443,652.9746388312753,665.9519308165746,1445.019214347626,11210.616829609617,2545018854.518783,2372250286.0716395,369.66053205729236,1180918996.4441504,26819682.515780736,1154099313.9283698,0.3271191077485605,12.709227596178895,1663423016.869419,63466543.36597837,0.6683110144988375
201039732.80908903,112349600.0,charging,112349600.0,88690132.80908903,0.0,628.4600169722147,0.0,0.0,0.11869141177427765,8,228,674.3641333857715,25.56,114563003.77924435,840.0758105230376,665.9527804187145,1445.0192143042432,11210.616829206132,2545018854.4271846,2372695843.999177,369.6925674568612,1180965820.2567084,27312064.25588635,1153653756.000822,0.32694718920002525,12.651123962786377,1643987304.5021296,63176305.10463003,0.6757722279861408
219090099.04136515,112349600.0,charging,112349600.0,106740499.04136515,0.0,756.3652653847912,0.0,0.0,0.21423228740183023,9,228,764.5049767023306,27.85,114761498.10829343,915.502074928277,665.9531208617702,1445.0192142054914,11210.616829729206,2545018854.5459323,2372875464.2771916,369.7054824008894,1180984694.3898695,27510558.66706048,1153474135.722809,0.3268778964917765,12.627841568302395,1630417858.977406,62891163.923364595,0.6811952928395891
215053158.86541453,112349600.0,charging,112349600.0,102703558.86541453,0.0,727.7594282850215,0.0,0.0,0.3061597941325698,10,228,795.3201568067241,29.75,114717105.11807166,898.6330921507979,665.9530448242159,1445.019214302455,11210.616829320305,2545018854.453104,2372835292.285848,369.70259396701954,1180980473.3081813,27466165.594030697,1153514307.7141507,0.32689339308075643,12.633041651986186,1619159367.0573301,62539535.82797871,0.6859220195333742
217337557.6006871,112349600.0,charging,112349600.0,104987957.60068709,0.0,743.9467224345412,0.0,0.0,0.4001320117032487,11,228,837.6189970239043,31.43,114742225.94877642,908.1788077776503,665.9530878590896,1445.0192143358458,11210.616829506711,2545018854.495422,2372858024.5477657,369.7042284544307,1180982861.960749,27491286.508514527,1153491575.4522343,0.3268846239234984,12.63009856674884,1609204489.9911573,62263773.91271787,0.6901067763967852
230368746.96291167,112349600.0,charging,112349600.0,118019146.96291167,0.0,836.2859853081281,0.0,0.0,0.5057681361632228,12,228,890.2166796901755,32.8,114885525.93260214,962.6316605176825,665.953332989276,1445.0192142005546,11210.61682973334,2545018854.5468707,2372987699.2887,369.7135523568751,1180996487.2026527,27634586.491353843,1153361900.711299,0.3268346032297243,12.613334554475626,1601086524.7645762,62105210.97974397,0.6934629820025774
244014183.73583812,112349600.0,charging,112349600.0,131664583.73583812,0.0,932.9778173563017,0.0,0.0,0.6236179657240187,13,228,908.4710421287689,33.52,115035580.60639475,1019.6512416561171,665.9535890208042,1445.0192143513068,11210.61682952048,2545018854.4985476,2373123487.0111637,369.72331591312036,1181010754.154302,27784641.165465478,1153226112.9888363,0.3267822289257501,12.595825096871158,1596820148.8790736,62061976.91062579,0.6951826745615521
73522968.19648741,112349600.0,direct_plus_discharge,112349600.0,0.0,38826631.80351259,0.0,275.12627289367214,0.0,0.5888651733585022,14,228,299.675440842685,33.65,113647409.00133984,307.2271646837927,661.6353226240075,1445.019214153483,11210.61682941894,2545018854.475496,2371867324.7372484,369.6329983025266,1180878744.7403965,26396469.477645405,1154482275.262751,0.3272669123101448,12.759571193899545,1596049831.0108583,60949156.82319062,0.6967308270790412
91400967.18555227,112349600.0,direct_plus_discharge,112349600.0,0.0,20948632.81444773,0.0,148.44242214014722,0.0,0.5701145516144837,15,228,335.6963387901385,33.33,113618706.41392565,381.9331657384743,663.6617231287111,1445.019214342681,11210.616829613673,2545018854.519704,2371841352.270305,369.63113099059905,1180876014.702711,26367766.973014064,1154508247.729697,0.3272769377343892,12.762999107406833,1597945998.0710814,61149413.80868292,0.6958660963456181
195935977.40957928,112349600.0,charging,112349600.0,83586377.40957928,0.0,592.2947063180713,0.0,0.0,0.6449307250441348,16,228,635.0001287554993,32.61,114506879.34989943,818.7489743097427,665.9526839445499,1445.0192143427084,11210.6168295278,2545018854.5002093,2372645056.5229864,369.6889157963601,1180960483.3859835,27255939.909001447,1153704543.476982,0.3269667830970882,12.6577217123151,1602212373.9565837,61933139.091589324,0.6932714323543564
189698240.86864772,112349600.0,charging,112349600.0,77348640.86864772,0.0,548.0939831009752,0.0,0.0,0.7141636492253106,17,228,615.2766720445144,31.78,114438284.87857766,792.6836214205262,665.9525659069585,1445.0192141571474,11210.616829415745,2545018854.4747705,2372582984.8197346,369.6844528199337,1180953960.5351298,27187345.354864217,1153766615.1802657,0.32699073131726025,12.665794173726601,1607130557.2690384,62038657.646117955,0.6912220791460688
115242062.88112846,112349600.0,charging,112349600.0,2892462.88112846,0.0,20.496048588385964,0.0,0.0,0.7167526237838437,18,228,408.1714595947483,30.57,113619513.17594375,481.5568943933355,665.9511459800402,1445.0192142054807,11210.61682964311,2545018854.5263867,2371842082.3018174,369.6311834762291,1180876091.4328094,26368573.734627225,1154507517.698182,0.32727665593922567,12.762902733140518,1614300438.9655077,61801119.66448951,0.6888052288680211
0.0,112349600.0,discharging,112349600.0,0.0,112349600.0,0.0,796.1114645617674,0.0,0.6161911756286731,19,228,0.0,28.98,113768079.54028897,1.0,654.15,1445.0192143463753,11210.616829610653,2545018854.5190187,2371976517.8509307,369.64084886140375,1180890222.2484794,26517140.09941002,1154373082.1490693,0.32722476538182693,12.745178580575262,1623722019.0459924,61222409.78334101,0.6851104774720109
0.0,112349600.0,discharging,112349600.0,0.0,112349600.0,0.0,796.1114645617674,0.0,0.5156297274735024,20,228,0.0,27.37,113768079.54028903,1.0,654.15,1445.0192142992923,11210.616829296196,2545018854.447631,2371976517.7872877,369.6408488616115,1180890222.2296615,26517140.016948327,1154373082.2127132,0.32722476539986783,12.745178581064428,1633262109.5677412,61502416.82768847,0.6811406919567362
0.0,112349600.0,discharging,112349600.0,0.0,112349600.0,0.0,796.1114645617674,0.0,0.4150682793183319,21,228,0.0,25.43,113768079.54028903,1.0,654.15,1445.0192143061538,11210.616829231263,2545018854.43289,2371976517.7741423,369.6408488616544,1180890222.2420747,26517140.01621607,1154373082.2258587,0.3272247654035941,12.745178581165506,1644757622.3703454,61839816.62025616,0.6764179154684739
0.0,112349600.0,discharging,112349600.0,0.0,112349600.0,0.0,796.1114645617674,0.0,0.3145068311631613,22,228,0.0,24.28,113768079.54028903,1.0,654.15,1445.0192142042267,11210.616829730117,2545018854.5461392,2371976517.8751116,369.6408488613249,1180890222.2239027,26517140.09901467,1154373082.124888,0.32722476537497236,12.745178580389371,1651571972.7430232,62039821.6519329,0.6736491228064144
0.0,112349600.0,discharging,112349600.0,0.0,112349600.0,0.0,796.1114645617674,0.0,0.21394538300799068,23,228,0.0,23.61,113768079.54028903,1.0,654.15,1445.0192143444635,11210.61682949947,2545018854.4937778,2371976517.8284287,369.6408488614772,1180890222.2716227,26517140.10005214,1154373082.1715705,0.3272247653882053,12.7451785807482,1655542072.5253658,62156346.322561935,0.6720464253240779
0.0,112349600.0,discharging,112349600.0,0.0,112349600.0,0.0,796.1114645617674,0.0,0.11338393485282007,0,229,0.0,22.5,113768079.54028903,1.0,654.15,1445.0192143513066,11210.616829606515,2545018854.5180793,2371976517.850094,369.64084886140654,1180890222.249332,26517140.099425554,1154373082.1499064,0.32722476538206424,12.745178580581689,1662119402.0155153,62349394.6574847,0.6694079268798754
0.0,112349600.0,discharging,112349600.0,0.0,112349600.0,0.0,796.1114645617674,0.0,0.012822486697649453,1,229,0.0,21.33,113768079.54028903,1.0,654.15,1445.0192142091641,11210.616829726066,2545018854.5452194,2371976517.8742943,369.64084886132775,1180890222.224759,26517140.099052064,1154373082.1257071,0.3272247653752046,12.745178580395649,1669052262.8294573,62552878.03753842,0.6666491423949719
0.0,112349600.0,shutdown,0.0,0.0,0.0,0.0,0.0,0.0,0.012822486697649453,2,229,0.0,20.72,0.0,1.0,567.279923475184,1445.0192143407849,11210.61682950263,2545018854.494495,2259509895.6300015,362.89907080586624,1179588764.929753,25103923.82795999,1154484841.101793,0.3381619335388966,,1672666831.2880077,0.0,0.6902060945471145
0.0,112349600.0,shutdown,0.0,0.0,0.0,0.0,0.0,0.0,0.012822486697649453,3,229,0.0,20.13,0.0,1.0,567.279923475184,1445.0192141689436,11210.616829432707,2545018854.4786215,2259509895.615924,362.89907080586624,1179588764.8597126,25103923.743825145,1154484841.1158874,0.33816193354302504,,1676162889.305295,0.0,0.6887664966704858
0.0,112349600.0,shutdown,0.0,0.0,0.0,0.0,0.0,0.0,0.012822486697649453,4,229,0.0,19.61,0.0,1.0,567.279923475184,1445.0192143110798,11210.616829227114,2545018854.431948,2259509895.5744863,362.89907080586624,1179588764.9014535,25103923.744128156,1154484841.1573253,0.33816193355516266,,1679244160.7781575,0.0,0.6875026682375599
0.0,112349600.0,shutdown,0.0,0.0,0.0,0.0,0.0,0.0,0.012822486697649453,5,229,0.0,19.05,0.0,1.0,567.279923475184,1445.0192143005634,11210.616829295295,2545018854.4474263,2259509895.588228,362.89907080586624,1179588764.8884778,25103923.744895544,1154484841.1435823,0.33816193355113716,,1682562453.1335485,0.0,0.6861467988861323
87854059.59228343,112349600.0,direct_plus_discharge,102179641.39241152,0.0,14325581.800128091,0.0,101.51135302305816,0.0,0.0,6,229,332.9536584115956,18.44,103326278.7892489,367.11186036947447,664.2668785311843,1445.0192141603131,11210.616829439876,2545018854.480249,2362529434.34637,368.96191555613973,1179895504.9185019,26245297.872428373,1153650207.0460734,0.3279906712104026,14.016539791157358,1686177021.5920994,57969644.87310721,0.6614410526519142
177143440.8386407,112349600.0,charging,112349600.0,64793840.83864069,0.0,459.13042435960875,0.0,0.0,0.057995422024371635,7,229,592.0043091499246,21.26,114300223.60180232,740.2214356436558,665.9523279019757,1445.0192142054836,11210.616829643135,2545018854.5263925,2372458052.5323,369.6754702108275,1180940831.6281927,27049284.1604911,1153891547.4677017,0.32703893499453174,12.682071124079531,1669467049.373881,63769386.15188823,0.6657438788018981
212530617.6969363,112349600.0,charging,112349600.0,100181017.69693631,0.0,709.8846521927653,0.0,0.0,0.1476650623013525,8,229,710.5116058636213,24.32,114689365.50823319,888.0922613056902,665.9529972812124,1445.0192143358418,11210.616829592715,2545018854.514946,2372810190.364526,369.7007890935472,1180977835.7035043,27438426.068030097,1153539409.6354742,0.32690307651076883,12.636293042729447,1651334951.860495,63459555.45104133,0.6726983348249693
221122532.29948217,112349600.0,charging,112349600.0,108772932.29948217,0.0,770.7671272315943,0.0,0.0,0.24502512047797495,9,229,772.6453662624934,26.89,114783848.15209344,923.9949135964821,665.9531591213345,1445.0192143513102,11210.616829520475,2545018854.4985466,2372895689.159249,369.7069366140284,1180986819.5519147,27532908.711163927,1153453910.8407507,0.3268700947621873,12.625225062715138,1636106360.1580765,63068880.923776254,0.6788316372279265
216618813.61434707,112349600.0,charging,112349600.0,104269213.61434707,0.0,738.8536884797243,0.0,0.0,0.3383540074438348,10,229,803.5407585744233,28.93,114734322.14208771,905.1754241755732,665.9530743209871,1445.0192143513207,11210.61682960658,2545018854.518094,2372850872.2903805,369.70371419248556,1180982110.410863,27483382.7012433,1153498727.7096195,0.32688738295531355,12.63102441514695,1624018295.1491523,62690198.6608342,0.6838755670839499
209462628.20884588,112349600.0,charging,112349600.0,97113028.20884588,0.0,688.1448186319536,0.0,0.0,0.4252775634815553,11,229,813.5744336350119,30.71,114655627.77088627,875.2721897712178,665.9529394270577,1445.0192141620885,11210.616829411634,2545018854.4738374,2372779660.588368,369.6985939604947,1180974627.6588304,27404688.24719824,1153569939.411632,0.3269148540120823,12.640249601323667,1613470865.87666,62340731.33926318,0.6883649339389302
201451235.4791592,112349600.0,charging,112349600.0,89101635.4791592,0.0,631.3759329464651,0.0,0.0,0.5050303129063719,12,229,790.6973971676783,32.15,114567528.94762146,841.7953384703806,665.9527881930695,1445.0192143426964,11210.61682952773,2545018854.500193,2372699938.9370284,369.6928618815938,1180966250.5696428,27316589.506667018,1153649661.062976,0.3269456094006075,12.650592284214706,1604938114.105655,62045087.10514006,0.6920583604112118
212025691.5951915,112349600.0,charging,112349600.0,99676091.59519151,0.0,706.3067359531391,0.0,0.0,0.5942480058688737,13,229,801.2586938179993,33.12,114683812.99109909,885.9823490099933,665.9529877619793,1445.01921430247,11210.616829320434,2545018854.453133,2372805165.7585454,369.7004278207395,1180977307.7085469,27432873.46709337,1153544434.2414534,0.32690501483714635,12.636944048869566,1599190357.7043529,61941033.7705668,0.6944329871565551
229694460.66085738,112349600.0,charging,112349600.0,117344860.66085738,0.0,831.5079793743075,0.0,0.0,0.6992805927372073,14,229,811.8825106348066,33.65,114878111.01340401,959.8140502681665,665.9533203202254,1445.0192141571642,11210.61682932983,2545018854.4552665,2372980989.300774,369.7130698972559,1180995782.1888835,27627171.489657708,1153368610.699226,0.32683719142909357,12.614200966887834,1596049831.0108583,61954575.10856779,0.6956366379017624
247220179.42697245,112349600.0,charging,112349600.0,134870579.42697245,0.0,955.695565573008,0.0,0.0,0.820000032599061,15,229,816.4746575968841,33.66,115070835.95553575,1033.0479935873416,665.9536490787352,1445.0192143110683,11210.616829313078,2545018854.451463,2373155390.4016604,369.72560988405013,1181014106.029861,27819896.43152079,1153194209.5983403,0.3267699242104048,12.591717872945273,1595990575.790226,62056811.288266696,0.6955134205363622
233128897.26030704,112349600.0,charging,112349600.0,120779297.26030704,0.0,855.8444643384944,0.0,0.0,0.9281067017786602,16,229,746.7134358885028,33.22,114915878.45699471,974.1653780860984,665.9533848322609,1445.0192141603104,11210.616829439818,2545018854.4802356,2373015165.842207,369.7155272815635,1180999373.090364,27664938.932569712,1153334434.1577942,0.326824008812045,12.609789115849637,1598597805.498033,62049148.61563009,0.6945091076106319
198365986.91636077,112349600.0,charging,112349600.0,80320872.9192608,0.0,569.1552775856106,0.0,5695513.997099966,1.0000000000000004,17,229,640.9725269367759,32.38,114470969.60081944,805.1035556001664,665.9526221685438,1445.019214344472,11210.616829499544,2545018854.4937944,2372612561.483956,369.68657938867887,1180957068.676646,27220030.160603352,1153737038.5160427,0.3269793200669486,12.661946503411688,1603575244.0311193,61953246.60086883,0.6927152822695064
108618150.58319148,112349600.0,direct_plus_discharge,112349600.0,0.0,3731449.416808516,0.0,26.441123601272995,0.0,0.9966600685977345,18,229,387.36533512809854,31.0,113591064.7459843,453.8778460043926,665.6973988045065,1445.0192143476386,11210.616829609678,2545018854.5187974,2371816339.7943664,369.6293327048452,1180873385.5107653,26340125.305131678,1154533260.2056336,0.32728659275271454,12.766301954044685,1611752464.4783325,61692525.853485264,0.6899140795639227
0.0,112349600.0,discharging,112349600.0,0.0,112349600.0,0.0,796.1114645617674,0.0,0.8960986204425639,19,229,0.0,28.84,113768079.5402854,1.0,654.1499999999974,1445.0192141639966,11210.616829350733,2545018854.460012,2371976517.79832,369.64084886157525,1180890222.2174976,26517140.015822046,1154373082.2016757,0.32722476539673934,12.745178580980019,1624551592.1348405,61246758.221977785,0.6847634427672441
0.0,112349600.0,discharging,112349600.0,0.0,112349600.0,0.0,796.1114645617674,0.0,0.7955371722873933,20,229,0.0,27.25,113768079.54028903,1.0,654.15,1445.0192141620828,11210.61682941163,2545018854.4738364,2371976517.8106513,369.64084886153523,1180890222.2059479,26517140.016597427,1154373082.1893504,0.32722476539324524,12.74517858088486,1633973172.215325,61523286.917950384,0.6808466487623671
0.0,112349600.0,discharging,112349600.0,0.0,112349600.0,0.0,796.1114645617674,0.0,0.6949757241322227,21,229,0.0,25.36,113768079.54028903,1.0,654.15,1445.0192143476306,11210.616829609662,2545018854.5187936,2371976517.850728,369.6408488614045,1180890222.2487025,26517140.09943001,1154373082.1492724,0.32722476538188455,12.74517858057684,1645172408.9147692,61851990.83957562,0.6762487298455702
0.0,112349600.0,discharging,112349600.0,0.0,112349600.0,0.0,796.1114645617674,0.0,0.5944142759770521,22,229,0.0,24.6,113768079.54028903,1.0,654.15,1445.0192143476193,11210.616829523524,2545018854.4992385,2371976517.8332977,369.64084886146145,1180890222.2660375,26517140.099333696,1154373082.1667037,0.3272247653868257,12.745178580710785,1649675805.6827996,61984168.0779011,0.6744172907370277
0.0,112349600.0,discharging,112349600.0,0.0,112349600.0,0.0,796.1114645617674,0.0,0.4938528278218815,23,229,0.0,23.78,113768079.54028903,1.0,654.15,1445.0192142956134,11210.616829299312,2545018854.448338,2371976517.787916,369.64084886160936,1180890222.2290277,26517140.01694505,1154373082.2120826,0.32722476539968903,12.745178581059598,1654534733.7746222,62126780.36135757,0.6724523575010622
0.0,112349600.0,discharging,112349600.0,0.0,112349600.0,0.0,796.1114645617674,0.0,0.3932913796667109,0,230,0.0,22.76,113768079.54028903,1.0,654.15,1445.0192142005426,11210.616829647175,2545018854.5273094,2371976517.8583245,369.64084886137977,1180890222.2406118,26517140.09893737,1154373082.1416745,0.3272247653797308,12.745178580518395,1660578766.279084,62304176.128583886,0.6700240937602406
0.0,112349600.0,discharging,112349600.0,0.0,112349600.0,0.0,796.1114645617674,0.0,0.2927299315115403,1,230,0.0,21.77,113768079.54028903,1.0,654.15,1445.0192143061333,11210.616829317165,2545018854.4523916,2371976517.791526,369.6408488615976,1180890222.2247183,26517140.016243964,1154373082.2084744,0.32722476539866624,12.745178581031903,1666445033.12165,62476354.373244725,0.6676839621268686
0.0,112349600.0,discharging,112349600.0,0.0,112349600.0,0.0,796.1114645617674,0.0,0.19216848335636968,2,230,0.0,20.97,113768079.54028903,1.0,654.15,1445.019214300548,11210.616829295224,2545018854.44741,2371976517.7870917,369.6408488616122,1180890222.2298815,26517140.016974494,1154373082.212907,0.32722476539992273,12.745178581065904,1671185450.7722085,62615488.30832417,0.665804854636365
0.0,112349600.0,discharging,112349600.0,0.0,112349600.0,0.0,796.1114645617674,0.0,0.09160703520119907,3,230,0.0,20.13,113768079.54028903,1.0,654.15,1445.0192142054777,11210.6168296431,2545018854.5263844,2371976517.8574996,369.64084886138244,1180890222.2414684,26517140.09896902,1154373082.1424994,0.32722476537996464,12.745178580524742,1676162889.305295,62761578.940157615,0.6638431416789734
0.0,112349600.0,discharging,102345520.58319226,0.0,102345520.58319226,0.0,725.2223620094927,0.0,0.0,4,230,0.0,19.51,103637927.0898818,1.0,654.15,1445.019214351308,11210.616829606526,2545018854.5180817,2362811348.3889503,368.98216766379915,1179925239.260069,26391067.06583005,1153534172.194239,0.3279286259994786,13.973558119412266,1679836712.9844775,57271381.584837385,0.6640543416961264
0.0,112349600.0,shutdown,0.0,0.0,0.0,0.0,0.0,0.0,0.0,5,230,0.0,19.13,0.0,1.0,567.279923475184,1445.019214197408,11210.616829623266,2545018854.521882,2259509895.6543145,362.89907080586624,1179588764.9050713,25103923.82759696,1154484841.0774744,0.3381619335317734,,1682088411.3684926,0.0,0.6863401669465299
87733765.32317366,112349600.0,direct_partial,87733765.32317366,0.0,0.0,0.0,0.0,0.0,0.0,6,230,331.80928660590655,18.65,88701178.20650408,366.6091920451009,665.8947309843497,1445.019214306146,11210.616829317274,2545018854.452416,2349302907.424087,368.0123401771457,1178496931.2584772,26066073.359317224,1152430857.89916,0.32901203935679196,16.29808086563229,1684932661.9588277,49831665.35963608,0.6643155152265242
174625110.87635434,112349600.0,charging,112349600.0,62275510.87635434,0.0,441.2854889568519,0.0,0.0,0.055741324920865504,7,230,583.7520043491172,21.55,114272530.30135162,729.6982019789892,665.9522800921528,1445.0192143427003,11210.616829613773,2545018854.5197268,2372432992.787497,369.67366843229996,1180938198.0729878,27021590.860421635,1153916607.2125661,0.3270486044665063,12.685340803918871,1667748647.9755535,63704170.245360374,0.6664441531812734
220482530.10613078,112349600.0,charging,112349600.0,108132930.10613078,0.0,766.2320591630679,0.0,0.0,0.15252853239409514,8,230,735.1376464605407,24.73,114776810.24470092,921.3205648306749,665.9531470752097,1445.0192141534758,11210.616829332888,2545018854.4559608,2372889320.400928,369.7064786899979,1180986150.3200078,27525870.72093445,1153460279.5990734,0.3268725514887657,12.626048876612016,1648905487.8145835,63437288.25903444,0.6736152922862468
217392450.61342254,112349600.0,charging,112349600.0,105042850.61342254,0.0,744.3356953971778,0.0,0.0,0.24654988339163336,9,230,761.6129743333809,27.47,114742829.59036107,908.408186774124,665.9530888929658,1445.0192142054777,11210.616829729128,2545018854.5459146,2372858570.8375125,369.70426773029357,1180982919.3115935,27491890.14910756,1153491029.162486,0.32688441319380324,12.63002786132886,1632669557.3614213,62946404.27638774,0.6802784682731577
208190035.7303276,112349600.0,charging,112349600.0,95840435.7303276,0.0,679.1272034213656,0.0,0.0,0.3323343722448585,10,230,776.7329209410065,29.62,114641633.46257551,869.954464051437,665.9529154193623,1445.019214347634,11210.61682952365,2545018854.499267,2372766996.97982,369.6976834283811,1180973297.0418353,27390694.021656465,1153582603.0201788,0.3269197393355569,12.641891452356854,1619929684.925546,62520760.41015189,0.685656214254801
204951263.1475585,112349600.0,charging,112349600.0,92601663.14755851,0.0,656.1771975090098,0.0,0.0,0.4152199129828387,11,230,800.7133825647724,31.37,114606017.67603526,856.4207487775831,665.9528542929149,1445.0192143444715,11210.616829585568,2545018854.513324,2372734767.830241,369.69536611285395,1180969910.4056413,27355078.23587951,1153614832.169762,0.32693217275912845,12.646071803824205,1609560021.3149493,62200169.00712063,0.6900599971503774
237971848.987427,112349600.0,charging,112349600.0,125622248.987427,0.0,890.1617150655055,0.0,0.0,0.5276613927805868,12,230,927.4476503503374,32.77,114969134.90848829,994.4024055663713,665.9534757297903,1445.0192143061383,11210.616829317183,2545018854.4523954,2373063358.720858,369.7189924941644,1181004436.663591,27718195.38444952,1153286241.2791414,0.32680542027723003,12.603572821739837,1601264290.4264722,62155599.079034254,0.693322382734034
133641565.69474667,112349600.0,charging,112349600.0,21291965.694746673,0.0,150.87528564982594,0.0,0.0,0.5467193235995121,13,230,530.813113824069,33.8,113821846.85265815,558.4420803383916,665.9514987669003,1445.0192142091641,11210.616829639988,2545018854.525678,2372025171.277025,369.644346877344,1180895336.1343198,26570907.411343876,1154324428.722976,0.3272059868195456,12.73877547298888,1595161002.701378,61359143.55352126,0.6968369393711875
169630379.75445458,112349600.0,charging,112349600.0,57280779.75445458,0.0,405.89272646773,0.0,0.0,0.5979899837849098,14,230,616.7928288138411,34.3,114217604.77845967,708.826940676831,665.9521852000601,1445.0192143042484,11210.616829292236,2545018854.446732,2372383290.5405145,369.67009489008586,1180932974.7146707,26966665.255185165,1153966309.4594855,0.3270677828648112,12.691830415357526,1592198241.669779,61486788.107908316,0.6978150546689164
152734528.4086848,112349600.0,charging,112349600.0,40384928.40868479,0.0,286.16839313767184,0.0,0.0,0.6341375702865104,15,230,525.6862429004099,34.16,114031806.29473767,638.224996397224,665.9518635289828,1445.0192143463678,11210.61682952456,2545018854.499474,2372215161.924274,369.6580067015376,1180915304.9295027,26780866.85377692,1154134438.0757258,0.32713266247104444,12.713829379769534,1593027814.7586272,61410714.12339529,0.6975988638608566
162529868.94839478,112349600.0,charging,112349600.0,50180268.948394775,0.0,355.57836792129166,0.0,0.0,0.6790527325502526,16,230,536.028744488024,33.56,114139522.64371212,679.1563512506467,665.9520501445548,1445.019214160306,11210.616829439829,2545018854.4802384,2372312634.0874786,369.66501477809004,1180925549.0318103,26888583.11929082,1154036965.9125195,0.32709504783069754,12.701066795475572,1596583127.9965458,61571574.27197276,0.695976656661579
126188920.70968774,112349600.0,charging,112349600.0,13839320.70968774,0.0,98.065697418856,0.0,0.0,0.6914399785400028,17,230,426.9355007726764,32.44,113739892.4065986,527.3000434441229,665.9513560229299,1445.0192143358431,11210.61682959274,2545018854.5149517,2371951011.668687,369.639015059449,1180887541.297714,26488952.966390476,1154398588.3313236,0.32723461012988725,12.748537782621282,1603219712.7073276,61547230.87632357,0.6934295474694578
36682337.80276118,112349600.0,direct_plus_discharge,112349600.0,0.0,75667262.19723882,0.0,536.1797009265993,0.0,0.6237120163176955,18,230,170.15907216314122,30.94,113706555.52075355,153.28285722901276,657.7175563960775,1445.0192141639895,11210.616829350643,2545018854.4599915,2371920845.5253415,369.63684623171343,1180884370.4709187,26455615.996260256,1154428754.4746585,0.3272462537078127,12.7525128559349,1612107995.8021245,61135317.10381268,0.6899347785049571
0.0,112349600.0,discharging,112349600.0,0.0,112349600.0,0.0,796.1114645617674,0.0,0.5231505681625249,19,230,0.0,29.2,113768079.54028471,1.0,654.1499999999965,1445.0192143426825,11210.616829613684,2545018854.5197067,2371976517.8515425,369.64084886140165,1180890222.2478359,26517140.099382024,1154373082.148454,0.3272247653816529,12.745178580570988,1622418404.192089,61184147.95119159,0.6856565290180272
0.0,112349600.0,discharging,112349600.0,0.0,112349600.0,0.0,796.1114645617674,0.0,0.4225891200073543,20,230,0.0,27.68,113768079.54028903,1.0,654.15,1445.0192143395436,11210.616829503671,2545018854.494732,2371976517.8292813,369.6408488614745,1180890222.2707744,26517140.10005647,1154373082.170718,0.3272247653879636,12.745178580741625,1631425197.72815,61448502.427845165,0.6819014803433621
0.0,112349600.0,discharging,112349600.0,0.0,112349600.0,0.0,796.1114645617674,0.0,0.32202767185218373,21,230,0.0,25.99,113768079.54028903,1.0,654.15,1445.0192141689283,11210.616829432633,2545018854.478605,2371976517.8149004,369.64084886152136,1180890222.2010026,26517140.015903875,1154373082.1850986,0.32722476539204004,12.745178580852187,1641439330.0149543,61742422.865700535,0.677774453743803
0.0,112349600.0,discharging,112349600.0,0.0,112349600.0,0.0,796.1114645617674,0.0,0.2214662236970131,22,230,0.0,25.59,113768079.54028903,1.0,654.15,1445.0192142042254,11210.61682973014,2545018854.546144,2371976517.8751163,369.6408488613249,1180890222.2239032,26517140.09902019,1154373082.124883,0.32722476537497097,12.74517858038933,1643809538.840234,61811989.83324027,0.6768049433702223
0.0,112349600.0,discharging,112349600.0,0.0,112349600.0,0.0,796.1114645617674,0.0,0.1209047755418425,23,230,0.0,24.87,113768079.54028903,1.0,654.15,1445.019214295626,11210.616829213399,2545018854.4288344,2371976517.7705293,369.6408488616662,1180890222.246383,26517140.01691187,1154373082.229471,0.32722476540461803,12.745178581193239,1648075914.7257361,61937210.37481178,0.6750667964385328
0.0,112349600.0,discharging,112349600.0,0.0,112349600.0,0.0,796.1114645617674,0.0,0.020343327386671873,0,231,0.0,23.9,113768079.54028903,1.0,654.15,1445.0192143024628,11210.616829320355,2545018854.4531155,2371976517.792176,369.6408488615956,1180890222.2240858,26517140.01626254,1154373082.2078233,0.32722476539848167,12.74517858102686,1653823671.1270385,62105910.27109564,0.6727391932175
0.0,112349600.0,shutdown,0.0,0.0,0.0,0.0,0.0,0.0,0.020343327386671873,1,231,0.0,22.8,0.0,1.0,567.279923475184,1445.0192143061472,11210.616829231209,2545018854.4328775,2259509895.5752697,362.89907080586624,1179588764.9005976,25103923.744102467,1154484841.156495,0.33816193355491947,,1660341745.396556,0.0,0.6953296478615961
0.0,112349600.0,shutdown,0.0,0.0,0.0,0.0,0.0,0.0,0.020343327386671873,2,231,0.0,22.08,0.0,1.0,567.279923475184,1445.0192142023332,11210.616829705126,2545018854.540466,2259509895.6708302,362.89907080586624,1179588764.888648,25103923.827668197,1154484841.0609798,0.33816193352694196,,1664608121.2820587,0.0,0.6935475240693955
0.0,112349600.0,shutdown,0.0,0.0,0.0,0.0,0.0,0.0,0.020343327386671873,3,231,0.0,21.53,0.0,1.0,567.279923475184,1445.0192143463846,11210.616829610708,2545018854.519031,2259509895.6518,362.89907080586624,1179588764.9073367,25103923.827326432,1154484841.0800102,0.33816193353251617,,1667867158.4168177,0.0,0.6921923219447985
0.0,112349600.0,shutdown,0.0,0.0,0.0,0.0,0.0,0.0,0.020343327386671873,4,231,0.0,21.55,0.0,1.0,567.279923475184,1445.0192143427012,11210.616829527791,2545018854.5002074,2259509895.635088,362.89907080586624,1179588764.923977,25103923.827255547,1154484841.0967214,0.3381619335374111,,1667748647.9755535,0.0,0.692241509233497
0.0,112349600.0,shutdown,0.0,0.0,0.0,0.0,0.0,0.0,0.020343327386671873,5,231,0.0,21.41,0.0,1.0,567.279923475184,1445.0192141583987,11210.616829414721,2545018854.4745383,2259509895.6122985,362.89907080586624,1179588764.863999,25103923.74448673,1154484841.119512,0.33816193354408675,,1668578221.064401,0.0,0.6918973450241104
87845973.76928847,112349600.0,direct_plus_discharge,110574014.54923931,0.0,22728040.779950842,0.0,161.05134181115233,0.0,0.0,6,231,330.6154697332471,21.14,111826452.1814959,367.07807249972694,663.4139851897179,1445.0192143110737,11210.616829227087,2545018854.431942,2370219617.3172164,369.5145434375377,1180705495.3402448,26351098.10818703,1154354397.2320578,0.32739966441565405,12.964652373372337,1670178112.0214648,62220312.80672639,0.666333090984275
166879381.04048207,112349600.0,charging,112349600.0,54529781.04048208,0.0,386.39909573661754,0.0,-7.450580596923828e-09,0.04880830682988853,7,231,559.5751521404138,22.32,114187352.89121956,697.3314644239706,665.9521328964727,1445.0192141603281,11210.616829439947,2545018854.480265,2372355915.632678,369.6681266629058,1180930097.734152,26936413.36682971,1153993684.3673224,0.32707834617163034,12.695407429574399,1663185995.986891,63524646.83151299,0.6683190893430351
202291723.13673514,112349600.0,charging,112349600.0,89942123.13673514,0.0,637.331644938487,0.0,0.0,0.12931335671685532,8,231,679.03276446536,24.97,114576771.53203477,845.3074469491718,665.9528040701597,1445.0192143395402,11210.616829589724,2545018854.5142674,2372708302.6638684,369.69346324027106,1180967129.428003,27325832.091872357,1153641297.3361306,0.32694238273162,12.64950647056722,1647483362.5194163,63285408.35980068,0.6743408676692402
251160562.51322764,112349600.0,charging,112349600.0,138810962.51322764,0.0,983.6171972453329,0.0,0.0,0.2535597395267921,9,231,873.1128439895463,27.52,115114167.13712195,1049.5134975387448,665.9537228436554,1445.0192143463898,11210.616829524683,2545018854.4995017,2373194601.9452147,369.7284293394199,1181018225.7509804,27863227.69619524,1153154998.0547853,0.32675480118860656,12.58667326474981,1632373281.2582617,63141521.82278065,0.6801208671014279
206561891.32477695,112349600.0,charging,112349600.0,94212291.32477695,0.0,667.5901402967885,0.0,0.0,0.33788691514322855,10,231,773.7647192203569,29.58,114623729.25901416,863.1510092714788,665.9528846955825,1445.0192141652396,11210.616829435692,2545018854.479299,2372750795.2240424,369.6965185032163,1180971594.510566,27372789.734608684,1153598804.7759573,0.3269259896458852,12.643992607915813,1620166705.8080738,62517878.59595519,0.6855704363539632
199386219.69024813,112349600.0,charging,112349600.0,87036619.69024813,0.0,616.743190648734,0.0,0.0,0.4157913181725423,11,231,784.4662441043206,31.23,114544820.60374175,833.1663486265685,665.9527491733763,1445.0192141571454,11210.616829329687,2545018854.455234,2372679389.882135,369.69138439055405,1180964091.197821,27293881.079954665,1153670210.1178663,0.32695353715826425,12.653260791782747,1610389594.403797,62191027.42750846,0.689754619334711
195697253.3430488,112349600.0,charging,112349600.0,83347653.34304881,0.0,590.6031029102113,0.0,0.0,0.4903938153822532,12,231,778.127984674955,32.6,114504254.17475174,817.7514286462472,665.9526794297353,1445.019214342691,11210.616829613744,2545018854.51972,2372642680.996099,369.68874499336846,1180960233.737762,27253314.733862124,1153706919.0038998,0.32696769959647654,12.658030474945411,1602271629.1772158,61933438.26646585,0.693248050720133
210240364.5438665,112349600.0,charging,112349600.0,97890764.54386649,0.0,693.6558735241485,0.0,0.0,0.578013504669514,13,231,803.5068123389083,33.59,114664180.29829809,878.5220820829833,665.9529540963197,1445.0192143024726,11210.61682932043,2545018854.4531326,2372787399.865727,369.69915042676894,1180975440.908565,27413240.774291623,1153562200.1342735,0.32691186839909386,12.639246392396597,1596405362.3346496,61849502.55213876,0.6956483135136341
223264567.91815847,112349600.0,charging,112349600.0,110914967.91815847,0.0,785.9456335505118,0.0,0.0,0.6772908478548418,14,231,797.8568608766709,34.22,114807403.45936349,932.9457427852451,665.9531994280183,1445.0192143407899,11210.61682950262,2545018854.494493,2372917004.758311,369.708469251726,1180989059.2608213,27556464.01913184,1153432595.2416894,0.3268618724022613,12.622468559727604,1592672283.434835,61818166.9310107,0.6971527668755291
261655300.32425034,112349600.0,charging,112349600.0,149305700.32425034,0.0,1057.983114782423,0.0,0.0,0.810930820248411,15,231,866.8326431826747,34.45,115229574.54290688,1093.3673927346456,665.9539190375594,1445.019214205477,11210.616829729091,2545018854.545906,2373299037.3793125,369.7359386855353,1181029197.72233,27978635.101642977,1153050562.620687,0.3267145245913978,12.573256060608204,1591309413.3602993,62005746.112521,0.6974172806764508
222426184.49050012,112349600.0,charging,112349600.0,110076584.49050012,0.0,780.004832172871,0.0,0.0,0.9094577464176158,16,231,715.4696574671034,34.18,114798184.0145159,929.4424271586371,665.9531836541237,1445.0192143463796,11210.616829524626,2545018854.499489,2372908661.926662,369.7078693835183,1180988182.6469116,27547244.57357373,1153440938.0733378,0.32686509058478735,12.6235473082919,1592909304.3173628,61820096.7267689,0.6970571365599223
169798916.53403568,112349600.0,charging,112349600.0,57449316.53403568,0.0,407.0869813865266,0.0,0.0,0.9608792598559138,17,231,555.7840061602346,33.37,114219458.12561908,709.531197838991,665.9521884034807,1445.019214344473,11210.616829585593,2545018854.5133295,2372384967.694898,369.6702154712758,1180933150.9905744,26968518.685473777,1153964632.3051007,0.3270671357042368,12.691611334799457,1597708977.1885533,61647293.16495241,0.6954290967660985
90095892.42908737,112349600.0,direct_plus_discharge,112349600.0,0.0,22253707.57091263,0.0,157.69020740802412,0.0,0.9409604968149003,18,231,330.01602002496844,32.11,113620801.67202985,376.47970776521123,663.5108521771828,1445.0192142042224,11210.616829730126,2545018854.546141,2371843248.2581844,369.6312673020834,1180876213.9725726,26369862.230756864,1154506351.7418158,0.32727620587637996,12.762748814608127,1605175134.9881825,61347525.651607044,0.6927636683311542
0.0,112349600.0,discharging,112349600.0,0.0,112349600.0,0.0,796.1114645617674,0.0,0.8403990486597297,19,231,0.0,30.35,113768079.540289,1.0,654.15,1445.0192143476206,11210.616829523566,2545018854.499248,2371976517.833304,369.64084886146134,1180890222.2660418,26517140.09934473,1154373082.166697,0.3272247653868238,12.745178580710759,1615604053.8194113,60984142.919517435,0.6885251157153716
0.0,112349600.0,discharging,112349600.0,0.0,112349600.0,0.0,796.1114645617674,0.0,0.7398376005045592,20,231,0.0,28.77,113768079.54028903,1.0,654.15,1445.019214162093,11210.616829411663,2545018854.473844,2371976517.8106556,369.64084886153523,1180890222.205953,26517140.0166089,1154373082.189344,0.3272247653932434,12.74517858088482,1624966378.6792643,61258932.44129941,0.684590057198357
0.0,112349600.0,discharging,112349600.0,0.0,112349600.0,0.0,796.1114645617674,0.0,0.6392761523493885,21,231,0.0,28.03,113768079.54028903,1.0,654.15,1445.019214347631,11210.616829523628,2545018854.499262,2371976517.833317,369.64084886146134,1180890222.266047,26517140.09936349,1154373082.1666834,0.32722476538681994,12.745178580710643,1629351265.0060306,61387631.33124791,0.6827624801602733
0.0,112349600.0,discharging,112349600.0,0.0,112349600.0,0.0,796.1114645617674,0.0,0.538714704194218,22,231,0.0,26.35,113768079.54028903,1.0,654.15,1445.0192143110726,11210.616829313061,2545018854.4514594,2371976517.7906995,369.6408488616004,1180890222.225571,26517140.01627119,1154373082.2092998,0.3272247653989002,12.745178581038207,1639306142.072203,61679812.59491477,0.6786493909852479
0.0,112349600.0,discharging,112349600.0,0.0,112349600.0,0.0,796.1114645617674,0.0,0.4381532560390473,23,231,0.0,24.85,113768079.54028903,1.0,654.15,1445.0192141986302,11210.616829708117,2545018854.5411444,2371976517.870663,369.6408488613396,1180890222.2290626,26517140.099726655,1154373082.1293359,0.32722476537623324,12.745178580423516,1648194425.167,61940688.72318878,0.6750186419501005
0.0,112349600.0,discharging,112349600.0,0.0,112349600.0,0.0,796.1114645617674,0.0,0.3375918078838767,0,232,0.0,23.87,113768079.54028903,1.0,654.15,1445.0192142054827,11210.616829643131,2545018854.5263915,2371976517.8575063,369.64084886138244,1180890222.241472,26517140.09897697,1154373082.1424952,0.3272247653799634,12.745178580524707,1654001436.788934,62111127.79366111,0.6726674613114728
0.0,112349600.0,discharging,112349600.0,0.0,112349600.0,0.0,796.1114645617674,0.0,0.23703035972870612,1,232,0.0,23.12,113768079.54028903,1.0,654.15,1445.0192143110623,11210.616829313021,2545018854.4514503,2371976517.790691,369.6408488616004,1180890222.2255673,26517140.01625839,1154373082.2093089,0.3272247653989028,12.745178581038282,1658445578.3363326,62241565.857798114,0.6708791229738337
0.0,112349600.0,discharging,112349600.0,0.0,112349600.0,0.0,796.1114645617674,0.0,0.1364689115735355,2,232,0.0,22.55,113768079.54028903,1.0,654.15,1445.0192143005509,11210.616829209192,2545018854.4278793,2371976517.769674,369.6408488616689,1180890222.247235,26517140.0169082,1154373082.230327,0.3272247654048607,12.74517858119986,1661823125.9123554,62340698.78654223,0.6695263325292902
0.0,112349600.0,discharging,112349600.0,0.0,112349600.0,0.0,796.1114645617674,0.0,0.035907463418364885,3,232,0.0,21.93,113768079.54028903,1.0,654.15,1445.0192143513198,11210.61682960657,2545018854.5180917,2371976517.8501053,369.6408488614066,1180890222.2493374,26517140.099443205,1154373082.1498942,0.3272247653820608,12.745178580581587,1665496949.5915382,62448527.58622882,0.668061057132033
0.0,112349600.0,discharging,40116657.28841734,0.0,40116657.28841734,0.0,284.267418728722,0.0,-4.084748134278415e-18,4,232,0.0,21.45,40624845.55311262,1.0,654.15,1445.0192141652624,11210.616829435825,2545018854.4793296,2305869264.2177224,364.90308572737166,1173854241.811,25606848.740327653,1148247393.0706725,0.3323797646360148,35.36832698008307,1668341200.1818736,22329226.046964217,0.6791669004537574
0.0,112349600.0,shutdown,0.0,0.0,0.0,0.0,0.0,0.0,-4.084748134278415e-18,5,232,0.0,21.07,0.0,1.0,567.279923475184,1445.0192143395475,11210.616829503728,2545018854.4947443,2259509896.384707,362.89907080586624,1179588764.175066,25103923.827971566,1154484840.3470945,0.3381619333178367,,1670592898.5658886,0.0,0.6910629401921652
75916806.08470178,112349600.0,direct_partial,75916806.08470178,0.0,-4.563576076179743e-09,0.0,-3.233758939637078e-14,0.0,0.0,6,232,293.76126970645504,20.69,76754271.49964026,317.23018884276394,665.854990175441,1445.0192143463732,11210.616829610648,2545018854.519017,2338503157.763936,367.2378859675857,1177349774.294847,25936125.974057302,1151413648.3207898,0.3298466631471422,18.80670066336214,1672844596.949904,42882819.801858656,0.6710935764497259
167512225.30558953,112349600.0,charging,112349600.0,55162625.30558953,0.0,390.88344258550893,0.0,0.0,0.049374750642380075,7,232,560.523021031659,23.68,114194312.08507368,699.9759026726518,665.9521449309237,1445.019214204237,11210.616829644196,2545018854.5266333,2372362213.0473766,369.6685794363897,1180930759.5964148,26943372.64376296,1153987386.9526517,0.32707591614212267,12.694584399174703,1655127285.980942,63295312.938928835,0.6715387633274844
207979808.04282704,112349600.0,charging,112349600.0,95630208.04282704,0.0,677.6375259130566,0.0,0.0,0.13497106970508196,8,232,695.7974576250384,27.6,114639321.65331772,869.0759949423549,665.9529114528146,1445.0192143395427,11210.616829589755,2545018854.514274,2372764905.00754,369.69753301186154,1180973077.2056234,27388382.213161953,1153584694.9924614,0.32692054637422047,12.642162718721757,1631899239.4932055,62867228.77062419,0.6806747222077321
208657408.63377246,112349600.0,charging,112349600.0,96307808.63377246,0.0,682.4390169628288,0.0,0.0,0.22117389290038666,9,232,734.8611297828256,29.84,114646773.01873061,871.9074544637893,665.9529242371193,1445.0192142091587,11210.61682972598,2545018854.5451994,2372771647.871189,369.6980178305042,1180973785.7062826,27395833.577472642,1153577952.12881,0.32691794513111117,12.641288418449342,1618626070.0716424,62485690.01614771,0.6861994422480088
204091640.1819064,112349600.0,charging,112349600.0,91742040.1819064,0.0,650.0858923494345,0.0,0.0,0.30329000561820996,10,232,767.0117938921255,31.58,114596564.66651694,852.8286804360487,665.9528380625928,1445.0192143427048,11210.616829527808,2545018854.5002112,2372726213.6804023,369.6947510611457,1180969011.5451844,27345625.225585025,1153623386.3195994,0.32693547283681235,12.647181773520945,1608315661.6816776,62158900.683552615,0.6905962008102539
196569812.45429802,112349600.0,charging,112349600.0,84220212.45429802,0.0,596.7860738506804,0.0,0.0,0.37867350968355906,11,232,777.2858159234362,32.92,114513849.4390889,821.3975526853675,665.952695930801,1445.0192143042375,11210.616829292127,2545018854.4467072,2372651363.771778,369.6893692947564,1180961146.1440072,27262909.915784523,1153698236.2282226,0.32696434971103217,12.65690198691263,1600375462.1169925,61883603.90966184,0.6940544105353811
188578500.08612818,112349600.0,charging,112349600.0,76228900.08612818,0.0,540.159477999923,0.0,0.0,0.4469041805888125,12,232,755.9468586437627,34.01,114425971.43338355,788.0046103001519,665.9525447029894,1445.0192141640093,11210.616829350825,2545018854.460033,2372571842.2867885,369.68365167122766,1180952789.6221516,27175031.908941608,1153777757.71321,0.3269950303773841,12.667244291791818,1593916643.068107,61648815.365673855,0.6969085709270123
207193539.80651796,112349600.0,charging,112349600.0,94843939.80651796,0.0,672.0660138013409,0.0,0.0,0.5317967297005608,13,232,796.886204239428,34.73,114630675.30320892,865.7904507532684,665.9528966161959,1445.0192141689379,11210.616829432696,2545018854.478619,2372757080.784704,369.69697044274415,1180972254.9941368,27379735.778840758,1153592519.215296,0.3269235647950518,12.643177374043933,1589650267.1826038,61635196.95679991,0.6986027214964379
224516912.76192573,112349600.0,charging,112349600.0,112167312.76192573,0.0,794.8197736249574,0.0,0.0,0.6321950168952923,14,232,805.6588998581835,35.1,114821175.11065884,938.1788606121634,665.9532229857452,1445.0192143005452,11210.6168292952,2545018854.447405,2372929466.927827,369.70936531296377,1180990368.6595094,27570235.58733741,1153420133.072172,0.32685706524530883,12.620857489554334,1587457824.0192208,61673857.84237349,0.6994105720958276
232697990.78415674,112349600.0,charging,112349600.0,120348390.78415674,0.0,852.7910526145793,0.0,0.0,0.7399159919623971,15,232,778.4868831083304,35.08,114911139.91093038,972.3647683153157,665.9533767404881,1445.0192143463742,11210.616829524588,2545018854.4994802,2373010877.8514915,369.7152189617253,1180998922.6184864,27660200.469977688,1153338722.1485088,0.32682566276735975,12.610342495803163,1587576334.460485,61725643.911037974,0.6992889945401538
223254240.11238116,112349600.0,charging,112349600.0,110904640.11238116,0.0,785.872450516633,0.0,0.0,0.8391840909750243,16,232,718.5157659297184,34.61,114807289.88766158,932.9025864415311,665.9531992337196,1445.0192143073916,11210.616829316179,2545018854.4521675,2372916901.9475536,369.70846186224196,1180989048.4160855,27556350.363635417,1153432698.0524502,0.3268619120567418,12.62248184775646,1590361329.8301876,61750871.54402599,0.6981563946401669
184383942.35829353,112349600.0,charging,112349600.0,72034342.35829353,0.0,510.4367598425346,0.0,0.0,0.9036603132709234,17,232,599.0854187556287,33.87,114379845.17139676,770.4769980527631,665.9524652322525,1445.0192141584105,11210.616829328736,2545018854.455018,2372530102.3546996,369.6806505712966,1180948403.2929428,27128905.64763945,1153819497.6453032,0.32701113493330664,12.672679219816818,1594746216.1569543,61648003.33899941,0.6965850786393195
91064597.98942238,112349600.0,direct_plus_discharge,112349600.0,0.0,21285002.01057762,0.0,150.82594084750735,0.0,0.8846086154796593,18,232,332.4509218993097,32.29,113619246.44451,380.5275947047019,663.622792420046,1445.0192143073932,11210.616829316215,2545018854.4521756,2371841840.874808,369.6311661236533,1180876066.0456893,26368306.920496386,1154507759.1251929,0.32727674912444765,12.762934596716253,1604108541.0168068,61324685.39205445,0.6932176810322402
0.0,112349600.0,discharging,112349600.0,0.0,112349600.0,0.0,796.1114645617674,0.0,0.7840471673244888,19,232,0.0,29.7,113768079.54028897,1.0,654.15,1445.0192143426866,11210.616829613726,2545018854.519716,2371976517.851555,369.6408488614018,1180890222.247839,26517140.099391744,1154373082.1484473,0.32722476538165063,12.745178580570467,1619455643.16049,61097189.24176951,0.6869007982916748
0.0,112349600.0,discharging,112349600.0,0.0,112349600.0,0.0,796.1114645617674,0.0,0.6834857191693181,20,232,0.0,27.83,113768079.54028903,1.0,654.15,1445.0192141973878,11210.616829623166,2545018854.521859,2371976517.853466,369.6408488613956,1180890222.2461991,26517140.099666424,1154373082.1465328,0.32722476538110795,12.745178580555727,1630536369.4186702,61422414.81501778,0.6822702142058175
0.0,112349600.0,discharging,112349600.0,0.0,112349600.0,0.0,796.1114645617674,0.0,0.5829242710141476,21,232,0.0,26.63,113768079.54028903,1.0,654.15,1445.019214351299,11210.61682960646,2545018854.518067,2371976517.850082,369.64084886140654,1180890222.249329,26517140.099410757,1154373082.1499183,0.32722476538206763,12.745178580581781,1637646995.894508,61631115.71763697,0.6793314609665263
0.0,112349600.0,discharging,112349600.0,0.0,112349600.0,0.0,796.1114645617674,0.0,0.48236282285897697,22,232,0.0,25.75,113768079.54028903,1.0,654.15,1445.0192141689301,11210.616829346567,2545018854.4590664,2371976517.797482,369.6408488615783,1180890222.218347,26517140.01583007,1154373082.202517,0.32722476539697753,12.74517858098606,1642861455.3101223,61784163.04622438,0.677192414524015
0.0,112349600.0,discharging,112349600.0,0.0,112349600.0,0.0,796.1114645617674,0.0,0.3818013747038064,23,232,0.0,24.92,113768079.54028903,1.0,654.15,1445.0192143444572,11210.616829585475,2545018854.5133023,2371976517.8458357,369.6408488614204,1180890222.2542734,26517140.10010983,1154373082.1541636,0.327224765383271,12.745178580614404,1647779638.6225762,61928514.50386933,0.6751872125328686
0.0,112349600.0,discharging,112349600.0,0.0,112349600.0,0.0,796.1114645617674,0.0,0.2812399265486358,0,233,0.0,24.49,113768079.54028903,1.0,654.15,1445.0192143427046,11210.616829613802,2545018854.5197334,2371976517.851571,369.64084886140193,1180890222.247845,26517140.09941668,1154373082.1484282,0.32722476538164524,12.745178580570306,1650327613.1097515,62003298.99397453,0.6741530354843591
0.0,112349600.0,discharging,112349600.0,0.0,112349600.0,0.0,796.1114645617674,0.0,0.18067847839346515,1,233,0.0,24.36,113768079.54028903,1.0,654.15,1445.0192141639907,11210.616829350696,2545018854.4600034,2371976517.798318,369.6408488615755,1180890222.2174933,26517140.015808806,1154373082.2016845,0.32722476539674156,12.74517858097967,1651097930.9779673,62025908.258424945,0.6738410007277902
0.0,112349600.0,discharging,112349600.0,0.0,112349600.0,0.0,796.1114645617674,0.0,0.08011703023829453,2,233,0.0,23.87,113768079.54028903,1.0,654.15,1445.0192142023136,11210.616829705014,2545018854.54044,2371976517.870029,369.6408488613415,1180890222.229706,26517140.099734344,1154373082.1299717,0.3272247653764135,12.745178580428467,1654001436.788934,62111127.79366111,0.6726674613041752
0.0,112349600.0,discharging,89508618.51721932,0.0,89508618.51721932,0.0,634.2598227198317,0.0,0.0,3,233,0.0,23.41,90639252.2991984,1.0,654.15,1445.0192143073928,11210.616829230175,2545018854.432643,2351055285.1339946,368.1380812381281,1178682627.6411204,26229294.257898107,1152453333.3832223,0.3288365079593176,15.951887404814578,1656727176.938005,49547795.199373774,0.6754206398160976
0.0,112349600.0,shutdown,0.0,0.0,0.0,0.0,0.0,0.0,0.0,4,233,0.0,23.02,0.0,1.0,567.279923475184,1445.019214311066,11210.61682931303,2545018854.4514527,2259509895.5917883,362.89907080586624,1179588764.8841722,25103923.744161565,1154484841.1400106,0.338161933550091,,1659038130.5426528,0.0,0.6958760138697906
0.0,112349600.0,shutdown,0.0,0.0,0.0,0.0,0.0,0.0,0.0,5,233,0.0,22.76,0.0,1.0,567.279923475184,1445.0192143042423,11210.616829292167,2545018854.4467163,2259509895.587598,362.89907080586624,1179588764.88911,25103923.74489727,1154484841.1442127,0.33816193355132185,,1660578766.279084,0.0,0.6952304007422103
51552259.130136415,112349600.0,direct_partial,51552259.130136415,0.0,0.0,0.0,0.0,0.0,0.0,6,233,218.7100803875962,22.6,52121795.11150612,215.41913763966696,665.7155296244399,1445.0192141689347,11210.61682934661,2545018854.459076,2316249522.411471,365.6448163509108,1174970933.175633,25668196.456921827,1149302736.7187111,0.3315817517836928,27.608505289423935,1661526849.8091955,28966227.578142066,0.6798624330925757
161652248.81744415,112349600.0,charging,112349600.0,49302648.817444146,0.0,349.35953449616153,0.0,0.0,0.04412962541004145,7,233,542.5260267034276,23.56,114129871.72488657,675.4890789530256,665.9520334389453,1445.0192143073916,11210.616829316194,2545018854.452171,2372303900.9632425,369.66438688148764,1180924631.237651,26878932.200882565,1154045699.0367684,0.3270984178574359,12.702209285729795,1655838348.6285257,63280152.0166642,0.671300843195889
202992852.00994503,112349600.0,charging,112349600.0,90643252.00994503,0.0,642.2998578568923,0.0,0.0,0.12526223903406997,8,233,680.9709721615098,26.86,114584481.63073787,848.2372230596595,665.9528173127618,1445.019214299292,11210.616829210174,2545018854.4281025,2372715279.5403743,369.69396489018527,1180967862.5669603,27333542.10733441,1153634320.459626,0.32693969110425636,12.648600827126437,1636284125.8199723,62964472.76471501,0.6789085019228462
204241688.26779673,112349600.0,charging,112349600.0,91892088.26779673,0.0,651.1491360228684,0.0,0.0,0.20751265621590598,9,233,722.2622662162811,29.0,114598214.69919041,853.4556797143058,665.952840895805,1445.0192142054725,11210.6168297291,2545018854.545908,2372727706.854692,369.69485841889025,1180969168.4032345,27347275.257928163,1153621893.1453063,0.32693489679262094,12.64698801366818,1623603508.6047287,62603766.37641804,0.6841518894278313
204168295.11429292,112349600.0,charging,112349600.0,91818695.1142929,0.0,650.6290707006534,0.0,1.4901161193847656e-08,0.2896973809359885,10,233,770.3347972935937,30.65,114597407.6172428,853.148995000515,665.9528395100035,1445.0192143073928,11210.616829316232,2545018854.4521794,2372726976.433381,369.69480590710805,1180969091.659854,27346468.09323456,1153622623.5666194,0.32693517857159754,12.647082787385726,1613826397.2004519,62319392.766019404,0.6882591183131486
200643025.94081917,112349600.0,charging,112349600.0,88293425.94081917,0.0,625.6489443391121,0.0,0.0,0.3687267212735606,11,233,796.4030261287461,31.88,114558641.31575614,838.4181091361266,665.9527729233116,1445.0192142023275,11210.616829619044,2545018854.5209236,2372691896.443921,369.6922836179862,1180965405.4312332,27307701.875154,1153657703.5560791,0.3269487121591082,12.651636563204686,1606538005.0627182,62086718.709062405,0.6913823624453656
192584016.73456287,112349600.0,charging,112349600.0,80234416.73456287,0.0,568.5426473686781,0.0,0.0,0.4405426346253936,12,233,775.5953178024838,32.81,114470018.86873168,804.7422849775884,665.9526205324614,1445.019214351308,11210.616829606519,2545018854.51808,2372611701.1806703,369.68651753094025,1180956978.2471993,27219079.42786953,1153737898.8193297,0.32697965198786966,12.66205839312583,1601027269.5439441,61878819.59531435,0.69380821103164
206718204.16459745,112349600.0,charging,112349600.0,94368604.16459745,0.0,668.6977761391886,0.0,0.0,0.5250097221377122,13,233,800.3672827115373,33.37,114625448.18326573,863.8041867989881,665.9528876456882,1445.0192143073953,11210.616829230159,2545018854.432639,2372752350.658121,369.69663034393,1180971758.0010593,27374508.65918155,1153597249.3418777,0.3269253895835882,12.643790854669694,1597708977.1885533,61866472.242271334,0.6951158802316101
223985180.33370307,112349600.0,charging,112349600.0,111635580.33370307,0.0,791.0519072312425,0.0,0.0,0.6249320683142903,14,233,808.6004068130735,33.51,114815327.81259218,935.9569339095214,665.9532129840716,1445.0192141973853,11210.616829709188,2545018854.5413876,2372924175.687232,369.7089848544207,1180989812.6847985,27564388.372031353,1153425424.312767,0.3268591062904222,12.621541485276213,1596879404.0997057,61944844.21023788,0.6953270821112658
227217305.11096925,112349600.0,charging,112349600.0,114867705.11096925,0.0,813.9548066636903,0.0,0.0,0.7277474123139143,15,233,764.7989504338382,33.2,114850870.49526055,949.4628702935091,665.9532737633544,1445.0192141652376,11210.616829435674,2545018854.479295,2372956338.8549566,369.71129746618817,1180993192.115892,27599930.970850147,1153393261.1450417,0.32684669981057246,12.61738490242379,1598716315.939297,62017487.79050663,0.6945082098977347
218079444.26086086,112349600.0,charging,112349600.0,105729844.26086086,0.0,749.2037458291042,0.0,0.0,0.8223836749449589,16,233,704.5092832644384,32.25,114750384.24833226,911.2788966439258,665.9531018311502,1445.0192143476227,11210.616829523562,2545018854.499247,2372865407.1252017,369.7047592753617,1180983637.682186,27499444.807388477,1153484192.8747973,0.32688177605980023,12.629143040719676,1604345561.8993351,62126907.83072991,0.6921711662369306
170799938.95688468,112349600.0,charging,112349600.0,58450338.95688468,0.0,414.18024586733907,0.0,0.0,0.8747011796860965,17,233,559.7097084376079,31.37,114230466.06149738,713.7141258178358,665.9522074280255,1445.0192143358543,11210.616829592796,2545018854.5149646,2372394928.786452,369.670931663631,1180934197.8348644,26979526.621323444,1153954671.213541,0.3270632920138238,12.690310257298117,1609560021.3149493,61996294.994789556,0.6903474683767182
80538193.91942361,112349600.0,direct_plus_discharge,112349600.0,0.0,31811406.08057639,0.0,225.41624611548937,0.0,0.8462275485978241,18,233,301.19857476258244,29.84,113636146.26831643,336.5413771175811,662.4202096191118,1445.0192143426866,11210.616829527638,2545018854.5001726,2371857133.2917747,369.63226557916545,1180877673.5355668,26385206.82734385,1154492466.7082229,0.3272708462094352,12.760916081345597,1618626070.0716424,61659145.17767245,0.687081250391722
0.0,112349600.0,discharging,112349600.0,0.0,112349600.0,0.0,796.1114645617674,0.0,0.7456661004426536,19,233,0.0,27.6,113768079.54028897,1.0,654.15,1445.01921416032,11210.61682943989,2545018854.4802523,2371976517.8163676,369.6408488615165,1180890222.1995163,26517140.015885733,1154373082.1836305,0.3272247653916239,12.74517858084092,1631899239.4932055,61462415.821353085,0.6817049852054162
0.0,112349600.0,discharging,112349600.0,0.0,112349600.0,0.0,796.1114645617674,0.0,0.6451046522874829,20,233,0.0,26.29,113768079.54028903,1.0,654.15,1445.0192143005504,11210.61682929523,2545018854.4474115,2371976517.787093,369.6408488616122,1180890222.2298825,26517140.016975157,1154373082.2129073,0.32722476539992285,12.74517858106591,1639661673.395995,61690247.64004573,0.678503411281277
0.0,112349600.0,discharging,112349600.0,0.0,112349600.0,0.0,796.1114645617674,0.0,0.5445432041323124,21,233,0.0,25.25,113768079.54028903,1.0,654.15,1445.0192143463782,11210.61682952464,2545018854.499492,2371976517.833526,369.6408488614606,1180890222.2658243,26517140.099350117,1154373082.166474,0.3272247653867606,12.745178580709,1645824216.341721,61871121.755649045,0.675983037731203
0.0,112349600.0,discharging,112349600.0,0.0,112349600.0,0.0,796.1114645617674,0.0,0.44398175597714173,22,233,0.0,23.94,113768079.54028903,1.0,654.15,1445.0192141640034,11210.616829436824,2545018854.479556,2371976517.8157487,369.64084886151863,1180890222.2001555,26517140.015903577,1154373082.184252,0.32722476539180007,12.745178580845682,1653586650.2445104,62098953.57434166,0.6728348594956997
0.0,112349600.0,discharging,112349600.0,0.0,112349600.0,0.0,796.1114645617674,0.0,0.34342030782197114,23,233,0.0,22.64,113768079.54028903,1.0,654.15,1445.0192143444553,11210.61682949944,2545018854.493771,2371976517.8284225,369.6408488614772,1180890222.2716205,26517140.100042656,1154373082.171578,0.3272247653882074,12.74517858074826,1661289828.9266677,62325046.21884581,0.6697395681701354
0.0,112349600.0,discharging,112349600.0,0.0,112349600.0,0.0,796.1114645617674,0.0,0.24285885966680054,0,234,0.0,21.96,113768079.54028903,1.0,654.15,1445.0192141652467,11210.616829435707,2545018854.4793024,2371976517.8155236,369.64084886151943,1180890222.2003634,26517140.0158867,1154373082.1844766,0.3272247653918637,12.745178580847396,1665319183.9296424,62443310.06366335,0.6681318098973327
0.0,112349600.0,discharging,112349600.0,0.0,112349600.0,0.0,796.1114645617674,0.0,0.14229741151162995,1,234,0.0,21.31,113768079.54028903,1.0,654.15,1445.0192143476163,11210.616829609557,2545018854.5187697,2371976517.850706,369.6408488614045,1180890222.2486951,26517140.099400647,1154373082.1492944,0.32722476538189077,12.745178580577015,1669170773.2707212,62556356.38591541,0.6666021813599358
0.0,112349600.0,discharging,112349600.0,0.0,112349600.0,0.0,796.1114645617674,0.0,0.041735963356459314,2,234,0.0,20.76,113768079.54028903,1.0,654.15,1445.0192142956223,11210.61682921333,2545018854.4288187,2371976517.770515,369.64084886166626,1180890222.2463782,26517140.016894422,1154373082.2294838,0.3272247654046217,12.745178581193342,1672429810.4054801,62652010.96628254,0.6653133402762711
0.0,112349600.0,discharging,46628393.63129999,0.0,46628393.63129999,0.0,330.4097099053029,0.0,0.0,3,234,0.0,20.26,47218643.85497652,1.0,654.15,1445.0192142091737,11210.616829726132,2545018854.545234,2311822107.6497045,365.3283409459193,1174495196.7640185,25688910.782459248,1148806285.9815593,0.3319080370785422,30.454764293981075,1675392571.4370792,26039369.539469894,0.675199670532924
0.0,112349600.0,shutdown,0.0,0.0,0.0,0.0,0.0,0.0,0.0,4,234,0.0,19.81,0.0,1.0,567.279923475184,1445.0192142054746,11210.616829643064,2545018854.5263762,2259509895.6583214,362.89907080586624,1179588764.9003494,25103923.826859616,1154484841.0734897,0.33816193353060625,,1678059056.365518,0.0,0.6879882067881272
0.0,112349600.0,shutdown,0.0,0.0,0.0,0.0,0.0,0.0,0.0,5,234,0.0,19.37,0.0,1.0,567.279923475184,1445.01921434078,11210.616829588615,2545018854.514015,2259509895.647347,362.89907080586624,1179588764.9124773,25103923.82801348,1154484841.0844638,0.3381619335338207,,1680666286.0733252,0.0,0.6869209257370057
56156412.62495826,112349600.0,direct_partial,56156412.62495826,0.0,0.0,0.0,0.0,0.0,0.0,6,234,233.3575153334577,18.96,56776579.06706387,234.65830954310312,665.7511588449437,1445.0192143110783,11210.616829313121,2545018854.451473,2320453356.5441136,365.945458593592,1175421882.9989967,25718826.918104373,1149703056.0808923,0.33125239550565644,25.36003663600471,1683095750.1192365,31864858.988266762,0.6703961886793532
157451987.5141191,112349600.0,charging,112349600.0,45102387.51411909,0.0,319.5964006912149,0.0,0.0,0.04037007166625872,7,234,530.4302320195299,20.93,114083682.74244483,657.9376334278871,665.9519534473854,1445.0192143073846,11210.61682923009,2545018854.4326234,2372262104.655003,369.6613817976435,1180920238.5633461,26832743.218340673,1154087495.3450055,0.32711454691117525,12.707679881708733,1671422471.654736,63705079.23024892,0.6651312145648165
204259581.57413572,112349600.0,charging,112349600.0,91909981.57413572,0.0,651.2759283418031,0.0,0.0,0.12263650471996015,8,234,685.8668827606504,24.91,114598411.46638182,853.5304496795015,665.9528412336614,1445.0192141534758,11210.616829418896,2545018854.475486,2372727884.8488135,369.6948712215767,1180969187.0938613,27347471.94267349,1153621715.151188,0.3269348281182773,12.64696490860074,1647838893.8432083,63307688.75034928,0.6741805330333898
208475515.58344233,112349600.0,charging,112349600.0,96125915.58344233,0.0,681.150119248089,0.0,0.0,0.20867651978287666,9,234,738.1251059107104,27.27,114644772.79676709,871.147386045723,665.952920805502,1445.019214302473,11210.616829234401,2545018854.4336023,2372769837.7450376,369.6978876875203,1180973595.5276568,27393833.272696108,1153579762.2549608,0.32691864342599875,12.641523102512474,1633854661.7740612,62927028.84281608,0.6798633958830428
203092862.4724939,112349600.0,charging,112349600.0,90743262.47249389,0.0,643.0085339519676,0.0,0.0,0.28989865038733575,10,234,769.8863707127,29.23,114585581.41505267,848.6551323416337,665.9528192015688,1445.0192143024697,11210.61682932043,2545018854.4531326,2372716274.769782,369.69403644648435,1180967967.1212637,27334641.891045116,1153633325.2302186,0.3269393071564902,12.648471653961758,1622240638.530193,62557288.8554917,0.6847309736546989
194966695.24937806,112349600.0,charging,112349600.0,82617095.24937806,0.0,585.4263539596171,0.0,0.0,0.3638472424664453,11,234,780.1483849493192,30.82,114496220.4519601,814.6986779581241,665.9526656119444,1445.0192141986217,11210.616829708066,2545018854.541133,2372635411.2294054,369.68822229194046,1180959469.7819755,27245281.011381105,1153714188.7705944,0.3269705043421633,12.6589754575796,1612819058.4497082,62235124.53938286,0.6887623101909581
190886757.06201142,112349600.0,charging,112349600.0,78537157.06201142,0.0,556.5158321093753,0.0,0.0,0.4341439791539453,12,234,774.3886771357901,31.87,114451354.6258269,797.6500212983449,665.9525884083115,1445.0192143513113,11210.616829520519,2545018854.498556,2372594811.748358,369.6853031770096,1180955203.4365501,27200415.184904773,1153754788.2516453,0.3269861682347027,12.664255329426647,1606597260.2833505,62030277.21638587,0.691439378964359
204970708.81811562,112349600.0,charging,112349600.0,92621108.81811562,0.0,656.3149899111778,0.0,0.0,0.5170469252479888,13,234,799.5025129027582,32.37,114606231.51409383,856.5020055382568,665.9528546600326,1445.0192142054748,11210.616829729071,2545018854.5459013,2372734961.3638573,369.69538002595084,1180969930.7089665,27355292.07282357,1153614638.636143,0.3269320980995766,12.646046696917796,1603634499.2517514,62028191.481424004,0.6925859869793661
218012922.9707142,112349600.0,charging,112349600.0,105663322.97071421,0.0,748.7323746651375,0.0,0.0,0.611623646258322,14,234,792.9984383754448,32.42,114749652.73415215,911.0009270806154,665.953100578426,1445.0192143042395,11210.616829206143,2545018854.4271874,2372864745.102155,369.7047116794777,1180983568.1086416,27498713.21079607,1153484854.8978455,0.3268820314311899,12.629228712933822,1603338223.1485915,62097219.168606274,0.6926025624223227
221812576.2983037,112349600.0,charging,112349600.0,109462976.2983037,0.0,775.656792513125,0.0,0.0,0.7096013463652431,15,234,751.1346837734047,32.06,114791436.3538402,926.8783698342494,665.9531721076949,1445.019214351319,11210.61682960656,2545018854.5180893,2372902555.869208,369.7074303436326,1180987541.0437834,27540496.912991058,1153447044.1307924,0.3268674459612165,12.624336948090283,1605471411.0913424,62181889.98187729,0.6916587778697709
219339826.45090282,112349600.0,charging,112349600.0,106990226.45090282,0.0,758.1348386965632,0.0,0.0,0.8053657470427037,16,234,709.43923060597,31.17,114764244.28385355,916.54559977307,665.9531255635685,1445.0192142054843,11210.616829729184,2545018854.545927,2372877949.3360977,369.70566108152127,1180984955.5065165,27513304.84261458,1153471650.6639018,0.32687693787772254,12.62752002031172,1610745125.727589,62320530.935550414,0.6894359740576192
176671478.76318336,112349600.0,charging,112349600.0,64321878.763183355,0.0,455.7860918554436,0.0,0.0,0.8629387270665492,17,234,577.805123496345,29.96,114295033.5799166,738.2492686618559,665.952318943662,1445.0192141937184,11210.61682962636,2545018854.5225844,2372453356.0630593,369.67513253777736,1180940338.0762522,27044094.139327295,1153896243.936925,0.32704074714697157,12.682683776591652,1617915007.4240587,62273339.76952338,0.686766008027777
92935775.54861636,112349600.0,direct_plus_discharge,112349600.0,0.0,19413824.451383635,0.0,137.56674003944897,0.0,0.845561875693145,18,234,338.58818241850145,28.33,113616242.3254525,388.34660133940105,663.8397596274657,1445.019214346377,11210.616829610664,2545018854.519021,2371839122.5570555,369.6309706840197,1180875780.3275216,26365302.88457765,1154510477.4429438,0.3272777984154747,12.763293471096707,1627573608.3870711,62017909.68641388,0.6833074533656194
0.0,112349600.0,discharging,112349600.0,0.0,112349600.0,0.0,796.1114645617674,0.0,0.7450004275379745,19,234,0.0,26.87,113768079.54028483,1.0,654.1499999999969,1445.0192143110783,11210.61682922708,2545018854.43194,2371976517.7732954,369.64084886165693,1180890222.2429204,26517140.0162199,1154373082.2267005,0.3272247654038331,12.745178581172407,1636224870.59934,61589375.53711062,0.6799171846116819
0.0,112349600.0,discharging,112349600.0,0.0,112349600.0,0.0,796.1114645617674,0.0,0.6444389793828038,20,234,0.0,25.54,113768079.54028903,1.0,654.15,1445.0192142956244,11210.616829299395,2545018854.448357,2371976517.787934,369.6408488616093,1180890222.229035,26517140.01696801,1154373082.212067,0.3272247653996846,12.745178581059475,1644105814.9433935,61820685.70418274,0.6766839496155682
0.0,112349600.0,discharging,112349600.0,0.0,112349600.0,0.0,796.1114645617674,0.0,0.5438775312276333,21,234,0.0,24.43,113768079.54028903,1.0,654.15,1445.0192141640066,11210.616829436809,2545018854.4795527,2371976517.815746,369.64084886151863,1180890222.2001545,26517140.01590026,1154373082.1842542,0.3272247653918006,12.7451785808457,1650683144.4335434,62013734.0391055,0.674008983547458
0.0,112349600.0,discharging,112349600.0,0.0,112349600.0,0.0,796.1114645617674,0.0,0.4433160830724626,22,234,0.0,23.17,113768079.54028903,1.0,654.15,1445.019214311081,11210.6168292271,2545018854.431945,2371976517.7732997,369.6408488616571,1180890222.2429256,26517140.01622498,1154373082.2267008,0.3272247654038328,12.745178581171972,1658149302.2331727,62232869.98685565,0.6709980496583884
0.0,112349600.0,discharging,112349600.0,0.0,112349600.0,0.0,796.1114645617674,0.0,0.342754634917292,23,234,0.0,21.69,113768079.54028903,1.0,654.15,1445.019214300549,11210.616829295239,2545018854.4474134,2371976517.787095,369.6408488616122,1180890222.2298832,26517140.01697737,1154373082.212906,0.3272247653999224,12.745178581065899,1666919074.8867059,62490267.76675266,0.6674955742067022
0.0,112349600.0,discharging,112349600.0,0.0,112349600.0,0.0,796.1114645617674,0.0,0.24219318676212143,0,235,0.0,20.98,113768079.54028903,1.0,654.15,1445.0192141603143,11210.616829353843,2545018854.4607177,2371976517.798955,369.64084886157343,1180890222.2168596,26517140.01581458,1154373082.201045,0.32722476539656026,12.745178580974745,1671126195.5515761,62613749.134135686,0.6658282781909988
0.0,112349600.0,discharging,112349600.0,0.0,112349600.0,0.0,796.1114645617674,0.0,0.1416317386069508,1,235,0.0,20.37,113768079.54028903,1.0,654.15,1445.019214307386,11210.616829316186,2545018854.452169,2371976517.79133,369.64084886159833,1180890222.2249367,26517140.0162666,1154373082.2086701,0.32722476539872175,12.74517858103339,1674740764.010127,62719838.75963378,0.6644024505467544
0.0,112349600.0,discharging,112349600.0,0.0,112349600.0,0.0,796.1114645617674,0.0,0.04107029045178019,2,235,0.0,19.77,113768079.54028903,1.0,654.15,1445.0192142023222,11210.616829705037,2545018854.5404453,2371976517.870034,369.6408488613415,1180890222.22971,26517140.09974251,1154373082.1299677,0.3272247653764123,12.745178580428435,1678296077.248046,62824189.210943386,0.6630059418455215
0.0,112349600.0,discharging,45884688.30541669,0.0,45884688.30541669,0.0,325.1397994099265,0.0,0.0,3,235,0.0,19.21,46465566.23378927,1.0,654.15,1445.0192143110683,11210.616829227025,2545018854.4319277,2311142164.7197046,365.27975248817864,1174422061.9899874,25679538.404286306,1148742523.585701,0.33196184201189416,30.945405129667954,1681614369.603437,25698658.117744587,0.672836500942638
0.0,112349600.0,shutdown,0.0,0.0,0.0,0.0,0.0,0.0,0.0,4,235,0.0,18.69,0.0,1.0,567.279923475184,1445.0192143513107,11210.616829606499,2545018854.5180755,2259509895.650949,362.89907080586624,1179588764.9081807,25103923.82732386,1154484841.0808568,0.33816193353276414,,1684695641.0763,0.0,0.6852779890516557
0.0,112349600.0,shutdown,0.0,0.0,0.0,0.0,0.0,0.0,0.0,5,235,0.0,18.25,0.0,1.0,567.279923475184,1445.0192141583952,11210.616829328665,2545018854.455002,2259509895.594954,362.89907080586624,1179588764.881271,25103923.74441403,1154484841.1368568,0.3381619335491672,,1687302870.784107,0.0,0.6842190937542564
67473864.344128,112349600.0,direct_partial,67473864.344128,0.0,0.0,0.0,0.0,0.0,0.0,6,235,267.4255478091548,17.87,68218485.32397704,281.95004283975135,665.818069100267,1445.019214205481,11210.616829729159,2545018854.5459213,2330789610.3148084,366.6852646929102,1176527535.5679796,25843281.53860202,1150684254.0293775,0.3304457370722161,21.137129751405386,1689554569.168122,38401115.50430323,0.6659223174739674
166364956.6126721,112349600.0,charging,112349600.0,54015356.61267209,0.0,382.7538741725874,0.0,0.0,0.04834785779022157,7,235,557.2604284314634,19.82,114181695.92396615,695.1818618946254,665.9521231128642,1445.0192143024506,11210.616829320288,2545018854.4531,2372350796.62078,369.66775861406603,1180929559.7791386,26930756.39986309,1153998803.3792756,0.32708032149037736,12.696076525726971,1677999801.144886,63950139.78974986,0.6624752963682197
201115181.93058202,112349600.0,charging,112349600.0,88765581.93058202,0.0,628.9946509238414,0.0,0.0,0.12779981369639098,8,235,676.9170913705867,23.79,114563833.47004193,840.3910864190302,665.9527818441908,1445.0192143005513,11210.616829209192,2545018854.4278793,2372696594.7957377,369.6926214397387,1180965899.150923,27312893.94666147,1153653005.2042615,0.32694689954630696,12.651026476324727,1654475478.5539901,63481255.788801186,0.6715262277228387
203581923.17133138,112349600.0,charging,112349600.0,91232323.17133138,0.0,646.4740276360671,0.0,0.0,0.20945969087147315,9,235,723.9529873996906,26.43,114590959.46522786,850.6987485822153,665.9528284374936,1445.019214311084,11210.616829313145,2545018854.4514785,2372721141.426388,369.69438636409683,1180968478.5148458,27340019.94123326,1153628458.5736127,0.32693742964995004,12.647840021412142,1638832100.3071475,63042023.60870705,0.6778576878055004
202118789.30775934,112349600.0,charging,112349600.0,89769189.30775934,0.0,636.1062324416183,0.0,0.0,0.289809951811467,10,235,769.4449120443181,28.66,114574869.83187522,844.5848160318216,665.9528008035918,1445.0192142005685,11210.616829647364,2545018854.5273523,2372706581.806357,369.69333950812756,1180966948.58422,27323930.39057529,1153643018.1936445,0.32694304662681334,12.649729866819012,1625618186.1062157,62649506.01895715,0.6833294409261906
189389009.51567882,112349600.0,charging,112349600.0,77039409.51567882,0.0,545.902763681409,0.0,0.0,0.3587660903817503,11,235,763.8247392109937,30.45,114434884.35644202,791.391450087752,665.9525600516548,1445.0192143395257,11210.616829589604,2545018854.5142403,2372579907.699021,369.6842315717977,1180953637.2172236,27183944.91624633,1153769692.3009772,0.3269919185461787,12.66619461169276,1615011501.6130915,62265356.112686954,0.6878826754131545
193124853.36994016,112349600.0,charging,112349600.0,80775253.36994016,0.0,572.3750263524828,0.0,0.0,0.43106609371048493,12,235,787.7094514294117,31.69,114475966.28296675,807.002255026679,665.9526307667171,1445.0192143110712,11210.61682931309,2545018854.451466,2372617082.983611,369.6869044890146,1180957543.775345,27225026.75895478,1153732517.0163903,0.32697757559952345,12.661358484075715,1607663854.2547262,62074561.21377657,0.690966025772768
203363318.6293969,112349600.0,charging,112349600.0,91013718.62939689,0.0,644.9249915732835,0.0,0.0,0.5125303031723734,13,235,798.5843709685672,32.38,114588555.53827605,849.7852754832235,665.9528243092477,1445.0192141603052,11210.61682935378,2545018854.4607034,2372718966.093978,369.6942299548738,1180968249.919804,27337616.013782546,1153630633.9060216,0.3269382688710893,12.648122346557797,1603575244.0311193,62016901.66786343,0.6926249243459831
225734313.8056222,112349600.0,charging,112349600.0,113384713.80562219,0.0,803.4463012481641,0.0,0.0,0.6140182570142467,14,235,823.435808745144,32.59,114834562.49572542,943.2659603323269,665.9532458807424,1445.0192143395386,11210.616829589728,2545018854.514268,2372941581.4748282,369.7102363726285,1180991641.5807347,27583623.05556372,1153408018.525171,0.3268523922270352,12.619291742125895,1602330884.3978474,62113865.72817721,0.6929686422080636
230419039.76314706,112349600.0,charging,112349600.0,118069439.76314706,0.0,836.6423610749516,0.0,0.0,0.7196993973605564,15,235,781.2401627605892,32.34,114886078.98706691,962.8418168103261,665.9533339341536,1445.0192141652485,11210.61682934968,2545018854.4597726,2372988199.6809726,369.7135883422446,1180996539.7816284,27635139.462601963,1153361400.3190265,0.32683441020858567,12.613269936738325,1603812264.913647,62184866.33238373,0.6922949497856613
219694774.88891557,112349600.0,charging,112349600.0,107345174.88891557,0.0,760.6500102755474,0.0,0.0,0.8157815039216781,16,235,710.8431502906145,31.74,114768147.54272093,918.0288070604621,665.9531322460522,1445.0192143463785,11210.616829610675,2545018854.5190234,2372881481.4348955,369.7059150482522,1180985326.6669521,27517208.101847757,1153468118.5651045,0.3268755753670949,12.62706301681084,1607367578.1515658,62224419.14807515,0.6908682602879607
178063659.17146933,112349600.0,charging,112349600.0,65714059.17146933,0.0,465.6511094769994,0.0,0.0,0.8746005914345623,17,235,581.8526358046223,30.68,114310342.9599469,744.0667111571449,665.9523453663076,1445.0192143407835,11210.616829588605,2545018854.5140133,2372467209.559995,369.67612859681276,1180941793.9597733,27059403.519769233,1153882390.440004,0.3270354017305622,12.680876751585705,1613648631.5385559,62158095.515849516,0.6885533825659019
87019822.4389763,112349600.0,direct_plus_discharge,112349600.0,0.0,25329777.561023697,0.0,179.4872995643097,0.0,0.8519285114895968,18,235,320.1291085650519,29.21,113625740.20948753,363.6258705955106,663.1571135979685,1445.019214204228,11210.616829644137,2545018854.52662,2371847717.0419335,369.63158858953125,1180876683.7262278,26374800.768165633,1154501882.9580622,0.3272744809061015,12.762158909868281,1622359148.9714572,61819195.266702674,0.6854985915878775
0.0,112349600.0,discharging,112349600.0,0.0,112349600.0,0.0,796.1114645617674,0.0,0.7513670633344262,19,235,0.0,27.41,113768079.54028237,1.0,654.1499999999952,1445.0192142054702,11210.616829729073,2545018854.545902,2371976517.874896,369.64084886132525,1180890222.2241156,26517140.099018544,1154373082.125097,0.32722476537503226,12.745178580391702,1633025088.6852133,61495460.1309305,0.6812387627471297
0.0,112349600.0,discharging,112349600.0,0.0,112349600.0,0.0,796.1114645617674,0.0,0.6508056151792556,20,235,0.0,26.07,113768079.54028903,1.0,654.15,1445.0192143358545,11210.616829506767,2545018854.4954348,2371976517.829904,369.6408488614725,1180890222.2701402,26517140.100044154,1154373082.170096,0.3272247653877873,12.74517858073688,1640965288.249899,61728509.47219259,0.6779686892114405
0.0,112349600.0,discharging,112349600.0,0.0,112349600.0,0.0,796.1114645617674,0.0,0.550244167024085,21,235,0.0,24.7,113768079.54028903,1.0,654.15,1445.0192143513166,11210.616829606564,2545018854.5180902,2371976517.850104,369.6408488614066,1180890222.2493358,26517140.09944056,1154373082.1498952,0.3272247653820611,12.745178580581596,1649083253.47648,61966776.336016186,0.6746577026017153
0.0,112349600.0,discharging,112349600.0,0.0,112349600.0,0.0,796.1114645617674,0.0,0.4496827188689144,22,235,0.0,23.06,113768079.54028903,1.0,654.15,1445.0192143476281,11210.616829609606,2545018854.5187807,2371976517.850716,369.6408488614045,1180890222.2487001,26517140.09941478,1154373082.1492853,0.3272247653818882,12.745178580576946,1658801109.6601245,62252000.902929075,0.6707364665647214
0.0,112349600.0,discharging,112349600.0,0.0,112349600.0,0.0,796.1114645617674,0.0,0.3491212707137438,23,235,0.0,22.16,113768079.54028903,1.0,654.15,1445.0192141571652,11210.6168293298,2545018854.4552593,2371976517.794087,369.64084886158935,1180890222.222449,26517140.016534798,1154373082.2059143,0.32722476539794054,12.74517858101219,1664134079.5170026,62408526.57989346,0.6686038781374442
0.0,112349600.0,discharging,112349600.0,0.0,112349600.0,0.0,796.1114645617674,0.0,0.2485598225585732,0,236,0.0,21.34,113768079.54028903,1.0,654.15,1445.0192143061547,11210.61682931732,2545018854.4524264,2371976517.7915587,369.6408488615975,1180890222.22473,26517140.01628921,1154373082.2084408,0.3272247653986567,12.74517858103163,1668993007.6088252,62551138.86334993,0.6666726254484155
0.0,112349600.0,discharging,112349600.0,0.0,112349600.0,0.0,796.1114645617674,0.0,0.1479983744034026,1,236,0.0,20.89,113768079.54028903,1.0,654.15,1445.0192143476158,11210.616829523518,2545018854.4992375,2371976517.8332963,369.64084886146145,1180890222.2660363,26517140.09933281,1154373082.1667035,0.32722476538682566,12.745178580710784,1671659492.5372643,62629401.70183213,0.6656175254314676
0.0,112349600.0,discharging,112349600.0,0.0,112349600.0,0.0,796.1114645617674,0.0,0.04743692624823199,2,236,0.0,20.36,113768079.54028903,1.0,654.15,1445.0192141986324,11210.616829708142,2545018854.5411506,2371976517.8706684,369.6408488613396,1180890222.2290645,26517140.0997324,1154373082.129332,0.32722476537623213,12.745178580423488,1674800019.230759,62721577.93382226,0.6643791271504914
0.0,112349600.0,discharging,52997642.60549119,0.0,52997642.60549119,0.0,375.5423327985032,0.0,0.0,3,236,0.0,19.84,53668159.13918696,1.0,654.15,1445.0192143073928,11210.616829316232,2545018854.4521794,2317646002.3892274,365.7446713922236,1175120817.225942,25769177.009686854,1149351640.216255,0.3314479896777579,26.816713422911402,1677881290.703622,29630501.191941857,0.6731149065391359
0.0,112349600.0,shutdown,0.0,0.0,0.0,0.0,0.0,0.0,0.0,4,236,0.0,19.32,0.0,1.0,567.279923475184,1445.0192141652515,11210.6168293497,2545018854.4597774,2259509895.5991907,362.89907080586624,1179588764.8763433,25103923.743729535,1154484841.1326137,0.33816193354792434,,1680962562.176485,0.0,0.6867998533160691
0.0,112349600.0,shutdown,0.0,0.0,0.0,0.0,0.0,0.0,0.0,5,236,0.0,18.78,0.0,1.0,567.279923475184,1445.0192143358524,11210.61682959279,2545018854.514963,2259509895.6481886,362.89907080586624,1179588764.9116302,25103923.828007,1154484841.0836232,0.33816193353357443,,1684162344.0906122,0.0,0.6854949851684304
56951456.672036424,112349600.0,direct_partial,56951456.672036424,0.0,0.0,0.0,0.0,0.0,0.0,6,236,235.06808764107137,18.31,57580365.96914333,237.98052482322862,665.756727889531,1445.019214351313,11210.616829520475,2545018854.4985466,2321179341.1875424,365.9973926848993,1175499685.3407226,25727569.856177825,1149772115.4845448,0.3311955922885768,25.008576494442224,1686947339.4603148,32372399.211425174,0.6687366460253641
161644668.08196712,112349600.0,charging,112349600.0,49295068.081967115,0.0,349.30581725619743,0.0,0.0,0.04412284007446704,7,236,542.1112263715934,21.56,114129788.36192957,675.4574016701373,665.9520332946325,1445.0192142005574,11210.61682973336,2545018854.5468755,2372303825.6126757,369.66438145755194,1180924623.3080091,26878848.92063882,1154045774.3873703,0.32709844694324036,12.702219154555118,1667689392.7549217,63622862.56767604,0.6665728673955095
204174115.41011724,112349600.0,charging,112349600.0,91824515.41011724,0.0,650.6703134307822,0.0,0.0,0.12631277440256586,8,236,686.1047987963738,25.51,114597471.62124687,853.1733160124055,665.9528396199023,1445.019214197387,11210.616829709192,2545018854.5413885,2372727034.4308753,369.6948100712092,1180969097.7498128,27346532.18068802,1153622565.569125,0.3269351562050183,12.647075270942366,1644283580.6052895,63203921.150111176,0.6756257743515727
206851683.8081605,112349600.0,charging,112349600.0,94502083.80816051,0.0,669.6436155060059,0.0,0.0,0.21089933636121921,9,236,735.3790073772941,28.09,114626916.0178741,864.3619522624999,665.952890164791,1445.019214347627,11210.61682952359,2545018854.4992533,2372753678.979152,369.6967258473603,1180971897.5977857,27375976.576941054,1153595921.0208447,0.326924877148163,12.643618576333207,1628995733.682239,62776082.886599846,0.6818862388667204
204980443.1509649,112349600.0,charging,112349600.0,92630843.15096489,0.0,656.3839675842728,0.0,0.0,0.2938109954244958,10,236,781.8499459974581,30.0,114606338.55956046,856.5426819629813,665.9528548438082,1445.0192143513113,11210.616829606508,2545018854.5180774,2372735058.2057533,369.6953869908553,1180969940.9129446,27355399.118696734,1153614541.7942479,0.32693206073681025,12.646034128954861,1617677986.5415306,62436111.67093287,0.686628689695314
196151648.35382563,112349600.0,charging,112349600.0,83802048.35382563,0.0,593.822954850219,0.0,0.0,0.3688202107739971,11,236,792.4139400616567,31.54,114509251.01701336,819.6501889143981,665.952688023196,1445.0192143358506,11210.616829506705,2545018854.4954205,2372647202.6614904,369.6890701052448,1180960708.9152603,27258311.576752327,1153702397.338508,0.3269659551001543,12.657442778371257,1608552682.5642054,62118406.56237164,0.6905622565969348
191353695.06464905,112349600.0,charging,112349600.0,79004095.06464905,0.0,559.8245639352064,0.0,0.0,0.4395348925342338,12,236,785.4683681706401,32.78,114456489.39950874,799.6011944099879,665.9525972471216,1445.0192141652512,11210.616829435745,2545018854.479311,2372599458.225834,369.6856372612472,1180955691.6492836,27205549.875117816,1153750141.7741659,0.3269843755308761,12.663650852686937,1601205035.2058403,61876660.224372886,0.693742312806653
205656753.76039174,112349600.0,charging,112349600.0,93307153.76039174,0.0,661.1763177997562,0.0,0.0,0.5230519010984135,13,236,811.4789927831578,33.7,114613775.73944533,859.3687510958924,665.9528676111069,1445.0192143513104,11210.616829606519,2545018854.5180798,2372741788.1981134,369.69587088488134,1180970648.1004698,27362836.298582803,1153607811.801887,0.32692946440706466,12.645160991019782,1595753554.907698,61803376.090882815,0.6959687418440017
219347959.97733396,112349600.0,charging,112349600.0,106998359.97733396,0.0,758.1924730240477,0.0,0.0,0.618823581901451,14,236,805.5260770360107,34.33,114764333.72574241,916.5795869790513,665.9531257167004,1445.0192143005513,11210.616829209213,2545018854.427884,2372878030.168281,369.70566690142846,1180984964.034086,27513394.202368896,1153471569.831717,0.32687690668587605,12.627509548677075,1592020476.0078835,61776013.72046498,0.6974688705628983
224036051.64747053,112349600.0,charging,112349600.0,111686451.64747053,0.0,791.4123823562771,0.0,0.0,0.7187914617780334,15,236,763.1440023811776,34.51,114815887.22879244,936.1695076109903,665.9532139409845,1445.0192141603059,11210.616829439827,2545018854.4802375,2372924681.8583765,369.7090212533701,1180989865.8459935,27564947.704369124,1153424918.1416245,0.3268589110347206,12.621476044139024,1590953882.0365078,61772737.7622285,0.6978921403723047
222539365.44729838,112349600.0,charging,112349600.0,110189765.4472984,0.0,780.806834647977,0.0,-1.4901161193847656e-08,0.8174196935230411,16,236,719.7563674115456,34.14,114799428.63070898,929.9153714005018,665.9531857837319,1445.0192143110742,11210.616829227078,2545018854.43194,2372909788.141149,369.7079503653109,1180988300.9654896,27548489.106637955,1153439811.8588517,0.32686465614919474,12.623401668612713,1593146325.1998909,61827662.48108858,0.6969534388121115
176818919.00647068,112349600.0,charging,112349600.0,64469319.00647068,0.0,456.83085630515075,0.0,0.0,0.8751246437931655,17,236,577.3251001254671,33.51,114296654.9349665,738.8653706639459,665.9523217423128,1445.0192141584116,11210.616829414781,2545018854.4745517,2372454823.1890364,369.67523802645485,1180940492.2222433,27045715.411280703,1153894776.8109627,0.32704018104515964,12.682492379227593,1596879404.0997057,61664940.83468991,0.6957274192488386
88592329.9324341,112349600.0,direct_plus_discharge,112349600.0,0.0,23757270.067565903,0.0,168.34448068777576,0.0,0.8538600778115516,18,236,323.433857947968,32.4,113623215.59620453,370.1968378797468,663.3376209793778,1445.0192143476295,11210.616829609651,2545018854.5187907,2371845432.5539136,369.6314243452754,1180876443.6014295,26372276.15534466,1154504167.4460847,0.327275362726334,12.762460466822358,1603456733.5898554,61285503.3552466,0.6935032594383299
0.0,112349600.0,discharging,112349600.0,0.0,112349600.0,0.0,796.1114645617674,0.0,0.753298629656381,19,236,0.0,30.85,113768079.54026194,1.0,654.1499999999988,1445.0192143513093,11210.61682952045,2545018854.498541,2371976517.8326473,369.64084886146156,1180890222.2666767,26517140.099352308,1154373082.1673243,0.3272247653870041,12.745178580718598,1612641292.7878122,60897184.210078195,0.6897798276129982
0.0,112349600.0,discharging,112349600.0,0.0,112349600.0,0.0,796.1114645617674,0.0,0.6527371815012104,20,236,0.0,29.04,113768079.54028903,1.0,654.15,1445.0192141534835,11210.616829418988,2545018854.4755073,2371976517.812141,369.64084886153046,1180890222.2044659,26517140.016607545,1154373082.1878583,0.3272247653928223,12.745178580873379,1623366487.7222004,61211974.73821008,0.6852593143698626
0.0,112349600.0,discharging,112349600.0,0.0,112349600.0,0.0,796.1114645617674,0.0,0.5521757333460398,21,236,0.0,28.48,113768079.54028903,1.0,654.15,1445.0192142091566,11210.616829639957,2545018854.525671,2371976517.856862,369.6408488613846,1180890222.2421029,26517140.098966114,1154373082.1431367,0.3272247653801453,12.74517858052965,1626684780.0775914,61309368.4927657,0.6838726799620902
0.0,112349600.0,discharging,112349600.0,0.0,112349600.0,0.0,796.1114645617674,0.0,0.4516142851908692,22,236,0.0,27.63,113768079.54028903,1.0,654.15,1445.019214346376,11210.616829610653,2545018854.5190187,2371976517.8509307,369.64084886140375,1180890222.2484794,26517140.099410467,1154373082.1490688,0.3272247653818268,12.745178580575251,1631721473.8313098,61457198.298787646,0.681778657592476
0.0,112349600.0,discharging,112349600.0,0.0,112349600.0,0.0,796.1114645617674,0.0,0.35105283703569856,23,236,0.0,26.57,113768079.54028903,1.0,654.15,1445.0192143395375,11210.616829589691,2545018854.51426,2371976517.8466887,369.6408488614178,1180890222.253428,26517140.100118354,1154373082.1533096,0.3272247653830289,12.74517858060784,1638002527.2182999,61641550.76276794,0.6791851877156178
0.0,112349600.0,discharging,112349600.0,0.0,112349600.0,0.0,796.1114645617674,0.0,0.25049138888052797,0,237,0.0,25.63,113768079.54028903,1.0,654.15,1445.0192143110683,11210.61682922699,2545018854.43192,2371976517.773277,369.6408488616571,1180890222.2429178,26517140.01619385,1154373082.226724,0.3272247654038393,12.74517858117216,1643572517.9577057,61805033.13648631,0.6769017696322222
0.0,112349600.0,discharging,112349600.0,0.0,112349600.0,0.0,796.1114645617674,0.0,0.1499299407253574,1,237,0.0,24.6,113768079.54028903,1.0,654.15,1445.0192142042522,11210.616829730307,2545018854.546182,2371976517.8751516,369.64084886132497,1180890222.223917,26517140.099068306,1154373082.1248486,0.3272247653749612,12.745178580389057,1649675805.6827996,61984168.0779011,0.6744172907125747
0.0,112349600.0,discharging,112349600.0,0.0,112349600.0,0.0,796.1114645617674,0.0,0.049368492570186766,2,237,0.0,24.28,113768079.54028903,1.0,654.15,1445.0192142956219,11210.61682921335,2545018854.4288235,2371976517.7705193,369.64084886166626,1180890222.246379,26517140.016899943,1154373082.2294788,0.32722476540462025,12.7451785811933,1651571972.7430232,62039821.6519329,0.6736491228674497
0.0,112349600.0,discharging,55155633.641084015,0.0,55155633.641084015,0.0,390.83389951397857,0.0,0.0,3,237,0.0,24.43,55853345.52829535,1.0,654.15,1445.019214346379,11210.616829610684,2545018854.519026,2319619511.6940017,365.8858138141501,1175332494.3933892,25796372.44634162,1149536121.9470477,0.3312924228998005,25.774638722825635,1650683144.4335434,30445046.877664562,0.6837884986334437
0.0,112349600.0,shutdown,0.0,0.0,0.0,0.0,0.0,0.0,0.0,4,237,0.0,24.6,0.0,1.0,567.279923475184,1445.01921420917,11210.616829726101,2545018854.5452275,2259509895.675023,362.89907080586624,1179588764.8837132,25103923.82696428,1154484841.0567489,0.3381619335257027,,1649675805.6827996,0.0,0.6998252851134641
0.0,112349600.0,shutdown,0.0,0.0,0.0,0.0,0.0,0.0,0.0,5,237,0.0,24.4,0.0,1.0,567.279923475184,1445.01921434446,11210.61682949947,2545018854.4937778,2259509895.6293797,362.89907080586624,1179588764.9303825,25103923.82795222,1154484841.1024303,0.3381619335390833,,1650860910.0954394,0.0,0.699322901185956
39671198.7209009,112349600.0,direct_partial,39671198.7209009,0.0,0.0,0.0,0.0,0.0,0.0,6,237,180.9164900308863,24.21,40110082.333007246,165.77227771949472,665.5853702197162,1445.0192141689402,11210.616829432682,2545018854.4786158,2305404596.1983433,364.86990381277417,1173804146.6103287,25537544.087735124,1148266602.5225935,0.3324348602540833,35.82146561953148,1651986759.287447,22190316.34024546,0.6858692663033141
144820868.68771267,112349600.0,charging,112349600.0,32471268.68771267,0.0,230.09204546481334,0.0,0.0,0.02906425837450274,7,237,490.0059543930489,25.22,113944782.21132474,605.156537683084,665.9517125050237,1445.0192143426984,11210.616829527762,2545018854.5002007,2372136414.353105,369.65234493362334,1180907028.4172783,26693842.77038199,1154213185.6468964,0.32716305296689835,12.724157894908696,1646001982.0036168,62893476.19319284,0.6754147423768084
197524203.47408423,112349600.0,charging,112349600.0,85174603.47408423,0.0,603.548907296697,0.0,0.0,0.10530201508566446,8,237,664.8830487569558,28.16,114524344.58378175,825.3856240894625,665.9527139762386,1445.0192143005534,11210.616829295222,2545018854.44741,2372660860.92601,369.690052146011,1180962144.134458,27273405.06045373,1153688739.0740044,0.32696068566025194,12.65566788091289,1628580947.1378148,62707857.40332631,0.682135857563965
205552184.11169818,112349600.0,charging,112349600.0,93202584.11169818,0.0,660.435335222425,0.0,0.0,0.18872542585060237,9,237,731.7884191666603,30.26,114612625.81916079,858.9317905450827,665.9528656371635,1445.0192142042415,11210.616829730263,2545018854.546172,2372740747.6465497,369.6957960661508,1180970538.7313774,27361686.377926536,1153608852.3534508,0.3269298658380339,12.645295986078546,1616137350.805099,62394790.90299106,0.6872724231420004
207897559.04248536,112349600.0,charging,112349600.0,95547959.04248536,0.0,677.0547078868175,0.0,0.0,0.2742481257942004,10,237,794.3374078886035,31.87,114638417.18634203,868.7323046943536,665.9529099009081,1445.0192142091687,11210.61682964005,2545018854.525692,2372764086.554071,369.69747416323986,1180972991.1909738,27387477.745045193,1153585513.4459286,0.3269208621170576,12.642268851294036,1606597260.2833505,62131686.61979035,0.6912959205188923
203224905.33420593,112349600.0,charging,112349600.0,90875305.33420593,0.0,643.9441922544671,0.0,0.0,0.35558844481581725,11,237,822.4160734238087,33.19,114587033.44981612,849.2068939885806,665.9528216952871,1445.0192143395327,11210.616829589673,2545018854.5142555,2372717588.7867813,369.6941309215157,1180968105.222856,27336094.00963694,1153632011.2132192,0.32693880022716637,12.648301111467923,1598775571.159929,61876705.20515529,0.6946860746419139
194021387.77932423,112349600.0,charging,112349600.0,81671787.77932425,0.0,578.7278867247919,0.0,-1.4901161193847656e-08,0.4286909147178962,12,237,800.0698495007701,34.1,114485825.19628504,810.7485635802212,665.9526477295067,1445.0192143513104,11210.616829520475,2545018854.4985466,2372626004.436714,369.6875459420053,1180958481.3186398,27234885.755354963,1153723595.5632849,0.32697413358578664,12.660198417480514,1593383346.0824187,61665598.545806885,0.6970933393286725
168013884.1734713,112349600.0,charging,112349600.0,55664284.1734713,0.0,394.4382071420339,0.0,0.0,0.4785146882516268,13,237,678.8566215031735,34.33,114199828.67343542,702.0721623231859,665.9521544696559,1445.0192143513218,11210.616829606593,2545018854.518097,2372367205.000597,369.6689383526077,1180931284.2319982,26948889.232599556,1153982394.9993987,0.3270739898633473,12.693932050356633,1592020476.0078835,61472071.75451415,0.6979060150957649
128297113.87041348,112349600.0,charging,112349600.0,15947513.870413482,0.0,113.00439541835465,0.0,0.0,0.4927889276728926,14,237,499.00704567382553,34.18,113763075.5587494,536.1094566555321,665.9513964229515,1445.0192141937146,11210.616829712335,2545018854.5421023,2371971989.8306212,369.64052331128676,1180889746.2875743,26512136.11819522,1154377610.169379,0.32722651307487294,12.745774808483537,1592909304.3173628,61262538.43356667,0.6978583363198952
99192653.06047145,112349600.0,direct_plus_discharge,112349600.0,0.0,13156946.939528555,0.0,93.23038352775214,0.0,0.4810124581746502,15,237,371.0325803727491,34.34,113606197.09758194,414.4919377545984,664.572423310886,1445.0192143427055,11210.616829527802,2545018854.50021,2371830032.7826304,369.63031717059187,1180874824.8740203,26355257.656651787,1154519567.2173686,0.32728130712755743,12.764493621237131,1591961220.787251,61041919.194654316,0.6984376129073818
0.0,112349600.0,discharging,112349600.0,0.0,112349600.0,0.0,796.1114645617674,0.0,0.3804510100194796,16,237,0.0,33.03,113768079.54028869,1.0,654.15,1445.0192143073814,11210.61682931614,2545018854.452159,2371976517.7913203,369.64084886159833,1180890222.2249343,26517140.01625556,1154373082.2086787,0.32722476539872414,12.74517858103349,1599723654.6900408,60518044.237001084,0.6953042336876076
4838460.318954952,112349600.0,direct_plus_discharge,112349600.0,0.0,107511139.68104506,0.0,761.8260400409216,0.0,0.28422035233010007,17,237,72.68654097338307,31.9,113757679.90428627,20.218259432276128,654.5846092099309,1445.0192141973807,11210.616829623124,2545018854.5218496,2371967107.3525014,369.6401722799578,1180889233.111149,26506740.463651318,1154382492.6474977,0.32722839758053274,12.746417763563542,1606419494.6214545,60744242.42568927,0.6924229858142927
94913110.76327711,112349600.0,direct_plus_discharge,112349600.0,0.0,17436489.236722887,0.0,123.55530400698314,0.0,0.26861336656079693,18,237,342.5472571687302,30.79,113613067.77348661,396.6092042583439,664.0701025872402,1445.0192143024542,11210.616829320328,2545018854.4531093,2371836249.8993278,369.63076415696105,1180875478.3501227,26362128.249449585,1154513350.1006732,0.3272789072723795,12.763672727079983,1612996824.111604,61613202.57169936,0.689422212756768
0.0,112349600.0,discharging,112349600.0,0.0,112349600.0,0.0,796.1114645617674,0.0,0.1680519184056263,19,237,0.0,30.2,113768079.54028869,1.0,654.15,1445.0192141603122,11210.616829439823,2545018854.480237,2371976517.816354,369.64084886151653,1180890222.1995125,26517140.015866976,1154373082.1836455,0.3272247653916281,12.745178580841072,1616492882.128891,61010230.53234468,0.6881495917776971
0.0,112349600.0,discharging,112349600.0,0.0,112349600.0,0.0,796.1114645617674,0.0,0.06749047025045568,20,237,0.0,28.74,113768079.54028903,1.0,654.15,1445.019214340783,11210.616829502602,2545018854.4944887,2371976517.829065,369.64084886147515,1180890222.2709863,26517140.1000524,1154373082.170934,0.3272247653880248,12.74517858074328,1625144144.3411598,61264149.96386488,0.6845157759655444
0.0,112349600.0,discharging,75401930.61609884,0.0,75401930.61609884,0.0,534.2995561494408,0.0,-8.16949626855683e-18,21,237,0.0,28.44,76354789.62604368,1.0,654.15,1445.0192143073953,11210.616829316199,2545018854.452172,2338142108.302662,367.21200947027825,1177311341.799347,26051519.48592796,1151259822.3134189,0.3298403433757417,18.90257778601826,1626921800.9601192,41152097.57786129,0.6901731531933121
0.0,112349600.0,shutdown,0.0,0.0,0.0,0.0,0.0,0.0,-8.16949626855683e-18,22,237,0.0,27.47,0.0,1.0,567.279923475184,1445.0192142091541,11210.616829639946,2545018854.5256686,2259509895.657693,362.89907080586624,1179588764.9009807,25103923.826862887,1154484841.074118,0.33816193353079027,,1632669557.3614213,0.0,0.7071148205518671
0.0,112349600.0,shutdown,0.0,0.0,0.0,0.0,0.0,0.0,-8.16949626855683e-18,23,237,0.0,26.03,0.0,1.0,567.279923475184,1445.0192142023195,11210.616829705055,2545018854.5404496,2259509895.670816,362.89907080586624,1179588764.888641,25103923.82764591,1154484841.060995,0.3381619335269464,,1641202309.1324267,0.0,0.7034384698564551
0.0,112349600.0,shutdown,0.0,0.0,0.0,0.0,0.0,0.0,-8.16949626855683e-18,0,238,0.0,24.42,0.0,1.0,567.279923475184,1445.0192143463805,11210.616829610692,2545018854.519027,2259509895.651797,362.89907080586624,1179588764.9073348,25103923.827321358,1154484841.0800135,0.3381619335325171,,1650742399.6541753,0.0,0.6993731071073682
0.0,112349600.0,shutdown,0.0,0.0,0.0,0.0,0.0,0.0,-8.16949626855683e-18,1,238,0.0,23.26,0.0,1.0,567.279923475184,1445.019214351318,11210.616829520537,2545018854.4985604,2259509895.633626,362.89907080586624,1179588764.9254608,25103923.827275675,1154484841.098185,0.3381619335378398,,1657616005.247485,0.0,0.6964730296060446
0.0,112349600.0,shutdown,0.0,0.0,0.0,0.0,0.0,0.0,-8.16949626855683e-18,2,238,0.0,22.63,0.0,1.0,567.279923475184,1445.0192142993105,11210.616829296307,2545018854.447656,2259509895.588432,362.89907080586624,1179588764.888259,25103923.744882178,1154484841.1433768,0.338161933551077,,1661349084.1472998,0.0,0.6949080432038912
0.0,112349600.0,shutdown,0.0,0.0,0.0,0.0,0.0,0.0,-8.16949626855683e-18,3,238,0.0,22.12,0.0,1.0,567.279923475184,1445.0192141640027,11210.616829350745,2545018854.460015,2259509895.5994043,362.89907080586624,1179588764.8761325,25103923.743725214,1154484841.1324072,0.33816193354786384,,1664371100.3995306,0.0,0.6936462912960182
0.0,112349600.0,shutdown,0.0,0.0,0.0,0.0,0.0,0.0,-8.16949626855683e-18,4,238,0.0,21.74,0.0,1.0,567.279923475184,1445.019214346385,11210.616829610715,2545018854.5190325,2259509895.6518016,362.89907080586624,1179588764.907336,25103923.82732777,1154484841.0800083,0.3381619335325156,,1666622798.783546,0.0,0.6927091372580869
0.0,112349600.0,shutdown,0.0,0.0,0.0,0.0,0.0,0.0,-8.16949626855683e-18,5,238,0.0,21.23,0.0,1.0,567.279923475184,1445.0192143042245,11210.61682929208,2545018854.4466963,2259509895.58758,362.89907080586624,1179588764.8891022,25103923.74486946,1154484841.1442327,0.3381619335513277,,1669644815.0357766,0.0,0.6914553507115193
23833205.67341499,112349600.0,charging_only,0.0,23833205.67341499,0.0,168.8825618770715,0.0,0.0,0.0213325341318406,6,238,134.41643620812755,20.58,0.0,99.59075896936913,620.0702421403822,1445.0192142005546,11210.616829647304,2545018854.527339,2259509895.659176,362.89907080586624,1179588764.8995078,25363378.62960485,1154225386.269903,0.3380859362243418,,1673496404.3768559,0.0,0.6897089131779109
139262985.09366757,112349600.0,charging,112349600.0,26913385.093667567,0.0,190.70877353577163,0.0,0.0,0.045422063420569654,7,238,474.05960796639613,22.59,113883663.87384963,581.9320561349816,665.9516063009005,1445.0192143073855,11210.616829316179,2545018854.4521675,2372081108.8229218,369.64836862011947,1180901215.5269384,26632724.349826768,1154268491.1771116,0.32718439754604844,12.731421202242942,1661586105.0298276,63309486.357961945,0.669181657684236
195672150.01566744,112349600.0,charging,112349600.0,83322550.01566744,0.0,590.4252202410522,0.0,0.0,0.12000209124049205,8,238,659.8102924825314,27.51,114503978.12117895,817.6465304860653,665.9526789549626,1445.0192141620953,11210.616829325641,2545018854.4543157,2372642431.134475,369.6887270325666,1180960207.4629614,27253038.59743575,1153707168.8655257,0.32696779598923387,12.658062944547293,1632432536.4788935,62808464.08565107,0.6805564332630707
211879879.0132249,112349600.0,charging,112349600.0,99530279.0132249,0.0,705.2735051434079,0.0,0.0,0.20908927083755408,9,238,754.1861092741051,30.36,114682209.53495604,885.3730484440381,665.9529850128437,1445.0192143061483,11210.616829317292,2545018854.45242,2372803714.768056,369.7003234923525,1180977155.242892,27431270.01094757,1153545885.2319446,0.3269055745838813,12.637132058062745,1615544798.5987792,62415460.68138162,0.6874691333433676
205537250.73093265,112349600.0,charging,112349600.0,93187650.73093265,0.0,660.3295169940369,0.0,0.0,0.29249931508943244,10,238,789.1002322921354,32.17,114612461.60136676,858.8693890895321,665.9528653552657,1445.019214346379,11210.616829610637,2545018854.519015,2372740599.0196943,369.6957853815312,1180970523.14079,27361522.160481278,1153609000.9803088,0.3269299231734771,12.645315264883386,1604819603.664391,62065984.82111994,0.692074494463923
192108939.03044188,112349600.0,charging,112349600.0,79759339.03044188,0.0,565.1762374588217,0.0,0.0,0.3638899977158099,11,238,785.3290696938693,33.36,114464794.5852535,802.7570988565451,665.952611541687,1445.0192141620882,11210.616829325634,2545018854.4543138,2372606973.6290836,369.68617762266445,1180956481.4324236,27213855.061504237,1153742626.3709195,0.32698147594994886,12.662673262863109,1597768232.4091852,61781460.095274046,0.6952142690164244
0.0,112349600.0,discharging,112349600.0,0.0,112349600.0,0.0,796.1114645617674,0.0,0.2633285495606393,12,238,14.570854479358768,33.84,113768079.54028803,1.0,654.1499999999992,1445.0192141603168,11210.616829439894,2545018854.4802527,2371976517.8163686,369.6408488615165,1180890222.199516,26517140.015885293,1154373082.1836307,0.327224765391624,12.745178580841023,1594923981.81885,60377171.1277327,0.6973794950415786
72242937.12341464,112349600.0,direct_plus_discharge,112349600.0,0.0,40106662.87658537,0.0,284.19659813086514,0.0,0.2274300319020037,13,238,334.843175776336,30.87,113649464.05256715,301.87835563902826,661.4935059207518,1445.0192143513207,11210.616829520568,2545018854.4985676,2371869184.341291,369.63313199869356,1180878940.270373,26398524.611661546,1154480415.6587117,0.327266194508012,12.759325827972154,1612522782.3465483,61416585.344003044,0.6896787529714946
122451316.35136257,112349600.0,charging,112349600.0,10101716.351362571,0.0,71.58095978152846,0.0,0.0,0.2364718373480915,14,238,483.5038569732454,30.45,113698791.12034127,511.6818819649364,665.9512843575349,1445.019214304243,11210.616829292188,2545018854.446721,2371913819.6178236,369.6363410972725,1180883631.9792309,26447851.597054623,1154435780.3821762,0.32724896561124645,12.753439013692132,1615011501.6130915,61864739.89925657,0.6884442344659907
0.0,112349600.0,discharging,112349600.0,0.0,112349600.0,0.0,796.1114645617674,0.0,0.1359103891929209,15,238,0.0,30.59,113768079.54028903,1.0,654.15,1445.0192143061438,11210.616829317223,2545018854.4524045,2371976517.791542,369.64084886159753,1180890222.2247202,26517140.016262494,1154373082.2084577,0.3272247653986615,12.745178581031729,1614181928.5242438,60942402.73899362,0.6891268072847625
0.0,112349600.0,discharging,112349600.0,0.0,112349600.0,0.0,796.1114645617674,0.0,0.03534894103775026,16,238,0.0,30.76,113768079.54028903,1.0,654.15,1445.0192141689438,11210.616829346673,2545018854.45909,2371976517.7975044,369.6408488615783,1180890222.2183554,26517140.01585877,1154373082.2024965,0.3272247653969717,12.745178580985899,1613174589.7735004,60912836.77778924,0.6895536421180626
0.0,112349600.0,discharging,39492663.03212665,0.0,39492663.03212665,0.0,279.84578321552294,0.0,-4.084748134278415e-18,17,238,0.0,29.06,39992987.61985961,1.0,654.15,1445.0192143407746,11210.61682958857,2545018854.5140057,2305298897.981802,364.8623561673653,1173792750.1978447,25598985.147543687,1148193765.050301,0.3324250423106734,35.92424039462131,1623247977.2809365,21516673.64202919,0.698090006011491
12199773.08417881,112349600.0,charging_only,0.0,12199773.08417881,0.0,86.4478308544652,0.0,0.0,0.010919726002669284,18,238,96.81490390707636,28.33,0.0,50.97865043235526,603.8345401018316,1445.0192143110796,11210.616829227107,2545018854.4319468,2259509895.574485,362.89907080586624,1179588764.9014528,25235449.26461504,1154353315.6368377,0.33812340821231335,,1627573608.3870711,0.0,0.7092479932632997
0.0,112349600.0,shutdown,0.0,0.0,0.0,0.0,0.0,0.0,0.010919726002669284,19,238,0.0,26.57,0.0,1.0,567.279923475184,1445.0192141652526,11210.616829435796,2545018854.4793224,2259509895.616546,362.89907080586624,1179588764.8590753,25103923.74381063,1154484841.1152647,0.33816193354284263,,1638002527.2182999,0.0,0.704812612881521
0.0,112349600.0,shutdown,0.0,0.0,0.0,0.0,0.0,0.0,0.010919726002669284,20,238,0.0,25.66,0.0,1.0,567.279923475184,1445.0192143005518,11210.616829295268,2545018854.44742,2259509895.5882225,362.89907080586624,1179588764.8884742,25103923.744886495,1154484841.1435878,0.33816193355113877,,1643394752.2958097,0.0,0.702500016828447
0.0,112349600.0,shutdown,0.0,0.0,0.0,0.0,0.0,0.0,0.010919726002669284,21,238,0.0,23.59,0.0,1.0,567.279923475184,1445.019214165255,11210.616829349727,2545018854.459783,2259509895.599199,362.89907080586624,1179588764.8763487,25103923.743737034,1154484841.1326118,0.3381619335479238,,1655660582.9666295,0.0,0.6972956009280562
0.0,112349600.0,shutdown,0.0,0.0,0.0,0.0,0.0,0.0,0.010919726002669284,22,238,0.0,21.82,0.0,1.0,567.279923475184,1445.01921434269,11210.616829613744,2545018854.51972,2259509895.652412,362.89907080586624,1179588764.9066973,25103923.827297784,1154484841.0793996,0.3381619335323373,,1666148757.01849,0.0,0.6929062223383381
0.0,112349600.0,shutdown,0.0,0.0,0.0,0.0,0.0,0.0,0.010919726002669284,23,238,0.0,20.91,0.0,1.0,567.279923475184,1445.019214339539,11210.616829503642,2545018854.494725,2259509895.630221,362.89907080586624,1179588764.9295385,25103923.827946626,1154484841.1015918,0.33816193353883767,,1671540982.096,0.0,0.6906709757447559
0.0,112349600.0,shutdown,0.0,0.0,0.0,0.0,0.0,0.0,0.010919726002669284,0,239,0.0,20.96,0.0,1.0,567.279923475184,1445.0192142042285,11210.616829730172,2545018854.5461516,2259509895.675878,362.89907080586624,1179588764.8828616,25103923.8269291,1154484841.0559325,0.33816193352546353,,1671244705.9928405,0.0,0.6907934169760525
0.0,112349600.0,shutdown,0.0,0.0,0.0,0.0,0.0,0.0,0.010919726002669284,1,239,0.0,20.85,0.0,1.0,567.279923475184,1445.01921420547,11210.616829729075,2545018854.5459027,2259509895.675657,362.89907080586624,1179588764.8830736,25103923.82691885,1154484841.0561547,0.33816193352552865,,1671896513.419792,0.0,0.6905241034893398
0.0,112349600.0,shutdown,0.0,0.0,0.0,0.0,0.0,0.0,0.010919726002669284,2,239,0.0,20.7,0.0,1.0,567.279923475184,1445.0192142993087,11210.616829210292,2545018854.428129,2259509895.571096,362.89907080586624,1179588764.9055333,25103923.744818315,1154484841.160715,0.3381619335561556,,1672785341.7292717,0.0,0.6901571961213181
0.0,112349600.0,shutdown,0.0,0.0,0.0,0.0,0.0,0.0,0.010919726002669284,3,239,0.0,20.56,0.0,1.0,567.279923475184,1445.0192143463735,11210.616829610626,2545018854.5190125,2259509895.6517835,362.89907080586624,1179588764.9073305,25103923.827303473,1154484841.080027,0.3381619335325211,,1673614914.8181198,0.0,0.6898151007488427
0.0,112349600.0,shutdown,0.0,0.0,0.0,0.0,0.0,0.0,0.010919726002669284,4,239,0.0,19.79,0.0,1.0,567.279923475184,1445.0192143110683,11210.616829226992,2545018854.4319205,2259509895.5744615,362.89907080586624,1179588764.901445,25103923.744095042,1154484841.1573498,0.3381619335551698,,1678177566.806782,0.0,0.6879396221188268
0.0,112349600.0,shutdown,0.0,0.0,0.0,0.0,0.0,0.0,0.010919726002669284,5,239,0.0,18.96,0.0,1.0,567.279923475184,1445.019214202324,11210.61682970506,2545018854.540451,2259509895.670817,362.89907080586624,1179588764.8886442,25103923.827647675,1154484841.0609965,0.33816193352694685,,1683095750.1192365,0.0,0.6859293899228305
74560080.91919844,112349600.0,direct_plus_discharge,86759854.00337724,0.0,12199773.084178805,0.0,86.44783085446517,0.0,0.0,6,239,286.9034524996441,17.57,87733511.81641662,311.5609015971947,664.2606318424658,1445.0192143513134,11210.616829606543,2545018854.5180855,2348427999.552984,367.94956950721996,1178404172.8226533,26072318.37218502,1152331854.4504683,0.3290746855984285,16.47565660439242,1691332225.7870815,49336103.73199842,0.6620054118919024
168965931.55655268,112349600.0,charging,112349600.0,56616331.55655268,0.0,401.1844335324893,0.0,0.0,0.05067592844620918,7,239,565.2602509334691,15.91,114210298.04594754,706.0504404765792,665.9521725697178,1445.0192143463885,11210.616829524712,2545018854.4995084,2372376678.721706,369.66961950382927,1180932279.8833227,26959358.60494929,1153972921.2783735,0.3270703341911014,12.692694197080941,1701168592.4119902,64636724.87811552,0.6535108428880024
200434717.02853686,112349600.0,charging,112349600.0,88085117.02853686,0.0,624.1728633095548,0.0,0.0,0.12951881644320556,8,239,679.3225543190275,16.39,114556350.60667777,837.5476579279024,665.9527689872822,1445.0192142023204,11210.616829705064,2545018854.5404515,2372689823.5749516,369.6921345756675,1180965187.5911872,27305411.166138943,1153659776.4250484,0.32694951186671434,12.651905743106324,1698324341.8216553,64750047.067919,0.6543454908624987
207329730.86776197,112349600.0,charging,112349600.0,94980130.86776197,0.0,673.0310663269146,0.0,0.0,0.21453326692660532,9,239,746.1951761281468,17.61,114632172.95444651,866.3595462975269,665.9528991862359,1445.0192143110746,11210.616829227081,2545018854.4319406,2372758435.986389,369.6970678865599,1180972397.443987,27381233.43037656,1153591164.0136104,0.32692304198080635,12.643001613010233,1691095204.9045534,64582911.73948196,0.6570630191704449
200114013.8699142,112349600.0,charging,112349600.0,87764413.8699142,0.0,621.9003544505944,0.0,0.0,0.2930891011729962,10,239,778.5801620129467,19.09,114552823.93262203,836.2075498698919,665.9527629272391,1445.019214204231,11210.616829730145,2545018854.5461454,2372686632.2564273,369.6919051168709,1180964852.234927,27301884.491356526,1153662967.7435703,0.3269507430691647,12.652320181745322,1682325432.2510207,64283616.97127619,0.6605158539956354
152561700.49910057,112349600.0,charging,112349600.0,40212100.499100566,0.0,284.943731187685,0.0,0.0,0.3290819935335459,11,239,646.8238828165563,20.52,114029905.75934091,637.5028080805355,665.9518602331996,1445.0192143444747,11210.6168295856,2545018854.5133314,2372213442.1512094,369.65788305250527,1180915124.167987,26778966.319198314,1154136157.8487887,0.3271333261559706,12.714054777723067,1673851935.7006474,63745246.425828,0.6642138751838641
189198020.89603466,112349600.0,charging,112349600.0,76848420.89603466,0.0,544.5494145844871,0.0,0.0,0.39786718274421795,12,239,798.2159442434676,21.47,114432784.11329867,790.5933744178017,665.9525564351065,1445.0192143061458,11210.616829231196,2545018854.4328747,2372578007.1021495,369.6840949240502,1180953437.4870589,27181844.58920721,1153771592.8978517,0.3269926518347427,12.66644194428682,1668222689.7406094,63807275.539633,0.6661383555862277
194597144.52636534,112349600.0,charging,112349600.0,82247544.52636534,0.0,582.80771030332,0.0,0.0,0.4714849987825321,13,239,792.1361163335504,22.16,114492156.61625378,813.1544527503704,665.9526586215171,1445.0192142005553,11210.616829733346,2545018854.546872,2372631733.834873,369.68795788510624,1180959083.3401322,27241217.175004832,1153717866.1651275,0.3269719231207014,12.65945352487439,1664134079.5170026,63721762.756227724,0.6677165061682774
179196917.55694127,112349600.0,charging,112349600.0,66847317.55694127,0.0,473.6814005771455,0.0,0.0,0.5313184388554346,14,239,685.2924348233955,22.65,114322805.05406582,748.8022076851443,665.9523668695736,1445.019214198637,11210.616829622119,2545018854.521621,2372478486.55864,369.6769394068858,1180942979.0548081,27071865.613447446,1153871113.4413607,0.32703105050040326,12.67940615982544,1661230573.706036,63543368.84010062,0.6689984611768887
222430859.0638662,112349600.0,charging,112349600.0,110081259.06386618,0.0,780.037956291236,0.0,1.4901161193847656e-08,0.6298495491238013,15,239,772.6443762800027,22.84,114798235.41936249,929.4619605909318,665.9531837420811,1445.0192143476202,11210.616829609588,2545018854.5187764,2372908708.460991,369.70787272814425,1180988187.5174904,27547295.978482146,1153440891.5390081,0.3268650726362464,12.623541292903532,1660104724.514028,63774934.485738635,0.66909594618006
224378518.0095989,112349600.0,charging,112349600.0,112028918.00959891,0.0,793.8391057012393,0.0,0.0,0.7301239624755368,16,239,734.7142853763509,22.71,114819653.22610566,937.6005566017642,665.9532203826934,1445.0192143427032,11210.61682961382,2545018854.5197372,2372928089.8117237,369.7092662903159,1180990223.9735124,27568713.78523909,1153421510.1882734,0.32685759645829343,12.621035507060235,1660875042.3822439,63809249.54646842,0.6687725490318019
153739147.5630858,112349600.0,charging,112349600.0,41389547.563085794,0.0,293.2871441286588,0.0,0.0,0.7671707596286306,17,239,513.3159360017673,22.16,114042853.78277412,642.4229538786036,665.9518826846395,1445.01921433954,11210.616829503651,2545018854.494727,2372225158.741356,369.65872545255456,1180916355.6011777,26791914.34253461,1154124441.2586432,0.32712880457820653,12.71251932811871,1664134079.5170026,63471639.81634527,0.6680485184455162
26950231.131814443,112349600.0,direct_plus_discharge,112349600.0,0.0,85399368.86818555,0.0,605.1415992785181,0.0,0.6907318207723966,18,239,142.53321040220257,21.1,113722180.1240775,112.61573493704252,656.7364296940706,1445.0192142005553,11210.616829733306,2545018854.546863,2371934984.089738,369.63786273441156,1180885856.5930815,26471240.682821013,1154414615.9102604,0.32724079645910703,12.75064949565791,1670415132.9039924,62769088.45974292,0.6660657313173108
0.0,112349600.0,discharging,112349600.0,0.0,112349600.0,0.0,796.1114645617674,0.0,0.590170372617226,19,239,0.0,19.51,113768079.54028627,1.0,654.1499999999979,1445.0192143110764,11210.61682922707,2545018854.431938,2371976517.7732935,369.640848861657,1180890222.2429204,26517140.016215935,1154373082.2267044,0.32722476540383405,12.745178581172288,1679836712.9844775,62869407.73984251,0.662402609653378
0.0,112349600.0,discharging,112349600.0,0.0,112349600.0,0.0,796.1114645617674,0.0,0.48960892446205545,20,239,0.0,18.72,113768079.54028903,1.0,654.15,1445.0192143358536,11210.616829592802,2545018854.514966,2371976517.8473186,369.6408488614157,1180890222.2527907,26517140.100111336,1154373082.1526794,0.3272247653828503,12.745178580602992,1684517875.414404,63006802.50073517,0.6605761261866062
0.0,112349600.0,discharging,112349600.0,0.0,112349600.0,0.0,796.1114645617674,0.0,0.38904747630688485,21,239,0.0,17.71,113768079.54028903,1.0,654.15,1445.0192142091648,11210.616829726065,2545018854.545219,2371976517.874294,369.64084886132775,1180890222.2247586,26517140.099052943,1154373082.1257057,0.3272247653752042,12.745178580395637,1690502652.698234,63182459.09377299,0.6582556208999841
0.0,112349600.0,discharging,112349600.0,0.0,112349600.0,0.0,796.1114645617674,0.0,0.2884860281517142,22,239,0.0,16.84,113768079.54028903,1.0,654.15,1445.0192143476208,11210.616829523566,2545018854.499248,2371976517.833304,369.64084886146134,1180890222.2660413,26517140.09934473,1154373082.1666965,0.32722476538682366,12.745178580710752,1695657856.8932161,63333767.24817191,0.6562698004489804
0.0,112349600.0,discharging,112349600.0,0.0,112349600.0,0.0,796.1114645617674,0.0,0.18792457999654363,23,239,0.0,16.56,113768079.54028903,1.0,654.15,1445.0192141620785,11210.616829411558,2545018854.47382,2371976517.810636,369.64084886153535,1180890222.2059429,26517140.016577557,1154373082.1893654,0.3272247653932495,12.745178580884978,1697317003.0709114,63382464.12544972,0.6556332319606618
0.0,112349600.0,discharging,112349600.0,0.0,112349600.0,0.0,796.1114645617674,0.0,0.08736313184137301,0,240,0.0,16.38,113768079.54028903,1.0,654.15,1445.0192143110737,11210.616829227061,2545018854.4319363,2371976517.7732916,369.6408488616571,1180890222.242922,26517140.016213723,1154373082.2267084,0.32722476540383494,12.745178581172034,1698383597.042287,63413769.260842614,0.6552246610794913
0.0,112349600.0,discharging,97604132.56957304,0.0,97604132.56957304,0.0,691.624793744203,0.0,0.0,1,240,0.0,15.9,98836787.33445361,1.0,654.15,1445.0192143427264,11210.616829613966,2545018854.5197706,2358468598.3765454,368.6702509928232,1179466849.517073,26331315.324053746,1153135534.1930192,0.3282633392905283,14.643672754413709,1701227847.6326222,55163664.382494874,0.6565367267517825
0.0,112349600.0,shutdown,0.0,0.0,0.0,0.0,0.0,0.0,0.0,2,240,0.0,15.45,0.0,1.0,567.279923475184,1445.0192141584084,11210.616829414794,2545018854.474555,2259509895.6122713,362.89907080586624,1179588764.8640018,25103923.744507924,1154484841.1194937,0.33816193354408136,,1703894332.5610614,0.0,0.6775565943600679
0.0,112349600.0,shutdown,0.0,0.0,0.0,0.0,0.0,0.0,0.0,3,240,0.0,15.01,0.0,1.0,567.279923475184,1445.0192142054843,11210.616829643142,2545018854.5263944,2259509895.658337,362.89907080586624,1179588764.9003558,25103923.82688124,1154484841.0734746,0.3381619335306018,,1706501562.2688682,0.0,0.676521408828092
0.0,112349600.0,shutdown,0.0,0.0,0.0,0.0,0.0,0.0,0.0,4,240,0.0,14.63,0.0,1.0,567.279923475184,1445.0192143426955,11210.616829613771,2545018854.5197268,2259509895.652417,362.89907080586624,1179588764.9066992,25103923.827308595,1154484841.0793905,0.33816193353233465,,1708753260.6528835,0.0,0.6756299271893023
0.0,112349600.0,shutdown,0.0,0.0,0.0,0.0,0.0,0.0,0.0,5,240,0.0,14.29,0.0,1.0,567.279923475184,1445.0192143444701,11210.61682949951,2545018854.493787,2259509895.629388,362.89907080586624,1179588764.9303856,25103923.82796458,1154484841.102421,0.3381619335390806,,1710767938.1543708,0.0,0.6748342749209545
62472502.38386269,112349600.0,direct_partial,62472502.38386269,0.0,0.0,0.0,0.0,0.0,0.0,6,240,251.3616735525493,14.03,63162124.92357721,261.05107354755273,665.7914904392317,1445.0192143427053,11210.616829613817,2545018854.519737,2326221362.2455697,366.3581944516378,1176039423.2371943,25788283.09884595,1150251140.1383483,0.33080169943575155,22.814649621625883,1712308573.8908029,35918011.26933627,0.657953122268178
174951776.9669102,112349600.0,charging,112349600.0,62602176.96691021,0.0,443.6002512682006,0.0,0.0,0.05603371594966745,7,240,583.6294855751008,14.29,114276122.54793866,731.0632270760666,665.9522862951869,1445.0192141639982,11210.616829436745,2545018854.4795384,2372436243.3835917,369.6739021504736,1180938539.6399395,27025183.02348185,1153913356.6164577,0.32704735018957676,12.684916587056373,1710767938.1543708,64951975.24616088,0.6498284712067544
206040811.18802595,112349600.0,charging,112349600.0,93691211.18802595,0.0,663.8977562489337,0.0,0.0,0.13989448516005906,8,240,696.9614461346141,17.1,114617999.10092276,860.973594826523,665.9528748605544,1445.019214300552,11210.616829209195,2545018854.4278803,2372745609.8883433,369.69614567487986,1180971049.6891997,27367059.577544384,1153603990.1116552,0.3269279900532131,12.64466521203439,1694117221.1567845,64662701.218908384,0.655911507423516
207312658.33370495,112349600.0,charging,112349600.0,94963058.33370495,0.0,672.9100900164344,0.0,0.0,0.22489365442529288,9,240,747.2461916851703,18.97,114631985.21303637,866.2882060570419,665.9528988640665,1445.0192143024692,11210.616829320428,2545018854.453132,2372758266.1157374,369.6970556712273,1180972379.5732918,27381045.689029664,1153591333.884262,0.32692310751545134,12.643023645570379,1683036494.8986044,64348706.05387864,0.6601814718674798
203696488.5297884,112349600.0,charging,112349600.0,91346888.5297884,0.0,647.2858400084234,0.0,0.0,0.3066560763210937,10,240,793.8924662870717,20.8,114592219.30526097,851.1774777618599,665.9528306009385,1445.019214165248,11210.616829349723,2545018854.4597826,2372722281.477322,369.6944683343694,1180968598.3034847,27341279.780804504,1153627318.5226803,0.32693698983154706,12.647692066264792,1672192789.5229518,64011485.48003562,0.6644536792888011
185005891.93769306,112349600.0,charging,112349600.0,72656291.93769306,0.0,514.8439067352634,0.0,0.0,0.3716889908560744,11,240,772.4850433031744,22.56,114386684.55974056,773.075911161719,665.9524770198442,1445.01921429931,11210.616829296356,2545018854.447667,2372536291.3472958,369.68109555955834,1180949053.6891472,27135745.0364454,1153813308.6527019,0.32700874700094573,12.67187307722141,1661763870.6917236,63594341.774967134,0.6687384105606284
179942052.25792107,112349600.0,charging,112349600.0,67592452.25792107,0.0,478.9614396524321,0.0,0.0,0.4321893832332237,12,240,766.9098982964833,24.11,114330999.07132927,751.9158689954131,665.9523810057495,1445.019214160316,11210.616829439856,2545018854.480244,2372485901.3186097,369.6774725276298,1180943758.228308,27080059.546915025,1153863698.681393,0.32702818952788004,12.678439398246727,1652579311.4937668,63297270.90503577,0.6724631074970944
197340247.87382725,112349600.0,charging,112349600.0,84990647.87382725,0.0,602.2453943128064,0.0,0.0,0.5082624856727361,13,240,806.5426929627857,25.31,114522321.68057589,824.6169369855411,665.9527104982997,1445.0192143061497,11210.616829231263,2545018854.43289,2372659030.3689775,369.68992052875114,1180961951.7875242,27271382.1565029,1153690569.6310213,0.3269613918954997,12.655905733123719,1645468685.017929,63196857.28955447,0.6751997632450696
211280874.6833371,112349600.0,charging,112349600.0,98931274.6833371,0.0,701.0289487378149,0.0,-1.4901161193847656e-08,0.5968135107764602,14,240,800.0399377340522,26.09,114675622.46846502,882.870015631041,665.952973718471,1445.0192142993064,11210.616829296272,2545018854.447648,2372797754.0361114,369.69989490706746,1180976528.9090369,27424682.945147723,1153551845.9638891,0.3269078740530218,12.637904463041462,1640846777.808635,63147159.316095,0.6769694544279653
226386716.15069103,112349600.0,charging,112349600.0,114037116.15069103,0.0,808.0692370344623,0.0,0.0,0.698885414401866,15,240,787.5428072262483,26.37,114841736.76377125,945.9921250618698,665.9532581479253,1445.0192142091553,11210.616829639961,2545018854.525672,2372948073.6123023,369.71070317203873,1180992323.7101464,27590797.322453734,1153401526.3876927,0.3268498879877378,12.618452812136805,1639187631.630939,63190368.48133811,0.6775237499025613
226176561.3386532,112349600.0,charging,112349600.0,113826961.3386532,0.0,806.5800759231087,0.0,0.0,0.8007692134658375,16,240,740.8449564918305,26.1,114839425.7559065,945.1139604742472,665.9532541965317,1445.0192142042245,11210.61682973014,2545018854.546144,2372945982.356807,369.71055280437827,1180992103.9578292,27588486.314635552,1153403617.6431937,0.326850694657529,12.618723040476597,1640787522.5880024,63235656.36083535,0.6768708500518724
183973196.4336155,112349600.0,charging,112349600.0,71623596.4336155,0.0,507.5262061809443,0.0,0.0,0.8648777868781673,17,240,602.5738237149125,25.22,114375328.3247027,768.7606322838103,665.9524574467581,1445.0192143042382,11210.616829292167,2545018854.4467163,2372526015.0292554,369.68035669381015,1180947973.7721539,27124388.801424436,1153823584.9707294,0.32701271197204884,12.673211662835573,1646001982.0036168,63131179.69120977,0.6750928545711231
79148934.05765454,112349600.0,direct_plus_discharge,112349600.0,0.0,33200665.942345455,0.0,235.26056868726397,0.0,0.8351606624124076,18,240,296.7089972095202,23.83,113638376.6830685,330.7361385804256,662.263737460402,1445.0192143513013,11210.616829520415,2545018854.498533,2371859151.5567555,369.63241068391756,1180877885.685366,26387437.24212074,1154490448.4432452,0.3272700671571607,12.760649725443546,1654238457.6714623,62679335.44558032,0.6724203413066635
0.0,112349600.0,discharging,112349600.0,0.0,112349600.0,0.0,796.1114645617674,0.0,0.7345992142572371,19,240,0.0,21.99,113768079.54028746,1.0,654.1499999999988,1445.0192143024599,11210.616829320319,2545018854.4531074,2371976517.792165,369.6408488615955,1180890222.2240858,26517140.01625195,1154373082.2078338,0.3272247653984848,12.745178581027137,1665141418.2677464,62438092.54109691,0.6682025776442339
0.0,112349600.0,discharging,112349600.0,0.0,112349600.0,0.0,796.1114645617674,0.0,0.6340377661020664,20,240,0.0,20.82,113768079.54028903,1.0,654.15,1445.0192141571672,11210.616829329812,2545018854.4552627,2371976517.79409,369.64084886158935,1180890222.2224505,26517140.01653965,1154373082.205911,0.3272247653979396,12.745178581012164,1672074279.081688,62641575.92115158,0.6654536988733647
0.0,112349600.0,discharging,112349600.0,0.0,112349600.0,0.0,796.1114645617674,0.0,0.5334763179468959,21,240,0.0,19.95,113768079.54028903,1.0,654.15,1445.0192143476363,11210.61682960969,2545018854.5188,2371976517.8507333,369.6408488614045,1180890222.2487037,26517140.0994384,1154373082.1492653,0.3272247653818825,12.745178580576786,1677229483.2766702,62792884.0755505,0.6634242776464226
0.0,112349600.0,discharging,112349600.0,0.0,112349600.0,0.0,796.1114645617674,0.0,0.4329148697917252,22,240,0.0,19.47,113768079.54028903,1.0,654.15,1445.0192143426843,11210.616829613698,2545018854.51971,2371976517.851549,369.6408488614018,1180890222.2478373,26517140.099386,1154373082.1484513,0.3272247653816518,12.74517858057049,1680073733.8670053,62876364.436598174,0.6623098867098901
0.0,112349600.0,discharging,112349600.0,0.0,112349600.0,0.0,796.1114645617674,0.0,0.3323534216365546,23,240,0.0,18.66,113768079.54028903,1.0,654.15,1445.0192141584043,11210.616829328726,2545018854.455016,2371976517.7938685,369.6408488615899,1180890222.222663,26517140.016531393,1154373082.2061315,0.3272247653980021,12.745178581013871,1684873406.7381954,63017237.54586613,0.6604378174236205
0.0,112349600.0,discharging,112349600.0,0.0,112349600.0,0.0,796.1114645617674,0.0,0.23179197348138403,0,241,0.0,18.03,113768079.54028903,1.0,654.15,1445.0192143073932,11210.616829316237,2545018854.452181,2371976517.791341,369.6408488615983,1180890222.224941,26517140.01628183,1154373082.2086592,0.32722476539871864,12.745178581033294,1688606485.6380107,63126805.51974122,0.6589890641661056
0.0,112349600.0,discharging,112349600.0,0.0,112349600.0,0.0,796.1114645617674,0.0,0.1312305253262134,1,241,0.0,17.56,113768079.54028903,1.0,654.15,1445.0192142005485,11210.616829647219,2545018854.5273194,2371976517.8583374,369.6408488613798,1180890222.2406116,26517140.09894841,1154373082.141663,0.32722476537972756,12.745178580518271,1691391481.0077133,63208546.70660039,0.6579123811171053
0.0,112349600.0,discharging,112349600.0,0.0,112349600.0,0.0,796.1114645617674,0.0,0.03066907717104279,2,241,0.0,17.24,113768079.54028903,1.0,654.15,1445.0192143444729,11210.616829585595,2545018854.51333,2371976517.845861,369.6408488614203,1180890222.2542822,26517140.100143827,1154373082.1541383,0.32722476538326384,12.7451785806142,1693287648.067937,63264200.280632176,0.6571813312766304
0.0,112349600.0,discharging,34264209.75182249,0.0,34264209.75182249,0.0,242.79686093742205,0.0,4.084748134278415e-18,3,241,0.0,16.96,34698644.52215021,1.0,654.15,1445.0192143476283,11210.61682960961,2545018854.5187817,2300520287.7029657,364.5212291914072,1173277017.378285,25533095.329453938,1147743922.048831,0.3328049332091937,41.377758275913955,1694946794.2456324,19310088.743932683,0.6695285481643987
0.0,112349600.0,shutdown,0.0,0.0,0.0,0.0,0.0,0.0,4.084748134278415e-18,4,241,0.0,16.68,0.0,1.0,567.279923475184,1445.0192142042317,11210.616829644157,2545018854.5266247,2259509895.658527,362.89907080586624,1179588764.900138,25103923.826867662,1154484841.0732703,0.33816193353054197,,1696605940.4233277,0.0,0.6804672868145267
0.0,112349600.0,shutdown,0.0,0.0,0.0,0.0,0.0,0.0,4.084748134278415e-18,5,241,0.0,16.37,0.0,1.0,567.279923475184,1445.0192141973837,11210.616829709164,2545018854.5413823,2259509895.6716437,362.89907080586624,1179588764.8877907,25103923.82762375,1154484841.0601668,0.3381619335267038,,1698442852.2629192,0.0,0.6797313430487165
72702824.19539642,112349600.0,direct_plus_discharge,72702824.19539642,0.0,4.563576076179743e-09,0.0,3.233758939637078e-14,0.0,0.0,6,241,281.2328898620014,15.1,73504946.43942727,303.80006533962285,665.8419464231021,1445.019214307399,11210.616829230225,2545018854.432654,2335566575.784667,367.0274482849694,1177037031.1307569,25900782.71996336,1151136248.4107935,0.3300744417828131,19.63003220252183,1705968265.2831805,41683880.00619095,0.6586758420510459
168958699.41627747,112349600.0,charging,112349600.0,56609099.41627747,0.0,401.1331864449482,0.0,0.0,0.05066945512988819,7,241,564.3500972724893,17.06,114210218.51624519,706.0202198529313,665.9521724322341,1445.0192143476277,11210.616829609628,2545018854.5187855,2372376606.7724557,369.6696143294645,1180932272.3029394,26959279.075375766,1153972993.2275636,0.32707036195616934,12.692703599342014,1694354242.0393124,64439455.85840241,0.6561161747434658
196000057.27323115,112349600.0,charging,112349600.0,83650457.27323115,0.0,592.7487774861112,0.0,0.0,0.12554298491760751,8,241,665.2598632459452,19.93,114507584.01649661,819.0167419926426,665.9526851564079,1445.0192143395502,11210.616829589755,2545018854.514274,2372645694.194612,369.6889616443625,1180960550.3817313,27256644.576343358,1153703905.805388,0.32696653707971574,12.657638834519034,1677347993.7179341,64113789.57496983,0.6624916589463518
214497778.01024348,112349600.0,charging,112349600.0,102148178.01024348,0.0,723.8239886750915,0.0,0.0,0.21697338348709275,9,241,771.6614266822957,22.16,114710997.76552601,896.3123468158581,665.9530343587757,1445.019214160327,11210.616829353898,2545018854.46073,2372829765.658593,369.7021965926109,1180979892.5824747,27460058.24106519,1153519834.3414094,0.3268955250435213,12.63375736669806,1664134079.5170026,63843589.701600134,0.6675548271772719
201679903.47902954,112349600.0,charging,112349600.0,89330303.47902954,0.0,632.9962788691491,0.0,0.0,0.2969308081863537,10,241,788.6274380217541,23.97,114570043.53932342,842.7508632944918,665.9527925129371,1445.0192143061417,11210.616829317225,2545018854.452405,2372702214.3753214,369.6930254908525,1180966489.6399758,27319104.015296146,1153647385.6246796,0.32694473154556297,12.650296854395714,1653408884.5826142,63453730.61276943,0.6719509035924761
191223687.28042758,112349600.0,charging,112349600.0,78874087.28042758,0.0,558.9033262316365,0.0,0.0,0.36752912307877095,11,241,799.4328965253436,25.66,114455059.74386922,799.05793665105,665.9525947862448,1445.0192143005518,11210.616829209212,2545018854.427884,2372598164.473963,369.6855442435825,1180955555.7465317,27204120.220494237,1153751435.5260375,0.3269848746804751,12.663819149801974,1643394752.2958097,63099577.882516816,0.6760945027021987
185330195.82971886,112349600.0,charging,112349600.0,72980595.82971886,0.0,517.1419304615939,0.0,0.0,0.43285231429497223,12,241,792.0033372922225,26.94,114390250.82995509,774.4310654446191,665.9524831657038,1445.0192141652394,11210.616829435698,2545018854.4793,2372539518.513059,369.68132759033244,1180949392.7924907,27139311.3055493,1153810081.4869413,0.327007501853158,12.67145276733717,1635810084.0549164,62843975.023037195,0.6792495948899925
207678190.43316677,112349600.0,charging,112349600.0,95328590.43316677,0.0,675.5002576275954,0.0,0.0,0.518178662626879,13,241,850.2457895993972,27.87,114636004.85719854,867.8156388208886,665.9529057616553,1445.0192143061547,11210.61682931735,2545018854.4524336,2372761903.5415964,369.69731720676907,1180972761.7916098,27385065.33318408,1153587696.4584258,0.32692170427057426,12.642551929336978,1630299348.536142,62818932.08289004,0.6813391064661206
217668329.3707343,112349600.0,charging,112349600.0,105318729.3707343,0.0,746.2905776711241,0.0,0.0,0.6124469461221789,14,241,826.5237773616437,28.36,114745863.34425595,909.5609890954258,665.9530940888079,1445.0192141534794,11210.616829332872,2545018854.455957,2372861316.0489216,369.7044651221521,1180983207.7715652,27494923.820486203,1153488283.951079,0.32688335420615905,12.62967252690356,1627395842.7251751,62794719.090974756,0.6824604929231343
219472210.54544815,112349600.0,charging,112349600.0,107122610.54544815,0.0,759.0729149815982,0.0,0.0,0.7083298406461702,15,241,768.0180655306063,28.4,114765700.07104972,917.0987873145214,665.9531280559681,1445.0192143061472,11210.616829317285,2545018854.4524183,2372879266.6183233,369.70575580299237,1180985093.9287155,27514760.547038175,1153470333.3816774,0.3268764297268172,12.627349569967764,1627158821.8426473,62798684.07782124,0.682543986662799
219313348.9393017,112349600.0,charging,112349600.0,106963748.9393017,0.0,757.9472185311267,0.0,0.0,0.8040705419343126,16,241,721.1281879062215,28.01,114763953.11879784,916.434959370261,665.9531250650679,1445.0192143476374,11210.616829523635,2545018854.499264,2372877685.8144956,369.705642136925,1180984927.8633804,27513013.67787476,1153471914.1855056,0.32687703952712455,12.627554112235094,1629469775.4472945,62864936.77604819,0.6815861577820537
181657061.93057466,112349600.0,charging,112349600.0,69307461.93057466,0.0,491.1140317598704,0.0,0.0,0.8661059985776646,17,241,595.198637889787,27.2,114349858.50553152,759.0823038124423,665.9524135340357,1445.019214153458,11210.616829418805,2545018854.4754653,2372502967.29419,369.6786995653445,1180945551.687607,27098918.981797215,1153846632.7058098,0.32702160470972497,12.67621481556075,1634269448.318485,62777134.53284323,0.679914531731445
68440472.32030113,112349600.0,direct_plus_discharge,112349600.0,0.0,43909127.67969887,0.0,311.1409381494434,0.0,0.8268039853377349,18,241,263.8575522275488,25.9,113655568.79495887,285.98916469738333,661.0747321294525,1445.0192141603154,11210.616829439883,2545018854.4802504,2371874708.4108653,369.6335291574252,1180879520.859687,26404629.27055793,1154474891.5891292,0.32726406222915233,12.758596995999412,1641972627.0006425,62241263.88173352,0.6774237070626075
0.0,112349600.0,discharging,112349600.0,0.0,112349600.0,0.0,796.1114645617674,0.0,0.7262425371825643,19,241,0.0,24.08,113768079.54028897,1.0,654.15,1445.0192143024676,11210.61682923437,2545018854.433595,2371976517.7747693,369.6408488616522,1180890222.2414382,26517140.016208388,1154373082.2252297,0.32722476540341583,12.745178581160687,1652757077.1556628,62074605.13570273,0.6731699059133031
0.0,112349600.0,discharging,112349600.0,0.0,112349600.0,0.0,796.1114645617674,0.0,0.6256810890273937,20,241,0.0,22.74,113768079.54028903,1.0,654.15,1445.0192143444888,11210.61682958569,2545018854.5133514,2371976517.8458786,369.6408488614203,1180890222.2542925,26517140.100170977,1154373082.1541214,0.32722476538325906,12.74517858061409,1660697276.720348,62307654.47696085,0.6699766560458724
0.0,112349600.0,discharging,112349600.0,0.0,112349600.0,0.0,796.1114645617674,0.0,0.5251196408722231,21,241,0.0,21.22,113768079.54028903,1.0,654.15,1445.0192143513088,11210.61682952045,2545018854.498541,2371976517.8326764,369.64084886146344,1180890222.2666752,26517140.099352844,1154373082.1673224,0.32722476538700107,12.74517858071553,1669704070.256409,62572008.95361183,0.6663909385008407
0.0,112349600.0,discharging,112349600.0,0.0,112349600.0,0.0,796.1114645617674,0.0,0.4245581927170525,22,241,0.0,21.25,113768079.54028903,1.0,654.15,1445.0192142005565,11210.616829733319,2545018854.546866,2371976517.875757,369.64084886132275,1180890222.223276,26517140.099033035,1154373082.1242428,0.3272247653747895,12.745178580384435,1669526304.5945127,62566791.431046374,0.6664613378882774
0.0,112349600.0,discharging,112349600.0,0.0,112349600.0,0.0,796.1114645617674,0.0,0.3239967445618819,23,241,0.0,20.29,113768079.54028903,1.0,654.15,1445.0192143042252,11210.616829292063,2545018854.4466925,2371976517.786448,369.64084886161424,1180890222.2305188,26517140.016966067,1154373082.2135527,0.32722476540010575,12.745178581070915,1675214805.775183,62733752.153141715,0.6642159095834185
0.0,112349600.0,discharging,112349600.0,0.0,112349600.0,0.0,796.1114645617674,0.0,0.22343529640671128,0,242,0.0,19.56,113768079.54028903,1.0,654.15,1445.0192143463692,11210.616829524579,2545018854.499478,2371976517.833513,369.64084886146077,1180890222.2658188,26517140.09933202,1154373082.1664867,0.3272247653867642,12.7451785807091,1679540436.8813176,62860711.86890173,0.6625185497578957
0.0,112349600.0,discharging,112349600.0,0.0,112349600.0,0.0,796.1114645617674,0.0,0.12287384825154066,1,242,0.0,18.89,113768079.54028903,1.0,654.15,1445.0192142054857,11210.616829729195,2545018854.5459294,2371976517.874923,369.6408488613255,1180890222.2241287,26517140.0990521,1154373082.1250765,0.3272247653750258,12.745178580390837,1683510536.6636603,62977236.53953079,0.6609683158605049
0.0,112349600.0,discharging,112349600.0,0.0,112349600.0,0.0,796.1114645617674,0.0,0.022312400096370037,2,242,0.0,18.31,113768079.54028903,1.0,654.15,1445.019214339536,11210.616829503668,2545018854.494731,2371976517.8292804,369.6408488614745,1180890222.2707717,26517140.100052506,1154373082.1707191,0.3272247653879639,12.745178580741634,1686947339.4603148,63078108.6424634,0.6596321690191349
0.0,112349600.0,shutdown,0.0,0.0,0.0,0.0,0.0,0.0,0.022312400096370037,3,242,0.0,17.75,0.0,1.0,567.279923475184,1445.019214168938,11210.616829432658,2545018854.4786105,2259509895.615863,362.89907080586624,1179588764.8597028,25103923.74381212,1154484841.1158907,0.338161933543026,,1690265631.8157058,0.0,0.683019768837001
0.0,112349600.0,shutdown,0.0,0.0,0.0,0.0,0.0,0.0,0.022312400096370037,4,242,0.0,17.16,0.0,1.0,567.279923475184,1445.0192143110742,11210.616829313101,2545018854.451469,2259509895.591817,362.89907080586624,1179588764.8841763,25103923.74418275,1154484841.1399934,0.33816193355008595,,1693761689.8329926,0.0,0.6816099620566027
0.0,112349600.0,shutdown,0.0,0.0,0.0,0.0,0.0,0.0,0.022312400096370037,5,242,0.0,16.31,0.0,1.0,567.279923475184,1445.0192142956262,11210.61682921336,2545018854.428826,2259509895.5717144,362.89907080586624,1179588764.9048994,25103923.744802896,1154484841.1600964,0.33816193355597435,,1698798383.586711,0.0,0.6795890862119888
52475970.17774046,112349600.0,direct_plus_discharge,77403905.00619532,0.0,24927934.828454856,0.0,176.6398340962628,0.0,0.0,6,242,220.19701286871518,15.79,78295113.00324559,219.2790080054018,661.9257654878832,1445.0192142042197,11210.616829730106,2545018854.546137,2339895806.280183,367.337706346417,1177497967.2818515,25989868.555771705,1151508098.72608,0.32972817630404244,18.43968540013757,1701879655.0595737,44118183.91138068,0.6595129003165026
168411209.42055002,112349600.0,charging,112349600.0,56061609.42055002,0.0,397.2536616194793,0.0,0.0,0.05017940988877634,7,242,562.3266553048254,17.64,114204197.93705443,703.7324477021855,665.952162023898,1445.0192142091598,11210.61682963998,2545018854.5256763,2372371158.7546773,369.66922262253934,1180931699.7410774,26953258.495735053,1153978441.2453423,0.3270724642071666,12.693415419852217,1690917439.242658,64336593.90797655,0.6574424097314173
186169967.55704674,112349600.0,charging,112349600.0,73820367.55704674,0.0,523.0925693578656,0.0,0.0,0.11625426075503305,8,242,635.1209418612048,20.23,114399485.54150747,777.9401822974515,665.9524990783798,1445.019214335863,11210.616829592864,2545018854.5149803,2372547875.087907,369.6819284251304,1180950271.0134406,27148546.101347733,1153801724.912093,0.32700427761654594,12.67036451407269,1675570337.0989747,64001715.258168854,0.6632675682209748
191926083.3530224,112349600.0,charging,112349600.0,79576483.3530224,0.0,563.8805185496857,0.0,0.0,0.18748127362446704,9,242,698.4788887736407,22.18,114462783.77757351,801.9930079513766,665.9526080809524,1445.0192143513025,11210.616829606462,2545018854.518067,2372605154.090633,369.68604679300034,1180956290.2460632,27211844.336695757,1153744445.9093676,0.3269821779653768,12.662909938339144,1664015569.0757387,63701973.58952845,0.6677853395697663
196727043.04852986,112349600.0,charging,112349600.0,84377443.04852986,0.0,597.9002129188019,0.0,0.0,0.2630055110457894,10,242,774.2625367807528,23.76,114515578.45560347,822.0545651925119,665.9526989039133,1445.0192143061483,11210.616829231218,2545018854.43288,2372652928.3622847,369.68948179067684,1180961310.5692334,27264638.931518987,1153696671.6377144,0.3269637460811994,12.656698659371969,1654653244.215886,63459669.44702834,0.6714906002179459
185912781.37103403,112349600.0,charging,112349600.0,73563181.37103403,0.0,521.2701430100047,0.0,0.0,0.3288501606891584,11,242,784.3006640057805,24.94,114396657.34407504,776.8654897943774,665.9524942052798,1445.0192141937132,11210.616829712337,2545018854.5421023,2372545315.8598795,369.68174441493784,1180950002.0436413,27145717.90352036,1153804284.140121,0.32700526505107347,12.670697780613084,1647661128.1813123,63191053.514346235,0.6744032573267454
176233353.74355316,112349600.0,charging,112349600.0,63883753.74355316,0.0,452.68152939114515,0.0,0.0,0.38603098545435566,12,242,762.8755427365118,25.8,114290215.65376428,736.4184950837505,665.952310626883,1445.019214351307,11210.616829520453,2545018854.498542,2372448996.2869797,369.6748190742394,1180939879.9258478,27039276.212827444,1153900603.7130203,0.3270424293879158,12.683252555251956,1642565179.2069619,62984650.03821707,0.6765563713982483
185184637.22940496,112349600.0,charging,112349600.0,72835037.22940496,0.0,516.110499370825,0.0,0.0,0.45122389063803886,13,242,771.6422974928282,26.76,114388650.16677006,773.8228261805259,665.9524804072806,1445.019214347619,11210.61682960959,2545018854.518777,2372538070.099278,369.681223446873,1180949240.626612,27137710.725889575,1153811529.9007223,0.32700806070391003,12.671641413080476,1636876678.026292,62874013.490989394,0.6788122138492987
220030889.0074442,112349600.0,charging,112349600.0,107681289.0074442,0.0,763.0317214980325,0.0,0.0,0.5476068449325271,14,242,840.5746288606725,27.74,114771843.68636565,919.4333122127811,665.9531385735305,1445.0192141937123,11210.616829712364,2545018854.5421085,2372884826.156712,369.7061555389246,1180985678.0891078,27520904.245817587,1153464773.84329,0.3268742851445765,12.626630291205437,1631069666.404358,62915792.492190585,0.6809177539190034
31050574.609646417,112349600.0,direct_plus_discharge,112349600.0,0.0,81299025.39035359,0.0,576.0864851406566,0.0,0.47483802575686523,15,242,164.25686699612945,27.19,113715597.14639886,129.74965827862198,657.1471880535483,1445.0192143110828,11210.616829227143,2545018854.431955,2371929027.141192,369.63743446022295,1180885230.4811525,26464657.62241394,1154420572.8587387,0.32724309572817034,12.751434507101353,1634328703.5391169,61743462.03293869,0.6806435458890824
92550106.60615894,112349600.0,direct_plus_discharge,112349600.0,0.0,19799493.393841058,0.0,140.299597714205,0.0,0.45711597130875514,16,242,338.45854568529336,26.23,113616861.50529198,386.73502364328385,663.7949603877634,1445.0192141689256,11210.616829432576,2545018854.4785914,2371839682.806525,369.63101096621074,1180875839.174365,26365921.980890334,1154509917.1934748,0.3272775821523958,12.763219502025917,1640017204.7197871,62374206.72890699,0.6781694911224996
0.0,112349600.0,discharging,112349600.0,0.0,112349600.0,0.0,796.1114645617674,0.0,0.3565545231535845,17,242,58.437596625885206,25.38,113768079.54028897,1.0,654.15,1445.0192143042316,11210.616829206083,2545018854.4271736,2371976517.7690454,369.6408488616709,1180890222.2478704,26517140.016915217,1154373082.2309551,0.32722476540503875,12.745178581204678,1645053898.4735053,61848512.4911986,0.6762970599933296
50045582.14538731,112349600.0,direct_plus_discharge,112349600.0,0.0,62304017.85461269,0.0,441.48748996274327,0.0,0.30078768231618536,18,242,209.42571977814768,24.58,113685101.2355666,209.12325338099922,659.1004102249219,1445.0192143024697,11210.616829320385,2545018854.453122,2371901431.8454,369.6354504650909,1180882329.86615,26434161.711548068,1154448168.1546018,0.3272537471528448,12.755072286434627,1649794316.1240637,62331066.7580056,0.6742778184920584
0.0,112349600.0,discharging,112349600.0,0.0,112349600.0,0.0,796.1114645617674,0.0,0.20022623416101476,19,242,0.0,21.85,113768079.54028891,1.0,654.15,1445.0192142091717,11210.616829726112,2545018854.54523,2371976517.8743014,369.64084886132764,1180890222.2247665,26517140.099066406,1154373082.1257,0.32722476537520256,12.745178580395628,1665970991.356594,62462440.9797367,0.6678724563695397
0.0,112349600.0,discharging,112349600.0,0.0,112349600.0,0.0,796.1114645617674,0.0,0.09966478600584414,20,242,0.0,20.41,113768079.54028903,1.0,654.15,1445.0192141571597,11210.61682932979,2545018854.4552574,2371976517.794085,369.64084886158935,1180890222.2224474,26517140.01653237,1154373082.205915,0.3272247653979407,12.745178581012196,1674503743.127599,62712882.0628798,0.6644957603254243
0.0,112349600.0,discharging,111347828.09177801,0.0,111347828.09177801,0.0,789.0128892129327,0.0,0.0,21,242,0.0,19.58,112753683.13977918,1.0,654.15,1445.019214302461,11210.616829320365,2545018854.4531174,2371058617.780216,369.5748576888343,1180793725.835537,26504515.52397582,1154289210.311561,0.3272951030943354,12.858241805541077,1679421926.4400537,62296776.21398608,0.662729985360236
0.0,112349600.0,shutdown,0.0,0.0,0.0,0.0,0.0,0.0,0.0,22,242,0.0,18.86,0.0,1.0,567.279923475184,1445.0192143073946,11210.616829230177,2545018854.4326434,2259509895.5751038,362.89907080586624,1179588764.9008174,25103923.744110312,1154484841.156707,0.3381619335549816,,1683688302.3255558,0.0,0.685687986049497
0.0,112349600.0,shutdown,0.0,0.0,0.0,0.0,0.0,0.0,0.0,23,242,0.0,18.4,0.0,1.0,567.279923475184,1445.0192142956262,11210.616829299408,2545018854.44836,2259509895.589057,362.89907080586624,1179588764.887626,25103923.744872507,1154484841.1427534,0.33816193355089436,,1686414042.4746273,0.0,0.6845797129681592
0.0,112349600.0,shutdown,0.0,0.0,0.0,0.0,0.0,0.0,0.0,0,243,0.0,17.88,0.0,1.0,567.279923475184,1445.0192141603152,11210.616829439856,2545018854.480244,2259509895.6173644,362.89907080586624,1179588764.8582227,25103923.74377478,1154484841.1144478,0.3381619335426033,,1689495313.94749,0.0,0.6833311886595322
0.0,112349600.0,shutdown,0.0,0.0,0.0,0.0,0.0,0.0,0.0,1,243,0.0,17.32,0.0,1.0,567.279923475184,1445.0192143463746,11210.616829524592,2545018854.4994807,2259509895.6344433,362.89907080586624,1179588764.9246066,25103923.82723718,1154484841.0973694,0.3381619335376009,,1692813606.302881,0.0,0.6819917070602793
0.0,112349600.0,shutdown,0.0,0.0,0.0,0.0,0.0,0.0,0.0,2,243,0.0,16.93,0.0,1.0,567.279923475184,1445.019214340792,11210.616829588716,2545018854.514038,2259509895.6473675,362.89907080586624,1179588764.9124842,25103923.828040417,1154484841.0844438,0.3381619335338148,,1695124559.9075282,0.0,0.6810619516641437
0.0,112349600.0,shutdown,0.0,0.0,0.0,0.0,0.0,0.0,0.0,3,243,0.0,16.41,0.0,1.0,567.279923475184,1445.0192142042388,11210.616829644208,2545018854.526636,2259509895.658552,362.89907080586624,1179588764.900143,25103923.826883327,1154484841.0732596,0.33816193353053886,,1698205831.3803911,0.0,0.6798262140784392
0.0,112349600.0,shutdown,0.0,0.0,0.0,0.0,0.0,0.0,0.0,4,243,0.0,15.91,0.0,1.0,567.279923475184,1445.0192143024658,11210.61682932041,2545018854.453128,2259509895.5932903,362.89907080586624,1179588764.8826966,25103923.744176976,1154484841.1385198,0.3381619335496543,,1701168592.4119902,0.0,0.6786422264601308
0.0,112349600.0,shutdown,0.0,0.0,0.0,0.0,0.0,0.0,0.0,5,243,0.0,15.42,0.0,1.0,567.279923475184,1445.0192141937086,11210.61682971229,2545018854.542092,2259509895.6722736,362.89907080586624,1179588764.8871586,25103923.827622462,1154484841.0595362,0.3381619335265191,,1704072098.222957,0.0,0.6774859128692137
46766492.03677662,112349600.0,direct_partial,46766492.03677662,0.0,0.0,0.0,0.0,0.0,0.0,6,243,203.1601117214117,14.95,47283400.40849258,195.42106505096845,665.6710570907834,1445.0192143476206,11210.616829523551,2545018854.4992447,2311880576.1833835,365.3325192690216,1174501484.784203,25615568.93076902,1148885915.853434,0.3319248333487646,30.414872329530834,1706857093.5926602,26819317.566704087,0.6626876321661075
162966584.93788344,112349600.0,charging,112349600.0,50616984.93788344,0.0,358.67294597042894,0.0,0.0,0.04530605633310681,7,243,546.3520183012969,16.27,114144325.07521062,680.9812369770242,665.9520584564483,1445.0192143024583,11210.616829320305,2545018854.453104,2372316979.775986,369.6653272285422,1180926005.7751822,26893385.551169697,1154032620.2240126,0.3270933708754706,12.70049834867855,1699035404.469239,64537675.251441196,0.6543718734960456
196264778.28287366,112349600.0,charging,112349600.0,83915178.28287366,0.0,594.6245957416882,0.0,0.0,0.12041653158468849,8,243,667.6822497206181,18.92,114510495.07206847,820.1229199288672,665.9526901625784,1445.019214202326,11210.616829619066,2545018854.5209284,2372648328.440847,369.68915104771384,1180960827.1906264,27259555.63147195,1153701271.5591545,0.3269655207687261,12.657296468343336,1683332771.0017643,64289089.27290559,0.6601549784790571
202346205.60596234,112349600.0,charging,112349600.0,89996605.60596234,0.0,637.7177087817887,0.0,0.0,0.20097034743080916,9,243,735.3728990094438,21.33,114577370.6589998,845.5351104257186,665.9528050992641,1445.0192142042306,11210.616829730183,2545018854.546154,2372708844.848832,369.6935022217439,1180967186.3689103,27326431.21774518,1153640755.1511652,0.32694217356376415,12.64943609129999,1669052262.8294573,63912002.40271173,0.6657037183606377
198578423.7497617,112349600.0,charging,112349600.0,86228823.7497617,0.0,611.0191328038667,0.0,0.0,0.2781517115744555,10,243,784.6513629077735,23.39,114535937.52008836,829.7908475753122,665.9527339053932,1445.0192143513084,11210.616829606515,2545018854.5180793,2372671351.5480924,369.6908064241732,1180963246.531133,27284998.07922627,1153678248.4519067,0.3269566383565673,12.654304949836392,1656845687.3792691,63534589.85232419,0.6705949049290347
179799829.5241854,112349600.0,charging,112349600.0,67450229.52418539,0.0,477.9536465775276,0.0,0.0,0.3385248037737221,11,243,765.5607504792046,25.04,114329435.09164356,751.3215691689641,665.9523783077552,1445.0192143395343,11210.616829503628,2545018854.494722,2372484486.080295,369.6773707716235,1180943609.5711014,27078495.65139755,1153865113.919704,0.3270287355947345,12.678623911824662,1647068575.9749925,63136744.20193195,0.6746939097349633
125337188.8122975,112349600.0,charging,112349600.0,12987588.812297493,0.0,92.03030852343207,0.0,0.0,0.3501496848503662,12,243,568.3481502095847,26.38,113730526.1727208,523.7409491593272,665.9513396962399,1445.0192143476343,11210.616829609657,2545018854.518792,2371942536.291304,369.638405711104,1180886650.4405565,26479586.731862035,1154407063.7086945,0.3272378814492742,12.749654372119936,1639128376.4103074,62577082.25885552,0.6783824179605741
43102193.94520567,112349600.0,direct_plus_discharge,112349600.0,0.0,69247406.05479433,0.0,490.68847464864774,0.0,0.28816798278948436,13,243,239.07803625843,27.25,113696248.63561085,180.10922521581668,658.3766501217227,1445.019214165254,11210.616829349723,2545018854.4597826,2371911518.9715166,369.63617568897234,1180883390.1396418,26445309.111160442,1154438081.0284812,0.3272498536332252,12.753742315211351,1633973172.215325,61819631.984909564,0.6807659981626908
157249921.91856444,112349600.0,charging,112349600.0,44900321.91856444,0.0,318.1645599261872,0.0,0.0,0.32835719035910804,14,243,623.0558921870888,27.88,114081460.68920568,657.0932708902311,665.9519495975369,1445.0192143444747,11210.61682958559,2545018854.5133286,2372260093.998262,369.6612372296245,1180920027.2507966,26830521.24905569,1154089506.001741,0.3271153228350604,12.707943171486711,1630240093.3155103,62513262.51510936,0.6817824357142916
147339741.44003156,112349600.0,charging,112349600.0,34990141.44003156,0.0,247.94082708836447,0.0,0.0,0.35967603167553297,15,243,540.1247552261415,27.77,113972481.48071873,615.6820394803736,665.95176060006,1445.0192143426946,11210.616829613782,2545018854.5197287,2372161479.2498655,369.65414703617887,1180909662.7899735,26721542.03983823,1154188120.7501352,0.327153379684445,12.720868676520148,1630891900.7424622,62472356.1619198,0.6815947106738228
43384409.15017867,112349600.0,direct_plus_discharge,112349600.0,0.0,68965190.84982133,0.0,488.68869218255395,0.0,0.2979469337156314,16,243,191.01043188489547,27.8,113695795.54762034,181.28850536977885,658.4058445824987,1445.0192142005449,11210.616829647237,2545018854.5273237,2371911109.038928,369.6361462119087,1180883347.0673556,26444856.106288593,1154438490.961067,0.32725001186840097,12.753796366571882,1630714135.0805662,61726709.98800855,0.6821145296303052
197311164.1118961,112349600.0,charging,112349600.0,84961564.1118961,0.0,602.0393062065206,0.0,0.0,0.3739940039732972,17,243,642.7838858902203,26.82,114522001.85539293,824.4954059601265,665.9527099484244,1445.0192143444813,11210.616829585664,2545018854.5133457,2372658741.0279126,369.6898997195504,1180961921.3873537,27271062.415261567,1153690858.9720922,0.32696150353191794,12.655943338256217,1636521146.7025003,62937010.3336635,0.6788580549603623
93892941.56068723,112349600.0,direct_plus_discharge,112349600.0,0.0,18456658.43931277,0.0,130.7842429437897,0.0,0.3574738890751343,18,243,339.361790745553,25.28,113614705.62432773,392.34626848061794,663.9511241122466,1445.019214163992,11210.61682935066,2545018854.4599953,2371837731.969257,369.63087071081236,1180875634.1305816,26363766.099841915,1154511868.0307398,0.3272783351849677,12.763477054573489,1645646450.679825,62547638.53440741,0.6758669142578605
0.0,112349600.0,discharging,112349600.0,0.0,112349600.0,0.0,796.1114645617674,0.0,0.2569124409199637,19,243,0.0,23.38,113768079.54028246,1.0,654.1499999999951,1445.0192143024678,11210.616829320423,2545018854.4531307,2371976517.792184,369.64084886159503,1180890222.2240882,26517140.0162791,1154373082.207809,0.3272247653984782,12.745178581027474,1656904942.5999014,62196347.328893304,0.6714980024566343
0.0,112349600.0,discharging,112349600.0,0.0,112349600.0,0.0,796.1114645617674,0.0,0.15635099276479308,20,243,0.0,22.36,113768079.54028903,1.0,654.15,1445.0192143407796,11210.616829588584,2545018854.514008,2371976517.846466,369.6408488614186,1180890222.253639,26517140.10010369,1154373082.1535354,0.3272247653830929,12.745178580609569,1662948975.1043632,62373743.096123606,0.6690766138856314
0.0,112349600.0,discharging,112349600.0,0.0,112349600.0,0.0,796.1114645617674,0.0,0.05578954460962246,21,243,0.0,21.48,113768079.54028903,1.0,654.15,1445.0192141603,11210.616829353741,2545018854.460695,2371976517.7989335,369.64084886157355,1180890222.2168512,26517140.01578588,1154373082.2010653,0.32722476539656603,12.745178580974905,1668163434.519977,62526790.424711004,0.6670015613209802
0.0,112349600.0,discharging,62329383.03952773,0.0,62329383.03952773,0.0,441.6672281595111,0.0,0.0,22,243,0.0,20.6,63117499.68176577,1.0,654.15,1445.0192142042301,11210.616829730174,2545018854.546152,2326181048.362554,366.355308838263,1176035111.877936,25886777.200978946,1150148334.676957,0.3307763786476072,22.829082900305334,1673377893.9355915,34774206.046485335,0.6733289937640946
0.0,112349600.0,shutdown,0.0,0.0,0.0,0.0,0.0,0.0,0.0,23,243,0.0,19.6,0.0,1.0,567.279923475184,1445.0192143407778,11210.616829502562,2545018854.49448,2259509895.6299953,362.89907080586624,1179588764.9297493,25103923.827941883,1154484841.1018074,0.3381619335389008,,1679303415.9987895,0.0,0.6874784092636178
0.0,112349600.0,shutdown,0.0,0.0,0.0,0.0,0.0,0.0,0.0,0,244,0.0,19.09,0.0,1.0,567.279923475184,1445.0192143110705,11210.616829313063,2545018854.45146,2259509895.5918093,362.89907080586624,1179588764.8841717,25103923.74417149,1154484841.1400003,0.338161933550088,,1682325432.2510207,0.0,0.6862434693121485
0.0,112349600.0,shutdown,0.0,0.0,0.0,0.0,0.0,0.0,0.0,1,244,0.0,18.85,0.0,1.0,567.279923475184,1445.0192143427096,11210.616829613848,2545018854.5197434,2259509895.652433,362.89907080586624,1179588764.9067078,25103923.82732913,1154484841.0793786,0.33816193353233115,,1683747557.546188,0.0,0.6856638549557089
0.0,112349600.0,shutdown,0.0,0.0,0.0,0.0,0.0,0.0,0.0,2,244,0.0,18.38,0.0,1.0,567.279923475184,1445.0192141534822,11210.616829332897,2545018854.455963,2259509895.595807,362.89907080586624,1179588764.8804305,25103923.744427193,1154484841.1360033,0.33816193354891716,,1686532552.915891,0.0,0.6845316084412268
0.0,112349600.0,shutdown,0.0,0.0,0.0,0.0,0.0,0.0,0.0,3,244,0.0,17.79,0.0,1.0,567.279923475184,1445.0192143061572,11210.61682931734,2545018854.4524307,2259509895.5926714,362.89907080586624,1179588764.8833344,25103923.74419481,1154484841.1391397,0.33816193354983587,,1690028610.9331777,0.0,0.6831155600979273
0.0,112349600.0,shutdown,0.0,0.0,0.0,0.0,0.0,0.0,0.0,4,244,0.0,17.32,0.0,1.0,567.279923475184,1445.0192143476272,11210.6168295236,2545018854.4992557,2259509895.6342435,362.89907080586624,1179588764.9248235,25103923.82725673,1154484841.0975668,0.3381619335376587,,1692813606.302881,0.0,0.6819917070603959
0.0,112349600.0,shutdown,0.0,0.0,0.0,0.0,0.0,0.0,0.0,5,244,0.0,16.83,0.0,1.0,567.279923475184,1445.0192141973953,11210.616829709259,2545018854.541404,2259509895.671663,362.89907080586624,1179588764.8877954,25103923.82764848,1154484841.060147,0.33816193352669804,,1695717112.113848,0.0,0.680823961032621
24258671.09710968,112349600.0,charging_only,0.0,24258671.09710968,0.0,171.89741819679114,0.0,0.0,0.021713358088015722,6,244,135.68730688241658,16.47,0.0,101.36863245569764,620.5051128569876,1445.0192143073828,11210.61682931616,2545018854.452163,2259509895.5924335,362.89907080586624,1179588764.883538,25368057.259374913,1154220707.6241632,0.33808456579500973,,1697850300.056599,0.0,0.6798130009375305
133098295.97806013,112349600.0,charging,112349600.0,20748695.978060126,0.0,147.0256658042423,0.0,0.0,0.040285021136972646,7,244,456.3774036804013,17.69,113815872.68257685,556.171943280403,665.9514883683357,1445.0192141640075,11210.616829350773,2545018854.4600205,2372019765.256884,369.64395820650697,1180894767.90127,26564933.158120006,1154329834.74315,0.32720807332424334,12.73948663404029,1690621163.139498,64109236.40475249,0.6578388537880006
186558616.44395676,112349600.0,charging,112349600.0,74209016.44395675,0.0,525.8465429773377,0.0,1.4901161193847656e-08,0.10670774235516267,8,244,637.4691425498951,20.7,114403759.39385198,779.5642121552202,665.9525064419463,1445.0192143395448,11210.616829589755,2545018854.514274,2372551742.52141,369.68220649354055,1180950677.4322867,27152819.95369826,1153797857.4785886,0.32700278543995226,12.669860926753868,1672785341.7292717,63923365.71308433,0.664358883291247
126670208.9002908,112349600.0,charging,112349600.0,14320608.900290802,0.0,101.47611495747908,0.0,0.0,0.11952577792873897,9,244,484.79995596110433,22.72,113745184.98481266,529.3111810493979,665.951365247467,1445.0192143110796,11210.61682922707,2545018854.431938,2371955800.779614,369.63935938445695,1180888044.681126,26494245.46080589,1154393799.2203202,0.3272327616330628,12.747906913188368,1660815787.1616118,63210281.63049518,0.6695918467341481
32339817.617059454,112349600.0,direct_plus_discharge,112349600.0,0.0,80009782.38294055,0.0,566.9508839564279,0.0,0.047910929428979655,10,244,189.311784644432,24.74,113713527.3057539,135.13696082464236,657.2771218718804,1445.019214165248,11210.616829435752,2545018854.479313,2371927154.2133,369.6372998007198,1180885033.5680645,26462587.78136849,1154422445.786696,0.32724381865223945,12.751681351085669,1648846232.593952,62176479.19940898,0.6746973244888843
177464855.31794256,112349600.0,charging,112349600.0,65115255.31794256,0.0,461.40797365082443,0.0,0.0,0.10619404189013643,11,244,760.9837336283263,26.15,114303758.09803297,741.5645160658217,665.9523340022799,1445.0192141986468,11210.616829708228,2545018854.5411696,2372461250.9217997,369.6757001721898,1180941167.7357025,27052818.657501776,1153888349.0782008,0.32703770088667644,12.681653928693127,1640491246.484843,62932041.15676591,0.6773937854728758
204722532.4651743,112349600.0,charging,112349600.0,92372932.46517429,0.0,654.5564074168055,0.0,0.0,0.1888748512480487,12,244,886.9111888419293,27.09,114603502.39504415,855.4649620248343,665.9528499745702,1445.0192143463732,11210.616829524597,2545018854.499482,2372732491.710655,369.69520245828846,1180969671.243438,27352562.954074677,1153617108.2893634,0.32693305085321833,12.646367129600641,1634921255.745437,62935346.66840081,0.6794549708433971
161683399.29527593,112349600.0,charging,112349600.0,49333799.29527593,0.0,349.58026739177006,0.0,0.0,0.23303235870806177,13,244,692.9654543567667,27.74,114130214.2771307,675.6192460725264,665.9520340319466,1445.0192143426889,11210.616829613717,2545018854.519714,2372304210.9983063,369.664409168009,1180924663.837927,26879274.83623343,1154045389.0016937,0.32709829822370745,12.70216873011998,1631069666.404358,62563977.64303929,0.681402021657877
158734884.11515293,112349600.0,charging,112349600.0,46385284.115152925,0.0,328.68703111562553,0.0,0.0,0.2745507205331934,14,244,632.5464049938739,28.27,114097790.3620239,663.2984165271871,665.951977886269,1445.0192143444729,11210.616829499513,2545018854.493788,2372274870.65151,369.6622996463594,1180921580.2702904,26846850.921800125,1154074729.3484902,0.32710962051595194,12.706008513446701,1627929139.710863,62455394.04377979,0.6827291106273234
203454921.93656936,112349600.0,charging,112349600.0,91105321.93656936,0.0,645.5740944008128,0.0,0.0,0.35609692193119086,15,244,726.6225128505704,28.61,114589562.8716876,850.1680541580866,665.952826039155,1445.019214168927,11210.616829432587,2545018854.4785943,2372719877.657287,369.69429549599636,1180968345.690001,27338623.347289313,1153629722.3427117,0.3269379172010723,12.648004040394932,1625914462.2093756,62666145.56625914,0.683194937233341
160075666.8428357,112349600.0,charging,112349600.0,47726066.842835695,0.0,338.1878437664463,0.0,0.0,0.39881538640695247,16,244,545.4091030730305,28.19,114112534.53754377,668.9010858152677,665.9520034214249,1445.01921435131,11210.616829606513,2545018854.518079,2372288212.638789,369.6632589113418,1180922982.4578922,26861595.096681766,1154061387.3612103,0.32710447188512987,12.70426217247591,1628403181.4759188,62477174.96076206,0.6825210210574867
164793944.73041627,112349600.0,charging,112349600.0,52444344.73041627,0.0,371.62165322630347,0.0,0.0,0.4457570689197487,17,244,545.6839920315533,27.32,114164419.98914684,688.6171442545524,665.9520932285067,1445.0192142993014,11210.61682921025,2545018854.4281197,2372335163.6168585,369.6666346229759,1180927916.848906,26913480.465764616,1154014436.3831415,0.32708635398196423,12.698120302925176,1633558385.6709013,62654733.89770507,0.6803475477637144
50462440.16377318,112349600.0,direct_plus_discharge,112349600.0,0.0,61887159.83622682,0.0,438.5336258855103,0.0,0.39036334775526327,18,244,209.80953755849595,26.17,113684431.98260836,210.86515948471,659.1442291268474,1445.0192142091644,11210.616829726066,2545018854.5452194,2371900826.330356,369.6354069248116,1180882266.2110157,26433492.54137176,1154448773.6696439,0.3272539808842333,12.75515214116272,1640372736.0435786,62059882.032272846,0.6781171609449319
0.0,112349600.0,discharging,112349600.0,0.0,112349600.0,0.0,796.1114645617674,0.0,0.28980189960009267,19,244,0.0,24.12,113768079.54028451,1.0,654.1499999999967,1445.0192143513075,11210.616829520486,2545018854.498549,2371976517.8326783,369.6408488614631,1180890222.266678,26517140.0993608,1154373082.1673174,0.32722476538700007,12.745178580716011,1652520056.2731347,62067648.43894605,0.6732656947176485
0.0,112349600.0,discharging,112349600.0,0.0,112349600.0,0.0,796.1114645617674,0.0,0.18924045144492205,20,244,0.0,22.48,113768079.54028903,1.0,654.15,1445.019214157159,11210.616829415781,2545018854.474779,2371976517.811489,369.6408488615325,1180890222.205098,26517140.016587406,1154373082.1885104,0.32722476539300716,12.74517858087842,1662237912.4567792,62352873.00586168,0.6693605763867263
0.0,112349600.0,discharging,112349600.0,0.0,112349600.0,0.0,796.1114645617674,0.0,0.08867900328975144,21,244,0.0,21.09,113768079.54028903,1.0,654.15,1445.0192143463648,11210.616829610573,2545018854.5190005,2371976517.8509164,369.640848861404,1180890222.248472,26517140.09938816,1154373082.1490839,0.3272247653818311,12.745178580575347,1670474388.1246247,62594618.21806227,0.6660860461552937
0.0,112349600.0,discharging,99074254.90361717,0.0,99074254.90361717,0.0,702.0421093771988,0.0,0.0,22,244,0.0,19.71,100325436.38891782,1.0,654.15,1445.0192143513113,11210.616829520466,2545018854.4985447,2359815046.4111376,368.7669460273681,1179609050.5368438,26349842.044367813,1153259208.492476,0.32815948020951835,14.429037113874527,1678651608.571838,55410191.71895149,0.6650623457013372
0.0,112349600.0,shutdown,0.0,0.0,0.0,0.0,0.0,0.0,0.0,23,244,0.0,18.66,0.0,1.0,567.279923475184,1445.0192141534753,11210.616829418928,2545018854.4754934,2259509895.613147,362.89907080586624,1179588764.8631544,25103923.744490623,1154484841.1186638,0.3381619335438383,,1684873406.7381954,0.0,0.6852056875618155
0.0,112349600.0,shutdown,0.0,0.0,0.0,0.0,0.0,0.0,0.0,0,245,0.0,17.67,0.0,1.0,567.279923475184,1445.0192141639882,11210.616829350663,2545018854.459996,2259509895.5993876,362.89907080586624,1179588764.8761253,25103923.743702035,1154484841.1324234,0.3381619335478686,,1690739673.5807617,0.0,0.6828282669249596
0.0,112349600.0,shutdown,0.0,0.0,0.0,0.0,0.0,0.0,0.0,1,245,0.0,16.92,0.0,1.0,567.279923475184,1445.0192143476302,11210.616829609664,2545018854.518794,2259509895.6515894,362.89907080586624,1179588764.907551,25103923.827330533,1154484841.0802205,0.33816193353257773,,1695183815.1281602,0.0,0.6810381451128581
0.0,112349600.0,shutdown,0.0,0.0,0.0,0.0,0.0,0.0,0.0,2,245,0.0,16.92,0.0,1.0,567.279923475184,1445.0192142993099,11210.616829296323,2545018854.44766,2259509895.588435,362.89907080586624,1179588764.8882604,25103923.74488527,1154484841.1433752,0.3381619335510765,,1695183815.1281602,0.0,0.6810381451501135
0.0,112349600.0,shutdown,0.0,0.0,0.0,0.0,0.0,0.0,0.0,3,245,0.0,16.83,0.0,1.0,567.279923475184,1445.0192143024603,11210.61682923428,2545018854.433575,2259509895.5759306,362.89907080586624,1179588764.8999655,25103923.744085725,1154484841.1558797,0.3381619335547392,,1695717112.113848,0.0,0.6808239610890766
0.0,112349600.0,shutdown,0.0,0.0,0.0,0.0,0.0,0.0,0.0,4,245,0.0,16.56,0.0,1.0,567.279923475184,1445.0192141652426,11210.616829435683,2545018854.479297,2259509895.6165233,362.89907080586624,1179588764.8590684,25103923.743781257,1154484841.115287,0.3381619335428492,,1697317003.0709114,0.0,0.6801822164195066
0.0,112349600.0,shutdown,0.0,0.0,0.0,0.0,0.0,0.0,0.0,5,245,0.0,16.06,0.0,1.0,567.279923475184,1445.019214344472,11210.616829499528,2545018854.493791,2259509895.6293917,362.89907080586624,1179588764.9303873,25103923.82796988,1154484841.1024175,0.33816193353907953,,1700279764.1025105,0.0,0.6789969894817928
0.0,112349600.0,shutdown,0.0,0.0,0.0,0.0,0.0,0.0,0.0,6,245,51.095291679195526,15.82,0.0,1.0,567.279923475184,1445.0192143110758,11210.61682931313,2545018854.4514756,2259509895.591823,362.89907080586624,1179588764.8841772,25103923.744188935,1154484841.1399882,0.3381619335500844,,1701701889.3976781,0.0,0.6784295465221709
0.0,112349600.0,shutdown,0.0,0.0,0.0,0.0,0.0,0.0,0.0,7,245,0.0,15.94,0.0,1.0,567.279923475184,1445.019214160309,11210.616829439847,2545018854.4802423,2259509895.6173625,362.89907080586624,1179588764.8582215,25103923.743772134,1154484841.1144495,0.3381619335426038,,1700990826.7500944,0.0,0.6787131493943463
0.0,112349600.0,shutdown,0.0,0.0,0.0,0.0,0.0,0.0,0.0,8,245,0.0,17.23,0.0,1.0,567.279923475184,1445.0192143005593,11210.616829209279,2545018854.427899,2259509895.5708914,362.89907080586624,1179588764.9057515,25103923.744833,1154484841.1609185,0.33816193355621516,,1693346903.2885687,0.0,0.6817769229204295
199725713.653941,112349600.0,charging,112349600.0,87376113.653941,0.0,619.148851520205,0.0,0.0,0.07820827598149957,9,245,731.5306608803058,18.8,114548553.91450514,834.5849769878974,665.9527555893759,1445.019214200554,11210.616829733293,2545018854.5468597,2372682768.2742906,369.69162729342713,1180964446.1989863,27297614.473241962,1153666831.7257442,0.32695223378629384,12.652822008973825,1684043833.649348,64331102.24896947,0.6598509324505893
199540027.57001618,112349600.0,charging,112349600.0,87190427.57001618,0.0,617.833076295174,0.0,0.0,0.15625034877667943,10,245,796.5072389865691,21.03,114546511.98171726,833.8090587886617,665.9527520801993,1445.0192143110712,11210.616829227043,2545018854.431932,2372680920.4062433,369.691494437977,1180964252.0513935,27295572.457637012,1153668679.5937564,0.32695294668110475,12.653061997949106,1670829919.4484167,63946386.38793717,0.6650244620660534
183747159.17261803,112349600.0,charging,112349600.0,71397559.17261803,0.0,505.9245017254035,0.0,0.0,0.22015660162620407,11,245,791.9640943605307,23.01,114372842.66243842,767.8161004114904,665.9524531620671,1445.0192143407874,11210.616829588638,2545018854.514021,2372523765.800821,369.68019497017895,1180947737.4214494,27121903.22226871,1153825834.1991806,0.327013579814464,12.673504688569452,1659097385.7632844,63509359.958719835,0.6698138371190299
173607462.76238927,112349600.0,charging,112349600.0,61257862.76238927,0.0,434.0744145033848,0.0,0.0,0.27498705398452633,12,245,770.7434784833978,24.19,114261339.53780422,725.4458009624233,665.9522607658132,1445.0192142054811,11210.616829729164,2545018854.5459228,2372422866.2663465,369.67294034150433,1180937133.8302124,27010400.096558187,1153926733.7336543,0.32705251189947754,12.686662519164202,1652105269.728711,63244969.8972812,0.6727061955494592
145952360.9846051,112349600.0,charging,112349600.0,33602760.984605104,0.0,238.10982202671826,0.0,0.0,0.3050640841352697,13,245,639.0649439171543,24.84,113957224.88431011,609.8846543351049,665.9517341124807,1445.0192141640061,11210.616829350793,2545018854.4600253,2372147673.6042104,369.6531544480472,1180908211.7556481,26706285.359857842,1154201926.3957903,0.3271587076664852,12.722680161439735,1648253680.3876324,62965371.11500983,0.6744910450723838
126109948.90633254,112349600.0,charging,112349600.0,13760348.906332538,0.0,97.50610167460597,0.0,0.0,0.3173806443467989,14,245,521.1856406331805,25.36,113739023.97794029,526.9700474737028,665.9513545092466,1445.0192143358452,11210.61682959274,2545018854.5149517,2371950225.838999,369.63895856120126,1180887458.6987443,26488084.537743807,1154399374.1610005,0.32723491344302436,12.74864130405004,1645172408.9147692,62755966.70542364,0.675906197613122
123597620.59280336,112349600.0,charging,112349600.0,11248020.592803359,0.0,79.7036940724097,0.0,0.0,0.32744847938752436,15,245,469.43433436892775,23.54,113711396.67572798,516.4718926323799,665.9513063424419,1445.0192143463705,11210.616829524564,2545018854.4994745,2371925226.2538166,369.63716118650166,1180884830.980951,26460457.234766856,1154424373.746184,0.32724456281600417,12.751935454237943,1655956859.0697894,63051485.12001184,0.6715641478112107
0.0,112349600.0,discharging,112349600.0,0.0,112349600.0,0.0,796.1114645617674,0.0,0.22688703123235376,16,245,4.138367276145273,22.36,113768079.54028897,1.0,654.15,1445.0192143513136,11210.61682960653,2545018854.518082,2371976517.8500967,369.6408488614066,1180890222.2493343,26517140.09942887,1154373082.1499054,0.32722476538206396,12.745178580581685,1662948975.1043632,62373743.09612357,0.6690766138835277
0.0,112349600.0,discharging,112349600.0,0.0,112349600.0,0.0,796.1114645617674,0.0,0.12632558307718314,17,245,0.0,21.87,113768079.54028903,1.0,654.15,1445.01921415348,11210.616829418925,2545018854.475493,2371976517.8121266,369.6408488615305,1180890222.204465,26517140.01658988,1154373082.187875,0.327224765392827,12.745178580873523,1665852480.9153302,62458962.63135977,0.6679195966086826
0.0,112349600.0,discharging,112349600.0,0.0,112349600.0,0.0,796.1114645617674,0.0,0.025764134922012523,18,245,22.15208737249252,20.56,113768079.54028903,1.0,654.15,1445.0192143024565,11210.616829234275,2545018854.4335737,2371976517.7747517,369.64084886165233,1180890222.2414293,26517140.016182557,1154373082.2252467,0.3272247654034206,12.745178581160797,1673614914.8181198,62686794.4500524,0.6648459055608482
0.0,112349600.0,discharging,28784293.642705515,0.0,28784293.642705515,0.0,203.96606813259913,0.0,0.0,19,245,0.0,17.67,29149669.620218545,1.0,654.15,1445.0192143476193,11210.61682960959,2545018854.518777,2295512800.914701,364.16398017378674,1172735529.2645946,25464036.53663241,1147271492.7279623,0.3332040726694599,49.21970735166373,1690739673.5807617,16190398.934669424,0.6721256548238537
0.0,112349600.0,shutdown,0.0,0.0,0.0,0.0,0.0,0.0,0.0,20,245,0.0,16.03,0.0,1.0,567.279923475184,1445.019214162088,11210.616829325625,2545018854.454312,2259509895.5943413,362.89907080586624,1179588764.88191,25103923.744441364,1154484841.1374688,0.3381619335493465,,1700457529.7644067,0.0,0.6789260072243141
0.0,112349600.0,shutdown,0.0,0.0,0.0,0.0,0.0,0.0,0.0,21,245,0.0,14.98,0.0,1.0,567.279923475184,1445.0192143073832,11210.616829316163,2545018854.4521637,2259509895.592434,362.89907080586624,1179588764.8835373,25103923.74416116,1154484841.1393762,0.33816193354990515,,1706679327.9307642,0.0,0.6764509432121104
0.0,112349600.0,shutdown,0.0,0.0,0.0,0.0,0.0,0.0,0.0,22,245,0.0,14.42,0.0,1.0,567.279923475184,1445.0192142042297,11210.61682973014,2545018854.546144,2259509895.6758714,362.89907080586624,1179588764.8828611,25103923.826921593,1154484841.0559394,0.3381619335254656,,1709997620.2861552,0.0,0.6751382735039977
0.0,112349600.0,shutdown,0.0,0.0,0.0,0.0,0.0,0.0,0.0,23,245,0.0,14.12,0.0,1.0,567.279923475184,1445.0192142993058,11210.616829210236,2545018854.4281163,2259509895.5710845,362.89907080586624,1179588764.9055314,25103923.74480418,1154484841.1607273,0.33816193355615914,,1711775276.9051147,0.0,0.6744371511475694
0.0,112349600.0,shutdown,0.0,0.0,0.0,0.0,0.0,0.0,0.0,0,246,0.0,13.96,0.0,1.0,567.279923475184,1445.0192143513204,11210.616829606575,2545018854.5180926,2259509895.650967,362.89907080586624,1179588764.9081888,25103923.827343512,1154484841.0808454,0.3381619335327608,,1712723360.4352264,0.0,0.6740638142446279
0.0,112349600.0,shutdown,0.0,0.0,0.0,0.0,0.0,0.0,0.0,1,246,0.0,13.74,0.0,1.0,567.279923475184,1445.0192141689283,11210.616829346593,2545018854.4590716,2259509895.598567,362.89907080586624,1179588764.8769794,25103923.743736997,1154484841.1332424,0.3381619335481085,,1714026975.2891297,0.0,0.6735511504645362
0.0,112349600.0,shutdown,0.0,0.0,0.0,0.0,0.0,0.0,0.0,2,246,0.0,13.68,0.0,1.0,567.279923475184,1445.0192141584014,11210.616829414741,2545018854.4745426,2259509895.612303,362.89907080586624,1179588764.8640013,25103923.74449093,1154484841.1195104,0.33816193354408625,,1714382506.6129217,0.0,0.6734114683661862
0.0,112349600.0,shutdown,0.0,0.0,0.0,0.0,0.0,0.0,0.0,3,246,0.0,13.57,0.0,1.0,567.279923475184,1445.0192143024508,11210.616829320286,2545018854.4530997,2259509895.593265,362.89907080586624,1179588764.8826869,25103923.744141873,1154484841.138545,0.3381619335496617,,1715034314.0398734,0.0,0.6731555349578294
0.0,112349600.0,shutdown,0.0,0.0,0.0,0.0,0.0,0.0,0.0,4,246,0.0,13.46,0.0,1.0,567.279923475184,1445.0192143024658,11210.616829234345,2545018854.4335895,2259509895.5759435,362.89907080586624,1179588764.8999689,25103923.744101185,1154484841.1558676,0.33816193355473567,,1715686121.4668255,0.0,0.672899796012129
0.0,112349600.0,shutdown,0.0,0.0,0.0,0.0,0.0,0.0,0.0,5,246,0.0,13.09,0.0,1.0,567.279923475184,1445.0192143444676,11210.61682958552,2545018854.513313,2259509895.6467233,362.89907080586624,1179588764.9131105,25103923.828024477,1154484841.085086,0.338161933534003,,1717878564.6302087,0.0,0.6720410073535092
0.0,112349600.0,shutdown,0.0,0.0,0.0,0.0,0.0,0.0,0.0,6,246,0.0,12.77,0.0,1.0,567.279923475184,1445.0192142054775,11210.616829643057,2545018854.526375,2259509895.65832,362.89907080586624,1179588764.9003491,25103923.82685938,1154484841.0734897,0.33816193353060625,,1719774731.690432,0.0,0.6713000370337472
23119002.27526456,112349600.0,charging_only,0.0,23119002.27526456,0.0,163.8217026190365,0.0,0.0,0.020693267699246714,7,246,132.2236013593005,13.15,0.0,96.60634892168326,619.3213104244816,1445.019214302453,11210.616829320292,2545018854.453101,2259509895.5932665,362.89907080586624,1179588764.8826876,25355524.671641726,1154233240.2110457,0.33808823673434263,,1717523033.3064167,0.0,0.6720336308905404
0.0,112349600.0,shutdown,0.0,0.0,0.0,0.0,0.0,0.0,0.020693267699246714,8,246,8.503475011097073,14.47,0.0,1.0,567.279923475184,1445.0192143358504,11210.616829592786,2545018854.514962,2259509895.6481876,362.89907080586624,1179588764.9116268,25103923.82800568,1154484841.083621,0.3381619335335738,,1709701344.182995,0.0,0.6752552690044868
0.0,112349600.0,shutdown,0.0,0.0,0.0,0.0,0.0,0.0,0.020693267699246714,9,246,0.0,15.75,0.0,1.0,567.279923475184,1445.0192142054782,11210.616829643108,2545018854.5263863,2259509895.65833,362.89907080586624,1179588764.9003515,25103923.826871533,1154484841.07348,0.33816193353060336,,1702116675.942102,0.0,0.6782642208910185
0.0,112349600.0,shutdown,0.0,0.0,0.0,0.0,0.0,0.0,0.020693267699246714,10,246,0.0,15.87,0.0,1.0,567.279923475184,1445.0192143427091,11210.61682961389,2545018854.519753,2259509895.652441,362.89907080586624,1179588764.9067094,25103923.827340167,1154484841.0793693,0.33816193353232843,,1701405613.2945182,0.0,0.678547685547999
0.0,112349600.0,shutdown,0.0,0.0,0.0,0.0,0.0,0.0,0.020693267699246714,11,246,0.0,15.98,0.0,1.0,567.279923475184,1445.0192141986463,11210.616829622155,2545018854.5216293,2259509895.654107,362.89907080586624,1179588764.9052856,25103923.827580754,1154484841.077705,0.33816193353184093,,1700753805.8675663,0.0,0.678807736366519
0.0,112349600.0,shutdown,0.0,0.0,0.0,0.0,0.0,0.0,0.020693267699246714,12,246,3.453364712291276,16.25,0.0,1.0,567.279923475184,1445.0192143426948,11210.616829613775,2545018854.519727,2259509895.652418,362.89907080586624,1179588764.9067006,25103923.82730837,1154484841.0793922,0.33816193353233515,,1699153914.910503,0.0,0.6794468888006538
0.0,112349600.0,shutdown,0.0,0.0,0.0,0.0,0.0,0.0,0.020693267699246714,13,246,18.977357622194443,17.5,0.0,1.0,567.279923475184,1445.0192143476313,11210.616829609626,2545018854.5187855,2259509895.651582,362.89907080586624,1179588764.9075518,25103923.827322144,1154484841.0802295,0.3381619335325804,,1691747012.3315053,0.0,0.6824216816491727
0.0,112349600.0,shutdown,0.0,0.0,0.0,0.0,0.0,0.0,0.020693267699246714,14,246,22.20493702648952,18.15,0.0,1.0,567.279923475184,1445.019214158395,11210.61682932866,2545018854.455001,2259509895.5949526,362.89907080586624,1179588764.8812704,25103923.744412925,1154484841.1368575,0.3381619335491674,,1687895422.9904265,0.0,0.6839788919454909
0.0,112349600.0,shutdown,0.0,0.0,0.0,0.0,0.0,0.0,0.020693267699246714,15,246,0.0,18.51,0.0,1.0,567.279923475184,1445.0192141602922,11210.616829439714,2545018854.4802117,2259509895.617336,362.89907080586624,1179588764.85821,25103923.74373416,1154484841.114476,0.3381619335426116,,1685762235.0476756,0.0,0.6848444087263739
0.0,112349600.0,shutdown,0.0,0.0,0.0,0.0,0.0,0.0,0.020693267699246714,16,246,0.0,19.53,0.0,1.0,567.279923475184,1445.0192143061383,11210.616829231176,2545018854.4328704,2259509895.575305,362.89907080586624,1179588764.9005964,25103923.74409231,1154484841.1565042,0.33816193355492213,,1679718202.5432136,0.0,0.687308644633684
0.0,112349600.0,shutdown,0.0,0.0,0.0,0.0,0.0,0.0,0.020693267699246714,17,246,0.0,19.92,0.0,1.0,567.279923475184,1445.0192142993076,11210.616829296301,2545018854.4476547,2259509895.588431,362.89907080586624,1179588764.888259,25103923.74487931,1154484841.1433797,0.3381619335510778,,1677407248.9385662,0.0,0.6882555454997094
38309965.35875819,112349600.0,direct_plus_discharge,61428967.63402275,0.0,23119002.27526456,0.0,163.8217026190365,0.0,0.0,18,246,175.60922881613288,19.69,62141599.96866404,160.08415227267588,661.2450982343385,1445.0192143476208,11210.61682960956,2545018854.51877,2325299447.488238,366.29220824767043,1175940813.0395927,25811292.893753927,1150129520.1458387,0.3308638290673218,23.185780862164222,1678770119.0131018,34621477.42497366,0.6712589944626859
0.0,112349600.0,shutdown,0.0,0.0,0.0,0.0,0.0,0.0,0.0,19,246,0.0,16.74,0.0,1.0,567.279923475184,1445.0192141689445,11210.616829346678,2545018854.459091,2259509895.598582,362.89907080586624,1179588764.8769853,25103923.74376062,1154484841.1332247,0.3381619335481033,,1696250409.0995357,0.0,0.6806099116852031
0.0,112349600.0,shutdown,0.0,0.0,0.0,0.0,0.0,0.0,0.0,20,246,0.0,16.15,0.0,1.0,567.279923475184,1445.0192143358597,11210.61682959283,2545018854.514972,2259509895.648196,362.89907080586624,1179588764.9116328,25103923.828019142,1154484841.0836136,0.33816193353357166,,1699746467.1168227,0.0,0.6792100253880196
0.0,112349600.0,shutdown,0.0,0.0,0.0,0.0,0.0,0.0,0.0,21,246,0.0,15.96,0.0,1.0,567.279923475184,1445.0192143513043,11210.616829520452,2545018854.4985414,2259509895.633609,362.89907080586624,1179588764.925454,25103923.82725271,1154484841.0982013,0.3381619335378445,,1700872316.3088305,0.0,0.6787604395864477
0.0,112349600.0,shutdown,0.0,0.0,0.0,0.0,0.0,0.0,0.0,22,246,0.0,16.1,0.0,1.0,567.279923475184,1445.0192142005494,11210.61682973331,2545018854.5468636,2259509895.6765103,362.89907080586624,1179588764.8822296,25103923.82693003,1154484841.0552995,0.3381619335252781,,1700042743.2199826,0.0,0.6790916555831039
0.0,112349600.0,shutdown,0.0,0.0,0.0,0.0,0.0,0.0,0.0,23,246,0.0,15.99,0.0,1.0,567.279923475184,1445.0192143444644,11210.616829585544,2545018854.5133185,2259509895.646728,362.89907080586624,1179588764.9131098,25103923.828029558,1154484841.0850801,0.3381619335340012,,1700694550.646934,0.0,0.6788313872387731
0.0,112349600.0,shutdown,0.0,0.0,0.0,0.0,0.0,0.0,0.0,0,247,0.0,16.22,0.0,1.0,567.279923475184,1445.0192142005565,11210.616829647279,2545018854.5273333,2259509895.6591706,362.89907080586624,1179588764.8995056,25103923.826865714,1154484841.07264,0.33816193353035734,,1699331680.5723984,0.0,0.679375812427487
0.0,112349600.0,shutdown,0.0,0.0,0.0,0.0,0.0,0.0,0.0,1,247,0.0,16.37,0.0,1.0,567.279923475184,1445.0192143513095,11210.616829606526,2545018854.5180817,2259509895.650957,362.89907080586624,1179588764.9081833,25103923.82732917,1154484841.0808542,0.33816193353276336,,1698442852.2629192,0.0,0.6797313430608967
0.0,112349600.0,shutdown,0.0,0.0,0.0,0.0,0.0,0.0,0.0,2,247,0.0,16.58,0.0,1.0,567.279923475184,1445.0192142993062,11210.616829210232,2545018854.4281154,2259509895.5710835,362.89907080586624,1179588764.9055316,25103923.7448044,1154484841.1607273,0.33816193355615914,,1697198492.6296475,0.0,0.6802297115948783
0.0,112349600.0,shutdown,0.0,0.0,0.0,0.0,0.0,0.0,0.0,3,247,0.0,16.69,0.0,1.0,567.279923475184,1445.0192141639964,11210.616829436776,2545018854.479545,2259509895.616744,362.89907080586624,1179588764.8588562,25103923.743789528,1154484841.1150668,0.3381619335427846,,1696546685.2026958,0.0,0.6804910534938413
0.0,112349600.0,shutdown,0.0,0.0,0.0,0.0,0.0,0.0,0.0,4,247,0.0,16.45,0.0,1.0,567.279923475184,1445.0192142005435,11210.616829733259,2545018854.546852,2259509895.6765003,362.89907080586624,1179588764.882226,25103923.826915238,1154484841.0553107,0.3381619335252814,,1697968810.4978633,0.0,0.6799211115761326
0.0,112349600.0,shutdown,0.0,0.0,0.0,0.0,0.0,0.0,0.0,5,247,0.0,16.25,0.0,1.0,567.279923475184,1445.0192142956123,11210.616829213302,2545018854.4288125,2259509895.5717025,362.89907080586624,1179588764.904893,25103923.74478458,1154484841.1601083,0.33816193355597784,,1699153914.910503,0.0,0.6794468888481576
0.0,112349600.0,shutdown,0.0,0.0,0.0,0.0,0.0,0.0,0.0,6,247,0.0,16.05,0.0,1.0,567.279923475184,1445.019214351311,11210.616829606515,2545018854.5180793,2259509895.6509547,362.89907080586624,1179588764.9081829,25103923.827327393,1154484841.0808554,0.33816193353276375,,1700339019.3231425,0.0,0.6789733270606373
4177517.7178240307,112349600.0,charging_only,0.0,4177517.7178240307,0.0,29.601972312937665,0.0,0.0,0.0037391965026868632,7,247,75.72625445472606,16.48,0.0,17.456407913693322,583.8231531377685,1445.01921434639,11210.616829524688,2545018854.499503,2259509895.6344624,362.89907080586624,1179588764.924614,25147231.07140828,1154441533.8532057,0.33814924834598875,,1697791044.8359673,0.0,0.6799667941261538
27479933.325170096,112349600.0,direct_plus_discharge,31657451.042994127,0.0,4177517.717824031,0.0,29.60197231293767,0.0,0.0,8,247,149.59508427693285,17.12,32012285.179596283,114.82917798733573,664.3664049880291,1445.0192141973912,11210.616829709192,2545018854.5413885,2298095950.6364822,364.34824176651273,1173014995.1025841,25453494.69606697,1147561500.4065173,0.33301143624527435,44.83615192078128,1693998710.7155206,18025717.000778086,0.6702950506011592
210067935.02315915,112349600.0,charging,112349600.0,97718335.02315915,0.0,692.4340345655407,0.0,0.0,0.08746535173459462,9,247,770.6988346067691,18.97,114662284.14386208,877.8015584962161,665.9529508442322,1445.019214306146,11210.616829317258,2545018854.452412,2372785684.0095487,369.69902705432116,1180975260.610308,27411344.619843528,1153563915.9904644,0.32691253033027123,12.639468797876551,1683036494.8986044,64365718.295414366,0.6601593538570053
228933538.1076306,112349600.0,charging,112349600.0,116583938.10763061,0.0,826.1160672689912,0.0,0.0,0.19181685496857245,10,247,912.9172483284459,20.68,114869743.38198209,956.6344169602859,665.9533060214204,1445.0192143073912,11210.616829230177,2545018854.4326434,2372973417.2482014,369.71252544862955,1180994986.6096997,27618803.85790159,1153376182.7517982,0.32684011216759473,12.615178834793586,1672903852.1705356,64187245.98652333,0.6639698884966111
205523720.23751172,112349600.0,charging,112349600.0,93174120.23751172,0.0,660.2336396528308,0.0,0.0,0.27521478839840374,11,247,889.3319263601412,22.4,114612312.81068954,858.8128498170782,665.9528650998492,1445.0192141986404,11210.616829708199,2545018854.541163,2372740464.396976,369.6957757005199,1180970508.9731746,27361373.370145336,1153609135.6030293,0.32692997511084765,12.645332732308649,1662711954.2218354,63747347.99651991,0.6681936458743849
196262306.11762834,112349600.0,charging,112349600.0,83912706.11762834,0.0,594.6070779303734,0.0,0.0,0.3503230508738193,12,247,875.8045464567972,23.67,114510467.88642913,820.1125896016567,665.9526901158283,1445.019214347624,11210.61682952359,2545018854.4992533,2372648303.820991,369.6891492789851,1180960824.6245017,27259528.445490103,1153701296.1790116,0.3269655302652613,12.657299665684391,1655186541.2015736,63472312.19981687,0.6712799889842747
11349271.940952934,112349600.0,direct_plus_discharge,112349600.0,0.0,101000328.05904707,0.0,715.6903014546286,0.0,0.25992006542691887,13,247,125.05659338851481,24.28,113747226.99287078,47.42469904541855,655.2073663462572,1445.019214204233,11210.616829730168,2545018854.5461507,2371957648.6680946,369.63949223322044,1180888238.8835156,26496287.551610157,1154391951.3319054,0.3272320484015898,12.747663522790187,1651571972.7430232,62111913.56049637,0.6736317943806849
0.0,112349600.0,discharging,112349600.0,0.0,112349600.0,0.0,796.1114645617674,0.0,0.1593586172717483,14,247,68.27270196124226,24.85,113768079.54028764,1.0,654.15,1445.01921434447,11210.61682958557,2545018854.5133243,2371976517.8458533,369.6408488614203,1180890222.254282,26517140.100137647,1154373082.1541443,0.32722476538326567,12.74517858061442,1648194425.167,61940688.72318802,0.6750186419646076
15204004.977171876,112349600.0,direct_plus_discharge,112349600.0,0.0,97145595.02282813,0.0,688.3755877132455,0.0,0.07240591145533833,15,247,117.73562138631532,24.76,113741038.33540396,63.532300933383034,655.5802817255792,1445.0192143476281,11210.61682952357,2545018854.499249,2371952048.5906296,369.6390896113602,1180887650.303833,26490098.894462712,1154397551.4093702,0.32723420989939866,12.748401184189024,1648727722.152688,62054626.045346685,0.6747775674826759
0.0,112349600.0,discharging,80893576.40405469,0.0,80893576.40405469,0.0,573.2134656880951,0.0,8.16949626855683e-18,16,247,48.498458814897184,24.33,81915642.02613157,1.0,654.1499999999995,1445.0192142054818,11210.616829729175,2545018854.545925,2343168404.71213,367.57233056620373,1177845897.8727584,26120726.180834018,1151725171.6919243,0.3294487881362085,17.631580733308923,1651275696.6398633,44663841.68991873,0.6791074479141997
121352152.41391939,112349600.0,charging,112349600.0,9002552.41391939,0.0,63.79226260742753,0.0,0.0,0.008057970013569801,17,247,418.49830211900684,23.63,113686703.95238754,507.08885439400854,665.9512632721542,1445.0192141583996,11210.616829328686,2545018854.4550066,2371902882.1220036,369.6355547340571,1180882482.3066144,26435764.4286178,1154446717.8779967,0.3272531873605911,12.754881053839725,1655423562.084102,63022425.85911049,0.6717969176673049
38164075.424466066,112349600.0,direct_plus_discharge,47166627.83838546,0.0,9002552.413919399,0.0,63.792262607427595,0.0,0.0,18,247,174.18807922837436,22.51,47699758.07242149,159.47452847799053,663.5970841444796,1445.019214306155,11210.616829317338,2545018854.4524302,2312256507.837432,365.35938505102024,1174541910.7109702,25631790.71004073,1148910120.0009294,0.3318919029074541,30.150744468287694,1662060146.7948835,26447539.20549587,0.6804293101693771
0.0,112349600.0,shutdown,0.0,0.0,0.0,0.0,0.0,0.0,0.0,19,247,0.0,21.1,0.0,1.0,567.279923475184,1445.0192143476324,11210.616829609658,2545018854.5187926,2259509895.6515565,362.89907080586624,1179588764.9075491,25103923.827329654,1154484841.0802195,0.33816193353257745,,1670415132.9039924,0.0,0.6911364835836732
0.0,112349600.0,shutdown,0.0,0.0,0.0,0.0,0.0,0.0,0.0,20,247,0.0,19.27,0.0,1.0,567.279923475184,1445.0192143395416,11210.616829503666,2545018854.4947305,2259509895.6302257,362.89907080586624,1179588764.9295387,25103923.82795369,1154484841.1015851,0.3381619335388357,,1681258838.279645,0.0,0.6866788235194745
0.0,112349600.0,shutdown,0.0,0.0,0.0,0.0,0.0,0.0,0.0,21,247,0.0,17.98,0.0,1.0,567.279923475184,1445.0192142054866,11210.616829729162,2545018854.5459223,2259509895.6756744,362.89907080586624,1179588764.8830812,25103923.82694467,1154484841.0561366,0.3381619335255233,,1688902761.7411702,0.0,0.6835709356445858
0.0,112349600.0,shutdown,0.0,0.0,0.0,0.0,0.0,0.0,0.0,22,247,0.0,17.91,0.0,1.0,567.279923475184,1445.019214346378,11210.616829524615,2545018854.4994864,2259509895.634448,362.89907080586624,1179588764.9246056,25103923.827244908,1154484841.0973606,0.3381619335375983,,1689317548.285594,0.0,0.6834030950954076
0.0,112349600.0,shutdown,0.0,0.0,0.0,0.0,0.0,0.0,0.0,23,247,0.0,17.27,0.0,1.0,567.279923475184,1445.0192142956216,11210.616829299415,2545018854.448362,2259509895.5890584,362.89907080586624,1179588764.8876255,25103923.74487229,1154484841.1427531,0.3381619335508943,,1693109882.406041,0.0,0.6818723658396821
0.0,112349600.0,shutdown,0.0,0.0,0.0,0.0,0.0,0.0,0.0,0,248,0.0,16.77,0.0,1.0,567.279923475184,1445.019214200543,11210.616829733262,2545018854.546853,2259509895.676501,362.89907080586624,1179588764.8822272,25103923.82691766,1154484841.0553095,0.33816193352528107,,1696072643.43764,0.0,0.6806812464797336
0.0,112349600.0,shutdown,0.0,0.0,0.0,0.0,0.0,0.0,0.0,1,248,0.0,16.18,0.0,1.0,567.279923475184,1445.0192143426987,11210.616829527773,2545018854.500203,2259509895.635084,362.89907080586624,1179588764.9239762,25103923.82725091,1154484841.0967252,0.3381619335374122,,1699568701.4549267,0.0,0.6792810670780305
0.0,112349600.0,shutdown,0.0,0.0,0.0,0.0,0.0,0.0,0.0,2,248,0.0,15.58,0.0,1.0,567.279923475184,1445.0192141973894,11210.616829709172,2545018854.541384,2259509895.671645,362.89907080586624,1179588764.887791,25103923.827626396,1154484841.0601645,0.3381619335267031,,1703124014.6928456,0.0,0.6778630511345195
0.0,112349600.0,shutdown,0.0,0.0,0.0,0.0,0.0,0.0,0.0,3,248,0.0,15.44,0.0,1.0,567.279923475184,1445.0192143476315,11210.616829523626,2545018854.499262,2259509895.6342483,362.89907080586624,1179588764.9248266,25103923.82726423,1154484841.0975623,0.3381619335376574,,1703953587.7816935,0.0,0.6775330322233355
0.0,112349600.0,shutdown,0.0,0.0,0.0,0.0,0.0,0.0,0.0,4,248,0.0,15.67,0.0,1.0,567.279923475184,1445.019214351341,11210.616829606724,2545018854.5181265,2259509895.650997,362.89907080586624,1179588764.9081998,25103923.827385902,1154484841.080814,0.3381619335327516,,1702590717.7071574,0.0,0.6780753759984866
0.0,112349600.0,shutdown,0.0,0.0,0.0,0.0,0.0,0.0,0.0,5,248,0.0,15.71,0.0,1.0,567.279923475184,1445.0192141973878,11210.6168297092,2545018854.5413904,2259509895.6716514,362.89907080586624,1179588764.8877923,25103923.827632803,1154484841.0601594,0.33816193352670165,,1702353696.82463,0.0,0.6781697852882156
0.0,112349600.0,shutdown,0.0,0.0,0.0,0.0,0.0,0.0,0.0,6,248,0.0,15.54,0.0,1.0,567.279923475184,1445.019214204231,11210.616829644145,2545018854.526622,2259509895.6585393,362.89907080586624,1179588764.9001365,25103923.826864786,1154484841.0732718,0.3381619335305424,,1703361035.5753732,0.0,0.6777687272171878
176186996.12270635,112349600.0,charging,112349600.0,63837396.12270635,0.0,452.35303838249047,0.0,0.0,0.05713933116410406,7,248,585.8840690171922,15.89,114289705.8732574,736.2247825505978,665.952309746851,1445.019214302456,11210.61682932032,2545018854.453108,2372448534.9447603,369.6747859070772,1180939831.4044945,27038766.349219494,1153901065.055275,0.3270426073954385,12.683312740316524,1701287102.8532543,64685107.913136706,0.653408393416626
209600096.2508242,112349600.0,charging,112349600.0,97250496.25082421,0.0,689.1189198680044,0.0,0.0,0.14418593156848356,8,248,713.2728089619122,19.29,114657139.46468818,875.8466213782058,665.9529420200678,1445.0192143444642,11210.616829499468,2545018854.4937773,2372781028.557819,369.6986923180518,1180974771.4666314,27406200.024451703,1153568571.4421797,0.3269143262859425,12.640072269042697,1681140327.8383806,64307735.25101476,0.6609011152130158
210138682.42556697,112349600.0,charging,112349600.0,97789082.42556696,0.0,692.9353520437056,0.0,1.4901161193847656e-08,0.2317146076161095,9,248,772.2616443259543,21.38,114663062.13129835,878.0971875273027,665.9529521785681,1445.0192143476359,11210.616829609675,2545018854.5187964,2372786388.079959,369.699077673532,1180975334.6104836,27412122.69044313,1153563211.9200406,0.32691225872477975,12.63937754412379,1668755986.7262974,63951203.91511046,0.6657577334188925
200672643.2819959,112349600.0,charging,112349600.0,88323043.28199589,0.0,625.8588133983754,0.0,0.0,0.3107704577295885,10,248,811.6308244538216,23.08,114558967.0085575,838.5418698054576,665.9527734829231,1445.0192142005667,11210.616829733392,2545018854.5468826,2372692191.1898704,369.6923048087279,1180965436.3774517,27308027.567319494,1153657408.8101323,0.32694859844957624,12.651598291909876,1658682599.2188609,63600694.66822135,0.6698418389731936
183656346.00356305,112349600.0,charging,112349600.0,71306746.00356305,0.0,505.28099783203976,0.0,0.0,0.3745954258767935,11,248,807.4376375937842,24.51,114371844.01793283,767.4366234517171,665.9524514405889,1445.0192143407846,11210.616829502598,2545018854.4944882,2372522862.104957,369.6801299959267,1180947642.472739,27120904.577696018,1153826737.895043,0.32701392849261685,12.673622419061248,1650209102.6684875,63251192.66101682,0.6733898305318816
176553150.74143732,112349600.0,charging,112349600.0,64203550.741437316,0.0,454.9476171773768,0.0,0.0,0.4320624933097253,12,248,801.3224736777348,25.57,114293732.36304913,737.7548166080904,665.9523166975501,1445.019214311072,11210.616829313092,2545018854.451467,2372452178.5248647,369.67504787827903,1180940214.3141737,27042792.839039177,1153897421.4751346,0.32704120149949084,12.682837387029116,1643928049.281498,63026062.177893914,0.6759979156607724
131958154.79190783,112349600.0,charging,112349600.0,19608554.791907832,0.0,138.94660304376168,0.0,0.0,0.44961364316788466,13,248,599.2950070898524,26.38,113803334.90041444,551.4076858986189,665.9514665416884,1445.0192142042254,11210.61682964411,2545018854.5266137,2372008420.016635,369.64314251681196,1180893575.442445,26552395.459080055,1154341179.983365,0.32721245216917705,12.740979364227156,1639128376.4103074,62617153.00079508,0.6783277288131502
206850474.17963523,112349600.0,charging,112349600.0,94500874.17963523,0.0,669.6350440546003,0.0,0.0,0.5341991224168868,14,248,828.7357766802942,26.51,114626902.7159539,864.3568976414168,665.9528901419626,1445.019214295616,11210.616829299377,2545018854.448353,2372753666.8967023,369.69672498202937,1180971896.2959242,27375963.1926357,1153595933.1032884,0.3269248818046973,12.643620137888988,1638358058.5420916,63048032.53409995,0.6780250400852882
26922229.100907728,112349600.0,direct_plus_discharge,112349600.0,0.0,85427370.89909227,0.0,605.3400222175927,0.0,0.45773511961045404,15,248,156.43752851485604,26.08,113722225.08043385,112.49872409305881,656.7336374757565,1445.0192141652544,11210.616829435758,2545018854.479314,2371935024.7099085,369.63786565937386,1180885860.8461385,26471285.556108855,1154414575.2900295,0.3272407807742596,12.750644135451765,1640906033.0292668,61906542.93932469,0.6779457654835425
57683297.09897459,112349600.0,direct_plus_discharge,112349600.0,0.0,54666302.90102541,0.0,387.3664923125007,0.0,0.40880461531834866,16,248,238.48782075489933,25.73,113672839.11488941,241.03863394048173,659.9099682165274,1445.0192143061358,11210.616829231161,2545018854.4328666,2371890336.0168066,369.6346527211373,1180881163.57398,26421899.590784755,1154459263.9831953,0.3272580300481761,12.756535553764811,1642979965.751386,62189243.18364788,0.6770350167794871
112982810.34647861,112349600.0,charging,112349600.0,633210.3464786112,0.0,4.486940908652557,0.0,0.0,0.4093713868015469,17,248,393.5685512267453,24.62,113594668.87028,472.1162560791943,665.9511025753118,1445.019214339542,11210.616829589704,2545018854.5142627,2371819601.099842,369.6295671782955,1180873728.3302693,26343729.43011173,1154529998.9001577,0.3272853338532509,12.765871213493817,1649557295.2415357,62802524.49406729,0.6742332923219508
0.0,112349600.0,discharging,112349600.0,0.0,112349600.0,0.0,796.1114645617674,0.0,0.30880993864637624,18,248,0.0,23.37,113768079.54028903,1.0,654.15,1445.0192142091587,11210.61682963998,2545018854.5256763,2371976517.856867,369.6408488613846,1180890222.2421064,26517140.09897361,1154373082.143133,0.3272247653801442,12.745178580529629,1656964197.820533,62198086.50308579,0.6714741782491497
0.0,112349600.0,discharging,112349600.0,0.0,112349600.0,0.0,796.1114645617674,0.0,0.20824849049120567,19,248,0.0,22.6,113768079.54028903,1.0,654.15,1445.0192142091805,11210.61682972618,2545018854.545245,2371976517.8743157,369.64084886132764,1180890222.2247686,26517140.099084295,1154373082.1256843,0.3272247653751981,12.74517858039548,1661526849.8091955,62332002.91559976,0.6696447799662015
0.0,112349600.0,discharging,112349600.0,0.0,112349600.0,0.0,796.1114645617674,0.0,0.10768704233603504,20,248,0.0,21.32,113768079.54028903,1.0,654.15,1445.0192143395384,11210.616829589706,2545018854.514263,2371976517.8466916,369.6408488614178,1180890222.2534287,26517140.10012123,1154373082.1533074,0.3272247653830283,12.745178580607826,1669111518.0500891,62554617.21172691,0.6666256610595287
0.0,112349600.0,discharging,112349600.0,0.0,112349600.0,0.0,796.1114645617674,0.0,0.007125594180864429,21,248,0.0,20.15,113768079.54028903,1.0,654.15,1445.0192143426887,11210.61682952768,2545018854.500182,2371976517.8341413,369.6408488614586,1180890222.2651825,26517140.099324115,1154373082.1658583,0.32722476538658607,12.745178580704268,1676044378.864031,62758100.59178063,0.6638897147921823
0.0,112349600.0,shutdown,0.0,0.0,0.0,0.0,0.0,0.0,0.007125594180864429,22,248,0.0,19.3,0.0,1.0,567.279923475184,1445.0192143513134,11210.616829606524,2545018854.518081,2259509895.650915,362.89907080586624,1179588764.9081788,25103923.827329606,1154484841.0808492,0.3381619335327619,,1681081072.617749,0.0,0.6867514362547109
0.0,112349600.0,shutdown,0.0,0.0,0.0,0.0,0.0,0.0,0.007125594180864429,23,248,0.0,18.83,0.0,1.0,567.279923475184,1445.0192142023377,11210.616829619117,2545018854.52094,2259509895.653495,362.89907080586624,1179588764.9059248,25103923.827607863,1154484841.078317,0.3381619335320202,,1683866067.9874523,0.0,0.6856155979543854
0.0,112349600.0,shutdown,0.0,0.0,0.0,0.0,0.0,0.0,0.007125594180864429,0,249,0.0,18.44,0.0,1.0,567.279923475184,1445.0192143024622,11210.61682932036,2545018854.4531164,2259509895.59328,362.89907080586624,1179588764.882693,25103923.7441624,1154484841.1385307,0.3381619335496575,,1686177021.5920994,0.0,0.6846759422972438
0.0,112349600.0,shutdown,0.0,0.0,0.0,0.0,0.0,0.0,0.007125594180864429,1,249,0.0,17.78,0.0,1.0,567.279923475184,1445.0192143110808,11210.61682931316,2545018854.451482,2259509895.591829,362.89907080586624,1179588764.8841808,25103923.744197547,1154484841.1399832,0.33816193355008295,,1690087866.1538103,0.0,0.683091609767771
0.0,112349600.0,shutdown,0.0,0.0,0.0,0.0,0.0,0.0,0.007125594180864429,2,249,0.0,17.3,0.0,1.0,567.279923475184,1445.0192141936986,11210.616829626231,2545018854.522555,2259509895.6549287,362.89907080586624,1179588764.9044287,25103923.82754602,1154484841.0768826,0.33816193353160007,,1692932116.744145,0.0,0.681943965536665
0.0,112349600.0,shutdown,0.0,0.0,0.0,0.0,0.0,0.0,0.007125594180864429,3,249,0.0,16.96,0.0,1.0,567.279923475184,1445.0192143073805,11210.616829316146,2545018854.45216,2259509895.5924306,362.89907080586624,1179588764.8835368,25103923.744156744,1154484841.13938,0.33816193354990626,,1694946794.2456324,0.0,0.681133381330241
0.0,112349600.0,shutdown,0.0,0.0,0.0,0.0,0.0,0.0,0.007125594180864429,4,249,0.0,16.54,0.0,1.0,567.279923475184,1445.0192141603218,11210.61682935386,2545018854.4607215,2259509895.600032,362.89907080586624,1179588764.8754992,25103923.74371996,1154484841.1317792,0.3381619335476799,,1697435513.5121753,0.0,0.6801347279125949
0.0,112349600.0,shutdown,0.0,0.0,0.0,0.0,0.0,0.0,0.007125594180864429,5,249,0.0,16.4,0.0,1.0,567.279923475184,1445.0192143395536,11210.616829589817,2545018854.5142884,2259509895.647589,362.89907080586624,1179588764.912274,25103923.828053094,1154484841.084221,0.3381619335337495,,1698265086.6010232,0.0,0.6798024938467373
0.0,112349600.0,shutdown,0.0,0.0,0.0,0.0,0.0,0.0,0.007125594180864429,6,249,0.0,16.34,0.0,1.0,567.279923475184,1445.0192143024635,11210.616829320345,2545018854.453113,2259509895.593277,362.89907080586624,1179588764.8826923,25103923.744159527,1154484841.1385329,0.3381619335496581,,1698620617.9248152,0.0,0.6796602072032738
176946402.035929,112349600.0,charging,112349600.0,64596802.035928994,0.0,457.7342035470531,0.0,0.0,0.06494465147101851,7,249,587.629847332103,17.41,114298056.82665528,739.3980783421929,665.9523241620801,1445.0192141652467,11210.61682934971,2545018854.4597797,2372456091.751735,369.6753292363363,1180940625.550495,27047117.30219733,1153893508.2482977,0.32703969156339,12.682326893219786,1692280309.317193,64428956.31208126,0.6568494461916321
207104754.76383978,112349600.0,charging,112349600.0,94755154.76383978,0.0,671.4368812511786,0.0,0.0,0.14975773120800948,8,249,706.5199267041967,19.26,114629698.96138549,865.4194486351895,665.9528949407113,1445.0192141571567,11210.61682941581,2545018854.474786,2372756197.2774177,369.6969069177344,1180972162.1602736,27378759.437692072,1153593402.7225814,0.32692390563456664,12.643291958064234,1681318093.500277,64297505.00601143,0.6608519101855549
179256262.95090938,112349600.0,charging,112349600.0,66906662.950909376,0.0,474.1019232003408,0.0,0.0,0.20964428992805254,9,249,670.1345363535861,20.91,114323457.6571211,749.0501916495176,665.9523679955068,1445.019214342699,11210.616829527762,2545018854.5002007,2372479077.082417,369.67698186670816,1180943041.1337626,27072518.21617982,1153870522.9175828,0.3270308226456585,12.6793291582601,1671540982.096,63842435.92903281,0.6649081182478709
145523107.69748932,112349600.0,charging,112349600.0,33173507.69748932,0.0,235.06812483265887,0.0,0.0,0.2393371056963884,10,249,611.2714248110058,22.64,113952504.51785782,608.0909526719819,665.9517259158323,1445.0192143061452,11210.616829317247,2545018854.4524097,2372143402.1706266,369.65284734317413,1180907762.82321,26701564.993836533,1154206197.8293734,0.32716035614178746,12.72324073012544,1661289828.9266677,63339209.28991338,0.6692489644166751
113156129.16169456,112349600.0,charging,112349600.0,806529.1616945565,0.0,5.715081425554056,0.0,0.0,0.24005901071856367,11,249,531.4030375555697,24.23,113596574.8040154,472.84049572146284,665.9511059057816,1445.0192143395348,11210.61682958965,2545018854.5142503,2371821325.7463403,369.62969117262276,1180873909.6174908,26345635.363832306,1154528274.2536585,0.32728466812217644,12.765643440218724,1651868248.8461826,62870103.87298361,0.6732970499101812
49170230.5715466,112349600.0,direct_plus_discharge,112349600.0,0.0,63179369.4284534,0.0,447.6902483477911,0.0,0.18350866355884268,12,249,285.1990143480154,25.25,113686506.58607998,205.4654606023689,659.0085319622827,1445.01921420055,11210.616829647231,2545018854.5273223,2371902703.5925975,369.63554189366016,1180882463.5521452,26435567.144744094,1154446896.407401,0.32725325627775737,12.754904602358597,1645824216.341721,62209094.80770282,0.6758924951121206
85966681.88887283,112349600.0,direct_plus_discharge,112349600.0,0.0,26382918.111127168,0.0,186.949874114929,0.0,0.15989394261800954,13,249,421.6530248249281,26.01,113627430.99484411,359.225158911005,663.0366036391688,1445.0192143110805,11210.616829313143,2545018854.451478,2371849246.9389033,369.63169858754065,1180876844.5319462,26376491.470842443,1154500353.0611038,0.32727389035398147,12.76195695902617,1641320819.5736904,62359096.68291709,0.6776509730758683
172314615.60490224,112349600.0,charging,112349600.0,59965015.60490224,0.0,424.91327424118964,0.0,0.0,0.2135671983116335,14,249,707.1041144961747,26.42,114247122.49501379,720.0434379144251,665.952236207669,1445.0192142956075,11210.616829213275,2545018854.4288063,2372410001.136434,369.67201535736604,1180935781.8351667,26996182.971602347,1153939598.8635643,0.32705747607824914,12.68834203563011,1638891355.527779,62854532.118369065,0.6780916041816862
210508439.05748016,112349600.0,charging,112349600.0,98158839.05748016,0.0,695.5554547745016,0.0,0.0,0.3014268347042021,15,249,771.6709619714442,26.48,114667128.2313222,879.6422731574434,665.9529591520967,1445.019214209165,11210.616829726066,2545018854.5452194,2372790067.572122,369.69934223250834,1180975721.2179642,27416188.790085897,1153559532.4278784,0.32691083927944153,12.638900634725575,1638535824.2039876,63075328.60076582,0.6779219391730447
221105441.3856211,112349600.0,charging,112349600.0,108755841.3856211,0.0,770.646020681463,0.0,0.0,0.39877159521133426,16,249,746.2420653095854,25.94,114783660.20856366,923.9234965531277,665.9531587996684,1445.019214347623,11210.616829609617,2545018854.518783,2372895519.104024,369.70692438534627,1180986801.6636684,27532720.76769545,1153454080.895973,0.3268701603622251,12.625247060764185,1641735606.1181142,63232519.59432321,0.6765253047847982
84595988.2910146,112349600.0,direct_plus_discharge,112349600.0,0.0,27753611.708985403,0.0,196.66263577724342,0.0,0.37392999911315616,17,249,309.50669028099657,24.64,113629631.60200979,353.4975023969916,662.8802101946503,1445.0192142023113,11210.61682961892,2545018854.5208955,2371851238.2942777,369.631841752749,1180877053.8670967,26378692.161375068,1154498361.7057216,0.32727312169147044,12.761694121881987,1649438784.8002717,62583051.12734717,0.674347918629311
27580968.218341168,112349600.0,direct_plus_discharge,112349600.0,0.0,84768631.78165883,0.0,600.6721839382926,0.0,0.2980556179841086,18,249,142.6438189631656,23.12,113721167.49473335,115.25136801209267,656.7993698371374,1445.0192143476258,11210.616829609624,2545018854.518785,2371934067.7502365,369.6377968549625,1180885760.3036275,26470228.053867754,1154415532.2497597,0.32724115014724536,12.750770244535369,1658445578.3363326,62423660.461468235,0.6708328013674266
0.0,112349600.0,discharging,112349600.0,0.0,112349600.0,0.0,796.1114645617674,0.0,0.19749416982893803,19,249,0.0,21.73,113768079.54028815,1.0,654.1499999999995,1445.0192143513107,11210.61682952046,2545018854.4985433,2371976517.8326764,369.6408488614634,1180890222.266679,26517140.099355504,1154373082.1673236,0.3272247653870015,12.745178580715658,1666682054.0041778,62483311.06999816,0.6675897548513554
0.0,112349600.0,discharging,112349600.0,0.0,112349600.0,0.0,796.1114645617674,0.0,0.0969327216737674,20,249,0.0,20.61,113768079.54028903,1.0,654.15,1445.0192141986208,11210.616829708051,2545018854.5411296,2371976517.870649,369.6408488613395,1180890222.229057,26517140.099707015,1154373082.12935,0.3272247653762372,12.745178580423634,1673318638.7149594,62678098.57910994,0.6649627025962577
0.0,112349600.0,discharging,108295501.97163846,0.0,108295501.97163846,0.0,767.384046583992,0.0,0.0,21,249,0.0,20.0,109662891.1101373,1.0,654.15,1445.0192141652458,11210.616829435732,2545018854.479308,2368262025.9691615,369.373832662197,1180499525.6165793,26466049.61410406,1154033476.0024753,0.3275096147574136,13.215629946503187,1676933207.1735103,60518694.0162953,0.6642103158148978
0.0,112349600.0,shutdown,0.0,0.0,0.0,0.0,0.0,0.0,0.0,22,249,0.0,19.19,0.0,1.0,567.279923475184,1445.0192143073903,11210.616829230159,2545018854.432639,2259509895.575057,362.89907080586624,1179588764.9008098,25103923.744103473,1154484841.1567063,0.33816193355498136,,1681732880.0447009,0.0,0.6864852646075517
0.0,112349600.0,shutdown,0.0,0.0,0.0,0.0,0.0,0.0,0.0,23,249,0.0,18.42,0.0,1.0,567.279923475184,1445.0192143407785,11210.616829588591,2545018854.51401,2259509895.647342,362.89907080586624,1179588764.9124742,25103923.8280062,1154484841.084468,0.3381619335338219,,1686295532.0333633,0.0,0.6846278242179594
0.0,112349600.0,shutdown,0.0,0.0,0.0,0.0,0.0,0.0,0.0,0,250,0.0,17.93,0.0,1.0,567.279923475184,1445.0192143426991,11210.616829527731,2545018854.5001936,2259509895.635076,362.89907080586624,1179588764.9239755,25103923.827241186,1154484841.0967343,0.33816193353741486,,1689199037.84433,0.0,0.6834510411336897
0.0,112349600.0,shutdown,0.0,0.0,0.0,0.0,0.0,0.0,0.0,1,250,0.0,17.63,0.0,1.0,567.279923475184,1445.0192141603104,11210.616829439818,2545018854.4802356,2259509895.617357,362.89907080586624,1179588764.8582182,25103923.743765503,1154484841.1144526,0.33816193354260476,,1690976694.4632895,0.0,0.6827325562170934
0.0,112349600.0,shutdown,0.0,0.0,0.0,0.0,0.0,0.0,0.0,2,250,0.0,17.35,0.0,1.0,567.279923475184,1445.0192143395402,11210.616829589708,2545018854.5142636,2259509895.6475673,362.89907080586624,1179588764.912265,25103923.82802263,1154484841.0842423,0.3381619335337558,,1692635840.640985,0.0,0.6820633318546829
0.0,112349600.0,shutdown,0.0,0.0,0.0,0.0,0.0,0.0,0.0,3,250,0.0,16.95,0.0,1.0,567.279923475184,1445.0192143024522,11210.616829234266,2545018854.433572,2259509895.5759277,362.89907080586624,1179588764.899962,25103923.744078886,1154484841.155883,0.3381619335547402,,1695006049.4662642,0.0,0.6811095697973559
0.0,112349600.0,shutdown,0.0,0.0,0.0,0.0,0.0,0.0,0.0,4,250,0.0,16.5,0.0,1.0,567.279923475184,1445.0192142042242,11210.61682973015,2545018854.5461464,2259509895.6758738,362.89907080586624,1179588764.8828595,25103923.8269227,1154484841.0559368,0.3381619335254648,,1697672534.3947034,0.0,0.6800397707250194
0.0,112349600.0,shutdown,0.0,0.0,0.0,0.0,0.0,0.0,0.0,5,250,0.0,16.49,0.0,1.0,567.279923475184,1445.0192143358443,11210.616829506707,2545018854.495421,2259509895.6308384,362.89907080586624,1179588764.928898,25103923.827927236,1154484841.1009707,0.33816193353865576,,1697731789.6153352,0.0,0.6800160356086334
0.0,112349600.0,shutdown,0.0,0.0,0.0,0.0,0.0,0.0,0.0,6,250,0.0,16.41,0.0,1.0,567.279923475184,1445.0192142054807,11210.616829729115,2545018854.545912,2259509895.675665,362.89907080586624,1179588764.8830774,25103923.826931864,1154484841.0561454,0.3381619335255259,,1698205831.3803911,0.0,0.6798262140683614
0.0,112349600.0,shutdown,0.0,0.0,0.0,0.0,0.0,0.0,0.0,7,250,3.709306551524163,17.31,0.0,1.0,567.279923475184,1445.0192143110694,11210.61682931307,2545018854.451462,2259509895.5918107,362.89907080586624,1179588764.8841743,25103923.74417304,1154484841.1400013,0.3381619335500883,,1692872861.5235128,0.0,0.6819678354941637
44521262.671603106,112349600.0,direct_partial,44521262.671603106,0.0,0.0,0.0,0.0,0.0,0.0,8,250,202.0181259795036,18.77,45013480.946139514,186.03902473285186,665.6468970463878,1445.0192143444774,11210.61682949954,2545018854.493794,2309831147.9882054,365.1860786892396,1174280993.5177565,25590878.834319886,1148690114.6834366,0.3320860473689848,31.93937158532606,1684221599.311244,25272781.461016975,0.6719472889782288
168091225.48881412,112349600.0,charging,112349600.0,55741625.488814116,0.0,394.9862492163154,0.0,0.0,0.04989299990100826,9,250,634.460469700664,20.69,114200679.1721378,702.3953450456293,665.9521559402082,1445.0192142042256,11210.61682973015,2545018854.5461464,2372367974.641999,369.66899368706305,1180931365.0889046,26949739.730846856,1153981625.3580577,0.327073692879859,12.693831482403084,1672844596.949904,63811582.49511792,0.664484794985057
185343516.3057671,112349600.0,charging,112349600.0,72993916.30576709,0.0,517.2363196155867,0.0,0.0,0.11522811395771394,10,250,762.9193484088886,22.67,114390397.31113563,774.4867271267971,665.9524834181309,1445.0192141640011,11210.616829350764,2545018854.4600186,2372539651.0474997,369.68133712083954,1180949406.7391765,27139457.786675394,1153809948.952501,0.32700745071514187,12.671435504206217,1661112063.2647717,63577511.744743496,0.6689957228657426
184272827.8101555,112349600.0,charging,112349600.0,71923227.81015551,0.0,509.64939997963984,0.0,0.0,0.1796048802709316,11,250,821.7368120358894,24.29,114378623.27886432,770.0126886210697,665.9524631261894,1445.019214340781,11210.61682958863,2545018854.5140185,2372528996.710344,369.6805710716802,1180948287.1283479,27127683.838690516,1153820603.2896574,0.32701156153628175,12.672823251166514,1651512717.522391,63292728.12598626,0.6728580237587194
128815663.75312987,112349600.0,charging,112349600.0,16466063.75312987,0.0,116.67885003659696,0.0,0.0,0.19434326132818597,12,250,617.096968637187,25.36,113768777.89241536,538.2762980402312,665.9514063575809,1445.019214302452,11210.616829320275,2545018854.4530973,2371977149.722401,369.64089429514445,1180890288.6459646,26517838.36836507,1154372450.2775996,0.3272245214912449,12.74509537602915,1645172408.9147692,62772387.518506356,0.6758839352936298
180882411.741987,112349600.0,charging,112349600.0,68532811.74198699,0.0,485.62484536170274,0.0,0.0,0.2556853470580852,13,250,807.2570808360089,25.95,114341339.91552319,755.8453074438311,665.952398842708,1445.019214307391,11210.61682923014,2545018854.4326353,2372495258.7474833,369.6781453263095,1180944741.6439502,27090400.391432516,1153854341.2525177,0.32702457899953175,12.677219543486657,1641676350.8974826,62987076.715683594,0.6768810326787618
194714637.29918444,112349600.0,charging,112349600.0,82365037.29918444,0.0,583.6402663911427,0.0,0.0,0.3294083280759138,14,250,796.2631425911969,26.4,114493448.64816064,813.6454145865061,665.9526608440659,1445.019214197387,11210.616829709155,2545018854.5413804,2372632903.0006375,369.68804194905056,1180959206.2069545,27242509.207592294,1153716696.9993622,0.32697147204322435,12.659301527330275,1639009865.9690435,62993522.964123,0.6778580492266375
205122218.39443982,112349600.0,charging,112349600.0,92772618.39443982,0.0,657.3885897344312,0.0,0.0,0.41244688677921043,15,250,757.9933990448541,26.54,114607897.61833309,857.1351118817347,665.9528575203589,1445.0192143463744,11210.616829524593,2545018854.499481,2372736468.9998374,369.6954884297613,1180970089.1775448,27356958.17738166,1153613131.000163,0.3269315164710721,12.645851083467248,1638180292.8801954,63032413.7843468,0.6781122234044312
138741846.26218867,112349600.0,charging,112349600.0,26392246.262188673,0.0,187.015973575926,0.0,0.0,0.43606995712564317,16,250,490.9257685093313,26.23,113877933.07026379,579.7543964250442,665.9515963367627,1445.019214342688,11210.616829613733,2545018854.5197177,2372075923.13098,369.6479957794524,1180900670.4983897,26626993.629415665,1154273676.868974,0.327186398953556,12.732102650528438,1640017204.7197871,62683858.62084192,0.677907415294812
155093085.48895675,112349600.0,charging,112349600.0,42743485.48895675,0.0,302.88117477132107,0.0,0.0,0.4743286318335995,17,250,519.3029172133828,25.45,114057742.62196495,648.0805942096024,665.9519084951006,1445.0192141986345,11210.616829708151,2545018854.5411525,2372238631.630676,369.6596941235938,1180917771.5507355,26806803.181411162,1154110968.3693242,0.3271236052705922,12.710754155985544,1644639111.9290814,62916449.2155368,0.6758848699457217
10558392.33856216,112349600.0,direct_plus_discharge,112349600.0,0.0,101791207.66143784,0.0,721.2944897966551,0.0,0.38321774891191684,18,250,92.47750579476514,23.59,113748496.72618556,44.11988554551457,655.1312445876508,1445.0192143513173,11210.616829520563,2545018854.498566,2371958797.5909657,369.6395748397679,1180888359.6943145,26497557.28527815,1154390802.4090364,0.3272316049401855,12.747512186344165,1655660582.9666295,62226409.8201132,0.6719829693432818
0.0,112349600.0,discharging,112349600.0,0.0,112349600.0,0.0,796.1114645617674,0.0,0.2826563007567462,19,250,0.0,22.85,113768079.54028903,1.0,654.15,1445.0192142091514,11210.616829725926,2545018854.5451875,2371976517.8742647,369.64084886132787,1180890222.2247522,26517140.099014305,1154373082.125738,0.32722476537521333,12.7451785803959,1660045469.293396,62288523.56088743,0.6702376466556813
0.0,112349600.0,discharging,112349600.0,0.0,112349600.0,0.0,796.1114645617674,0.0,0.18209485260157562,20,250,0.0,21.81,113768079.54028903,1.0,654.15,1445.0192143358545,11210.61682950677,2545018854.4954348,2371976517.8299046,369.6408488614725,1180890222.2701402,26517140.100044377,1154373082.1700957,0.3272247653877872,12.745178580736878,1666208012.2391222,62469397.67649073,0.6677781959483392
0.0,112349600.0,discharging,112349600.0,0.0,112349600.0,0.0,796.1114645617674,0.0,0.081533404446405,21,250,0.0,20.82,113768079.54028903,1.0,654.15,1445.019214302465,11210.616829320355,2545018854.4531155,2371976517.792176,369.6408488615956,1180890222.2240865,26517140.01626122,1154373082.2078252,0.3272247653984822,12.745178581026877,1672074279.081688,62641575.92115158,0.6654536988744681
0.0,112349600.0,discharging,91091024.88318557,0.0,91091024.88318557,0.0,645.4727852007062,0.0,0.0,22,250,0.0,19.87,92241600.40719135,1.0,654.15,1445.0192141603231,11210.616829439952,2545018854.480266,2352504188.264966,368.2420625395411,1178836072.6178293,26249235.99961818,1152586836.618211,0.3287243059589383,15.677894670184436,1677703525.041726,50922891.01131088,0.6667645628428531
0.0,112349600.0,shutdown,0.0,0.0,0.0,0.0,0.0,0.0,0.0,23,250,0.0,19.03,0.0,1.0,567.279923475184,1445.0192142023132,11210.616829618966,2545018854.5209055,2259509895.653462,362.89907080586624,1179588764.9059129,25103923.827564154,1154484841.0783486,0.3381619335320295,,1682680963.5748127,0.0,0.686098473845972
0.0,112349600.0,shutdown,0.0,0.0,0.0,0.0,0.0,0.0,0.0,0,251,0.0,18.55,0.0,1.0,567.279923475184,1445.0192143476306,11210.616829609662,2545018854.5187936,2259509895.651589,362.89907080586624,1179588764.9075522,25103923.82733053,1154484841.0802217,0.3381619335325781,,1685525214.1651475,0.0,0.6849407124722522
0.0,112349600.0,shutdown,0.0,0.0,0.0,0.0,0.0,0.0,0.0,1,251,0.0,18.24,0.0,1.0,567.279923475184,1445.019214351311,11210.616829520482,2545018854.498548,2259509895.633615,362.89907080586624,1179588764.9254572,25103923.827261318,1154484841.098196,0.338161933537843,,1687362126.004739,0.0,0.6841950659588015
0.0,112349600.0,shutdown,0.0,0.0,0.0,0.0,0.0,0.0,0.0,2,251,0.0,17.95,0.0,1.0,567.279923475184,1445.0192143395443,11210.616829589719,2545018854.514266,2259509895.6475697,362.89907080586624,1179588764.9122665,25103923.8280255,1154484841.084241,0.3381619335337554,,1689080527.4030662,0.0,0.6834989938929925
0.0,112349600.0,shutdown,0.0,0.0,0.0,0.0,0.0,0.0,0.0,3,251,0.0,17.27,0.0,1.0,567.279923475184,1445.019214165251,11210.616829435743,2545018854.4793105,2259509895.6165357,362.89907080586624,1179588764.8590722,25103923.743798476,1154484841.1152737,0.33816193354284524,,1693109882.406041,0.0,0.681872365823452
0.0,112349600.0,shutdown,0.0,0.0,0.0,0.0,0.0,0.0,0.0,4,251,0.0,16.6,0.0,1.0,567.279923475184,1445.0192143110773,11210.616829227076,2545018854.431939,2259509895.5744786,362.89907080586624,1179588764.9014492,25103923.744118,1154484841.1573312,0.3381619335551644,,1697079982.1883836,0.0,0.6802772133748368
0.0,112349600.0,shutdown,0.0,0.0,0.0,0.0,0.0,0.0,0.0,5,251,0.0,16.0,0.0,1.0,567.279923475184,1445.0192142956241,11210.61682929943,2545018854.4483647,2259509895.5890617,362.89907080586624,1179588764.887627,25103923.74487737,1154484841.1427495,0.33816193355089325,,1700635295.4263024,0.0,0.678855039788735
0.0,112349600.0,shutdown,0.0,0.0,0.0,0.0,0.0,0.0,0.0,6,251,0.0,15.65,0.0,1.0,567.279923475184,1445.0192142005494,11210.616829647264,2545018854.52733,2259509895.659168,362.89907080586624,1179588764.899503,25103923.82686152,1154484841.0726414,0.33816193353035773,,1702709228.1484218,0.0,0.678028181199243
173182192.9314859,112349600.0,charging,112349600.0,60832592.93148589,0.0,431.0609441580126,0.0,0.0,0.05444980347259107,7,251,576.6274471299868,17.09,114256662.97619429,723.668744791018,665.9522526883173,1445.019214306153,11210.61682931734,2545018854.4524307,2372418634.354055,369.6726360767356,1180936689.098177,27005723.452198934,1153930965.645978,0.3270541448287385,12.68721493445863,1694176476.3774166,64460519.5915255,0.6561507396301565
195030921.46361834,112349600.0,charging,112349600.0,82681321.46361834,0.0,585.8814621707909,0.0,0.0,0.12845588290469095,8,251,670.7175598500062,19.13,114496926.72789566,814.9670571895866,665.9526668267976,1445.0192141584012,11210.616829414701,2545018854.4745336,2372636050.285207,369.68826824483483,1180959536.9189825,27245987.204189286,1153713549.7147932,0.3269702577818805,12.658892375592133,1682088411.3684926,64245364.70099108,0.6606489352290286
223568542.92871165,112349600.0,charging,112349600.0,111218942.92871165,0.0,788.0996064248405,0.0,0.0,0.2280053068741445,9,251,825.5429890788832,21.71,114810746.17911711,934.2159496732124,665.9532051465783,1445.0192143427014,11210.616829527782,2545018854.500205,2372920029.6492944,369.7086867477363,1180989377.0888867,27559806.73818138,1153429570.3507054,0.32686070557895514,12.622077477594878,1666800564.445442,63976699.046746455,0.6664228810259681
197979071.82056493,112349600.0,charging,112349600.0,85629471.82056493,0.0,606.7721133027669,0.0,0.0,0.30465020539659926,10,251,814.0770392914216,23.83,114529346.63115457,827.2863622645073,665.9527225756393,1445.0192143427018,11210.61682961379,2545018854.51973,2372665387.39058,369.6903775969779,1180962619.799698,27278407.190278158,1153684212.60942,0.32695893934137016,12.655079777850505,1654238457.6714623,63455262.52654746,0.6716472203650062
173230988.41138166,112349600.0,charging,112349600.0,60881388.41138166,0.0,431.40670988360324,0.0,0.0,0.3591436845397913,11,251,782.4674664324386,25.57,114257199.56508769,723.8726442976007,665.9522536151632,1445.0192142023236,11210.616829619055,2545018854.520926,2372419119.9753118,369.67267098791024,1180936740.1491764,27006260.124487754,1153930480.0246887,0.327053957451551,12.687151547612087,1643928049.281498,63005911.700528,0.6760252630750955
161854306.69222564,112349600.0,charging,112349600.0,49504706.692225635,0.0,350.7913205516395,0.0,0.0,0.40345416713578786,12,251,760.3295418261852,26.8,114132093.69324078,676.3334092282904,665.9520372853921,1445.0192141689292,11210.61682943263,2545018854.4786043,2372305911.6417522,369.66453144443335,1180924842.527103,26881154.16885482,1154043688.3582482,0.3270976419565397,12.701946228527694,1636639657.1437643,62726107.095715426,0.679102587943873
184935488.54124424,112349600.0,charging,112349600.0,72585888.54124424,0.0,514.3450268900572,0.0,0.0,0.4684240652692687,13,251,830.3994623993301,27.83,114385910.3552307,772.7817196130688,665.9524756855839,1445.019214302466,11210.6168293204,2545018854.4531255,2372535590.7702894,369.6810451877841,1180948980.060926,27134970.831214048,1153814009.229712,0.327009017308299,12.671964326014516,1630536369.4186702,62688720.90747834,0.6814297849835574
195109106.70268795,112349600.0,charging,112349600.0,82759506.70268795,0.0,586.4354843051183,0.0,0.0,0.5425001264446521,14,251,803.4015155192554,28.23,114497786.50693491,815.2937663786836,665.9526683056694,1445.0192143407842,11210.616829502596,2545018854.494488,2372636828.324474,369.6883241849114,1180959618.742222,27246847.06669946,1153712771.6755226,0.32696995760840475,12.658791237132137,1628166160.593391,62681276.806246504,0.6823281309458783
212096025.67405203,112349600.0,charging,112349600.0,99746425.67405203,0.0,706.805124612558,0.0,0.0,0.6317807737641331,15,251,785.9376193245259,27.59,114684586.43334502,886.2762509043132,665.9529890880239,1445.0192143061436,11210.616829317223,2545018854.4524045,2372805865.6566124,369.7004781445339,1180977381.2527056,27433646.90931751,1153543734.343388,0.32690474483845683,12.636853362742267,1631958494.7138379,62893779.74112466,0.6806160936441198
216002823.11980885,112349600.0,charging,112349600.0,103653223.11980885,0.0,734.4887677789568,0.0,0.0,0.7245583023256855,16,251,735.3830427705267,26.69,114727548.28396538,902.6014120300999,665.953062716845,1445.0192142042306,11210.616829644116,2545018854.526615,2372844742.529841,369.70327345113634,1180981466.312792,27476608.842633404,1153504857.4701586,0.3268897475610189,12.631818003436745,1637291464.5707157,63072394.18477837,0.6783870708204862
146862756.94955164,112349600.0,charging,112349600.0,34513156.94955164,0.0,244.56090565304817,0.0,0.0,0.7554502061976495,17,251,495.1872828916612,25.83,113967236.22889508,613.6888855557842,665.95175149437,1445.0192142992978,11210.616829296234,2545018854.4476395,2372156732.7914133,369.6538057821328,1180909163.9141514,26716296.70556635,1154192867.208585,0.3271552114645831,12.721491414727293,1642387413.545066,62801481.035287626,0.676870973577758
41789045.12110693,112349600.0,direct_plus_discharge,112349600.0,0.0,70560554.87889308,0.0,499.99347291780776,0.0,0.6922931359343475,18,251,183.85719588221832,24.44,113698356.85638547,174.6220284944119,658.2410542028821,1445.0192143426905,11210.616829613748,2545018854.519721,2371913426.723669,369.6363128448337,1180883590.6918268,26447417.415500633,1154436173.2763262,0.32724911727006933,12.753490817048304,1650623889.2129114,62295464.55598662,0.6739582752312572
0.0,112349600.0,discharging,112349600.0,0.0,112349600.0,0.0,796.1114645617674,0.0,0.591731687779177,19,251,0.0,22.77,113768079.5402844,1.0,654.1499999999966,1445.0192142005485,11210.616829647264,2545018854.52733,2371976517.858339,369.64084886137937,1180890222.2406175,26517140.0989599,1154373082.1416576,0.32722476537972645,12.74517858051878,1660519511.0584524,62302436.95439258,0.6700478151402393
0.0,112349600.0,discharging,112349600.0,0.0,112349600.0,0.0,796.1114645617674,0.0,0.4911702396240063,20,251,0.0,21.19,113768079.54028903,1.0,654.15,1445.0192143005565,11210.616829295299,2545018854.4474273,2371976517.7871046,369.6408488616121,1180890222.22989,26517140.016995244,1154373082.212895,0.3272247653999193,12.74517858106584,1669881835.918305,62577226.47617733,0.6663205539860794
0.0,112349600.0,discharging,112349600.0,0.0,112349600.0,0.0,796.1114645617674,0.0,0.3906087914688357,21,251,0.0,19.96,113768079.54028903,1.0,654.15,1445.019214165245,11210.616829349654,2545018854.459767,2371976517.7981052,369.64084886157616,1180890222.217711,26517140.015815765,1154373082.2018952,0.3272247653968013,12.745178580981298,1677170228.0560384,62791144.90136201,0.663447534033365
0.0,112349600.0,discharging,112349600.0,0.0,112349600.0,0.0,796.1114645617674,0.0,0.2900473433136651,22,251,0.0,18.87,113768079.54028903,1.0,654.15,1445.019214351319,11210.616829606599,2545018854.5180984,2371976517.8501115,369.64084886140654,1180890222.2493372,26517140.099448293,1154373082.149889,0.3272247653820593,12.745178580581545,1683629047.1049242,62980714.88790777,0.6609221517420023
0.0,112349600.0,discharging,112349600.0,0.0,112349600.0,0.0,796.1114645617674,0.0,0.1894858951584945,23,251,0.0,18.07,113768079.54028903,1.0,654.15,1445.0192142992998,11210.616829296228,2545018854.4476385,2371976517.7872944,369.6408488616115,1180890222.2296643,26517140.01695914,1154373082.2127051,0.3272247653998655,12.745178581064362,1688369464.7554827,63119848.82298723,0.6590808595081885
0.0,112349600.0,discharging,112349600.0,0.0,112349600.0,0.0,796.1114645617674,0.0,0.0889244470033239,0,252,0.0,17.48,113768079.54028903,1.0,654.15,1445.0192141603136,11210.616829353841,2545018854.460717,2371976517.7989545,369.64084886157343,1180890222.2168584,26517140.015812814,1154373082.2010455,0.3272247653965604,12.74517858097475,1691865522.7727692,63222460.10010834,0.6577294662524378
0.0,112349600.0,discharging,99348470.35643992,0.0,99348470.35643992,0.0,703.9852054429808,0.0,0.0,1,252,0.0,17.19,100603107.54941308,1.0,654.15,1445.0192142091648,11210.61682972606,2545018854.5452175,2360066200.6503696,368.78498395835993,1179635567.457802,26353297.751734912,1153282269.706067,0.3281401155165435,14.389704836821297,1693583924.1710968,55951106.86777035,0.6591935852929178
0.0,112349600.0,shutdown,0.0,0.0,0.0,0.0,0.0,0.0,0.0,2,252,0.0,16.76,0.0,1.0,567.279923475184,1445.0192143358477,11210.616829506713,2545018854.4954224,2259509895.63077,362.89907080586624,1179588764.9288924,25103923.827930544,1154484841.100962,0.33816193353865315,,1696131898.658272,0.0,0.6806574665650821
0.0,112349600.0,shutdown,0.0,0.0,0.0,0.0,0.0,0.0,0.0,3,252,0.0,16.15,0.0,1.0,567.279923475184,1445.0192143463842,11210.616829610704,2545018854.51903,2259509895.651799,362.89907080586624,1179588764.907338,25103923.82732489,1154484841.080013,0.338161933532517,,1699746467.1168227,0.0,0.6792100253859013
0.0,112349600.0,shutdown,0.0,0.0,0.0,0.0,0.0,0.0,0.0,4,252,0.0,15.73,0.0,1.0,567.279923475184,1445.0192143110712,11210.61682931305,2545018854.451457,2259509895.591807,362.89907080586624,1179588764.884173,25103923.744167525,1154484841.1400054,0.33816193355008944,,1702235186.3833659,0.0,0.6782169998452846
0.0,112349600.0,shutdown,0.0,0.0,0.0,0.0,0.0,0.0,0.0,5,252,0.0,15.51,0.0,1.0,567.279923475184,1445.0192141534824,11210.6168293329,2545018854.455963,2259509895.595807,362.89907080586624,1179588764.88043,25103923.74442697,1154484841.136003,0.3381619335489171,,1703538801.2372692,0.0,0.6776980015351034
0.0,112349600.0,shutdown,0.0,0.0,0.0,0.0,0.0,0.0,0.0,6,252,0.0,15.44,0.0,1.0,567.279923475184,1445.0192143073862,11210.616829316159,2545018854.4521627,2259509895.5924335,362.89907080586624,1179588764.8835382,25103923.74416093,1154484841.1393774,0.3381619335499055,,1703953587.7816935,0.0,0.6775330322478755
141055228.36875188,112349600.0,charging,112349600.0,28705628.368751884,0.0,203.40864446168817,0.0,0.0,0.025693723510950086,7,252,480.3726998820647,17.49,113903372.6222374,589.421223579313,665.9516405608276,1445.0192143476258,11210.616829523591,2545018854.4992537,2372098943.139586,369.64965085362394,1180903090.0417511,26652433.181301553,1154250656.8604496,0.32717751450276045,12.729078161746084,1691806267.5521374,64192741.69557134,0.6573185125855763
185542729.28212276,112349600.0,charging,112349600.0,73193129.28212276,0.0,518.6479466651375,0.0,0.0,0.09120714835286219,8,252,641.647214966732,20.0,114392587.99500126,775.319169551189,665.9524871932019,1445.0192141974037,11210.616829709323,2545018854.541418,2372541633.4821625,369.6814796522697,1180949615.072316,27141648.55447873,1153807966.5178373,0.32700668583296316,12.671177330021942,1676933207.1735103,64037363.237043574,0.6627383518871014
202663624.8367113,112349600.0,charging,112349600.0,90314024.83671129,0.0,639.9669476635614,0.0,0.0,0.1720450785840489,9,252,756.4459456521347,22.28,114580861.22071284,846.8614960800421,665.9528110946909,1445.019214342699,11210.616829613817,2545018854.519737,2372712003.4729075,369.6937293316007,1180967518.3069355,27329921.779843543,1153637596.527092,0.32694095499004405,12.649026072124398,1663423016.869419,63750497.16715227,0.6679338162330486
188044503.74682844,112349600.0,charging,112349600.0,75694903.74682844,0.0,536.3755694880053,0.0,0.0,0.23979778209832323,10,252,780.9675511042619,24.07,114420099.23978257,785.7732234927512,665.9525345893649,1445.0192141652365,11210.616829349592,2545018854.459753,2372566528.5003805,369.6832696095199,1180952231.2149103,27169159.71529267,1153783071.4996176,0.3269970805767166,12.667935952525653,1652816332.3762946,63353483.933606245,0.6723012259826803
174292149.7967758,112349600.0,charging,112349600.0,61942549.79677579,0.0,438.9261202300799,0.0,0.0,0.295241081495807,11,252,792.7732266987082,25.74,114268868.83065811,728.3068722906178,665.9522737692445,1445.0192142956123,11210.616829299333,2545018854.4483433,2372429679.4512343,369.6734302107009,1180937849.8560855,27017929.307319637,1153919920.548766,0.32704988294477655,12.685773223826594,1642920710.5307539,62983178.323908895,0.6764272759372765
139488106.17431659,112349600.0,charging,112349600.0,27138506.17431658,0.0,192.30398591943134,0.0,3.725290298461914e-09,0.3195321112961563,12,252,672.7363655526445,26.86,113886139.46117462,582.8727596051341,665.9516106048902,1445.0192143061445,11210.616829231189,2545018854.4328732,2372083348.9424777,369.6485296795315,1180901450.9946036,26635199.937081255,1154266251.0575223,0.327183532979275,12.731126851970535,1636284125.8199723,62580638.947837315,0.6794338637162095
178033406.65002018,112349600.0,charging,112349600.0,65683806.65002018,0.0,465.4367395178935,0.0,0.0,0.37832412049841646,13,252,809.8528167634385,27.48,114310010.28226717,743.9402962881951,665.9523447922103,1445.019214200555,11210.61682973335,2545018854.5468726,2372466908.5481772,369.6761069520212,1180941762.2928417,27059070.841019597,1153882691.451822,0.3270355178794254,12.68091601344539,1632610302.1407895,62707191.161808155,0.680629260306857
191896941.67553765,112349600.0,charging,112349600.0,79547341.67553765,0.0,563.6740200526534,0.0,0.0,0.4495250493471727,14,252,798.3869467075987,26.59,114462463.31550398,801.8712349168081,665.9526075294044,1445.019214202322,11210.616829705074,2545018854.540454,2372604864.122013,369.6860259426664,1180956259.7529545,27211523.874966964,1153744735.8779876,0.3269822898424365,12.662947657953369,1637884016.777036,62943814.140946485,0.6783430485467072
190727681.91798836,112349600.0,charging,112349600.0,78378081.91798836,0.0,555.3886225253307,0.0,0.0,0.5196794016661619,15,252,718.5692719462171,24.49,114449605.32536407,796.9853010528393,665.9525853969494,1445.0192143426918,11210.616829527715,2545018854.5001903,2372593228.7950783,369.6851893621747,1180955037.0893319,27198665.884406548,1153756371.2049253,0.3269867789704582,12.66446127330368,1650327613.1097515,63297644.5461494,0.6732839435286858
206131933.90350842,112349600.0,charging,112349600.0,93782333.90350842,0.0,664.5434535943411,0.0,0.0,0.6036217326464997,16,252,707.7537333566256,24.71,114619001.14941503,861.3543652742171,665.9528765805035,1445.0192143426962,11210.616829613766,2545018854.519725,2372746516.7360487,369.69621087213613,1180971144.972481,27368061.708531395,1153603083.2639496,0.3269276402151023,12.64454758648948,1649023998.255848,63353488.40372798,0.6736850327986637
174053050.53439677,112349600.0,charging,112349600.0,61703450.53439677,0.0,437.2318581770935,0.0,0.0,0.6588510199951851,17,252,578.0495500609569,24.24,114266239.52956532,727.30775881274,665.9522692285165,1445.0192143042366,11210.616829206088,2545018854.427175,2372427300.17245,369.67325914380683,1180937599.8337448,27015300.00619314,1153922299.8275516,0.32705080101364675,12.686083761329023,1651808993.625551,63239103.58622809,0.6728221218422552
3994420.6016605683,112349600.0,direct_plus_discharge,112349600.0,0.0,108355179.39833944,0.0,767.8069219976311,0.0,0.5618648824796949,18,252,73.25787535495473,23.33,113759034.98456027,16.69130811915909,654.5045233647581,1445.0192142091614,11210.616829726006,2545018854.5452056,2371968333.568397,369.6402604389089,1180889361.9749115,26508095.543308653,1154381266.4316027,0.3272279242951907,12.74625628410516,1657201218.7030613,62228025.66649927,0.671374684484248
0.0,112349600.0,discharging,112349600.0,0.0,112349600.0,0.0,796.1114645617674,0.0,0.46130343432452425,19,252,0.0,22.93,113768079.54028757,1.0,654.1499999999985,1445.0192143463848,11210.616829610706,2545018854.5190306,2371976517.850942,369.6408488614037,1180890222.2484827,26517140.0994268,1154373082.149056,0.3272247653818233,12.745178580575297,1659571427.5283403,62274610.167378575,0.6704275857868858
0.0,112349600.0,discharging,112349600.0,0.0,112349600.0,0.0,796.1114645617674,0.0,0.36074198616935366,20,252,0.0,21.39,113768079.54028903,1.0,654.15,1445.019214295609,11210.616829213277,2545018854.428807,2371976517.7705035,369.6408488616663,1180890222.2463737,26517140.01687655,1154373082.2294972,0.3272247654046255,12.745178581193452,1668696731.5056653,62542442.99240746,0.6667900653092472
0.0,112349600.0,discharging,112349600.0,0.0,112349600.0,0.0,796.1114645617674,0.0,0.26018053801418306,21,252,0.0,20.47,113768079.54028903,1.0,654.15,1445.019214163999,11210.616829436802,2545018854.479551,2371976517.815744,369.64084886151863,1180890222.2001522,26517140.015895635,1154373082.1842566,0.32722476539180134,12.745178580845716,1674148211.8038073,62702447.01774883,0.6646357741358676
0.0,112349600.0,discharging,112349600.0,0.0,112349600.0,0.0,796.1114645617674,0.0,0.15961908985901244,22,252,0.0,19.95,113768079.54028903,1.0,654.15,1445.019214346383,11210.616829524686,2545018854.499502,2371976517.8335357,369.6408488614606,1180890222.265828,26517140.099361613,1154373082.1664662,0.3272247653867584,12.745178580708941,1677229483.2766702,62792884.0755505,0.6634242776563081
