Q_solar,Q_design,mode,Q_to_pb,Q_to_storage,Q_from_storage,m_dot_charge,m_dot_discharge,Q_defocus,tank_soc,hour,day_of_year,DNI,T_amb,Q_sg_oil,m_oil_field,T_sg_oil_in,m_steam,m_orc,Q_nuclear_condenser,Q_orc_condenser,T_orc_live,P_turbine,P_pumps,P_net,efficiency,solar_efficiency,ex_nuclear,ex_solar,efficiency_II
0.0,74899733.33333333,shutdown,0.0,0.0,0.0,0.0,0.0,0.0,0.0,23,222,0.0,27.35,0.0,1.0,567.279923475184,1445.0192141534708,11210.61682941886,2545018854.4754777,2259509895.613107,362.89907080586624,1179588764.863151,25103923.744471643,1154484841.1186795,0.3381619335438429,,1633380620.0090048,0.0,0.7068069909586137
0.0,74899733.33333333,shutdown,0.0,0.0,0.0,0.0,0.0,0.0,0.0,0,223,0.0,26.49,0.0,1.0,567.279923475184,1445.01921434638,11210.616829524635,2545018854.4994907,2259509895.634452,362.89907080586624,1179588764.924609,25103923.827249113,1154484841.09736,0.3381619335375981,,1638476568.9833553,0.0,0.7046086974644359
0.0,74899733.33333333,shutdown,0.0,0.0,0.0,0.0,0.0,0.0,0.0,1,223,0.0,25.36,0.0,1.0,567.279923475184,1445.0192143110876,11210.61682931321,2545018854.4514933,2259509895.591839,362.89907080586624,1179588764.8841846,25103923.744212776,1154484841.1399717,0.3381619335500796,,1645172408.9147692,0.0,0.7017409451338432
0.0,74899733.33333333,shutdown,0.0,0.0,0.0,0.0,0.0,0.0,0.0,2,223,0.0,24.29,0.0,1.0,567.279923475184,1445.0192141986447,11210.616829708228,2545018854.5411696,2259509895.671455,362.89907080586624,1179588764.8880131,25103923.827656988,1154484841.0603561,0.3381619335267593,,1651512717.522391,0.0,0.6990468973150391
0.0,74899733.33333333,shutdown,0.0,0.0,0.0,0.0,0.0,0.0,0.0,3,223,0.0,23.04,0.0,1.0,567.279923475184,1445.0192143463692,11210.616829610619,2545018854.5190105,2259509895.651782,362.89907080586624,1179588764.90733,25103923.827300828,1154484841.0800292,0.3381619335325218,,1658919620.1013885,0.0,0.6959257260514349
0.0,74899733.33333333,shutdown,0.0,0.0,0.0,0.0,0.0,0.0,0.0,4,223,0.0,22.04,0.0,1.0,567.279923475184,1445.0192141603186,11210.616829439874,2545018854.4802485,2259509895.617368,362.89907080586624,1179588764.858222,25103923.74378052,1154484841.1144414,0.3381619335426015,,1664845142.1645865,0.0,0.6934487850403981
0.0,74899733.33333333,shutdown,0.0,0.0,0.0,0.0,0.0,0.0,0.0,5,223,0.0,21.02,0.0,1.0,567.279923475184,1445.0192143042304,11210.616829206077,2545018854.427172,2259509895.570246,362.89907080586624,1179588764.9063792,25103923.744813975,1154484841.1615653,0.3381619335564046,,1670889174.6690485,0.0,0.6909404038662427
74616793.12353167,74899733.33333333,direct_partial,74616793.12353167,0.0,0.0,0.0,0.0,0.0,0.0,6,223,295.48703842435293,20.83,75439962.69554041,311.7978823688864,665.8498495068521,1445.0192143476281,11210.616829609608,2545018854.518781,2337315311.1523776,367.1527563207378,1177223312.1023538,25921830.131134674,1151301481.971219,0.3299387564421243,19.131186291946193,1672015023.8610563,42132393.05403561,0.6716467152184539
173411329.25441748,74899733.33333333,charging,74899733.33333333,98511595.92108415,0.0,698.0550968143308,0.0,0.0,0.08817538065023126,7,223,582.7343139944613,25.06,76809316.05131844,724.6262265759237,665.8561274895114,1445.0192141689301,11210.616829346609,2545018854.4590755,2338552907.032936,367.24145158847324,1177355069.4939344,27008243.193454076,1150346826.3004804,0.32953585319341144,18.779402761074312,1646950065.5337286,42409533.284395605,0.680936626580429
214102549.8664209,74899733.33333333,charging,74899733.33333333,139202816.53308755,0.0,986.3938824996203,0.0,0.0,0.21277250265018327,8,223,712.7758799170493,29.36,77256784.89647955,894.660824509169,665.8578246075551,1445.019214197386,11210.616829623137,2545018854.5218525,2338957333.2674346,367.27043819039795,1177398112.188414,27455712.12248288,1149942400.0659313,0.32937777737824825,18.665955363037362,1621470320.661977,42157775.565458395,0.6912256427224478
223445875.131732,74899733.33333333,charging,74899733.33333333,148546141.79839867,0.0,1052.600868201784,0.0,0.0,0.3457326123177771,9,223,771.1695635197646,31.92,77359530.57239312,933.703363193252,665.8582115282574,1445.0192143476293,11210.616829609644,2545018854.5187893,2339050196.535949,367.27709418621083,1177407994.595581,27558457.798196983,1149849536.797384,0.3293414862401385,18.64009136089354,1606300984.1801906,41916441.36342503,0.6976321928025608
224966777.0974966,74899733.33333333,charging,74899733.33333333,150067043.76416326,0.0,1063.378009299035,0.0,0.0,0.4800540450713394,10,223,815.5964308468866,33.72,77376255.46380886,940.0586887488679,665.8582744140596,1445.019214342697,11210.616829613773,2545018854.5197268,2339065312.80513,367.27817765409577,1177409603.2177968,27575182.689594664,1149834420.528202,0.32933557897942833,18.63588773087749,1595635044.466434,41716337.390291475,0.7022526949739473
219151842.53611672,74899733.33333333,charging,74899733.33333333,144252109.2027834,0.0,1022.1732691843309,0.0,0.0,0.6091706685472549,11,223,825.3000262252257,35.1,77312310.4158614,915.7600797299739,665.8580338334538,1445.0192143042425,11210.616829206132,2545018854.4271846,2339007518.0426736,367.27403519383995,1177403452.8498278,27511237.55916649,1149892215.2906613,0.32935816479669044,18.651969479203373,1587457824.0192208,41521618.59453229,0.7058973153434153
216226389.28255615,74899733.33333333,charging,74899733.33333333,141326655.9492228,0.0,1001.443450171187,0.0,0.0,0.7356687885688785,12,223,817.8287812436515,36.01,77280140.1056723,903.5356180338147,665.857912648926,1445.0192141639989,11210.616829436747,2545018854.4795384,2338978442.033055,367.2719511631664,1177400358.5482116,27479067.24793013,1149921291.3002815,0.32936952783899953,18.660070155580414,1582065598.9417107,41398719.06792805,0.7083132524342024
232185456.73250136,74899733.33333333,charging,74899733.33333333,157285723.399168,0.0,1114.5297144802357,0.0,0.0,0.8764514893453293,13,223,845.4780312646234,36.5,77455637.06484297,970.2230650169238,665.8585725206128,1445.0192143061374,11210.616829231161,2545018854.4328666,2339137059.4115825,367.28332016497774,1177417238.1291597,27654564.207407072,1149762673.9217527,0.32930754202230733,18.615960733149674,1579162093.1307435,41435768.87220788,0.7094682159463807
250447810.71138638,74899733.33333333,charging,74899733.33333333,138031283.43209213,0.0,978.0923760161432,0.0,37516793.94596094,1.0000000000000002,14,223,858.2632849960625,36.6,77243901.90704645,889.7653911258193,665.8577760202528,1445.0192143042368,11210.616829292168,2545018854.4467163,2338945689.36011,367.2696036201212,1177396873.023643,27442829.050419394,1149954043.9732237,0.3293823279848985,18.66920323179198,1578569540.9244237,41310855.12532666,0.709900586967722
252519431.10413295,74899733.33333333,charging,74899733.33333333,0.0,0.0,0.0,0.0,177619697.77079964,1.0000000000000002,15,223,818.1172209769102,36.46,75726014.31185795,312.98019206835454,665.8509835386022,1445.0192141603252,11210.616829439967,2545018854.4802694,2337573834.5576177,367.17128309036593,1177250840.229858,25924941.454141404,1151325898.7757165,0.3299187082464259,19.059605054860413,1579399114.0132716,40514635.38365502,0.7107328394516934
227435729.8282187,74899733.33333333,charging,74899733.33333333,0.0,0.0,0.0,0.0,152535996.49488539,1.0000000000000002,16,223,725.5211752845889,35.9,75726014.31185767,312.98019206835454,665.8509835386022,1445.01921430246,11210.616829234326,2545018854.433585,2337573834.5159903,367.17128309045586,1177250840.2717745,25924941.45443161,1151325898.817343,0.32991870825835423,19.05960505534126,1582717406.3686626,40578323.159242846,0.7092520961366522
204645567.79672608,74899733.33333333,charging,74899733.33333333,0.0,0.0,0.0,0.0,129745834.46339275,1.0000000000000002,17,223,658.5077342976938,35.12,75726014.31185769,312.9801920683546,665.8509835386022,1445.0192141534778,11210.616829418906,2545018854.475488,2337573834.5533543,367.1712830903751,1177250840.2347996,25924941.454820164,1151325898.7799795,0.32991870824764746,19.05960505490972,1587339313.577957,40667031.13238325,0.7071998843989928
131275595.24071562,74899733.33333333,charging,74899733.33333333,0.0,0.0,0.0,0.0,56375861.907382295,1.0000000000000002,18,223,459.082031740249,34.05,75726014.31185769,312.9801920683546,665.8509835386022,1445.0192143024633,11210.616829234337,2545018854.433588,2337573834.5159926,367.17128309045586,1177250840.2717757,25924941.454435136,1151325898.8173406,0.3299187082583535,19.059605055341233,1593679622.1855786,40788720.275024556,0.7044039146601531
0.0,74899733.33333333,discharging,74899733.33333333,0.0,74899733.33333333,0.0,530.7409763745115,0.0,0.9329590345632197,19,223,0.0,32.53,75846263.5715573,1.0,654.15,1445.0192143061454,11210.616829317225,2545018854.452405,2337682512.339821,367.1790715008376,1177262411.70771,26045190.714197755,1151217220.9935122,0.32987619913529953,19.028107000530763,1602686415.7216399,40403802.59387078,0.7006415157006627
0.0,74899733.33333333,discharging,74899733.33333333,0.0,74899733.33333333,0.0,530.7409763745115,0.0,0.8659180691264393,20,223,0.0,30.58,75846263.57155755,1.0,654.15,1445.0192141584077,11210.616829414792,2545018854.4745545,2337682512.359565,367.17907150079475,1177262411.688309,26045190.71454133,1151217220.9737675,0.3298761991296418,19.0281070003031,1614241183.7448757,40629897.85331377,0.6956537181506496
0.0,74899733.33333333,discharging,74899733.33333333,0.0,74899733.33333333,0.0,530.7409763745115,0.0,0.7988771036896589,21,223,0.0,29.88,75846263.57155755,1.0,654.15,1445.0192142054716,11210.616829643051,2545018854.5263734,2337682512.405768,367.1790715006947,1177262411.7244549,26045190.79688927,1151217220.9275656,0.3298761991164028,19.02810699977035,1618389049.1891143,40711060.2541394,0.6938805044825661
0.0,74899733.33333333,discharging,74899733.33333333,0.0,74899733.33333333,0.0,530.7409763745115,0.0,0.7318361382528785,22,223,0.0,28.58,75846263.57155755,1.0,654.15,1445.0192143463823,11210.6168296107,2545018854.519029,2337682512.3992186,367.179071500709,1177262411.7314746,26045190.797359843,1151217220.9341147,0.3298761991182795,19.028106999845892,1626092227.8712716,40861790.4271013,0.6906112635963874
0.0,74899733.33333333,discharging,74899733.33333333,0.0,74899733.33333333,0.0,530.7409763745115,0.0,0.6647951728160981,23,223,0.0,27.37,75846263.57155755,1.0,654.15,1445.0192143395416,11210.616829503677,2545018854.494733,2337682512.377554,367.1790715007558,1177262411.7537704,26045190.79799195,1151217220.9557784,0.32987619912448707,19.028107000095705,1633262109.5677412,41002085.434242755,0.6875959149054216
0.0,74899733.33333333,discharging,74899733.33333333,0.0,74899733.33333333,0.0,530.7409763745115,0.0,0.5977542073793177,0,224,0.0,26.4,75846263.57155755,1.0,654.15,1445.0192143061395,11210.616829317196,2545018854.4523983,2337682512.3398147,367.1790715008376,1177262411.7077072,26045190.714188706,1151217220.9935184,0.3298761991353013,19.028107000530774,1639009865.9690435,41114553.33252971,0.6851976007063088
0.0,74899733.33333333,discharging,74899733.33333333,0.0,74899733.33333333,0.0,530.7409763745115,0.0,0.5307132419425373,1,224,0.0,25.51,75846263.57155755,1.0,654.15,1445.0192141603204,11210.616829439892,2545018854.4802527,2337682512.3646464,367.17907150078383,1177262411.6825075,26045190.71382165,1151217220.9686859,0.32987619912818567,19.028107000244496,1644283580.6052895,41217745.52786516,0.6830117562765653
0.0,74899733.33333333,discharging,74899733.33333333,0.0,74899733.33333333,0.0,530.7409763745115,0.0,0.46367227650575693,2,224,0.0,24.82,75846263.57155755,1.0,654.15,1445.0192143395411,11210.616829503679,2545018854.4947333,2337682512.3775544,367.1790715007558,1177262411.7537699,26045190.79799151,1151217220.9557784,0.32987619912448707,19.028107000095705,1648372190.828896,41297748.46582186,0.6813266864629822
0.0,74899733.33333333,discharging,74899733.33333333,0.0,74899733.33333333,0.0,530.7409763745115,0.0,0.39663131106897653,3,224,0.0,24.16,75846263.57155755,1.0,654.15,1445.0192143061345,11210.616829317196,2545018854.4523983,2337682512.3398147,367.1790715008376,1177262411.7077067,26045190.714189805,1151217220.993517,0.3298761991353009,19.028107000530756,1652283035.3906069,41374273.01517174,0.6797226424022846
0.0,74899733.33333333,discharging,74899733.33333333,0.0,74899733.33333333,0.0,530.7409763745115,0.0,0.32959034563219614,4,224,0.0,23.78,75846263.57155755,1.0,654.15,1445.0192142054789,11210.616829643108,2545018854.5263863,2337682512.40578,367.1790715006947,1177262411.7244587,26045190.79690649,1151217220.9275522,0.32987619911639904,19.028106999770195,1654534733.7746222,41418332.604191385,0.6788025233420066
0.0,74899733.33333333,discharging,74899733.33333333,0.0,74899733.33333333,0.0,530.7409763745115,0.0,0.26254938019541574,5,224,0.0,23.32,75846263.57155755,1.0,654.15,1445.0192143358447,11210.616829592753,2545018854.5149546,2337682512.3955846,367.17907150071676,1177262411.7357786,26045190.79803136,1151217220.9377472,0.32987619911932037,19.028106999887793,1657260473.923693,41471667.89616251,0.6776920225365523
86630450.47318651,74899733.33333333,charging,74899733.33333333,11730717.13985318,0.0,83.12409125237956,0.0,0.0,0.27304926540624264,6,224,331.38675910712817,22.73,75855013.40240087,361.998819240113,665.8524414140035,1445.0192142005496,11210.616829733266,2545018854.5468535,2337690420.2853374,367.17963822204524,1177263253.6757936,26053940.62779725,1151209313.0479963,0.32987310608231707,19.025818968729627,1660756531.9409797,42147873.54744989,0.6760269744664879
178781173.3308209,74899733.33333333,charging,74899733.33333333,103881439.99748756,0.0,736.1059170409613,0.0,0.0,0.366031065453522,7,224,598.8100526674673,24.17,76868366.57593831,747.0649557357497,665.8563525791808,1445.0192143426862,11210.616829527671,2545018854.5001802,2338606277.095675,367.24527673145894,1177360750.039297,27067293.80163786,1150293456.2376592,0.32951499038216064,18.76435595838676,1652223780.1699748,42544893.25946166,0.6787318377262612
220477638.19004697,74899733.33333333,charging,74899733.33333333,145577904.85671365,0.0,1031.567883137207,0.0,0.0,0.49633437700769545,8,224,732.7396056931765,28.69,77326889.7831367,921.30012319801,665.858088720357,1445.0192143005609,11210.616829295273,2545018854.4474216,2339020695.1432633,367.274979665144,1177404855.1165729,27525816.926504668,1149879038.1900682,0.3293530151974663,18.648300526167223,1625440420.4443197,42273852.49557088,0.689494031950108
221377451.8697555,74899733.33333333,charging,74899733.33333333,146477718.5364222,0.0,1037.9439804832186,0.0,0.0,0.6274430903318915,9,224,766.0042253849584,30.95,77336784.75758238,925.0601346929453,665.8581259601855,1445.019214204236,11210.616829644185,2545018854.526631,2339029638.465365,367.2756206759432,1177405806.8509045,27535711.98293743,1149870094.8679671,0.3293495201860932,18.645811205618937,1612048740.5814924,42016773.89060222,0.695178083822729
222859110.42379528,74899733.33333333,charging,74899733.33333333,147959377.09046197,0.0,1048.4430419968962,0.0,0.0,0.7598780008999204,10,224,811.274459186228,32.45,77353078.10126284,931.2514755453793,665.8581872596366,1445.0192142042397,11210.616829730243,2545018854.546168,2339044364.6990237,367.2766761843334,1177407373.9609983,27552005.326690957,1149855368.6343074,0.3293437652715561,18.641713608962313,1603160457.4866955,41851373.50402195,0.6989951968563051
216645818.5925656,74899733.33333333,charging,74899733.33333333,141746085.25923228,0.0,1004.4155344711914,0.0,0.0,0.8867515420962815,11,224,820.2450952299513,33.79,77284752.4408661,905.2882686797341,665.8579300296223,1445.0192143395295,11210.616829589642,2545018854.514249,2338982610.766624,367.2722499550865,1177400802.234055,27483679.6673471,1149917122.5667078,0.3293678986690401,18.65890832750203,1595220257.92201,41658861.62487158,0.7025058288268875
218237615.91327867,74899733.33333333,charging,74899733.33333333,126523823.7864958,0.0,896.5502917377736,0.0,16814058.79344952,1.0000000000000002,12,224,829.3091745931756,34.72,77117357.91054171,841.6796801384517,665.8572979080017,1445.019214346386,11210.616829524675,2545018854.4995003,2338831317.2975845,367.2614060697132,1177384701.1720293,27316285.136278763,1150068416.0357504,0.3294270281203249,18.701163296773498,1589709522.4032362,41460887.59098262,0.705057184086503
229540023.64547616,74899733.33333333,charging,74899733.33333333,0.0,0.0,0.0,0.0,154640290.31214285,1.0000000000000002,13,224,840.8486964524756,35.13,75726014.311858,312.9801920683546,665.8509835386027,1445.019214311079,11210.616829313109,2545018854.4514704,2337573834.531936,367.17128309042135,1177250840.2559175,25924941.454520013,1151325898.8013976,0.3299187082537849,19.05960505515704,1587280058.357325,40665893.85067651,0.7072261196631504
242675248.11033934,74899733.33333333,charging,74899733.33333333,0.0,0.0,0.0,0.0,167775514.77700603,1.0000000000000002,14,224,836.65864838493,35.39,75726014.31185767,312.98019206835454,665.8509835386022,1445.0192141973853,11210.61682962311,2545018854.5218463,2337573834.5946875,367.1712830902857,1177250840.2765317,25924941.537886765,1151325898.7386448,0.3299187082358028,19.059605054432357,1585739422.6208935,40636324.52629618,0.7079089200378048
254511406.69166324,74899733.33333333,charging,74899733.33333333,0.0,0.0,0.0,0.0,179611673.3583299,1.0000000000000002,15,224,826.7394655120816,35.31,75726014.3118577,312.98019206835465,665.8509835386022,1445.0192143476243,11210.616829609604,2545018854.51878,2337573834.591953,367.1712830902918,1177250840.2790298,25924941.537648153,1151325898.7413816,0.3299187082365871,19.059605054463972,1586213464.3859494,40645422.77995162,0.7076986872211577
234344725.74789625,74899733.33333333,charging,74899733.33333333,0.0,0.0,0.0,0.0,159444992.41456294,1.0000000000000002,16,224,747.0282654231308,34.82,75726014.31185767,312.98019206835454,665.8509835386022,1445.0192143426968,11210.616829613795,2545018854.5197315,2337573834.592801,367.17128309028976,1177250840.278181,25924941.537648514,1151325898.7405326,0.3299187082363438,19.059605054454174,1589116970.1969163,40701149.58359109,0.7064137309355631
198434936.5574374,74899733.33333333,charging,74899733.33333333,0.0,0.0,0.0,0.0,123535203.22410406,1.0000000000000002,17,224,640.3901844724843,33.99,75726014.31185769,312.9801920683546,665.8509835386022,1445.019214197392,11210.616829623197,2545018854.521866,2337573834.5947056,367.1712830902858,1177250840.276538,25924941.53790995,1151325898.738628,0.329918708235798,19.059605054432147,1594035153.5093706,40795543.96526612,0.7042477857291947
125339522.99107027,74899733.33333333,charging,74899733.33333333,0.0,0.0,0.0,0.0,50439789.65773694,1.0000000000000002,18,224,440.65228945622806,32.82,75726014.31185769,312.9801920683546,665.8509835386022,1445.0192143513102,11210.616829606546,2545018854.5180864,2337573834.5913353,367.171283090293,1177250840.2796683,25924941.537670184,1151325898.7419982,0.3299187082367637,19.059605054471067,1600968014.3233123,40928605.92497673,0.7012170465201967
0.0,74899733.33333333,discharging,74899733.33333333,0.0,74899733.33333333,0.0,530.7409763745115,0.0,0.9329590345632198,19,224,0.0,31.04,75846263.5715573,1.0,654.15,1445.0192141689324,11210.616829346582,2545018854.4590693,2337682512.3457584,367.17907150082465,1177262411.7013426,26045190.71376886,1151217220.9875736,0.3298761991335979,19.028107000462352,1611515443.5958045,40576562.56134249,0.6968239157971386
0.0,74899733.33333333,discharging,74899733.33333333,0.0,74899733.33333333,0.0,530.7409763745115,0.0,0.8659180691264394,20,224,0.0,29.59,75846263.57155755,1.0,654.15,1445.0192143042436,11210.616829292212,2545018854.4467263,2337682512.3347545,367.1790715008485,1177262411.7135222,26045190.7149426,1151217220.9985795,0.3298761991367516,19.02810700058918,1620107450.587442,40744684.67733859,0.6931485329457383
0.0,74899733.33333333,discharging,74899733.33333333,0.0,74899733.33333333,0.0,530.7409763745115,0.0,0.798877103689659,21,224,0.0,27.89,75846263.57155755,1.0,654.15,1445.0192143073962,11210.616829316208,2545018854.4521737,2337682512.339613,367.1790715008379,1177262411.7079298,26045190.71421024,1151217220.9937196,0.329876199135359,19.028107000533122,1630180838.0948784,40941793.365058,0.6888885347618003
0.0,74899733.33333333,discharging,74899733.33333333,0.0,74899733.33333333,0.0,530.7409763745115,0.0,0.7318361382528786,22,224,0.0,27.87,75846263.57155755,1.0,654.15,1445.0192142054846,11210.616829643148,2545018854.5263953,2337682512.4057884,367.1790715006947,1177262411.7244635,26045190.796917967,1151217220.9275455,0.3298761991163971,19.028106999770124,1630299348.536142,40944112.29079586,0.6888387287139593
0.0,74899733.33333333,discharging,74899733.33333333,0.0,74899733.33333333,0.0,530.7409763745115,0.0,0.6647951728160982,23,224,0.0,27.04,75846263.57155755,1.0,654.15,1445.0192141534687,11210.616829418876,2545018854.4754815,2337682512.360393,367.17907150079304,1177262411.6874516,26045190.714511007,1151217220.9729407,0.32987619912940486,19.02810700029355,1635217531.8485966,41040347.70891769,0.6867781115378442
0.0,74899733.33333333,discharging,74899733.33333333,0.0,74899733.33333333,0.0,530.7409763745115,0.0,0.5977542073793178,0,225,0.0,25.5,75846263.57155755,1.0,654.15,1445.0192143073973,11210.616829230215,2545018854.432652,2337682512.322206,367.1790715008757,1177262411.7252827,26045190.71415388,1151217221.011129,0.32987619914034755,19.028107000733883,1644342835.8259215,41218904.9907341,0.6829872754784785
0.0,74899733.33333333,discharging,74899733.33333333,0.0,74899733.33333333,0.0,530.7409763745115,0.0,0.5307132419425374,1,225,0.0,24.58,75846263.57155755,1.0,654.15,1445.0192143073898,11210.616829316188,2545018854.4521694,2337682512.3396087,367.1790715008379,1177262411.707928,26045190.714203402,1151217220.9937246,0.3298761991353604,19.02810700053318,1649794316.1240637,41325575.574676365,0.6807425225406816
0.0,74899733.33333333,discharging,74899733.33333333,0.0,74899733.33333333,0.0,530.7409763745115,0.0,0.46367227650575704,2,225,0.0,24.08,75846263.57155755,1.0,654.15,1445.0192143042389,11210.616829292143,2545018854.4467106,2337682512.334743,367.1790715008485,1177262411.7135162,26045190.7149245,1151217220.9985917,0.32987619913675503,19.028107000589287,1652757077.1556628,41383548.71812325,0.679528725901859
0.0,74899733.33333333,discharging,74899733.33333333,0.0,74899733.33333333,0.0,530.7409763745115,0.0,0.39663131106897664,3,225,0.0,23.42,75846263.57155755,1.0,654.15,1445.019214204252,11210.61682964427,2545018854.52665,2337682512.406015,367.17907150069425,1177262411.7242556,26045190.796935283,1151217220.9273202,0.32987619911633254,19.02810699976753,1656667921.7173731,41460073.267473124,0.6779331265530391
0.0,74899733.33333333,discharging,74899733.33333333,0.0,74899733.33333333,0.0,530.7409763745115,0.0,0.32959034563219625,4,225,0.0,22.77,75846263.57155755,1.0,654.15,1445.0192143073837,11210.616829316139,2545018854.4521585,2337682512.339599,367.17907150083806,1177262411.707925,26045190.714190595,1151217220.9937346,0.32987619913536326,19.028107000533304,1660519511.0584524,41535438.35395409,0.6763690099377606
0.0,74899733.33333333,discharging,74899733.33333333,0.0,74899733.33333333,0.0,530.7409763745115,0.0,0.26254938019541585,5,225,0.0,22.47,75846263.57155755,1.0,654.15,1445.0192143395402,11210.616829503691,2545018854.494736,2337682512.3775573,367.1790715007558,1177262411.7537708,26045190.797995705,1151217220.955775,0.3298761991244861,19.028107000095662,1662297167.6774113,41570222.240022205,0.6756495416063811
91265818.68633026,74899733.33333333,charging,74899733.33333333,16366085.35299693,0.0,115.9704011364284,0.0,0.0,0.27719827297054367,6,225,345.21605224599637,22.02,75905987.12179925,381.3684267018744,665.852640640488,1445.0192141652358,11210.61682943567,2545018854.4792943,2337736488.9447303,367.18293977237903,1177268158.6526544,26104914.264053255,1151163244.388601,0.3298550873967783,19.01250011915063,1664963652.6058505,42257145.244128235,0.6742907805705862
177267730.14750463,74899733.33333333,charging,74899733.33333333,102367996.8141713,0.0,725.381629022126,0.0,0.0,0.36882542611018065,7,225,593.9030859316871,23.4,76851723.70646003,740.7407978633737,665.8562891745468,1445.0192143073928,11210.616829316235,2545018854.4521804,2338591235.171209,367.2441986458517,1177359149.0112436,27050650.849120453,1150308498.1621232,0.32952087032237715,18.768594427514522,1656786432.1586375,42624550.31232771,0.6768865860155617
216782158.79366344,74899733.33333333,charging,74899733.33333333,141882425.46033013,0.0,1005.3816438046885,0.0,0.0,0.49582100216972025,8,225,722.1782114733606,26.76,77286251.73214863,905.8579874280817,665.8579356789668,1445.019214202326,11210.616829619032,2545018854.5209208,2338983965.856247,367.27234708079743,1177400946.4352968,27485178.958209384,1149915767.4770875,0.3293673690911406,18.65853069216317,1636876678.026292,42475643.47026249,0.6847376531759222
222353768.58314177,74899733.33333333,charging,74899733.33333333,147454035.24980843,0.0,1044.8621798232257,0.0,0.0,0.6278035933052856,9,225,771.0964141880625,28.89,77347521.01237567,929.1398260199534,665.8581663554342,1445.0192143426812,11210.616829613668,2545018854.519703,2339039342.0779295,367.27631618718556,1177406839.4935338,27546448.238131512,1149860391.2554023,0.3293457280706278,18.64311096190737,1624255316.0316806,42261903.04293664,0.6899781040929756
214477952.63811052,74899733.33333333,charging,74899733.33333333,139578219.3047772,0.0,989.0539938873814,0.0,0.0,0.7527367293752706,10,225,785.9009285320927,30.53,77260913.08533652,896.2295034130434,665.8578401733155,1445.0192143061563,11210.616829231274,2545018854.4328923,2338961064.3085814,367.27070561825485,1177398509.2526858,27459840.22793049,1149938669.0247552,0.329376319230326,18.664914855380143,1614537459.848036,42024271.462782465,0.6941719389562512
212774287.953587,74899733.33333333,charging,74899733.33333333,137874554.62025368,0.0,976.9817925878824,0.0,0.0,0.8761449558074241,11,225,810.7638136376465,31.88,77242178.40848017,889.110475394497,665.8577695189717,1445.0192141936905,11210.616829712208,2545018854.5420732,2338944131.7214804,367.2694919704116,1177396707.246408,27441105.634553008,1149955601.611855,0.3293829367449022,18.669637815850542,1606538005.0627182,41857472.00645118,0.697621182300539
223548133.70686993,74899733.33333333,charging,74899733.33333333,138373749.86432898,0.0,980.5190998578954,0.0,10274650.509207606,1.0000000000000004,12,225,852.7811701387106,33.13,77247667.90513203,891.1964404095523,665.8577902251251,1445.0192142005371,11210.61682973321,2545018854.546841,2338949093.2147903,367.26984758417217,1177397235.2490559,27446595.130513098,1149950640.1185427,0.3293809977132194,18.668253691224297,1599131102.4837208,41715432.53399574,0.7008276615619794
234982965.68408406,74899733.33333333,charging,74899733.33333333,0.0,0.0,0.0,0.0,160083232.35075074,1.0000000000000004,13,225,863.9078800341658,34.05,75726014.31185775,312.98019206835454,665.8509835386022,1445.0192143513098,11210.616829520497,2545018854.4985514,2337573834.573916,367.1712830903306,1177250840.2970157,25924941.537597712,1151325898.759418,0.3299187082417555,19.05960505467225,1593679622.1855786,40788720.275024585,0.7044039146247149
238628269.7973373,74899733.33333333,charging,74899733.33333333,0.0,0.0,0.0,0.0,163728536.46400398,1.0000000000000004,14,225,827.0649594808425,34.53,75726014.31185767,312.98019206835454,665.8509835386022,1445.0192143042416,11210.616829292176,2545018854.446718,2337573834.527705,367.1712830904306,1177250840.2608633,25924941.45523475,1151325898.8056285,0.32991870825499736,19.059605055205903,1590835371.595244,40734130.753092,0.7056554422894719
245629919.26323166,74899733.33333333,charging,74899733.33333333,0.0,0.0,0.0,0.0,170730185.92989832,1.0000000000000004,15,225,801.8530411916443,34.41,75726014.3118577,312.98019206835465,665.8509835386022,1445.019214306144,11210.616829231181,2545018854.4328713,2337573834.515358,367.1712830904573,1177250840.272405,25924941.454429794,1151325898.817975,0.3299187082585353,19.059605055348495,1591546434.2428277,40747778.13357515,0.7053421436456593
207908559.12581715,74899733.33333333,charging,74899733.33333333,0.0,0.0,0.0,0.0,133008825.79248382,1.0000000000000004,16,225,668.8210770893037,33.88,75726014.31185769,312.9801920683546,665.8509835386022,1445.0192142054827,11210.616829729137,2545018854.5459166,2337573834.616148,367.1712830902393,1177250840.254457,25924941.537272006,1151325898.717185,0.3299187082296534,19.059605054184516,1594686960.9363222,40808054.064042345,0.7039617291141229
200142476.348082,74899733.33333333,charging,74899733.33333333,0.0,0.0,0.0,0.0,125242743.01474868,1.0000000000000004,17,225,645.8913573843188,32.82,75726014.31185769,312.9801920683546,665.8509835386022,1445.019214304231,11210.616829292103,2545018854.4467015,2337573834.52769,367.1712830904306,1177250840.260858,25924941.455212902,1151325898.8056452,0.32991870825500214,19.059605055206095,1600968014.3233123,40928605.92497673,0.701217046558961
126480858.35141088,74899733.33333333,charging,74899733.33333333,0.0,0.0,0.0,0.0,51581125.01807755,1.0000000000000004,18,225,443.9610315149826,31.46,75726014.31185769,312.9801920683546,665.8509835386022,1445.0192143426827,11210.616829527653,2545018854.500176,2337573834.575364,367.17128309032745,1177250840.2955203,25924941.53755153,1151325898.7579687,0.3299187082413402,19.059605054655545,1609026724.3292618,41083276.23711896,0.6977267566179162
0.0,74899733.33333333,discharging,74899733.33333333,0.0,74899733.33333333,0.0,530.7409763745115,0.0,0.93295903456322,19,225,0.0,29.6,75846263.5715573,1.0,654.15,1445.0192142042351,11210.616829730221,2545018854.5461626,2337682512.4234104,367.1790715006566,1177262411.706901,26045190.7969773,1151217220.9099238,0.3298761991113477,19.02810699956703,1620048195.3668098,40743525.214469515,0.6931737475828674
0.0,74899733.33333333,discharging,74899733.33333333,0.0,74899733.33333333,0.0,530.7409763745115,0.0,0.8659180691264395,20,225,0.0,28.27,75846263.57155755,1.0,654.15,1445.0192143444672,11210.616829499524,2545018854.49379,2337682512.3767147,367.1790715007576,1177262411.754621,26045190.798002407,1151217220.9566185,0.3298761991247278,19.02810700010538,1627929139.710863,40897733.77603836,0.6898362192305949
0.0,74899733.33333333,discharging,74899733.33333333,0.0,74899733.33333333,0.0,530.7409763745115,0.0,0.7988771036896591,21,225,0.0,26.65,75846263.57155755,1.0,654.15,1445.0192141603204,11210.616829439885,2545018854.480251,2337682512.364645,367.17907150078383,1177262411.6825073,26045190.71381856,1151217220.9686887,0.3298761991281865,19.028107000244532,1637528485.453244,41085566.76080626,0.685814121149684
0.0,74899733.33333333,discharging,74899733.33333333,0.0,74899733.33333333,0.0,530.7409763745115,0.0,0.7318361382528787,22,225,0.0,26.53,75846263.57155755,1.0,654.15,1445.0192143024603,11210.616829320361,2545018854.453117,2337682512.3404493,367.17907150083613,1177262411.7070813,26045190.71419736,1151217220.992884,0.3298761991351195,19.028107000523548,1638239548.1008277,41099480.31523352,0.6855180529441411
0.0,74899733.33333333,discharging,74899733.33333333,0.0,74899733.33333333,0.0,530.7409763745115,0.0,0.6647951728160983,23,225,0.0,25.79,75846263.57155755,1.0,654.15,1445.0192143042293,11210.616829206028,2545018854.427161,2337682512.3173065,367.17907150088615,1177262411.730863,26045190.7148359,1151217221.0160272,0.32987619914175115,19.028107000790417,1642624434.427594,41185280.56753491,0.683697932589347
0.0,74899733.33333333,discharging,74899733.33333333,0.0,74899733.33333333,0.0,530.7409763745115,0.0,0.597754207379318,0,226,0.0,25.02,75846263.57155755,1.0,654.15,1445.0192142005446,11210.616829733266,2545018854.546854,2337682512.42403,367.17907150065525,1177262411.7062564,26045190.796954155,1151217220.9093022,0.32987619911116955,19.028106999559746,1647187086.4162567,41274559.20844311,0.6818142561262462
0.0,74899733.33333333,discharging,74899733.33333333,0.0,74899733.33333333,0.0,530.7409763745115,0.0,0.5307132419425376,1,226,0.0,24.26,75846263.57155755,1.0,654.15,1445.0192142054814,11210.616829643113,2545018854.5263877,2337682512.405781,367.1790715006947,1177262411.7244604,26045190.796908475,1151217220.927552,0.3298761991163989,19.028106999770195,1651690483.184287,41362678.386482365,0.6799651936856391
0.0,74899733.33333333,discharging,74899733.33333333,0.0,74899733.33333333,0.0,530.7409763745115,0.0,0.4636722765057572,2,226,0.0,23.55,75846263.57155755,1.0,654.15,1445.0192142993005,11210.616829296263,2545018854.447646,2337682512.335573,367.1790715008467,1177262411.7126627,26045190.714904107,1151217220.9977586,0.32987619913651633,19.028107000579734,1655897603.8491573,41445000.25017694,0.678246818419215
0.0,74899733.33333333,discharging,74899733.33333333,0.0,74899733.33333333,0.0,530.7409763745115,0.0,0.3966313110689768,3,226,0.0,22.88,75846263.57155755,1.0,654.15,1445.019214351313,11210.616829606533,2545018854.518083,2337682512.398375,367.1790715007108,1177262411.7323265,26045190.79736655,1151217220.93496,0.3298761991185217,19.02810699985564,1659867703.6315002,41522684.26239577,0.6766331990155532
0.0,74899733.33333333,discharging,74899733.33333333,0.0,74899733.33333333,0.0,530.7409763745115,0.0,0.3295903456321964,4,226,0.0,22.43,75846263.57155755,1.0,654.15,1445.0192143024658,11210.61682923433,2545018854.433586,2337682512.3230386,367.17907150087393,1177262411.7244282,26045190.71413261,1151217221.0102956,0.3298761991401088,19.028107000724276,1662534188.5599391,41574860.091497965,0.6755537281615412
0.0,74899733.33333333,discharging,74899733.33333333,0.0,74899733.33333333,0.0,530.7409763745115,0.0,0.26254938019541596,5,226,0.0,22.02,75846263.57155755,1.0,654.15,1445.0192141973873,11210.61682970917,2545018854.5413837,2337682512.419149,367.1790715006658,1177262411.7118435,26045190.797658484,1151217220.914185,0.3298761991125687,19.02810699961611,1664963652.6058505,41622398.06912441,0.674573204473847
68319115.99183398,74899733.33333333,direct_plus_discharge,74899733.33333333,0.0,6580617.3414993435,0.0,46.63038328095166,0.0,0.2566592265178221,6,226,273.9574830006258,21.28,75733947.66015294,285.482058392701,664.9604327560885,1445.019214311082,11210.61682922711,2545018854.431947,2337581004.4321423,367.17179692094203,1177251603.70395,25932874.802758474,1151318728.9011915,0.3299159036674255,19.05752391503635,1669348538.9326172,42200604.75558647,0.6726764073044517
166566421.51986408,74899733.33333333,charging,74899733.33333333,91666688.18653075,0.0,649.5519466353762,0.0,0.0,0.3387078934612381,7,226,561.1851679736993,22.34,76734044.70490038,696.0237143624754,665.8558400683011,1445.0192143061463,11210.616829317281,2545018854.452418,2338484876.729494,367.23657574287904,1177347828.451393,26932971.847555466,1150414856.6038375,0.32956244786075967,18.798616399429005,1663067485.545627,42681414.23232665,0.6744338845850013
215728876.29290324,74899733.33333333,charging,74899733.33333333,140829142.95956993,0.0,997.9180633889372,0.0,0.0,0.4647607014682617,8,226,719.2907003342848,26.12,77274669.1082507,901.4566825806658,665.8578920298444,1445.019214193712,11210.616829712364,2545018854.542109,2338973497.3143377,367.271596746225,1177399832.353365,27473596.334368955,1149926236.018996,0.3293714602846509,18.661448455866058,1640669012.1467385,42543549.29899618,0.6831735113902122
224926105.24906868,74899733.33333333,charging,74899733.33333333,150026371.91573536,0.0,1063.0898077850254,0.0,0.0,0.5990457298200543,9,226,780.6413912480513,28.63,77375808.20799555,939.8887351006294,665.8582727327246,1445.0192143513204,11210.616829520584,2545018854.4985714,2339064908.5480223,367.27814868008943,1177409560.2190723,27574735.43375975,1149834824.7853127,0.32933573695565127,18.636000120608873,1625795951.7681117,42307577.68924405,0.6893066314411318
220930669.0464534,74899733.33333333,charging,74899733.33333333,146030935.71312004,0.0,1034.778068652646,0.0,0.0,0.7297545384919675,10,226,810.0381367570728,30.73,77331871.62421264,923.1931831348186,665.85810747075,1445.0192142042374,11210.6168297302,2545018854.546158,2339025197.906284,367.2753023958208,1177405334.2766788,27530798.849625014,1149874535.4270537,0.3293512555402295,18.647047143138945,1613352355.435396,42039654.129965134,0.6946237077276725
219059927.64658085,74899733.33333333,charging,74899733.33333333,144160194.3132475,0.0,1021.521958478076,0.0,0.0,0.8587888911418298,11,226,836.1417860197088,32.43,77311299.65607405,915.3759990597179,665.858030027484,1445.019214304249,11210.616829206208,2545018854.427202,2339006604.500871,367.273969715503,1177403355.6318648,27510226.799401373,1149893128.8324635,0.3293585218097677,18.652223892007534,1603278967.9279594,41831083.328386344,0.6989764167778973
215954641.86316925,74899733.33333333,charging,74899733.33333333,141054908.52983594,0.0,999.5178426386371,0.0,0.0,0.985043776527763,12,226,829.6831732105509,33.45,77277151.78283045,902.400079150982,665.8579013869031,1445.019214307399,11210.616829316234,2545018854.45218,2338975741.114824,367.27175757657454,1177400071.1439989,27476078.925490268,1149923992.2185085,0.32937058337843406,18.660822975769783,1597234935.4234974,41694222.32105529,0.701631297963483
231844327.29299992,74899733.33333333,charging,74899733.33333333,16709442.390126267,0.0,118.40343582188012,0.0,140235151.56954035,1.0000000000000004,13,226,857.1960895966633,34.16,75909762.9135652,382.80319751675165,665.8526553872399,1445.0192141652503,11210.616829435774,2545018854.4793177,2337739901.4100866,367.18318432995125,1177268521.9790947,26108690.055876467,1151159831.9232183,0.3298537527119807,19.01151425939456,1593027814.7586272,40875241.30847984,0.7045459812616559
249417846.9452652,74899733.33333333,charging,74899733.33333333,0.0,0.0,0.0,0.0,174518113.61193186,1.0000000000000004,14,226,865.7588440777492,34.41,75726014.3118577,312.98019206835465,665.8509835386022,1445.0192141620935,11210.616829325665,2545018854.454321,2337573834.534477,367.1712830904158,1177250840.2536433,25924941.454786133,1151325898.7988572,0.329918708253057,19.05960505512779,1591546434.2428277,40747778.13357515,0.7053421436339471
248197399.33529735,74899733.33333333,charging,74899733.33333333,0.0,0.0,0.0,0.0,173297666.00196403,1.0000000000000004,15,226,812.0476342772633,34.26,75726014.31185767,312.98019206835454,665.8509835386022,1445.019214342687,11210.616829613715,2545018854.5197134,2337573834.5927844,367.17128309028976,1177250840.2781732,25924941.53762555,1151325898.7405477,0.32991870823634806,19.059605054454348,1592435262.5523074,40764837.359179065,0.7049509112832808
228817885.22712928,74899733.33333333,charging,74899733.33333333,0.0,0.0,0.0,0.0,153918151.89379597,1.0000000000000004,16,226,731.8162020293619,33.87,75726014.31185767,312.98019206835454,665.8509835386022,1445.0192143463833,11210.616829524653,2545018854.499495,2337573834.574758,367.17128309032887,1177250840.2961667,25924941.537590336,1151325898.7585764,0.3299187082415143,19.05960505466255,1594746216.1569543,40809191.34574926,0.703935735516605
185089590.11027348,74899733.33333333,charging,74899733.33333333,0.0,0.0,0.0,0.0,110189856.77694015,1.0000000000000004,17,226,601.0778335995009,32.92,75726014.31185769,312.9801920683546,665.8509835386022,1445.019214295621,11210.61682929936,2545018854.4483495,2337573834.529162,367.1712830904274,1177250840.259365,25924941.45519454,1151325898.8041706,0.3299187082545796,19.059605055189014,1600375462.1169925,40917233.10790744,0.7014750642306422
105282473.41716293,74899733.33333333,charging,74899733.33333333,0.0,0.0,0.0,0.0,30382740.083829597,1.0000000000000004,18,226,378.58003173303143,31.72,75726014.31185769,312.9801920683546,665.8509835386022,1445.0192142005467,11210.61682973325,2545018854.54685,2337573834.6169796,367.1712830902376,1177250840.2536042,25924941.5372494,1151325898.7163548,0.3299187082294155,19.059605054174952,1607486088.5928297,41053706.91273882,0.6983913290144568
0.0,74899733.33333333,discharging,74899733.33333333,0.0,74899733.33333333,0.0,530.7409763745115,0.0,0.93295903456322,19,226,0.0,30.08,75846263.5715573,1.0,654.15,1445.0192143427037,11210.616829527778,2545018854.5002046,2337682512.3824363,367.1790715007453,1177262411.748185,26045190.797288068,1151217220.9508967,0.3298761991230883,19.02810700003943,1617203944.7764747,40687870.99676051,0.6943862138640047
0.0,74899733.33333333,discharging,74899733.33333333,0.0,74899733.33333333,0.0,530.7409763745115,0.0,0.8659180691264395,20,226,0.0,28.58,75846263.57155755,1.0,654.15,1445.01921434078,11210.616829588625,2545018854.514018,2337682512.3947525,367.17907150071863,1177262411.7366323,26045190.798051085,1151217220.9385812,0.32987619911955934,19.028106999897354,1626092227.8712716,40861790.4271013,0.6906112635990668
0.0,74899733.33333333,discharging,74899733.33333333,0.0,74899733.33333333,0.0,530.7409763745115,0.0,0.7988771036896591,21,226,0.0,26.91,75846263.57155755,1.0,654.15,1445.0192141652353,11210.616829349627,2545018854.4597607,2337682512.346373,367.1790715008233,1177262411.700701,26045190.713742632,1151217220.9869583,0.32987619913342153,19.02810700045521,1635987849.7168124,41055420.72621389,0.6864564804477824
0.0,74899733.33333333,discharging,74899733.33333333,0.0,74899733.33333333,0.0,530.7409763745115,0.0,0.7318361382528787,22,226,0.0,26.67,75846263.57155755,1.0,654.15,1445.019214307396,11210.616829316255,2545018854.4521847,2337682512.3396225,367.1790715008379,1177262411.7079308,26045190.714221507,1151217220.9937093,0.32987619913535604,19.028107000532994,1637409975.0119796,41083247.83506839,0.6858634907330892
0.0,74899733.33333333,discharging,74899733.33333333,0.0,74899733.33333333,0.0,530.7409763745115,0.0,0.6647951728160983,23,226,0.0,25.96,75846263.57155755,1.0,654.15,1445.0192141571617,11210.616829415809,2545018854.4747853,2337682512.3597703,367.1790715007944,1177262411.6880937,26045190.71453083,1151217220.9735627,0.3298761991295831,19.028107000300746,1641617095.6768503,41165569.698762976,0.684115212653798
0.0,74899733.33333333,discharging,74899733.33333333,0.0,74899733.33333333,0.0,530.7409763745115,0.0,0.597754207379318,0,227,0.0,25.0,75846263.57155755,1.0,654.15,1445.0192143073841,11210.616829230123,2545018854.432631,2337682512.3221865,367.1790715008757,1177262411.7252755,26045190.71412805,1151217221.0111475,0.3298761991403529,19.028107000734103,1647305596.8575206,41276878.13418098,0.6817654678174988
0.0,74899733.33333333,discharging,74899733.33333333,0.0,74899733.33333333,0.0,530.7409763745115,0.0,0.5307132419425376,1,227,0.0,24.02,75846263.57155755,1.0,654.15,1445.0192143463862,11210.616829610692,2545018854.519027,2337682512.3992167,367.179071500709,1177262411.7314742,26045190.79735676,1151217220.9341173,0.3298761991182802,19.028106999845924,1653112608.4794548,41390505.495336875,0.6793833610808245
0.0,74899733.33333333,discharging,74899733.33333333,0.0,74899733.33333333,0.0,530.7409763745115,0.0,0.4636722765057572,2,227,0.0,23.35,75846263.57155755,1.0,654.15,1445.0192141534753,11210.61682933289,2545018854.455961,2337682512.3429856,367.1790715008307,1177262411.7048051,26045190.714457955,1151217220.9903471,0.32987619913439264,19.02810700049429,1657082708.261797,41468189.507555686,0.6777643357653871
0.0,74899733.33333333,discharging,74899733.33333333,0.0,74899733.33333333,0.0,530.7409763745115,0.0,0.3966313110689768,3,227,0.0,22.96,75846263.57155755,1.0,654.15,1445.019214163993,11210.616829436744,2545018854.479538,2337682512.3640094,367.1790715007852,1177262411.683138,26045190.71381521,1151217220.9693227,0.32987619912836813,19.028107000251826,1659393661.8664443,41513408.55944427,0.6768254662384762
0.0,74899733.33333333,discharging,74899733.33333333,0.0,74899733.33333333,0.0,530.7409763745115,0.0,0.3295903456321964,4,227,0.0,22.73,75846263.57155755,1.0,654.15,1445.0192143110648,11210.616829313032,2545018854.451453,2337682512.3389707,367.1790715008394,1177262411.7085598,26045190.71419872,1151217220.994361,0.3298761991355427,19.0281070005405,1660756531.9409797,41540076.20542983,0.6762729923123645
0.0,74899733.33333333,discharging,74899733.33333333,0.0,74899733.33333333,0.0,530.7409763745115,0.0,0.26254938019541596,5,227,0.0,22.43,75846263.57155755,1.0,654.15,1445.0192143358515,11210.616829506731,2545018854.495426,2337682512.378173,367.1790715007545,1177262411.7531295,26045190.79796948,1151217220.95516,0.3298761991243099,19.02810700008857,1662534188.5599391,41574860.091497965,0.6755537281291867
44316178.79813874,74899733.33333333,direct_plus_discharge,74899733.33333333,0.0,30583554.53519459,0.0,216.71566603279808,0.0,0.23517476974916782,6,227,199.74420760721517,21.37,75772483.65086627,185.18204985122787,660.8543000534589,1445.0192143513145,11210.616829606535,2545018854.5180836,2337615832.1859393,367.1742928435526,1177255312.0240717,25971410.87667591,1151283901.1473958,0.32990228060454146,19.047421039187892,1668815241.9469292,42003297.48827663,0.6729433160851005
139674837.35602173,74899733.33333333,charging,74899733.33333333,64775104.022688404,0.0,458.9976549150446,0.0,0.0,0.29315342089633134,7,227,479.16234393412975,22.9,76438326.21991673,583.6530449080889,665.8547054125399,1445.0192141652485,11210.616829349688,2545018854.4597745,2338217607.8023276,367.2174204580502,1177319378.8931267,26637253.362117868,1150682125.531009,0.3296669409360908,18.874467324284215,1659749193.1902366,42452583.844805226,0.6759963131605407
192108058.81733632,74899733.33333333,charging,74899733.33333333,117208325.48400299,0.0,830.5404884387835,0.0,0.0,0.3980637983833356,8,227,646.3029270298064,26.53,77014918.23915063,802.7534207490996,665.8569097200347,1445.019214299304,11210.616829296278,2545018854.4476495,2338738731.2963247,367.2547700987185,1177374847.4195077,27213845.382501733,1150161002.037006,0.32946321599139455,18.727112468019005,1638239548.1008277,42353070.68452695,0.6843782301437709
209777472.38874894,74899733.33333333,charging,74899733.33333333,134877739.05541563,0.0,955.7462988402881,0.0,0.0,0.5187896466578983,9,227,732.6392208858144,29.0,77209223.34888768,876.5878151748374,665.8576451521424,1445.0192143426968,11210.616829613798,2545018854.5197325,2338914346.445584,367.2673571217649,1177393537.4624298,27408150.574678533,1149985386.8877513,0.32939457744232414,18.67795125909907,1623603508.6047287,42173556.18381969,0.6903597193143783
219353337.94925135,74899733.33333333,charging,74899733.33333333,144453604.61591804,0.0,1023.6010696255705,0.0,0.0,0.6480866238737598,10,227,807.0450944117049,30.95,77314526.19898158,916.6020596716605,665.8580421765363,1445.0192142054675,11210.616829643035,2545018854.5263696,2339009520.793534,367.27417873499326,1177403665.96411,27513453.424307745,1149890212.539802,0.3293573821295601,18.65141177885493,1612048740.5814924,42004676.45945283,0.6951953308720362
225857860.29978666,74899733.33333333,charging,74899733.33333333,150958126.9664533,0.0,1069.692242311182,0.0,0.0,0.7832056439551723,11,227,863.9786626640154,32.45,77386054.43187632,943.782218585222,665.8583112457115,1445.019214339547,11210.616829589791,2545018854.5142827,2339074169.294014,367.27881244954983,1177410545.6977177,27584981.658401415,1149825564.0393162,0.3293321179935851,18.63342570480125,1603160457.4866955,41869221.74394655,0.6989694949315892
129211089.13347593,74899733.33333333,charging,74899733.33333333,54311355.8001426,0.0,384.8513302084455,0.0,0.0,0.8318184435604495,12,227,524.6023195214152,33.56,76323259.59706035,539.92864453042,665.8542615389424,1445.0192141603052,11210.616829353734,2545018854.4606934,2338113611.8569856,367.20996716329955,1177308308.2155714,26522186.739271753,1150786121.4762998,0.3297076046787575,18.904140408136673,1596583127.9965458,41166757.18629175,0.7026629230066023
16585844.428419784,74899733.33333333,direct_plus_discharge,74899733.33333333,0.0,58313888.904913545,0.0,413.21335812840385,0.0,0.779623072007388,13,227,123.5619927125635,34.19,75817003.86516891,69.30653213036815,656.5210685994188,1445.0192143426812,11210.616829613675,2545018854.5197043,2337656068.2824492,367.17717637129715,1177259596.1418107,26015931.09092459,1151243665.0508862,0.32988654241062465,19.03576208145277,1592850049.0967312,40324467.39923158,0.7049116021727565
73727533.90628672,74899733.33333333,direct_plus_discharge,74899733.33333333,0.0,1172199.427046612,0.0,8.306228082917455,0.0,0.7785738642495458,14,227,298.74714106228674,34.58,75725264.60854317,308.0819743379026,665.9359829727156,1445.0192143395418,11210.616829589693,2545018854.5142603,2337573157.029088,367.17123453322324,1177250768.1392834,25924191.835036494,1151326576.304247,0.3299189732729278,19.05980174531793,1590539095.492084,40732508.13672215,0.7057847226317745
85743995.13348672,74899733.33333333,charging,74899733.33333333,10844261.80015339,0.0,76.84265136512586,0.0,0.0,0.7882803044219827,15,227,317.3682718934737,33.91,75845265.32551207,358.29462764780743,665.8524032840543,1445.0192141640011,11210.61682935077,2545018854.4600205,2337681610.1588817,367.17900684505423,1177262315.6421719,26044192.467721418,1151218123.1744504,0.32987655201012805,19.02836806964234,1594509195.2744267,40868974.70016072,0.7039461234781796
0.0,74899733.33333333,discharging,74899733.33333333,0.0,74899733.33333333,0.0,530.7409763745115,0.0,0.7212393389852023,16,227,0.0,33.07,75846263.5715575,1.0,654.15,1445.0192142091623,11210.616829726041,2545018854.5452137,2337682512.422567,367.1790715006584,1177262411.7077484,26045190.796981357,1151217220.910767,0.32987619911158933,19.02810699957667,1599486633.8075128,40341191.598948255,0.7020354229111931
113654841.58698395,74899733.33333333,charging,74899733.33333333,38755108.25365062,0.0,274.619455619456,0.0,0.0,0.7559281123266074,17,227,389.96890151098086,32.16,76152192.32459319,474.92444320308203,665.8535991687113,1445.0192143407771,11210.616829502564,2545018854.49448,2337959003.9061327,367.1988866967407,1177291848.9782133,26351119.551011104,1150940729.4272022,0.3297680633980106,18.94842053058903,1604878858.885023,41234567.98848061,0.6991867696585204
69491067.8697694,74899733.33333333,direct_plus_discharge,74899733.33333333,0.0,5408665.463563934,0.0,38.32590933588134,0.0,0.7510869448315487,18,227,269.71015258647583,31.21,75732066.12680891,290.37924170066685,665.1701809366156,1445.0192143024508,11210.616829320277,2545018854.453098,2337579303.978524,367.1716750569011,1177251422.6242344,25930993.269424636,1151320429.3548098,0.32991656881917575,19.058017454480446,1610508104.8450613,41079563.193049185,0.6970991922714229
0.0,74899733.33333333,discharging,74899733.33333333,0.0,74899733.33333333,0.0,530.7409763745115,0.0,0.6840459793947683,19,227,0.0,29.78,75846263.57155755,1.0,654.15,1445.019214342697,11210.616829613753,2545018854.5197225,2337682512.3998394,367.1790715007076,1177262411.7308333,26045190.797338028,1151217220.9334953,0.32987619911810195,19.028106999838712,1618981601.3954344,40722654.88282877,0.6936279259263912
0.0,74899733.33333333,discharging,74899733.33333333,0.0,74899733.33333333,0.0,530.7409763745115,0.0,0.6170050139579879,20,227,0.0,27.96,75846263.57155755,1.0,654.15,1445.019214202336,11210.616829619108,2545018854.520938,2337682512.4009204,367.1790715007052,1177262411.7300532,26045190.79763995,1151217220.9324133,0.3298761991177919,19.02810699982628,1629766051.5504544,40933677.124975435,0.6890629124870484
0.0,74899733.33333333,discharging,74899733.33333333,0.0,74899733.33333333,0.0,530.7409763745115,0.0,0.5499640485212075,21,227,0.0,27.17,75846263.57155755,1.0,654.15,1445.0192143463737,11210.616829610633,2545018854.519014,2337682512.3992085,367.179071500709,1177262411.7314663,26045190.797340635,1151217220.9341257,0.3298761991182826,19.02810699984597,1634447213.9803808,41025274.691621505,0.6871000441473037
0.0,74899733.33333333,discharging,74899733.33333333,0.0,74899733.33333333,0.0,530.7409763745115,0.0,0.4829230830844271,22,227,0.0,26.24,75846263.57155755,1.0,654.15,1445.0192143074023,11210.616829230255,2545018854.432661,2337682512.322214,367.1790715008757,1177262411.7252848,26045190.714166023,1151217221.011119,0.32987619914034466,19.028107000733762,1639957949.4991548,41133104.73843271,0.6848036090069028
0.0,74899733.33333333,discharging,74899733.33333333,0.0,74899733.33333333,0.0,530.7409763745115,0.0,0.41588211764764665,23,227,0.0,25.22,75846263.57155755,1.0,654.15,1445.0192141620887,11210.61682941168,2545018854.473848,2337682512.3589363,367.1790715007961,1177262411.6889427,26045190.714547027,1151217220.9743958,0.3298761991298218,19.02810700031032,1646001982.0036168,41251369.95106434,0.6823025241826972
0.0,74899733.33333333,discharging,74899733.33333333,0.0,74899733.33333333,0.0,530.7409763745115,0.0,0.34884115221086626,0,228,0.0,24.33,75846263.57155755,1.0,654.15,1445.0192143476302,11210.616829609673,2545018854.518796,2337682512.3990107,367.1790715007095,1177262411.7316906,26045190.797367916,1151217220.9343228,0.3298761991183391,19.02810699984829,1651275696.6398633,41354562.1463998,0.680135082637497
0.0,74899733.33333333,discharging,74899733.33333333,0.0,74899733.33333333,0.0,530.7409763745115,0.0,0.28180018677408586,1,228,0.0,23.03,75846263.57155755,1.0,654.15,1445.0192142091537,11210.616829639908,2545018854.52566,2337682512.4051294,367.17907150069607,1177262411.7250922,26045190.796887465,1151217220.9282048,0.329876199116586,19.028106999777762,1658978875.3220208,41505292.31936171,0.676993789671664
0.0,74899733.33333333,discharging,74899733.33333333,0.0,74899733.33333333,0.0,530.7409763745115,0.0,0.2147592213373055,2,228,0.0,22.16,75846263.57155755,1.0,654.15,1445.019214295619,11210.61682929938,2545018854.448354,2337682512.3362036,367.17907150084545,1177262411.7120285,26045190.71489863,1151217220.99713,0.3298761991363362,19.028107000572497,1664134079.5170026,41606165.58895927,0.6749076972887015
0.0,74899733.33333333,discharging,74899733.33333333,0.0,74899733.33333333,0.0,530.7409763745115,0.0,0.1477182559005251,3,228,0.0,21.58,75846263.57155755,1.0,654.15,1445.0192143427062,11210.61682952778,2545018854.5002046,2337682512.3824368,367.1790715007453,1177262411.7481854,26045190.797288068,1151217220.9508972,0.3298761991230884,19.028107000039373,1667570882.3136578,41673414.43535767,0.6735240966668801
0.0,74899733.33333333,discharging,74899733.33333333,0.0,74899733.33333333,0.0,530.7409763745115,0.0,0.08067729046374468,4,228,0.0,21.2,75846263.57155755,1.0,654.15,1445.019214200553,11210.616829733332,2545018854.546869,2337682512.4240437,367.17907150065525,1177262411.7062616,26045190.796971824,1151217220.9092898,0.329876199111166,19.028106999559608,1669822580.6976726,41717474.024377294,0.6726206715017515
0.0,74899733.33333333,discharging,74899733.33333333,0.0,74899733.33333333,0.0,530.7409763745115,0.0,0.01363632502696427,5,228,0.0,21.06,75846263.57155755,1.0,654.15,1445.0192141620935,11210.616829411698,2545018854.473852,2337682512.35894,367.1790715007961,1177262411.688946,26045190.714553427,1151217220.9743927,0.3298761991298209,19.028107000310285,1670652153.7865207,41733706.504542425,0.672288441332209
82919737.58949256,74899733.33333333,charging,74899733.33333333,8020004.256159231,0.0,56.82990713062204,0.0,0.0,0.02081483961188495,6,228,317.756588149766,20.64,75814207.8334355,346.4930279727335,665.8522817363837,1445.0192143110858,11210.616829227145,2545018854.4319553,2337653541.2290244,367.17699527493744,1177259327.080358,26013134.976050764,1151246192.1043072,0.3298875308376459,19.036493904464496,1673140873.0530639,42363160.61121805,0.6710833489824379
156264286.2434271,74899733.33333333,charging,74899733.33333333,81364552.91009378,0.0,576.5508144280725,0.0,-1.4901161193847656e-08,0.09364231090806253,7,228,528.9911150091872,22.28,76620755.29005699,652.9746388312753,665.8554064148713,1445.019214347626,11210.616829609617,2545018854.518783,2338382486.0541124,367.2292372908473,1177336929.7950733,26819682.51578037,1150517247.2792928,0.32960247701950346,18.827605623640356,1663423016.869419,42625281.92261874,0.6743755426466608
201039732.80908903,74899733.33333333,charging,74899733.33333333,126139999.4757557,0.0,893.8305051594706,0.0,0.0,0.20654721682294302,8,228,674.3641333857715,25.56,77113137.11257818,840.0758105230376,665.8572819338954,1445.0192143042432,11210.616829206132,2545018854.4271846,2338827502.429305,367.26113264779684,1177384295.1599138,27312064.25588635,1150072230.9040275,0.3294285191385194,18.702231113504457,1643987304.5021296,42519439.91669014,0.6819256636298536
219090099.04136515,74899733.33333333,charging,74899733.33333333,144190365.70803183,0.0,1021.7357535720472,0.0,0.0,0.3356085751688858,9,228,764.5049767023306,27.85,77311631.44162688,915.502074928277,665.8580312768182,1445.0192142054914,11210.616829729206,2545018854.5459323,2339006904.4801297,367.27399120876896,1177403387.5202641,27510558.66706048,1149892828.8532038,0.3293584045885906,18.652140378154325,1630417858.977406,42363038.8425308,0.6874138928486149
215053158.86541453,74899733.33333333,charging,74899733.33333333,140153425.5320812,0.0,993.1299164722773,0.0,0.0,0.4610565646180156,10,228,795.3201568067241,29.75,77267238.45140491,898.6330921507979,665.8578640205409,1445.019214302455,11210.616829320305,2545018854.453104,2338966781.29055,367.2711153812254,1177399117.6368136,27466165.594030697,1149932952.042783,0.32937408496774084,18.663320764544824,1619159367.0573301,42118225.739273675,0.6921979547722542
217337557.6006871,74899733.33333333,charging,74899733.33333333,142437824.26735377,0.0,1009.3172106217972,0.0,0.0,0.5885492649070847,11,228,837.6189970239043,31.43,77292359.28210984,908.1788077776503,665.8579586900187,1445.0192143358458,11210.616829506711,2545018854.495422,2338989485.936507,367.2727427347817,1177401533.9053407,27491286.508514527,1149910247.396826,0.32936521180749073,18.656992499440662,1609204489.9911573,41936910.74701988,0.6964335379651523
230368746.96291167,74899733.33333333,charging,74899733.33333333,155469013.62957835,0.0,1101.656473495384,0.0,0.0,0.7277058720854489,12,228,890.2166796901755,32.8,77435659.26593554,962.6316605176825,665.8584975541553,1445.0192142005546,11210.61682973334,2545018854.5468707,2339119003.1598945,367.28202595519144,1177415316.6647916,27634586.491353843,1149780730.1734378,0.32931459788526535,18.62097187068681,1601086524.7645762,41855366.99747783,0.6998304297544564
244014183.73583812,74899733.33333333,charging,74899733.33333333,169114450.4025048,0.0,1198.3483055435577,0.0,0.0,0.8790761843646352,13,228,908.4710421287689,33.52,77585713.93972825,1019.6512416561171,665.8590596912877,1445.0192143513068,11210.61682952048,2545018854.4985476,2339254625.968567,367.2917469348673,1177429748.5302317,27784641.165465478,1149645107.3647661,0.32926160247905384,18.5833959471854,1596820148.8790736,41852610.14306637,0.7015708908536469
73522968.19648741,74899733.33333333,direct_plus_discharge,74899733.33333333,0.0,1376765.1368459165,0.0,9.755784706416264,0.0,0.8778438747175089,14,228,299.675440842685,33.65,75725593.03260832,307.2271646837927,665.898729024155,1445.019214153483,11210.61682941894,2545018854.475496,2337573453.8141108,367.1712558047956,1177250799.6948025,25924520.175580658,1151326279.5192218,0.329918857178311,19.059715580493208,1596049831.0108583,40836486.131247215,0.7033636163135389
91400967.18555227,74899733.33333333,charging,74899733.33333333,16501233.85221894,0.0,116.92806604710864,0.0,0.0,0.8926137356918804,15,228,335.6963387901385,33.33,75907473.30830288,381.9331657384743,665.8526464451203,1445.019214342681,11210.616829613673,2545018854.519704,2337737832.158571,367.1830360324056,1177268301.7088223,26106400.53405856,1151161901.1747637,0.32985456204187125,19.012112063529518,1597945998.0710814,40968628.28946567,0.7023928413715419
195935977.40957928,74899733.33333333,charging,74899733.33333333,119974444.1020287,0.0,850.1412591059511,0.0,1061799.974217251,1.0000000000000004,16,228,635.0001287554993,32.61,77045336.39529553,814.3120778739469,665.8570250949451,1445.0192143427084,11210.6168295278,2545018854.5002093,2338766223.530833,367.2567405568425,1177377773.4235332,27244263.621066116,1150133509.802467,0.3294524702420639,18.719399989637363,1602212373.9565837,41666296.79912022,0.6996462270988294
189698240.86864772,74899733.33333333,charging,74899733.33333333,0.0,0.0,0.0,0.0,114798507.5353144,1.0000000000000004,17,228,615.2766720445144,31.78,75726014.31185772,312.9801920683546,665.8509835386022,1445.0192141571474,11210.616829415745,2545018854.4747705,2337573834.552715,367.1712830903765,1177250840.2354295,25924941.45481085,1151325898.7806187,0.32991870824783065,19.059605054917082,1607130557.2690384,41046883.22249727,0.6985448717446703
115242062.88112846,74899733.33333333,charging,74899733.33333333,0.0,0.0,0.0,0.0,40342329.54779513,1.0000000000000004,18,228,408.1714595947483,30.57,75726014.31185769,312.9801920683546,665.8509835386022,1445.0192142054807,11210.61682964311,2545018854.5263867,2337573834.5987363,367.17128309027703,1177250840.2718055,25924941.53720769,1151325898.734598,0.32991870823464314,19.059605054385607,1614300438.9655077,41184494.30903557,0.6954614177353335
0.0,74899733.33333333,discharging,74899733.33333333,0.0,74899733.33333333,0.0,530.7409763745115,0.0,0.9329590345632202,19,228,0.0,28.98,75846263.5715573,1.0,654.15,1445.0192143463753,11210.616829610653,2545018854.5190187,2337682512.3992085,367.179071500709,1177262411.7314696,26045190.797345277,1151217220.9341245,0.32987619911828225,19.02810699984607,1623722019.0459924,40815411.91234365,0.6916138979652299
0.0,74899733.33333333,discharging,74899733.33333333,0.0,74899733.33333333,0.0,530.7409763745115,0.0,0.8659180691264398,20,228,0.0,27.37,75846263.57155755,1.0,654.15,1445.0192142992923,11210.616829296196,2545018854.447631,2337682512.3355603,367.1790715008467,1177262411.7126577,26045190.71488358,1151217220.9977741,0.3298761991365208,19.0281070005799,1633262109.5677412,41002085.434242755,0.6875959149305048
0.0,74899733.33333333,discharging,74899733.33333333,0.0,74899733.33333333,0.0,530.7409763745115,0.0,0.7988771036896594,21,228,0.0,25.43,75846263.57155755,1.0,654.15,1445.0192143061538,11210.616829231263,2545018854.43289,2337682512.3224144,367.1790715008751,1177262411.7250705,26045190.714151327,1151217221.010919,0.32987619914028743,19.02810700073151,1644757622.3703454,41227021.23081666,0.6828159588405196
0.0,74899733.33333333,discharging,74899733.33333333,0.0,74899733.33333333,0.0,530.7409763745115,0.0,0.731836138252879,22,228,0.0,24.28,75846263.57155755,1.0,654.15,1445.0192142042267,11210.616829730117,2545018854.5461392,2337682512.423389,367.1790715006566,1177262411.7068942,26045190.796949923,1151217220.9099443,0.3298761991113535,19.02810699956721,1651571972.7430232,41360359.4607445,0.6800137247135873
0.0,74899733.33333333,discharging,74899733.33333333,0.0,74899733.33333333,0.0,530.7409763745115,0.0,0.6647951728160986,23,228,0.0,23.61,75846263.57155755,1.0,654.15,1445.0192143444635,11210.61682949947,2545018854.4937778,2337682512.3767037,367.1790715007576,1177262411.7546158,26045190.797987398,1151217220.9566283,0.32987619912473065,19.02810700010549,1655542072.5253658,41438043.47296331,0.6783916971704587
0.0,74899733.33333333,discharging,74899733.33333333,0.0,74899733.33333333,0.0,530.7409763745115,0.0,0.5977542073793182,0,229,0.0,22.5,75846263.57155755,1.0,654.15,1445.0192143513066,11210.616829606515,2545018854.5180793,2337682512.398371,367.1790715007108,1177262411.7323222,26045190.797360808,1151217220.9349613,0.32987619911852206,19.028106999855652,1662119402.0155153,41566743.8514154,0.6757214195394878
0.0,74899733.33333333,discharging,74899733.33333333,0.0,74899733.33333333,0.0,530.7409763745115,0.0,0.5307132419425378,1,229,0.0,21.33,75846263.57155755,1.0,654.15,1445.0192142091641,11210.616829726066,2545018854.5452194,2337682512.4225693,367.1790715006583,1177262411.7077527,26045190.79698732,1151217220.9107654,0.32987619911158883,19.02810699957668,1669052262.8294573,41702401.00708111,0.6729294651338525
0.0,74899733.33333333,discharging,74899733.33333333,0.0,74899733.33333333,0.0,530.7409763745115,0.0,0.4636722765057573,2,229,0.0,20.72,75846263.57155755,1.0,654.15,1445.0192143407849,11210.61682950263,2545018854.494495,2337682512.3773437,367.17907150075627,1177262411.7539854,26045190.79799472,1151217220.9559908,0.32987619912454796,19.028107000098146,1672666831.2880077,41773128.242086306,0.6714829612764769
0.0,74899733.33333333,discharging,74899733.33333333,0.0,74899733.33333333,0.0,530.7409763745115,0.0,0.3966313110689769,3,229,0.0,20.13,75846263.57155755,1.0,654.15,1445.0192141689436,11210.616829432707,2545018854.4786215,2337682512.363191,367.17907150078696,1177262411.684003,26045190.71385988,1151217220.9701433,0.32987619912860333,19.028107000261322,1676162889.305295,41841536.551353626,0.6700897876884757
0.0,74899733.33333333,discharging,74899733.33333333,0.0,74899733.33333333,0.0,530.7409763745115,0.0,0.3295903456321965,4,229,0.0,19.61,75846263.57155755,1.0,654.15,1445.0192143110798,11210.616829227114,2545018854.431948,2337682512.3215775,367.17907150087706,1177262411.7259197,26045190.71416289,1151217221.011757,0.3298761991405275,19.02810700074113,1679244160.7781575,41901828.62053838,0.6688666900440846
0.0,74899733.33333333,discharging,74899733.33333333,0.0,74899733.33333333,0.0,530.7409763745115,0.0,0.2625493801954161,5,229,0.0,19.05,75846263.57155755,1.0,654.15,1445.0192143005634,11210.616829295295,2545018854.4474263,2337682512.335377,367.17907150084716,1177262411.7128868,26045190.714930277,1151217220.9979565,0.32987619913657307,19.028107000582025,1682562453.1335485,41966758.541198894,0.6675544915124815
87854059.59228343,74899733.33333333,charging,74899733.33333333,12954326.2589501,0.0,91.79460941938133,0.0,0.0,0.27414448875365377,6,229,332.9536584115956,18.44,75868469.0557648,367.11186036947447,665.8524940302193,1445.0192141603131,11210.616829439876,2545018854.480249,2337702581.0873294,367.180509738136,1177264548.4440272,26067396.19802247,1151197152.2460048,0.3298683496107457,19.022301422563412,1686177021.5920994,42644163.23681499,0.6658856117383408
177143440.8386407,74899733.33333333,charging,74899733.33333333,102243707.50530736,0.0,724.5009125468646,0.0,0.0,0.3656603934964156,7,229,592.0043091499246,21.26,76850356.93513592,740.2214356436558,665.8562839663173,1445.0192142054836,11210.616829643135,2545018854.5263925,2338589999.945203,367.24411010959466,1177359017.5486224,27049284.1604911,1150309733.3881314,0.3295213531862963,18.76894258636353,1669467049.373881,42870781.86752585,0.6717773282823416
212530617.6969363,74899733.33333333,charging,74899733.33333333,137630884.363603,0.0,975.2551403800213,0.0,0.0,0.4888505164917867,8,229,710.5116058636213,24.32,77239498.84156731,888.0922613056902,665.8577594106908,1445.0192143358418,11210.616829592715,2545018854.514946,2338941709.8650327,367.26931838617054,1177396449.5363321,27438426.068030097,1149958023.468302,0.32938388324544077,18.670313514985192,1651334951.860495,42732979.400033675,0.6788145872123538
221122532.29948217,74899733.33333333,charging,74899733.33333333,146222798.96614885,0.0,1036.1376154188501,0.0,0.0,0.6197310573867993,9,229,772.6453662624934,26.89,77333981.48542738,923.9949135964821,665.8581154110093,1445.0192143513102,11210.616829520475,2545018854.4985466,2339027104.7934747,367.2754390758365,1177405537.251022,27532908.711163927,1149872628.539858,0.32935051033147844,18.646516372038107,1636106360.1580765,42486786.16279456,0.6850216391387878
216618813.61434707,74899733.33333333,charging,74899733.33333333,141719080.28101373,0.0,1004.22417666698,0.0,0.0,0.7465804270710494,10,229,803.5407585744233,28.93,77284455.47542101,905.1754241755732,665.8579289106274,1445.0192143513207,11210.61682960658,2545018854.518094,2338982342.367892,367.27223071733573,1177400773.6666849,27483382.7012433,1149917390.9654415,0.32936800356155826,18.65898312762659,1624018295.1491523,42222789.47076684,0.6901266578886125
209462628.20884588,74899733.33333333,charging,74899733.33333333,134562894.87551254,0.0,953.5153068192093,0.0,0.0,0.8670244658271601,11,229,813.5744336350119,30.71,77205761.10421947,875.2721897712178,665.8576320800707,1445.0192141620885,11210.616829411634,2545018854.4738374,2338911217.180118,367.26713283606364,1177393204.400413,27404688.24719824,1149988516.1532147,0.32939580043242406,18.67882507831155,1613470865.87666,41973390.94148318,0.6946706368498068
201451235.4791592,74899733.33333333,charging,74899733.33333333,126551502.14582588,0.0,896.7464211337209,0.0,0.0,0.9802976979703669,12,229,790.6973971676783,32.15,77117662.280955,841.7953384703806,665.8572990598602,1445.0192143426964,11210.61682952773,2545018854.500193,2338831592.391561,367.2614257867437,1177384730.4484432,27316589.506667018,1150068140.9417763,0.32942692060122897,18.701086298878746,1604938114.105655,41758701.24287984,0.698409160825611
212025691.5951915,74899733.33333333,charging,74899733.33333333,22011872.270305216,0.0,155.97655773460025,0.0,115114085.99155295,1.0000000000000007,13,229,801.2586938179993,33.12,75968072.10510027,404.960225966262,665.8528829343588,1445.01921430247,11210.616829320434,2545018854.453133,2337792599.8173833,367.1869610239947,1177274132.76371,26166999.247760758,1151107133.5159492,0.3298331416601234,18.996302162475338,1599190357.7043529,41025306.1579222,0.7018023049514085
229694460.66085738,74899733.33333333,charging,74899733.33333333,0.0,0.0,0.0,0.0,154794727.32752407,1.0000000000000007,14,229,811.8825106348066,33.65,75726014.31185752,312.98019206835454,665.8509835386022,1445.0192141571642,11210.61682932983,2545018854.4552665,2337573834.5353217,367.17128309041397,1177250840.2527895,25924941.45477811,1151325898.7980113,0.3299187082528146,19.059605055118038,1596049831.0108583,40834211.5433016,0.703364361107404
247220179.42697245,74899733.33333333,charging,74899733.33333333,0.0,0.0,0.0,0.0,172320446.09363914,1.0000000000000007,15,229,816.4746575968841,33.66,75726014.31185767,312.98019206835454,665.8509835386022,1445.0192143110683,11210.616829313078,2545018854.451463,2337573834.5319324,367.1712830904213,1177250840.2559116,25924941.454509202,1151325898.8014023,0.32991870825378633,19.059605055157153,1595990575.790226,40833074.26159475,0.7033903125513564
233128897.26030704,74899733.33333333,charging,74899733.33333333,0.0,0.0,0.0,0.0,158229163.9269737,1.0000000000000007,16,229,746.7134358885028,33.22,75726014.3118577,312.98019206835465,665.8509835386022,1445.0192141603104,11210.616829439818,2545018854.4802356,2337573834.5575867,367.17128309036593,1177250840.2298467,25924941.45409946,1151325898.7757473,0.3299187082464347,19.05960505486084,1598597805.498033,40883114.656699605,0.7022502577627352
198365986.91636077,74899733.33333333,charging,74899733.33333333,0.0,0.0,0.0,0.0,123466253.58302744,1.0000000000000007,17,229,640.9725269367759,32.38,75726014.31185769,312.9801920683546,665.8509835386022,1445.019214344472,11210.616829499544,2545018854.4937944,2337573834.569679,367.17128309033984,1177250840.3019617,25924941.538308248,1151325898.7636535,0.3299187082429692,19.05960505472114,1603575244.0311193,40978646.32008157,0.7000840200607737
108618150.58319148,74899733.33333333,charging,74899733.33333333,0.0,0.0,0.0,0.0,33718417.249858156,1.0000000000000007,18,229,387.36533512809854,31.0,75726014.31185769,312.9801920683546,665.8509835386022,1445.0192143476386,11210.616829609678,2545018854.5187974,2337573834.591968,367.1712830902917,1177250840.279037,25924941.537672427,1151325898.7413645,0.32991870823658215,19.059605054463766,1611752464.4783325,41135591.19563765,0.6965540677658947
0.0,74899733.33333333,discharging,74899733.33333333,0.0,74899733.33333333,0.0,530.7409763745115,0.0,0.9329590345632203,19,229,0.0,28.84,75846263.5715573,1.0,654.15,1445.0192141639966,11210.616829350733,2545018854.460012,2337682512.3466005,367.1790715008228,1177262411.7004886,26045190.7137573,1151217220.9867313,0.32987619913335653,19.02810700045261,1624551592.1348405,40831644.39250878,0.6912626449796895
0.0,74899733.33333333,discharging,74899733.33333333,0.0,74899733.33333333,0.0,530.7409763745115,0.0,0.8659180691264399,20,229,0.0,27.25,75846263.57155755,1.0,654.15,1445.0192141620828,11210.61682941163,2545018854.4738364,2337682512.3589253,367.1790715007962,1177262411.688942,26045190.714532685,1151217220.9744093,0.3298761991298257,19.028107000310502,1633973172.215325,41015998.98867001,0.6872983066194425
0.0,74899733.33333333,discharging,74899733.33333333,0.0,74899733.33333333,0.0,530.7409763745115,0.0,0.7988771036896595,21,229,0.0,25.36,75846263.57155755,1.0,654.15,1445.0192143476306,11210.616829609662,2545018854.5187936,2337682512.3990088,367.1790715007095,1177262411.7316906,26045190.797365263,1151217220.9343255,0.3298761991183399,19.028106999848323,1645172408.9147692,41235137.470899224,0.6826447280798938
0.0,74899733.33333333,discharging,74899733.33333333,0.0,74899733.33333333,0.0,530.7409763745115,0.0,0.7318361382528791,22,229,0.0,24.6,75846263.57155755,1.0,654.15,1445.0192143476193,11210.616829523524,2545018854.4992385,2337682512.3815727,367.1790715007472,1177262411.7490313,26045190.797268953,1151217220.9517624,0.3298761991233363,19.02810700004939,1649675805.6827996,41323256.648938484,0.6807911645819222
0.0,74899733.33333333,discharging,74899733.33333333,0.0,74899733.33333333,0.0,530.7409763745115,0.0,0.6647951728160987,23,229,0.0,23.78,75846263.57155755,1.0,654.15,1445.0192142956134,11210.616829299312,2545018854.448338,2337682512.3361893,367.17907150084545,1177262411.712023,26045190.714880306,1151217220.9971428,0.32987619913633986,19.028107000572643,1654534733.7746222,41418332.604191385,0.6788025233830399
0.0,74899733.33333333,discharging,74899733.33333333,0.0,74899733.33333333,0.0,530.7409763745115,0.0,0.5977542073793183,0,230,0.0,22.76,75846263.57155755,1.0,654.15,1445.0192142005426,11210.616829647175,2545018854.5273094,2337682512.4066014,367.179071500693,1177262411.723604,26045190.796872623,1151217220.9267313,0.3298761991161638,19.028106999760762,1660578766.279084,41536597.81682302,0.6763450029359263
0.0,74899733.33333333,discharging,74899733.33333333,0.0,74899733.33333333,0.0,530.7409763745115,0.0,0.5307132419425379,1,230,0.0,21.77,75846263.57155755,1.0,654.15,1445.0192143061333,11210.616829317165,2545018854.4523916,2337682512.3398085,367.1790715008376,1177262411.7077045,26045190.71417922,1151217220.9935253,0.3298761991353033,19.028107000530852,1666445033.12165,41651384.640847854,0.6739767199450892
0.0,74899733.33333333,discharging,74899733.33333333,0.0,74899733.33333333,0.0,530.7409763745115,0.0,0.46367227650575743,2,230,0.0,20.97,75846263.57155755,1.0,654.15,1445.019214300548,11210.616829295224,2545018854.44741,2337682512.3353624,367.17907150084716,1177262411.71288,26045190.71490975,1151217220.99797,0.32987619913657695,19.028107000582178,1671185450.7722085,41744141.67036286,0.6720750380384163
0.0,74899733.33333333,discharging,74899733.33333333,0.0,74899733.33333333,0.0,530.7409763745115,0.0,0.39663131106897703,3,230,0.0,20.13,75846263.57155755,1.0,654.15,1445.0192142054777,11210.6168296431,2545018854.5263844,2337682512.4057784,367.1790715006947,1177262411.724458,26045190.796904273,1151217220.9275537,0.3298761991163994,19.028106999770213,1676162889.305295,41841536.551353626,0.6700897876636855
0.0,74899733.33333333,discharging,74899733.33333333,0.0,74899733.33333333,0.0,530.7409763745115,0.0,0.32959034563219664,4,230,0.0,19.51,75846263.57155755,1.0,654.15,1445.019214351308,11210.616829606526,2545018854.5180817,2337682512.3983736,367.1790715007108,1177262411.7323236,26045190.797364783,1151217220.934959,0.3298761991185214,19.028106999855623,1679836712.9844775,41913423.24922777,0.6686319906169568
0.0,74899733.33333333,discharging,74899733.33333333,0.0,74899733.33333333,0.0,530.7409763745115,0.0,0.26254938019541624,5,230,0.0,19.13,75846263.57155755,1.0,654.15,1445.019214197408,11210.616829623266,2545018854.521882,2337682512.401764,367.17907150070346,1177262411.7292008,26045190.797631692,1151217220.931569,0.32987619911755,19.028106999816515,1682088411.3684926,41957482.838247396,0.6677416330968741
87733765.32317366,74899733.33333333,charging,74899733.33333333,12834031.989840329,0.0,90.94220187401075,0.0,0.0,0.2740368162216071,6,230,331.80928660590655,18.65,75867146.21666405,366.6091920451009,665.8524888582899,1445.019214306146,11210.616829317274,2545018854.452416,2337701385.515503,367.1804240584951,1177264421.1771474,26066073.359317224,1151198347.81783,0.32986881723157707,19.02264718119594,1684932661.9588277,42619492.06434309,0.6663754521893234
174625110.87635434,74899733.33333333,charging,74899733.33333333,99725377.54302101,0.0,706.6559771441077,0.0,0.0,0.3632986238608628,7,230,583.7520043491172,21.55,76822663.63468523,729.6982019789892,665.8561783982079,1445.0192143427003,11210.616829613773,2545018854.5197268,2338564970.660304,367.24231620843784,1177356353.533501,27021590.860421635,1150334762.6730793,0.329531137360996,18.77599960838337,1667748647.9755535,42821869.30759205,0.6724860220905279
220482530.10613078,74899733.33333333,charging,74899733.33333333,145582796.77279747,0.0,1031.602547350324,0.0,0.0,0.49360631405248273,8,230,735.1376464605407,24.73,77326943.57803334,921.3205648306749,665.8580889228392,1445.0192141534758,11210.616829332888,2545018854.4559608,2339020743.7716346,367.2749831500373,1177404860.2826335,27525870.72093445,1149878989.5616992,0.32935299619441055,18.648286990953938,1648905487.8145835,42733761.733104505,0.6797424390981439
217392450.61342254,74899733.33333333,charging,74899733.33333333,142492717.2800892,0.0,1009.7061835844336,0.0,0.0,0.6211481477684112,9,230,761.6129743333809,27.47,77292962.92369436,908.408186774124,665.8579609641262,1445.0192142054777,11210.616829729128,2545018854.5459146,2338990031.562672,367.2727818392775,1177401591.9197676,27491890.14910756,1149909701.7706602,0.32936499857854884,18.656840484352248,1632669557.3614213,42396916.20454602,0.6864860111029943
208190035.7303276,74899733.33333333,charging,74899733.33333333,133290302.39699428,0.0,944.4976916086215,0.0,0.0,0.7404531193400266,10,230,776.7329209410065,29.62,77191766.79590909,869.954464051437,665.8575792311628,1445.019214347634,11210.61682952365,2545018854.499267,2338898568.957344,367.2662262793192,1177391858.3976455,27390694.021656465,1150001164.375989,0.3294007436983099,18.682357830716327,1619929684.925546,42092141.94853064,0.6919290383441631
204951263.1475585,74899733.33333333,charging,74899733.33333333,130051529.81422518,0.0,921.5476856962657,0.0,0.0,0.856859142796397,11,230,800.7133825647724,31.37,77156151.00936861,856.4207487775831,665.8574446434361,1445.0192143444715,11210.616829585568,2545018854.513324,2338866378.9659896,367.2639190820655,1177388432.603226,27355078.23587951,1150033354.3673465,0.32941332459014966,18.691354535058974,1609560021.3149493,41869932.77394028,0.6963863962379387
237971848.987427,74899733.33333333,charging,74899733.33333333,159920310.86969906,0.0,1133.1984528618639,0.0,3151804.784394622,1.0000000000000009,12,230,927.4476503503374,32.77,77484608.81342389,981.2320987724647,665.8586811682818,1445.0192143061383,11210.616829317183,2545018854.4523954,2339163244.723814,367.28519702981,1177420024.5655708,27683535.95605231,1149736488.6095185,0.32929730971956217,18.6086981838659,1601264290.4264722,41885325.96467791,0.6997150333362127
133641565.69474667,74899733.33333333,charging,74899733.33333333,0.0,0.0,0.0,0.0,58741832.361413345,1.0000000000000009,13,230,530.813113824069,33.8,75726014.31182395,312.98019206835465,665.8509835386022,1445.0192142091641,11210.616829639988,2545018854.525678,2337573834.598072,367.171283090276,1177250840.2724378,25924941.537210036,1151325898.7352278,0.32991870823482683,19.05960505440134,1595161002.701378,40817152.31767958,0.7037538338779443
169630379.75445458,74899733.33333333,charging,74899733.33333333,0.0,0.0,0.0,0.0,94730646.42112125,1.0000000000000009,14,230,616.7928288138411,34.3,75726014.31185769,312.9801920683546,665.8509835386022,1445.0192143042484,11210.616829292236,2545018854.446732,2337573834.5277176,367.1712830904305,1177250840.2608662,25924941.455249768,1151325898.8056164,0.32991870825499386,19.059605055205754,1592198241.669779,40760288.23235135,0.7050551974976486
152734528.4086848,74899733.33333333,charging,74899733.33333333,0.0,0.0,0.0,0.0,77834795.07535146,1.0000000000000009,15,230,525.6862429004099,34.16,75726014.31185769,312.9801920683546,665.8509835386022,1445.0192143463678,11210.61682952456,2545018854.499474,2337573834.5747385,367.1712830903287,1177250840.2961574,25924941.537563626,1151325898.7585938,0.3299187082415193,19.059605054662754,1593027814.7586272,40776210.17624835,0.704690330778495
162529868.94839478,74899733.33333333,charging,74899733.33333333,0.0,0.0,0.0,0.0,87630135.61506145,1.0000000000000009,16,230,536.028744488024,33.56,75726014.31185769,312.9801920683546,665.8509835386022,1445.019214160306,11210.616829439829,2545018854.4802384,2337573834.557589,367.17128309036593,1177250840.2298458,25924941.45410079,1151325898.775745,0.32991870824643404,19.059605054860818,1596583127.9965458,40844447.07866404,0.7031308842608581
126188920.70968774,74899733.33333333,charging,74899733.33333333,0.0,0.0,0.0,0.0,51289187.37635441,1.0000000000000009,17,230,426.9355007726764,32.44,75726014.31185769,312.9801920683546,665.8509835386022,1445.0192143358431,11210.61682959274,2545018854.5149517,2337573834.5885415,367.17128309029897,1177250840.2831178,25924941.538327493,1151325898.7447903,0.32991870823756386,19.0596050545033,1603219712.7073276,40971822.629839994,0.7002383080075234
36682337.80276118,74899733.33333333,direct_plus_discharge,74899733.33333333,0.0,38217395.530572146,0.0,270.8092127393434,0.0,0.9657925204960838,18,230,170.15907216314122,30.94,75784739.5520225,153.28285722901276,659.6199175296591,1445.0192141639895,11210.616829350643,2545018854.4599915,2337626908.660773,367.1750866439588,1177256491.3667567,25983666.69419552,1151272824.6725612,0.3298979480380065,19.044210097014297,1612107995.8021245,40847375.11238927,0.6964935925859923
0.0,74899733.33333333,discharging,74899733.33333333,0.0,74899733.33333333,0.0,530.7409763745115,0.0,0.8987515550593033,19,230,0.0,29.2,75846263.57155564,1.0,654.1499999999978,1445.0192143426825,11210.616829613684,2545018854.5197067,2337682512.399822,367.17907150070744,1177262411.7308266,26045190.79731728,1151217220.9335093,0.3298761991181062,19.028106999839363,1622418404.192089,40789903.729226016,0.6921665887854453
0.0,74899733.33333333,discharging,74899733.33333333,0.0,74899733.33333333,0.0,530.7409763745115,0.0,0.8317105896225229,20,230,0.0,27.68,75846263.57155755,1.0,654.15,1445.0192143395436,11210.616829503671,2545018854.494732,2337682512.3775563,367.179071500756,1177262411.753768,26045190.797991727,1151217220.9557762,0.32987619912448646,19.028107000095638,1631425197.72815,40966142.08530568,0.6883659305986284
0.0,74899733.33333333,discharging,74899733.33333333,0.0,74899733.33333333,0.0,530.7409763745115,0.0,0.7646696241857425,21,230,0.0,25.99,75846263.57155755,1.0,654.15,1445.0192141689283,11210.616829432633,2545018854.478605,2337682512.3631754,367.17907150078696,1177262411.6839957,26045190.713839132,1151217220.9701567,0.3298761991286071,19.02810700026147,1641439330.0149543,41162091.31015615,0.6841889031946323
0.0,74899733.33333333,discharging,74899733.33333333,0.0,74899733.33333333,0.0,530.7409763745115,0.0,0.6976286587489621,22,230,0.0,25.59,75846263.57155755,1.0,654.15,1445.0192142042254,11210.61682973014,2545018854.546144,2337682512.4233937,367.1790715006566,1177262411.7068949,26045190.796955444,1151217220.9099395,0.3298761991113522,19.028106999567154,1643809538.840234,41208469.82491366,0.6832076660248402
0.0,74899733.33333333,discharging,74899733.33333333,0.0,74899733.33333333,0.0,530.7409763745115,0.0,0.6305876933121817,23,230,0.0,24.87,75846263.57155755,1.0,654.15,1445.019214295626,11210.616829213399,2545018854.4288344,2337682512.3188024,367.179071500883,1177262411.7293785,26045190.714847125,1151217221.0145314,0.3298761991413225,19.028107000773105,1648075914.7257361,41291951.151477166,0.6814485135342359
0.0,74899733.33333333,discharging,74899733.33333333,0.0,74899733.33333333,0.0,530.7409763745115,0.0,0.5635467278754013,0,231,0.0,23.9,75846263.57155755,1.0,654.15,1445.0192143024628,11210.616829320355,2545018854.4531155,2337682512.3404484,367.17907150083613,1177262411.7070816,26045190.714197796,1151217220.9928837,0.32987619913511945,19.02810700052354,1653823671.1270385,41404419.04976413,0.6790928180483479
0.0,74899733.33333333,discharging,74899733.33333333,0.0,74899733.33333333,0.0,530.7409763745115,0.0,0.49650576243862093,1,231,0.0,22.8,75846263.57155755,1.0,654.15,1445.0192143061472,11210.616829231209,2545018854.4328775,2337682512.3224034,367.1790715008751,1177262411.7250655,26045190.7141372,1151217221.0109282,0.32987619914029004,19.028107000731612,1660341745.396556,41531959.96534727,0.6764410410619288
0.0,74899733.33333333,discharging,74899733.33333333,0.0,74899733.33333333,0.0,530.7409763745115,0.0,0.42946479700184054,2,231,0.0,22.08,75846263.57155755,1.0,654.15,1445.0192142023332,11210.616829705126,2545018854.540466,2337682512.4183307,367.17907150066753,1177262411.7127051,26045190.79770293,1151217220.915002,0.32987619911280286,19.02810699962553,1664608121.2820587,41615441.29191078,0.6747165179094715
0.0,74899733.33333333,discharging,74899733.33333333,0.0,74899733.33333333,0.0,530.7409763745115,0.0,0.36242383156506014,3,231,0.0,21.53,75846263.57155755,1.0,654.15,1445.0192143463846,11210.616829610708,2545018854.519031,2337682512.39922,367.179071500709,1177262411.731474,26045190.797361165,1151217220.9341128,0.3298761991182789,19.02810699984587,1667867158.4168177,41679211.74970236,0.6734050862989913
0.0,74899733.33333333,discharging,74899733.33333333,0.0,74899733.33333333,0.0,530.7409763745115,0.0,0.2953828661282797,4,231,0.0,21.55,75846263.57155755,1.0,654.15,1445.0192143427012,11210.616829527791,2545018854.5002074,2337682512.382439,367.1790715007453,1177262411.7481837,26045190.79729028,1151217220.9508934,0.3298761991230873,19.02810700003933,1667748647.9755535,41676892.82396447,0.6734526854047448
0.0,74899733.33333333,discharging,74899733.33333333,0.0,74899733.33333333,0.0,530.7409763745115,0.0,0.22834190069149932,5,231,0.0,21.41,75846263.57155755,1.0,654.15,1445.0192141583987,11210.616829414721,2545018854.4745383,2337682512.359551,367.17907150079486,1177262411.6883044,26045190.714521464,1151217220.973783,0.3298761991296462,19.02810700030328,1668578221.064401,41693125.3041296,0.6731196329858397
87845973.76928847,74899733.33333333,charging,74899733.33333333,12946240.435955137,0.0,91.73731311937932,0.0,0.0,0.23992977182236827,6,231,330.6154697332471,21.14,75868380.13845478,367.07807249972694,665.8524936825833,1445.0192143110737,11210.616829227087,2545018854.431942,2337702500.6831427,367.1805039790945,1177264539.9312434,26067307.281051923,1151197232.6501915,0.32986838105468025,19.022324663529652,1670178112.0214648,42336470.58974707,0.6722262364007824
166879381.04048207,74899733.33333333,charging,74899733.33333333,91979647.70714875,0.0,651.7695839238734,0.0,0.0,0.322258561370647,7,231,559.5751521404138,22.32,76737486.22454931,697.3314644239706,665.8558532218966,1445.0192141603281,11210.616829439947,2545018854.480265,2338487987.1985693,367.2367986728449,1177348159.5015907,26936413.36682971,1150411746.134761,0.3295612318814049,18.797737100385085,1663185995.986891,42685634.093106695,0.6743835385085875
202291723.13673514,74899733.33333333,charging,74899733.33333333,127391989.80340181,0.0,902.7021331257429,0.0,0.0,0.43628409397600404,8,231,679.03276446536,24.97,77126904.86536846,845.3074469491718,665.8573340331436,1445.0192143395402,11210.616829589724,2545018854.5142674,2338839945.9559045,367.262024519161,1177385619.469301,27325832.091872357,1150059787.3774285,0.3294236556610592,18.69874845193403,1647483362.5194163,42595374.30582198,0.6804770466125034
251160562.51322764,74899733.33333333,charging,74899733.33333333,176260829.17989433,0.0,1248.987685432589,0.0,0.0,0.5940509595043311,9,231,873.1128439895463,27.52,77664300.47045437,1049.5134975387448,665.8593532291729,1445.0192143463898,11210.616829524683,2545018854.4995017,2339325654.545771,367.2968380724798,1177437306.4837565,27863227.69619524,1149574078.7875614,0.3292338494948303,18.563774638165768,1632373281.2582617,42594844.572288826,0.6863259431981925
206561891.32477695,74899733.33333333,charging,74899733.33333333,131662157.99144362,0.0,932.9606284840444,0.0,0.0,0.7118986178391578,10,231,773.7647192203569,29.58,77173862.59234862,863.1510092714788,665.8575115888382,1445.0192141652396,11210.616829435692,2545018854.479299,2338882386.886365,367.2650664404592,1177390136.1815777,27372789.734608684,1150017346.446969,0.32940706814098086,18.686879473721227,1620166705.8080738,42087011.402768485,0.6918422467880693
199386219.69024813,74899733.33333333,charging,74899733.33333333,124486486.3569148,0.0,882.1136788359898,0.0,0.0,0.8233235035868617,11,231,784.4662441043206,31.23,77094953.93707497,833.1663486265685,665.8572130975904,1445.0192141571454,11210.616829329687,2545018854.455234,2338811068.305648,367.2599547486025,1177382546.1076415,27293881.079954665,1150088665.0276868,0.32943494238983007,18.706832595605192,1610389594.403797,41852920.63356611,0.6960773945474217
195697253.3430488,74899733.33333333,charging,74899733.33333333,120797520.00971548,0.0,855.9735910974672,0.0,0.0,0.9314464835149627,12,231,778.127984674955,32.6,77054387.50808501,817.7514286462472,665.8570594079382,1445.019214342691,11210.616829613744,2545018854.51972,2338774404.0261364,367.25732688043684,1177378644.041058,27253314.733862124,1150125329.307196,0.32944927281071534,18.717106268739947,1602271629.1772158,41672350.70645473,0.6996134560428158
210240364.5438665,74899733.33333333,charging,74899733.33333333,76589590.71276473,0.0,542.7153388398843,0.0,58751040.49776842,1.0000000000000009,13,231,803.5068123389083,33.59,76568246.49845219,633.0217161821624,665.8552049858299,1445.0192143024726,11210.61682932043,2545018854.4531326,2338335028.7910566,367.22583600914106,1177331878.1833892,26767173.641112555,1150564704.5422766,0.329621031101873,18.84107100303475,1596405362.3346496,41295496.87500359,0.7025487579566477
223264567.91815847,74899733.33333333,charging,74899733.33333333,-9.127152152359486e-09,0.0,-6.467517879274156e-14,0.0,148364834.58482516,1.0000000000000009,14,231,797.8568608766709,34.22,75726014.31185828,312.98019206835454,665.8509835386033,1445.0192143407899,11210.61682950262,2545018854.494493,2337573834.5702996,367.1712830903385,1177250840.3013268,25924941.53829262,1151325898.763034,0.3299187082427916,19.059605054713856,1592672283.434835,40769386.486007154,0.7048466559683323
261655300.32425034,74899733.33333333,charging,74899733.33333333,0.0,0.0,0.0,0.0,186755566.99091703,1.0000000000000009,15,231,866.8326431826747,34.45,75726014.31185767,312.98019206835454,665.8509835386022,1445.019214205477,11210.616829729091,2545018854.545906,2337573834.6161394,367.1712830902394,1177250840.254454,25924941.537260298,1151325898.7171936,0.32991870822965585,19.05960505418462,1591309413.3602993,40743229.00674743,0.7054465455522124
222426184.49050012,74899733.33333333,charging,74899733.33333333,0.0,0.0,0.0,0.0,147526451.15716678,1.0000000000000009,16,231,715.4696574671034,34.18,75726014.3118577,312.98019206835465,665.8509835386022,1445.0192143463796,11210.616829524626,2545018854.499489,2337573834.5747523,367.1712830903287,1177250840.2961636,25924941.537582174,1151325898.7585814,0.32991870824151576,19.059605054662608,1592909304.3173628,40773935.612834506,0.7047424314690125
169798916.53403568,74899733.33333333,charging,74899733.33333333,0.0,0.0,0.0,0.0,94899183.20070235,1.0000000000000009,17,231,555.7840061602346,33.37,75726014.31185769,312.9801920683546,665.8509835386022,1445.019214344473,11210.616829585593,2545018854.5133295,2337573834.5870934,367.17128309030215,1177250840.2846172,25924941.538378965,1151325898.7462382,0.32991870823797875,19.059605054520038,1597708977.1885533,40866055.431095675,0.7026384973690049
90095892.42908737,74899733.33333333,charging,74899733.33333333,0.0,0.0,0.0,0.0,15196159.095754042,1.0000000000000009,18,231,330.01602002496844,32.11,75726014.31185769,312.9801920683546,665.8509835386022,1445.0192142042224,11210.616829730126,2545018854.546141,2337573834.616351,367.17128309023894,1177250840.2542334,25924941.537251573,1151325898.716982,0.3299187082295952,19.05960505418213,1605175134.9881825,41009352.92616862,0.6993905647693625
0.0,74899733.33333333,discharging,74899733.33333333,0.0,74899733.33333333,0.0,530.7409763745115,0.0,0.9329590345632204,19,231,0.0,30.35,75846263.5715573,1.0,654.15,1445.0192143476206,11210.616829523566,2545018854.499248,2337682512.3815813,367.1790715007472,1177262411.7490335,26045190.797279987,1151217220.9517534,0.32987619912333377,19.02810700004935,1615604053.8194113,40656565.49929918,0.6950700919431975
0.0,74899733.33333333,discharging,74899733.33333333,0.0,74899733.33333333,0.0,530.7409763745115,0.0,0.86591806912644,20,231,0.0,28.77,75846263.57155755,1.0,654.15,1445.019214162093,11210.616829411663,2545018854.473844,2337682512.358932,367.1790715007962,1177262411.6889458,26045190.71454416,1151217220.9744017,0.3298761991298235,19.028107000310413,1624966378.6792643,40839760.63259148,0.6910871522240694
0.0,74899733.33333333,discharging,74899733.33333333,0.0,74899733.33333333,0.0,530.7409763745115,0.0,0.7988771036896596,21,231,0.0,28.03,75846263.57155755,1.0,654.15,1445.019214347631,11210.616829523628,2545018854.499262,2337682512.381594,367.1790715007471,1177262411.749039,26045190.797298744,1151217220.9517403,0.32987619912333,19.028107000049125,1629351265.0060306,40925560.88489287,0.6892373785630909
0.0,74899733.33333333,discharging,74899733.33333333,0.0,74899733.33333333,0.0,530.7409763745115,0.0,0.7318361382528792,22,231,0.0,26.35,75846263.57155755,1.0,654.15,1445.0192143110726,11210.616829313061,2545018854.4514594,2337682512.338977,367.1790715008394,1177262411.7085624,26045190.714206446,1151217220.994356,0.32987619913554134,19.028107000540444,1639306142.072203,41120350.64687439,0.6850744296060136
0.0,74899733.33333333,discharging,74899733.33333333,0.0,74899733.33333333,0.0,530.7409763745115,0.0,0.6647951728160988,23,231,0.0,24.85,75846263.57155755,1.0,654.15,1445.0192141986302,11210.616829708117,2545018854.5411444,2337682512.418934,367.1790715006663,1177262411.7120605,26045190.79766191,1151217220.9143984,0.32987619911262983,19.028106999618593,1648194425.167,41294270.077215046,0.6813997774326571
0.0,74899733.33333333,discharging,74899733.33333333,0.0,74899733.33333333,0.0,530.7409763745115,0.0,0.5977542073793184,0,232,0.0,23.87,75846263.57155755,1.0,654.15,1445.0192142054827,11210.616829643131,2545018854.5263915,2337682512.4057846,367.1790715006947,1177262411.7244623,26045190.796912227,1151217220.92755,0.32987619911639837,19.028106999770177,1654001436.788934,41407897.43837093,0.6790202210678672
0.0,74899733.33333333,discharging,74899733.33333333,0.0,74899733.33333333,0.0,530.7409763745115,0.0,0.530713241942538,1,232,0.0,23.12,75846263.57155755,1.0,654.15,1445.0192143110623,11210.616829313021,2545018854.4514503,2337682512.3389688,367.1790715008394,1177262411.708558,26045190.714193646,1151217220.9943645,0.3298761991355438,19.028107000540547,1658445578.3363326,41494857.15354126,0.6772103286446133
0.0,74899733.33333333,discharging,74899733.33333333,0.0,74899733.33333333,0.0,530.7409763745115,0.0,0.4636722765057576,2,232,0.0,22.55,75846263.57155755,1.0,654.15,1445.0192143005509,11210.616829209192,2545018854.4278793,2337682512.317951,367.1790715008849,1177262411.730226,26045190.714843452,1151217221.0153825,0.3298761991415664,19.028107000782917,1661823125.9123554,41560946.53707071,0.6758412501532666
0.0,74899733.33333333,discharging,74899733.33333333,0.0,74899733.33333333,0.0,530.7409763745115,0.0,0.3966313110689772,3,232,0.0,21.93,75846263.57155755,1.0,654.15,1445.0192143513198,11210.61682960657,2545018854.5180917,2337682512.3983827,367.1790715007108,1177262411.7323287,26045190.797378458,1151217220.93495,0.32987619911851884,19.02810699985552,1665496949.5915382,41632833.23494484,0.67435834844899
0.0,74899733.33333333,discharging,74899733.33333333,0.0,74899733.33333333,0.0,530.7409763745115,0.0,0.3295903456321968,4,232,0.0,21.45,75846263.57155755,1.0,654.15,1445.0192141652624,11210.616829435825,2545018854.4793296,2337682512.3638244,367.17907150078554,1177262411.6833649,26045190.71385661,1151217220.9695082,0.3298761991284213,19.028107000253957,1668341200.1818736,41688487.452653855,0.6732147572022443
0.0,74899733.33333333,discharging,74899733.33333333,0.0,74899733.33333333,0.0,530.7409763745115,0.0,0.2625493801954164,5,232,0.0,21.07,75846263.57155755,1.0,654.15,1445.0192143395475,11210.616829503728,2545018854.4947443,2337682512.377565,367.1790715007558,1177262411.7537732,26045190.7980063,1151217220.955767,0.3298761991244838,19.02810700009557,1670592898.5658886,41732547.04167348,0.6723121611658908
75916806.08470178,74899733.33333333,charging,74899733.33333333,1017072.7513684481,0.0,7.206997422846202,0.0,0.0,0.263459737764618,6,232,293.76126970645504,20.69,75737198.7482718,317.23018884276394,665.8519799222217,1445.0192143463732,11210.616829610648,2545018854.519017,2337583942.74435,367.1720074887829,1177251916.5630412,25936125.974057302,1151315790.588984,0.3299147543264712,19.056671188244657,1672844596.949904,42314427.3948071,0.6712589178305799
167512225.30558953,74899733.33333333,charging,74899733.33333333,92612491.9722562,0.0,656.2539307727648,0.0,0.0,0.34635497112538827,7,232,560.523021031659,23.68,76744445.4184078,699.9759026726518,665.8558798165628,1445.019214204237,11210.616829644196,2545018854.5266333,2338494276.957945,367.23724946612464,1177348829.0191526,26943372.64376296,1150405456.3753896,0.3295587730248467,18.79595928605339,1655127285.980942,42532757.23774371,0.6776418288047079
207979808.04282704,74899733.33333333,charging,74899733.33333333,133080074.70949371,0.0,943.0080141003125,0.0,0.0,0.4654717729064804,8,232,695.7974576250384,27.6,77189454.98665035,869.0759949423549,665.8575704988738,1445.0192143395427,11210.616829589755,2545018854.514274,2338896479.5267615,367.26607651954646,1177391636.0197341,27388382.213161953,1150003253.8065722,0.3294015603088975,18.68294155183188,1631899239.4932055,42325049.12002912,0.6868872119631734
208657408.63377246,74899733.33333333,charging,74899733.33333333,133757675.30043913,0.0,947.8095051500846,0.0,0.0,0.5851950788201753,9,232,734.8611297828256,29.84,77196906.35206388,871.9074544637893,665.8575986426969,1445.0192142091587,11210.61682972598,2545018854.5451994,2338903214.1981,367.26655922147575,1177392352.7127047,27395833.577472642,1149996519.135232,0.3293989282136648,18.681060241069602,1618626070.0716424,42069439.60348212,0.6924788514423101
204091640.1819064,74899733.33333333,charging,74899733.33333333,129191906.84857307,0.0,915.4563805366903,0.0,0.0,0.7008316742563888,10,232,767.0117938921255,31.58,77146697.99985023,852.8286804360487,665.8574089008551,1445.0192143427048,11210.616829527808,2545018854.5002112,2338857835.209662,367.26330671612004,1177387523.349258,27345625.225585025,1150041898.123673,0.3294166638092165,18.69374380183368,1608315661.6816776,41840470.31921059,0.6969291425346495
196569812.45429802,74899733.33333333,charging,74899733.33333333,121670079.12096469,0.0,862.1565620379363,0.0,0.0,0.8097356610401282,11,232,777.2858159234362,32.92,77063982.77242206,821.3975526853675,665.8570957750476,1445.0192143042375,11210.616829292127,2545018854.4467072,2338783076.250738,367.25794845462855,1177379566.99838,27262909.915784523,1150116657.0825953,0.32944588319152845,18.714675238916872,1600375462.1169925,41640506.238466464,0.7004296421273422
188578500.08612818,74899733.33333333,charging,74899733.33333333,113678766.75279483,0.0,805.5299661871787,0.0,1.4901161193847656e-08,0.9114868146637719,12,232,755.9468586437627,34.01,76976104.76671693,788.0046103001519,665.8567623699943,1445.0192141640093,11210.616829350825,2545018854.460033,2338703651.4019494,367.25225581105667,1177371113.840324,27175031.908941608,1150196081.9313824,0.3294769277741143,18.7369624155395,1593916643.068107,41466995.78659877,0.7033188143773345
207193539.80651796,74899733.33333333,charging,74899733.33333333,98888999.2107766,0.0,700.7293839118147,0.0,33404807.262408033,1.000000000000001,13,232,796.886204239428,34.73,76813466.23920658,726.2032649556132,665.8561433205332,1445.0192141689379,11210.616829432696,2545018854.478619,2338556657.998135,367.24172042614344,1177355468.7167037,27012393.381504953,1150343075.3351986,0.32953438688733755,18.778344486049797,1589650267.1826038,41296290.00983223,0.7053223603570655
224516912.76192573,74899733.33333333,charging,74899733.33333333,0.0,0.0,0.0,0.0,149617179.42859238,1.000000000000001,14,232,805.6588998581835,35.1,75726014.31185725,312.98019206835465,665.8509835386022,1445.0192143005452,11210.6168292952,2545018854.447405,2337573834.528316,367.17128309042926,1177250840.2602186,25924941.455203008,1151325898.8050156,0.3299187082548218,19.059605055198933,1587457824.0192208,40669305.69579687,0.7071474197512697
232697990.78415674,74899733.33333333,charging,74899733.33333333,0.0,0.0,0.0,0.0,157798257.45082343,1.000000000000001,15,232,778.4868831083304,35.08,75726014.31185767,312.98019206835454,665.8509835386022,1445.0192143463742,11210.616829524588,2545018854.4994802,2337573834.574744,367.1712830903287,1177250840.2961607,25924941.53757157,1151325898.758589,0.3299187082415179,19.059605054662704,1587576334.460485,40671580.25921095,0.7070949628434136
223254240.11238116,74899733.33333333,charging,74899733.33333333,0.0,0.0,0.0,0.0,148354506.77904785,1.000000000000001,16,232,718.5157659297184,34.61,75726014.31185767,312.98019206835454,665.8509835386022,1445.0192143073916,11210.616829316179,2545018854.4521675,2337573834.53256,367.17128309041993,1177250840.2552752,25924941.454501737,1151325898.8007736,0.32991870825360614,19.059605055149884,1590361329.8301876,40725032.49943657,0.7058644627230987
184383942.35829353,74899733.33333333,charging,74899733.33333333,0.0,0.0,0.0,0.0,109484209.0249602,1.000000000000001,17,232,599.0854187556287,33.87,75726014.31185769,312.9801920683546,665.8509835386022,1445.0192141584105,11210.616829328736,2545018854.455018,2337573834.5351076,367.17128309041453,1177250840.2529955,25924941.454770055,1151325898.7982254,0.32991870825287595,19.05960505512036,1594746216.1569543,40809191.34574927,0.703935735540847
91064597.98942238,74899733.33333333,charging,74899733.33333333,0.0,0.0,0.0,0.0,16164864.656089053,1.000000000000001,18,232,332.4509218993097,32.29,75726014.31185769,312.9801920683546,665.8509835386022,1445.0192143073932,11210.616829316215,2545018854.4521756,2337573834.5325675,367.17128309041993,1177250840.2552779,25924941.454510786,1151325898.8007672,0.3299187082536043,19.05960505514981,1604108541.0168068,40988881.85544392,0.6998527155860561
0.0,74899733.33333333,discharging,74899733.33333333,0.0,74899733.33333333,0.0,530.7409763745115,0.0,0.9329590345632206,19,232,0.0,29.7,75846263.5715573,1.0,654.15,1445.0192143426866,11210.616829613726,2545018854.519716,2337682512.3998337,367.1790715007076,1177262411.7308283,26045190.797327,1151217220.9335012,0.3298761991181037,19.028106999838847,1619455643.16049,40731930.58578015,0.6934259954348051
0.0,74899733.33333333,discharging,74899733.33333333,0.0,74899733.33333333,0.0,530.7409763745115,0.0,0.8659180691264402,20,232,0.0,27.83,75846263.57155755,1.0,654.15,1445.0192141973878,11210.616829623166,2545018854.521859,2337682512.401743,367.17907150070346,1177262411.7291913,26045190.797601677,1151217220.9315896,0.3298761991175559,19.02810699981676,1630536369.4186702,40948750.14227163,0.6887391383023417
0.0,74899733.33333333,discharging,74899733.33333333,0.0,74899733.33333333,0.0,530.7409763745115,0.0,0.7988771036896598,21,232,0.0,26.63,75846263.57155755,1.0,654.15,1445.019214351299,11210.61682960646,2545018854.518067,2337682512.39836,367.17907150071085,1177262411.73232,26045190.797346015,1151217220.934974,0.32987619911852567,19.028106999855808,1637646995.894508,41087885.68654414,0.6857647586679941
0.0,74899733.33333333,discharging,74899733.33333333,0.0,74899733.33333333,0.0,530.7409763745115,0.0,0.7318361382528794,22,232,0.0,25.75,75846263.57155755,1.0,654.15,1445.0192141689301,11210.616829346567,2545018854.4590664,2337682512.3457556,367.17907150082465,1177262411.7013419,26045190.713765327,1151217220.9875765,0.3298761991335987,19.02810700046232,1642861455.3101223,41189918.419010654,0.6835998229901632
0.0,74899733.33333333,discharging,74899733.33333333,0.0,74899733.33333333,0.0,530.7409763745115,0.0,0.664795172816099,23,232,0.0,24.92,75846263.57155755,1.0,654.15,1445.0192143444572,11210.616829585475,2545018854.5133023,2337682512.3941097,367.17907150071983,1177262411.7372673,26045190.798045084,1151217220.939222,0.329876199119743,19.028106999904814,1647779638.6225762,41286153.83713248,0.6815703841013543
0.0,74899733.33333333,discharging,74899733.33333333,0.0,74899733.33333333,0.0,530.7409763745115,0.0,0.5977542073793186,0,233,0.0,24.49,75846263.57155755,1.0,654.15,1445.0192143427046,11210.616829613802,2545018854.5197334,2337682512.39985,367.1790715007076,1177262411.7308345,26045190.797351934,1151217220.9334826,0.32987619911809835,19.028106999838556,1650327613.1097515,41336010.7404968,0.6805237191973764
0.0,74899733.33333333,discharging,74899733.33333333,0.0,74899733.33333333,0.0,530.7409763745115,0.0,0.5307132419425382,1,233,0.0,24.36,75846263.57155755,1.0,654.15,1445.0192141639907,11210.616829350696,2545018854.4600034,2337682512.346593,367.17907150082283,1177262411.7004862,26045190.713744063,1151217220.986742,0.3298761991333596,19.028107000452685,1651097930.9779673,41351083.75779299,0.6802079182080886
0.0,74899733.33333333,discharging,74899733.33333333,0.0,74899733.33333333,0.0,530.7409763745115,0.0,0.4636722765057578,2,233,0.0,23.87,75846263.57155755,1.0,654.15,1445.0192142023136,11210.616829705014,2545018854.54044,2337682512.418307,367.17907150066765,1177262411.7126966,26045190.7976696,1151217220.915027,0.32987619911280996,19.028106999625823,1654001436.788934,41407897.43837093,0.6790202210604807
0.0,74899733.33333333,discharging,74899733.33333333,0.0,74899733.33333333,0.0,530.7409763745115,0.0,0.3966313110689774,3,233,0.0,23.41,75846263.57155755,1.0,654.15,1445.0192143073928,11210.616829230175,2545018854.432643,2337682512.3221974,367.1790715008757,1177262411.7252803,26045190.714143284,1151217221.011137,0.3298761991403499,19.028107000733975,1656727176.938005,41461232.73034207,0.6779090084803767
0.0,74899733.33333333,discharging,74899733.33333333,0.0,74899733.33333333,0.0,530.7409763745115,0.0,0.329590345632197,4,233,0.0,23.02,75846263.57155755,1.0,654.15,1445.019214311066,11210.61682931303,2545018854.4514527,2337682512.3389707,367.1790715008394,1177262411.7085605,26045190.7141963,1151217220.9943643,0.3298761991355437,19.028107000540547,1659038130.5426528,41506451.782230645,0.6769697383766843
0.0,74899733.33333333,discharging,74899733.33333333,0.0,74899733.33333333,0.0,530.7409763745115,0.0,0.2625493801954166,5,233,0.0,22.76,75846263.57155755,1.0,654.15,1445.0192143042423,11210.616829292167,2545018854.4467163,2337682512.334748,367.1790715008485,1177262411.7135177,26045190.714932002,1151217220.9985857,0.32987619913675337,19.02810700058922,1660578766.279084,41536597.81682302,0.6763450029781409
51552259.130136415,74899733.33333333,direct_plus_discharge,74899733.33333333,0.0,23347474.203196913,0.0,165.44065917213038,0.0,0.24165161272104227,6,233,218.7100803875962,22.6,75760866.3424417,215.41913763966696,662.0552793958269,1445.0192141689347,11210.61682934661,2545018854.459076,2337605332.7523804,367.17354040540397,1177254194.0656145,25959793.4846605,1151294400.580954,0.3299063874790957,19.050465635633547,1661526849.8091955,41917353.69614957,0.6758627011156703
161652248.81744415,74899733.33333333,charging,74899733.33333333,86752515.48411082,0.0,614.7300226834174,0.0,0.0,0.31930172084947395,7,233,542.5260267034276,23.56,76680005.05821976,675.4890789530256,665.8556333726997,1445.0192143073916,11210.616829316194,2545018854.452171,2338436035.762328,367.23307524970267,1177342629.7718744,26878932.200882565,1150463697.5709918,0.32958154167780945,18.81243372866493,1655838348.6285257,42510850.1235651,0.6774011483717994
202992852.00994503,74899733.33333333,charging,74899733.33333333,128093118.6766117,0.0,907.6703460441482,0.0,0.0,0.43395481719189266,8,233,680.9709721615098,26.86,77134614.96407092,848.2372230596595,665.8573632012174,1445.019214299292,11210.616829210174,2545018854.4281025,2338846914.355006,367.26252397824186,1177386361.0856612,27333542.10733441,1150052818.9783268,0.3294209321086757,18.696798666066663,1636284125.8199723,42380691.50497443,0.685099733495937
204241688.26779673,74899733.33333333,charging,74899733.33333333,129341954.9344634,0.0,916.5196242101242,0.0,0.0,0.5497257170921189,9,233,722.2622662162811,29.0,77148348.03252432,853.4556797143058,665.8574151403892,1445.0192142054725,11210.6168297291,2545018854.545908,2338859326.569754,367.26341360509724,1177387682.0215068,27347275.257928163,1150040406.7635787,0.32941608093270996,18.693326710210187,1623603508.6047287,42140292.51194043,0.6904065355024122
204168295.11429292,74899733.33333333,charging,74899733.33333333,129268561.78095959,0.0,915.9995588879093,0.0,0.0,0.6654309245305916,10,233,770.3347972935937,30.65,77147540.95057613,853.148995000515,665.8574120884736,1445.0192143073928,11210.616829316232,2545018854.4521794,2338858597.035817,367.26336132253425,1177387604.390751,27346468.09323456,1150041136.2975163,0.3294163660537764,18.69353072109917,1613826397.2004519,41948679.279466785,0.6945636231839151
200643025.94081917,74899733.33333333,charging,74899733.33333333,125743292.60748583,0.0,891.0194325263678,0.0,1.4901161193847656e-08,0.7779807475865538,11,233,796.4030261287461,31.88,77108774.64908955,838.4181091361265,665.8572654218071,1445.0192142023275,11210.616829619044,2545018854.5209236,2338823559.670774,367.2608500486553,1177383875.5377142,27307701.875154,1150076173.6625602,0.3294300601613769,18.70333489123163,1606538005.0627182,41785153.878334686,0.6977249378704441
192584016.73456287,74899733.33333333,charging,74899733.33333333,117684283.40122955,0.0,833.9131355559339,0.0,0.0,0.883317143656777,12,233,775.5953178024838,32.81,77020152.20206502,804.7422849775884,665.8569295787307,1445.019214351308,11210.616829606519,2545018854.51808,2338743461.8572364,367.2551091490129,1177375350.9039667,27219079.42786953,1150156271.476097,0.32946136697337647,18.725784969988172,1601027269.5439441,41629537.91101485,0.7001805040811204
206718204.16459745,74899733.33333333,charging,74899733.33333333,130360813.98500267,0.0,923.7392793838573,0.0,1457656.8462614566,1.000000000000001,13,233,800.3672827115373,33.37,77159552.11232242,857.713140817792,665.8574575011407,1445.0192143073953,11210.616829230159,2545018854.432639,2338869452.852808,367.26413940585627,1177388759.7354295,27358479.25490472,1150030280.4805248,0.329412123196919,18.690495043642112,1597708977.1885533,41640019.14466988,0.7015164452796989
223985180.33370307,74899733.33333333,charging,74899733.33333333,0.0,0.0,0.0,0.0,149085447.00036973,1.000000000000001,14,233,808.6004068130735,33.51,75726014.31185775,312.9801920683547,665.8509835386022,1445.0192141973853,11210.616829709188,2545018854.5413876,2337573834.6121106,367.1712830902482,1177250840.259185,25924941.537963666,1151325898.7212214,0.32991870823081004,19.059605054231106,1596879404.0997057,40850133.48719872,0.7030012418397427
227217305.11096925,74899733.33333333,charging,74899733.33333333,0.0,0.0,0.0,0.0,152317571.77763593,1.000000000000001,15,233,764.7989504338382,33.2,75726014.31185767,312.98019206835454,665.8509835386022,1445.0192141652376,11210.616829435674,2545018854.479295,2337573834.556751,367.17128309036775,1177250840.2306957,25924941.454112783,1151325898.776583,0.3299187082466742,19.059605054870463,1598716315.939297,40885389.22011345,0.7021985248939743
218079444.26086086,74899733.33333333,charging,74899733.33333333,0.0,0.0,0.0,0.0,143179710.92752755,1.000000000000001,16,233,704.5092832644384,32.25,75726014.31185767,312.98019206835454,665.8509835386022,1445.0192143476227,11210.616829523562,2545018854.499247,2337573834.57454,367.1712830903294,1177250840.296373,25924941.53758053,1151325898.7587924,0.3299187082415762,19.059605054664992,1604345561.8993351,40993430.98227162,0.6997499626155387
170799938.95688468,74899733.33333333,charging,74899733.33333333,0.0,0.0,0.0,0.0,95900205.62355135,1.000000000000001,17,233,559.7097084376079,31.37,75726014.31185769,312.9801920683546,665.8509835386022,1445.0192143358543,11210.616829592796,2545018854.5149646,2337573834.588553,367.17128309029897,1177250840.283124,25924941.538343605,1151325898.7447803,0.329918708237561,19.059605054503187,1609560021.3149493,41093511.77248131,0.697497006892359
80538193.91942361,74899733.33333333,charging,74899733.33333333,0.0,0.0,0.0,0.0,5638460.586090282,1.000000000000001,18,233,301.19857476258244,29.84,75726014.31185769,312.9801920683546,665.8509835386022,1445.0192143426866,11210.616829527638,2545018854.5001726,2337573834.575361,367.17128309032745,1177250840.2955217,25924941.537548654,1151325898.7579732,0.32991870824134145,19.0596050546556,1618626070.0716424,41267515.87364132,0.6936142825699944
0.0,74899733.33333333,discharging,74899733.33333333,0.0,74899733.33333333,0.0,530.7409763745115,0.0,0.9329590345632208,19,233,0.0,27.6,75846263.5715573,1.0,654.15,1445.01921416032,11210.61682943989,2545018854.4802523,2337682512.364646,367.1790715007838,1177262411.6825063,26045190.713820986,1151217220.9686854,0.32987619912818555,19.028107000244542,1631899239.4932055,40975417.78825705,0.6881670518217385
0.0,74899733.33333333,discharging,74899733.33333333,0.0,74899733.33333333,0.0,530.7409763745115,0.0,0.8659180691264404,20,233,0.0,26.29,75846263.57155755,1.0,654.15,1445.0192143005504,11210.61682929523,2545018854.4474115,2337682512.3353634,367.17907150084716,1177262411.712881,26045190.714910414,1151217220.9979706,0.32987619913657706,19.02810700058219,1639661673.395995,41127307.424088016,0.6849266827274617
0.0,74899733.33333333,discharging,74899733.33333333,0.0,74899733.33333333,0.0,530.7409763745115,0.0,0.79887710368966,21,233,0.0,25.25,75846263.57155755,1.0,654.15,1445.0192143463782,11210.61682952464,2545018854.499492,2337682512.381803,367.1790715007468,1177262411.7488155,26045190.797285374,1151217220.9515302,0.3298761991232698,19.028107000046642,1645824216.341721,41247891.56245754,0.682375824695287
0.0,74899733.33333333,discharging,74899733.33333333,0.0,74899733.33333333,0.0,530.7409763745115,0.0,0.7318361382528795,22,233,0.0,23.94,75846263.57155755,1.0,654.15,1445.0192141640034,11210.616829436824,2545018854.479556,2337682512.364026,367.1790715007852,1177262411.6831467,26045190.71383883,1151217220.969308,0.3298761991283639,19.028107000251662,1653586650.2445104,41399781.19828837,0.6791896381078247
0.0,74899733.33333333,discharging,74899733.33333333,0.0,74899733.33333333,0.0,530.7409763745115,0.0,0.6647951728160991,23,233,0.0,22.64,75846263.57155755,1.0,654.15,1445.0192143444553,11210.61682949944,2545018854.493771,2337682512.3767047,367.1790715007577,1177262411.754607,26045190.79797791,1151217220.956629,0.3298761991247309,19.028107000105404,1661289828.9266677,41550511.37125028,0.6760570522749182
0.0,74899733.33333333,discharging,74899733.33333333,0.0,74899733.33333333,0.0,530.7409763745115,0.0,0.5977542073793187,0,234,0.0,21.96,75846263.57155755,1.0,654.15,1445.0192141652467,11210.616829435707,2545018854.4793024,2337682512.3637996,367.1790715007856,1177262411.6833553,26045190.713821955,1151217220.9695334,0.3298761991284285,19.02810700025426,1665319183.9296424,41629354.84633804,0.6744299519392944
0.0,74899733.33333333,discharging,74899733.33333333,0.0,74899733.33333333,0.0,530.7409763745115,0.0,0.5307132419425383,1,234,0.0,21.31,75846263.57155755,1.0,654.15,1445.0192143476163,11210.616829609557,2545018854.5187697,2337682512.3989863,367.1790715007095,1177262411.7316833,26045190.797335904,1151217220.9343474,0.32987619911834615,19.028106999848585,1669170773.2707212,41704719.93281899,0.6728819399819347
0.0,74899733.33333333,discharging,74899733.33333333,0.0,74899733.33333333,0.0,530.7409763745115,0.0,0.463672276505758,2,234,0.0,20.76,75846263.57155755,1.0,654.15,1445.0192142956223,11210.61682921333,2545018854.4288187,2337682512.3187895,367.179071500883,1177262411.7293725,26045190.71482968,1151217221.0145428,0.32987619914132577,19.028107000773225,1672429810.4054801,41768490.39061055,0.6715776234755957
0.0,74899733.33333333,discharging,74899733.33333333,0.0,74899733.33333333,0.0,530.7409763745115,0.0,0.3966313110689776,3,234,0.0,20.26,75846263.57155755,1.0,654.15,1445.0192142091737,11210.616829726132,2545018854.545234,2337682512.422582,367.1790715006583,1177262411.7077584,26045190.79700696,1151217220.9107516,0.3298761991115849,19.028106999576522,1675392571.4370792,41826463.53405744,0.6703962613191633
0.0,74899733.33333333,discharging,74899733.33333333,0.0,74899733.33333333,0.0,530.7409763745115,0.0,0.3295903456321972,4,234,0.0,19.81,75846263.57155755,1.0,654.15,1445.0192142054746,11210.616829643064,2545018854.5263762,2337682512.405771,367.1790715006947,1177262411.7244573,26045190.79689435,1151217220.927563,0.3298761991164021,19.028106999770323,1678059056.365518,41878639.36315963,0.6693365834044542
0.0,74899733.33333333,discharging,74899733.33333333,0.0,74899733.33333333,0.0,530.7409763745115,0.0,0.2625493801954168,5,234,0.0,19.37,75846263.57155755,1.0,654.15,1445.01921434078,11210.616829588615,2545018854.514015,2337682512.3947477,367.17907150071846,1177262411.7366343,26045190.798048213,1151217220.938586,0.3298761991195607,19.028106999897457,1680666286.0733252,41929655.72939289,0.6683036880568886
56156412.62495826,74899733.33333333,direct_plus_discharge,74899733.33333333,0.0,18743320.708375067,0.0,132.8155373930604,0.0,0.2457726807352407,6,234,233.3575153334577,18.96,75753474.51306316,234.65830954310312,662.8356451359105,1445.0192143110783,11210.616829313121,2545018854.451473,2337598652.230192,367.1730616466228,1177253482.7588692,25952401.65572861,1151301081.1031406,0.3299090005960337,19.052403328919176,1683095750.1192365,42369109.018546656,0.6672411060741319
157451987.5141191,74899733.33333333,charging,74899733.33333333,82552254.18078576,0.0,584.9668888784707,0.0,0.0,0.31966323511988964,7,234,530.4302320195299,20.93,76633816.07577921,657.9376334278871,665.8554564746304,1445.0192143073846,11210.61682923009,2545018854.4326234,2338394290.268268,367.23008331307824,1177338186.2834077,26832743.218340673,1150505443.065067,0.32959786207494024,18.824259176014976,1671422471.654736,42787922.92821167,0.6711576634354588
204259581.57413572,74899733.33333333,charging,74899733.33333333,129359848.24080239,0.0,916.646416529059,0.0,0.0,0.4354501508919813,8,234,685.8668827606504,24.91,77148544.79971516,853.5304496795015,665.8574158844378,1445.0192141534758,11210.616829418896,2545018854.475486,2338859504.3475246,367.2634263518097,1177387700.928483,27347471.94267349,1150040228.9858096,0.32941601144381744,18.69327697379053,1647838893.8432083,42614281.58593134,0.6803147497379568
208475515.58344233,74899733.33333333,charging,74899733.33333333,133575782.250109,0.0,946.5206074353448,0.0,0.0,0.555010648673288,9,234,738.1251059107104,27.27,77194906.1301,871.147386045723,665.8575910883865,1445.019214302473,11210.616829234401,2545018854.4336023,2338901406.271058,367.2664296465905,1177392160.3349688,27393833.272696108,1149998327.0622728,0.32939963479066153,18.681565219818744,1633854661.7740612,42366297.11522393,0.6860660708026802
203092862.4724939,74899733.33333333,charging,74899733.33333333,128193129.13916056,0.0,908.3790221392235,0.0,0.0,0.6697532619961374,10,234,769.8863707127,29.23,77135714.74838595,848.6551323416337,665.8573673613375,1445.0192143024697,11210.61682932043,2545018854.4531326,2338847908.3751864,367.26259522207715,1177386466.8491936,27334641.891045116,1150051824.9581485,0.32942054360697787,18.696520575989833,1622240638.530193,42106745.22891278,0.6909926594534813
194966695.24937806,74899733.33333333,charging,74899733.33333333,120066961.91604473,0.0,850.796842146873,0.0,0.0,0.7772223367936371,11,234,780.1483849493192,30.82,77046353.78529328,814.6986779581241,665.8570289522969,1445.0192141986217,11210.616829708066,2545018854.541133,2338767143.0935154,367.2568064624153,1177377871.251199,27245281.011381105,1150132590.2398179,0.32945211082423614,18.719142136752623,1612819058.4497082,41873968.210321106,0.6950730870978175
190886757.06201142,74899733.33333333,charging,74899733.33333333,115987023.72867809,0.0,821.8863202966311,0.0,0.0,0.8810395561995273,12,234,774.3886771357901,31.87,77001487.95915982,797.6500212983449,665.8568587505722,1445.0192143513113,11210.616829520519,2545018854.498556,2338726592.949527,367.2539001006876,1177373555.5687141,27200415.184904773,1150173140.3838093,0.3294679605124433,18.730519633718163,1606597260.2833505,41728150.231026456,0.6977828122087167
204970708.81811562,74899733.33333333,charging,74899733.33333333,130070975.4847823,0.0,921.6854780984337,0.0,0.0,0.9974629850119611,13,234,799.5025129027582,32.37,77156364.8474275,856.5020055382568,665.8574454518737,1445.0192142054748,11210.616829729071,2545018854.5459013,2338866572.2645016,367.2639329344397,1177388453.1416554,27355292.07282357,1150033161.068832,0.3294132490450886,18.691300493512866,1603634499.2517514,41754173.658908576,0.6989431615780155
218012922.9707142,74899733.33333333,charging,74899733.33333333,2834412.434678846,0.0,20.08470198865204,0.0,140278777.20270205,1.0000000000000013,14,234,792.9984383754448,32.42,75757183.47414608,324.824225534518,665.8520583051803,1445.0192143042395,11210.616829206143,2545018854.4271874,2337602004.2569814,367.17330187100913,1177253839.6938095,25956110.617457192,1151297729.0763524,0.32990768943133314,19.05143101532501,1603338223.1485915,40991018.429740876,0.7001625343421267
221812576.2983037,74899733.33333333,charging,74899733.33333333,0.0,0.0,0.0,0.0,146912842.96497035,1.0000000000000013,15,234,751.1346837734047,32.06,75726014.31185876,312.98019206835465,665.8509835386022,1445.019214351319,11210.61682960656,2545018854.5180893,2337573834.591339,367.1712830902932,1177250840.2796707,25924941.537675254,1151325898.7419956,0.3299187082367629,19.059605054470776,1605471411.0913424,41015039.33470385,0.6992622978731938
219339826.45090282,74899733.33333333,charging,74899733.33333333,0.0,0.0,0.0,0.0,144440093.1175695,1.0000000000000013,16,234,709.43923060597,31.17,75726014.31185767,312.98019206835454,665.8509835386022,1445.0192142054843,11210.616829729184,2545018854.545927,2337573834.616158,367.1712830902393,1177250840.2544606,25924941.537285034,1151325898.7171755,0.32991870822965064,19.059605054184413,1610745125.727589,41116257.40661986,0.6969869932625175
176671478.76318336,74899733.33333333,charging,74899733.33333333,0.0,0.0,0.0,0.0,101771745.42985003,1.0000000000000013,17,234,577.805123496345,29.96,75726014.31185769,312.9801920683546,665.8509835386022,1445.0192141937184,11210.61682962636,2545018854.5225844,2337573834.595345,367.1712830902843,1177250840.2759087,25924941.537919484,1151325898.7379892,0.3299187082356149,19.059605054424793,1617915007.4240587,41253868.493158184,0.6939172470322026
92935775.54861636,74899733.33333333,charging,74899733.33333333,0.0,0.0,0.0,0.0,18036042.215283036,1.0000000000000013,18,234,338.58818241850145,28.33,75726014.31185769,312.9801920683546,665.8509835386022,1445.019214346377,11210.616829610664,2545018854.519021,2337573834.5921674,367.1712830902911,1177250840.2788155,25924941.53764891,1151325898.7411666,0.3299187082365254,19.05960505446149,1627573608.3870711,41439245.41138747,0.6898244648750889
0.0,74899733.33333333,discharging,74899733.33333333,0.0,74899733.33333333,0.0,530.7409763745115,0.0,0.9329590345632209,19,234,0.0,26.87,75846263.5715573,1.0,654.15,1445.0192143110783,11210.61682922708,2545018854.43194,2337682512.3215704,367.17907150087706,1177262411.7259173,26045190.714155156,1151217221.0117621,0.329876199140529,19.02810700074125,1636224870.59934,41060058.57768949,0.6863575776458054
0.0,74899733.33333333,discharging,74899733.33333333,0.0,74899733.33333333,0.0,530.7409763745115,0.0,0.8659180691264405,20,234,0.0,25.54,75846263.57155755,1.0,654.15,1445.0192142956244,11210.616829299395,2545018854.448357,2337682512.336207,367.17907150084545,1177262411.7120306,26045190.71490327,1151217220.9971273,0.3298761991363354,19.028107000572465,1644105814.9433935,41214267.13925835,0.6830852092941886
0.0,74899733.33333333,discharging,74899733.33333333,0.0,74899733.33333333,0.0,530.7409763745115,0.0,0.7988771036896601,21,234,0.0,24.43,75846263.57155755,1.0,654.15,1445.0192141640066,11210.616829436809,2545018854.4795527,2337682512.364023,367.1790715007852,1177262411.6831458,26045190.713835515,1151217220.9693103,0.3298761991283646,19.028107000251687,1650683144.4335434,41342967.517710425,0.6803779284716358
0.0,74899733.33333333,discharging,74899733.33333333,0.0,74899733.33333333,0.0,530.7409763745115,0.0,0.7318361382528797,22,234,0.0,23.17,75846263.57155755,1.0,654.15,1445.019214311081,11210.6168292271,2545018854.431945,2337682512.3215747,367.17907150087706,1177262411.7259195,26045190.714160237,1151217221.0117593,0.3298761991405282,19.02810700074116,1658149302.2331727,41489059.83919657,0.677330687928272
0.0,74899733.33333333,discharging,74899733.33333333,0.0,74899733.33333333,0.0,530.7409763745115,0.0,0.6647951728160993,23,234,0.0,21.69,75846263.57155755,1.0,654.15,1445.019214300549,11210.616829295239,2545018854.4474134,2337682512.3353653,367.17907150084716,1177262411.7128818,26045190.714912623,1151217220.9979692,0.3298761991365767,19.02810700058217,1666919074.8867059,41660660.34379935,0.6737860676093398
0.0,74899733.33333333,discharging,74899733.33333333,0.0,74899733.33333333,0.0,530.7409763745115,0.0,0.597754207379319,0,235,0.0,20.98,75846263.57155755,1.0,654.15,1445.0192141603143,11210.616829353843,2545018854.4607177,2337682512.3472285,367.17907150082146,1177262411.6998549,26045190.713749833,1151217220.986105,0.32987619913317706,19.028107000445356,1671126195.5515761,41742982.20749392,0.6720987428194786
0.0,74899733.33333333,discharging,74899733.33333333,0.0,74899733.33333333,0.0,530.7409763745115,0.0,0.5307132419425385,1,235,0.0,20.37,75846263.57155755,1.0,654.15,1445.019214307386,11210.616829316186,2545018854.452169,2337682512.339608,367.1790715008379,1177262411.7079265,26045190.714201856,1151217220.9937246,0.3298761991353604,19.02810700053318,1674740764.010127,41813709.44249912,0.67065580428578
0.0,74899733.33333333,discharging,74899733.33333333,0.0,74899733.33333333,0.0,530.7409763745115,0.0,0.4636722765057581,2,235,0.0,19.77,75846263.57155755,1.0,654.15,1445.0192142023222,11210.616829705037,2545018854.5404453,2337682512.418312,367.17907150066765,1177262411.7127004,26045190.797677767,1151217220.9150226,0.3298761991128087,19.028106999625777,1678296077.248046,41883277.21463539,0.6692425519050711
0.0,74899733.33333333,discharging,74899733.33333333,0.0,74899733.33333333,0.0,530.7409763745115,0.0,0.3966313110689777,3,235,0.0,19.21,75846263.57155755,1.0,654.15,1445.0192143110683,11210.616829227025,2545018854.4319277,2337682512.3215594,367.17907150087717,1177262411.7259119,26045190.71413794,1151217221.0117738,0.32987619914053234,19.028107000741326,1681614369.603437,41948207.13529589,0.6679288797219468
0.0,74899733.33333333,discharging,74899733.33333333,0.0,74899733.33333333,0.0,530.7409763745115,0.0,0.3295903456321973,4,235,0.0,18.69,75846263.57155755,1.0,654.15,1445.0192143513107,11210.616829606499,2545018854.5180755,2337682512.398368,367.1790715007108,1177262411.732323,26045190.797358595,1151217220.9349644,0.32987619911852295,19.028106999855687,1684695641.0763,42008499.20448065,0.6667136506360402
0.0,74899733.33333333,discharging,74899733.33333333,0.0,74899733.33333333,0.0,530.7409763745115,0.0,0.2625493801954169,5,235,0.0,18.25,75846263.57155755,1.0,654.15,1445.0192141583952,11210.616829328665,2545018854.455002,2337682512.3421326,367.1790715008325,1177262411.7056496,26045190.714448765,1151217220.991201,0.3298761991346373,19.028107000504104,1687302870.784107,42059515.570713915,0.665688828480742
67473864.344128,74899733.33333333,direct_plus_discharge,74899733.33333333,0.0,7425868.989205331,0.0,52.619853000278304,0.0,0.2559026619216975,6,235,267.4255478091548,17.87,75735304.68614453,281.95004283975135,664.8097133643488,1445.019214205481,11210.616829729159,2545018854.5459213,2337582230.9725432,367.1718848132112,1177251734.272354,25934231.91156416,1151317502.3607898,0.32991542390471806,19.057167971453076,1689554569.168122,42582226.55462437,0.6646804716600887
166364956.6126721,74899733.33333333,charging,74899733.33333333,91465223.27933876,0.0,648.1243623598433,0.0,0.0,0.33777100243030933,7,235,557.2604284314634,19.82,76731829.25724481,695.1818618946254,665.85583160017,1445.0192143024506,11210.616829320288,2545018854.4531,2338482874.409482,367.2364322337114,1177347615.3237152,26930756.399863485,1150416858.9238517,0.32956323063311244,18.799182481902296,1677999801.144886,42970581.025069274,0.6684698765549364
201115181.93058202,74899733.33333333,charging,74899733.33333333,126215448.59724869,0.0,894.3651391110973,0.0,0.0,0.45074344105486897,8,235,676.9170913705867,23.79,77113966.80337536,840.3910864190302,665.8572850740956,1445.0192143005513,11210.616829209192,2545018854.4278793,2338828252.3135877,367.26118639491125,1177384374.9664063,27312893.94666147,1150071481.0197449,0.32942822604923533,18.70202120151596,1654475478.5539901,42724884.01359075,0.6776285855135445
203581923.17133138,74899733.33333333,charging,74899733.33333333,128682189.83799805,0.0,911.844515823323,0.0,0.0,0.5659238009483414,9,235,723.9529873996906,26.43,77141092.79856077,850.6987485822153,665.8573877030184,1445.019214311084,11210.616829313145,2545018854.4514785,2338852769.118581,367.26294361161035,1177386984.155986,27340019.94123326,1150046964.214753,0.3294186438316805,18.695160804430714,1638832100.3071475,42434068.430603795,0.6840362255538496
202118789.30775934,74899733.33333333,charging,74899733.33333333,127219055.97442602,0.0,901.4767206288742,0.0,0.0,0.6797945446067255,10,235,769.4449120443181,28.66,77125003.1652086,844.5848160318216,665.8573268379282,1445.0192142005685,11210.616829647364,2545018854.5273523,2338838227.18936,367.2619013273895,1177385436.5345495,27323930.39057529,1150061506.1439743,0.32942432743063554,18.699229427719548,1625618186.1062157,42166917.90116024,0.6895741563949644
189389009.51567882,74899733.33333333,charging,74899733.33333333,114489276.1823455,0.0,811.2732518686648,0.0,0.0,0.7822711658953989,11,235,763.8247392109937,30.45,76985017.68977548,791.391450087752,665.8567962197917,1445.0192143395257,11210.616829589604,2545018854.5142403,2338711707.0125127,367.25283317774665,1177371971.2370648,27183944.91624633,1150188026.3208184,0.3294737790315631,18.73469964606484,1615011501.6130915,41883398.98841618,0.6941828512498059
193124853.36994016,74899733.33333333,charging,74899733.33333333,118225120.03660683,0.0,837.7455145397387,0.0,0.0,0.8880916519425238,12,235,787.7094514294117,31.69,77026099.61629993,807.002255026679,665.8569521411348,1445.0192143110712,11210.61682931309,2545018854.451466,2338748837.1200476,367.25549441644773,1177375922.9722419,27225026.75895478,1150150896.213287,0.3294592659561327,18.72427673863673,1607663854.2547262,41762314.90769494,0.6973036548809783
203363318.6293969,74899733.33333333,charging,74899733.33333333,125026621.74790806,0.0,885.9410887883643,0.0,3436963.5481555015,1.0000000000000013,13,235,798.5843709685672,32.38,77100893.63994029,835.4233884168657,665.8572355871678,1445.0192141603052,11210.61682935378,2545018854.4607034,2338816436.6764646,367.26033951997124,1177383117.4389822,27299820.782113716,1150083296.6568685,0.32943284416445284,18.705329240002186,1603575244.0311193,41722985.62180756,0.6990120550360507
225734313.8056222,74899733.33333333,charging,74899733.33333333,0.0,0.0,0.0,0.0,150834580.47228885,1.0000000000000013,14,235,823.435808745144,32.59,75726014.31186992,312.98019206840473,665.8509835386022,1445.0192143395386,11210.616829589728,2545018854.514268,2337573834.5879407,367.17128309030113,1177250840.2837663,25924941.53836246,1151325898.7454038,0.32991870823773845,19.059605054507358,1602330884.3978474,40954763.40424269,0.7006243255914228
230419039.76314706,74899733.33333333,charging,74899733.33333333,0.0,0.0,0.0,0.0,155519306.42981374,1.0000000000000013,15,235,781.2401627605892,32.34,75726014.31185767,312.98019206835454,665.8509835386022,1445.0192141652485,11210.61682934968,2545018854.4597726,2337573834.539343,367.1712830904053,1177250840.2480495,25924941.454059064,1151325898.7939904,0.32991870825166236,19.05960505507152,1603812264.913647,40983195.44690927,0.6999811992073518
219694774.88891557,74899733.33333333,charging,74899733.33333333,0.0,0.0,0.0,0.0,144795041.55558223,1.0000000000000013,16,235,710.8431502906145,31.74,75726014.3118577,312.98019206835465,665.8509835386022,1445.0192143463785,11210.616829610675,2545018854.5190234,2337573834.5921693,367.1712830902911,1177250840.278815,25924941.53765112,1151325898.741164,0.3299187082365247,19.059605054461457,1607367578.1515658,41051432.349324964,0.6984425024262009
178063659.17146933,74899733.33333333,charging,74899733.33333333,0.0,0.0,0.0,0.0,103163925.838136,1.0000000000000013,17,235,581.8526358046223,30.68,75726014.31185769,312.9801920683546,665.8509835386022,1445.0192143407835,11210.616829588605,2545018854.5140133,2337573834.587704,367.1712830903008,1177250840.2839758,25924941.53834655,1151325898.7456293,0.3299187082378043,19.05960505451301,1613648631.5385559,41171984.21025934,0.6957406064370597
87019822.4389763,74899733.33333333,charging,74899733.33333333,0.0,0.0,0.0,0.0,12120089.105642974,1.0000000000000013,18,235,320.1291085650519,29.21,75726014.31185769,312.9801920683546,665.8509835386022,1445.019214204228,11210.616829644137,2545018854.52662,2337573834.5989437,367.1712830902766,1177250840.2715883,25924941.537196536,1151325898.7343917,0.3299187082345841,19.05960505438324,1622359148.9714572,41339164.62117779,0.6920280493932746
0.0,74899733.33333333,discharging,74899733.33333333,0.0,74899733.33333333,0.0,530.7409763745115,0.0,0.932959034563221,19,235,0.0,27.41,75846263.5715573,1.0,654.15,1445.0192142054702,11210.616829729073,2545018854.545902,2337682512.4231806,367.1790715006572,1177262411.7071068,26045190.7969538,1151217220.910153,0.3298761991114133,19.028106999569637,1633025088.6852133,40997447.58276687,0.6876951749267636
0.0,74899733.33333333,discharging,74899733.33333333,0.0,74899733.33333333,0.0,530.7409763745115,0.0,0.8659180691264406,20,235,0.0,26.07,75846263.57155755,1.0,654.15,1445.0192143358545,11210.616829506767,2545018854.4954348,2337682512.3781805,367.1790715007545,1177262411.753132,26045190.79797941,1151217220.9551528,0.3298761991243078,19.028107000088482,1640965288.249899,41152815.607204646,0.6843854889352936
0.0,74899733.33333333,discharging,74899733.33333333,0.0,74899733.33333333,0.0,530.7409763745115,0.0,0.7988771036896603,21,235,0.0,24.7,75846263.57155755,1.0,654.15,1445.0192143513166,11210.616829606564,2545018854.5180902,2337682512.3983817,367.1790715007108,1177262411.732327,26045190.797375817,1151217220.934951,0.3298761991185191,19.028106999855535,1649083253.47648,41311662.02024912,0.6810344792102391
0.0,74899733.33333333,discharging,74899733.33333333,0.0,74899733.33333333,0.0,530.7409763745115,0.0,0.7318361382528799,22,235,0.0,23.06,75846263.57155755,1.0,654.15,1445.0192143476281,11210.616829609606,2545018854.5187807,2337682512.398997,367.1790715007095,1177262411.7316875,26045190.797350034,1151217220.9343376,0.3298761991183433,19.028106999848465,1658801109.6601245,41501813.93075489,0.6770659539319472
0.0,74899733.33333333,discharging,74899733.33333333,0.0,74899733.33333333,0.0,530.7409763745115,0.0,0.6647951728160995,23,235,0.0,22.16,75846263.57155755,1.0,654.15,1445.0192141571652,11210.6168293298,2545018854.4552593,2337682512.3423643,367.17907150083215,1177262411.705441,26045190.714470055,1151217220.9909708,0.32987619913457134,19.028107000501436,1664134079.5170026,41606165.58895927,0.6749076972850907
0.0,74899733.33333333,discharging,74899733.33333333,0.0,74899733.33333333,0.0,530.7409763745115,0.0,0.5977542073793191,0,236,0.0,21.34,75846263.57155755,1.0,654.15,1445.0192143061547,11210.61682931732,2545018854.4524264,2337682512.3398376,367.1790715008375,1177262411.70772,26045190.714224465,1151217220.9934955,0.32987619913529476,19.028107000530547,1668993007.6088252,41701241.54421217,0.6729532302826539
0.0,74899733.33333333,discharging,74899733.33333333,0.0,74899733.33333333,0.0,530.7409763745115,0.0,0.5307132419425387,1,236,0.0,20.89,75846263.57155755,1.0,654.15,1445.0192143476158,11210.616829523518,2545018854.4992375,2337682512.3815713,367.1790715007472,1177262411.7490299,26045190.797268063,1151217220.9517617,0.32987619912333616,19.028107000049378,1671659492.5372643,41753417.373314366,0.671885459887099
0.0,74899733.33333333,discharging,74899733.33333333,0.0,74899733.33333333,0.0,530.7409763745115,0.0,0.4636722765057582,2,236,0.0,20.36,75846263.57155755,1.0,654.15,1445.0192141986324,11210.616829708142,2545018854.5411506,2337682512.418939,367.1790715006663,1177262411.7120626,26045190.797667656,1151217220.9143949,0.32987619911262883,19.028106999618554,1674800019.230759,41814868.90536805,0.6706322011248359
0.0,74899733.33333333,discharging,74899733.33333333,0.0,74899733.33333333,0.0,530.7409763745115,0.0,0.3966313110689778,3,236,0.0,19.84,75846263.57155755,1.0,654.15,1445.0192143073928,11210.616829316232,2545018854.4521794,2337682512.3396177,367.1790715008379,1177262411.7079322,26045190.71421532,1151217220.993717,0.3298761991353582,19.028107000533097,1677881290.703622,41875160.97455282,0.6694071244043508
0.0,74899733.33333333,discharging,74899733.33333333,0.0,74899733.33333333,0.0,530.7409763745115,0.0,0.3295903456321974,4,236,0.0,19.32,75846263.57155755,1.0,654.15,1445.0192141652515,11210.6168293497,2545018854.4597774,2337682512.3463883,367.1790715008233,1177262411.7007077,26045190.71376427,1151217220.9869435,0.3298761991334173,19.02810700045504,1680962562.176485,41935453.043737575,0.6681865152881923
0.0,74899733.33333333,discharging,74899733.33333333,0.0,74899733.33333333,0.0,530.7409763745115,0.0,0.262549380195417,5,236,0.0,18.78,75846263.57155755,1.0,654.15,1445.0192143358524,11210.61682959279,2545018854.514963,2337682512.3955917,367.17907150071676,1177262411.7357843,26045190.798041735,1151217220.9377425,0.329876199119319,19.028106999887743,1684162344.0906122,41998064.03866021,0.66692366220204
56951456.672036424,74899733.33333333,direct_plus_discharge,74899733.33333333,0.0,17948276.661296904,0.0,127.18183971447044,0.0,0.24648430570516813,6,236,235.06808764107137,18.31,75752198.09385802,237.98052482322862,662.9717038976759,1445.019214351313,11210.616829520475,2545018854.4985466,2337597498.6826367,367.17297897463084,1177253359.9702926,25951125.319595587,1151302234.650697,0.3299094518171093,19.052737967085378,1686947339.4603148,42449516.355508104,0.6657247182906341
161644668.08196712,74899733.33333333,charging,74899733.33333333,86744934.7486338,0.0,614.6763054434533,0.0,-1.4901161193847656e-08,0.32412762849802534,7,236,542.1112263715934,21.56,76679921.6952188,675.4574016701373,665.8556330536236,1445.0192142005574,11210.61682973336,2545018854.5468755,2338435960.503455,367.233069849582,1177342621.7505198,26878848.92063905,1150463772.8298807,0.3295815711086933,18.81245505772589,1667689392.7549217,42741123.85226654,0.6726164913801596
204174115.41011724,74899733.33333333,charging,74899733.33333333,129274382.07678391,0.0,916.0408016180381,0.0,0.0,0.4398380455445144,8,236,686.1047987963738,25.51,77147604.95458049,853.1733160124055,665.8574123305019,1445.019214197387,11210.616829709192,2545018854.5413885,2338858654.9629445,367.26336546853656,1177387610.5510767,27346532.18068802,1150041078.3703887,0.3294163434219364,18.693514541445175,1644283580.6052895,42544245.03238361,0.6817773935734298
206851683.8081605,74899733.33333333,charging,74899733.33333333,131951950.47482719,0.0,935.0141036932617,0.0,0.0,0.5579450902215579,9,236,735.3790073772941,28.09,77177049.35120744,864.3619522624999,665.8575236307444,1445.019214347627,11210.61682952359,2545018854.4992533,2338885267.137758,367.26527287928576,1177390442.7725134,27375976.576941054,1150014466.1955724,0.32940594244834664,18.686074515470867,1628995733.682239,42261450.26059701,0.6881134018418722
204980443.1509649,74899733.33333333,charging,74899733.33333333,130080709.81763156,0.0,921.7544557715287,0.0,0.0,0.6743772320032247,10,236,781.8499459974581,30.0,77156471.89289387,856.5426819629813,665.857445856569,1445.0192143513113,11210.616829606508,2545018854.5180774,2338866668.9887,367.2639398689041,1177388463.4633305,27355399.118696734,1150033064.3446338,0.32941321123916556,18.691273441344997,1617677986.5415306,42028856.21497418,0.6929133716377375
196151648.35382563,74899733.33333333,charging,74899733.33333333,121251915.0204923,0.0,859.1934430374749,0.0,0.0,0.7829069300711164,11,236,792.4139400616567,31.54,77059384.3503467,819.6501889143981,665.857078347648,1445.0192143358506,11210.616829506705,2545018854.4954205,2338778920.1969213,367.2576505720963,1177379124.7131627,27258311.576752327,1150120813.1364102,0.3294475076225141,18.715840206830215,1608552682.5642054,41797727.4855255,0.6968949176688803
191353695.06464905,74899733.33333333,charging,74899733.33333333,116453961.73131572,0.0,825.1950521224621,0.0,0.0,0.8871420945497432,12,236,785.4683681706401,32.78,77006622.73284207,799.6011944099879,665.8568782397246,1445.0192141652512,11210.616829435745,2545018854.479311,2338731233.780376,367.2542327252245,1177374049.4280746,27205549.875117816,1150168499.5529568,0.32946614654445366,18.729216838152777,1601205035.2058403,41625691.99148133,0.7001138221435331
205656753.76039174,74899733.33333333,charging,74899733.33333333,126087489.45827916,0.0,893.4584181478798,0.0,4669530.968779251,1.0000000000000018,13,236,811.4789927831578,33.7,77112559.67605437,839.8563892430986,665.8572797483835,1445.0192143513104,11210.616829606519,2545018854.5180798,2338826980.616882,367.26109524146034,1177384239.6183102,27311486.90186184,1150072752.7164483,0.329428723095415,18.702377206837365,1595753554.907698,41576432.556532964,0.7024074325405787
219347959.97733396,74899733.33333333,charging,74899733.33333333,0.0,0.0,0.0,0.0,144448226.64400065,1.0000000000000018,14,236,805.5260770360107,34.33,75726014.31185736,312.9801920683517,665.8509835386029,1445.0192143005513,11210.616829209213,2545018854.427884,2337573834.51091,367.1712830904669,1177250840.2775714,25924941.45514929,1151325898.8224223,0.32991870825980973,19.059605055399953,1592020476.0078835,40756876.38723043,0.7051334323896319
224036051.64747053,74899733.33333333,charging,74899733.33333333,0.0,0.0,0.0,0.0,149136318.31413722,1.0000000000000018,15,236,763.1440023811776,34.51,75726014.31185767,312.98019206835454,665.8509835386022,1445.0192141603059,11210.616829439827,2545018854.4802375,2337573834.5575886,367.17128309036593,1177250840.2298467,25924941.454101004,1151325898.7757456,0.32991870824643427,19.05960505486083,1590953882.0365078,40736405.316505864,0.7056032065027902
222539365.44729838,74899733.33333333,charging,74899733.33333333,0.0,0.0,0.0,0.0,147639632.11396503,1.0000000000000018,16,236,719.7563674115456,34.14,75726014.3118577,312.98019206835465,665.8509835386022,1445.0192143110742,11210.616829227078,2545018854.43194,2337573834.5145264,367.17128309045904,1177250840.273261,25924941.454454597,1151325898.8188064,0.32991870825877356,19.059605055358116,1593146325.1998909,40778484.739662215,0.7046382378277246
176818919.00647068,74899733.33333333,charging,74899733.33333333,0.0,0.0,0.0,0.0,101919185.67313735,1.0000000000000018,17,236,577.3251001254671,33.51,75726014.31185769,312.9801920683546,665.8509835386022,1445.0192141584116,11210.616829414781,2545018854.4745517,2337573834.5525155,367.17128309037685,1177250840.2356558,25924941.454838347,1151325898.7808175,0.3299187082478876,19.059605054919455,1596879404.0997057,40850133.48719869,0.7030012418761322
88592329.9324341,74899733.33333333,charging,74899733.33333333,0.0,0.0,0.0,0.0,13692596.599100769,1.0000000000000018,18,236,323.433857947968,32.4,75726014.31185769,312.9801920683546,665.8509835386022,1445.0192143476295,11210.616829609651,2545018854.5187907,2337573834.5919623,367.1712830902917,1177250840.2790334,25924941.537662495,1151325898.741371,0.329918708236584,19.05960505446384,1603456733.5898554,40976371.75666771,0.7001354418115767
0.0,74899733.33333333,discharging,74899733.33333333,0.0,74899733.33333333,0.0,530.7409763745115,0.0,0.9329590345632213,19,236,0.0,30.85,75846263.5715573,1.0,654.15,1445.0192143513093,11210.61682952045,2545018854.498541,2337682512.3809524,367.1790715007486,1177262411.7496676,26045190.797287885,1151217220.9523797,0.32987619912351324,19.02810700005654,1612641292.7878122,40598592.35585231,0.69634009637527
0.0,74899733.33333333,discharging,74899733.33333333,0.0,74899733.33333333,0.0,530.7409763745115,0.0,0.8659180691264409,20,236,0.0,29.04,75846263.57155755,1.0,654.15,1445.0192141534835,11210.616829418988,2545018854.4755073,2337682512.360416,367.17907150079293,1177262411.6874588,26045190.7145428,1151217220.972916,0.32987619912939775,19.02810700029325,1623366487.7222004,40808455.13513016,0.6917645442950342
0.0,74899733.33333333,discharging,74899733.33333333,0.0,74899733.33333333,0.0,530.7409763745115,0.0,0.7988771036896605,21,236,0.0,28.48,75846263.57155755,1.0,654.15,1445.0192142091566,11210.616829639957,2545018854.525671,2337682512.40514,367.17907150069607,1177262411.7250943,26045190.796901368,1151217220.9281929,0.32987619911658256,19.02810699977762,1626684780.0775914,40873385.05579066,0.6903610590615357
0.0,74899733.33333333,discharging,74899733.33333333,0.0,74899733.33333333,0.0,530.7409763745115,0.0,0.7318361382528801,22,236,0.0,27.63,75846263.57155755,1.0,654.15,1445.019214346376,11210.616829610653,2545018854.5190187,2337682512.399213,367.179071500709,1177262411.7314665,26045190.79734572,1151217220.934121,0.32987619911828125,19.028106999845914,1631721473.8313098,40971939.39965038,0.6882416178769065
0.0,74899733.33333333,discharging,74899733.33333333,0.0,74899733.33333333,0.0,530.7409763745115,0.0,0.6647951728160997,23,236,0.0,26.57,75846263.57155755,1.0,654.15,1445.0192143395375,11210.616829589691,2545018854.51426,2337682512.3949647,367.1790715007181,1177262411.7364206,26045190.798053607,1151217220.9383671,0.329876199119498,19.02810699989494,1638002527.2182999,41094842.463757776,0.6856167139112092
0.0,74899733.33333333,discharging,74899733.33333333,0.0,74899733.33333333,0.0,530.7409763745115,0.0,0.5977542073793193,0,237,0.0,25.63,75846263.57155755,1.0,654.15,1445.0192143110683,11210.61682922699,2545018854.43192,2337682512.3215523,367.17907150087717,1177262411.7259102,26045190.71412911,1151217221.011781,0.3298761991405344,19.028107000741407,1643572517.9577057,41203831.97343791,0.6833056631278275
0.0,74899733.33333333,discharging,74899733.33333333,0.0,74899733.33333333,0.0,530.7409763745115,0.0,0.5307132419425389,1,237,0.0,24.6,75846263.57155755,1.0,654.15,1445.0192142042522,11210.616829730307,2545018854.546182,2337682512.4234285,367.1790715006565,1177262411.7069085,26045190.797003563,1151217220.909905,0.32987619911134225,19.028106999566738,1649675805.6827996,41323256.648938484,0.6807911645571691
0.0,74899733.33333333,discharging,74899733.33333333,0.0,74899733.33333333,0.0,530.7409763745115,0.0,0.4636722765057585,2,237,0.0,24.28,75846263.57155755,1.0,654.15,1445.0192142956219,11210.61682921335,2545018854.4288235,2337682512.3187933,367.179071500883,1177262411.7293732,26045190.7148352,1151217221.014538,0.32987619914132443,19.02810700077317,1651571972.7430232,41360359.4607445,0.6800137247753699
0.0,74899733.33333333,discharging,74899733.33333333,0.0,74899733.33333333,0.0,530.7409763745115,0.0,0.3966313110689781,3,237,0.0,24.43,75846263.57155755,1.0,654.15,1445.019214346379,11210.616829610684,2545018854.519026,2337682512.399215,367.179071500709,1177262411.731471,26045190.79735454,1151217220.9341166,0.32987619911828003,19.02810699984591,1650683144.4335434,41342967.517710425,0.6803779284508361
0.0,74899733.33333333,discharging,74899733.33333333,0.0,74899733.33333333,0.0,530.7409763745115,0.0,0.3295903456321977,4,237,0.0,24.6,75846263.57155755,1.0,654.15,1445.01921420917,11210.616829726101,2545018854.5452275,2337682512.4225755,367.1790715006583,1177262411.7077556,26045190.796999015,1151217220.9107566,0.3298761991115863,19.028106999576575,1649675805.6827996,41323256.648938484,0.6807911645576727
0.0,74899733.33333333,discharging,74899733.33333333,0.0,74899733.33333333,0.0,530.7409763745115,0.0,0.2625493801954173,5,237,0.0,24.4,75846263.57155755,1.0,654.15,1445.01921434446,11210.61682949947,2545018854.4937778,2337682512.3767037,367.1790715007576,1177262411.754616,26045190.797986954,1151217220.956629,0.3298761991247309,19.0281070001055,1650860910.0954394,41346445.90631724,0.6803050565130825
39671198.7209009,74899733.33333333,direct_plus_discharge,74899733.33333333,0.0,35228534.61243243,0.0,249.63008577394575,0.0,0.23101715883449783,6,237,180.9164900308863,24.21,75779941.02608982,165.77227771949472,660.0993064776733,1445.0192141689402,11210.616829432682,2545018854.4786158,2337622571.908811,367.17477584889934,1177256029.5929084,25978868.16838527,1151277161.424523,0.32989964435580327,19.04546714645783,1651986759.287447,41642769.47873531,0.6797691832069286
144820868.68771267,74899733.33333333,charging,74899733.33333333,69921135.35437934,0.0,495.46253365206917,0.0,0.0,0.2936018999273908,7,237,490.0059543930489,25.22,76494915.5446579,605.156537683084,665.8549232194626,1445.0192143426984,11210.616829527762,2545018854.5002007,2338268752.792604,367.2210859993594,1177324823.3111122,26693842.77038199,1150630980.5407302,0.32964694359429697,18.85990695817297,1646001982.0036168,42217496.91312671,0.6815648053528205
197524203.47408423,74899733.33333333,charging,74899733.33333333,122624470.1407509,0.0,868.9193954839529,0.0,0.0,0.4033601393569427,8,237,664.8830487569558,28.16,77074477.91710135,825.3856240894625,665.8571355424646,1445.0192143005534,11210.616829295222,2545018854.44741,2338792561.864505,367.25862832310804,1177380576.5292819,27273405.06045373,1150107171.4688282,0.3294421756808302,18.71201691009072,1628580947.1378148,42197160.093838714,0.6883661968581001
205552184.11169818,74899733.33333333,charging,74899733.33333333,130652450.77836485,0.0,925.8058234096808,0.0,0.0,0.5203040328402707,9,237,731.7884191666603,30.26,77162759.1524946,858.9317905450827,665.8574696241653,1445.0192142042415,11210.616829730263,2545018854.546172,2338872351.5167713,367.26434715795403,1177389068.194489,27361686.377926536,1150027381.8165624,0.32941099030734966,18.689684661237987,1616137350.805099,42002152.23210823,0.6935649139955125
207897559.04248536,74899733.33333333,charging,74899733.33333333,132997825.70915203,0.0,942.4251960740734,0.0,0.0,0.6393472155022589,10,237,794.3374078886035,31.87,77188550.51967554,868.7323046943536,665.8575670823324,1445.0192142091687,11210.61682964005,2545018854.525692,2338895662.0676975,367.26601792787596,1177391549.010681,27387477.745045193,1150004071.2656357,0.329401879796625,18.68316993500682,1606597260.2833505,41829559.5831045,0.6976373214789127
203224905.33420593,74899733.33333333,charging,74899733.33333333,128325172.00087261,0.0,909.314680441723,0.0,-1.4901161193847656e-08,0.7542080172422662,11,237,822.4160734238087,33.19,77137166.7831495,849.2068939885806,665.8573728537234,1445.0192143395327,11210.616829589673,2545018854.5142555,2338849220.7956595,367.26268928459467,1177386606.5473106,27336094.00963694,1150050512.5376737,0.32942003066507086,18.69615342816908,1598775571.159929,41648786.48471412,0.7010689076751708
194021387.77932423,74899733.33333333,charging,74899733.33333333,119121654.4459909,0.0,844.0983749120477,0.0,0.0,0.8608309698627353,12,237,800.0698495007701,34.1,77035958.52961826,810.7485635802212,665.8569895347439,1445.0192143513104,11210.616829520475,2545018854.4985466,2338757747.731808,367.2561330671322,1177376871.3568797,27234885.755354963,1150141985.6015248,0.3294557831154368,18.721777084086412,1593383346.0824187,41488838.60712001,0.7035057519312656
168013884.1734713,74899733.33333333,charging,74899733.33333333,93114150.84013797,0.0,659.8086953292898,0.0,0.0,0.9441752261148562,13,237,678.8566215031735,34.33,76749962.0067754,702.0721623231859,665.8559008948719,1445.0192143513218,11210.616829606593,2545018854.518097,2338499262.842849,367.2376068126187,1177349359.7230868,26948889.232599556,1150400470.4904873,0.32955682389498353,18.79455023310363,1592020476.0078835,41308242.12995595,0.7043288088401829
128297113.87041348,74899733.33333333,charging,74899733.33333333,53397380.537080154,0.0,378.3748836056105,0.0,0.0,0.9919699482545122,14,237,499.00704567382553,34.18,76313208.89208224,536.1094566555321,665.8542227046123,1445.0192141937146,11210.616829712335,2545018854.5421023,2338104528.2320204,367.20931614657894,1177307341.2195082,26512136.11819522,1150795205.1013129,0.329711156629008,18.906736506081895,1592909304.3173628,41090276.170353375,0.7042812120905341
99192653.06047145,74899733.33333333,charging,74899733.33333333,8971361.472370354,0.0,63.571242985126574,0.0,15321558.254767762,1.0000000000000018,15,237,371.0325803727491,34.34,75824669.61630991,350.46842215645165,665.8523226910667,1445.0192143427055,11210.616829527802,2545018854.50021,2337662996.357488,367.1776728756566,1177260333.8178904,26023596.842046153,1151236736.9758441,0.3298838325601089,19.033755955555122,1591961220.787251,40808905.81137284,0.705081945230155
0.0,74899733.33333333,discharging,74899733.33333333,0.0,74899733.33333333,0.0,530.7409763745115,0.0,0.9329590345632214,16,237,0.0,33.03,75846263.5715575,1.0,654.15,1445.0192143073814,11210.61682931614,2545018854.452159,2337682512.3395987,367.1790715008379,1177262411.7079246,26045190.71419082,1151217220.993734,0.3298761991353631,19.028107000533307,1599723654.6900408,40345829.450424016,0.7019319803984214
4838460.318954952,74899733.33333333,direct_plus_discharge,74899733.33333331,0.0,70061273.01437837,0.0,496.45555185366567,0.0,0.8702488595922321,17,237,72.68654097338307,31.9,75835863.93555567,20.218259432276128,654.8042546731713,1445.0192141973807,11210.616829623124,2545018854.5218496,2337673113.4939756,367.17839792321774,1177261411.000944,26034791.16158657,1151226619.8393574,0.3298798753649969,19.030827131894394,1606419494.6214545,40506633.66797309,0.6990153353356983
94913110.76327711,74899733.33333333,charging,74899733.33333333,20013377.429943785,0.0,141.81518418027272,0.0,0.0,0.8881623565413193,18,237,342.5472571687302,30.79,75946095.27164729,396.6092042583439,665.852797212369,1445.0192143024542,11210.616829320328,2545018854.4531093,2337772737.677232,367.18553757834894,1177272018.0703795,26145022.414277047,1151126995.6561024,0.32984090992571674,19.002032885221766,1612996824.111604,41279189.47279351,0.6958494146100211
0.0,74899733.33333333,discharging,74899733.33333333,0.0,74899733.33333333,0.0,530.7409763745115,0.0,0.8211213911045389,19,237,0.0,30.2,75846263.5715575,1.0,654.15,1445.0192141603122,11210.616829439823,2545018854.480237,2337682512.364632,367.17907150078383,1177262411.6825025,26045190.71380223,1151217220.9687002,0.3298761991281898,19.02810700024467,1616492882.128891,40673957.44233337,0.6946899934749878
0.0,74899733.33333333,discharging,74899733.33333333,0.0,74899733.33333333,0.0,530.7409763745115,0.0,0.7540804256677585,20,237,0.0,28.74,75846263.57155755,1.0,654.15,1445.019214340783,11210.616829502602,2545018854.4944887,2337682512.377338,367.17907150075627,1177262411.753982,26045190.79798766,1151217220.9559944,0.32987619912454896,19.02810700009818,1625144144.3411598,40843239.02119829,0.6910119683094866
0.0,74899733.33333333,discharging,74899733.33333333,0.0,74899733.33333333,0.0,530.7409763745115,0.0,0.6870394602309781,21,237,0.0,28.44,75846263.57155755,1.0,654.15,1445.0192143073953,11210.616829316199,2545018854.452172,2337682512.339611,367.1790715008379,1177262411.7079298,26045190.71420737,1151217220.9937224,0.3298761991353598,19.028107000533158,1626921800.9601192,40878022.90726643,0.6902610280436514
0.0,74899733.33333333,discharging,74899733.33333333,0.0,74899733.33333333,0.0,530.7409763745115,0.0,0.6199984947941977,22,237,0.0,27.47,75846263.57155755,1.0,654.15,1445.0192142091541,11210.616829639946,2545018854.5256686,2337682512.4051375,367.17907150069607,1177262411.7250938,26045190.79689762,1151217220.9281962,0.32987619911658356,19.028106999777663,1632669557.3614213,40990490.80555338,0.6878441187557962
0.0,74899733.33333333,discharging,74899733.33333333,0.0,74899733.33333333,0.0,530.7409763745115,0.0,0.5529575293574173,23,237,0.0,26.03,75846263.57155755,1.0,654.15,1445.0192142023195,11210.616829705055,2545018854.5404496,2337682512.418316,367.17907150066765,1177262411.712699,26045190.797680642,1151217220.9150183,0.32987619911280747,19.028106999625724,1641202309.1324267,41157453.458680406,0.6842871819175923
0.0,74899733.33333333,discharging,74899733.33333333,0.0,74899733.33333333,0.0,530.7409763745115,0.0,0.48591656392063687,0,238,0.0,24.42,75846263.57155755,1.0,654.15,1445.0192143463805,11210.616829610692,2545018854.519027,2337682512.3992167,367.179071500709,1177262411.7314723,26045190.79735609,1151217220.9341161,0.32987619911827987,19.028106999845907,1650742399.6541753,41344126.98057936,0.6803536360659245
0.0,74899733.33333333,discharging,74899733.33333333,0.0,74899733.33333333,0.0,530.7409763745115,0.0,0.4188755984838564,1,238,0.0,23.26,75846263.57155755,1.0,654.15,1445.019214351318,11210.616829520537,2545018854.4985604,2337682512.38097,367.1790715007485,1177262411.7496736,26045190.79731041,1151217220.9523633,0.3298761991235085,19.028107000056277,1657616005.247485,41478624.67337613,0.6775474424317283
0.0,74899733.33333333,discharging,74899733.33333333,0.0,74899733.33333333,0.0,530.7409763745115,0.0,0.351834633047076,2,238,0.0,22.63,75846263.57155755,1.0,654.15,1445.0192142993105,11210.616829296307,2545018854.447656,2337682512.3355823,367.1790715008467,1177262411.7126665,26045190.71491691,1151217220.9977496,0.3298761991365137,19.028107000579627,1661349084.1472998,41551670.83411921,0.6760330674762728
0.0,74899733.33333333,discharging,74899733.33333333,0.0,74899733.33333333,0.0,530.7409763745115,0.0,0.2847936676102956,3,238,0.0,22.12,75846263.57155755,1.0,654.15,1445.0192141640027,11210.616829350745,2545018854.460015,2337682512.3466034,367.17907150082283,1177262411.7004917,26045190.713759948,1151217220.9867318,0.32987619913335664,19.028107000452568,1664371100.3995306,41610803.44043503,0.674812094076424
0.0,74899733.33333333,discharging,74899733.33333333,0.0,74899733.33333333,0.0,530.7409763745115,0.0,0.21775270217351525,4,238,0.0,21.74,75846263.57155755,1.0,654.15,1445.019214346385,11210.616829610715,2545018854.5190325,2337682512.399226,367.17907150070903,1177262411.7314682,26045190.797362503,1151217220.9341056,0.32987619911827687,19.02810699984571,1666622798.783546,41654863.029454656,0.6739052126410849
0.0,74899733.33333333,discharging,74899733.33333333,0.0,74899733.33333333,0.0,530.7409763745115,0.0,0.15071173673673485,5,238,0.0,21.23,75846263.57155755,1.0,654.15,1445.0192143042245,11210.61682929208,2545018854.4466963,2337682512.3347297,367.17907150084864,1177262411.7135108,26045190.714904193,1151217220.9986064,0.3298761991367593,19.028107000589472,1669644815.0357766,41713995.63577048,0.6726919064663371
23833205.67341499,74899733.33333333,direct_plus_discharge,74899733.33333333,0.0,51066527.65991834,0.0,361.8584144974401,0.0,0.10500330543179504,6,238,134.41643620812755,20.58,75805368.44559073,99.59075896936913,657.6142889712917,1445.0192142005546,11210.616829647304,2545018854.527339,2337645552.5244083,367.1764227557561,1177258476.4798665,26004295.670929696,1151254180.8089368,0.329890655570205,19.038807844407522,1673496404.3768559,41946142.3810923,0.6711120596750483
139262985.09366757,74899733.33333333,charging,74899733.33333333,64363251.76033424,0.0,456.07926172302746,0.0,0.0,0.1626133174389143,7,238,474.05960796639613,22.59,76433797.20718488,581.9320561349816,665.8546879669035,1445.0192143073855,11210.616829316179,2545018854.4521675,2338213514.5162086,367.2171270949632,1177318943.1669526,26632724.349826768,1150686218.8171258,0.3296685414110501,18.87563356563223,1661586105.0298276,42485652.6727179,0.6752569037166004
195672150.01566744,74899733.33333333,charging,74899733.33333333,120772416.68233411,0.0,855.7957084283081,0.0,0.0,0.2707138279772269,8,238,659.8102924825314,27.51,77054111.45451179,817.6465304860653,665.8570583615306,1445.0192141620953,11210.616829325641,2545018854.4543157,2338774154.4680557,367.25730899803204,1177378617.4627137,27253038.59743575,1150125578.865278,0.3294493703467948,18.717176218557327,1632432536.4788935,42261224.8146666,0.686767697741289
211879879.0132249,74899733.33333333,charging,74899733.33333333,136980145.6798916,0.0,970.6439933306639,0.0,0.0,0.3933214902926792,9,238,754.1861092741051,30.36,77232342.86828898,885.3730484440381,665.8577324123822,1445.0192143061483,11210.616829317292,2545018854.45242,2338935242.135706,367.26885481742283,1177395761.2085755,27431270.01094757,1149964491.197628,0.32938641094647186,18.672118247071083,1615544798.5987792,42028443.83263593,0.6937639084417169
205537250.73093265,74899733.33333333,charging,74899733.33333333,130637517.39759932,0.0,925.7000051812928,0.0,0.0,0.5102520172629478,10,238,789.1002322921354,32.17,77162594.9346994,858.8693890895321,665.8574690034253,1445.019214346379,11210.616829610637,2545018854.519015,2338872203.0704665,367.2643365199633,1177389052.4233496,27361522.160481278,1150027530.2628684,0.3294110483228236,18.689726155777855,1604819603.664391,41780723.31475182,0.6984254232310957
192108939.03044188,74899733.33333333,charging,74899733.33333333,117209205.69710855,0.0,830.5467256460774,0.0,0.0,0.6151631826077154,11,238,785.3290696938693,33.36,77014927.91858698,802.7570988565451,665.8569097567645,1445.0192141620882,11210.616829325634,2545018854.4543138,2338738740.050617,367.2547707257287,1177374848.344223,27213855.061504237,1150160993.282719,0.329463212570239,18.727110012776183,1597768232.4091852,41563098.5383839,0.7016037402383452
0.0,74899733.33333333,discharging,74899733.33333333,0.0,74899733.33333333,0.0,530.7409763745115,0.0,0.548122217170935,12,238,14.570854479358768,33.84,75846263.57153417,1.0,654.15,1445.0192141603168,11210.616829439894,2545018854.4802527,2337682512.364623,367.1790715007822,1177262411.6825063,26045190.713820662,1151217220.9686856,0.32987619912818783,19.02810700025034,1594923981.81885,40251912.95802767,0.7040326515611772
72242937.12341464,74899733.33333333,direct_plus_discharge,74899733.33333333,0.0,2656796.2099186927,0.0,18.826109943609264,0.0,0.5457441822306897,13,238,334.843175776336,30.87,75727648.08383583,301.87835563902826,665.666258109184,1445.0192143513207,11210.616829520568,2545018854.4985676,2337575311.1269345,367.1713889071282,1177250997.515998,25926575.3095968,1151324422.206401,0.32991813067090736,19.059176434696415,1612522782.3465483,41141668.56334235,0.6962261428386584
122451316.35136257,74899733.33333333,charging,74899733.33333333,47551583.01802924,0.0,336.9514479687843,0.0,0.0,0.5883064703951677,14,238,483.5038569732454,30.45,76248924.45367329,511.6818819649364,665.8539740783058,1445.019214304243,11210.616829292188,2545018854.446721,2338046428.772333,367.20515225591726,1177301156.1580534,26447851.597054612,1150853304.5609987,0.3297338755691017,18.923357374281327,1615011501.6130915,41482782.97921718,0.694752354575279
0.0,74899733.33333333,discharging,74899733.33333333,0.0,74899733.33333333,0.0,530.7409763745115,0.0,0.5212655049583873,15,238,0.0,30.59,75846263.57153702,1.0,654.1499999999983,1445.0192143061438,11210.616829317223,2545018854.4524045,2337682512.3397956,367.17907150083624,1177262411.7077148,26045190.714197848,1151217220.993517,0.32987619913530286,19.028107000535964,1614181928.5242438,40628738.39043374,0.6956791154482411
0.0,74899733.33333333,discharging,74899733.33333333,0.0,74899733.33333333,0.0,530.7409763745115,0.0,0.45422453952160685,16,238,0.0,30.76,75846263.57155755,1.0,654.15,1445.0192141689438,11210.616829346673,2545018854.45909,2337682512.3457775,367.17907150082465,1177262411.7013502,26045190.713794027,1151217220.9875562,0.3298761991335929,19.02810700046208,1613174589.7735004,40609027.52167289,0.6961111532054092
0.0,74899733.33333333,discharging,74899733.33333333,0.0,74899733.33333333,0.0,530.7409763745115,0.0,0.38718357408482645,17,238,0.0,29.06,75846263.57155755,1.0,654.15,1445.0192143407746,11210.61682958857,2545018854.5140057,2337682512.3947406,367.17907150071846,1177262411.7366285,26045190.79803497,1151217220.9385936,0.3298761991195629,19.028106999897528,1623247977.2809365,40806136.20939229,0.6918147742947689
12199773.08417881,74899733.33333333,direct_plus_discharge,74899733.33333333,0.0,62699960.24915452,0.0,444.29314552004644,0.0,0.33106233465071533,18,238,96.81490390707636,28.33,75824045.57024288,50.97865043235526,655.872235259221,1445.0192143110796,11210.616829227107,2545018854.4319468,2337662432.301096,367.1776324568259,1177260273.7450843,26022972.712845698,1151237301.0322385,0.3298840531784245,19.03391925386862,1627573608.3870711,40970560.34917378,0.689965134039086
0.0,74899733.33333333,discharging,74899733.33333333,0.0,74899733.33333333,0.0,530.7409763745115,0.0,0.26402136921393493,19,238,0.0,26.57,75846263.57155631,1.0,654.1499999999999,1445.0192141652526,11210.616829435796,2545018854.4793224,2337682512.363818,367.17907150078554,1177262411.68336,26045190.713845372,1151217220.9695148,0.32987619912842336,19.028107000254337,1638002527.2182999,41094842.4637571,0.6856167139297598
0.0,74899733.33333333,discharging,74899733.33333333,0.0,74899733.33333333,0.0,530.7409763745115,0.0,0.19698040377715453,20,238,0.0,25.66,75846263.57155755,1.0,654.15,1445.0192143005518,11210.616829295268,2545018854.44742,2337682512.3353715,367.17907150084716,1177262411.7128832,26045190.71492123,1151217220.997962,0.3298761991365746,19.028107000582086,1643394752.2958097,41200353.584831096,0.683379179352507
0.0,74899733.33333333,discharging,74899733.33333333,0.0,74899733.33333333,0.0,530.7409763745115,0.0,0.1299394383403741,21,238,0.0,23.59,75846263.57155755,1.0,654.15,1445.019214165255,11210.616829349727,2545018854.459783,2337682512.346394,367.1790715008233,1177262411.7007113,26045190.713771768,1151217220.9869394,0.32987619913341615,19.028107000454998,1655660582.9666295,41440362.39870119,0.6783433973864883
0.0,74899733.33333333,discharging,74899733.33333333,0.0,74899733.33333333,0.0,530.7409763745115,0.0,0.06289847290359371,22,238,0.0,21.82,75846263.57155755,1.0,654.15,1445.01921434269,11210.616829613744,2545018854.51972,2337682512.3998375,367.1790715007076,1177262411.7308295,26045190.797332518,1151217220.933497,0.32987619911810245,19.02810699983873,1666148757.01849,41645587.32650316,0.6740959324203842
0.0,74899733.33333333,discharging,70271643.86520664,0.0,70271643.86520664,0.0,497.9462438201169,0.0,0.0,23,238,0.0,20.91,71159850.16829337,1.0,654.15,1445.019214339539,11210.616829503642,2545018854.494725,2333447389.623837,366.87562556155785,1176811121.1042154,25986866.862843834,1150824254.2413716,0.3302070216910711,20.26938727417066,1671540982.096,39171368.10685739,0.6727164003375005
0.0,74899733.33333333,shutdown,0.0,0.0,0.0,0.0,0.0,0.0,0.0,0,239,0.0,20.96,0.0,1.0,567.279923475184,1445.0192142042285,11210.616829730172,2545018854.5461516,2259509895.6758413,362.89907080586624,1179588764.8828597,25103923.8269291,1154484841.0559306,0.338161933525463,,1671244705.9928405,0.0,0.6907934169760513
0.0,74899733.33333333,shutdown,0.0,0.0,0.0,0.0,0.0,0.0,0.0,1,239,0.0,20.85,0.0,1.0,567.279923475184,1445.01921420547,11210.616829729075,2545018854.5459027,2259509895.675657,362.89907080586624,1179588764.8830736,25103923.82691885,1154484841.0561547,0.33816193352552865,,1671896513.419792,0.0,0.6905241034893398
0.0,74899733.33333333,shutdown,0.0,0.0,0.0,0.0,0.0,0.0,0.0,2,239,0.0,20.7,0.0,1.0,567.279923475184,1445.0192142993087,11210.616829210292,2545018854.428129,2259509895.571096,362.89907080586624,1179588764.9055333,25103923.744818315,1154484841.160715,0.3381619335561556,,1672785341.7292717,0.0,0.6901571961213181
0.0,74899733.33333333,shutdown,0.0,0.0,0.0,0.0,0.0,0.0,0.0,3,239,0.0,20.56,0.0,1.0,567.279923475184,1445.0192143463735,11210.616829610626,2545018854.5190125,2259509895.6517835,362.89907080586624,1179588764.9073305,25103923.827303473,1154484841.080027,0.3381619335325211,,1673614914.8181198,0.0,0.6898151007488427
0.0,74899733.33333333,shutdown,0.0,0.0,0.0,0.0,0.0,0.0,0.0,4,239,0.0,19.79,0.0,1.0,567.279923475184,1445.0192143110683,11210.616829226992,2545018854.4319205,2259509895.5744615,362.89907080586624,1179588764.901445,25103923.744095042,1154484841.1573498,0.3381619335551698,,1678177566.806782,0.0,0.6879396221188268
0.0,74899733.33333333,shutdown,0.0,0.0,0.0,0.0,0.0,0.0,0.0,5,239,0.0,18.96,0.0,1.0,567.279923475184,1445.019214202324,11210.61682970506,2545018854.540451,2259509895.670817,362.89907080586624,1179588764.8886442,25103923.827647675,1154484841.0609965,0.33816193352694685,,1683095750.1192365,0.0,0.6859293899228305
74560080.91919844,74899733.33333333,direct_partial,74560080.91919844,0.0,0.0,0.0,0.0,0.0,0.0,6,239,286.9034524996441,17.57,75382626.8445285,311.5609015971947,665.8496211672192,1445.0192143513134,11210.616829606543,2545018854.5180855,2337263493.312323,367.1490429171796,1177217794.0914156,25921206.4844757,1151296587.60694,0.3299427751917436,19.14559930083777,1691332225.7870815,42469433.5655049,0.6640301567347918
168965931.55655268,74899733.33333333,charging,74899733.33333333,94066198.22321935,0.0,666.5549217197452,0.0,0.0,0.08419641116459939,7,239,565.2602509334691,15.91,76760431.37920198,706.0504404765792,665.855940888945,1445.0192143463885,11210.616829524712,2545018854.4995084,2338508725.047492,367.2382849848989,1177350366.890792,26959358.604949683,1150391008.2858422,0.32955312485632876,18.791876691569176,1701168592.4119902,43437352.11846919,0.6593987667487037
200434717.02853686,74899733.33333333,charging,74899733.33333333,125534983.69520353,0.0,889.5433514968106,0.0,0.0,0.196559781879986,8,239,679.3225543190275,16.39,77106483.9400123,837.5476579279024,665.8572567506411,1445.0192142023204,11210.616829705064,2545018854.5404515,2338821489.320556,367.26070165729436,1177383655.1789172,27305411.166138943,1150078244.0127783,0.3294308693542961,18.70391453003346,1698324341.8216553,43577659.05502368,0.6602427940457943
207329730.86776197,74899733.33333333,charging,74899733.33333333,132429997.53442864,0.0,938.4015545141704,0.0,0.0,0.31509471508177594,9,239,746.1951761281468,17.61,77182306.28777982,866.3595462975269,665.8575434931322,1445.0192143110746,11210.616829227081,2545018854.4319406,2338890018.3652263,367.26561342498366,1177390948.3984826,27381233.43037656,1150009714.968106,0.3294040855147798,18.684746787661844,1691095204.9045534,43479110.1679234,0.6629924731244821
200114013.8699142,74899733.33333333,charging,74899733.33333333,125214280.53658088,0.0,887.2708426378501,0.0,0.0,0.427171032046557,10,239,778.5801620129467,19.09,77102957.2659554,836.2075498698919,665.8572433998945,1445.019214204231,11210.616829730145,2545018854.5461454,2338818301.879798,367.26047320067016,1177383315.944889,27301884.491356526,1150081431.4535325,0.32943211516002224,18.70480698378289,1682325432.2510207,43263018.66838067,0.66648651411683
152561700.49910057,74899733.33333333,charging,74899733.33333333,77661967.16576722,0.0,550.3142193749408,0.0,1.4901161193847656e-08,0.4966844071254969,11,239,646.8238828165563,20.52,76580039.09267363,637.5028080805355,665.8552502473971,1445.0192143444747,11210.6168295856,2545018854.5133314,2338345686.9299746,367.22659987794316,1177333012.722555,26778966.319198314,1150554046.4033566,0.32961686410789953,18.838045296453885,1673851935.7006474,42805040.58963618,0.6702294414634412
189198020.89603466,74899733.33333333,charging,74899733.33333333,114298287.56270133,0.0,809.9199027717428,0.0,0.0,0.5989900790545591,12,239,798.2159442434676,21.47,76982917.44663253,790.5933744178017,665.8567882441217,1445.0192143061458,11210.616829231196,2545018854.4328747,2338709808.725303,367.2526971270096,1177371769.19724,27181844.58920721,1150189924.608033,0.3294745210180812,18.735232799074144,1668222689.7406094,42920477.08624156,0.6721763245216639
194597144.52636534,74899733.33333333,charging,74899733.33333333,119697411.19303201,0.0,848.1781984905759,0.0,0.0,0.7061283778112635,13,239,792.1361163335504,22.16,77042289.9495872,813.1544527503704,665.8570135439857,1445.0192142005553,11210.616829733346,2545018854.546872,2338763470.1677036,367.25654321065656,1177377480.340635,27241217.175004832,1150136263.1656303,0.3294535464313264,18.720172136509007,1664134079.5170026,42873754.99052774,0.6737732773777475
179196917.55694127,74899733.33333333,charging,74899733.33333333,104297184.22360794,0.0,739.0518887644014,0.0,0.0,0.7994823006025563,14,239,685.2924348233955,22.65,76872938.38739896,748.8022076851443,665.8563699916991,1445.019214198637,11210.616829622119,2545018854.521621,2338610409.1348944,367.24557288293886,1177361189.8118858,27071865.613447446,1150289324.1984384,0.3295133751644974,18.76319196823672,1661230573.706036,42722908.140971966,0.675070849323643
222430859.0638662,74899733.33333333,charging,74899733.33333333,147531125.7305329,0.0,1045.4084444784921,0.0,-2.9802322387695312e-08,0.9315338935893133,15,239,772.6443762800027,22.84,77348368.75269486,929.4619605909319,665.8581695445866,1445.0192143476202,11210.616829609588,2545018854.5187764,2339040108.280088,367.2763711051592,1177406921.0317256,27547295.978482146,1149859625.0532434,0.32934542864424543,18.64289778117672,1660104724.514028,42965155.15817108,0.675168787128432
224378518.0095989,74899733.33333333,charging,74899733.33333333,76491934.1349282,0.0,542.023342417952,0.0,72986850.5413374,1.0000000000000018,16,239,734.7142853763509,22.71,76567172.59908317,632.6136429737808,665.8552008633687,1445.0192143427032,11210.61682961382,2545018854.5197372,2338334058.2659893,367.22576644690537,1177331774.8922246,26766099.824882027,1150565675.0673425,0.3296214105545,18.841346586305555,1660875042.3822439,42546016.56426969,0.6754440829673162
153739147.5630858,74899733.33333333,charging,74899733.33333333,0.0,0.0,0.0,0.0,78839414.22975247,1.0000000000000018,17,239,513.3159360017673,22.16,75726014.31185772,312.9801920683546,665.8509835386022,1445.01921433954,11210.616829503651,2545018854.494727,2337573834.5705075,367.1712830903381,1177250840.301109,25924941.53828499,1151325898.762824,0.3299187082427315,19.05960505471157,1664134079.5170026,42140948.22456216,0.6747598599545382
26950231.131814443,74899733.33333333,direct_plus_discharge,74899733.33333334,0.0,47949502.20151889,0.0,339.7711110912624,0.0,0.9570815438621582,18,239,142.53321040220257,21.1,75800364.15534776,112.61573493704252,658.0927676033119,1445.0192142005553,11210.616829733306,2545018854.546863,2337641029.806346,367.1760986327381,1177257994.9077446,25999291.380756274,1151258703.5269883,0.32989242460739804,19.040118087265885,1670415132.9039924,41908095.08522824,0.6723372577728273
0.0,74899733.33333333,discharging,74899733.33333333,0.0,74899733.33333333,0.0,530.7409763745115,0.0,0.8900405784253778,19,239,0.0,19.51,75846263.57155477,1.0,654.149999999999,1445.0192143110764,11210.61682922707,2545018854.431938,2337682512.3215637,367.17907150087683,1177262411.725918,26045190.714151196,1151217221.011767,0.3298761991405306,19.028107000741972,1679836712.9844775,41913423.24922617,0.6686319906615679
0.0,74899733.33333333,discharging,74899733.33333333,0.0,74899733.33333333,0.0,530.7409763745115,0.0,0.8229996129885974,20,239,0.0,18.72,75846263.57155755,1.0,654.15,1445.0192143358536,11210.616829592802,2545018854.514966,2337682512.3955946,367.17907150071676,1177262411.7357836,26045190.79804659,1151217220.937737,0.3298761991193174,19.028106999887676,1684517875.414404,42005020.81587384,0.6667836397949463
0.0,74899733.33333333,discharging,74899733.33333333,0.0,74899733.33333333,0.0,530.7409763745115,0.0,0.755958647551817,21,239,0.0,17.71,75846263.57155755,1.0,654.15,1445.0192142091648,11210.616829726065,2545018854.545219,2337682512.422569,367.1790715006583,1177262411.7077522,26045190.796988197,1151217220.910764,0.32987619911158844,19.02810699957666,1690502652.698234,42122126.565636545,0.6644353899866735
0.0,74899733.33333333,discharging,74899733.33333333,0.0,74899733.33333333,0.0,530.7409763745115,0.0,0.6889176821150366,22,239,0.0,16.84,75846263.57155755,1.0,654.15,1445.0192143476208,11210.616829523566,2545018854.499248,2337682512.3815813,367.1790715007472,1177262411.749033,26045190.797279987,1151217220.951753,0.3298761991233336,19.02810700004928,1695657856.8932161,42222999.83523412,0.662425859917067
0.0,74899733.33333333,discharging,74899733.33333333,0.0,74899733.33333333,0.0,530.7409763745115,0.0,0.6218767166782562,23,239,0.0,16.56,75846263.57155755,1.0,654.15,1445.0192141620785,11210.616829411558,2545018854.47382,2337682512.35891,367.1790715007962,1177262411.688937,26045190.71451281,1151217220.9744241,0.32987619912982996,19.02810700031068,1697317003.0709114,42255464.795564376,0.6617816976526143
0.0,74899733.33333333,discharging,74899733.33333333,0.0,74899733.33333333,0.0,530.7409763745115,0.0,0.5548357512414758,0,240,0.0,16.38,75846263.57155755,1.0,654.15,1445.0192143110737,11210.616829227061,2545018854.4319363,2337682512.321567,367.17907150087717,1177262411.7259152,26045190.714148976,1151217221.0117662,0.3298761991405302,19.028107000741237,1698383597.042287,42276335.12720526,0.6613682544969784
0.0,74899733.33333333,discharging,74899733.33333333,0.0,74899733.33333333,0.0,530.7409763745115,0.0,0.4877947858046953,1,240,0.0,15.9,75846263.57155755,1.0,654.15,1445.0192143427264,11210.616829613966,2545018854.5197706,2337682512.3998814,367.17907150070744,1177262411.730849,26045190.797397416,1151217220.9334517,0.32987619911808946,19.02810699983822,1701227847.6326222,42331989.344914265,0.6602682606689819
0.0,74899733.33333333,discharging,74899733.33333333,0.0,74899733.33333333,0.0,530.7409763745115,0.0,0.4207538203679149,2,240,0.0,15.45,75846263.57155755,1.0,654.15,1445.0192141584084,11210.616829414794,2545018854.474555,2337682512.3595653,367.17907150079475,1177262411.6883097,26045190.714542657,1151217220.973767,0.32987619912964167,19.028107000303095,1703894332.5610614,42384165.17401645,0.6592403344981314
0.0,74899733.33333333,discharging,74899733.33333333,0.0,74899733.33333333,0.0,530.7409763745115,0.0,0.3537128549311345,3,240,0.0,15.01,75846263.57155755,1.0,654.15,1445.0192142054843,11210.616829643142,2545018854.5263944,2337682512.405787,367.1790715006947,1177262411.7244637,26045190.796915974,1151217220.9275477,0.3298761991163977,19.02810699977015,1706501562.2688682,42435181.54024971,0.658238341096454
0.0,74899733.33333333,discharging,74899733.33333333,0.0,74899733.33333333,0.0,530.7409763745115,0.0,0.2866718894943541,4,240,0.0,14.63,75846263.57155755,1.0,654.15,1445.0192143426955,11210.616829613771,2545018854.5197268,2337682512.399843,367.1790715007076,1177262411.7308311,26045190.79734333,1151217220.933488,0.32987619911809984,19.02810699983862,1708753260.6528835,42479241.12926935,0.657375431167446
0.0,74899733.33333333,discharging,74899733.33333333,0.0,74899733.33333333,0.0,530.7409763745115,0.0,0.21963092405757373,5,240,0.0,14.29,75846263.57155755,1.0,654.15,1445.0192143444701,11210.61682949951,2545018854.493787,2337682512.376712,367.1790715007576,1177262411.7546191,26045190.797999315,1151217220.9566197,0.3298761991247282,19.028107000105393,1710767938.1543708,42518662.86681322,0.6566052693758709
62472502.38386269,74899733.33333333,direct_plus_discharge,74899733.33333333,0.0,12427230.94947064,0.0,88.05960173984059,0.0,0.20850760594306755,6,240,251.3616735525493,14.03,75743334.22171758,261.05107354755273,663.9273553283581,1445.0192143427053,11210.616829613817,2545018854.519737,2337589487.800181,367.1724048742552,1177252506.9806683,25942261.44751571,1151310245.5331526,0.3299125853305535,19.055062118102875,1712308573.8908029,42980757.79340489,0.6559090998567544
174951776.9669102,74899733.33333333,charging,74899733.33333333,100052043.63357688,0.0,708.9707394554565,0.0,0.0,0.2980618046111252,7,240,583.6294855751008,14.29,76826255.88122198,731.0632270760666,665.8561920962974,1445.0192141639982,11210.616829436745,2545018854.4795384,2338568217.3051944,367.24254890470684,1177356699.05162,27025183.02348185,1150331516.0281382,0.3295298682052995,18.775083917485997,1710767938.1543708,43661528.64338507,0.6556727060266276
206040811.18802595,74899733.33333333,charging,74899733.33333333,131141077.85469262,0.0,929.2682444361894,0.0,0.0,0.415443056539907,8,240,696.9614461346141,17.1,77168132.43425687,860.973594826523,665.85748993361,1445.019214300552,11210.616829209195,2545018854.4278803,2338877207.850777,367.2646952399992,1177389585.0600996,27367059.577544384,1150022525.4825552,0.3294090922744213,18.688327048407658,1694117221.1567845,43530228.26158431,0.6618273032700014
207312658.33370495,74899733.33333333,charging,74899733.33333333,132412925.00037162,0.0,938.2805782036903,0.0,0.0,0.533962708523531,9,240,747.2461916851703,18.97,77182118.54636893,866.2882060570419,665.8575427838315,1445.0192143024692,11210.616829320428,2545018854.453132,2338889848.7009864,367.2656012630063,1177390930.3213751,27381045.689029664,1150009884.6323454,0.3294041518267106,18.684794201611165,1683036494.8986044,43321361.52092074,0.6661480297123747
203696488.5297884,74899733.33333333,charging,74899733.33333333,128796755.19645508,0.0,912.6563281956792,0.0,0.0,0.6492456131377221,10,240,793.8924662870717,20.8,77142352.63859521,851.1774777618599,665.8573924677685,1445.019214165248,11210.616829349723,2545018854.4597826,2338853907.7843175,367.26302522393405,1177387105.3298233,27341279.780804504,1150045825.5490189,0.3294181987966826,18.694842297225588,1672192789.5229518,43087020.64915166,0.6704712658126772
185005891.93769306,74899733.33333333,charging,74899733.33333333,110106158.60435973,0.0,780.2143949225193,0.0,0.0,0.747799010391093,11,240,772.4850433031744,22.56,76936817.89307402,773.075911161719,665.8566130717918,1445.01921429931,11210.616829296356,2545018854.447667,2338668143.668037,367.2497108695809,1177367334.7017395,27135745.0364454,1150231589.6652942,0.32949080710074463,18.746942621085708,1661763870.6917236,42768821.40175144,0.674807585093954
179942052.25792107,74899733.33333333,charging,74899733.33333333,105042318.92458774,0.0,744.331927839688,0.0,0.0,0.8418198854866326,12,240,766.9098982964833,24.11,76881132.40466262,751.9158689954131,665.8564011948353,1445.019214160316,11210.616829439856,2545018854.480244,2338617814.882677,367.24610367319997,1177361977.9975739,27080059.546915025,1150281918.4506588,0.3295104802546792,18.76110610615703,1652579311.4937668,42558889.08372949,0.6785770729836559
197340247.87382725,74899733.33333333,charging,74899733.33333333,122440514.54049392,0.0,867.6158825000623,0.0,0.0,0.9514134706445352,13,240,806.5426929627857,25.31,77072455.01390894,824.6169369855411,665.857127878271,1445.0192143061497,11210.616829231263,2545018854.43289,2338790733.5318565,367.2584972807457,1177380381.9579785,27271382.1565029,1150108999.8014755,0.3294428902928322,18.712529237695573,1645468685.017929,42525937.509846754,0.6813463647645895
211280874.6833371,74899733.33333333,charging,74899733.33333333,54282006.06311837,0.0,384.6433573974443,0.0,82099135.28688541,1.0000000000000018,14,240,800.0399377340522,26.09,76322936.8470807,539.8060020867207,665.8542602920467,1445.0192142993064,11210.616829296272,2545018854.447648,2338113320.1480374,367.2099462577555,1177308277.1757262,26521863.9904215,1150786413.1853046,0.329707718743311,18.90422376401995,1640846777.808635,42022824.96959088,0.6838238751745753
226386716.15069103,74899733.33333333,charging,74899733.33333333,0.0,0.0,0.0,0.0,151486982.81735772,1.0000000000000018,15,240,787.5428072262483,26.37,75726014.31185502,312.98019206835454,665.8509835386022,1445.0192142091553,11210.616829639961,2545018854.525672,2337573834.598099,367.1712830902783,1177250840.2724333,25924941.537202146,1151325898.7352312,0.3299187082348249,19.05960505439354,1639187631.630939,41662152.625943914,0.684966562460691
226176561.3386532,74899733.33333333,charging,74899733.33333333,0.0,0.0,0.0,0.0,151276828.0053199,1.0000000000000018,16,240,740.8449564918305,26.1,75726014.31185767,312.98019206835454,665.8509835386022,1445.0192142042245,11210.61682973014,2545018854.546144,2337573834.616354,367.17128309023894,1177250840.2542334,25924941.53725357,1151325898.7169797,0.32991870822959457,19.05960505418211,1640787522.5880024,41692859.23203244,0.6843027182709405
183973196.4336155,74899733.33333333,charging,74899733.33333333,0.0,0.0,0.0,0.0,109073463.10028218,1.0000000000000018,17,240,602.5738237149125,25.22,75726014.31185769,312.9801920683546,665.8509835386022,1445.0192143042382,11210.616829292167,2545018854.4467163,2337573834.5277033,367.1712830904306,1177250840.2608614,25924941.455231667,1151325898.8056297,0.3299187082549977,19.059605055205914,1646001982.0036168,41792940.02224213,0.6821479812391509
79148934.05765454,74899733.33333333,charging,74899733.33333333,0.0,0.0,0.0,0.0,4249200.724321216,1.0000000000000018,18,240,296.7089972095202,23.83,75726014.31185769,312.9801920683546,665.8509835386022,1445.0192143513013,11210.616829520415,2545018854.498533,2337573834.573903,367.1712830903308,1177250840.297007,25924941.53757673,1151325898.7594304,0.32991870824175906,19.059605054672367,1654238457.6714623,41951022.17950515,0.6787719841657015
0.0,74899733.33333333,discharging,74899733.33333333,0.0,74899733.33333333,0.0,530.7409763745115,0.0,0.9329590345632214,19,240,0.0,21.99,75846263.5715573,1.0,654.15,1445.0192143024599,11210.616829320319,2545018854.4531074,2337682512.340441,367.17907150083624,1177262411.7070794,26045190.714187205,1151217220.9928923,0.3298761991351219,19.028107000523704,1665141418.2677464,41625876.457731076,0.674501570630376
0.0,74899733.33333333,discharging,74899733.33333333,0.0,74899733.33333333,0.0,530.7409763745115,0.0,0.865918069126441,20,240,0.0,20.82,75846263.57155755,1.0,654.15,1445.0192141571672,11210.616829329812,2545018854.4552627,2337682512.3423624,367.179071500832,1177262411.7054462,26045190.714474905,1151217220.9909713,0.3298761991345715,19.0281070005015,1672074279.081688,41761533.61339693,0.6717196667635448
0.0,74899733.33333333,discharging,74899733.33333333,0.0,74899733.33333333,0.0,530.7409763745115,0.0,0.7988771036896606,21,240,0.0,19.95,75846263.57155755,1.0,654.15,1445.0192143476363,11210.61682960969,2545018854.5188,2337682512.3990145,367.17907150070937,1177262411.7316911,26045190.797373652,1151217220.9343176,0.3298761991183376,19.028106999848223,1677229483.2766702,41862406.8829945,0.6696659018194749
0.0,74899733.33333333,discharging,74899733.33333333,0.0,74899733.33333333,0.0,530.7409763745115,0.0,0.7318361382528802,22,240,0.0,19.47,75846263.57155755,1.0,654.15,1445.0192143426843,11210.616829613698,2545018854.51971,2337682512.399828,367.1790715007076,1177262411.7308266,26045190.797321253,1151217220.9335053,0.32987619911810484,19.028106999838826,1680073733.8670053,41918061.100703515,0.6685381569748381
0.0,74899733.33333333,discharging,74899733.33333333,0.0,74899733.33333333,0.0,530.7409763745115,0.0,0.6647951728160998,23,240,0.0,18.66,75846263.57155755,1.0,654.15,1445.0192141584043,11210.616829328726,2545018854.455016,2337682512.3421454,367.1790715008325,1177262411.7056544,26045190.714466646,1151217220.9911878,0.3298761991346335,19.028107000503955,1684873406.7381954,42011977.593087465,0.6666436762026241
0.0,74899733.33333333,discharging,74899733.33333333,0.0,74899733.33333333,0.0,530.7409763745115,0.0,0.5977542073793194,0,241,0.0,18.03,75846263.57155755,1.0,654.15,1445.0192143073932,11210.616829316237,2545018854.452181,2337682512.3396187,367.1790715008379,1177262411.707932,26045190.71421708,1151217220.9937148,0.3298761991353576,19.02810700053307,1688606485.6380107,42085023.753830545,0.6651775979407494
0.0,74899733.33333333,discharging,74899733.33333333,0.0,74899733.33333333,0.0,530.7409763745115,0.0,0.530713241942539,1,241,0.0,17.56,75846263.57155755,1.0,654.15,1445.0192142005485,11210.616829647219,2545018854.5273194,2337682512.4066105,367.179071500693,1177262411.7236078,26045190.79688367,1151217220.9267242,0.32987619911616173,19.028106999760684,1691391481.0077133,42139518.508670606,0.6640880499096283
0.0,74899733.33333333,discharging,74899733.33333333,0.0,74899733.33333333,0.0,530.7409763745115,0.0,0.46367227650575865,2,241,0.0,17.24,75846263.57155755,1.0,654.15,1445.0192143444729,11210.616829585595,2545018854.51333,2337682512.394135,367.17907150071994,1177262411.7372768,26045190.79807908,1151217220.9391978,0.329876199119736,19.02810699990453,1693287648.067937,42176621.320476614,0.6633482701115435
0.0,74899733.33333333,discharging,74899733.33333333,0.0,74899733.33333333,0.0,530.7409763745115,0.0,0.3966313110689782,3,241,0.0,16.96,75846263.57155755,1.0,654.15,1445.0192143476283,11210.61682960961,2545018854.5187817,2337682512.398998,367.1790715007095,1177262411.7316868,26045190.797350474,1151217220.9343364,0.329876199118343,19.028106999848447,1694946794.2456324,42209086.28080688,0.6627023134996175
0.0,74899733.33333333,discharging,74899733.33333333,0.0,74899733.33333333,0.0,530.7409763745115,0.0,0.3295903456321978,4,241,0.0,16.68,75846263.57155755,1.0,654.15,1445.0192142042317,11210.616829644157,2545018854.5266247,2337682512.4059916,367.17907150069436,1177262411.7242455,26045190.796902396,1151217220.9273431,0.3298761991163391,19.0281069997678,1696605940.4233277,42241551.24113712,0.6620576137044495
0.0,74899733.33333333,discharging,74899733.33333333,0.0,74899733.33333333,0.0,530.7409763745115,0.0,0.2625493801954174,5,241,0.0,16.37,75846263.57155755,1.0,654.15,1445.0192141973837,11210.616829709164,2545018854.5413823,2337682512.4191475,367.1790715006658,1177262411.7118442,26045190.797658484,1151217220.9141858,0.32987619911256894,19.028106999616117,1698442852.2629192,42277494.59007419,0.6613453005219614
72702824.19539642,74899733.33333333,direct_plus_discharge,74899733.33333333,0.0,2196909.137936905,0.0,15.567341150409787,0.0,0.2605829792079972,6,241,281.2328898620014,15.1,75726909.74903148,303.80006533962285,665.7496533009263,1445.019214307399,11210.616829230225,2545018854.432654,2337574643.7838035,367.17134108648827,1177250926.441162,25925836.891630683,1151325089.5495315,0.3299183917037023,19.05937013517447,1705968265.2831805,42939387.25175472,0.6583109679237528
168958699.41627747,74899733.33333333,charging,74899733.33333333,94058966.08294414,0.0,666.503674632204,0.0,0.0,0.3447729170562756,7,241,564.3500972724893,17.06,76760351.84957834,706.0202198529313,665.8559405851748,1445.0192143476277,11210.616829609628,2545018854.5187855,2338508653.185773,367.23827983318483,1177350359.2229378,26959279.075375766,1150391080.147562,0.32955315295076837,18.791896997938316,1694354242.0393124,43304734.271564774,0.6620350113748387
196000057.27323115,74899733.33333333,charging,74899733.33333333,121100323.93989782,0.0,858.1192656733671,0.0,0.0,0.45316692956238513,8,241,665.2598632459452,19.93,77057717.34982972,819.0167419926426,665.8570720294283,1445.0192143395502,11210.616829589755,2545018854.514274,2338777413.563095,367.2575425850208,1177378964.3465807,27256644.576343358,1150122319.7702374,0.3294480965050704,18.716262560391616,1677347993.7179341,43140414.74905481,0.6684859451015039
214497778.01024348,74899733.33333333,charging,74899733.33333333,139598044.67691016,0.0,989.1944768623474,0.0,0.0,0.5781178108502606,9,241,771.6614266822957,22.16,77261131.09885937,896.3123468158581,665.8578409953117,1445.019214160327,11210.616829353898,2545018854.46073,2338961261.377384,367.27071974131064,1177398530.1970167,27460058.24106519,1149938471.9559515,0.3293762422159506,18.66485990795794,1664134079.5170026,42995581.87787361,0.6736093326480835
201679903.47902954,74899733.33333333,charging,74899733.33333333,126780170.14569621,0.0,898.3667670564049,0.0,0.0,0.6915957182679118,10,241,788.6274380217541,23.97,77120176.8726571,842.7508632944918,665.8573085757247,1445.0192143061417,11210.616829317225,2545018854.452405,2338833865.0649796,367.26158868142807,1177384972.2836518,27319104.015296146,1150065868.2683556,0.3294260323340068,18.700450195572095,1653408884.5826142,42707478.14983759,0.6780583535056486
191223687.28042758,74899733.33333333,charging,74899733.33333333,116323953.94709425,0.0,824.2738144188924,0.0,0.0,0.7957145158787192,11,241,799.4328965253436,25.66,77005193.07720245,799.05793665105,665.8568728136938,1445.0192143005518,11210.616829209212,2545018854.427884,2338729941.600666,367.25414011392115,1177373911.953162,27204120.220494237,1150169791.7326677,0.32946665161469785,18.72957955372478,1643394752.2958097,42448334.564701945,0.6822519845987504
185330195.82971886,74899733.33333333,charging,74899733.33333333,110430462.49638553,0.0,782.5124186488498,0.0,0.0,0.8945581898133108,12,241,792.0033372922225,26.94,76940384.16328855,774.4310654446191,665.8566266306258,1445.0192141652394,11210.616829435698,2545018854.4793,2338671366.9117255,367.24994188634184,1177367677.727158,27139311.3055493,1150228366.4216087,0.32948954718322876,18.746036245984282,1635810084.0549164,42264691.28868783,0.6854452395818218
207678190.43316677,74899733.33333333,charging,74899733.33333333,117802054.5156754,0.0,834.7476639779716,0.0,14976402.584158048,1.000000000000002,13,241,850.2457895993972,27.87,77021447.29480763,805.2344099075308,665.8569344921541,1445.0192143061547,11210.61682931735,2545018854.4524336,2338744632.3141537,367.25519304387706,1177375475.4566617,27220374.43748412,1150155101.0191777,0.3294609094740546,18.72545652231456,1630299348.536142,42201661.1460517,0.6876857439014213
217668329.3707343,74899733.33333333,charging,74899733.33333333,0.0,0.0,0.0,0.0,142768596.03740096,1.000000000000002,14,241,826.5237773616437,28.36,75726014.31183521,312.98019206835465,665.8509835386022,1445.0192141534794,11210.616829332872,2545018854.455957,2337573834.535921,367.17128309041135,1177250840.2521448,25924941.454754636,1151325898.7973902,0.32991870825263875,19.059605055116393,1627395842.7251751,41435833.566254385,0.6898993560308794
219472210.54544815,74899733.33333333,charging,74899733.33333333,0.0,0.0,0.0,0.0,144572477.2121148,1.000000000000002,15,241,768.0180655306063,28.4,75726014.3118577,312.98019206835465,665.8509835386022,1445.0192143061472,11210.616829317285,2545018854.4524183,2337573834.532784,367.1712830904196,1177250840.255063,25924941.45451375,1151325898.8005493,0.32991870825354186,19.059605055147287,1627158821.8426473,41431284.439438984,0.6899992361610646
219313348.9393017,74899733.33333333,charging,74899733.33333333,0.0,0.0,0.0,0.0,144413615.60596836,1.000000000000002,16,241,721.1281879062215,28.01,75726014.3118577,312.98019206835465,665.8509835386022,1445.0192143476374,11210.616829523635,2545018854.499264,2337573834.5745554,367.1712830903293,1177250840.29638,25924941.537601504,1151325898.7587786,0.32991870824157227,19.059605054664818,1629469775.4472945,41475638.426009186,0.6890266367768227
181657061.93057466,74899733.33333333,charging,74899733.33333333,0.0,0.0,0.0,0.0,106757328.59724133,1.000000000000002,17,241,595.198637889787,27.2,75726014.31185769,312.9801920683546,665.8509835386022,1445.019214153458,11210.616829418805,2545018854.4754653,2337573834.5533333,367.1712830903751,1177250840.2347894,25924941.45478992,1151325898.7799995,0.32991870824765324,19.059605054909948,1634269448.318485,41567758.244270355,0.6870153582169471
68440472.32030113,74899733.33333333,direct_plus_discharge,74899733.33333333,0.0,6459261.013032198,0.0,45.77044996218757,0.0,0.9942184694784625,18,241,263.8575522275488,25.9,75733752.82623187,285.9891646973833,664.9821104974623,1445.0192141603154,11210.616829439883,2545018854.4802504,2337580828.390245,367.17178430175613,1177251584.9115803,25932679.968493182,1151318904.943087,0.3299159725324799,19.05757501973284,1641972627.0006425,41675424.90258005,0.6838239759441517
0.0,74899733.33333333,discharging,74899733.33333333,0.0,74899733.33333333,0.0,530.7409763745115,0.0,0.9271775040416821,19,241,0.0,24.08,75846263.57155396,1.0,654.149999999996,1445.0192143024676,11210.61682923437,2545018854.433595,2337682512.3230433,367.17907150087365,1177262411.724429,26045190.714143645,1151217221.0102851,0.3298761991401061,19.028107000725043,1652757077.1556628,41383548.71812108,0.6795287259087621
0.0,74899733.33333333,discharging,74899733.33333333,0.0,74899733.33333333,0.0,530.7409763745115,0.0,0.8601365386049017,20,241,0.0,22.74,75846263.57155755,1.0,654.15,1445.0192143444888,11210.61682958569,2545018854.5133514,2337682512.3941545,367.17907150071994,1177262411.7372844,26045190.79810623,1151217220.9391782,0.3298761991197304,19.028106999904296,1660697276.720348,41538916.742560886,0.6762969941305405
0.0,74899733.33333333,discharging,74899733.33333333,0.0,74899733.33333333,0.0,530.7409763745115,0.0,0.7930955731681213,21,241,0.0,21.22,75846263.57155755,1.0,654.15,1445.0192143513088,11210.61682952045,2545018854.498541,2337682512.3809524,367.1790715007486,1177262411.749668,26045190.7972881,1151217220.9523797,0.32987619912351324,19.028107000056476,1669704070.256409,41715155.09863941,0.6726681597920872
0.0,74899733.33333333,discharging,74899733.33333333,0.0,74899733.33333333,0.0,530.7409763745115,0.0,0.7260546077313409,22,241,0.0,21.25,75846263.57155755,1.0,654.15,1445.0192142005565,11210.616829733319,2545018854.546866,2337682512.424041,367.17907150065525,1177262411.7062612,26045190.796968292,1151217220.909293,0.3298761991111669,19.028106999559643,1669526304.5945127,41711676.71003261,0.6727394047388277
0.0,74899733.33333333,discharging,74899733.33333333,0.0,74899733.33333333,0.0,530.7409763745115,0.0,0.6590136422945605,23,241,0.0,20.29,75846263.57155755,1.0,654.15,1445.0192143042252,11210.616829292063,2545018854.4466925,2337682512.3347263,367.17907150084864,1177262411.713509,26045190.71490132,1151217220.9986079,0.3298761991367597,19.028107000589483,1675214805.775183,41822985.145450614,0.6704670258779531
0.0,74899733.33333333,discharging,74899733.33333333,0.0,74899733.33333333,0.0,530.7409763745115,0.0,0.5919726768577801,0,242,0.0,19.56,75846263.57155755,1.0,654.15,1445.0192143463692,11210.616829524579,2545018854.499478,2337682512.38179,367.1790715007468,1177262411.7488103,26045190.797267277,1151217220.951543,0.3298761991232735,19.0281070000468,1679540436.8813176,41907625.93488307,0.6687493197257492
0.0,74899733.33333333,discharging,74899733.33333333,0.0,74899733.33333333,0.0,530.7409763745115,0.0,0.5249317114209997,1,242,0.0,18.89,75846263.57155755,1.0,654.15,1445.0192142054857,11210.616829729195,2545018854.5459294,2337682512.423204,367.1790715006571,1177262411.7071173,26045190.79698736,1151217220.91013,0.32987619911140675,19.02810699956933,1683510536.6636603,41985309.9471019,0.6671805227299524
0.0,74899733.33333333,discharging,74899733.33333333,0.0,74899733.33333333,0.0,530.7409763745115,0.0,0.45789074598421925,2,242,0.0,18.31,75846263.57155755,1.0,654.15,1445.019214339536,11210.616829503668,2545018854.494731,2337682512.3775554,367.179071500756,1177262411.7537653,26045190.79798776,1151217220.9557776,0.3298761991244869,19.028107000095655,1686947339.4603148,42052558.79350028,0.6658283913830402
0.0,74899733.33333333,discharging,74899733.33333333,0.0,74899733.33333333,0.0,530.7409763745115,0.0,0.39084978054743885,3,242,0.0,17.75,75846263.57155755,1.0,654.15,1445.019214168938,11210.616829432658,2545018854.4786105,2337682512.363181,367.17907150078696,1177262411.683999,26045190.713846855,1151217220.9701521,0.32987619912860583,19.02810700026142,1690265631.8157058,42117488.71416079,0.6645280754167363
0.0,74899733.33333333,discharging,74899733.33333333,0.0,74899733.33333333,0.0,530.7409763745115,0.0,0.32380881511065845,4,242,0.0,17.16,75846263.57155755,1.0,654.15,1445.0192143110742,11210.616829313101,2545018854.451469,2337682512.3389854,367.1790715008394,1177262411.7085652,26045190.714217484,1151217220.9943478,0.329876199135539,19.028107000540345,1693761689.8329926,42185897.023428105,0.6631635826511646
0.0,74899733.33333333,discharging,74899733.33333333,0.0,74899733.33333333,0.0,530.7409763745115,0.0,0.25676784967387806,5,242,0.0,16.31,75846263.57155755,1.0,654.15,1445.0192142956262,11210.61682921336,2545018854.428826,2337682512.3187957,367.179071500883,1177262411.7293758,26045190.71483763,1151217221.0145383,0.3298761991413245,19.028107000773176,1698798383.586711,42284451.36728782,0.6612076105184017
52475970.17774046,74899733.33333333,direct_plus_discharge,74899733.33333333,0.0,22423763.155592866,0.0,158.89522460948,0.0,0.23669687393373323,6,242,220.19701286871518,15.79,75759383.35225321,219.2790080054018,662.2108151330904,1445.0192142042197,11210.616829730106,2545018854.546137,2337603992.547471,367.1734443539306,1177254051.3635032,25958310.577641185,1151295740.785862,0.3299069117137613,19.050854355278712,1701879655.0595737,42703571.327496976,0.6599259487150566
168411209.42055002,74899733.33333333,charging,74899733.33333333,93511476.08721669,0.0,662.6241498067352,0.0,0.0,0.32039676654089977,7,242,562.3266553048254,17.64,76754331.27038586,703.7324477021855,665.8559175872291,1445.0192142091598,11210.61682963998,2545018854.5256763,2338503211.790668,367.2378898393271,1177349780.0384033,26953258.495735053,1150396521.542668,0.32955528014026864,18.793434374657426,1690917439.242658,43234479.00115737,0.6633770141128585
186169967.55704674,74899733.33333333,charging,74899733.33333333,111270234.22371341,0.0,788.4630575451215,0.0,0.0,0.41999210012554666,8,242,635.1209418612048,20.23,76949618.87484097,777.9401822974515,665.8566617348507,1445.019214335863,11210.616829592864,2545018854.5149803,2338679713.330603,367.25054009541157,1177368566.104077,27148546.101347733,1150220020.0027294,0.3294862847013684,18.743689615415803,1675570337.0989747,43045205.98411199,0.6692712774721611
191926083.3530224,74899733.33333333,charging,74899733.33333333,117026350.01968907,0.0,829.2510067369416,0.0,0.0,0.5247395957133708,9,242,698.4788887736407,22.18,77012917.11090678,801.9930079513766,665.8569021266469,1445.0192143513025,11210.616829606462,2545018854.518067,2338736922.7233906,367.2546404677254,1177374654.946638,27211844.336695757,1150162810.6099424,0.32946392291260684,18.727620063932,1664015569.0757387,42855090.199865595,0.673842979466336
196727043.04852986,74899733.33333333,charging,74899733.33333333,121827309.71519653,0.0,863.2707011060578,0.0,0.0,0.6337843158530835,10,242,774.2625367807528,23.76,77065711.78893664,822.0545651925119,665.8571023272505,1445.0192143061483,11210.616829231218,2545018854.43288,2338784638.9400134,367.25806045913214,1177379733.3248386,27264638.931518987,1150115094.3933196,0.32944527240192306,18.714237244409578,1654653244.215886,42701611.132385395,0.6775926028487033
185912781.37103403,74899733.33333333,charging,74899733.33333333,111013048.0377007,0.0,786.6406311972605,0.0,0.0,0.7331494482148427,11,242,784.3006640057805,24.94,76946790.67740822,776.8654897943774,665.8566509848195,1445.0192141937132,11210.616829712337,2545018854.5421023,2338677157.2128983,367.2503568893943,1177368294.0239553,27145717.90352036,1150222576.120435,0.32948728384864256,18.744408227843408,1647661128.1813123,42499332.95643466,0.6805404590675089
176233353.74355316,74899733.33333333,charging,74899733.33333333,101333620.41021983,0.0,718.052017578401,0.0,0.0,0.8238507556984301,12,242,762.8755427365118,25.8,76840348.98709773,736.4184950837505,665.8562458243234,1445.019214351307,11210.616829520453,2545018854.498542,2338580954.7075353,367.2434618196538,1177358054.8386266,27039276.212827444,1150318778.6257992,0.32952488903125454,18.77149230280898,1642565179.2069619,42341277.34250503,0.6827196691865886
185184637.22940496,74899733.33333333,charging,74899733.33333333,110284903.89607161,0.0,781.4809875580808,0.0,1.4901161193847656e-08,0.9225641436005036,13,242,771.6422974928282,26.76,76938783.5001033,773.8228261805258,665.8566205451154,1445.019214347619,11210.61682960959,2545018854.518777,2338669920.2583046,367.2498381980562,1177367523.8009183,27137710.725889575,1150229813.0750287,0.3294901126629838,18.746443046975063,1636876678.026292,42284610.44310875,0.6850025789502884
220030889.0074442,74899733.33333333,charging,74899733.33333333,86513148.44548376,0.0,613.0338631626963,0.0,58618007.22862713,1.000000000000002,14,242,840.5746288606725,27.74,76677372.81248866,674.4888465304832,665.855623297235,1445.0192141937123,11210.616829712364,2545018854.5421085,2338433656.824266,367.2329047427605,1177342376.5476773,26876300.038606863,1150466076.5090704,0.3295824717201302,18.81310726072711,1631069666.404358,42028037.58377539,0.6876263554523594
31050574.609646417,74899733.33333333,direct_plus_discharge,74899733.33333333,0.0,43849158.72368691,0.0,310.7159969534007,0.0,0.9607516635427303,15,242,164.25686699612945,27.19,75793781.17773335,129.74965827862198,658.7299769925879,1445.0192143110828,11210.616829227143,2545018854.431955,2337635080.1967373,367.17567226025506,1177257361.4569414,25992708.32034886,1151264653.1365924,0.32989475176039323,19.041841933146188,1634328703.5391169,41236519.42558361,0.6870903247201415
92550106.60615894,74899733.33333333,charging,74899733.33333333,17650373.272825614,0.0,125.07089047305087,0.0,0.0,0.9765500918130104,16,242,338.45854568529336,26.23,75920110.04128309,386.73502364328385,665.8526957915401,1445.0192141689256,11210.616829432576,2545018854.4785914,2337749252.8846226,367.18385451274935,1177269517.6322598,26119037.18354807,1151150480.4487119,0.3298500951745553,19.008813125425,1640017204.7197871,41784988.733198546,0.6844743602606628
0.0,74899733.33333333,discharging,74899733.33333333,0.0,74899733.33333333,0.0,530.7409763745115,0.0,0.90950912637623,17,242,58.437596625885206,25.38,75846263.57155755,1.0,654.15,1445.0192143042316,11210.616829206083,2545018854.4271736,2337682512.31732,367.1790715008862,1177262411.7308652,26045190.714850474,1151217221.0160148,0.3298761991417476,19.028107000790236,1645053898.4735053,41232818.54516135,0.6826936424259762
50045582.14538731,74899733.33333333,direct_plus_discharge,74899733.33333333,0.0,24854151.18794602,0.0,176.1170017754874,0.0,0.8872627682572211,18,242,209.42571977814768,24.58,75763285.26683518,209.12325338099922,661.8026757530163,1445.0192143024697,11210.616829320385,2545018854.453122,2337607518.899308,367.17369707597504,1177254426.8435097,25962212.409483325,1151292214.4340262,0.3299055323593376,19.04983162126496,1649794316.1240637,41679103.15495586,0.6806445796380044
0.0,74899733.33333333,discharging,74899733.33333333,0.0,74899733.33333333,0.0,530.7409763745115,0.0,0.8202218028204407,19,242,0.0,21.85,75846263.57155757,1.0,654.15,1445.0192142091717,11210.616829726112,2545018854.54523,2337682512.422578,367.1790715006583,1177262411.707758,26045190.797001664,1151217220.9107563,0.3298761991115862,19.028106999576572,1665970991.356594,41642108.937896356,0.6741674801582517
0.0,74899733.33333333,discharging,74899733.33333333,0.0,74899733.33333333,0.0,530.7409763745115,0.0,0.7531808373836603,20,242,0.0,20.41,75846263.57155755,1.0,654.15,1445.0192141571597,11210.61682932979,2545018854.4552574,2337682512.3423624,367.17907150083215,1177262411.7054393,26045190.714467626,1151217220.9909718,0.3298761991345716,19.028107000501446,1674503743.127599,41809071.59102337,0.6707502333598236
0.0,74899733.33333333,discharging,74899733.33333333,0.0,74899733.33333333,0.0,530.7409763745115,0.0,0.6861398719468799,21,242,0.0,19.58,75846263.57155755,1.0,654.15,1445.019214302461,11210.616829320365,2545018854.4531174,2337682512.3404503,367.17907150083613,1177262411.7070818,26045190.7141989,1151217220.992883,0.32987619913511923,19.028107000523534,1679421926.4400537,41905307.0091452,0.6687962629197887
0.0,74899733.33333333,discharging,74899733.33333333,0.0,74899733.33333333,0.0,530.7409763745115,0.0,0.6190989065100995,22,242,0.0,18.86,75846263.57155755,1.0,654.15,1445.0192143073946,11210.616829230177,2545018854.4326434,2337682512.322198,367.1790715008757,1177262411.7252805,26045190.714145046,1151217221.0111356,0.32987619914034944,19.028107000733957,1683688302.3255558,41988788.335708715,0.6671104502928755
0.0,74899733.33333333,discharging,74899733.33333333,0.0,74899733.33333333,0.0,530.7409763745115,0.0,0.5520579410733191,23,242,0.0,18.4,75846263.57155755,1.0,654.15,1445.0192142956262,11210.616829299408,2545018854.44836,2337682512.3362093,367.17907150084534,1177262411.712031,26045190.71490724,1151217220.9971237,0.3298761991363344,19.028107000572415,1686414042.4746273,42042123.62767984,0.6660378455492654
0.0,74899733.33333333,discharging,74899733.33333333,0.0,74899733.33333333,0.0,530.7409763745115,0.0,0.4850169756365387,0,243,0.0,17.88,75846263.57155755,1.0,654.15,1445.0192141603152,11210.616829439856,2545018854.480244,2337682512.364639,367.17907150078383,1177262411.6825058,26045190.713809513,1151217220.9686964,0.32987619912818866,19.028107000244624,1689495313.94749,42102415.6968646,0.6648294816170381
0.0,74899733.33333333,discharging,74899733.33333333,0.0,74899733.33333333,0.0,530.7409763745115,0.0,0.41797601019975833,1,243,0.0,17.32,75846263.57155755,1.0,654.15,1445.0192143463746,11210.616829524592,2545018854.4994807,2337682512.3817925,367.1790715007468,1177262411.7488146,26045190.797271915,1151217220.9515426,0.3298761991232734,19.0281070000468,1692813606.302881,42167345.61752511,0.6635330605084105
0.0,74899733.33333333,discharging,74899733.33333333,0.0,74899733.33333333,0.0,530.7409763745115,0.0,0.35093504476297793,2,243,0.0,16.93,75846263.57155755,1.0,654.15,1445.019214340792,11210.616829588716,2545018854.514038,2337682512.3947716,367.17907150071863,1177262411.7366378,26045190.79807515,1151217220.9385626,0.329876199119554,19.02810699989714,1695124559.9075282,42212564.66941368,0.6626331784735764
0.0,74899733.33333333,discharging,74899733.33333333,0.0,74899733.33333333,0.0,530.7409763745115,0.0,0.2838940793261975,3,243,0.0,16.41,75846263.57155755,1.0,654.15,1445.0192142042388,11210.616829644208,2545018854.526636,2337682512.406002,367.17907150069425,1177262411.7242498,26045190.79691806,1151217220.9273317,0.3298761991163358,19.028106999767658,1698205831.3803911,42272856.738598436,0.6614371257665337
0.0,74899733.33333333,discharging,74899733.33333333,0.0,74899733.33333333,0.0,530.7409763745115,0.0,0.2168531138894171,4,243,0.0,15.91,75846263.57155755,1.0,654.15,1445.0192143024658,11210.61682932041,2545018854.453128,2337682512.34046,367.17907150083613,1177262411.707085,26045190.71421171,1151217220.9928732,0.32987619913511645,19.02810700052342,1701168592.4119902,42330829.88204532,0.6602911399179828
0.0,74899733.33333333,discharging,74899733.33333333,0.0,74899733.33333333,0.0,530.7409763745115,0.0,0.1498121484526367,5,243,0.0,15.42,75846263.57155755,1.0,654.15,1445.0192141937086,11210.61682971229,2545018854.542092,2337682512.4197836,367.1790715006644,1177262411.711206,26045190.797657195,1151217220.9135487,0.32987619911238636,19.028106999608713,1704072098.222957,42387643.56262326,0.6591719198385555
46766492.03677662,74899733.33333333,direct_plus_discharge,74899733.33333333,0.0,28133241.29655671,0.0,199.35269846507117,0.0,0.12463075496231192,6,243,203.1601117214117,14.95,75768549.74696748,195.42106505096845,661.2575518222002,1445.0192143476206,11210.616829523551,2545018854.4992447,2337612276.8222885,367.17403804952306,1177254933.4837327,25967476.972687237,1151287456.5110455,0.329903671289181,19.048451909234196,1706857093.5926602,42757328.74548587,0.6580235289627359
162966584.93788344,74899733.33333333,charging,74899733.33333333,88066851.60455011,0.0,624.0434341576848,0.0,0.0,0.20345729401380896,7,243,546.3520183012969,16.27,76694458.40854648,680.9812369770242,665.8556886836008,1445.0192143024583,11210.616829320305,2545018854.453104,2338449098.675015,367.2340114832171,1177344020.2094896,26893385.551169697,1150450634.65832,0.32957643482289356,18.808736262444306,1699035404.469239,43358541.13721566,0.6602701057124576
196264778.28287366,74899733.33333333,charging,74899733.33333333,121365044.94954033,0.0,859.995083928944,0.0,0.0,0.3120882519837809,8,243,667.6822497206181,18.92,77060628.40540157,820.1229199288672,665.8570830626531,1445.019214202326,11210.616829619066,2545018854.5209284,2338780044.6082935,367.2577311610106,1177379244.356512,27259555.63147195,1150119688.7250402,0.3294470681393969,18.71552502282239,1683332771.0017643,43258933.851304814,0.6661214029305869
202346205.60596234,74899733.33333333,charging,74899733.33333333,127446472.272629,0.0,903.0881969690445,0.0,1.4901161193847656e-08,0.4261625505482918,9,243,735.3728990094438,21.33,77127503.99233305,845.5351104257186,665.8573362999092,1445.0192142042306,11210.616829730183,2545018854.546154,2338840487.4821134,367.26206333042626,1177385677.0689623,27326431.21774518,1150059245.8512173,0.3294234440122995,18.6985969259899,1669052262.8294573,43017333.33344542,0.671736270785215
198578423.7497617,74899733.33333333,charging,74899733.33333333,123678690.41642837,0.0,876.3896209911226,0.0,0.0,0.5368643974103283,10,243,784.6513629077735,23.39,77086070.8534217,829.7908475753122,665.8571794570016,1445.0192143513084,11210.616829606515,2545018854.5180793,2338803039.739193,367.2593793067017,1177381691.6733665,27284998.07922627,1150096693.5941403,0.3294380803716451,18.709081360774224,1656845687.3792691,42755730.72024931,0.6766861226087759
179799829.5241854,74899733.33333333,charging,74899733.33333333,104900096.19085206,0.0,743.3241347647835,0.0,0.0,0.6307579723279851,11,243,765.5607504792046,25.04,76879568.42497702,751.3215691689641,665.8563952396522,1445.0192143395343,11210.616829503628,2545018854.494722,2338616401.364504,367.24600236201024,1177361827.620226,27078495.65139755,1150283331.9688284,0.3295110327990535,18.76150419710161,1647068575.9749925,42450645.503251635,0.6808347116420425
125337188.8122975,74899733.33333333,charging,74899733.33333333,50437455.478964165,0.0,357.4007967106879,0.0,0.0,0.6759033361230194,12,243,568.3481502095847,26.38,76280659.50605518,523.7409491593272,665.8540968689213,1445.0192143476343,11210.616829609657,2545018854.518792,2338075110.516727,367.20720782360786,1177304209.5484679,26479586.731862035,1150824622.8166058,0.32972265989047156,18.915148712929238,1639128376.4103074,41966316.395019874,0.6845685895873997
43102193.94520567,74899733.33333333,direct_plus_discharge,74899733.33333333,0.0,31797539.388127655,0.0,225.31798646139188,0.0,0.6474421167805279,13,243,239.07803625843,27.25,75774432.6668807,180.10922521581668,660.6557942525218,1445.019214165254,11210.616829349723,2545018854.4597826,2337617593.5975795,367.1744190790565,1177255499.5448482,25973359.8090957,1151282139.7357526,0.3299015916211938,19.04691034457694,1633973172.215325,41319819.884917535,0.6872124130910616
157249921.91856444,74899733.33333333,charging,74899733.33333333,82350188.58523111,0.0,583.535048113443,0.0,0.0,0.7211518070685417,14,243,623.0558921870888,27.88,76631594.02253643,657.0932708902311,665.8554479590817,1445.0192143444747,11210.61682958559,2545018854.5133286,2338392282.056163,367.2299393776792,1177337972.526228,26830521.24905568,1150507451.2771723,0.32959864720394333,18.82482843153751,1630240093.3155103,41986824.17149551,0.6880091686397056
147339741.44003156,74899733.33333333,charging,74899733.33333333,72440008.10669823,0.0,513.3113152756204,0.0,0.0,0.7859911311033568,15,243,540.1247552261415,27.77,76522614.81405205,615.6820394803736,665.8550297142297,1445.0192143426946,11210.616829613782,2545018854.5197287,2338293787.2110496,367.22288021327785,1177327488.1621227,26721542.03983823,1150605946.1222844,0.3296371555477172,18.852787818389157,1630891900.7424622,41939733.823084235,0.6878193371929566
43384409.15017867,74899733.33333333,direct_plus_discharge,74899733.33333333,0.0,31515324.183154657,0.0,223.3182039952981,0.0,0.7577825158618454,16,243,191.01043188489547,27.8,75773979.5788976,181.28850536977885,660.7018656142352,1445.0192142005449,11210.616829647237,2545018854.5273237,2337617184.1701345,367.17438973296714,1177255455.9674256,25972906.804223847,1151282549.1632018,0.3299017517753755,19.0470290629144,1630714135.0805662,41258897.45018459,0.6885772238925316
197311164.1118961,74899733.33333333,charging,74899733.33333333,122411430.77856277,0.0,867.4097943937765,0.0,0.0,0.8673500688379014,17,243,642.7838858902203,26.82,77072135.18875854,824.4954059601265,665.8571266665097,1445.0192143444813,11210.616829585664,2545018854.5133457,2338790444.542503,367.2584765625197,1177380351.2061281,27271062.415261272,1150109288.7908669,0.3294430032534065,18.712610239367454,1636521146.7025003,42350980.35436557,0.685048771884168
93892941.56068723,74899733.33333333,charging,74899733.33333333,18993208.2273539,0.0,134.58624524346615,0.0,0.0,0.8843504366581288,18,243,339.361790745553,25.28,75934876.78451179,392.34626848061794,665.8527534348997,1445.019214163992,11210.61682935066,2545018854.4599953,2337762598.686729,367.18481095530706,1177270938.5732944,26133803.926689975,1151137134.6466045,0.3298448754170499,19.004959518827572,1645646450.679825,41901458.49210334,0.6821359727863738
0.0,74899733.33333333,discharging,74899733.33333333,0.0,74899733.33333333,0.0,530.7409763745115,0.0,0.8173094712213484,19,243,0.0,23.38,75846263.57155755,1.0,654.15,1445.0192143024678,11210.616829320423,2545018854.4531307,2337682512.340462,367.17907150083613,1177262411.707085,26045190.71421436,1151217220.9928706,0.3298761991351157,19.028107000523388,1656904942.5999014,41464711.118948884,0.6778366643987647
0.0,74899733.33333333,discharging,74899733.33333333,0.0,74899733.33333333,0.0,530.7409763745115,0.0,0.750268505784568,20,243,0.0,22.36,75846263.57155755,1.0,654.15,1445.0192143407796,11210.616829588584,2545018854.514008,2337682512.394743,367.17907150071846,1177262411.7366307,26045190.798038945,1151217220.9385917,0.32987619911956234,19.028106999897503,1662948975.1043632,41582976.33158052,0.6753861199074476
0.0,74899733.33333333,discharging,74899733.33333333,0.0,74899733.33333333,0.0,530.7409763745115,0.0,0.6832275403477877,21,243,0.0,21.48,75846263.57155755,1.0,654.15,1445.0192141603,11210.616829353741,2545018854.460695,2337682512.3472095,367.1790715008216,1177262411.6998436,26045190.713721134,1151217220.9861226,0.3298761991331821,19.02810700044553,1668163434.519977,41685009.06404703,0.6732861180216937
0.0,74899733.33333333,discharging,74899733.33333333,0.0,74899733.33333333,0.0,530.7409763745115,0.0,0.6161865749110073,22,243,0.0,20.6,75846263.57155755,1.0,654.15,1445.0192142042301,11210.616829730174,2545018854.546152,2337682512.423401,367.1790715006566,1177262411.7068965,26045190.79696516,1151217220.9099314,0.32987619911134985,19.02810699956705,1673377893.9355915,41787041.79651355,0.671199134804224
0.0,74899733.33333333,discharging,74899733.33333333,0.0,74899733.33333333,0.0,530.7409763745115,0.0,0.5491456094742269,23,243,0.0,19.6,75846263.57155755,1.0,654.15,1445.0192143407778,11210.616829502562,2545018854.49448,2337682512.3773293,367.17907150075627,1177262411.7539802,26045190.797976617,1151217220.9560034,0.3298761991245516,19.028107000098288,1679303415.9987895,41902988.08340733,0.6688432126592451
0.0,74899733.33333333,discharging,74899733.33333333,0.0,74899733.33333333,0.0,530.7409763745115,0.0,0.4821046440374464,0,244,0.0,19.09,75846263.57155755,1.0,654.15,1445.0192143110705,11210.616829313063,2545018854.45146,2337682512.3389773,367.1790715008394,1177262411.7085614,26045190.714206222,1151217220.9943552,0.3298761991355411,19.02810700054044,1682325432.2510207,41962120.68972315,0.6676480492079023
0.0,74899733.33333333,discharging,74899733.33333333,0.0,74899733.33333333,0.0,530.7409763745115,0.0,0.415063678600666,1,244,0.0,18.85,75846263.57155755,1.0,654.15,1445.0192143427096,11210.616829613848,2545018854.5197434,2337682512.399857,367.1790715007076,1177262411.7308404,26045190.797363862,1151217220.9334767,0.3298761991180966,19.02810699983851,1683747557.546188,41989947.798577644,0.6670870960201377
0.0,74899733.33333333,discharging,74899733.33333333,0.0,74899733.33333333,0.0,530.7409763745115,0.0,0.3480227131638856,2,244,0.0,18.38,75846263.57155755,1.0,654.15,1445.0192141534822,11210.616829332897,2545018854.455963,2337682512.342987,367.1790715008307,1177262411.7048075,26045190.714461926,1151217220.9903455,0.32987619913439215,19.028107000494273,1686532552.915891,42044442.55341773,0.6659912887928895
0.0,74899733.33333333,discharging,74899733.33333333,0.0,74899733.33333333,0.0,530.7409763745115,0.0,0.2809817477271052,3,244,0.0,17.79,75846263.57155755,1.0,654.15,1445.0192143061572,11210.61682931734,2545018854.4524307,2337682512.3398414,367.1790715008375,1177262411.707722,26045190.714229543,1151217220.9934924,0.32987619913529387,19.02810700053051,1690028610.9331777,42112850.86268504,0.6646207866878983
0.0,74899733.33333333,discharging,74899733.33333333,0.0,74899733.33333333,0.0,530.7409763745115,0.0,0.21394078229032484,4,244,0.0,17.32,75846263.57155755,1.0,654.15,1445.0192143476272,11210.6168295236,2545018854.4992557,2337682512.3815885,367.1790715007472,1177262411.7490363,26045190.797291465,1151217220.9517448,0.32987619912333127,19.028107000049182,1692813606.302881,42167345.61752511,0.6635330605085271
0.0,74899733.33333333,discharging,74899733.33333333,0.0,74899733.33333333,0.0,530.7409763745115,0.0,0.14689981685354442,5,244,0.0,16.83,75846263.57155755,1.0,654.15,1445.0192141973953,11210.616829709259,2545018854.541404,2337682512.4191675,367.1790715006658,1177262411.7118483,26045190.797683213,1151217220.914165,0.329876199112563,19.02810699961587,1695717112.113848,42224159.298103064,0.6624028325070414
24258671.09710968,74899733.33333333,direct_plus_discharge,74899733.33333333,0.0,50641062.23622365,0.0,358.84355817772047,0.0,0.10157220950477974,6,244,135.68730688241658,16.47,75804685.37370269,101.36863245569764,657.679302151674,1445.0192143073828,11210.61682931616,2545018854.452163,2337644935.1163554,367.1763785139916,1177258410.733319,26003612.516329393,1151254798.2169898,0.3298908970585294,19.03898667956969,1697850300.056599,42422833.60171457,0.6615368449646065
133098295.97806013,74899733.33333333,charging,74899733.33333333,58198562.64472679,0.0,412.3961539914981,0.0,7.450580596923828e-09,0.15366435527212688,7,244,456.3774036804013,17.69,76366006.01590998,556.171943280403,665.8544265904726,1445.0192141640075,11210.616829350773,2545018854.4600205,2338152245.552406,367.21273599584765,1177312420.939049,26564933.158120006,1150747487.780929,0.32969249809261514,18.89310663381149,1690621163.139498,43009932.521894634,0.663778753542668
186558616.44395676,74899733.33333333,charging,74899733.33333333,111658883.11062343,0.0,791.2170311645935,0.0,0.0,0.25360755920870715,8,244,637.4691425498951,20.7,76953892.7271856,779.5642121552203,665.8566779783484,1445.0192143395448,11210.616829589755,2545018854.514274,2338683576.063933,367.2508169486407,1177368977.2230983,27152819.95369826,1150216157.2694001,0.32948477482492156,18.74260377850918,1672785341.7292717,42993279.09101991,0.6703756203230326
126670208.9002908,74899733.33333333,charging,74899733.33333333,51770475.566957474,0.0,366.84660314473496,0.0,0.0,0.29994607750067365,9,244,484.79995596110433,22.72,76295318.31814505,529.3111810493979,665.8541535530317,1445.0192143110796,11210.61682922707,2545018854.431938,2338088358.8712935,367.20815731868004,1177305619.9227793,26494245.46080589,1150811374.4619734,0.3297174793267953,18.911359337627168,1660815787.1616118,42393756.37648522,0.675672220619067
32339817.617059454,74899733.33333333,direct_plus_discharge,74899733.33333333,0.0,42559915.716273874,0.0,301.58039576917207,0.0,0.2618517117193045,10,244,189.311784644432,24.74,75791711.33702543,135.13696082464236,658.9321854306166,1445.019214165248,11210.616829435752,2545018854.479313,2337633209.5763154,367.1755381987782,1177257162.23632,25990638.479303747,1151266523.7570162,0.3298954834516291,19.042384011251063,1648846232.593952,41527801.65194625,0.6810720588657254
177464855.31794256,74899733.33333333,charging,74899733.33333333,102565121.98460923,0.0,726.7784618380803,0.0,0.0,0.35365530689885155,11,244,760.9837336283263,26.15,76853891.43136759,741.5645160658217,665.8562974345193,1445.0192141986468,11210.616829708228,2545018854.5411696,2338593194.4471726,367.2443390656399,1177359357.5436645,27052818.657501776,1150306538.8861628,0.32952010443911717,18.768042264357273,1640491246.484843,42308344.901231505,0.68356716080415
204722532.4651743,74899733.33333333,charging,74899733.33333333,129822799.13184096,0.0,919.9268956040614,0.0,0.0,0.46985659897515397,12,244,886.9111888419293,27.09,77153635.72835974,855.4649620248343,665.8574351338103,1445.0192143463732,11210.616829524597,2545018854.499482,2338864105.6119123,367.26375614211423,1177388190.675496,27352562.954074677,1150035627.7214215,0.3294142130990719,18.69199022023289,1634921255.745437,42364495.63799253,0.6856527736987387
161683399.29527593,74899733.33333333,charging,74899733.33333333,86783665.9619426,0.0,614.9507555790259,0.0,0.0,0.5475345891535572,13,244,692.9654543567667,27.74,76680347.61046472,675.6192460725264,665.8556346838394,1445.0192143426889,11210.616829613717,2545018854.519714,2338436345.420574,367.23309743879355,1177342662.7489924,26879274.83623343,1150463387.912759,0.3295814206248663,18.81234607989867,1631069666.404358,42029668.70847134,0.6876240781215629
158734884.11515293,74899733.33333333,charging,74899733.33333333,83835150.7818196,0.0,594.0575193028814,0.0,0.0,0.6225734336970791,14,244,632.5464049938739,28.27,76647923.69535793,663.2984165271871,665.8555105276093,1445.0192143444729,11210.616829499513,2545018854.493788,2338407040.7441854,367.2309971460195,1177339543.5109484,26846850.921800125,1150492692.5891483,0.32959287723615066,18.820645787095412,1627929139.710863,41950880.87604072,0.6889672781310305
203454921.93656936,74899733.33333333,charging,74899733.33333333,128555188.60323603,0.0,910.9445825880687,0.0,0.0,0.7376401178134667,15,244,726.6225128505704,28.61,77139696.2050203,850.1680541580866,665.8573824208804,1445.019214168927,11210.616829432587,2545018854.4785943,2338851506.8850403,367.26285314035044,1177386849.7955809,27338623.347289313,1150048226.4482915,0.32941913716555954,18.69551389684494,1625914462.2093756,42180746.523940705,0.6894380011567753
160075666.8428357,74899733.33333333,charging,74899733.33333333,85175933.50950237,0.0,603.5583319537021,0.0,0.0,0.8138790650076185,16,244,545.4091030730305,28.19,76662667.87087764,668.9010858152677,665.8555669983401,1445.01921435131,11210.616829606513,2545018854.518079,2338420366.5108395,367.2319522142161,1177340961.9191754,26861595.096681766,1150479366.8224936,0.32958766752566954,18.816870778393906,1628403181.4759188,41968164.31607315,0.6887566466706861
164793944.73041627,74899733.33333333,charging,74899733.33333333,89894211.39708294,0.0,636.9921414135594,0.0,0.0,0.894341230238805,17,244,545.6839920315533,27.32,76714553.32248019,688.6171442545524,665.8557655494209,1445.0192142993014,11210.61682921025,2545018854.4281197,2338467260.409992,367.23531315881667,1177345953.3891056,26913480.465764616,1150432472.923341,0.3295693346877514,18.803597882561778,1633558385.6709013,42096813.22108463,0.6865568009958467
50462440.16377318,74899733.33333333,direct_plus_discharge,74899733.33333333,0.0,24437293.16956015,0.0,173.16313769825445,0.0,0.8724679917927097,18,244,209.80953755849595,26.17,75762616.01386839,210.86515948471,661.8724294779299,1445.0192142091644,11210.616829726066,2545018854.5452194,2337606914.130391,367.17365372915606,1177254362.4422405,25961543.239307057,1151292819.2029333,0.32990576892533197,19.050007031438245,1640372736.0435786,41500324.346638195,0.6845301505309908
0.0,74899733.33333333,discharging,74899733.33333333,0.0,74899733.33333333,0.0,530.7409763745115,0.0,0.8054270263559293,19,244,0.0,24.12,75846263.57155484,1.0,654.149999999997,1445.0192143513075,11210.616829520486,2545018854.498549,2337682512.3809547,367.17907150074825,1177262411.7496715,26045190.79729606,1151217220.9523754,0.32987619912351224,19.028107000057137,1652520056.2731347,41378910.86664586,0.6796256702938157
0.0,74899733.33333333,discharging,74899733.33333333,0.0,74899733.33333333,0.0,530.7409763745115,0.0,0.7383860609191489,20,244,0.0,22.48,75846263.57155755,1.0,654.15,1445.019214157159,11210.616829415781,2545018854.474779,2337682512.359765,367.1790715007944,1177262411.6880906,26045190.714522664,1151217220.973568,0.3298761991295846,19.028107000300807,1662237912.4567792,41569062.77715327,0.6756734992328025
0.0,74899733.33333333,discharging,74899733.33333333,0.0,74899733.33333333,0.0,530.7409763745115,0.0,0.6713450954823684,21,244,0.0,21.09,75846263.57155755,1.0,654.15,1445.0192143463648,11210.616829610573,2545018854.5190005,2337682512.3991966,367.17907150070903,1177262411.731461,26045190.797323417,1151217220.9341376,0.32987619911828603,19.02810699984611,1670474388.1246247,41730228.115935616,0.6723596058640661
0.0,74899733.33333333,discharging,74899733.33333333,0.0,74899733.33333333,0.0,530.7409763745115,0.0,0.604304130045588,22,244,0.0,19.71,75846263.57155755,1.0,654.15,1445.0192143513113,11210.616829520466,2545018854.4985447,2337682512.3809557,367.1790715007486,1177262411.7496698,26045190.79729142,1151217220.9523783,0.3298761991235128,19.02810700005646,1678651608.571838,41890233.99184901,0.6691015542156251
0.0,74899733.33333333,discharging,74899733.33333333,0.0,74899733.33333333,0.0,530.7409763745115,0.0,0.5372631646088076,23,244,0.0,18.66,75846263.57155755,1.0,654.15,1445.0192141534753,11210.616829418928,2545018854.4754934,2337682512.360404,367.17907150079304,1177262411.687455,26045190.714525357,1151217220.9729295,0.3298761991294017,19.028107000293417,1684873406.7381954,42011977.593087465,0.6666436761920511
0.0,74899733.33333333,discharging,74899733.33333333,0.0,74899733.33333333,0.0,530.7409763745115,0.0,0.4702221991720273,0,245,0.0,17.67,75846263.57155755,1.0,654.15,1445.0192141639882,11210.616829350663,2545018854.459996,2337682512.346586,367.17907150082283,1177262411.7004843,26045190.71373677,1151217220.9867475,0.32987619913336114,19.028107000452742,1690739673.5807617,42126764.41711229,0.6643427304858217
0.0,74899733.33333333,discharging,74899733.33333333,0.0,74899733.33333333,0.0,530.7409763745115,0.0,0.4031812337352469,1,245,0.0,16.92,75846263.57155755,1.0,654.15,1445.0192143476302,11210.616829609664,2545018854.518794,2337682512.3990088,367.1790715007095,1177262411.7316892,26045190.797365267,1151217220.934324,0.32987619911833943,19.028106999848305,1695183815.1281602,42213724.13228262,0.6626101366670302
0.0,74899733.33333333,discharging,74899733.33333333,0.0,74899733.33333333,0.0,530.7409763745115,0.0,0.3361402682984665,2,245,0.0,16.92,75846263.57155755,1.0,654.15,1445.0192142993099,11210.616829296323,2545018854.44766,2337682512.3355856,367.1790715008467,1177262411.7126677,26045190.714920003,1151217220.9977477,0.3298761991365132,19.028107000579606,1695183815.1281602,42213724.13228262,0.6626101367035351
0.0,74899733.33333333,discharging,74899733.33333333,0.0,74899733.33333333,0.0,530.7409763745115,0.0,0.2690993028616861,3,245,0.0,16.83,75846263.57155755,1.0,654.15,1445.0192143024603,11210.61682923428,2545018854.433575,2337682512.323028,367.17907150087393,1177262411.724425,26045190.71412046,1151217221.0103047,0.32987619914011135,19.028107000724376,1695717112.113848,42224159.298103064,0.6624028325623594
0.0,74899733.33333333,discharging,74899733.33333333,0.0,74899733.33333333,0.0,530.7409763745115,0.0,0.20205833742490567,4,245,0.0,16.56,75846263.57155755,1.0,654.15,1445.0192141652426,11210.616829435683,2545018854.479297,2337682512.363795,367.17907150078565,1177262411.683355,26045190.71381599,1151217220.9695392,0.3298761991284302,19.028107000254337,1697317003.0709114,42255464.795564376,0.6617816976498061
0.0,74899733.33333333,discharging,74899733.33333333,0.0,74899733.33333333,0.0,530.7409763745115,0.0,0.13501737198812527,5,245,0.0,16.06,75846263.57155755,1.0,654.15,1445.019214344472,11210.616829499528,2545018854.493791,2337682512.3767157,367.1790715007576,1177262411.7546208,26045190.798004612,1151217220.9566162,0.32987619912472715,19.02810700010535,1700279764.1025105,42313437.93901125,0.6606345184911294
0.0,74899733.33333333,discharging,74899733.33333333,0.0,74899733.33333333,0.0,530.7409763745115,0.0,0.06797640655134486,6,245,51.095291679195526,15.82,75846263.57155755,1.0,654.15,1445.0192143110758,11210.61682931313,2545018854.4514756,2337682512.338991,367.1790715008394,1177262411.7085662,26045190.714223668,1151217220.9943426,0.3298761991355375,19.028107000540285,1701701889.3976781,42341265.04786576,0.6600852840481065
0.0,74899733.33333333,discharging,74899733.33333333,0.0,74899733.33333333,0.0,530.7409763745115,0.0,0.0009354411145644589,7,245,0.0,15.94,75846263.57155755,1.0,654.15,1445.019214160309,11210.616829439847,2545018854.4802423,2337682512.364637,367.17907150078383,1177262411.6825047,26045190.713806868,1151217220.9686978,0.3298761991281891,19.028107000244635,1700990826.7500944,42327351.493438505,0.6603597870634252
0.0,74899733.33333333,shutdown,0.0,0.0,0.0,0.0,0.0,0.0,0.0009354411145644589,8,245,0.0,17.23,0.0,1.0,567.279923475184,1445.0192143005593,11210.616829209279,2545018854.427899,2259509896.325359,362.89907080586624,1179588764.1512713,25103923.744833,1154484840.4064384,0.3381619333352192,,1693346903.2885687,0.0,0.6817769224748739
199725713.653941,74899733.33333333,charging,74899733.33333333,124825980.32060768,0.0,884.5193397074609,0.0,0.0,0.11266419981445425,9,245,731.5306608803058,18.8,77098687.24783856,834.5849769878974,665.8572272334789,1445.019214200554,11210.616829733293,2545018854.5468597,2338814442.592785,367.2601965906455,1177382905.213816,27297614.473241962,1150085290.740574,0.3294336235585561,18.705887656156772,1684043833.649348,43294200.608071506,0.6658136785802867
199540027.57001618,74899733.33333333,charging,74899733.33333333,124640294.23668285,0.0,883.2035644824299,0.0,0.0,0.22422675532802433,10,245,796.5072389865691,21.03,77096645.31505066,833.8090587886617,665.8572195020296,1445.0192143110712,11210.616829227043,2545018854.431932,2338812596.969974,367.2600643153519,1177382708.8209963,27295572.457637012,1150087136.3633592,0.32943434490899653,18.706404479718007,1670829919.4484167,43034851.80360783,0.6710489390147096
183747159.17261803,74899733.33333333,charging,74899733.33333333,108847425.8392847,0.0,771.2949899126594,0.0,0.0,0.32165349089593925,11,245,791.9640943605307,23.01,76922975.99577154,767.8161004114904,665.8565604335099,1445.0192143407874,11210.616829588638,2545018854.514021,2338655633.3446093,367.2488142162385,1177366003.2109938,27121903.22226871,1150244099.988725,0.3294956972405335,18.75046136262076,1659097385.7632844,42709137.87412615,0.6758959282458349
173607462.76238927,74899733.33333333,charging,74899733.33333333,98707729.42905594,0.0,699.4449026906407,0.0,0.0,0.41000442597265174,12,245,770.7434784833978,24.19,76811472.87113738,725.4458009624233,665.8561357169812,1445.0192142054811,11210.616829729164,2545018854.5459228,2338554856.448194,367.2415913011166,1177355276.9816976,27010400.096558187,1150344876.8851395,0.3295350911457269,18.778852768864592,1652105269.728711,42511085.567637876,0.6788231880861146
145952360.9846051,74899733.33333333,charging,74899733.33333333,71052627.65127178,0.0,503.4803102139741,0.0,0.0,0.4736019388417853,13,245,639.0649439171543,24.84,76507358.21764308,609.8846543351049,665.8549710670429,1445.0192141640061,11210.616829350793,2545018854.4600253,2338279998.3525457,367.2218919700141,1177326020.3406463,26706285.359857842,1150619734.9807885,0.3296425467409211,18.856708362015365,1648253680.3876324,42268028.83523925,0.6806299668933121
126109948.90633254,74899733.33333333,charging,74899733.33333333,51210215.57299921,0.0,362.8765898618618,0.0,0.0,0.5194389817717048,14,245,521.1856406331805,25.36,76289157.31127372,526.9700474737028,665.8541297317004,1445.0192143358452,11210.61682959274,2545018854.5149517,2338082790.711562,367.2077582515469,1177305027.159515,26488084.537743807,1150816942.621771,0.3297196566683023,18.91295181046428,1645172408.9147692,42087858.05949238,0.682062492164006
123597620.59280336,74899733.33333333,charging,74899733.33333333,48697887.25947003,0.0,345.0741822596656,0.0,0.0,0.5630272995308203,15,245,469.43433436892775,23.54,76261530.00906134,516.4718926323799,665.8540228644549,1445.0192143463705,11210.616829524564,2545018854.4994745,2338057821.5339003,367.2059687518032,1177302369.034201,26460457.234766856,1150841911.799434,0.32972942053326476,18.920095974407914,1655956859.0697894,42281058.97270282,0.6776682463467633
0.0,74899733.33333333,discharging,74899733.33333333,0.0,74899733.33333333,0.0,530.7409763745115,0.0,0.49598633409403997,16,245,4.138367276145273,22.36,75846263.57155755,1.0,654.15,1445.0192143513136,11210.61682960653,2545018854.518082,2337682512.3983746,367.1790715007108,1177262411.7323253,26045190.797364127,1151217220.934961,0.329876199118522,19.028106999855652,1662948975.1043632,41582976.33158052,0.6753861199053175
0.0,74899733.33333333,discharging,74899733.33333333,0.0,74899733.33333333,0.0,530.7409763745115,0.0,0.4289453686572596,17,245,0.0,21.87,75846263.57155755,1.0,654.15,1445.01921415348,11210.616829418925,2545018854.475493,2337682512.360403,367.17907150079304,1177262411.6874573,26045190.714525137,1151217220.972932,0.3298761991294024,19.028107000293453,1665852480.9153302,41639790.01215847,0.6742151871338224
0.0,74899733.33333333,discharging,74899733.33333333,0.0,74899733.33333333,0.0,530.7409763745115,0.0,0.3619044032204792,18,245,22.15208737249252,20.56,75846263.57155755,1.0,654.15,1445.0192143024565,11210.616829234275,2545018854.4335737,2337682512.323027,367.17907150087393,1177262411.724422,26045190.71411781,1151217221.0103042,0.32987619914011124,19.02810700072437,1673614914.8181198,41791679.6479893,0.6711045793598578
0.0,74899733.33333333,discharging,74899733.33333333,0.0,74899733.33333333,0.0,530.7409763745115,0.0,0.2948634377836988,19,245,0.0,17.67,75846263.57155755,1.0,654.15,1445.0192143476193,11210.61682960959,2545018854.518777,2337682512.3989935,367.1790715007095,1177262411.731685,26045190.797343634,1151217220.9343412,0.32987619911834437,19.028106999848504,1690739673.5807617,42126764.41711229,0.6643427304555791
0.0,74899733.33333333,discharging,74899733.33333333,0.0,74899733.33333333,0.0,530.7409763745115,0.0,0.22782247234691835,20,245,0.0,16.03,75846263.57155755,1.0,654.15,1445.019214162088,11210.616829325625,2545018854.454312,2337682512.341515,367.17907150083386,1177262411.7062938,26045190.714476097,1151217220.9918177,0.32987619913481403,19.028107000511252,1700457529.7644067,42316916.32761808,0.6605658142241485
0.0,74899733.33333333,discharging,74899733.33333333,0.0,74899733.33333333,0.0,530.7409763745115,0.0,0.16078150691013796,21,245,0.0,14.98,75846263.57155755,1.0,654.15,1445.0192143073832,11210.616829316163,2545018854.4521637,2337682512.3396034,367.1790715008379,1177262411.7079256,26045190.714195892,1151217220.9937296,0.32987619913536187,19.028107000533247,1706679327.9307642,42438659.92885652,0.6581701343100721
0.0,74899733.33333333,discharging,74899733.33333333,0.0,74899733.33333333,0.0,530.7409763745115,0.0,0.09374054147335756,22,245,0.0,14.42,75846263.57155755,1.0,654.15,1445.0192142042297,11210.61682973014,2545018854.546144,2337682512.4233937,367.1790715006566,1177262411.7068968,26045190.796956327,1151217220.9099405,0.32987619911135246,19.028106999567164,1709997620.2861552,42503589.849517025,0.656899529798794
0.0,74899733.33333333,discharging,74899733.33333333,0.0,74899733.33333333,0.0,530.7409763745115,0.0,0.026699576036577154,23,245,0.0,14.12,75846263.57155755,1.0,654.15,1445.0192142993058,11210.616829210236,2545018854.4281163,2337682512.318159,367.1790715008844,1177262411.730014,26045190.714838915,1151217221.015175,0.32987619914150695,19.028107000780572,1711775276.9051147,42538373.73558517,0.6562208648349367
0.0,74899733.33333333,discharging,29829390.31715597,0.0,29829390.31715597,0.0,211.37164362290247,0.0,0.0,0,246,0.0,13.96,30207936.77269732,1.0,654.15,1445.0192143513204,11210.616829606575,2545018854.5180926,2296467726.086479,364.2320898322237,1172838871.2453446,25477207.014695346,1147361664.2306492,0.33312787302434294,47.50181160616313,1712723360.4352264,16949508.695331078,0.6633402678087825
0.0,74899733.33333333,shutdown,0.0,0.0,0.0,0.0,0.0,0.0,0.0,1,246,0.0,13.74,0.0,1.0,567.279923475184,1445.0192141689283,11210.616829346593,2545018854.4590716,2259509895.5985594,362.89907080586624,1179588764.8769794,25103923.743736997,1154484841.1332424,0.3381619335481085,,1714026975.2891297,0.0,0.6735511504645362
0.0,74899733.33333333,shutdown,0.0,0.0,0.0,0.0,0.0,0.0,0.0,2,246,0.0,13.68,0.0,1.0,567.279923475184,1445.0192141584014,11210.616829414741,2545018854.4745426,2259509895.612303,362.89907080586624,1179588764.8640013,25103923.74449093,1154484841.1195104,0.33816193354408625,,1714382506.6129217,0.0,0.6734114683661862
0.0,74899733.33333333,shutdown,0.0,0.0,0.0,0.0,0.0,0.0,0.0,3,246,0.0,13.57,0.0,1.0,567.279923475184,1445.0192143024508,11210.616829320286,2545018854.4530997,2259509895.593265,362.89907080586624,1179588764.8826869,25103923.744141873,1154484841.138545,0.3381619335496617,,1715034314.0398734,0.0,0.6731555349578294
0.0,74899733.33333333,shutdown,0.0,0.0,0.0,0.0,0.0,0.0,0.0,4,246,0.0,13.46,0.0,1.0,567.279923475184,1445.0192143024658,11210.616829234345,2545018854.4335895,2259509895.5759435,362.89907080586624,1179588764.8999689,25103923.744101185,1154484841.1558676,0.33816193355473567,,1715686121.4668255,0.0,0.672899796012129
0.0,74899733.33333333,shutdown,0.0,0.0,0.0,0.0,0.0,0.0,0.0,5,246,0.0,13.09,0.0,1.0,567.279923475184,1445.0192143444676,11210.61682958552,2545018854.513313,2259509895.6467233,362.89907080586624,1179588764.9131105,25103923.828024477,1154484841.085086,0.338161933534003,,1717878564.6302087,0.0,0.6720410073535092
0.0,74899733.33333333,shutdown,0.0,0.0,0.0,0.0,0.0,0.0,0.0,6,246,0.0,12.77,0.0,1.0,567.279923475184,1445.0192142054775,11210.616829643057,2545018854.526375,2259509895.65832,362.89907080586624,1179588764.9003491,25103923.82685938,1154484841.0734897,0.33816193353060625,,1719774731.690432,0.0,0.6713000370337472
23119002.27526456,74899733.33333333,direct_partial,23119002.27526456,0.0,0.0,0.0,0.0,0.0,0.0,7,246,132.2236013593005,13.15,23375866.47095126,96.60634892168326,665.1809033789907,1445.019214302453,11210.616829320292,2545018854.453101,2290303468.132189,363.79257162975466,1172171058.814738,25355524.671641726,1146815534.1430962,0.3336311124219583,61.33324644325097,1717523033.3064167,13314677.797859952,0.6625783149891196
0.0,74899733.33333333,shutdown,0.0,0.0,0.0,0.0,0.0,0.0,0.0,8,246,8.503475011097073,14.47,0.0,1.0,567.279923475184,1445.0192143358504,11210.616829592786,2545018854.514962,2259509895.6481876,362.89907080586624,1179588764.9116268,25103923.82800568,1154484841.083621,0.3381619335335738,,1709701344.182995,0.0,0.6752552690044868
0.0,74899733.33333333,shutdown,0.0,0.0,0.0,0.0,0.0,0.0,0.0,9,246,0.0,15.75,0.0,1.0,567.279923475184,1445.0192142054782,11210.616829643108,2545018854.5263863,2259509895.65833,362.89907080586624,1179588764.9003515,25103923.826871533,1154484841.07348,0.33816193353060336,,1702116675.942102,0.0,0.6782642208910185
0.0,74899733.33333333,shutdown,0.0,0.0,0.0,0.0,0.0,0.0,0.0,10,246,0.0,15.87,0.0,1.0,567.279923475184,1445.0192143427091,11210.61682961389,2545018854.519753,2259509895.652441,362.89907080586624,1179588764.9067094,25103923.827340167,1154484841.0793693,0.33816193353232843,,1701405613.2945182,0.0,0.678547685547999
0.0,74899733.33333333,shutdown,0.0,0.0,0.0,0.0,0.0,0.0,0.0,11,246,0.0,15.98,0.0,1.0,567.279923475184,1445.0192141986463,11210.616829622155,2545018854.5216293,2259509895.654107,362.89907080586624,1179588764.9052856,25103923.827580754,1154484841.077705,0.33816193353184093,,1700753805.8675663,0.0,0.678807736366519
0.0,74899733.33333333,shutdown,0.0,0.0,0.0,0.0,0.0,0.0,0.0,12,246,3.453364712291276,16.25,0.0,1.0,567.279923475184,1445.0192143426948,11210.616829613775,2545018854.519727,2259509895.652418,362.89907080586624,1179588764.9067006,25103923.82730837,1154484841.0793922,0.33816193353233515,,1699153914.910503,0.0,0.6794468888006538
0.0,74899733.33333333,shutdown,0.0,0.0,0.0,0.0,0.0,0.0,0.0,13,246,18.977357622194443,17.5,0.0,1.0,567.279923475184,1445.0192143476313,11210.616829609626,2545018854.5187855,2259509895.651582,362.89907080586624,1179588764.9075518,25103923.827322144,1154484841.0802295,0.3381619335325804,,1691747012.3315053,0.0,0.6824216816491727
0.0,74899733.33333333,shutdown,0.0,0.0,0.0,0.0,0.0,0.0,0.0,14,246,22.20493702648952,18.15,0.0,1.0,567.279923475184,1445.019214158395,11210.61682932866,2545018854.455001,2259509895.5949526,362.89907080586624,1179588764.8812704,25103923.744412925,1154484841.1368575,0.3381619335491674,,1687895422.9904265,0.0,0.6839788919454909
0.0,74899733.33333333,shutdown,0.0,0.0,0.0,0.0,0.0,0.0,0.0,15,246,0.0,18.51,0.0,1.0,567.279923475184,1445.0192141602922,11210.616829439714,2545018854.4802117,2259509895.617336,362.89907080586624,1179588764.85821,25103923.74373416,1154484841.114476,0.3381619335426116,,1685762235.0476756,0.0,0.6848444087263739
0.0,74899733.33333333,shutdown,0.0,0.0,0.0,0.0,0.0,0.0,0.0,16,246,0.0,19.53,0.0,1.0,567.279923475184,1445.0192143061383,11210.616829231176,2545018854.4328704,2259509895.575305,362.89907080586624,1179588764.9005964,25103923.74409231,1154484841.1565042,0.33816193355492213,,1679718202.5432136,0.0,0.687308644633684
0.0,74899733.33333333,shutdown,0.0,0.0,0.0,0.0,0.0,0.0,0.0,17,246,0.0,19.92,0.0,1.0,567.279923475184,1445.0192142993076,11210.616829296301,2545018854.4476547,2259509895.588431,362.89907080586624,1179588764.888259,25103923.74487931,1154484841.1433797,0.3381619335510778,,1677407248.9385662,0.0,0.6882555454997094
38309965.35875819,74899733.33333333,direct_partial,38309965.35875819,0.0,0.0,0.0,0.0,0.0,0.0,18,246,175.60922881613288,19.69,38733879.90600344,160.08415227267588,665.5653012566316,1445.0192143476208,11210.61682960956,2545018854.51877,2304162362.5406747,364.78120514289,1173670177.9244761,25522575.10635779,1148147602.8181183,0.33253289791606394,37.08765995921378,1678770119.0131018,21691480.955430105,0.675197606837676
0.0,74899733.33333333,shutdown,0.0,0.0,0.0,0.0,0.0,0.0,0.0,19,246,0.0,16.74,0.0,1.0,567.279923475184,1445.0192141689445,11210.616829346678,2545018854.459091,2259509895.5985847,362.89907080586624,1179588764.876986,25103923.74376062,1154484841.1332254,0.33816193354810353,,1696250409.0995357,0.0,0.6806099116852036
0.0,74899733.33333333,shutdown,0.0,0.0,0.0,0.0,0.0,0.0,0.0,20,246,0.0,16.15,0.0,1.0,567.279923475184,1445.0192143358597,11210.61682959283,2545018854.514972,2259509895.648196,362.89907080586624,1179588764.9116328,25103923.828019142,1154484841.0836136,0.33816193353357166,,1699746467.1168227,0.0,0.6792100253880196
0.0,74899733.33333333,shutdown,0.0,0.0,0.0,0.0,0.0,0.0,0.0,21,246,0.0,15.96,0.0,1.0,567.279923475184,1445.0192143513043,11210.616829520452,2545018854.4985414,2259509895.633609,362.89907080586624,1179588764.925454,25103923.82725271,1154484841.0982013,0.3381619335378445,,1700872316.3088305,0.0,0.6787604395864477
0.0,74899733.33333333,shutdown,0.0,0.0,0.0,0.0,0.0,0.0,0.0,22,246,0.0,16.1,0.0,1.0,567.279923475184,1445.0192142005494,11210.61682973331,2545018854.5468636,2259509895.6765103,362.89907080586624,1179588764.8822296,25103923.82693003,1154484841.0552995,0.3381619335252781,,1700042743.2199826,0.0,0.6790916555831039
0.0,74899733.33333333,shutdown,0.0,0.0,0.0,0.0,0.0,0.0,0.0,23,246,0.0,15.99,0.0,1.0,567.279923475184,1445.0192143444644,11210.616829585544,2545018854.5133185,2259509895.646728,362.89907080586624,1179588764.9131098,25103923.828029558,1154484841.0850801,0.3381619335340012,,1700694550.646934,0.0,0.6788313872387731
0.0,74899733.33333333,shutdown,0.0,0.0,0.0,0.0,0.0,0.0,0.0,0,247,0.0,16.22,0.0,1.0,567.279923475184,1445.0192142005565,11210.616829647279,2545018854.5273333,2259509895.6591706,362.89907080586624,1179588764.8995056,25103923.826865714,1154484841.07264,0.33816193353035734,,1699331680.5723984,0.0,0.679375812427487
0.0,74899733.33333333,shutdown,0.0,0.0,0.0,0.0,0.0,0.0,0.0,1,247,0.0,16.37,0.0,1.0,567.279923475184,1445.0192143513095,11210.616829606526,2545018854.5180817,2259509895.650957,362.89907080586624,1179588764.9081833,25103923.82732917,1154484841.0808542,0.33816193353276336,,1698442852.2629192,0.0,0.6797313430608967
0.0,74899733.33333333,shutdown,0.0,0.0,0.0,0.0,0.0,0.0,0.0,2,247,0.0,16.58,0.0,1.0,567.279923475184,1445.0192142993062,11210.616829210232,2545018854.4281154,2259509895.5710835,362.89907080586624,1179588764.9055316,25103923.7448044,1154484841.1607273,0.33816193355615914,,1697198492.6296475,0.0,0.6802297115948783
0.0,74899733.33333333,shutdown,0.0,0.0,0.0,0.0,0.0,0.0,0.0,3,247,0.0,16.69,0.0,1.0,567.279923475184,1445.0192141639964,11210.616829436776,2545018854.479545,2259509895.616744,362.89907080586624,1179588764.8588562,25103923.743789528,1154484841.1150668,0.3381619335427846,,1696546685.2026958,0.0,0.6804910534938413
0.0,74899733.33333333,shutdown,0.0,0.0,0.0,0.0,0.0,0.0,0.0,4,247,0.0,16.45,0.0,1.0,567.279923475184,1445.0192142005435,11210.616829733259,2545018854.546852,2259509895.6765003,362.89907080586624,1179588764.882226,25103923.826915238,1154484841.0553107,0.3381619335252814,,1697968810.4978633,0.0,0.6799211115761326
0.0,74899733.33333333,shutdown,0.0,0.0,0.0,0.0,0.0,0.0,0.0,5,247,0.0,16.25,0.0,1.0,567.279923475184,1445.0192142956123,11210.616829213302,2545018854.4288125,2259509895.5717025,362.89907080586624,1179588764.904893,25103923.74478458,1154484841.1601083,0.33816193355597784,,1699153914.910503,0.0,0.6794468888481576
0.0,74899733.33333333,shutdown,0.0,0.0,0.0,0.0,0.0,0.0,0.0,6,247,0.0,16.05,0.0,1.0,567.279923475184,1445.019214351311,11210.616829606515,2545018854.5180793,2259509895.6509547,362.89907080586624,1179588764.9081829,25103923.827327393,1154484841.0808554,0.33816193353276375,,1700339019.3231425,0.0,0.6789733270606373
4177517.7178240307,74899733.33333333,charging_only,0.0,4177517.7178240307,0.0,29.601972312937665,0.0,0.0,0.0037391965026868632,7,247,75.72625445472606,16.48,0.0,17.456407913693322,583.8231531377685,1445.01921434639,11210.616829524688,2545018854.499503,2259509895.6344624,362.89907080586624,1179588764.924614,25147231.07140828,1154441533.8532057,0.33814924834598875,,1697791044.8359673,0.0,0.6799667941261538
27479933.325170096,74899733.33333333,direct_plus_discharge,31657451.042994127,0.0,4177517.717824031,0.0,29.60197231293767,0.0,0.0,8,247,149.59508427693285,17.12,32012285.179596283,114.82917798733573,664.3664049880291,1445.0192141973912,11210.616829709192,2545018854.5413885,2298095950.6364822,364.34824176651273,1173014995.1025841,25453494.69606697,1147561500.4065173,0.33301143624527435,44.83615192078128,1693998710.7155206,18025717.000778086,0.6702950506011592
210067935.02315915,74899733.33333333,charging,74899733.33333333,135168201.68982583,0.0,957.8045227527967,0.0,0.0,0.12098583445298486,9,247,770.6988346067691,18.97,77212417.47719435,877.8015584962161,665.8576572108758,1445.019214306146,11210.616829317258,2545018854.452412,2338917233.2831607,367.2675640390746,1177393844.6700222,27411344.619843528,1149982500.0501788,0.3293934491906896,18.67714517907658,1683036494.8986044,43338373.754521064,0.6661256028057025
228933538.1076306,74899733.33333333,charging,74899733.33333333,154033804.77429727,0.0,1091.486555456247,0.0,2.9802322387695312e-08,0.25885782040535293,10,247,912.9172483284459,20.68,77419876.71531549,956.6344169602858,665.8584383030425,1445.0192143073912,11210.616829230177,2545018854.4326434,2339104738.466504,367.28100352635556,1177413798.7247303,27618803.85790159,1149794994.8668287,0.32932017215544457,18.62493252221057,1672903852.1705356,43256034.873443305,0.669981278287134
205523720.23751172,74899733.33333333,charging,74899733.33333333,130623986.9041784,0.0,925.6041278400866,0.0,0.0,0.3757762365535744,11,247,889.3319263601412,22.4,77162446.1440229,858.8128498170782,665.8574684409974,1445.0192141986404,11210.616829708199,2545018854.541163,2338872068.611345,367.2643268812461,1177389038.092139,27361373.370145336,1150027664.7219937,0.32941110087621256,18.689763751874654,1662711954.2218354,42912832.61748065,0.6742559521857697
196262306.11762834,74899733.33333333,charging,74899733.33333333,121362572.78429501,0.0,859.9775661176292,0.0,0.0,0.4844049817473802,12,247,875.8045464567972,23.67,77060601.21976258,820.1125896016567,665.8570829596207,1445.019214347624,11210.61682952359,2545018854.4992533,2338780020.0183344,367.2577293999875,1177379241.7604918,27259528.445490103,1150119713.3150017,0.3294470777485657,18.71553191046705,1655186541.2015736,42709194.22956764,0.6773794699607721
11349271.940952934,74899733.33333333,direct_plus_discharge,74899733.33333333,0.0,63550461.392380394,0.0,450.3198132673727,0.0,0.42752247901886997,13,247,125.05659338851481,24.28,75825411.02412339,47.42469904541855,655.7475125483941,1445.019214204233,11210.616829730168,2545018854.5461507,2337663666.462279,367.1777208959603,1177260405.1205835,26024338.249545492,1151236066.871038,0.3298835704601041,19.033561950262303,1651571972.7430232,41432978.61784624,0.6799956881080901
0.0,74899733.33333333,discharging,74899733.33333333,0.0,74899733.33333333,0.0,530.7409763745115,0.0,0.3604815135820896,14,247,68.27270196124226,24.85,75846263.57155646,1.0,654.15,1445.01921434447,11210.61682958557,2545018854.5133243,2337682512.3941298,367.17907150071994,1177262411.737274,26045190.798072904,1151217220.939201,0.32987619911973703,19.028106999904832,1648194425.167,41294270.07721446,0.6813997774473379
15204004.977171876,74899733.33333333,direct_plus_discharge,74899733.33333333,0.0,59695728.35616145,0.0,423.00509952598964,0.0,0.3070492904840698,15,247,117.73562138631532,24.76,75819222.3666725,63.532300933383034,656.315627837289,1445.0192143476281,11210.61682952357,2545018854.499249,2337658073.2839103,367.1773200617834,1177259809.6418202,26018149.592397965,1151241660.0494223,0.3298857581707888,19.035181458394742,1648727722.152688,41403914.27826728,0.6811550267649537
0.0,74899733.33333333,discharging,74899733.33333333,0.0,74899733.33333333,0.0,530.7409763745115,0.0,0.2400083250472894,16,247,48.498458814897184,24.33,75846263.57155706,1.0,654.1499999999997,1445.0192142054818,11210.616829729175,2545018854.545925,2337682512.4231997,367.179071500657,1177262411.7071137,26045190.79698096,1151217220.910133,0.32987619911140764,19.02810699956947,1651275696.6398633,41354562.14639953,0.6801350826232058
121352152.41391939,74899733.33333333,charging,74899733.33333333,46452419.08058607,0.0,329.1627507946834,0.0,-7.450580596923828e-09,0.2815867777792494,17,247,418.49830211900684,23.63,76236837.28572084,507.08885439400854,665.8539272833183,1445.0192141583996,11210.616829328686,2545018854.4550066,2338035504.580562,367.2043693384879,1177299993.1813896,26435764.4286178,1150864228.7527719,0.3297381474111577,18.92648566542251,1655423562.084102,42257059.37561905,0.6779038496435339
38164075.424466066,74899733.33333333,direct_plus_discharge,74899733.33333333,0.0,36735657.90886726,0.0,260.30959095064327,0.0,0.2487055662907471,18,247,174.18807922837436,22.51,75782360.66702323,159.47452847799053,659.856954584451,1445.019214306155,11210.616829317338,2545018854.4524302,2337624758.6866784,367.17493256629575,1177256262.4563487,25981287.80969472,1151274974.646654,0.32989878899685987,19.04483326368406,1662060146.7948835,41826800.148725316,0.6756756818354546
0.0,74899733.33333333,discharging,74899733.33333333,0.0,74899733.33333333,0.0,530.7409763745115,0.0,0.1816646008539667,19,247,0.0,21.1,75846263.57155755,1.0,654.15,1445.0192143476324,11210.616829609658,2545018854.5187926,2337682512.399008,367.1790715007095,1177262411.7316918,26045190.797364388,1151217220.9343274,0.3298761991183404,19.028106999848347,1670415132.9039924,41729068.653066665,0.67238333073078
0.0,74899733.33333333,discharging,74899733.33333333,0.0,74899733.33333333,0.0,530.7409763745115,0.0,0.11462363541718631,20,247,0.0,19.27,75846263.57155755,1.0,654.15,1445.0192143395416,11210.616829503666,2545018854.4947305,2337682512.377555,367.179071500756,1177262411.7537668,26045190.797988422,1151217220.9557784,0.32987619912448707,19.028107000095666,1681258838.279645,41941250.358082265,0.6680693835536365
0.0,74899733.33333333,discharging,74899733.33333333,0.0,74899733.33333333,0.0,530.7409763745115,0.0,0.0475826699804059,21,247,0.0,17.98,75846263.57155755,1.0,654.15,1445.0192142054866,11210.616829729162,2545018854.5459223,2337682512.4231973,367.1790715006571,1177262411.7071164,26045190.796979405,1151217220.910137,0.32987619911140875,19.02810699956941,1688902761.7411702,42090821.06817523,0.6650615186231652
0.0,74899733.33333333,discharging,53160470.90910692,0.0,53160470.90910692,0.0,376.69613734488007,0.0,0.0,22,247,0.0,17.91,53833039.431530215,1.0,654.15,1445.019214346378,11210.616829524615,2545018854.4994864,2317794905.771621,365.75531963515186,1175136794.2189617,25771229.081478715,1149365565.1374831,0.331436246228825,26.735134420191653,1689317548.285594,29880361.21255722,0.6685475585955039
0.0,74899733.33333333,shutdown,0.0,0.0,0.0,0.0,0.0,0.0,0.0,23,247,0.0,17.27,0.0,1.0,567.279923475184,1445.0192142956216,11210.616829299415,2545018854.448362,2259509895.5890584,362.89907080586624,1179588764.8876247,25103923.74487229,1154484841.1427524,0.3381619335508941,,1693109882.406041,0.0,0.6818723658396817
0.0,74899733.33333333,shutdown,0.0,0.0,0.0,0.0,0.0,0.0,0.0,0,248,0.0,16.77,0.0,1.0,567.279923475184,1445.019214200543,11210.616829733262,2545018854.546853,2259509895.676501,362.89907080586624,1179588764.8822272,25103923.82691766,1154484841.0553095,0.33816193352528107,,1696072643.43764,0.0,0.6806812464797336
0.0,74899733.33333333,shutdown,0.0,0.0,0.0,0.0,0.0,0.0,0.0,1,248,0.0,16.18,0.0,1.0,567.279923475184,1445.0192143426987,11210.616829527773,2545018854.500203,2259509895.635084,362.89907080586624,1179588764.9239762,25103923.82725091,1154484841.0967252,0.3381619335374122,,1699568701.4549267,0.0,0.6792810670780305
0.0,74899733.33333333,shutdown,0.0,0.0,0.0,0.0,0.0,0.0,0.0,2,248,0.0,15.58,0.0,1.0,567.279923475184,1445.0192141973894,11210.616829709172,2545018854.541384,2259509895.671645,362.89907080586624,1179588764.887791,25103923.827626396,1154484841.0601645,0.3381619335267031,,1703124014.6928456,0.0,0.6778630511345195
0.0,74899733.33333333,shutdown,0.0,0.0,0.0,0.0,0.0,0.0,0.0,3,248,0.0,15.44,0.0,1.0,567.279923475184,1445.0192143476315,11210.616829523626,2545018854.499262,2259509895.6342483,362.89907080586624,1179588764.9248266,25103923.82726423,1154484841.0975623,0.3381619335376574,,1703953587.7816935,0.0,0.6775330322233355
0.0,74899733.33333333,shutdown,0.0,0.0,0.0,0.0,0.0,0.0,0.0,4,248,0.0,15.67,0.0,1.0,567.279923475184,1445.019214351341,11210.616829606724,2545018854.5181265,2259509895.650997,362.89907080586624,1179588764.9081998,25103923.827385902,1154484841.080814,0.3381619335327516,,1702590717.7071574,0.0,0.6780753759984866
0.0,74899733.33333333,shutdown,0.0,0.0,0.0,0.0,0.0,0.0,0.0,5,248,0.0,15.71,0.0,1.0,567.279923475184,1445.0192141973878,11210.6168297092,2545018854.5413904,2259509895.6716514,362.89907080586624,1179588764.8877923,25103923.827632803,1154484841.0601594,0.33816193352670165,,1702353696.82463,0.0,0.6781697852882156
0.0,74899733.33333333,shutdown,0.0,0.0,0.0,0.0,0.0,0.0,0.0,6,248,0.0,15.54,0.0,1.0,567.279923475184,1445.019214204231,11210.616829644145,2545018854.526622,2259509895.6585393,362.89907080586624,1179588764.9001365,25103923.826864786,1154484841.0732718,0.3381619335305424,,1703361035.5753732,0.0,0.6777687272171878
176186996.12270635,74899733.33333333,charging,74899733.33333333,101287262.78937303,0.0,717.7235265697464,0.0,0.0,0.09065981388249428,7,248,585.8840690171922,15.89,76839839.20659074,736.2247825505978,665.8562438811977,1445.019214302456,11210.61682932032,2545018854.453108,2338580493.926043,367.24342879745194,1177358005.7565758,27038766.349219494,1150319239.4073563,0.32952506915035223,18.771622197379056,1701287102.8532543,43484610.76446523,0.6592949842258801
209600096.2508242,74899733.33333333,charging,74899733.33333333,134700362.9174909,0.0,954.4894080552602,0.0,0.0,0.21122689700526398,8,248,713.2728089619122,19.29,77207272.79802155,875.8466213782058,665.8576377877747,1445.0192143444642,11210.616829499468,2545018854.4937773,2338912583.4875903,367.26723076422763,1177393349.870194,27406200.024451703,1149987149.8457422,0.3293952664472102,18.678443539576048,1681140327.8383806,43298380.60288577,0.6668762097582608
210138682.42556697,74899733.33333333,charging,74899733.33333333,135238949.09223366,0.0,958.3058402309616,0.0,0.0,0.33227605577128017,9,248,772.2616443259543,21.38,77213195.46463194,878.0971875273027,665.8576601478467,1445.0192143476359,11210.616829609675,2545018854.5187964,2338917936.498259,367.2676144373596,1177393919.5255177,27412122.69044313,1149981796.8350747,0.3293931743638555,18.676948853042077,1668755986.7262974,43059345.74373437,0.6717908030276432
200672643.2819959,74899733.33333333,charging,74899733.33333333,125772909.94866256,0.0,891.2293015856313,0.0,0.0,0.4448523886031494,10,248,811.6308244538216,23.08,77109100.34189096,838.5418698054576,665.8572666546311,1445.0192142005667,11210.616829733392,2545018854.5468826,2338823854.058609,367.2608711468721,1177383906.8420467,27308027.567319494,1150075879.2747273,0.3294299451031474,18.703252480746674,1658682599.2188609,42804407.82266652,0.6759239856168106
183656346.00356305,74899733.33333333,charging,74899733.33333333,108756612.67022972,0.0,770.6514860192956,0.0,0.0,0.5421978394687447,11,248,807.4376375937842,24.51,76921977.35126609,767.4366234517171,665.8565566351114,1445.0192143407846,11210.616829502598,2545018854.4944882,2338654732.8765535,367.248749525942,1177365905.0344758,27120904.577696018,1150245000.4567797,0.32949604944465904,18.750715221373376,1650209102.6684875,42535298.19309243,0.6795148752944173
176553150.74143732,74899733.33333333,charging,74899733.33333333,101653417.40810399,0.0,720.3181053646326,0.0,0.0,0.6331853896200667,12,248,801.3224736777348,25.57,76843865.69638254,737.7548166080904,665.8562592282299,1445.019214311072,11210.616829313092,2545018854.451467,2338584133.0773993,367.24368962333824,1177358393.0949728,27042792.839039177,1150315600.2559338,0.32952364657720357,18.77059627866534,1643928049.281498,42369759.24669702,0.6821544773635994
131958154.79190783,74899733.33333333,charging,74899733.33333333,57058421.4585745,0.0,404.3170912310175,0.0,0.0,0.6842570221966161,13,248,599.2950070898524,26.38,76353468.23374867,551.4076858986189,665.8543781989622,1445.0192142042254,11210.61682964411,2545018854.5266137,2338140914.110309,367.21192387890954,1177311214.6821046,26552395.459080055,1150758819.2230246,0.329696928891661,18.896341625356648,1639128376.4103074,42006387.1168307,0.6845131301720585
206850474.17963523,74899733.33333333,charging,74899733.33333333,131950740.8463019,0.0,935.005532241856,0.0,0.0,0.8023629841640084,14,248,828.7357766802942,26.51,77177036.04929009,864.3568976414168,665.8575235804801,1445.019214295616,11210.616829299377,2545018854.448353,2338885255.0699315,367.2652720176848,1177390441.4560306,27375963.1926357,1150014478.2633948,0.3294059471600965,18.68607787583927,1638358058.5420916,42444574.819188826,0.6842055428980309
26922229.100907728,74899733.33333333,direct_plus_discharge,74899733.33333333,0.0,47977504.2324256,0.0,339.96953403033694,0.0,0.7594194640759658,15,248,156.43752851485604,26.08,75800409.1117588,112.49872409305881,658.0884465555657,1445.0192141652544,11210.616829435758,2545018854.479314,2337641070.3764443,367.1761015446503,1177257999.2109263,25999336.25404381,1151258662.9568825,0.329892408732311,19.040106316525296,1640906033.0292668,41334287.51787902,0.6843604025508303
57683297.09897459,74899733.33333333,direct_plus_discharge,74899733.33333333,0.0,17216436.234358735,0.0,121.9960041252449,0.0,0.7440094425022507,16,248,238.48782075489933,25.73,75751023.14615606,241.03863394048173,663.0972899654013,1445.0192143061358,11210.616829231161,2545018854.4328666,2337596436.741504,367.17290287503664,1177253246.8805492,25949950.288719986,1151303296.5918293,0.3299098671955919,19.05304601360907,1642979965.751386,41607517.90108947,0.683433367375855
112982810.34647861,74899733.33333333,charging,74899733.33333333,38083077.01314528,0.0,269.8574290959084,0.0,0.0,0.7780966967038391,17,248,393.5685512267453,24.62,76144802.20361352,472.1162560791943,665.8535704873967,1445.019214339542,11210.616829589704,2545018854.5142627,2337952324.8654265,367.19840802496503,1177291137.898019,26343729.43011173,1150947408.4679074,0.32977067534310334,18.950337918199907,1649557295.2415357,42092814.26342245,0.6803696591872175
0.0,74899733.33333333,discharging,74899733.33333333,0.0,74899733.33333333,0.0,530.7409763745115,0.0,0.7110557312670587,18,248,0.0,23.37,75846263.57155755,1.0,654.15,1445.0192142091587,11210.61682963998,2545018854.5256763,2337682512.405144,367.1790715006962,1177262411.7250965,26045190.796908867,1151217220.9281876,0.32987619911658106,19.02810699977755,1656964197.820533,41465870.58181782,0.6778125531015206
0.0,74899733.33333333,discharging,74899733.33333333,0.0,74899733.33333333,0.0,530.7409763745115,0.0,0.6440147658302783,19,248,0.0,22.6,75846263.57155755,1.0,654.15,1445.0192142091805,11210.61682972618,2545018854.545245,2337682512.422592,367.1790715006583,1177262411.7077608,26045190.79701955,1151217220.9107413,0.32987619911158195,19.02810699957639,1661526849.8091955,41555149.22272602,0.6759611231667793
0.0,74899733.33333333,discharging,74899733.33333333,0.0,74899733.33333333,0.0,530.7409763745115,0.0,0.5769738003934979,20,248,0.0,21.32,75846263.57155755,1.0,654.15,1445.0192143395384,11210.616829589706,2545018854.514263,2337682512.394968,367.1790715007181,1177262411.7364213,26045190.798056483,1151217220.938365,0.32987619911949734,19.02810699989492,1669111518.0500891,41703560.46995004,0.6729057017279969
0.0,74899733.33333333,discharging,74899733.33333333,0.0,74899733.33333333,0.0,530.7409763745115,0.0,0.5099328349567175,21,248,0.0,20.15,75846263.57155755,1.0,654.15,1445.0192143426887,11210.61682952768,2545018854.500182,2337682512.382416,367.1790715007453,1177262411.748176,26045190.797259368,1151217220.9509168,0.329876199123094,19.028107000039608,1676044378.864031,41839217.62561575,0.6701369192320912
0.0,74899733.33333333,discharging,74899733.33333333,0.0,74899733.33333333,0.0,530.7409763745115,0.0,0.4428918695199371,22,248,0.0,19.3,75846263.57155755,1.0,654.15,1445.0192143513134,11210.616829606524,2545018854.518081,2337682512.398373,367.1790715007108,1177262411.732325,26045190.79736434,1151217220.9349608,0.3298761991185219,19.028106999855645,1681081072.617749,41937771.96947545,0.6681396576430089
0.0,74899733.33333333,discharging,74899733.33333333,0.0,74899733.33333333,0.0,530.7409763745115,0.0,0.3758509040831567,23,248,0.0,18.83,75846263.57155755,1.0,654.15,1445.0192142023377,11210.616829619117,2545018854.52094,2337682512.4009223,367.1790715007052,1177262411.7300553,26045190.797642596,1151217220.9324126,0.32987619911779176,19.028106999826274,1683866067.9874523,41992266.72431553,0.6670403924692203
0.0,74899733.33333333,discharging,74899733.33333333,0.0,74899733.33333333,0.0,530.7409763745115,0.0,0.30880993864637624,0,249,0.0,18.44,75846263.57155755,1.0,654.15,1445.0192143024622,11210.61682932036,2545018854.4531164,2337682512.340449,367.17907150083613,1177262411.7070813,26045190.714197133,1151217220.9928842,0.32987619913511956,19.02810700052355,1686177021.5920994,42037485.776204094,0.6661309785820156
0.0,74899733.33333333,discharging,74899733.33333333,0.0,74899733.33333333,0.0,530.7409763745115,0.0,0.24176897320959587,1,249,0.0,17.78,75846263.57155755,1.0,654.15,1445.0192143110808,11210.61682931316,2545018854.451482,2337682512.3389974,367.1790715008394,1177262411.7085698,26045190.71423228,1151217220.9943376,0.32987619913553606,19.02810700054023,1690087866.1538103,42114010.32555398,0.6645976064488186
0.0,74899733.33333333,discharging,74899733.33333333,0.0,74899733.33333333,0.0,530.7409763745115,0.0,0.17472800777281547,2,249,0.0,17.3,75846263.57155755,1.0,654.15,1445.0192141936986,11210.616829626231,2545018854.522555,2337682512.402364,367.17907150070215,1177262411.7285511,26045190.797580753,1151217220.9309704,0.3298761991173785,19.028106999809612,1692932116.744145,42169664.54326299,0.6634868532477629
0.0,74899733.33333333,discharging,74899733.33333333,0.0,74899733.33333333,0.0,530.7409763745115,0.0,0.10768704233603506,3,249,0.0,16.96,75846263.57155755,1.0,654.15,1445.0192143073805,11210.616829316146,2545018854.45216,2337682512.3396,367.1790715008379,1177262411.7079253,26045190.714191478,1151217220.993734,0.3298761991353631,19.028107000533296,1694946794.2456324,42209086.28080688,0.6627023135338099
0.0,74899733.33333333,discharging,74899733.33333333,0.0,74899733.33333333,0.0,530.7409763745115,0.0,0.04064607689925465,4,249,0.0,16.54,75846263.57155755,1.0,654.15,1445.0192141603218,11210.61682935386,2545018854.4607215,2337682512.347232,367.17907150082146,1177262411.699857,26045190.713754695,1151217220.9861023,0.3298761991331763,19.028107000445328,1697435513.5121753,42257783.72130225,0.6617357340036942
0.0,74899733.33333333,discharging,45410747.010664426,0.0,45410747.010664426,0.0,321.7814421190993,0.0,0.0,5,249,0.0,16.4,45985652.2538451,1.0,654.1499999999311,1445.0192143395536,11210.616829589817,2545018854.5142884,2310708866.65888,365.2487911905855,1174375446.1548178,25673565.803065743,1148701880.351752,0.3319961398115868,31.266459039805916,1698265086.6010232,25630770.94206302,0.6663406465799468
0.0,74899733.33333333,shutdown,0.0,0.0,0.0,0.0,0.0,0.0,0.0,6,249,0.0,16.34,0.0,1.0,567.2799234752405,1445.0192143024635,11210.616829320345,2545018854.453113,2259509895.5932627,362.89907080586624,1179588764.882689,25103923.744159527,1154484841.1385295,0.3381619335496572,,1698620617.9248152,0.0,0.6796602072032718
176946402.035929,74899733.33333333,charging,74899733.33333333,102046668.70259567,0.0,723.1046917343089,0.0,0.0,0.09133954000854429,7,249,587.629847332103,17.41,76848190.15998866,739.3980783421929,665.8562757092083,1445.0192141652467,11210.61682934971,2545018854.4597797,2338588041.54787,367.2439697513498,1177358809.087725,27047117.30219733,1150311691.7855277,0.3295221187297772,18.76949455812827,1692280309.317193,43313911.14594239,0.6627768623696916
207104754.76383978,74899733.33333333,charging,74899733.33333333,132205021.43050645,0.0,936.8073694384345,0.0,0.0,0.20967310246392548,8,249,706.5199267041967,19.26,77179832.2947192,865.4194486351895,665.857534145931,1445.0192141571567,11210.61682941581,2545018854.474786,2338887782.3762975,367.26545315902956,1177390710.3947277,27378759.437692072,1150011950.9570355,0.32940495941200015,18.685371613607295,1681318093.500277,43286463.81275689,0.6668264594805291
179256262.95090938,74899733.33333333,charging,74899733.33333333,104356529.61757603,0.0,739.4724113875966,0.0,1.4901161193847656e-08,0.30308014390235877,9,249,670.1345363535861,20.91,76873590.99045518,749.0501916495176,665.8563724770811,1445.019214342699,11210.616829527762,2545018854.5002007,2338610998.940904,367.24561515713265,1177361252.6086097,27072518.21617982,1150288734.3924298,0.32951314460689535,18.763025826045173,1671540982.096,42924155.1946277,0.6709315397396958
145523107.69748932,74899733.33333333,charging,74899733.33333333,70623374.364156,0.0,500.4386130199147,0.0,0.0,0.36629344238908484,10,249,611.2714248110058,22.64,76502637.85119049,608.0909526719819,665.8549529169732,1445.0192143061452,11210.616829317247,2545018854.4524097,2338275732.1129417,367.2215862094963,1177325566.2142277,26701564.993836533,1150624001.220391,0.32964421477381656,18.857921688526414,1661289828.9266677,42518186.50653668,0.6753249138388618
113156129.16169456,74899733.33333333,charging,74899733.33333333,38256395.82836122,0.0,271.0855696128099,0.0,7.450580596923828e-09,0.40053583012965027,11,249,531.4030375555697,24.23,76146708.13734926,472.84049572146284,665.8535778849232,1445.0192143395348,11210.61682958965,2545018854.5142503,2337954047.4138675,367.1985314757584,1177291321.283298,26345635.363832306,1150945685.9194658,0.32977000171253895,18.9498433826852,1651868248.8461826,42138468.46127069,0.6794221499598548
49170230.5715466,74899733.33333333,direct_plus_discharge,74899733.33333333,0.0,25729502.761786733,0.0,182.31976016053528,0.0,0.3775059656883195,12,249,285.1990143480154,25.25,75764690.61735697,205.4654606023689,661.656536250115,1445.01921420055,11210.616829647231,2545018854.5273223,2337608789.079734,367.1737880985636,1177254562.0962856,25963617.842679344,1151290944.2536063,0.32990503553118855,19.049463288385247,1645824216.341721,41595627.90643844,0.6822788935296487
85966681.88887283,74899733.33333333,charging,74899733.33333333,11066948.555539506,0.0,78.42061407232684,0.0,-1.862645149230957e-09,0.3874117274658766,13,249,421.6530248249281,26.01,75847714.14331034,359.225158911005,665.8524128636119,1445.0192143110805,11210.616829313143,2545018854.451478,2337683823.3264894,367.1791654534742,1177262551.2928262,26046641.28598161,1151215910.0068445,0.3298756863634222,19.027727647805804,1641320819.5736904,41770189.26729778,0.6839891033578724
172314615.60490224,74899733.33333333,charging,74899733.33333333,97414882.27156891,0.0,690.2837624284455,0.0,0.0,0.47460546587789076,14,249,707.1041144961747,26.42,76797255.82834716,720.0434379144251,665.8560814757321,1445.0192142956075,11210.616829213275,2545018854.4288063,2338542006.956225,367.24067036139417,1177353909.3487093,26996182.971602347,1150357726.377107,0.3295401142121424,18.78247870020795,1638891355.527779,42246014.84920107,0.6842734845155155
210508439.05748016,74899733.33333333,charging,74899733.33333333,135608705.72414684,0.0,960.9259429617575,0.0,0.0,0.5959855849888496,15,249,771.6709619714442,26.48,77217261.56465603,879.6422731574434,665.8576754967711,1445.019214209165,11210.616829726066,2545018854.5452194,2338921611.520116,367.26787784138037,1177394310.6033037,27416188.790085897,1149978121.8132179,0.3293917380833048,18.675922835572003,1638535824.2039876,42470184.32272661,0.6841011370453662
221105441.3856211,74899733.33333333,charging,74899733.33333333,146205708.05228776,0.0,1036.0165088687188,0.0,0.0,0.726850828214372,16,249,746.2420653095854,25.94,77333793.54189682,923.9234965531277,665.8581147037193,1445.019214347623,11210.616829609617,2545018854.518783,2339026934.944849,367.27542690053633,1177405519.1561763,27532720.76769545,1149872798.388481,0.329350576709526,18.64656365106035,1641735606.1181142,42597017.34335525,0.6826874824910647
84595988.2910146,74899733.33333333,charging,74899733.33333333,9696254.957681268,0.0,68.70785241001244,0.0,0.0,0.7355297148345841,17,249,309.50669028099657,24.64,75832641.04714625,353.4975023969916,665.8523538892182,1445.0192142023113,11210.61682961892,2545018854.5208955,2337670200.735024,367.1781891790665,1177261100.8714862,26031568.273176063,1151229532.5983102,0.3298810146531487,19.03167026302948,1649438784.8002717,41917911.98517342,0.6806544916198407
27580968.218341168,74899733.33333333,direct_plus_discharge,74899733.33333333,0.0,47318765.11499216,0.0,335.30169575103673,0.0,0.6931758164239268,18,249,142.6438189631656,23.12,75799351.52600431,115.25136801209267,658.1902071155993,1445.0192143476258,11210.616829609624,2545018854.518785,2337640114.5957494,367.17603304580587,1177257897.4893854,25998278.75180301,1151259618.7375824,0.329892782584811,19.040383239216993,1658445578.3363326,41679922.774514064,0.6771615495358195
0.0,74899733.33333333,discharging,74899733.33333333,0.0,74899733.33333333,0.0,530.7409763745115,0.0,0.6261348509871464,19,249,0.0,21.73,75846263.57155447,1.0,654.1499999999966,1445.0192143513107,11210.61682952046,2545018854.4985433,2337682512.3809495,367.17907150074825,1177262411.7496717,26045190.797290757,1151217220.952381,0.32987619912351385,19.028107000057293,1666682054.0041778,41656022.49232172,0.6738813802671452
0.0,74899733.33333333,discharging,74899733.33333333,0.0,74899733.33333333,0.0,530.7409763745115,0.0,0.559093885550366,20,249,0.0,20.61,75846263.57155755,1.0,654.15,1445.0192141986208,11210.616829708051,2545018854.5411296,2337682512.4189267,367.1790715006664,1177262411.7120478,26045190.797642272,1151217220.9144056,0.3298761991126319,19.02810699961859,1673318638.7149594,41785882.33364462,0.6712227778459582
0.0,74899733.33333333,discharging,74899733.33333333,0.0,74899733.33333333,0.0,530.7409763745115,0.0,0.49205292011358565,21,249,0.0,20.0,75846263.57155755,1.0,654.15,1445.0192141652458,11210.616829435732,2545018854.479308,2337682512.363805,367.1790715007856,1177262411.683357,26045190.713829458,1151217220.9695275,0.32987619912842686,19.028107000254188,1676933207.1735103,41856609.56864982,0.6697835941055174
0.0,74899733.33333333,discharging,74899733.33333333,0.0,74899733.33333333,0.0,530.7409763745115,0.0,0.42501195467680525,22,249,0.0,19.19,75846263.57155755,1.0,654.15,1445.0192143073903,11210.616829230159,2545018854.432639,2337682512.322194,367.1790715008757,1177262411.7252786,26045190.714138206,1151217221.0111403,0.3298761991403508,19.02810700073402,1681732880.0447009,41950526.06103377,0.667882058232521
0.0,74899733.33333333,discharging,74899733.33333333,0.0,74899733.33333333,0.0,530.7409763745115,0.0,0.35797098924002485,23,249,0.0,18.42,75846263.57155755,1.0,654.15,1445.0192143407785,11210.616829588591,2545018854.51401,2337682512.3947444,367.17907150071846,1177262411.73663,26045190.798040934,1151217220.938589,0.32987619911956156,19.028106999897474,1686295532.0333633,42039804.70194196,0.6660844087774953
0.0,74899733.33333333,discharging,74899733.33333333,0.0,74899733.33333333,0.0,530.7409763745115,0.0,0.29093002380324445,0,250,0.0,17.93,75846263.57155755,1.0,654.15,1445.0192143426991,11210.616829527731,2545018854.5001936,2337682512.3824263,367.1790715007453,1177262411.7481823,26045190.79727592,1151217220.9509063,0.329876199123091,19.028107000039476,1689199037.84433,42096618.382519916,0.664945479884034
0.0,74899733.33333333,discharging,74899733.33333333,0.0,74899733.33333333,0.0,530.7409763745115,0.0,0.22388905836646403,1,250,0.0,17.63,75846263.57155755,1.0,654.15,1445.0192141603104,11210.616829439818,2545018854.4802356,2337682512.3646307,367.17907150078383,1177262411.6825013,26045190.713800237,1151217220.9687011,0.32987619912819005,19.028107000244674,1690976694.4632895,42131402.268588044,0.6642500967709699
0.0,74899733.33333333,discharging,74899733.33333333,0.0,74899733.33333333,0.0,530.7409763745115,0.0,0.15684809292968363,2,250,0.0,17.35,75846263.57155755,1.0,654.15,1445.0192143395402,11210.616829589708,2545018854.5142636,2337682512.3949685,367.1790715007181,1177262411.7364218,26045190.798057362,1151217220.9383645,0.3298761991194972,19.028106999894913,1692635840.640985,42163867.2289183,0.6636023834428135
0.0,74899733.33333333,discharging,74899733.33333333,0.0,74899733.33333333,0.0,530.7409763745115,0.0,0.08980712749290322,3,250,0.0,16.95,75846263.57155755,1.0,654.15,1445.0192143024522,11210.616829234266,2545018854.433572,2337682512.32303,367.1790715008739,1177262411.7244177,26045190.71411362,1151217221.010304,0.3298761991401112,19.02810700072431,1695006049.4662642,42210245.743675806,0.6626792669309961
0.0,74899733.33333333,discharging,74899733.33333333,0.0,74899733.33333333,0.0,530.7409763745115,0.0,0.022766162056122818,4,250,0.0,16.5,75846263.57155755,1.0,654.15,1445.0192142042242,11210.61682973015,2545018854.5461464,2337682512.4233956,367.1790715006566,1177262411.706895,26045190.796957433,1151217220.9099376,0.32987619911135163,19.028106999567136,1697672534.3947034,42262421.572778,0.6616438258002636
0.0,74899733.33333333,discharging,25434888.29430766,0.0,25434888.29430766,0.0,180.23211627763897,0.0,0.0,5,250,0.0,16.49,25758054.521634437,1.0,654.15,1445.0192143358443,11210.616829506707,2545018854.495421,2292452635.8976684,363.94577009148827,1172404079.1837022,25421826.787064496,1146982252.3966377,0.3334485258022451,55.67646875131975,1697731789.6153352,14353081.7911503,0.6699330573807282
0.0,74899733.33333333,shutdown,0.0,0.0,0.0,0.0,0.0,0.0,0.0,6,250,0.0,16.41,0.0,1.0,567.279923475184,1445.0192142054807,11210.616829729115,2545018854.545912,2259509895.675665,362.89907080586624,1179588764.8830774,25103923.826931864,1154484841.0561454,0.3381619335255259,,1698205831.3803911,0.0,0.6798262140683614
0.0,74899733.33333333,shutdown,0.0,0.0,0.0,0.0,0.0,0.0,0.0,7,250,3.709306551524163,17.31,0.0,1.0,567.279923475184,1445.0192143110694,11210.61682931307,2545018854.451462,2259509895.5918107,362.89907080586624,1179588764.8841743,25103923.74417304,1154484841.1400013,0.3381619335500883,,1692872861.5235128,0.0,0.6819678354941637
44521262.671603106,74899733.33333333,direct_partial,44521262.671603106,0.0,0.0,0.0,0.0,0.0,0.0,8,250,202.0181259795036,18.77,45013480.946139514,186.03902473285186,665.6468970463878,1445.0192143444774,11210.61682949954,2545018854.493794,2309831147.9882054,365.1860786892396,1174280993.5177565,25590878.834319886,1148690114.6834366,0.3320860473689848,31.93937158532606,1684221599.311244,25272781.461016975,0.6719472889782288
168091225.48881412,74899733.33333333,charging,74899733.33333333,93191492.15548079,0.0,660.3567374035713,0.0,0.0,0.08341348261939849,9,250,634.460469700664,20.69,76750812.50548097,702.3953450456293,665.8559041443422,1445.0192142042256,11210.61682973015,2545018854.5461464,2338500031.548679,367.2376619050989,1177349441.5155501,26949739.730846856,1150399701.7847033,0.3295565233884471,18.79433301552836,1672844596.949904,42880933.74306082,0.6705033417087802
185343516.3057671,74899733.33333333,charging,74899733.33333333,110443782.97243376,0.0,782.6068078028425,0.0,0.0,0.18226907939449435,10,250,762.9193484088886,22.67,76940530.64446908,774.4867271267971,665.8566271875151,1445.0192141640011,11210.616829350764,2545018854.4600186,2338671499.2850723,367.24995137517965,1177367691.8349369,27139457.786675394,1150228234.0482614,0.3294894954386162,18.74599901948795,1661112063.2647717,42758175.39573603,0.6750679763926799
184272827.8101555,74899733.33333333,charging,74899733.33333333,109373094.47682218,0.0,775.0198881668957,0.0,0.0,0.28016632842610223,11,250,821.7368120358894,24.29,76928756.61219774,770.0126886210697,665.8565824184662,1445.019214340781,11210.61682958863,2545018854.5140185,2338660857.8966928,367.2491886739848,1177366559.275332,27127683.838690516,1150238875.4366415,0.32949365502173716,18.74899172086814,1651512717.522391,42564465.60583235,0.6789766646361712
128815663.75312987,74899733.33333333,charging,74899733.33333333,53915930.41979654,0.0,382.0493382238528,0.0,0.0,0.3284251922017468,12,250,617.096968637187,25.36,76318911.2257481,538.2762980402312,665.8542447387769,1445.019214302452,11210.616829320275,2545018854.4530973,2338109681.8479247,367.20968550518535,1177307889.853774,26517838.36836507,1150790051.485409,0.3297091414151805,18.905263509340454,1645172408.9147692,42104278.8643734,0.6820399166423158
180882411.741987,74899733.33333333,charging,74899733.33333333,105982678.40865366,0.0,750.9953335489586,0.0,0.0,0.4232877606500363,13,250,807.2570808360089,25.95,76891473.2488571,755.8453074438311,665.8564405637073,1445.019214307391,11210.61682923014,2545018854.4326353,2338627160.938306,367.246773530917,1177362972.7864616,27090400.391432516,1150272572.395029,0.3295068268978607,18.758474384049904,1641676350.8974826,42352136.76776355,0.6830481674272496
194714637.29918444,74899733.33333333,charging,74899733.33333333,119814903.96585111,0.0,849.0107545783985,0.0,0.0,0.5305312243862551,14,250,796.2631425911969,26.4,77043581.98149358,813.6454145865061,665.8570184429884,1445.019214197387,11210.616829709155,2545018854.5413804,2338764637.9127016,367.25662690735743,1177377604.6282237,27242509.207592294,1150135095.4206314,0.3294530900034832,18.71984465273105,1639009865.9690435,42383881.25997538,0.6840367387568107
205122218.39443982,74899733.33333333,charging,74899733.33333333,130222485.06110649,0.0,922.759077921687,0.0,0.0,0.6470902658079418,15,250,757.9933990448541,26.54,77158030.9516665,857.1351118817347,665.8574517506064,1445.0192143463744,11210.616829524593,2545018854.499481,2338868078.0686226,367.26404086484433,1177388613.4420924,27356958.17738166,1150031655.2647107,0.32941266051804013,18.69087944588933,1638180292.8801954,42430642.626866736,0.6842938070718498
138741846.26218867,74899733.33333333,charging,74899733.33333333,63842112.928855345,0.0,452.38646176318184,0.0,0.0,0.7042338188727648,16,250,490.9257685093313,26.23,76428066.40359701,579.7543964250442,665.8546658890438,1445.019214342688,11210.616829613733,2545018854.5197177,2338208335.1306505,367.2167558869479,1177318391.8320525,26626993.629415665,1150691398.2026367,0.32967056656413635,18.87710947087404,1640017204.7197871,42064659.95459616,0.6840876311483134
155093085.48895675,74899733.33333333,charging,74899733.33333333,80193352.15562342,0.0,568.251662958577,0.0,0.0,0.7760129762991114,17,250,519.3029172133828,25.45,76607875.95529798,648.0805942096024,665.8553570339236,1445.0192141986345,11210.616829708151,2545018854.5411525,2338370845.7828293,367.22840302372043,1177335690.7319152,26806803.181411162,1150528887.550504,0.32960702789786467,18.83090669761696,1644639111.9290814,42253400.13918384,0.6820404260019292
10558392.33856216,74899733.33333333,direct_plus_discharge,74899733.33333333,0.0,64341340.99477117,0.0,455.9240016093992,0.0,0.7184225760958188,18,250,92.47750579476514,23.59,75826680.75745426,44.11988554551457,655.6318482916572,1445.0192143513173,11210.616829520563,2545018854.498566,2337664813.969678,367.17780313567727,1177260527.3468707,26025607.983213406,1151234919.3636572,0.3298831216207522,19.033229707350444,1655660582.9666295,41507406.447342485,0.6783270286409161
0.0,74899733.33333333,discharging,74899733.33333333,0.0,74899733.33333333,0.0,530.7409763745115,0.0,0.6513816106590384,19,250,0.0,22.85,75846263.57155749,1.0,654.15,1445.0192142091514,11210.616829725926,2545018854.5451875,2337682512.4225445,367.17907150065855,1177262411.7077413,26045190.79694956,1151217220.9107916,0.3298761991115963,19.02810699957695,1660045469.293396,41526162.65100255,0.6765611269596021
0.0,74899733.33333333,discharging,74899733.33333333,0.0,74899733.33333333,0.0,530.7409763745115,0.0,0.584340645222258,20,250,0.0,21.81,75846263.57155755,1.0,654.15,1445.0192143358545,11210.61682950677,2545018854.4954348,2337682512.3781805,367.1790715007545,1177262411.753132,26045190.797979634,1151217220.9551525,0.32987619912430777,19.028107000088482,1666208012.2391222,41646746.789372094,0.6740720865573003
0.0,74899733.33333333,discharging,74899733.33333333,0.0,74899733.33333333,0.0,530.7409763745115,0.0,0.5172996797854776,21,250,0.0,20.82,75846263.57155755,1.0,654.15,1445.019214302465,11210.616829320355,2545018854.4531155,2337682512.3404484,367.17907150083613,1177262411.707082,26045190.714196473,1151217220.9928856,0.32987619913512,19.028107000523566,1672074279.081688,41761533.61339693,0.6717196667646618
0.0,74899733.33333333,discharging,74899733.33333333,0.0,74899733.33333333,0.0,530.7409763745115,0.0,0.45025871434869724,22,250,0.0,19.87,75846263.57155755,1.0,654.15,1445.0192141603231,11210.616829439952,2545018854.480266,2337682512.364659,367.1790715007838,1177262411.6825109,26045190.713836666,1151217220.9686742,0.32987619912818233,19.02810700024435,1677703525.041726,41871682.58594601,0.6694776802213233
0.0,74899733.33333333,discharging,74899733.33333333,0.0,74899733.33333333,0.0,530.7409763745115,0.0,0.38321774891191684,23,250,0.0,19.03,75846263.57155755,1.0,654.15,1445.0192142023132,11210.616829618966,2545018854.5209055,2337682512.4008913,367.1790715007053,1177262411.730042,26045190.797598887,1151217220.9324431,0.3298761991178005,19.028106999826623,1682680963.5748127,41969077.46693678,0.6675077224577499
0.0,74899733.33333333,discharging,74899733.33333333,0.0,74899733.33333333,0.0,530.7409763745115,0.0,0.3161767834751364,0,251,0.0,18.55,75846263.57155755,1.0,654.15,1445.0192143476306,11210.616829609662,2545018854.5187936,2337682512.3990088,367.1790715007095,1177262411.7316904,26045190.797365263,1151217220.9343252,0.32987619911833976,19.02810699984832,1685525214.1651475,42024731.68464577,0.6663872287455248
0.0,74899733.33333333,discharging,74899733.33333333,0.0,74899733.33333333,0.0,530.7409763745115,0.0,0.24913581803835602,1,251,0.0,18.24,75846263.57155755,1.0,654.15,1445.019214351311,11210.616829520482,2545018854.498548,2337682512.3809595,367.1790715007486,1177262411.7496707,26045190.79729605,1151217220.9523747,0.3298761991235118,19.02810700005642,1687362126.004739,42060675.033582844,0.6656655736591419
0.0,74899733.33333333,discharging,74899733.33333333,0.0,74899733.33333333,0.0,530.7409763745115,0.0,0.18209485260157562,2,251,0.0,17.95,75846263.57155755,1.0,654.15,1445.0192143395443,11210.616829589719,2545018854.514266,2337682512.3949704,367.1790715007181,1177262411.7364233,26045190.798060235,1151217220.938363,0.32987619911949684,19.0281069998949,1689080527.4030662,42094299.456782036,0.6649918905224255
0.0,74899733.33333333,discharging,74899733.33333333,0.0,74899733.33333333,0.0,530.7409763745115,0.0,0.11505388716479521,3,251,0.0,17.27,75846263.57155755,1.0,654.15,1445.019214165251,11210.616829435743,2545018854.4793105,2337682512.363807,367.1790715007856,1177262411.683358,26045190.71383321,1151217220.9695249,0.3298761991284261,19.02810700025416,1693109882.406041,42173142.9318698,0.6634175544622463
0.0,74899733.33333333,discharging,74899733.33333333,0.0,74899733.33333333,0.0,530.7409763745115,0.0,0.04801292172801481,4,251,0.0,16.6,75846263.57155755,1.0,654.15,1445.0192143110773,11210.616829227076,2545018854.431939,2337682512.3215704,367.17907150087717,1177262411.7259154,26045190.714152735,1151217221.0117626,0.3298761991405291,19.028107000741194,1697079982.1883836,42250826.94408862,0.6618736441436097
0.0,74899733.33333333,discharging,53641158.21651892,0.0,53641158.21651892,0.0,380.10229701345054,0.0,0.0,5,251,0.0,16.0,54319784.43845994,1.0,654.15,1445.0192142956241,11210.61682929943,2545018854.4483647,2318234489.884781,365.78675583626074,1175183955.0303547,25777286.698628873,1149406668.3317258,0.33140158340901693,26.49719295401069,1700635295.4263024,30309136.008618634,0.6640344123461485
0.0,74899733.33333333,shutdown,0.0,0.0,0.0,0.0,0.0,0.0,0.0,6,251,0.0,15.65,0.0,1.0,567.279923475184,1445.0192142005494,11210.616829647264,2545018854.52733,2259509896.4136057,362.89907080586624,1179588764.1450195,25103923.82686152,1154484840.318158,0.33816193330936084,,1702709228.1484218,0.0,0.6780281807561354
173182192.9314859,74899733.33333333,charging,74899733.33333333,98282459.59815256,0.0,696.4314323452685,0.0,0.0,0.0879702861909813,7,251,576.6274471299868,17.09,76806796.30952758,723.668744791018,665.8561178770457,1445.019214306153,11210.61682931734,2545018854.4524307,2338550629.67982,367.2412883666428,1177354827.1057336,27005723.452198934,1150349103.6535347,0.32953674344557854,18.780045337070824,1694176476.3774166,43327484.54476925,0.6620699172639486
195030921.46361834,74899733.33333333,charging,74899733.33333333,120131188.13028501,0.0,851.2519503580468,0.0,0.0,0.1954968483414714,8,251,670.7175598500062,19.13,77047060.06122929,814.9670571895866,665.8570316300251,1445.0192141584012,11210.616829414701,2545018854.4745336,2338767781.372666,367.2568522145011,1177377939.164857,27245987.204189286,1150131951.9606676,0.3294518613394159,18.71896313928253,1682088411.3684926,43227015.14923283,0.6666212648906906
223568542.92871165,74899733.33333333,charging,74899733.33333333,148668809.59537834,0.0,1053.4700946120965,0.0,0.0,0.32856675502931515,9,251,825.5429890788832,21.71,77360879.51245087,934.2159496732124,665.8582166012941,1445.0192143427014,11210.616829527782,2545018854.500205,2339051415.716215,367.27718157287325,1177408124.3552995,27559806.73818138,1149848317.6171181,0.3293410097949222,18.639752251446943,1666800564.445442,43103392.91196648,0.6724636858517861
197979071.82056493,74899733.33333333,charging,74899733.33333333,123079338.4872316,0.0,872.1426014900227,0.0,0.0,0.43873213627016017,10,251,814.0770392914216,23.83,77079479.96448828,827.2863622645073,665.8571544920494,1445.0192143427018,11210.61682961379,2545018854.51973,2338797082.8288975,367.25895235257866,1177381057.694715,27278407.190278158,1150102650.504437,0.32944040864865554,18.71075018898466,1654238457.6714623,42701139.49698032,0.6777510834348659
173230988.41138166,74899733.33333333,charging,74899733.33333333,98331255.07804833,0.0,696.7771980708591,0.0,0.0,0.5267460981317423,11,251,782.4674664324386,25.57,76807332.89842133,723.8726442976007,665.8561199241112,1445.0192142023236,11210.616829619055,2545018854.520926,2338551114.710868,367.24132312523466,1177354878.7469532,27006260.124487754,1150348618.6224656,0.3295365538456486,18.779908493779068,1643928049.281498,42349608.77923569,0.6821822095095529
161854306.69222564,74899733.33333333,charging,74899733.33333333,86954573.3588923,0.0,616.1618087388954,0.0,0.0,0.604577063446129,12,251,760.3295418261852,26.8,76682227.02657418,676.3334092282904,665.8556418772063,1445.0192141689292,11210.61682943263,2545018854.4786043,2338438043.996467,367.2332191802692,1177342843.5057206,26881154.16885482,1150461689.336866,0.3295807565722904,18.81186521223692,1636639657.1437643,42138952.85414834,0.6852968476518153
184935488.54124424,74899733.33333333,charging,74899733.33333333,110035755.20791091,0.0,779.715515077313,0.0,0.0,0.7030674442980002,13,251,830.3994623993301,27.83,76936043.68856436,772.7817196130688,665.8566101281277,1445.019214302466,11210.6168293204,2545018854.4531255,2338667443.942477,367.2496607179535,1177367260.2220721,27134970.831214048,1150232289.3908582,0.3294910806144444,18.747139397770407,1630536369.4186702,42159471.560027175,0.6876517901293132
195109106.70268795,74899733.33333333,charging,74899733.33333333,120209373.36935462,0.0,851.805972492374,0.0,0.0,0.8106639881917738,14,251,803.4015155192554,28.23,77047919.84026796,815.2937663786836,665.8570348896685,1445.0192143407842,11210.616829502596,2545018854.494488,2338768558.466499,367.2569079102235,1177378021.9335299,27246847.06669946,1150131174.8668303,0.3294515576055038,18.71874524163161,1628166160.593391,42174514.79273009,0.6885608378069118
212096025.67405203,74899733.33333333,charging,74899733.33333333,137196292.3407187,0.0,972.1756127998137,0.0,0.0,0.933465118229645,15,251,785.9376193245259,27.59,77234719.76667802,886.2762509043132,665.8577413805815,1445.0192143061436,11210.616829317223,2545018854.4524045,2338937390.4111376,367.2690087944891,1177395989.8315136,27433646.90931751,1149962342.9221961,0.32938557135999413,18.67151875787229,1631958494.7138379,42351037.89422434,0.6868278060454607
216002823.11980885,74899733.33333333,charging,74899733.33333333,74334324.83402973,0.0,526.7344806819924,0.0,66768764.952445805,1.000000000000002,16,251,735.3830427705267,26.69,76543446.03281833,623.5977367301881,665.8551097529261,1445.0192142042306,11210.616829644116,2545018854.526615,2338312614.3385124,367.2242295548988,1177329492.2529733,26742373.25815261,1150587118.9948206,0.3296297945532011,18.847437267847255,1637291464.5707157,42075306.459636375,0.685131526265042
146862756.94955164,74899733.33333333,charging,74899733.33333333,0.0,0.0,0.0,0.0,71963023.61621831,1.000000000000002,17,251,495.1872828916612,25.83,75726014.31185724,312.98019206835465,665.8509835386022,1445.0192142992978,11210.616829296234,2545018854.4476395,2337573834.5285244,367.17128309042863,1177250840.2600026,25924941.45519604,1151325898.8048065,0.3299187082547618,19.059605055196528,1642387413.545066,41723565.83811927,0.6836401596446368
41789045.12110693,74899733.33333333,direct_plus_discharge,74899733.33333333,0.0,33110688.2122264,0.0,234.62298473055185,0.0,0.9703634124550902,18,251,183.85719588221832,24.44,75776540.88766032,174.6220284944185,660.4420212594107,1445.0192143426905,11210.616829613748,2545018854.519721,2337619498.999383,367.17455562586593,1177255702.4473884,25975468.11343591,1151280234.3339524,0.32990084632786043,19.046357962344082,1650623889.2129114,41632225.29769056,0.6803226913834499
0.0,74899733.33333333,discharging,74899733.33333333,0.0,74899733.33333333,0.0,530.7409763745115,0.0,0.9033224470183098,19,251,0.0,22.77,75846263.57155493,1.0,654.1499999999971,1445.0192142005485,11210.616829647264,2545018854.52733,2337682512.406614,367.17907150069277,1177262411.723613,26045190.796895158,1151217220.9267178,0.3298761991161601,19.028106999761306,1660519511.0584524,41535438.353952505,0.6763690098983872
0.0,74899733.33333333,discharging,74899733.33333333,0.0,74899733.33333333,0.0,530.7409763745115,0.0,0.8362814815815294,20,251,0.0,21.19,75846263.57155755,1.0,654.15,1445.0192143005565,11210.616829295299,2545018854.4474273,2337682512.335378,367.17907150084716,1177262411.7128859,26045190.714930497,1151217220.9979553,0.32987619913657273,19.028107000582008,1669881835.918305,41718633.48724623,0.6725969299352785
0.0,74899733.33333333,discharging,74899733.33333333,0.0,74899733.33333333,0.0,530.7409763745115,0.0,0.769240516144749,21,251,0.0,19.96,75846263.57155755,1.0,654.15,1445.019214165245,11210.616829349654,2545018854.459767,2337682512.346379,367.1790715008233,1177262411.7007055,26045190.713751018,1151217220.9869545,0.3298761991334205,19.02810700045517,1677170228.0560384,41861247.420125574,0.6696894369942078
0.0,74899733.33333333,discharging,74899733.33333333,0.0,74899733.33333333,0.0,530.7409763745115,0.0,0.7021995507079686,22,251,0.0,18.87,75846263.57155755,1.0,654.15,1445.019214351319,11210.616829606599,2545018854.5180984,2337682512.398389,367.1790715007108,1177262411.732329,26045190.79738355,1151217220.9349453,0.32987619911851745,19.02810699985547,1683629047.1049242,41987628.87283977,0.6671338061117461
0.0,74899733.33333333,discharging,74899733.33333333,0.0,74899733.33333333,0.0,530.7409763745115,0.0,0.6351585852711882,23,251,0.0,18.07,75846263.57155755,1.0,654.15,1445.0192142992998,11210.616829296228,2545018854.4476385,2337682512.335566,367.1790715008467,1177262411.7126613,26045190.714894395,1151217220.997767,0.3298761991365187,19.02810700057983,1688369464.7554827,42080385.902354784,0.6652704905375485
0.0,74899733.33333333,discharging,74899733.33333333,0.0,74899733.33333333,0.0,530.7409763745115,0.0,0.5681176198344078,0,252,0.0,17.48,75846263.57155755,1.0,654.15,1445.0192141603136,11210.616829353841,2545018854.460717,2337682512.347228,367.17907150082146,1177262411.6998534,26045190.713748068,1151217220.9861054,0.3298761991331772,19.028107000445363,1691865522.7727692,42148794.21162211,0.6639029503448258
0.0,74899733.33333333,discharging,74899733.33333333,0.0,74899733.33333333,0.0,530.7409763745115,0.0,0.5010766543976274,1,252,0.0,17.19,75846263.57155755,1.0,654.15,1445.0192142091648,11210.61682972606,2545018854.5452175,2337682512.4225674,367.1790715006583,1177262411.7077527,26045190.796985995,1151217220.9107666,0.32987619911158916,19.02810699957669,1693583924.1710968,42182418.6348213,0.6632328283597143
0.0,74899733.33333333,discharging,74899733.33333333,0.0,74899733.33333333,0.0,530.7409763745115,0.0,0.434035688960847,2,252,0.0,16.76,75846263.57155755,1.0,654.15,1445.0192143358477,11210.616829506713,2545018854.4954224,2337682512.378169,367.1790715007545,1177262411.753127,26045190.797965277,1151217220.9551618,0.32987619912431043,19.028107000088593,1696131898.658272,42232275.538185626,0.6622416856279848
0.0,74899733.33333333,discharging,74899733.33333333,0.0,74899733.33333333,0.0,530.7409763745115,0.0,0.3669947235240666,3,252,0.0,16.15,75846263.57155755,1.0,654.15,1445.0192143463842,11210.616829610704,2545018854.51903,2337682512.3992195,367.179071500709,1177262411.7314754,26045190.797359623,1151217220.9341156,0.32987619911827976,19.028106999845907,1699746467.1168227,42303002.77319082,0.6608407171162591
0.0,74899733.33333333,discharging,74899733.33333333,0.0,74899733.33333333,0.0,530.7409763745115,0.0,0.2999537580872862,4,252,0.0,15.73,75846263.57155755,1.0,654.15,1445.0192143110712,11210.61682931305,2545018854.451457,2337682512.3389745,367.1790715008394,1177262411.7085626,26045190.71420226,1151217220.9943604,0.3298761991355426,19.0281070005405,1702235186.3833659,42351700.213686205,0.6598795564948308
0.0,74899733.33333333,discharging,74899733.33333333,0.0,74899733.33333333,0.0,530.7409763745115,0.0,0.23291279265050577,5,252,0.0,15.51,75846263.57155755,1.0,654.15,1445.0192141534824,11210.6168293329,2545018854.455963,2337682512.3429875,367.1790715008307,1177262411.704807,26045190.714461703,1151217220.9903452,0.3298761991343921,19.02810700049427,1703538801.2372692,42377208.396802835,0.6593772063706718
0.0,74899733.33333333,discharging,74899733.33333333,0.0,74899733.33333333,0.0,530.7409763745115,0.0,0.16587182721372537,6,252,0.0,15.44,75846263.57155755,1.0,654.15,1445.0192143073862,11210.616829316159,2545018854.4521627,2337682512.3396025,367.1790715008379,1177262411.7079268,26045190.714195665,1151217220.993731,0.32987619913536226,19.028107000533264,1703953587.7816935,42385324.6368854,0.6592175280566597
141055228.36875188,74899733.33333333,charging,74899733.33333333,66155495.035418555,0.0,468.779132648944,0.0,0.0,0.22508603344306566,7,252,480.3726998820647,17.49,76453505.95557074,589.421223579313,665.8547638694467,1445.0192143476258,11210.616829523591,2545018854.4992537,2338231327.145088,367.21840371417454,1177320839.3695476,26652433.181301553,1150668406.188246,0.3296615767048388,18.87055948080323,1691806267.5521374,43082194.10702503,0.6632520946550091
185542729.28212276,74899733.33333333,charging,74899733.33333333,110642995.94878943,0.0,784.0184348523934,0.0,0.0,0.32411994100336794,8,252,641.647214966732,20.0,76942721.32833542,775.319169551189,665.8566355157652,1445.0192141974037,11210.616829709323,2545018854.541418,2338673479.3104963,367.25009328378997,1177367902.577316,27141648.55447873,1150226254.0228374,0.329488721483567,18.74544229570472,1676933207.1735103,43067923.7303058,0.6687357545040817
202663624.8367113,74899733.33333333,charging,74899733.33333333,127763891.50337796,0.0,905.3374358508173,0.0,0.0,0.4384783539529449,9,252,756.4459456521347,22.28,77130994.55404644,846.8614960800421,665.8573495055688,1445.019214342699,11210.616829613817,2545018854.519737,2338843642.2682447,367.26228944844263,1177386012.8449323,27329921.779843543,1150056091.0650887,0.3294222109852385,18.697714172643174,1663423016.869419,42909235.587171264,0.6739930569848656
188044503.74682844,74899733.33333333,charging,74899733.33333333,113144770.41349511,0.0,801.7460576752612,0.0,0.0,0.5397515401856094,10,252,780.9675511042619,24.07,76970232.57311621,785.7732234927512,665.8567400641101,1445.0192141652365,11210.616829349592,2545018854.459753,2338698344.0733395,367.25187541885157,1177370548.975285,27169159.71529267,1150201389.2599924,0.32947900229220933,18.738453505410156,1652816332.3762946,42612853.35190574,0.6784131115248978
174292149.7967758,74899733.33333333,charging,74899733.33333333,99392416.46344246,0.0,704.2966084173357,0.0,0.0,0.6287153223014834,11,252,792.7732266987082,25.74,76819002.16399156,728.3068722906178,665.8561644348368,1445.0192142956123,11210.616829299333,2545018854.4483433,2338561661.3513875,367.2420790283378,1177356001.289266,27017929.307319637,1150338071.9819465,0.32953243100511403,18.776933034303394,1642920710.5307539,42336432.529326215,0.6825890498189311
139488106.17431659,74899733.33333333,charging,74899733.33333333,64588372.84098326,0.0,457.6744741066872,0.0,0.0,0.6865268348202229,12,252,672.7363655526445,26.86,76436272.79450864,582.8727596051341,665.8546975030539,1445.0192143061445,11210.616829231189,2545018854.4328732,2338215751.911591,367.21728744912764,1177319181.3588247,26635199.937081255,1150683981.4217434,0.3296676665866999,18.874996073768695,1636284125.8199723,41996857.878500834,0.685632496940977
178033406.65002018,74899733.33333333,charging,74899733.33333333,103133673.31668685,0.0,730.8072277051493,0.0,0.0,0.7788393267408733,13,252,809.8528167634385,27.48,76860143.61560032,743.9402962881951,665.8563212554449,1445.019214200555,11210.61682973335,2545018854.5468726,2338598845.19693,367.24474406717434,1177359958.977422,27059070.841019597,1150300888.1364024,0.3295178955364844,18.766449884201194,1632610302.1407895,42158265.391193554,0.6868416988691991
191896941.67553765,74899733.33333333,charging,74899733.33333333,116997208.34220432,0.0,829.0445082399093,0.0,0.0,0.8835607383080198,14,252,798.3869467075987,26.59,77012596.64883731,801.8712349168081,665.8569009106,1445.019214202322,11210.616829705074,2545018854.540454,2338736633.1071844,367.25461970850915,1177374624.1011164,27211523.874966964,1150163100.2261496,0.32946403611669495,18.727701353032263,1637884016.777036,42344853.94322888,0.6845276380313048
190727681.91798836,74899733.33333333,charging,74899733.33333333,115827948.58465503,0.0,820.7591107125866,0.0,0.0,0.9872355733453992,15,252,718.5692719462171,24.49,76999738.65869759,796.9853010528393,665.8568521104701,1445.0192143426918,11210.616829527715,2545018854.5001903,2338725011.9199343,367.2537867831412,1177373387.2978096,27198665.884406548,1150174721.413403,0.32946857849245215,18.730963506224896,1650327613.1097515,42580625.68909422,0.6794075987423136
206131933.90350842,74899733.33333333,charging,74899733.33333333,14260715.763173249,0.0,101.05171101560609,0.0,116971484.80700184,1.000000000000002,16,252,707.7537333566256,24.71,75882835.01957849,372.5708122208542,665.8525501855261,1445.0192143426962,11210.616829613766,2545018854.519725,2337715564.7042646,367.1814402160069,1177265930.8744292,26081762.24536139,1151184168.629068,0.32986327136183347,19.018547280743835,1649023998.255848,41937690.2084128,0.6807866650571951
174053050.53439677,74899733.33333333,charging,74899733.33333333,0.0,0.0,0.0,0.0,99153317.20106344,1.000000000000002,17,252,578.0495500609569,24.24,75726014.31185749,312.9801920683546,665.8509835386022,1445.0192143042366,11210.616829206088,2545018854.427175,2337573834.510276,367.17128309046825,1177250840.278211,25924941.455152344,1151325898.8230588,0.3299187082599921,19.0596050554073,1651808993.625551,41904393.629520975,0.6797643022052055
3994420.6016605683,74899733.33333333,direct_plus_discharge,74899733.33333333,0.0,70905312.73167276,0.0,502.43643381037526,0.0,0.936534345202902,18,252,73.25787535495473,23.33,75837219.01582731,16.69130811915909,654.6834468744037,1445.0192142091614,11210.616829726006,2545018854.5452056,2337674338.1992536,367.1784856907677,1177261541.3753219,26036146.24124391,1151225395.134078,0.3298793963400781,19.03047265416437,1657201218.7030613,41493569.72828711,0.6777117366664623
0.0,74899733.33333333,discharging,74899733.33333333,0.0,74899733.33333333,0.0,530.7409763745115,0.0,0.8694933797661216,19,252,0.0,22.93,75846263.57155593,1.0,654.1499999999975,1445.0192143463848,11210.616829610706,2545018854.5190306,2337682512.3992176,367.17907150070874,1177262411.7314749,26045190.797362052,1151217220.9341128,0.32987619911827903,19.028106999846276,1659571427.5283403,41516886.94805006,0.6767533532134499
0.0,74899733.33333333,discharging,74899733.33333333,0.0,74899733.33333333,0.0,530.7409763745115,0.0,0.8024524143293412,20,252,0.0,21.39,75846263.57155755,1.0,654.15,1445.019214295609,11210.616829213277,2545018854.428807,2337682512.318778,367.1790715008831,1177262411.729368,26045190.714811806,1151217221.0145562,0.3298761991413296,19.02810700077339,1668696731.5056653,41695444.22986748,0.6730720809801937
0.0,74899733.33333333,discharging,74899733.33333333,0.0,74899733.33333333,0.0,530.7409763745115,0.0,0.7354114488925608,21,252,0.0,20.47,75846263.57155755,1.0,654.15,1445.019214163999,11210.616829436802,2545018854.479551,2337682512.3640213,367.1790715007852,1177262411.6831434,26045190.71383089,1151217220.9693124,0.3298761991283652,19.028107000251715,1674148211.8038073,41802114.81380974,0.6708919268301466
0.0,74899733.33333333,discharging,74899733.33333333,0.0,74899733.33333333,0.0,530.7409763745115,0.0,0.6683704834557804,22,252,0.0,19.95,75846263.57155755,1.0,654.15,1445.019214346383,11210.616829524686,2545018854.499502,2337682512.3818126,367.1790715007468,1177262411.7488194,26045190.797296867,1151217220.9515226,0.3298761991232676,19.028107000046557,1677229483.2766702,41862406.8829945,0.6696659018294832
